Timestamp,Trigger,Sensores_OK,TP9,FP1,FP2,TP10
1790704494.873639,0,0,766.5608520507812,786.3005981445312,845.5198974609375,893.2243041992188
1790704494.8848548,0,0,681.0218505859375,794.5255126953125,830.715087890625,814.2652587890625
1790704494.8962743,0,0,759.9808959960938,819.2001953125,827.4251098632812,853.7448120117188
1790704494.9075162,0,0,759.9808959960938,819.2001953125,827.4251098632812,853.7448120117188
1790704494.9186873,0,0,759.9808959960938,819.2001953125,827.4251098632812,853.7448120117188
1790704494.9292543,0,0,759.9808959960938,819.2001953125,827.4251098632812,853.7448120117188
1790704494.940123,0,0,759.9808959960938,819.2001953125,827.4251098632812,853.7448120117188
1790704494.9507854,0,0,654.7021484375,791.2355346679688,830.715087890625,774.7857666015625
1790704494.9615686,0,0,654.7021484375,812.6203002929688,832.3600463867188,761.6259155273438
1790704494.9731386,0,0,799.46044921875,837.2949829101562,832.3600463867188,837.2949829101562
1790704494.9840553,0,0,720.5014038085938,827.4251098632812,837.2949829101562,771.4957885742188
1790704494.9947014,0,0,667.8619995117188,797.8154907226562,838.9400024414062,748.466064453125
1790704495.0057235,0,0,786.3005981445312,817.5552368164062,834.0050048828125,810.9752807617188
1790704495.0166347,0,0,786.3005981445312,817.5552368164062,834.0050048828125,810.9752807617188
1790704495.0273364,0,0,786.3005981445312,817.5552368164062,834.0050048828125,810.9752807617188
1790704495.0381587,0,0,786.3005981445312,817.5552368164062,834.0050048828125,810.9752807617188
1790704495.0492606,0,0,786.3005981445312,817.5552368164062,834.0050048828125,810.9752807617188
1790704495.0600677,0,0,786.3005981445312,817.5552368164062,834.0050048828125,810.9752807617188
1790704495.0708585,0,0,789.590576171875,825.7801513671875,830.715087890625,789.590576171875
1790704495.0817013,0,0,815.9102783203125,784.6556396484375,830.715087890625,819.2001953125
1790704495.0926454,0,0,855.3897705078125,809.330322265625,827.4251098632812,842.2299194335938
1790704495.1033413,0,0,868.5496215820312,835.6500244140625,819.2001953125,842.2299194335938
1790704495.1142564,0,0,829.070068359375,794.5255126953125,825.7801513671875,848.8098754882812
1790704495.1253815,0,1,908.0291748046875,815.9102783203125,825.7801513671875,891.579345703125
1790704495.13605,0,1,908.0291748046875,815.9102783203125,825.7801513671875,891.579345703125
1790704495.14667,0,1,908.0291748046875,815.9102783203125,825.7801513671875,891.579345703125
1790704495.157321,0,1,908.0291748046875,815.9102783203125,825.7801513671875,891.579345703125
1790704495.168236,0,1,908.0291748046875,815.9102783203125,825.7801513671875,891.579345703125
1790704495.1792061,0,1,908.0291748046875,815.9102783203125,825.7801513671875,891.579345703125
1790704495.1899374,0,1,802.7504272460938,792.8805541992188,824.1351318359375,842.2299194335938
1790704495.2005875,0,1,881.70947265625,827.4251098632812,822.4901733398438,865.2596435546875
1790704495.2112045,0,1,829.070068359375,801.1054077148438,819.2001953125,845.5198974609375
1790704495.2217355,0,1,783.0106201171875,802.7504272460938,822.4901733398438,822.4901733398438
1790704495.232559,0,1,802.7504272460938,776.4307250976562,807.6853637695312,830.715087890625
1790704495.2433941,0,1,908.0291748046875,815.9102783203125,801.1054077148438,884.9994506835938
1790704495.2540627,0,1,908.0291748046875,815.9102783203125,801.1054077148438,884.9994506835938
1790704495.2648077,0,1,908.0291748046875,815.9102783203125,801.1054077148438,884.9994506835938
1790704495.2758393,0,1,908.0291748046875,815.9102783203125,801.1054077148438,884.9994506835938
1790704495.2864606,0,1,908.0291748046875,815.9102783203125,801.1054077148438,884.9994506835938
1790704495.297235,0,1,908.0291748046875,815.9102783203125,801.1054077148438,884.9994506835938
1790704495.3079758,0,1,881.70947265625,824.1351318359375,806.0403442382812,865.2596435546875
1790704495.3187387,0,1,776.4307250976562,820.84521484375,802.7504272460938,797.8154907226562
1790704495.3296835,0,1,815.9102783203125,827.4251098632812,806.0403442382812,825.7801513671875
1790704495.340388,0,1,908.0291748046875,825.7801513671875,810.9752807617188,888.2893676757812
1790704495.3517566,0,1,829.070068359375,799.46044921875,810.9752807617188,845.5198974609375
1790704495.3628693,0,1,908.0291748046875,830.715087890625,807.6853637695312,884.9994506835938
1790704495.3737183,0,1,908.0291748046875,830.715087890625,807.6853637695312,884.9994506835938
1790704495.3843873,0,1,908.0291748046875,830.715087890625,807.6853637695312,884.9994506835938
1790704495.395585,0,1,908.0291748046875,830.715087890625,807.6853637695312,884.9994506835938
1790704495.4065208,0,1,908.0291748046875,830.715087890625,807.6853637695312,884.9994506835938
1790704495.417349,0,1,908.0291748046875,830.715087890625,807.6853637695312,884.9994506835938
1790704495.428643,0,1,881.70947265625,812.6203002929688,812.6203002929688,880.064453125
1790704495.4393451,0,1,763.2708740234375,787.945556640625,825.7801513671875,827.4251098632812
1790704495.4502075,0,1,881.70947265625,809.330322265625,822.4901733398438,903.09423828125
1790704495.4617481,0,1,881.70947265625,809.330322265625,822.4901733398438,903.09423828125
1790704495.4725966,0,1,881.70947265625,809.330322265625,822.4901733398438,903.09423828125
1790704495.48365,0,1,881.70947265625,809.330322265625,822.4901733398438,903.09423828125
1790704495.4944797,0,1,881.70947265625,809.330322265625,822.4901733398438,903.09423828125
1790704495.5058079,0,1,776.4307250976562,794.5255126953125,825.7801513671875,850.454833984375
1790704495.5165174,0,1,750.1110229492188,825.7801513671875,817.5552368164062,830.715087890625
1790704495.5277317,0,1,868.5496215820312,820.84521484375,824.1351318359375,898.1592407226562
1790704495.5388162,0,1,763.2708740234375,801.1054077148438,830.715087890625,838.9400024414062
1790704495.5498664,0,1,763.2708740234375,801.1054077148438,830.715087890625,838.9400024414062
1790704495.560652,0,1,763.2708740234375,801.1054077148438,830.715087890625,838.9400024414062
1790704495.5716171,0,1,763.2708740234375,801.1054077148438,830.715087890625,838.9400024414062
1790704495.582748,0,1,763.2708740234375,801.1054077148438,830.715087890625,838.9400024414062
1790704495.593775,0,1,789.590576171875,801.1054077148438,824.1351318359375,832.3600463867188
1790704495.6048586,0,1,736.951171875,784.6556396484375,827.4251098632812,799.46044921875
1790704495.615939,0,1,763.2708740234375,825.7801513671875,822.4901733398438,819.2001953125
1790704495.6266987,0,1,815.9102783203125,819.2001953125,822.4901733398438,842.2299194335938
1790704495.6376276,0,1,819.2001953125,812.6203002929688,824.1351318359375,827.4251098632812
1790704495.6486003,0,1,937.6387939453125,822.4901733398438,825.7801513671875,894.8693237304688
1790704495.6592171,0,1,937.6387939453125,822.4901733398438,825.7801513671875,894.8693237304688
1790704495.670065,0,1,937.6387939453125,822.4901733398438,825.7801513671875,894.8693237304688
1790704495.6808782,0,1,937.6387939453125,822.4901733398438,825.7801513671875,894.8693237304688
1790704495.6924188,0,1,937.6387939453125,822.4901733398438,825.7801513671875,894.8693237304688
1790704495.7034142,0,1,937.6387939453125,822.4901733398438,825.7801513671875,894.8693237304688
1790704495.714804,0,1,779.720703125,786.3005981445312,825.7801513671875,819.2001953125
1790704495.7258966,0,1,806.0403442382812,838.9400024414062,814.2652587890625,838.9400024414062
1790704495.7368252,0,1,871.839599609375,827.4251098632812,815.9102783203125,888.2893676757812
1790704495.7475915,0,1,832.3600463867188,819.2001953125,820.84521484375,865.2596435546875
1790704495.7588556,0,1,766.5608520507812,784.6556396484375,817.5552368164062,842.2299194335938
1790704495.7697194,0,1,766.5608520507812,784.6556396484375,817.5552368164062,842.2299194335938
1790704495.7805865,0,1,766.5608520507812,784.6556396484375,817.5552368164062,842.2299194335938
1790704495.7916574,0,1,766.5608520507812,784.6556396484375,817.5552368164062,842.2299194335938
1790704495.8024616,0,1,766.5608520507812,784.6556396484375,817.5552368164062,842.2299194335938
1790704495.813573,0,1,766.5608520507812,784.6556396484375,817.5552368164062,842.2299194335938
1790704495.8254197,0,1,779.720703125,797.8154907226562,820.84521484375,871.839599609375
1790704495.8362942,0,1,727.081298828125,769.850830078125,829.070068359375,868.5496215820312
1790704495.8470569,0,1,753.4010009765625,827.4251098632812,820.84521484375,881.70947265625
1790704495.8594053,0,1,753.4010009765625,806.0403442382812,824.1351318359375,894.8693237304688
1790704495.8710856,0,1,753.4010009765625,801.1054077148438,825.7801513671875,904.7391967773438
1790704495.8816288,0,1,648.1222534179688,838.9400024414062,817.5552368164062,829.070068359375
1790704495.892883,0,1,740.2411499023438,837.2949829101562,824.1351318359375,878.4194946289062
1790704495.903573,0,1,740.2411499023438,837.2949829101562,824.1351318359375,878.4194946289062
1790704495.9150527,0,1,621.8025512695312,787.945556640625,825.7801513671875,827.4251098632812
1790704495.926334,0,1,740.2411499023438,850.454833984375,819.2001953125,880.064453125
1790704495.9374917,0,1,740.2411499023438,850.454833984375,819.2001953125,880.064453125
1790704495.9486144,0,1,740.2411499023438,850.454833984375,819.2001953125,880.064453125
1790704495.9597774,0,1,740.2411499023438,850.454833984375,819.2001953125,880.064453125
1790704495.9710243,0,1,740.2411499023438,850.454833984375,819.2001953125,880.064453125
1790704495.982194,0,1,740.2411499023438,850.454833984375,819.2001953125,880.064453125
1790704495.99323,0,1,720.5014038085938,817.5552368164062,825.7801513671875,876.7745361328125
1790704496.0045545,0,1,661.2821044921875,801.1054077148438,829.070068359375,852.0997924804688
1790704496.0158207,0,1,628.3825073242188,814.2652587890625,825.7801513671875,829.070068359375
1790704496.0268383,0,1,707.341552734375,825.7801513671875,824.1351318359375,868.5496215820312
1790704496.0376987,0,1,707.341552734375,810.9752807617188,824.1351318359375,842.2299194335938
1790704496.0490506,0,1,707.341552734375,832.3600463867188,817.5552368164062,829.070068359375
1790704496.060024,0,1,707.341552734375,832.3600463867188,817.5552368164062,829.070068359375
1790704496.0712714,0,1,707.341552734375,832.3600463867188,817.5552368164062,829.070068359375
1790704496.082298,0,1,707.341552734375,832.3600463867188,817.5552368164062,829.070068359375
1790704496.0929344,0,1,707.341552734375,832.3600463867188,817.5552368164062,829.070068359375
1790704496.1037629,0,1,602.0628051757812,804.3953857421875,819.2001953125,779.720703125
1790704496.1147087,0,1,523.103759765625,799.46044921875,827.4251098632812,759.9808959960938
1790704496.1252284,0,1,549.4234619140625,827.4251098632812,819.2001953125,750.1110229492188
1790704496.1360183,0,1,628.3825073242188,824.1351318359375,820.84521484375,799.46044921875
1790704496.1466162,0,1,628.3825073242188,824.1351318359375,820.84521484375,799.46044921875
1790704496.1576877,0,1,628.3825073242188,824.1351318359375,820.84521484375,799.46044921875
1790704496.1689801,0,1,628.3825073242188,824.1351318359375,820.84521484375,799.46044921875
1790704496.1802292,0,1,628.3825073242188,824.1351318359375,820.84521484375,799.46044921875
1790704496.19227,0,1,628.3825073242188,824.1351318359375,820.84521484375,799.46044921875
1790704496.203439,0,1,470.4643859863281,792.8805541992188,822.4901733398438,727.081298828125
1790704496.2143528,0,1,496.7840576171875,786.3005981445312,825.7801513671875,753.4010009765625
1790704496.2252731,0,1,889.9343872070312,802.7504272460938,822.4901733398438,868.5496215820312
1790704496.2362626,0,1,889.9343872070312,802.7504272460938,822.4901733398438,868.5496215820312
1790704496.2469733,0,1,830.715087890625,799.46044921875,820.84521484375,845.5198974609375
1790704496.2578435,0,1,916.2540283203125,802.7504272460938,820.84521484375,901.44921875
1790704496.2690735,0,1,916.2540283203125,802.7504272460938,820.84521484375,901.44921875
1790704496.2801733,0,1,916.2540283203125,802.7504272460938,820.84521484375,901.44921875
1790704496.2908206,0,1,916.2540283203125,802.7504272460938,820.84521484375,901.44921875
1790704496.3013666,0,1,916.2540283203125,802.7504272460938,820.84521484375,901.44921875
1790704496.3120174,0,1,804.3953857421875,794.5255126953125,822.4901733398438,835.6500244140625
1790704496.3228939,0,1,857.0347290039062,820.84521484375,812.6203002929688,871.839599609375
1790704496.3334353,0,1,830.715087890625,807.6853637695312,812.6203002929688,884.9994506835938
1790704496.3441303,0,1,830.715087890625,807.6853637695312,812.6203002929688,884.9994506835938
1790704496.355093,0,1,830.715087890625,807.6853637695312,812.6203002929688,884.9994506835938
1790704496.3658555,0,1,830.715087890625,807.6853637695312,812.6203002929688,884.9994506835938
1790704496.3766615,0,1,830.715087890625,807.6853637695312,812.6203002929688,884.9994506835938
1790704496.387498,0,1,830.715087890625,807.6853637695312,812.6203002929688,884.9994506835938
1790704496.4000707,0,1,699.1166381835938,812.6203002929688,814.2652587890625,799.46044921875
1790704496.4117208,0,1,804.3953857421875,830.715087890625,819.2001953125,865.2596435546875
1790704496.4228442,0,1,804.3953857421875,820.84521484375,817.5552368164062,878.4194946289062
1790704496.4339657,0,1,804.3953857421875,820.84521484375,817.5552368164062,878.4194946289062
1790704496.444781,0,1,804.3953857421875,820.84521484375,817.5552368164062,878.4194946289062
1790704496.4560313,0,1,804.3953857421875,820.84521484375,817.5552368164062,878.4194946289062
1790704496.466764,0,1,804.3953857421875,820.84521484375,817.5552368164062,878.4194946289062
1790704496.4776702,0,1,804.3953857421875,820.84521484375,817.5552368164062,878.4194946289062
1790704496.4886,0,1,778.07568359375,819.2001953125,819.2001953125,865.2596435546875
1790704496.500375,0,1,751.7560424804688,814.2652587890625,819.2001953125,878.4194946289062
1790704496.5114124,0,1,672.7969360351562,766.5608520507812,824.1351318359375,806.0403442382812
1790704496.5221238,0,1,751.7560424804688,802.7504272460938,820.84521484375,842.2299194335938
1790704496.5335085,0,1,672.7969360351562,812.6203002929688,820.84521484375,829.070068359375
1790704496.5450108,0,1,751.7560424804688,829.070068359375,817.5552368164062,878.4194946289062
1790704496.5564246,0,1,751.7560424804688,829.070068359375,817.5552368164062,878.4194946289062
1790704496.5671155,0,1,751.7560424804688,829.070068359375,817.5552368164062,878.4194946289062
1790704496.5780432,0,1,751.7560424804688,829.070068359375,817.5552368164062,878.4194946289062
1790704496.5889874,0,1,751.7560424804688,829.070068359375,817.5552368164062,878.4194946289062
1790704496.6003716,0,1,646.477294921875,791.2355346679688,817.5552368164062,806.0403442382812
1790704496.6111872,0,1,672.7969360351562,789.590576171875,840.5849609375,820.84521484375
1790704496.6218464,0,1,646.477294921875,759.9808959960938,845.5198974609375,810.9752807617188
1790704496.6329312,0,1,699.1166381835938,792.8805541992188,835.6500244140625,873.4845581054688
1790704496.6435182,0,1,646.477294921875,774.7857666015625,835.6500244140625,847.1648559570312
1790704496.6540174,0,1,620.1575927734375,804.3953857421875,834.0050048828125,804.3953857421875
1790704496.6649098,0,1,646.477294921875,783.0106201171875,837.2949829101562,820.84521484375
1790704496.6756709,0,1,738.59619140625,815.9102783203125,830.715087890625,881.70947265625
1790704496.6862228,0,1,738.59619140625,815.9102783203125,830.715087890625,881.70947265625
1790704496.6971035,0,1,738.59619140625,815.9102783203125,830.715087890625,881.70947265625
1790704496.707606,0,1,738.59619140625,815.9102783203125,830.715087890625,881.70947265625
1790704496.7181153,0,1,738.59619140625,815.9102783203125,830.715087890625,881.70947265625
1790704496.7286618,0,1,659.6371459960938,799.46044921875,832.3600463867188,840.5849609375
1790704496.7395172,0,1,593.837890625,771.4957885742188,834.0050048828125,815.9102783203125
1790704496.7504396,0,1,593.837890625,771.4957885742188,834.0050048828125,815.9102783203125
1790704496.7610555,0,1,580.6780395507812,802.7504272460938,827.4251098632812,814.2652587890625
1790704496.7718499,0,1,873.4845581054688,812.6203002929688,827.4251098632812,866.9046630859375
1790704496.7832534,0,1,794.5255126953125,796.1704711914062,834.0050048828125,820.84521484375
1790704496.7945757,0,1,899.8042602539062,829.070068359375,830.715087890625,893.2243041992188
1790704496.8055582,0,1,899.8042602539062,829.070068359375,830.715087890625,893.2243041992188
1790704496.8165529,0,1,899.8042602539062,829.070068359375,830.715087890625,893.2243041992188
1790704496.827345,0,1,899.8042602539062,829.070068359375,830.715087890625,893.2243041992188
1790704496.8385463,0,1,820.84521484375,814.2652587890625,829.070068359375,824.1351318359375
1790704496.8497496,0,1,820.84521484375,825.7801513671875,830.715087890625,843.8749389648438
1790704496.860209,0,1,768.205810546875,814.2652587890625,822.4901733398438,837.2949829101562
1790704496.8708405,0,1,741.8861083984375,809.330322265625,825.7801513671875,810.9752807617188
1790704496.8813894,0,1,820.84521484375,832.3600463867188,827.4251098632812,896.5142822265625
1790704496.8919787,0,1,820.84521484375,812.6203002929688,830.715087890625,903.09423828125
1790704496.9025693,0,1,820.84521484375,812.6203002929688,830.715087890625,903.09423828125
1790704496.9131505,0,1,820.84521484375,812.6203002929688,830.715087890625,903.09423828125
1790704496.9236314,0,1,820.84521484375,812.6203002929688,830.715087890625,903.09423828125
1790704496.934409,0,1,820.84521484375,812.6203002929688,830.715087890625,903.09423828125
1790704496.9452207,0,1,676.0869140625,814.2652587890625,822.4901733398438,832.3600463867188
1790704496.9562297,0,1,741.8861083984375,829.070068359375,820.84521484375,893.2243041992188
1790704496.9666893,0,1,741.8861083984375,796.1704711914062,829.070068359375,908.0291748046875
1790704496.9773927,0,1,715.5664672851562,819.2001953125,822.4901733398438,894.8693237304688
1790704496.988269,0,1,715.5664672851562,819.2001953125,822.4901733398438,894.8693237304688
1790704496.9989762,0,1,715.5664672851562,819.2001953125,822.4901733398438,894.8693237304688
1790704497.0096085,0,1,715.5664672851562,819.2001953125,822.4901733398438,894.8693237304688
1790704497.020688,0,1,715.5664672851562,819.2001953125,822.4901733398438,894.8693237304688
1790704497.0316205,0,1,715.5664672851562,819.2001953125,822.4901733398438,894.8693237304688
1790704497.042589,0,1,676.0869140625,783.0106201171875,827.4251098632812,894.8693237304688
1790704497.0530941,0,1,557.6483154296875,794.5255126953125,812.6203002929688,824.1351318359375
1790704497.0642264,0,1,570.8081665039062,820.84521484375,810.9752807617188,840.5849609375
1790704497.075095,0,1,570.8081665039062,837.2949829101562,814.2652587890625,840.5849609375
1790704497.0861802,0,1,597.1278686523438,829.070068359375,817.5552368164062,873.4845581054688
1790704497.0972614,0,0,597.1278686523438,829.070068359375,817.5552368164062,873.4845581054688
1790704497.108593,0,0,597.1278686523438,829.070068359375,817.5552368164062,873.4845581054688
1790704497.119511,0,0,597.1278686523438,829.070068359375,817.5552368164062,873.4845581054688
1790704497.130059,0,0,597.1278686523438,829.070068359375,817.5552368164062,873.4845581054688
1790704497.1411152,0,0,597.1278686523438,829.070068359375,817.5552368164062,873.4845581054688
1790704497.151892,0,0,465.5294494628906,794.5255126953125,822.4901733398438,827.4251098632812
1790704497.163026,0,0,465.5294494628906,814.2652587890625,814.2652587890625,815.9102783203125
1790704497.1744227,0,0,577.3881225585938,829.070068359375,797.8154907226562,858.6797485351562
1790704497.1852002,0,0,577.3881225585938,829.070068359375,797.8154907226562,858.6797485351562
1790704497.196431,0,0,577.3881225585938,829.070068359375,797.8154907226562,858.6797485351562
1790704497.2077556,0,0,577.3881225585938,829.070068359375,797.8154907226562,858.6797485351562
1790704497.2190795,0,0,577.3881225585938,829.070068359375,797.8154907226562,858.6797485351562
1790704497.2301254,0,0,577.3881225585938,829.070068359375,797.8154907226562,858.6797485351562
1790704497.2409525,0,0,498.4290466308594,814.2652587890625,797.8154907226562,814.2652587890625
1790704497.251575,0,0,485.2691955566406,799.46044921875,796.1704711914062,809.330322265625
1790704497.2624516,0,0,557.6483154296875,840.5849609375,804.3953857421875,848.8098754882812
1790704497.2733438,0,0,478.68927001953125,776.4307250976562,810.9752807617188,809.330322265625
1790704497.2842543,0,0,478.68927001953125,815.9102783203125,809.330322265625,809.330322265625
1790704497.2957006,0,0,557.6483154296875,819.2001953125,810.9752807617188,861.9697265625
1790704497.306752,0,0,557.6483154296875,819.2001953125,810.9752807617188,861.9697265625
1790704497.317453,0,0,557.6483154296875,819.2001953125,810.9752807617188,861.9697265625
1790704497.3282585,0,0,557.6483154296875,819.2001953125,810.9752807617188,861.9697265625
1790704497.3388622,0,0,557.6483154296875,819.2001953125,810.9752807617188,861.9697265625
1790704497.3497887,0,0,557.6483154296875,819.2001953125,810.9752807617188,861.9697265625
1790704497.3607178,0,0,809.330322265625,784.6556396484375,824.1351318359375,809.330322265625
1790704497.371414,0,0,914.6090698242188,824.1351318359375,820.84521484375,883.3544311523438
1790704497.3820283,0,0,914.6090698242188,824.1351318359375,820.84521484375,883.3544311523438
1790704497.3931422,0,0,914.6090698242188,824.1351318359375,820.84521484375,883.3544311523438
1790704497.4036388,0,0,914.6090698242188,824.1351318359375,820.84521484375,883.3544311523438
1790704497.4148185,0,0,914.6090698242188,824.1351318359375,820.84521484375,883.3544311523438
1790704497.42566,0,0,861.9697265625,804.3953857421875,824.1351318359375,845.5198974609375
1790704497.4362578,0,0,888.2893676757812,819.2001953125,819.2001953125,866.9046630859375
1790704497.4473364,0,0,769.850830078125,796.1704711914062,827.4251098632812,812.6203002929688
1790704497.4582992,0,0,783.0106201171875,815.9102783203125,820.84521484375,829.070068359375
1790704497.4688559,0,0,848.8098754882812,799.46044921875,832.3600463867188,875.1295166015625
1790704497.4800444,0,0,783.0106201171875,802.7504272460938,827.4251098632812,829.070068359375
1790704497.4914572,0,0,809.330322265625,774.7857666015625,834.0050048828125,848.8098754882812
1790704497.502003,0,0,888.2893676757812,794.5255126953125,830.715087890625,888.2893676757812
1790704497.5128942,0,0,888.2893676757812,794.5255126953125,830.715087890625,888.2893676757812
1790704497.523386,0,0,888.2893676757812,794.5255126953125,830.715087890625,888.2893676757812
1790704497.5341403,0,0,888.2893676757812,794.5255126953125,830.715087890625,888.2893676757812
1790704497.5446925,0,0,888.2893676757812,794.5255126953125,830.715087890625,888.2893676757812
1790704497.5551944,0,0,888.2893676757812,794.5255126953125,830.715087890625,888.2893676757812
1790704497.5658114,0,0,888.2893676757812,794.5255126953125,830.715087890625,888.2893676757812
1790704497.576851,0,0,835.6500244140625,804.3953857421875,825.7801513671875,829.070068359375
1790704497.587327,0,0,783.0106201171875,812.6203002929688,827.4251098632812,809.330322265625
1790704497.5981772,0,0,756.6909790039062,812.6203002929688,825.7801513671875,815.9102783203125
1790704497.6091146,0,0,756.6909790039062,804.3953857421875,827.4251098632812,802.7504272460938
1790704497.6197138,0,0,783.0106201171875,797.8154907226562,827.4251098632812,832.3600463867188
1790704497.6303716,0,0,848.8098754882812,827.4251098632812,820.84521484375,865.2596435546875
1790704497.6411564,0,0,848.8098754882812,827.4251098632812,820.84521484375,865.2596435546875
1790704497.6523721,0,0,848.8098754882812,827.4251098632812,820.84521484375,865.2596435546875
1790704497.6630175,0,0,848.8098754882812,827.4251098632812,820.84521484375,865.2596435546875
1790704497.673781,0,0,848.8098754882812,827.4251098632812,820.84521484375,865.2596435546875
1790704497.6846328,0,0,848.8098754882812,827.4251098632812,820.84521484375,865.2596435546875
1790704497.6951914,0,0,743.5311279296875,797.8154907226562,830.715087890625,814.2652587890625
1790704497.706024,0,0,743.5311279296875,789.590576171875,824.1351318359375,796.1704711914062
1790704497.7165263,0,0,861.9697265625,804.3953857421875,822.4901733398438,866.9046630859375
1790704497.7273414,0,0,861.9697265625,804.3953857421875,822.4901733398438,866.9046630859375
1790704497.7382493,0,0,861.9697265625,804.3953857421875,822.4901733398438,866.9046630859375
1790704497.748866,0,0,861.9697265625,804.3953857421875,822.4901733398438,866.9046630859375
1790704497.7594514,0,0,861.9697265625,804.3953857421875,822.4901733398438,866.9046630859375
1790704497.770001,0,0,861.9697265625,804.3953857421875,822.4901733398438,866.9046630859375
1790704497.781204,0,0,756.6909790039062,812.6203002929688,822.4901733398438,801.1054077148438
1790704497.7928908,0,0,783.0106201171875,802.7504272460938,825.7801513671875,870.194580078125
1790704497.8035545,0,0,756.6909790039062,815.9102783203125,822.4901733398438,857.0347290039062
1790704497.8147082,0,0,677.7318725585938,799.46044921875,829.070068359375,797.8154907226562
1790704497.8256118,0,0,671.1519775390625,778.07568359375,827.4251098632812,806.0403442382812
1790704497.8361833,0,0,776.4307250976562,822.4901733398438,822.4901733398438,861.9697265625
1790704497.847026,0,0,776.4307250976562,822.4901733398438,822.4901733398438,861.9697265625
1790704497.8576467,0,0,776.4307250976562,822.4901733398438,822.4901733398438,861.9697265625
1790704497.868532,0,0,776.4307250976562,822.4901733398438,822.4901733398438,861.9697265625
1790704497.8794477,0,0,776.4307250976562,822.4901733398438,822.4901733398438,861.9697265625
1790704497.8902683,0,0,776.4307250976562,822.4901733398438,822.4901733398438,861.9697265625
1790704497.90108,0,0,717.21142578125,817.5552368164062,824.1351318359375,842.2299194335938
1790704497.911681,0,0,625.092529296875,802.7504272460938,820.84521484375,791.2355346679688
1790704497.9223099,0,0,743.5311279296875,847.1648559570312,815.9102783203125,845.5198974609375
1790704497.9331024,0,0,743.5311279296875,847.1648559570312,815.9102783203125,845.5198974609375
1790704497.9442098,0,0,743.5311279296875,847.1648559570312,815.9102783203125,845.5198974609375
1790704497.9551232,0,0,743.5311279296875,847.1648559570312,815.9102783203125,845.5198974609375
1790704497.965798,0,0,743.5311279296875,847.1648559570312,815.9102783203125,845.5198974609375
1790704497.9767427,0,0,743.5311279296875,847.1648559570312,815.9102783203125,845.5198974609375
1790704497.9875946,0,0,855.3897705078125,797.8154907226562,822.4901733398438,852.0997924804688
1790704497.998241,0,0,855.3897705078125,809.330322265625,822.4901733398438,842.2299194335938
1790704498.0091214,0,0,855.3897705078125,809.330322265625,822.4901733398438,842.2299194335938
1790704498.0201058,0,0,855.3897705078125,809.330322265625,822.4901733398438,842.2299194335938
1790704498.0306504,0,0,855.3897705078125,809.330322265625,822.4901733398438,842.2299194335938
1790704498.0416534,0,0,855.3897705078125,809.330322265625,822.4901733398438,842.2299194335938
1790704498.0521715,0,0,855.3897705078125,809.330322265625,822.4901733398438,842.2299194335938
1790704498.0627453,0,0,829.070068359375,784.6556396484375,827.4251098632812,825.7801513671875
1790704498.0731785,0,0,829.070068359375,804.3953857421875,820.84521484375,817.5552368164062
1790704498.0836706,0,0,921.18896484375,814.2652587890625,820.84521484375,873.4845581054688
1790704498.0943248,0,0,921.18896484375,809.330322265625,824.1351318359375,884.9994506835938
1790704498.10522,0,0,789.590576171875,806.0403442382812,824.1351318359375,822.4901733398438
1790704498.1160097,0,0,894.8693237304688,819.2001953125,822.4901733398438,881.70947265625
1790704498.1268783,0,0,894.8693237304688,819.2001953125,822.4901733398438,881.70947265625
1790704498.1374664,0,0,894.8693237304688,819.2001953125,822.4901733398438,881.70947265625
1790704498.1480076,0,0,894.8693237304688,819.2001953125,822.4901733398438,881.70947265625
1790704498.1587334,0,0,894.8693237304688,819.2001953125,822.4901733398438,881.70947265625
1790704498.1695044,0,0,868.5496215820312,796.1704711914062,824.1351318359375,868.5496215820312
1790704498.1800115,0,0,894.8693237304688,827.4251098632812,824.1351318359375,884.9994506835938
1790704498.1907392,0,0,789.590576171875,817.5552368164062,825.7801513671875,842.2299194335938
1790704498.201442,0,0,684.3118286132812,789.590576171875,829.070068359375,815.9102783203125
1790704498.2120078,0,0,684.3118286132812,797.8154907226562,825.7801513671875,848.8098754882812
1790704498.2226388,0,0,763.2708740234375,809.330322265625,820.84521484375,894.8693237304688
1790704498.2331367,0,0,763.2708740234375,809.330322265625,820.84521484375,894.8693237304688
1790704498.2436578,0,0,763.2708740234375,809.330322265625,820.84521484375,894.8693237304688
1790704498.2546716,0,0,763.2708740234375,809.330322265625,820.84521484375,894.8693237304688
1790704498.2655551,0,0,763.2708740234375,809.330322265625,820.84521484375,894.8693237304688
1790704498.2766657,0,0,736.951171875,815.9102783203125,825.7801513671875,868.5496215820312
1790704498.287383,0,0,631.6724243164062,804.3953857421875,825.7801513671875,815.9102783203125
1790704498.2980776,0,0,750.1110229492188,791.2355346679688,825.7801513671875,908.0291748046875
1790704498.3091261,0,0,750.1110229492188,791.2355346679688,825.7801513671875,908.0291748046875
1790704498.319815,0,0,750.1110229492188,791.2355346679688,825.7801513671875,908.0291748046875
1790704498.330795,0,0,750.1110229492188,791.2355346679688,825.7801513671875,908.0291748046875
1790704498.3417642,0,0,750.1110229492188,791.2355346679688,825.7801513671875,908.0291748046875
1790704498.352839,0,0,750.1110229492188,791.2355346679688,825.7801513671875,908.0291748046875
1790704498.3638752,0,0,684.3118286132812,829.070068359375,824.1351318359375,852.0997924804688
1790704498.3744736,0,0,657.9921264648438,792.8805541992188,834.0050048828125,835.6500244140625
1790704498.384945,0,0,750.1110229492188,824.1351318359375,830.715087890625,891.579345703125
1790704498.3956416,0,0,671.1519775390625,776.4307250976562,834.0050048828125,852.0997924804688
1790704498.40661,0,0,592.1929321289062,784.6556396484375,834.0050048828125,825.7801513671875
1790704498.4172492,0,0,671.1519775390625,802.7504272460938,834.0050048828125,891.579345703125
1790704498.4279165,0,0,671.1519775390625,802.7504272460938,834.0050048828125,891.579345703125
1790704498.438398,0,0,671.1519775390625,802.7504272460938,834.0050048828125,891.579345703125
1790704498.4495795,0,0,671.1519775390625,802.7504272460938,834.0050048828125,891.579345703125
1790704498.4603944,0,0,671.1519775390625,802.7504272460938,834.0050048828125,891.579345703125
1790704498.4713814,0,0,671.1519775390625,802.7504272460938,834.0050048828125,891.579345703125
1790704498.482441,0,0,592.1929321289062,817.5552368164062,827.4251098632812,871.839599609375
1790704498.493385,0,0,539.5535278320312,822.4901733398438,830.715087890625,832.3600463867188
1790704498.5040545,0,0,500.07403564453125,809.330322265625,832.3600463867188,806.0403442382812
1790704498.5146651,0,0,565.8732299804688,807.6853637695312,832.3600463867188,861.9697265625
1790704498.5256035,0,0,565.8732299804688,807.6853637695312,832.3600463867188,861.9697265625
1790704498.5364933,0,0,565.8732299804688,807.6853637695312,832.3600463867188,861.9697265625
1790704498.547346,0,0,565.8732299804688,807.6853637695312,832.3600463867188,861.9697265625
1790704498.5588193,0,0,565.8732299804688,807.6853637695312,832.3600463867188,861.9697265625
1790704498.5692406,0,0,539.5535278320312,820.84521484375,829.070068359375,858.6797485351562
1790704498.5798056,0,0,806.0403442382812,806.0403442382812,835.6500244140625,825.7801513671875
1790704498.590849,0,0,832.3600463867188,810.9752807617188,825.7801513671875,834.0050048828125
1790704498.6014738,0,0,858.6797485351562,838.9400024414062,825.7801513671875,857.0347290039062
1790704498.6124604,0,0,819.2001953125,784.6556396484375,830.715087890625,850.454833984375
1790704498.622925,0,0,898.1592407226562,799.46044921875,834.0050048828125,896.5142822265625
1790704498.633467,0,0,898.1592407226562,799.46044921875,834.0050048828125,896.5142822265625
1790704498.6441247,0,0,898.1592407226562,799.46044921875,834.0050048828125,896.5142822265625
1790704498.6550198,0,0,898.1592407226562,799.46044921875,834.0050048828125,896.5142822265625
1790704498.6657586,0,0,898.1592407226562,799.46044921875,834.0050048828125,896.5142822265625
1790704498.676525,0,0,871.839599609375,819.2001953125,829.070068359375,870.194580078125
1790704498.6870468,0,0,792.8805541992188,796.1704711914062,834.0050048828125,843.8749389648438
1790704498.6977496,0,0,792.8805541992188,802.7504272460938,830.715087890625,817.5552368164062
1790704498.7086678,0,0,806.0403442382812,814.2652587890625,832.3600463867188,837.2949829101562
1790704498.7192023,0,0,845.5198974609375,809.330322265625,842.2299194335938,883.3544311523438
1790704498.729868,0,0,845.5198974609375,809.330322265625,842.2299194335938,883.3544311523438
1790704498.7407312,0,0,845.5198974609375,809.330322265625,842.2299194335938,883.3544311523438
1790704498.7517762,0,0,845.5198974609375,809.330322265625,842.2299194335938,883.3544311523438
1790704498.7624419,0,0,845.5198974609375,809.330322265625,842.2299194335938,883.3544311523438
1790704498.7729654,0,0,845.5198974609375,809.330322265625,842.2299194335938,883.3544311523438
1790704498.7834632,0,0,740.2411499023438,791.2355346679688,840.5849609375,797.8154907226562
1790704498.7940247,0,0,819.2001953125,807.6853637695312,835.6500244140625,843.8749389648438
1790704498.8048854,0,0,871.839599609375,842.2299194335938,830.715087890625,850.454833984375
1790704498.815694,0,0,792.8805541992188,827.4251098632812,835.6500244140625,797.8154907226562
1790704498.82662,0,0,740.2411499023438,810.9752807617188,827.4251098632812,774.7857666015625
1790704498.8374028,0,0,792.8805541992188,814.2652587890625,830.715087890625,860.32470703125
1790704498.848339,0,0,753.4010009765625,824.1351318359375,827.4251098632812,824.1351318359375
1790704498.8587997,0,0,687.601806640625,794.5255126953125,829.070068359375,778.07568359375
1790704498.8697815,0,0,681.0218505859375,786.3005981445312,829.070068359375,781.3656616210938
1790704498.8812616,0,0,786.3005981445312,804.3953857421875,824.1351318359375,847.1648559570312
1790704498.8921928,0,0,786.3005981445312,804.3953857421875,824.1351318359375,847.1648559570312
1790704498.9032342,0,0,786.3005981445312,804.3953857421875,824.1351318359375,847.1648559570312
1790704498.9139063,0,0,786.3005981445312,804.3953857421875,824.1351318359375,847.1648559570312
1790704498.9249887,0,0,786.3005981445312,804.3953857421875,824.1351318359375,847.1648559570312
1790704498.9355836,0,0,786.3005981445312,804.3953857421875,824.1351318359375,847.1648559570312
1790704498.9469843,0,0,786.3005981445312,804.3953857421875,824.1351318359375,847.1648559570312
1790704498.9577017,0,0,786.3005981445312,804.3953857421875,824.1351318359375,847.1648559570312
1790704498.9687963,0,0,786.3005981445312,804.3953857421875,824.1351318359375,847.1648559570312
1790704498.9794617,0,0,786.3005981445312,804.3953857421875,824.1351318359375,847.1648559570312
1790704498.990586,0,0,786.3005981445312,804.3953857421875,824.1351318359375,847.1648559570312
1790704499.0014997,0,0,786.3005981445312,804.3953857421875,824.1351318359375,847.1648559570312
1790704499.012078,0,0,786.3005981445312,804.3953857421875,824.1351318359375,847.1648559570312
1790704499.0227554,0,0,786.3005981445312,804.3953857421875,824.1351318359375,847.1648559570312
1790704499.0335844,0,0,786.3005981445312,804.3953857421875,824.1351318359375,847.1648559570312
1790704499.044079,0,0,786.3005981445312,804.3953857421875,824.1351318359375,847.1648559570312
1790704499.0548515,0,0,786.3005981445312,804.3953857421875,824.1351318359375,847.1648559570312
1790704499.0657287,0,0,786.3005981445312,804.3953857421875,824.1351318359375,847.1648559570312
1790704499.0762746,0,0,786.3005981445312,804.3953857421875,824.1351318359375,847.1648559570312
1790704499.086949,0,0,786.3005981445312,804.3953857421875,824.1351318359375,847.1648559570312
1790704499.0979824,0,0,674.4419555664062,810.9752807617188,817.5552368164062,768.205810546875
1790704499.1092753,0,0,740.2411499023438,830.715087890625,819.2001953125,822.4901733398438
1790704499.1198516,0,0,740.2411499023438,830.715087890625,819.2001953125,822.4901733398438
1790704499.1303642,0,0,661.2821044921875,801.1054077148438,824.1351318359375,769.850830078125
1790704499.1414802,0,0,740.2411499023438,837.2949829101562,819.2001953125,822.4901733398438
1790704499.152514,0,0,740.2411499023438,837.2949829101562,819.2001953125,822.4901733398438
1790704499.163093,0,0,908.0291748046875,809.330322265625,825.7801513671875,893.2243041992188
1790704499.174166,0,0,868.5496215820312,809.330322265625,829.070068359375,873.4845581054688
1790704499.1851833,0,0,894.8693237304688,838.9400024414062,827.4251098632812,880.064453125
1790704499.1963542,0,0,815.9102783203125,822.4901733398438,829.070068359375,830.715087890625
1790704499.2077653,0,0,894.8693237304688,778.07568359375,832.3600463867188,899.8042602539062
1790704499.2181702,0,0,894.8693237304688,778.07568359375,832.3600463867188,899.8042602539062
1790704499.228731,0,0,894.8693237304688,778.07568359375,832.3600463867188,899.8042602539062
1790704499.239681,0,0,894.8693237304688,778.07568359375,832.3600463867188,899.8042602539062
1790704499.2503223,0,0,894.8693237304688,778.07568359375,832.3600463867188,899.8042602539062
1790704499.260917,0,0,894.8693237304688,778.07568359375,832.3600463867188,899.8042602539062
1790704499.2715678,0,0,868.5496215820312,812.6203002929688,829.070068359375,883.3544311523438
1790704499.2827349,0,0,763.2708740234375,804.3953857421875,824.1351318359375,810.9752807617188
1790704499.2935014,0,0,789.590576171875,807.6853637695312,824.1351318359375,834.0050048828125
1790704499.304671,0,0,723.7913208007812,797.8154907226562,827.4251098632812,814.2652587890625
1790704499.3152926,0,0,802.7504272460938,801.1054077148438,820.84521484375,866.9046630859375
1790704499.326123,0,1,802.7504272460938,801.1054077148438,820.84521484375,866.9046630859375
1790704499.3370826,0,1,802.7504272460938,801.1054077148438,820.84521484375,866.9046630859375
1790704499.3479533,0,1,802.7504272460938,801.1054077148438,820.84521484375,866.9046630859375
1790704499.3585627,0,1,802.7504272460938,801.1054077148438,820.84521484375,866.9046630859375
1790704499.3692958,0,1,802.7504272460938,801.1054077148438,820.84521484375,866.9046630859375
1790704499.380127,0,1,750.1110229492188,817.5552368164062,822.4901733398438,845.5198974609375
1790704499.3910582,0,1,644.832275390625,802.7504272460938,824.1351318359375,804.3953857421875
1790704499.402059,0,1,750.1110229492188,824.1351318359375,820.84521484375,865.2596435546875
1790704499.4126139,0,1,750.1110229492188,824.1351318359375,820.84521484375,865.2596435546875
1790704499.4235365,0,1,750.1110229492188,824.1351318359375,820.84521484375,865.2596435546875
1790704499.4340823,0,1,750.1110229492188,824.1351318359375,820.84521484375,865.2596435546875
1790704499.4450784,0,1,750.1110229492188,824.1351318359375,820.84521484375,865.2596435546875
1790704499.4561768,0,1,750.1110229492188,824.1351318359375,820.84521484375,865.2596435546875
1790704499.467475,0,1,750.1110229492188,824.1351318359375,820.84521484375,865.2596435546875
1790704499.4782515,0,1,605.352783203125,834.0050048828125,820.84521484375,792.8805541992188
1790704499.4890869,0,1,684.3118286132812,809.330322265625,825.7801513671875,865.2596435546875
1790704499.500093,0,1,657.9921264648438,825.7801513671875,825.7801513671875,855.3897705078125
1790704499.5107195,0,1,657.9921264648438,825.7801513671875,825.7801513671875,855.3897705078125
1790704499.5214472,0,1,657.9921264648438,825.7801513671875,825.7801513671875,855.3897705078125
1790704499.5327969,0,1,657.9921264648438,825.7801513671875,825.7801513671875,855.3897705078125
1790704499.5435114,0,1,657.9921264648438,825.7801513671875,825.7801513671875,855.3897705078125
1790704499.5539656,0,1,579.0330810546875,791.2355346679688,829.070068359375,806.0403442382812
1790704499.5645516,0,1,631.6724243164062,848.8098754882812,820.84521484375,848.8098754882812
1790704499.5752711,0,1,579.0330810546875,820.84521484375,830.715087890625,809.330322265625
1790704499.5859435,0,1,486.9141845703125,802.7504272460938,825.7801513671875,773.1407470703125
1790704499.5965788,0,1,486.9141845703125,807.6853637695312,825.7801513671875,806.0403442382812
1790704499.607471,0,1,565.8732299804688,819.2001953125,825.7801513671875,855.3897705078125
1790704499.6181238,0,1,565.8732299804688,819.2001953125,825.7801513671875,855.3897705078125
1790704499.6294086,0,1,565.8732299804688,819.2001953125,825.7801513671875,855.3897705078125
1790704499.6401398,0,1,565.8732299804688,819.2001953125,825.7801513671875,855.3897705078125
1790704499.6510901,0,1,565.8732299804688,819.2001953125,825.7801513671875,855.3897705078125
1790704499.6625228,0,1,473.75433349609375,806.0403442382812,824.1351318359375,792.8805541992188
1790704499.673603,0,1,460.594482421875,804.3953857421875,824.1351318359375,776.4307250976562
1790704499.6842089,0,1,486.9141845703125,799.46044921875,824.1351318359375,799.46044921875
1790704499.6946878,0,1,513.23388671875,840.5849609375,819.2001953125,799.46044921875
1790704499.7056446,0,1,843.8749389648438,815.9102783203125,822.4901733398438,842.2299194335938
1790704499.7165706,0,1,949.1536865234375,807.6853637695312,825.7801513671875,898.1592407226562
1790704499.7274735,0,1,949.1536865234375,807.6853637695312,825.7801513671875,898.1592407226562
1790704499.7379892,0,1,949.1536865234375,807.6853637695312,825.7801513671875,898.1592407226562
1790704499.7485754,0,1,949.1536865234375,807.6853637695312,825.7801513671875,898.1592407226562
1790704499.759362,0,1,949.1536865234375,807.6853637695312,825.7801513671875,898.1592407226562
1790704499.7699735,0,1,949.1536865234375,807.6853637695312,825.7801513671875,898.1592407226562
1790704499.7808805,0,1,949.1536865234375,829.070068359375,815.9102783203125,852.0997924804688
1790704499.7922807,0,1,870.194580078125,789.590576171875,824.1351318359375,825.7801513671875
1790704499.8031054,0,1,975.4733276367188,825.7801513671875,820.84521484375,880.064453125
1790704499.8139157,0,1,929.4138793945312,801.1054077148438,820.84521484375,880.064453125
1790704499.8248222,0,0,929.4138793945312,801.1054077148438,820.84521484375,880.064453125
1790704499.8357956,0,0,929.4138793945312,801.1054077148438,820.84521484375,880.064453125
1790704499.8465254,0,0,929.4138793945312,801.1054077148438,820.84521484375,880.064453125
1790704499.8574975,0,0,929.4138793945312,801.1054077148438,820.84521484375,880.064453125
1790704499.8679743,0,0,929.4138793945312,801.1054077148438,820.84521484375,880.064453125
1790704499.8786178,0,0,929.4138793945312,801.1054077148438,820.84521484375,880.064453125
1790704499.8900025,0,0,942.57373046875,822.4901733398438,822.4901733398438,888.2893676757812
1790704499.900722,0,0,962.3134765625,810.9752807617188,817.5552368164062,883.3544311523438
1790704499.9115264,0,0,830.715087890625,794.5255126953125,817.5552368164062,819.2001953125
1790704499.922101,0,0,883.3544311523438,814.2652587890625,820.84521484375,850.454833984375
1790704499.9331632,0,0,922.833984375,822.4901733398438,817.5552368164062,875.1295166015625
1790704499.9442685,0,0,922.833984375,822.4901733398438,817.5552368164062,875.1295166015625
1790704499.9548497,0,0,922.833984375,822.4901733398438,817.5552368164062,875.1295166015625
1790704499.9654174,0,0,922.833984375,822.4901733398438,817.5552368164062,875.1295166015625
1790704499.9760141,0,0,922.833984375,822.4901733398438,817.5552368164062,875.1295166015625
1790704499.9865391,0,0,922.833984375,822.4901733398438,817.5552368164062,875.1295166015625
1790704499.997382,0,0,843.8749389648438,820.84521484375,817.5552368164062,822.4901733398438
1790704500.0087128,0,0,791.2355346679688,794.5255126953125,822.4901733398438,819.2001953125
1790704500.0208757,1,0,659.6371459960938,822.4901733398438,819.2001953125,799.46044921875
1790704500.0319307,1,0,764.9158325195312,806.0403442382812,825.7801513671875,871.839599609375
1790704500.0432787,1,0,764.9158325195312,806.0403442382812,825.7801513671875,871.839599609375
1790704500.0539196,1,0,764.9158325195312,806.0403442382812,825.7801513671875,871.839599609375
1790704500.0647023,1,0,764.9158325195312,806.0403442382812,825.7801513671875,871.839599609375
1790704500.0754566,1,0,764.9158325195312,806.0403442382812,825.7801513671875,871.839599609375
1790704500.0859833,1,0,646.477294921875,787.945556640625,827.4251098632812,802.7504272460938
1790704500.0973032,1,0,751.7560424804688,829.070068359375,820.84521484375,868.5496215820312
1790704500.1080012,1,0,738.59619140625,802.7504272460938,822.4901733398438,861.9697265625
1790704500.1186712,1,0,738.59619140625,797.8154907226562,822.4901733398438,871.839599609375
1790704500.1295943,1,0,738.59619140625,809.330322265625,822.4901733398438,865.2596435546875
1790704500.1407626,1,0,738.59619140625,809.330322265625,822.4901733398438,865.2596435546875
1790704500.1517227,1,0,738.59619140625,809.330322265625,822.4901733398438,865.2596435546875
1790704500.1621828,1,0,738.59619140625,809.330322265625,822.4901733398438,865.2596435546875
1790704500.1732247,1,0,738.59619140625,809.330322265625,822.4901733398438,865.2596435546875
1790704500.18366,1,0,738.59619140625,809.330322265625,822.4901733398438,865.2596435546875
1790704500.194285,1,0,646.477294921875,825.7801513671875,810.9752807617188,792.8805541992188
1790704500.2047784,1,0,620.1575927734375,842.2299194335938,804.3953857421875,769.850830078125
1790704500.2157338,1,0,620.1575927734375,842.2299194335938,804.3953857421875,769.850830078125
1790704500.2268012,1,0,554.3583984375,804.3953857421875,814.2652587890625,801.1054077148438
1790704500.2376692,1,0,528.0386962890625,815.9102783203125,817.5552368164062,807.6853637695312
1790704500.2481956,1,0,422.75994873046875,806.0403442382812,815.9102783203125,779.720703125
1790704500.258911,1,0,942.57373046875,810.9752807617188,819.2001953125,898.1592407226562
1790704500.2699845,1,0,929.4138793945312,840.5849609375,815.9102783203125,876.7745361328125
1790704500.2805862,1,0,929.4138793945312,840.5849609375,815.9102783203125,876.7745361328125
1790704500.2914243,1,0,929.4138793945312,840.5849609375,815.9102783203125,876.7745361328125
1790704500.302293,1,0,929.4138793945312,840.5849609375,815.9102783203125,876.7745361328125
1790704500.3132875,1,0,929.4138793945312,840.5849609375,815.9102783203125,876.7745361328125
1790704500.324335,1,0,929.4138793945312,840.5849609375,815.9102783203125,876.7745361328125
1790704500.335257,1,0,942.57373046875,817.5552368164062,819.2001953125,888.2893676757812
1790704500.3465269,1,0,824.1351318359375,792.8805541992188,825.7801513671875,820.84521484375
1790704500.3579676,1,0,889.9343872070312,815.9102783203125,817.5552368164062,884.9994506835938
1790704500.3688684,1,0,758.3359375,804.3953857421875,824.1351318359375,832.3600463867188
1790704500.3796375,1,0,863.6146850585938,817.5552368164062,820.84521484375,894.8693237304688
1790704500.3908758,1,0,863.6146850585938,817.5552368164062,820.84521484375,894.8693237304688
1790704500.4015694,1,0,863.6146850585938,817.5552368164062,820.84521484375,894.8693237304688
1790704500.412859,1,0,863.6146850585938,817.5552368164062,820.84521484375,894.8693237304688
1790704500.42366,1,0,863.6146850585938,817.5552368164062,820.84521484375,894.8693237304688
1790704500.4347372,1,0,771.4957885742188,794.5255126953125,825.7801513671875,842.2299194335938
1790704500.4452515,1,0,745.1760864257812,804.3953857421875,822.4901733398438,819.2001953125
1790704500.4559653,1,0,771.4957885742188,804.3953857421875,827.4251098632812,858.6797485351562
1790704500.4668028,1,0,666.217041015625,801.1054077148438,822.4901733398438,842.2299194335938
1790704500.477285,1,0,639.8973388671875,810.9752807617188,824.1351318359375,842.2299194335938
1790704500.4878423,1,0,718.8563842773438,792.8805541992188,827.4251098632812,891.579345703125
1790704500.4983985,1,0,718.8563842773438,792.8805541992188,827.4251098632812,891.579345703125
1790704500.5088842,1,0,718.8563842773438,792.8805541992188,827.4251098632812,891.579345703125
1790704500.5195136,1,0,718.8563842773438,792.8805541992188,827.4251098632812,891.579345703125
1790704500.5302284,1,0,718.8563842773438,792.8805541992188,827.4251098632812,891.579345703125
1790704500.5413423,1,0,560.9382934570312,786.3005981445312,825.7801513671875,825.7801513671875
1790704500.5521681,1,0,574.09814453125,820.84521484375,820.84521484375,812.6203002929688
1790704500.562826,1,0,547.7784423828125,809.330322265625,822.4901733398438,819.2001953125
1790704500.5734944,1,0,468.81939697265625,794.5255126953125,822.4901733398438,799.46044921875
1790704500.5839891,1,0,574.09814453125,815.9102783203125,824.1351318359375,865.2596435546875
1790704500.5948737,1,0,574.09814453125,815.9102783203125,824.1351318359375,865.2596435546875
1790704500.6059217,1,0,574.09814453125,815.9102783203125,824.1351318359375,865.2596435546875
1790704500.616672,1,0,574.09814453125,815.9102783203125,824.1351318359375,865.2596435546875
1790704500.6272252,1,0,574.09814453125,815.9102783203125,824.1351318359375,865.2596435546875
1790704500.6383145,1,0,574.09814453125,815.9102783203125,824.1351318359375,865.2596435546875
1790704500.6492991,1,0,468.81939697265625,792.8805541992188,827.4251098632812,779.720703125
1790704500.6602576,1,0,521.458740234375,804.3953857421875,829.070068359375,799.46044921875
1790704500.6707463,1,0,468.81939697265625,774.7857666015625,829.070068359375,771.4957885742188
1790704500.681428,1,0,495.1390686035156,786.3005981445312,827.4251098632812,779.720703125
1790704500.691954,1,0,587.2579956054688,794.5255126953125,829.070068359375,840.5849609375
1790704500.702809,1,0,587.2579956054688,794.5255126953125,829.070068359375,840.5849609375
1790704500.7135887,1,0,587.2579956054688,794.5255126953125,829.070068359375,840.5849609375
1790704500.724813,1,0,587.2579956054688,794.5255126953125,829.070068359375,840.5849609375
1790704500.73579,1,0,587.2579956054688,794.5255126953125,829.070068359375,840.5849609375
1790704500.7469504,1,0,547.7784423828125,802.7504272460938,791.2355346679688,804.3953857421875
1790704500.7575164,1,0,442.4997253417969,881.70947265625,896.5142822265625,883.3544311523438
1790704500.768008,1,0,126.66348266601562,1618.66064453125,1554.5064697265625,593.837890625
1790704500.7787466,1,0,9.869881629943848,1593.9859619140625,1615.3707275390625,470.4643859863281
1790704500.7898388,1,0,9.869881629943848,1593.9859619140625,1615.3707275390625,470.4643859863281
1790704500.8007967,1,0,9.869881629943848,1593.9859619140625,1615.3707275390625,470.4643859863281
1790704500.8116777,1,0,9.869881629943848,1593.9859619140625,1615.3707275390625,470.4643859863281
1790704500.8225865,1,0,9.869881629943848,1593.9859619140625,1615.3707275390625,470.4643859863281
1790704500.8331149,1,0,9.869881629943848,1593.9859619140625,1615.3707275390625,470.4643859863281
1790704500.844483,1,0,37.83454895019531,1584.1160888671875,1564.3763427734375,0.0
1790704500.8556974,1,0,18.094783782958984,1597.27587890625,1582.4710693359375,9.869881629943848
1790704500.8662474,1,0,24.674705505371094,1648.270263671875,1658.14013671875,97.05384063720703
1790704500.8772464,1,0,18.094783782958984,1649.915283203125,1654.8502197265625,676.0869140625
1790704500.8877683,1,0,146.4032440185547,1653.2052001953125,1654.8502197265625,991.9231567382812
1790704500.8983848,1,0,146.4032440185547,1653.2052001953125,1654.8502197265625,991.9231567382812
1790704500.9088376,1,0,146.4032440185547,1653.2052001953125,1654.8502197265625,991.9231567382812
1790704500.9194643,1,0,146.4032440185547,1653.2052001953125,1654.8502197265625,991.9231567382812
1790704500.9304976,1,0,146.4032440185547,1653.2052001953125,1654.8502197265625,991.9231567382812
1790704500.9411643,1,0,146.4032440185547,1653.2052001953125,1654.8502197265625,991.9231567382812
1790704500.951616,1,0,330.64105224609375,1653.2052001953125,1653.2052001953125,955.7335815429688
1790704500.9622386,1,0,751.7560424804688,1653.2052001953125,1653.2052001953125,1018.2428588867188
1790704500.9729319,1,0,909.6741333007812,1653.2052001953125,1653.2052001953125,1018.2428588867188
1790704500.983479,1,0,909.6741333007812,1653.2052001953125,1653.2052001953125,1018.2428588867188
1790704500.9945645,1,0,909.6741333007812,1653.2052001953125,1653.2052001953125,1018.2428588867188
1790704501.0052564,1,0,909.6741333007812,1653.2052001953125,1653.2052001953125,1018.2428588867188
1790704501.0157647,1,0,909.6741333007812,1653.2052001953125,1653.2052001953125,1018.2428588867188
1790704501.0265548,1,0,909.6741333007812,1653.2052001953125,1653.2052001953125,1018.2428588867188
1790704501.037042,1,0,883.3544311523438,1653.2052001953125,1653.2052001953125,985.3432006835938
1790704501.0484679,1,0,883.3544311523438,1653.2052001953125,1597.27587890625,955.7335815429688
1790704501.0589118,1,0,935.9938354492188,1653.2052001953125,1424.552978515625,959.0235595703125
1790704501.0694559,1,0,830.715087890625,1653.2052001953125,1319.2742919921875,880.064453125
1790704501.0801175,1,0,804.3953857421875,1653.2052001953125,1299.534423828125,853.7448120117188
1790704501.0910301,1,0,909.6741333007812,1653.2052001953125,1263.3448486328125,929.4138793945312
1790704501.1017754,1,0,909.6741333007812,1653.2052001953125,1263.3448486328125,929.4138793945312
1790704501.1122255,1,0,909.6741333007812,1653.2052001953125,1263.3448486328125,929.4138793945312
1790704501.1227655,1,0,909.6741333007812,1653.2052001953125,1263.3448486328125,929.4138793945312
1790704501.1334937,1,0,909.6741333007812,1653.2052001953125,1263.3448486328125,929.4138793945312
1790704501.1444814,1,0,778.07568359375,1653.2052001953125,1199.190673828125,866.9046630859375
1790704501.1555097,1,0,804.3953857421875,1205.7706298828125,1075.817138671875,863.6146850585938
1790704501.1660998,1,0,830.715087890625,889.9343872070312,1028.1126708984375,880.064453125
1790704501.1769814,1,0,672.7969360351562,732.0162353515625,963.95849609375,786.3005981445312
1790704501.1876657,1,0,672.7969360351562,442.4997253417969,883.3544311523438,764.9158325195312
1790704501.1986427,1,0,751.7560424804688,416.1800231933594,868.5496215820312,809.330322265625
1790704501.2094955,1,0,751.7560424804688,416.1800231933594,868.5496215820312,809.330322265625
1790704501.2204165,1,0,751.7560424804688,416.1800231933594,868.5496215820312,809.330322265625
1790704501.231175,1,0,751.7560424804688,416.1800231933594,868.5496215820312,809.330322265625
1790704501.2416031,1,0,751.7560424804688,416.1800231933594,868.5496215820312,809.330322265625
1790704501.2522004,1,0,659.6371459960938,468.81939697265625,700.7615966796875,684.3118286132812
1790704501.2629867,1,0,620.1575927734375,462.2394714355469,620.1575927734375,644.832275390625
1790704501.2741168,1,0,699.1166381835938,457.3045349121094,583.968017578125,684.3118286132812
1790704501.2846646,1,0,699.1166381835938,457.3045349121094,583.968017578125,684.3118286132812
1790704501.2952566,1,0,699.1166381835938,457.3045349121094,583.968017578125,684.3118286132812
1790704501.3062217,1,0,699.1166381835938,457.3045349121094,583.968017578125,684.3118286132812
1790704501.316702,1,0,699.1166381835938,457.3045349121094,583.968017578125,684.3118286132812
1790704501.3273137,1,0,699.1166381835938,457.3045349121094,583.968017578125,684.3118286132812
1790704501.3384416,1,0,699.1166381835938,457.3045349121094,583.968017578125,684.3118286132812
1790704501.3494544,1,0,699.1166381835938,457.3045349121094,583.968017578125,684.3118286132812
1790704501.3599277,1,0,672.7969360351562,457.3045349121094,580.6780395507812,669.5070190429688
1790704501.370642,1,0,541.1985473632812,458.94952392578125,570.8081665039062,598.7728271484375
1790704501.3814602,1,0,514.8788452148438,458.94952392578125,547.7784423828125,587.2579956054688
1790704501.392018,1,0,646.477294921875,458.94952392578125,542.843505859375,677.7318725585938
1790704501.4026492,1,0,593.837890625,458.94952392578125,531.3286743164062,636.607421875
1790704501.413564,1,0,514.8788452148438,458.94952392578125,529.6836547851562,625.092529296875
1790704501.4241002,1,0,514.8788452148438,458.94952392578125,529.6836547851562,625.092529296875
1790704501.4346917,1,0,435.9197998046875,458.94952392578125,518.1688232421875,585.6129760742188
1790704501.4452174,1,0,541.1985473632812,458.94952392578125,500.07403564453125,631.6724243164062
1790704501.4558198,1,0,541.1985473632812,458.94952392578125,500.07403564453125,631.6724243164062
1790704501.4668446,1,0,541.1985473632812,458.94952392578125,500.07403564453125,631.6724243164062
1790704501.4775853,1,0,541.1985473632812,458.94952392578125,500.07403564453125,631.6724243164062
1790704501.4880607,1,0,541.1985473632812,458.94952392578125,500.07403564453125,631.6724243164062
1790704501.498652,0,0,541.1985473632812,458.94952392578125,500.07403564453125,631.6724243164062
1790704501.5092132,0,0,541.1985473632812,458.94952392578125,496.7840576171875,625.092529296875
1790704501.5198193,0,0,1013.307861328125,54.28435134887695,472.1093444824219,906.3841552734375
1790704501.5310278,0,0,829.070068359375,113.50364685058594,485.2691955566406,827.4251098632812
1790704501.5416455,0,0,908.0291748046875,205.62254333496094,485.2691955566406,840.5849609375
1790704501.5526335,0,0,908.0291748046875,205.62254333496094,485.2691955566406,840.5849609375
1790704501.5636733,0,0,908.0291748046875,205.62254333496094,485.2691955566406,840.5849609375
1790704501.5744948,0,0,908.0291748046875,205.62254333496094,485.2691955566406,840.5849609375
1790704501.5849965,0,0,908.0291748046875,205.62254333496094,485.2691955566406,840.5849609375
1790704501.5961688,0,0,908.0291748046875,205.62254333496094,485.2691955566406,840.5849609375
1790704501.6070492,0,0,802.7504272460938,180.9478302001953,500.07403564453125,787.945556640625
1790704501.6177635,0,0,776.4307250976562,202.33258056640625,501.718994140625,781.3656616210938
1790704501.6287372,0,0,881.70947265625,279.64666748046875,521.458740234375,853.7448120117188
1790704501.6392965,0,0,881.70947265625,319.1261901855469,521.458740234375,875.1295166015625
1790704501.6502795,0,0,855.3897705078125,315.8362121582031,526.3937377929688,858.6797485351562
1790704501.6612911,0,0,855.3897705078125,315.8362121582031,526.3937377929688,858.6797485351562
1790704501.6721041,0,0,855.3897705078125,315.8362121582031,526.3937377929688,858.6797485351562
1790704501.6829128,0,0,855.3897705078125,315.8362121582031,526.3937377929688,858.6797485351562
1790704501.6936657,0,0,855.3897705078125,315.8362121582031,526.3937377929688,858.6797485351562
1790704501.7042851,0,0,855.3897705078125,315.8362121582031,526.3937377929688,858.6797485351562
1790704501.7149568,0,0,855.3897705078125,315.8362121582031,526.3937377929688,858.6797485351562
1790704501.726357,0,0,750.1110229492188,292.8064880371094,541.1985473632812,858.6797485351562
1790704501.7371662,0,0,644.832275390625,396.4402770996094,569.1632080078125,832.3600463867188
1790704501.7481837,0,0,671.1519775390625,403.0201721191406,569.1632080078125,858.6797485351562
1790704501.759078,0,0,671.1519775390625,403.0201721191406,569.1632080078125,858.6797485351562
1790704501.7701588,0,0,671.1519775390625,403.0201721191406,569.1632080078125,858.6797485351562
1790704501.7806807,0,0,671.1519775390625,403.0201721191406,569.1632080078125,858.6797485351562
1790704501.791196,0,0,671.1519775390625,403.0201721191406,569.1632080078125,858.6797485351562
1790704501.8017218,0,0,671.1519775390625,403.0201721191406,569.1632080078125,858.6797485351562
1790704501.8122544,0,0,644.832275390625,450.724609375,556.0033569335938,822.4901733398438
1790704501.8229408,0,0,671.1519775390625,421.1149597167969,574.09814453125,861.9697265625
1790704501.8336635,0,0,539.5535278320312,434.2748107910156,580.6780395507812,769.850830078125
1790704501.8446252,0,0,684.3118286132812,480.3342590332031,616.8676147460938,865.2596435546875
1790704501.8550882,0,0,579.0330810546875,521.458740234375,625.092529296875,822.4901733398438
1790704501.8657427,0,0,500.07403564453125,509.94390869140625,634.96240234375,789.590576171875
1790704501.876495,0,0,473.75433349609375,529.6836547851562,641.5423583984375,786.3005981445312
1790704501.8870661,0,0,598.7728271484375,551.0684204101562,644.832275390625,845.5198974609375
1790704501.8977404,0,0,598.7728271484375,551.0684204101562,644.832275390625,845.5198974609375
1790704501.9086344,0,0,598.7728271484375,551.0684204101562,644.832275390625,845.5198974609375
1790704501.9198496,0,0,598.7728271484375,551.0684204101562,644.832275390625,845.5198974609375
1790704501.9307492,0,0,598.7728271484375,551.0684204101562,644.832275390625,845.5198974609375
1790704501.9414353,0,0,598.7728271484375,551.0684204101562,644.832275390625,845.5198974609375
1790704501.9524572,0,0,454.01458740234375,547.7784423828125,651.4122314453125,766.5608520507812
1790704501.9630957,0,0,460.594482421875,521.458740234375,662.9270629882812,792.8805541992188
1790704501.9738512,0,0,532.9736328125,556.0033569335938,661.2821044921875,835.6500244140625
1790704501.9848063,0,0,401.3752136230469,546.1334838867188,657.9921264648438,755.0459594726562
1790704501.9953926,0,0,506.6539306640625,556.0033569335938,676.0869140625,830.715087890625
1790704502.0062752,0,0,506.6539306640625,556.0033569335938,676.0869140625,830.715087890625
1790704502.0171576,0,0,506.6539306640625,556.0033569335938,676.0869140625,830.715087890625
1790704502.0278497,0,0,506.6539306640625,556.0033569335938,676.0869140625,830.715087890625
1790704502.0387876,0,0,506.6539306640625,556.0033569335938,676.0869140625,830.715087890625
1790704502.0498054,0,0,506.6539306640625,556.0033569335938,676.0869140625,830.715087890625
1790704502.061038,0,0,843.8749389648438,620.1575927734375,687.601806640625,822.4901733398438
1790704502.0715535,0,0,857.0347290039062,592.1929321289062,700.7615966796875,842.2299194335938
1790704502.0820987,0,0,935.9938354492188,598.7728271484375,695.82666015625,884.9994506835938
1790704502.0925934,0,0,935.9938354492188,598.7728271484375,695.82666015625,884.9994506835938
1790704502.1034327,0,0,935.9938354492188,598.7728271484375,695.82666015625,884.9994506835938
1790704502.1145096,0,0,935.9938354492188,598.7728271484375,695.82666015625,884.9994506835938
1790704502.1250167,0,0,935.9938354492188,598.7728271484375,695.82666015625,884.9994506835938
1790704502.135526,0,0,922.833984375,605.352783203125,699.1166381835938,871.839599609375
1790704502.1462202,0,0,843.8749389648438,620.1575927734375,695.82666015625,829.070068359375
1790704502.1570368,0,0,791.2355346679688,593.837890625,705.6965942382812,825.7801513671875
1790704502.167722,0,0,843.8749389648438,620.1575927734375,707.341552734375,861.9697265625
1790704502.1785817,0,0,764.9158325195312,661.2821044921875,708.9865112304688,835.6500244140625
1790704502.189533,0,0,764.9158325195312,623.4475708007812,712.2764892578125,829.070068359375
1790704502.2004073,0,0,712.2764892578125,592.1929321289062,715.5664672851562,819.2001953125
1790704502.210948,0,0,817.5552368164062,631.6724243164062,710.6315307617188,868.5496215820312
1790704502.221924,0,0,817.5552368164062,631.6724243164062,710.6315307617188,868.5496215820312
1790704502.2328868,0,0,817.5552368164062,631.6724243164062,710.6315307617188,868.5496215820312
1790704502.2439017,0,0,817.5552368164062,631.6724243164062,710.6315307617188,868.5496215820312
1790704502.2550557,0,0,817.5552368164062,631.6724243164062,710.6315307617188,868.5496215820312
1790704502.2664242,0,0,817.5552368164062,631.6724243164062,710.6315307617188,868.5496215820312
1790704502.2768967,0,0,817.5552368164062,631.6724243164062,710.6315307617188,868.5496215820312
1790704502.287819,0,0,817.5552368164062,631.6724243164062,710.6315307617188,868.5496215820312
1790704502.298675,0,0,791.2355346679688,669.5070190429688,717.21142578125,865.2596435546875
1790704502.3092113,0,0,633.3174438476562,672.7969360351562,727.081298828125,820.84521484375
1790704502.3200226,0,0,685.956787109375,639.8973388671875,733.6612548828125,880.064453125
1790704502.330771,0,0,685.956787109375,639.8973388671875,733.6612548828125,880.064453125
1790704502.3415005,0,0,685.956787109375,639.8973388671875,733.6612548828125,880.064453125
1790704502.3521798,0,0,685.956787109375,639.8973388671875,733.6612548828125,880.064453125
1790704502.3628702,0,0,685.956787109375,639.8973388671875,733.6612548828125,880.064453125
1790704502.3740246,0,0,685.956787109375,666.217041015625,723.7913208007812,850.454833984375
1790704502.38535,0,0,580.6780395507812,633.3174438476562,733.6612548828125,819.2001953125
1790704502.3960986,0,0,606.9977416992188,662.9270629882812,732.0162353515625,845.5198974609375
1790704502.406779,0,0,501.718994140625,623.4475708007812,741.8861083984375,834.0050048828125
1790704502.417685,0,0,554.3583984375,644.832275390625,733.6612548828125,871.839599609375
1790704502.4284976,0,0,554.3583984375,644.832275390625,733.6612548828125,871.839599609375
1790704502.4394014,0,0,554.3583984375,644.832275390625,733.6612548828125,871.839599609375
1790704502.4503877,0,0,554.3583984375,644.832275390625,733.6612548828125,871.839599609375
1790704502.4613476,0,0,554.3583984375,644.832275390625,733.6612548828125,871.839599609375
1790704502.4722424,0,0,554.3583984375,644.832275390625,733.6612548828125,871.839599609375
1790704502.4833543,0,0,554.3583984375,659.6371459960938,738.59619140625,857.0347290039062
1790704502.4940279,0,0,475.3993225097656,628.3825073242188,745.1760864257812,853.7448120117188
1790704502.5052223,0,0,396.4402770996094,633.3174438476562,743.5311279296875,824.1351318359375
1790704502.5160453,0,0,343.8009033203125,646.477294921875,745.1760864257812,810.9752807617188
1790704502.5268986,0,0,422.75994873046875,667.8619995117188,736.951171875,857.0347290039062
1790704502.537914,0,0,422.75994873046875,667.8619995117188,736.951171875,857.0347290039062
1790704502.5493476,0,0,422.75994873046875,667.8619995117188,736.951171875,857.0347290039062
1790704502.5600615,0,0,422.75994873046875,667.8619995117188,736.951171875,857.0347290039062
1790704502.5707617,0,0,422.75994873046875,667.8619995117188,736.951171875,857.0347290039062
1790704502.5820343,0,0,343.8009033203125,641.5423583984375,738.59619140625,810.9752807617188
1790704502.592865,0,0,370.1205749511719,657.9921264648438,741.8861083984375,843.8749389648438
1790704502.603677,0,0,291.1615295410156,620.1575927734375,745.1760864257812,804.3953857421875
1790704502.6148074,0,0,291.1615295410156,664.5720825195312,741.8861083984375,822.4901733398438
1790704502.6262174,0,0,370.1205749511719,684.3118286132812,743.5311279296875,880.064453125
1790704502.6369348,0,0,370.1205749511719,684.3118286132812,743.5311279296875,880.064453125
1790704502.6478286,0,0,370.1205749511719,684.3118286132812,743.5311279296875,880.064453125
1790704502.6592605,0,0,370.1205749511719,684.3118286132812,743.5311279296875,880.064453125
1790704502.6697738,0,0,370.1205749511719,684.3118286132812,743.5311279296875,880.064453125
1790704502.6805358,0,0,370.1205749511719,661.2821044921875,748.466064453125,865.2596435546875
1790704502.6912975,1,0,857.0347290039062,682.6668701171875,748.466064453125,832.3600463867188
1790704502.7020593,1,0,830.715087890625,682.6668701171875,743.5311279296875,850.454833984375
1790704502.712787,1,0,870.194580078125,705.6965942382812,748.466064453125,871.839599609375
1790704502.7237484,1,0,764.9158325195312,687.601806640625,756.6909790039062,832.3600463867188
1790704502.734582,1,0,738.59619140625,710.6315307617188,750.1110229492188,812.6203002929688
1790704502.7453053,1,0,738.59619140625,704.0515747070312,758.3359375,819.2001953125
1790704502.7564576,1,0,738.59619140625,687.601806640625,755.0459594726562,822.4901733398438
1790704502.7670405,1,0,817.5552368164062,707.341552734375,755.0459594726562,855.3897705078125
1790704502.7778418,1,0,817.5552368164062,707.341552734375,755.0459594726562,855.3897705078125
1790704502.7885907,1,0,817.5552368164062,707.341552734375,755.0459594726562,855.3897705078125
1790704502.7993844,1,0,817.5552368164062,707.341552734375,755.0459594726562,855.3897705078125
1790704502.8099148,1,0,817.5552368164062,707.341552734375,755.0459594726562,855.3897705078125
1790704502.8210566,1,0,817.5552368164062,710.6315307617188,755.0459594726562,855.3897705078125
1790704502.831918,1,0,685.956787109375,697.4716796875,755.0459594726562,796.1704711914062
1790704502.8426158,1,0,738.59619140625,707.341552734375,755.0459594726562,838.9400024414062
1790704502.8532662,1,0,778.07568359375,707.341552734375,755.0459594726562,868.5496215820312
1790704502.8641317,1,0,646.477294921875,690.8917236328125,755.0459594726562,796.1704711914062
1790704502.8751106,1,0,751.7560424804688,720.5014038085938,753.4010009765625,848.8098754882812
1790704502.8861887,1,0,751.7560424804688,720.5014038085938,753.4010009765625,848.8098754882812
1790704502.897279,1,0,751.7560424804688,720.5014038085938,753.4010009765625,848.8098754882812
1790704502.9085033,1,0,751.7560424804688,720.5014038085938,753.4010009765625,848.8098754882812
1790704502.9192796,1,0,764.9158325195312,699.1166381835938,763.2708740234375,884.9994506835938
1790704502.93025,1,0,712.2764892578125,725.4363403320312,761.6259155273438,852.0997924804688
1790704502.9409623,1,0,633.3174438476562,697.4716796875,769.850830078125,809.330322265625
1790704502.9515276,1,0,633.3174438476562,682.6668701171875,771.4957885742188,806.0403442382812
1790704502.9622428,1,0,751.7560424804688,700.7615966796875,769.850830078125,871.839599609375
1790704502.9730227,1,0,751.7560424804688,700.7615966796875,769.850830078125,871.839599609375
1790704502.9838598,1,0,751.7560424804688,700.7615966796875,769.850830078125,871.839599609375
1790704502.9948635,1,0,751.7560424804688,700.7615966796875,769.850830078125,871.839599609375
1790704503.0056322,1,0,751.7560424804688,700.7615966796875,769.850830078125,871.839599609375
1790704503.016597,1,0,751.7560424804688,700.7615966796875,769.850830078125,871.839599609375
1790704503.0273802,1,0,725.4363403320312,687.601806640625,769.850830078125,865.2596435546875
1790704503.0384002,1,0,751.7560424804688,713.9214477539062,766.5608520507812,878.4194946289062
1790704503.0495481,1,0,659.6371459960938,717.21142578125,766.5608520507812,825.7801513671875
1790704503.0603385,1,0,751.7560424804688,694.1817016601562,771.4957885742188,881.70947265625
1790704503.0708823,1,0,751.7560424804688,694.1817016601562,771.4957885742188,881.70947265625
1790704503.0823534,1,0,738.59619140625,713.9214477539062,768.205810546875,884.9994506835938
1790704503.09333,1,0,699.1166381835938,740.2411499023438,766.5608520507812,855.3897705078125
1790704503.103966,1,0,699.1166381835938,740.2411499023438,766.5608520507812,855.3897705078125
1790704503.1150353,1,0,699.1166381835938,740.2411499023438,766.5608520507812,855.3897705078125
1790704503.1260169,1,0,699.1166381835938,740.2411499023438,766.5608520507812,855.3897705078125
1790704503.1369886,1,0,699.1166381835938,740.2411499023438,766.5608520507812,855.3897705078125
1790704503.1474907,1,0,699.1166381835938,741.8861083984375,769.850830078125,852.0997924804688
1790704503.1584136,1,0,620.1575927734375,722.1463623046875,766.5608520507812,815.9102783203125
1790704503.168879,1,0,725.4363403320312,759.9808959960938,766.5608520507812,858.6797485351562
1790704503.1794486,1,0,620.1575927734375,700.7615966796875,773.1407470703125,838.9400024414062
1790704503.1906033,1,0,488.5591735839844,723.7913208007812,769.850830078125,786.3005981445312
1790704503.2011702,1,0,567.5181884765625,717.21142578125,769.850830078125,852.0997924804688
1790704503.211781,1,0,567.5181884765625,717.21142578125,769.850830078125,852.0997924804688
1790704503.2233436,1,0,567.5181884765625,717.21142578125,769.850830078125,852.0997924804688
1790704503.2341475,1,0,567.5181884765625,717.21142578125,769.850830078125,852.0997924804688
1790704503.2449248,1,0,567.5181884765625,717.21142578125,769.850830078125,852.0997924804688
1790704503.2561576,1,0,829.070068359375,746.8211059570312,769.850830078125,834.0050048828125
1790704503.2673297,1,0,934.3488159179688,741.8861083984375,774.7857666015625,893.2243041992188
1790704503.2788804,1,0,829.070068359375,725.4363403320312,773.1407470703125,840.5849609375
1790704503.2896287,1,0,855.3897705078125,728.726318359375,764.9158325195312,873.4845581054688
1790704503.3008113,1,0,855.3897705078125,728.726318359375,764.9158325195312,873.4845581054688
1790704503.3119245,1,0,855.3897705078125,728.726318359375,764.9158325195312,873.4845581054688
1790704503.3229027,1,0,855.3897705078125,728.726318359375,764.9158325195312,873.4845581054688
1790704503.334044,1,0,855.3897705078125,728.726318359375,764.9158325195312,873.4845581054688
1790704503.345115,1,0,723.7913208007812,708.9865112304688,755.0459594726562,814.2652587890625
1790704503.3559062,1,0,697.4716796875,735.3062133789062,732.0162353515625,840.5849609375
1790704503.366607,1,0,723.7913208007812,656.34716796875,704.0515747070312,912.964111328125
1790704503.3770757,1,0,723.7913208007812,656.34716796875,704.0515747070312,912.964111328125
1790704503.38784,1,0,723.7913208007812,1564.3763427734375,914.6090698242188,965.6034545898438
1790704503.3985572,1,0,829.070068359375,1643.3353271484375,1046.20751953125,1044.5625
1790704503.4099069,1,0,829.070068359375,1643.3353271484375,1046.20751953125,1044.5625
1790704503.420765,1,0,829.070068359375,1643.3353271484375,1046.20751953125,1044.5625
1790704503.4315836,1,0,829.070068359375,1643.3353271484375,1046.20751953125,1044.5625
1790704503.4423935,1,0,829.070068359375,1643.3353271484375,1046.20751953125,1044.5625
1790704503.4533188,1,0,0.0,1633.4654541015625,1482.1273193359375,274.71173095703125
1790704503.4645522,1,0,9.869881629943848,1635.1104736328125,1482.1273193359375,60.86427307128906
1790704503.476023,1,0,32.89960861206055,1635.1104736328125,1478.8372802734375,87.1839599609375
1790704503.487281,1,0,50.99439239501953,1633.4654541015625,1480.4822998046875,340.51092529296875
1790704503.4985857,1,0,50.99439239501953,1633.4654541015625,1480.4822998046875,340.51092529296875
1790704503.5100472,1,0,50.99439239501953,1633.4654541015625,1480.4822998046875,340.51092529296875
1790704503.5210006,1,0,50.99439239501953,1633.4654541015625,1480.4822998046875,340.51092529296875
1790704503.5318403,1,0,50.99439239501953,1633.4654541015625,1480.4822998046875,340.51092529296875
1790704503.5428076,1,0,47.704429626464844,1633.4654541015625,1478.8372802734375,353.6707763671875
1790704503.55366,1,0,74.02411651611328,1633.4654541015625,1478.8372802734375,590.5479125976562
1790704503.5649588,1,0,514.8788452148438,1633.4654541015625,1478.8372802734375,827.4251098632812
1790704503.5768502,1,0,1093.9119873046875,1633.4654541015625,1478.8372802734375,774.7857666015625
1790704503.5879076,1,0,1304.4693603515625,1633.4654541015625,1478.8372802734375,853.7448120117188
1790704503.5990975,1,0,1251.830078125,1633.4654541015625,1478.8372802734375,932.703857421875
1790704503.610248,1,0,1251.830078125,1633.4654541015625,1478.8372802734375,932.703857421875
1790704503.6209989,1,0,1251.830078125,1633.4654541015625,1478.8372802734375,932.703857421875
1790704503.6319752,1,0,1251.830078125,1633.4654541015625,1478.8372802734375,932.703857421875
1790704503.6425738,1,0,1251.830078125,1633.4654541015625,1478.8372802734375,932.703857421875
1790704503.6534936,1,0,1251.830078125,1633.4654541015625,1478.8372802734375,932.703857421875
1790704503.664573,1,0,1495.287109375,1633.4654541015625,1452.5177001953125,1176.160888671875
1790704503.675749,1,0,1054.432373046875,1370.2686767578125,1292.95458984375,1064.30224609375
1790704503.6866236,1,0,1133.3914794921875,1264.9898681640625,1243.6051025390625,1149.84130859375
1790704503.6975784,1,0,1133.3914794921875,1264.9898681640625,1243.6051025390625,1149.84130859375
1790704503.708321,1,0,1133.3914794921875,1264.9898681640625,1243.6051025390625,1149.84130859375
1790704503.718944,1,0,1133.3914794921875,1264.9898681640625,1243.6051025390625,1149.84130859375
1790704503.7296498,1,0,1133.3914794921875,1264.9898681640625,1243.6051025390625,1149.84130859375
1790704503.7413104,1,0,1133.3914794921875,1264.9898681640625,1243.6051025390625,1149.84130859375
1790704503.7522817,1,0,1120.2315673828125,1186.0308837890625,1187.67578125,1163.0010986328125
1790704503.762945,1,0,1034.692626953125,896.5142822265625,1138.326416015625,1209.060546875
1790704503.773661,1,0,771.4957885742188,764.9158325195312,1123.5216064453125,1146.55126953125
1790704503.7844195,1,0,718.8563842773438,528.0386962890625,1082.3970947265625,1159.711181640625
1790704503.7957687,1,0,692.5367431640625,291.1615295410156,960.6685180664062,1084.0419921875
1790704503.8065782,1,0,1010.0179443359375,32.89960861206055,1039.6275634765625,1176.160888671875
1790704503.8174162,1,0,1010.0179443359375,32.89960861206055,1039.6275634765625,1176.160888671875
1790704503.8284707,1,0,1010.0179443359375,32.89960861206055,1039.6275634765625,1176.160888671875
1790704503.8397076,1,0,1010.0179443359375,32.89960861206055,1039.6275634765625,1176.160888671875
1790704503.8505168,1,0,1010.0179443359375,32.89960861206055,1039.6275634765625,1176.160888671875
1790704503.8612654,1,0,1010.0179443359375,32.89960861206055,1039.6275634765625,1176.160888671875
1790704503.872146,1,0,1010.0179443359375,32.89960861206055,1039.6275634765625,1176.160888671875
1790704503.8830805,1,0,1036.337646484375,29.60964584350586,967.2484130859375,1144.9063720703125
1790704503.8941767,1,0,1141.6163330078125,47.704429626464844,797.8154907226562,1016.5978393554688
1790704503.9051409,1,0,1062.6573486328125,47.704429626464844,745.1760864257812,990.2781372070312
1790704503.9161751,1,0,1062.6573486328125,47.704429626464844,745.1760864257812,990.2781372070312
1790704503.9271157,1,0,1062.6573486328125,47.704429626464844,745.1760864257812,990.2781372070312
1790704503.9381227,1,0,1062.6573486328125,47.704429626464844,745.1760864257812,990.2781372070312
1790704503.949219,1,0,1062.6573486328125,47.704429626464844,745.1760864257812,990.2781372070312
1790704503.9601858,1,0,1062.6573486328125,47.704429626464844,728.726318359375,983.6982421875
1790704503.9708855,1,0,957.3785400390625,47.704429626464844,674.4419555664062,881.70947265625
1790704503.9817457,1,0,1010.0179443359375,47.704429626464844,643.1873168945312,891.579345703125
1790704503.9927301,1,0,852.0997924804688,47.704429626464844,631.6724243164062,819.2001953125
1790704504.0036428,1,0,746.8211059570312,47.704429626464844,598.7728271484375,802.7504272460938
1790704504.0143409,1,0,852.0997924804688,47.704429626464844,592.1929321289062,868.5496215820312
1790704504.0250466,1,0,852.0997924804688,47.704429626464844,592.1929321289062,868.5496215820312
1790704504.0357544,1,0,852.0997924804688,47.704429626464844,592.1929321289062,868.5496215820312
1790704504.0467196,1,0,852.0997924804688,47.704429626464844,592.1929321289062,868.5496215820312
1790704504.0575964,1,0,852.0997924804688,47.704429626464844,592.1929321289062,868.5496215820312
1790704504.068591,1,0,746.8211059570312,47.704429626464844,600.4178466796875,832.3600463867188
1790704504.0797763,1,0,746.8211059570312,47.704429626464844,600.4178466796875,832.3600463867188
1790704504.0907931,1,0,852.0997924804688,47.704429626464844,588.9029541015625,881.70947265625
1790704504.101398,1,0,746.8211059570312,111.8586654663086,597.1278686523438,861.9697265625
1790704504.1125522,1,0,746.8211059570312,111.8586654663086,597.1278686523438,861.9697265625
1790704504.1233838,1,0,746.8211059570312,111.8586654663086,597.1278686523438,861.9697265625
1790704504.1345575,1,0,746.8211059570312,111.8586654663086,597.1278686523438,861.9697265625
1790704504.1451652,1,0,746.8211059570312,111.8586654663086,597.1278686523438,861.9697265625
1790704504.1561337,1,0,746.8211059570312,111.8586654663086,597.1278686523438,861.9697265625
1790704504.1672797,1,0,615.22265625,152.98316955566406,605.352783203125,842.2299194335938
1790704504.1783848,1,0,641.5423583984375,215.492431640625,608.6427001953125,875.1295166015625
1790704504.189104,1,0,615.22265625,250.03701782226562,623.4475708007812,875.1295166015625
1790704504.20021,1,0,430.98486328125,314.1912536621094,621.8025512695312,827.4251098632812
1790704504.2109632,1,0,457.3045349121094,343.8009033203125,618.5126342773438,873.4845581054688
1790704504.221716,1,0,457.3045349121094,343.8009033203125,618.5126342773438,873.4845581054688
1790704504.2326903,1,0,457.3045349121094,343.8009033203125,618.5126342773438,873.4845581054688
1790704504.2438965,1,0,457.3045349121094,343.8009033203125,618.5126342773438,873.4845581054688
1790704504.2546527,1,0,457.3045349121094,343.8009033203125,618.5126342773438,873.4845581054688
1790704504.2653694,1,0,457.3045349121094,343.8009033203125,618.5126342773438,873.4845581054688
1790704504.2764404,1,0,483.62420654296875,424.4049377441406,613.5776977539062,884.9994506835938
1790704504.287321,1,0,352.0257873535156,419.4700012207031,613.5776977539062,819.2001953125
1790704504.29795,1,0,457.3045349121094,429.3398742675781,615.22265625,871.839599609375
1790704504.3089094,1,0,167.78799438476562,481.979248046875,634.96240234375,786.3005981445312
1790704504.319472,1,0,167.78799438476562,529.6836547851562,634.96240234375,779.720703125
1790704504.330079,1,0,959.0235595703125,505.00897216796875,649.7672119140625,845.5198974609375
1790704504.3408382,1,0,853.7448120117188,505.00897216796875,649.7672119140625,802.7504272460938
1790704504.35168,1,0,959.0235595703125,539.5535278320312,651.4122314453125,868.5496215820312
1790704504.362713,1,0,959.0235595703125,539.5535278320312,651.4122314453125,868.5496215820312
1790704504.3731747,1,0,959.0235595703125,539.5535278320312,651.4122314453125,868.5496215820312
1790704504.3840847,1,0,959.0235595703125,539.5535278320312,651.4122314453125,868.5496215820312
1790704504.3948348,1,0,959.0235595703125,539.5535278320312,651.4122314453125,868.5496215820312
1790704504.4058757,1,0,827.4251098632812,544.4884643554688,648.1222534179688,825.7801513671875
1790704504.416643,1,0,906.3841552734375,529.6836547851562,653.0571899414062,865.2596435546875
1790704504.4273686,1,0,906.3841552734375,549.4234619140625,649.7672119140625,861.9697265625
1790704504.4380488,1,0,959.0235595703125,556.0033569335938,654.7021484375,894.8693237304688
1790704504.4489343,1,0,695.82666015625,526.3937377929688,664.5720825195312,815.9102783203125
1790704504.4601903,1,0,801.1054077148438,582.3230590820312,656.34716796875,865.2596435546875
1790704504.4707096,1,0,801.1054077148438,582.3230590820312,656.34716796875,865.2596435546875
1790704504.481382,1,0,801.1054077148438,582.3230590820312,656.34716796875,865.2596435546875
1790704504.4923394,1,0,801.1054077148438,582.3230590820312,656.34716796875,865.2596435546875
1790704504.5029333,1,0,801.1054077148438,582.3230590820312,656.34716796875,865.2596435546875
1790704504.5135944,1,0,643.1873168945312,570.8081665039062,661.2821044921875,802.7504272460938
1790704504.52442,1,0,590.5479125976562,564.228271484375,664.5720825195312,815.9102783203125
1790704504.534944,1,0,722.1463623046875,595.48291015625,661.2821044921875,881.70947265625
1790704504.5454593,1,0,485.2691955566406,562.583251953125,659.6371459960938,812.6203002929688
1790704504.555965,1,0,485.2691955566406,580.6780395507812,669.5070190429688,832.3600463867188
1790704504.567147,1,0,564.228271484375,626.7374877929688,666.217041015625,858.6797485351562
1790704504.577556,1,0,564.228271484375,626.7374877929688,666.217041015625,858.6797485351562
1790704504.588623,1,0,564.228271484375,626.7374877929688,666.217041015625,858.6797485351562
1790704504.5996695,1,0,564.228271484375,626.7374877929688,666.217041015625,858.6797485351562
1790704504.6104667,1,0,432.62982177734375,574.09814453125,676.0869140625,825.7801513671875
1790704504.6209984,1,0,353.6707763671875,602.0628051757812,671.1519775390625,799.46044921875
1790704504.6316237,1,0,340.51092529296875,597.1278686523438,672.7969360351562,789.590576171875
1790704504.6425188,1,0,379.9904479980469,583.968017578125,676.0869140625,832.3600463867188
1790704504.6535614,1,0,458.94952392578125,600.4178466796875,681.0218505859375,868.5496215820312
1790704504.6643145,1,0,458.94952392578125,600.4178466796875,681.0218505859375,868.5496215820312
1790704504.6752553,1,0,458.94952392578125,600.4178466796875,681.0218505859375,868.5496215820312
1790704504.6856754,1,0,458.94952392578125,600.4178466796875,681.0218505859375,868.5496215820312
1790704504.6963406,1,0,458.94952392578125,600.4178466796875,681.0218505859375,868.5496215820312
1790704504.7072964,1,0,458.94952392578125,600.4178466796875,681.0218505859375,868.5496215820312
1790704504.7183032,1,0,353.6707763671875,610.2877197265625,687.601806640625,822.4901733398438
1790704504.7289805,1,0,301.0314025878906,606.9977416992188,694.1817016601562,792.8805541992188
1790704504.7395403,1,0,379.9904479980469,580.6780395507812,697.4716796875,852.0997924804688
1790704504.7499695,1,0,248.39202880859375,646.477294921875,692.5367431640625,832.3600463867188
1790704504.7609038,1,0,248.39202880859375,641.5423583984375,694.1817016601562,871.839599609375
1790704504.7716327,0,0,248.39202880859375,641.5423583984375,694.1817016601562,871.839599609375
1790704504.7825856,0,0,248.39202880859375,641.5423583984375,694.1817016601562,871.839599609375
1790704504.7935638,0,0,248.39202880859375,641.5423583984375,694.1817016601562,871.839599609375
1790704504.8043091,0,0,248.39202880859375,641.5423583984375,694.1817016601562,871.839599609375
1790704504.8149016,0,0,90.47391510009766,623.4475708007812,695.82666015625,806.0403442382812
1790704504.8255439,0,0,222.0723419189453,664.5720825195312,690.8917236328125,878.4194946289062
1790704504.8362346,0,0,143.11329650878906,628.3825073242188,697.4716796875,845.5198974609375
1790704504.8470135,0,0,11.514862060546875,659.6371459960938,699.1166381835938,792.8805541992188
1790704504.8581834,0,0,37.83454895019531,620.1575927734375,704.0515747070312,819.2001953125
1790704504.869075,0,0,116.7936019897461,659.6371459960938,695.82666015625,842.2299194335938
1790704504.8798163,0,0,116.7936019897461,659.6371459960938,695.82666015625,842.2299194335938
1790704504.890751,0,0,116.7936019897461,659.6371459960938,695.82666015625,842.2299194335938
1790704504.9012775,0,0,116.7936019897461,659.6371459960938,695.82666015625,842.2299194335938
1790704504.9125054,0,0,116.7936019897461,659.6371459960938,695.82666015625,842.2299194335938
1790704504.9239285,0,0,52.63936996459961,666.217041015625,694.1817016601562,809.330322265625
1790704504.934393,0,0,105.27873992919922,662.9270629882812,695.82666015625,838.9400024414062
1790704504.944955,0,0,78.95905303955078,682.6668701171875,697.4716796875,829.070068359375
1790704504.9560354,0,0,861.9697265625,662.9270629882812,697.4716796875,835.6500244140625
1790704504.9667056,0,0,809.330322265625,667.8619995117188,700.7615966796875,829.070068359375
1790704504.9774485,0,0,888.2893676757812,708.9865112304688,694.1817016601562,855.3897705078125
1790704504.9881554,0,0,888.2893676757812,708.9865112304688,694.1817016601562,855.3897705078125
1790704504.9987383,0,0,888.2893676757812,708.9865112304688,694.1817016601562,855.3897705078125
1790704505.010453,0,0,888.2893676757812,708.9865112304688,694.1817016601562,855.3897705078125
1790704505.0215485,0,0,888.2893676757812,708.9865112304688,694.1817016601562,855.3897705078125
1790704505.032394,0,0,809.330322265625,700.7615966796875,695.82666015625,809.330322265625
1790704505.04336,0,0,861.9697265625,681.0218505859375,704.0515747070312,848.8098754882812
1790704505.0538976,0,0,809.330322265625,687.601806640625,707.341552734375,829.070068359375
1790704505.0645719,0,0,704.0515747070312,667.8619995117188,710.6315307617188,802.7504272460938
1790704505.0754962,0,0,730.3712768554688,697.4716796875,708.9865112304688,822.4901733398438
1790704505.086026,0,0,730.3712768554688,697.4716796875,708.9865112304688,822.4901733398438
1790704505.0974622,0,0,730.3712768554688,697.4716796875,708.9865112304688,822.4901733398438
1790704505.1081717,0,0,730.3712768554688,697.4716796875,708.9865112304688,822.4901733398438
1790704505.119118,0,0,730.3712768554688,676.0869140625,712.2764892578125,855.3897705078125
1790704505.1299613,0,0,519.8137817382812,682.6668701171875,707.341552734375,776.4307250976562
1790704505.140808,0,0,519.8137817382812,656.34716796875,710.6315307617188,796.1704711914062
1790704505.1513274,0,0,493.4941101074219,677.7318725585938,710.6315307617188,750.1110229492188
1790704505.1623032,0,0,598.7728271484375,676.0869140625,707.341552734375,822.4901733398438
1790704505.1730204,0,0,598.7728271484375,676.0869140625,707.341552734375,822.4901733398438
1790704505.1834333,0,0,598.7728271484375,676.0869140625,707.341552734375,822.4901733398438
1790704505.1942568,0,0,598.7728271484375,676.0869140625,707.341552734375,822.4901733398438
1790704505.2051065,0,0,598.7728271484375,676.0869140625,707.341552734375,822.4901733398438
1790704505.216315,0,0,598.7728271484375,676.0869140625,707.341552734375,822.4901733398438
1790704505.2272346,0,0,546.1334838867188,685.956787109375,707.341552734375,845.5198974609375
1790704505.238095,0,0,335.57598876953125,681.0218505859375,710.6315307617188,750.1110229492188
1790704505.2489398,0,0,467.1744079589844,672.7969360351562,715.5664672851562,838.9400024414062
1790704505.2600245,0,0,335.57598876953125,718.8563842773438,712.2764892578125,783.0106201171875
1790704505.2706091,0,0,388.2153625488281,702.4066162109375,717.21142578125,815.9102783203125
1790704505.2816768,0,0,388.2153625488281,702.4066162109375,717.21142578125,815.9102783203125
1790704505.292738,0,0,388.2153625488281,702.4066162109375,717.21142578125,815.9102783203125
1790704505.3036864,0,0,388.2153625488281,702.4066162109375,717.21142578125,815.9102783203125
1790704505.314845,0,0,388.2153625488281,702.4066162109375,717.21142578125,815.9102783203125
1790704505.325891,0,0,282.9366149902344,710.6315307617188,712.2764892578125,778.07568359375
1790704505.3364887,0,0,256.616943359375,671.1519775390625,715.5664672851562,778.07568359375
1790704505.3473692,0,0,151.33819580078125,679.3768920898438,717.21142578125,745.1760864257812
1790704505.3579533,0,0,125.01850891113281,664.5720825195312,722.1463623046875,774.7857666015625
1790704505.3684707,0,0,125.01850891113281,657.9921264648438,725.4363403320312,814.2652587890625
1790704505.3795397,0,0,125.01850891113281,657.9921264648438,725.4363403320312,814.2652587890625
1790704505.3903394,0,0,125.01850891113281,657.9921264648438,725.4363403320312,814.2652587890625
1790704505.4012315,0,0,125.01850891113281,657.9921264648438,725.4363403320312,814.2652587890625
1790704505.4123652,0,0,125.01850891113281,657.9921264648438,725.4363403320312,814.2652587890625
1790704505.4230838,0,0,0.0,697.4716796875,718.8563842773438,755.0459594726562
1790704505.4341412,0,0,0.0,672.7969360351562,732.0162353515625,761.6259155273438
1790704505.4448907,0,0,131.5984344482422,653.0571899414062,733.6612548828125,840.5849609375
1790704505.4554586,0,0,0.0,656.34716796875,732.0162353515625,748.466064453125
1790704505.466546,0,0,105.27873992919922,682.6668701171875,725.4363403320312,794.5255126953125
1790704505.4769874,0,0,105.27873992919922,682.6668701171875,725.4363403320312,794.5255126953125
1790704505.4875867,0,0,105.27873992919922,682.6668701171875,725.4363403320312,794.5255126953125
1790704505.4983902,0,0,105.27873992919922,682.6668701171875,725.4363403320312,794.5255126953125
1790704505.5092657,0,0,105.27873992919922,682.6668701171875,725.4363403320312,794.5255126953125
1790704505.520296,0,0,105.27873992919922,682.6668701171875,725.4363403320312,794.5255126953125
1790704505.531488,0,0,13.159842491149902,661.2821044921875,732.0162353515625,768.205810546875
1790704505.5422916,0,0,904.7391967773438,657.9921264648438,722.1463623046875,873.4845581054688
1790704505.5528255,0,0,957.3785400390625,681.0218505859375,723.7913208007812,893.2243041992188
1790704505.5635126,0,0,825.7801513671875,664.5720825195312,727.081298828125,840.5849609375
1790704505.5744042,0,0,878.4194946289062,676.0869140625,727.081298828125,866.9046630859375
1790704505.5849588,0,0,878.4194946289062,676.0869140625,727.081298828125,866.9046630859375
1790704505.5956266,0,0,878.4194946289062,676.0869140625,727.081298828125,866.9046630859375
1790704505.606379,0,0,878.4194946289062,676.0869140625,727.081298828125,866.9046630859375
1790704505.616911,0,0,878.4194946289062,676.0869140625,727.081298828125,866.9046630859375
1790704505.6273968,0,0,720.5014038085938,662.9270629882812,727.081298828125,791.2355346679688
1790704505.6381195,0,0,852.0997924804688,700.7615966796875,723.7913208007812,873.4845581054688
1790704505.6488652,0,0,720.5014038085938,684.3118286132812,728.726318359375,787.945556640625
1790704505.659797,0,0,825.7801513671875,664.5720825195312,732.0162353515625,857.0347290039062
1790704505.6707146,0,0,825.7801513671875,664.5720825195312,732.0162353515625,857.0347290039062
1790704505.6823056,0,0,825.7801513671875,664.5720825195312,732.0162353515625,857.0347290039062
1790704505.6932342,0,0,825.7801513671875,664.5720825195312,732.0162353515625,857.0347290039062
1790704505.7038367,0,0,825.7801513671875,661.2821044921875,728.726318359375,863.6146850585938
1790704505.7148561,0,0,681.0218505859375,661.2821044921875,728.726318359375,781.3656616210938
1790704505.7257745,0,0,799.46044921875,669.5070190429688,732.0162353515625,837.2949829101562
1790704505.736674,0,0,707.341552734375,682.6668701171875,730.3712768554688,787.945556640625
1790704505.7474148,0,0,733.6612548828125,661.2821044921875,730.3712768554688,814.2652587890625
1790704505.758394,0,0,707.341552734375,697.4716796875,730.3712768554688,814.2652587890625
1790704505.7694237,0,0,707.341552734375,697.4716796875,730.3712768554688,814.2652587890625
1790704505.7800806,0,0,707.341552734375,697.4716796875,730.3712768554688,814.2652587890625
1790704505.7909932,0,0,707.341552734375,697.4716796875,730.3712768554688,814.2652587890625
1790704505.8017185,0,0,707.341552734375,697.4716796875,730.3712768554688,814.2652587890625
1790704505.8129182,0,0,707.341552734375,697.4716796875,730.3712768554688,814.2652587890625
1790704505.8235788,0,0,602.0628051757812,697.4716796875,733.6612548828125,761.6259155273438
1790704505.8347263,0,0,681.0218505859375,694.1817016601562,736.951171875,801.1054077148438
1790704505.8459516,0,0,654.7021484375,695.82666015625,736.951171875,801.1054077148438
1790704505.8566906,0,0,654.7021484375,712.2764892578125,727.081298828125,814.2652587890625
1790704505.867177,0,0,575.7431030273438,705.6965942382812,736.951171875,774.7857666015625
1790704505.8778427,0,0,575.7431030273438,705.6965942382812,736.951171875,774.7857666015625
1790704505.888478,0,0,575.7431030273438,705.6965942382812,736.951171875,774.7857666015625
1790704505.8995512,0,0,575.7431030273438,705.6965942382812,736.951171875,774.7857666015625
1790704505.9101405,0,0,575.7431030273438,705.6965942382812,736.951171875,774.7857666015625
1790704505.9207845,0,0,575.7431030273438,705.6965942382812,736.951171875,774.7857666015625
1790704505.9315503,0,0,523.103759765625,689.2467651367188,741.8861083984375,764.9158325195312
1790704505.942238,0,0,417.82501220703125,671.1519775390625,745.1760864257812,722.1463623046875
1790704505.9532309,0,0,444.1446838378906,699.1166381835938,743.5311279296875,728.726318359375
1790704505.9645016,0,0,496.7840576171875,699.1166381835938,746.8211059570312,771.4957885742188
1790704505.9753196,0,0,496.7840576171875,699.1166381835938,746.8211059570312,771.4957885742188
1790704505.9861543,0,0,496.7840576171875,699.1166381835938,746.8211059570312,771.4957885742188
1790704505.9968345,0,0,496.7840576171875,699.1166381835938,746.8211059570312,771.4957885742188
1790704506.0078542,0,0,496.7840576171875,699.1166381835938,746.8211059570312,771.4957885742188
1790704506.018783,0,0,496.7840576171875,699.1166381835938,746.8211059570312,771.4957885742188
1790704506.029839,0,0,496.7840576171875,699.1166381835938,746.8211059570312,771.4957885742188
1790704506.0407088,0,0,259.9068908691406,667.8619995117188,750.1110229492188,695.82666015625
1790704506.0513525,0,0,259.9068908691406,692.5367431640625,745.1760864257812,695.82666015625
1790704506.0619895,0,0,365.1856384277344,722.1463623046875,740.2411499023438,761.6259155273438
1790704506.0727062,0,0,233.5872039794922,690.8917236328125,743.5311279296875,702.4066162109375
1790704506.0837963,0,0,299.38641357421875,702.4066162109375,740.2411499023438,738.59619140625
1790704506.0943162,0,0,299.38641357421875,702.4066162109375,740.2411499023438,738.59619140625
1790704506.1053214,0,0,299.38641357421875,702.4066162109375,740.2411499023438,738.59619140625
1790704506.1161141,0,0,299.38641357421875,702.4066162109375,740.2411499023438,738.59619140625
1790704506.127036,0,0,299.38641357421875,702.4066162109375,740.2411499023438,738.59619140625
1790704506.1378286,0,0,180.9478302001953,702.4066162109375,743.5311279296875,685.956787109375
1790704506.1483362,0,0,919.5440063476562,720.5014038085938,743.5311279296875,870.194580078125
1790704506.159354,0,0,893.2243041992188,725.4363403320312,748.466064453125,889.9343872070312
1790704506.169864,0,0,814.2652587890625,712.2764892578125,753.4010009765625,860.32470703125
1790704506.1806498,0,0,840.5849609375,718.8563842773438,750.1110229492188,889.9343872070312
1790704506.1912892,0,0,840.5849609375,718.8563842773438,750.1110229492188,889.9343872070312
1790704506.202519,0,0,840.5849609375,718.8563842773438,750.1110229492188,889.9343872070312
1790704506.2133117,0,0,840.5849609375,718.8563842773438,750.1110229492188,889.9343872070312
1790704506.2238057,0,0,840.5849609375,718.8563842773438,750.1110229492188,889.9343872070312
1790704506.234347,0,0,840.5849609375,718.8563842773438,750.1110229492188,889.9343872070312
1790704506.2452862,0,0,840.5849609375,722.1463623046875,753.4010009765625,903.09423828125
1790704506.255897,0,0,708.9865112304688,707.341552734375,746.8211059570312,824.1351318359375
1790704506.2664404,0,0,708.9865112304688,690.8917236328125,755.0459594726562,830.715087890625
1790704506.2772465,0,0,708.9865112304688,697.4716796875,758.3359375,817.5552368164062
1790704506.2882922,1,0,801.1054077148438,715.5664672851562,758.3359375,870.194580078125
1790704506.2996705,1,0,801.1054077148438,715.5664672851562,758.3359375,870.194580078125
1790704506.3103986,1,0,801.1054077148438,715.5664672851562,758.3359375,870.194580078125
1790704506.3217587,1,0,801.1054077148438,715.5664672851562,758.3359375,870.194580078125
1790704506.3326156,1,0,801.1054077148438,715.5664672851562,758.3359375,870.194580078125
1790704506.343235,1,0,801.1054077148438,715.5664672851562,758.3359375,870.194580078125
1790704506.354084,1,0,722.1463623046875,722.1463623046875,748.466064453125,797.8154907226562
1790704506.3652942,1,0,853.7448120117188,700.7615966796875,755.0459594726562,876.7745361328125
1790704506.376657,1,0,695.82666015625,708.9865112304688,750.1110229492188,799.46044921875
1790704506.3872516,1,0,774.7857666015625,725.4363403320312,755.0459594726562,848.8098754882812
1790704506.397952,1,0,774.7857666015625,725.4363403320312,755.0459594726562,848.8098754882812
1790704506.408793,1,0,774.7857666015625,725.4363403320312,755.0459594726562,848.8098754882812
1790704506.420044,1,0,774.7857666015625,725.4363403320312,755.0459594726562,848.8098754882812
1790704506.4308834,1,0,774.7857666015625,725.4363403320312,755.0459594726562,848.8098754882812
1790704506.442421,1,0,774.7857666015625,725.4363403320312,755.0459594726562,848.8098754882812
1790704506.4530613,1,0,669.5070190429688,707.341552734375,755.0459594726562,794.5255126953125
1790704506.463982,1,0,669.5070190429688,705.6965942382812,750.1110229492188,781.3656616210938
1790704506.4751718,1,0,774.7857666015625,728.726318359375,741.8861083984375,837.2949829101562
1790704506.4859467,1,0,774.7857666015625,728.726318359375,741.8861083984375,837.2949829101562
1790704506.4967296,1,0,774.7857666015625,728.726318359375,741.8861083984375,837.2949829101562
1790704506.5077844,1,0,774.7857666015625,728.726318359375,741.8861083984375,837.2949829101562
1790704506.5187356,1,0,774.7857666015625,728.726318359375,741.8861083984375,837.2949829101562
1790704506.529375,1,0,774.7857666015625,743.5311279296875,736.951171875,840.5849609375
1790704506.5401793,1,0,695.82666015625,704.0515747070312,746.8211059570312,807.6853637695312
1790704506.550806,1,0,643.1873168945312,725.4363403320312,740.2411499023438,784.6556396484375
1790704506.5614462,1,0,669.5070190429688,676.0869140625,751.7560424804688,824.1351318359375
1790704506.5726116,1,0,682.6668701171875,728.726318359375,746.8211059570312,817.5552368164062
1790704506.5831208,1,0,708.9865112304688,694.1817016601562,748.466064453125,853.7448120117188
1790704506.5944045,1,0,708.9865112304688,694.1817016601562,748.466064453125,853.7448120117188
1790704506.6050782,1,0,708.9865112304688,694.1817016601562,748.466064453125,853.7448120117188
1790704506.6158624,1,0,708.9865112304688,694.1817016601562,748.466064453125,853.7448120117188
1790704506.6267025,1,0,708.9865112304688,694.1817016601562,748.466064453125,853.7448120117188
1790704506.637641,1,0,603.707763671875,684.3118286132812,755.0459594726562,797.8154907226562
1790704506.6483622,1,0,643.1873168945312,679.3768920898438,758.3359375,853.7448120117188
1790704506.659177,1,0,485.2691955566406,712.2764892578125,753.4010009765625,791.2355346679688
1790704506.6700187,1,0,564.228271484375,689.2467651367188,758.3359375,866.9046630859375
1790704506.6812987,1,0,564.228271484375,689.2467651367188,758.3359375,866.9046630859375
1790704506.69252,1,0,564.228271484375,689.2467651367188,758.3359375,866.9046630859375
1790704506.7033677,1,0,564.228271484375,689.2467651367188,758.3359375,866.9046630859375
1790704506.7141125,1,0,564.228271484375,689.2467651367188,758.3359375,866.9046630859375
1790704506.725471,1,0,590.5479125976562,718.8563842773438,753.4010009765625,870.194580078125
1790704506.7365558,1,0,564.228271484375,740.2411499023438,758.3359375,873.4845581054688
1790704506.7473145,1,0,825.7801513671875,712.2764892578125,761.6259155273438,824.1351318359375
1790704506.7583947,1,0,983.6982421875,720.5014038085938,759.9808959960938,916.2540283203125
1790704506.7692072,1,0,852.0997924804688,712.2764892578125,763.2708740234375,837.2949829101562
1790704506.779889,1,0,957.3785400390625,699.1166381835938,766.5608520507812,903.09423828125
1790704506.7907572,1,0,957.3785400390625,699.1166381835938,766.5608520507812,903.09423828125
1790704506.8014538,1,0,957.3785400390625,699.1166381835938,766.5608520507812,903.09423828125
1790704506.8119621,1,0,957.3785400390625,699.1166381835938,766.5608520507812,903.09423828125
1790704506.8229678,1,0,957.3785400390625,699.1166381835938,766.5608520507812,903.09423828125
1790704506.8338866,1,0,957.3785400390625,699.1166381835938,766.5608520507812,903.09423828125
1790704506.8449917,1,0,957.3785400390625,702.4066162109375,764.9158325195312,916.2540283203125
1790704506.856306,1,0,825.7801513671875,715.5664672851562,768.205810546875,855.3897705078125
1790704506.867365,1,0,825.7801513671875,710.6315307617188,769.850830078125,832.3600463867188
1790704506.8781536,1,0,852.0997924804688,723.7913208007812,768.205810546875,850.454833984375
1790704506.889035,1,0,904.7391967773438,725.4363403320312,771.4957885742188,863.6146850585938
1790704506.9001398,1,0,904.7391967773438,725.4363403320312,771.4957885742188,863.6146850585938
1790704506.910837,1,0,904.7391967773438,725.4363403320312,771.4957885742188,863.6146850585938
1790704506.9219723,1,0,904.7391967773438,725.4363403320312,771.4957885742188,863.6146850585938
1790704506.932837,1,0,904.7391967773438,725.4363403320312,771.4957885742188,863.6146850585938
1790704506.944199,1,0,904.7391967773438,725.4363403320312,771.4957885742188,863.6146850585938
1790704506.9551651,1,0,825.7801513671875,727.081298828125,771.4957885742188,830.715087890625
1790704506.9660087,1,0,799.46044921875,697.4716796875,774.7857666015625,817.5552368164062
1790704506.9767678,1,0,720.5014038085938,717.21142578125,778.07568359375,804.3953857421875
1790704506.9877737,1,0,773.1407470703125,722.1463623046875,779.720703125,840.5849609375
1790704506.9987566,1,0,773.1407470703125,722.1463623046875,779.720703125,840.5849609375
1790704507.0102465,1,0,773.1407470703125,722.1463623046875,779.720703125,840.5849609375
1790704507.0210779,1,0,773.1407470703125,722.1463623046875,779.720703125,840.5849609375
1790704507.032136,1,0,773.1407470703125,722.1463623046875,779.720703125,840.5849609375
1790704507.0432823,1,0,667.8619995117188,722.1463623046875,774.7857666015625,787.945556640625
1790704507.0545259,1,0,694.1817016601562,699.1166381835938,768.205810546875,817.5552368164062
1790704507.0654292,1,0,667.8619995117188,748.466064453125,776.4307250976562,778.07568359375
1790704507.0760791,1,0,825.7801513671875,761.6259155273438,779.720703125,870.194580078125
1790704507.0868893,1,0,746.8211059570312,743.5311279296875,792.8805541992188,830.715087890625
1790704507.0978189,1,0,746.8211059570312,741.8861083984375,786.3005981445312,850.454833984375
1790704507.1083918,1,0,746.8211059570312,741.8861083984375,786.3005981445312,850.454833984375
1790704507.119301,1,0,746.8211059570312,741.8861083984375,786.3005981445312,850.454833984375
1790704507.130222,1,0,746.8211059570312,741.8861083984375,786.3005981445312,850.454833984375
1790704507.1410925,1,0,746.8211059570312,741.8861083984375,786.3005981445312,850.454833984375
1790704507.1519365,1,0,615.22265625,761.6259155273438,787.945556640625,771.4957885742188
1790704507.163028,1,0,615.22265625,761.6259155273438,787.945556640625,771.4957885742188
1790704507.1744645,1,0,562.583251953125,781.3656616210938,758.3359375,758.3359375
1790704507.1851768,1,0,694.1817016601562,756.6909790039062,741.8861083984375,850.454833984375
1790704507.1958995,1,0,694.1817016601562,756.6909790039062,741.8861083984375,850.454833984375
1790704507.2067635,1,0,694.1817016601562,756.6909790039062,741.8861083984375,850.454833984375
1790704507.2177944,1,0,694.1817016601562,756.6909790039062,741.8861083984375,850.454833984375
1790704507.2283626,1,0,694.1817016601562,756.6909790039062,741.8861083984375,850.454833984375
1790704507.2392762,1,0,667.8619995117188,684.3118286132812,764.9158325195312,863.6146850585938
1790704507.2504525,1,0,457.3045349121094,1663.0750732421875,860.32470703125,600.4178466796875
1790704507.261575,1,0,509.94390869140625,1653.2052001953125,939.2837524414062,653.0571899414062
1790704507.272484,1,0,0.0,1658.14013671875,1070.8822021484375,74.02411651611328
1790704507.2832031,1,0,0.0,1649.915283203125,1228.80029296875,47.704429626464844
1790704507.2941453,1,0,52.63936996459961,1654.8502197265625,1439.3577880859375,47.704429626464844
1790704507.3050296,1,0,52.63936996459961,1654.8502197265625,1439.3577880859375,47.704429626464844
1790704507.3157496,1,0,52.63936996459961,1654.8502197265625,1439.3577880859375,47.704429626464844
1790704507.3263044,1,0,52.63936996459961,1654.8502197265625,1439.3577880859375,47.704429626464844
1790704507.3369517,1,0,52.63936996459961,1654.8502197265625,1439.3577880859375,47.704429626464844
1790704507.3480902,1,0,0.0,1656.4952392578125,1465.677490234375,74.02411651611328
1790704507.3586752,1,0,108.5687026977539,1653.2052001953125,1682.81494140625,223.7173309326172
1790704507.3695264,1,0,187.5277557373047,1651.560302734375,1649.915283203125,302.6763916015625
1790704507.3804405,1,0,450.724609375,1653.2052001953125,1041.2725830078125,618.5126342773438
1790704507.3911924,1,0,450.724609375,1653.2052001953125,1041.2725830078125,618.5126342773438
1790704507.40181,1,0,450.724609375,1653.2052001953125,1041.2725830078125,618.5126342773438
1790704507.4127903,1,0,450.724609375,1653.2052001953125,1041.2725830078125,618.5126342773438
1790704507.4241397,1,0,450.724609375,1653.2052001953125,1041.2725830078125,618.5126342773438
1790704507.4350028,1,0,345.44586181640625,1653.2052001953125,1014.952880859375,539.5535278320312
1790704507.445638,1,0,503.3639831542969,1653.2052001953125,778.07568359375,710.6315307617188
1790704507.4563465,1,0,582.3230590820312,1653.2052001953125,620.1575927734375,723.7913208007812
1790704507.4672434,1,0,424.4049377441406,1653.2052001953125,605.352783203125,657.9921264648438
1790704507.4781618,1,0,529.6836547851562,1495.287109375,562.583251953125,802.7504272460938
1790704507.4892418,1,0,608.6427001953125,1442.647705078125,560.9382934570312,855.3897705078125
1790704507.5004501,1,0,608.6427001953125,1442.647705078125,560.9382934570312,855.3897705078125
1790704507.5117762,1,0,608.6427001953125,1442.647705078125,560.9382934570312,855.3897705078125
1790704507.5222669,1,0,608.6427001953125,1442.647705078125,560.9382934570312,855.3897705078125
1790704507.5331674,1,0,608.6427001953125,1442.647705078125,560.9382934570312,855.3897705078125
1790704507.5438778,1,0,582.3230590820312,1179.450927734375,605.352783203125,973.828369140625
1790704507.5546246,1,0,477.0443115234375,968.8934326171875,653.0571899414062,960.6685180664062
1790704507.565908,1,0,398.0852355957031,784.6556396484375,681.0218505859375,924.4789428710938
1790704507.576921,1,0,477.0443115234375,455.6595458984375,735.3062133789062,904.7391967773438
1790704507.5879982,1,0,608.6427001953125,350.38079833984375,758.3359375,871.839599609375
1790704507.5991526,1,0,608.6427001953125,350.38079833984375,758.3359375,871.839599609375
1790704507.6098852,1,0,608.6427001953125,350.38079833984375,758.3359375,871.839599609375
1790704507.6206496,1,0,608.6427001953125,350.38079833984375,758.3359375,871.839599609375
1790704507.6318166,1,0,608.6427001953125,350.38079833984375,758.3359375,871.839599609375
1790704507.6426442,1,0,529.6836547851562,429.3398742675781,761.6259155273438,779.720703125
1790704507.6535838,1,0,740.2411499023438,437.56475830078125,771.4957885742188,845.5198974609375
1790704507.6645756,1,0,713.9214477539062,445.7896728515625,781.3656616210938,779.720703125
1790704507.6754458,1,0,582.3230590820312,445.7896728515625,807.6853637695312,648.1222534179688
1790704507.6859922,1,0,661.2821044921875,445.7896728515625,810.9752807617188,700.7615966796875
1790704507.697669,1,0,661.2821044921875,445.7896728515625,810.9752807617188,700.7615966796875
1790704507.7086484,1,0,661.2821044921875,445.7896728515625,810.9752807617188,700.7615966796875
1790704507.719563,1,0,661.2821044921875,445.7896728515625,810.9752807617188,700.7615966796875
1790704507.7303293,1,0,661.2821044921875,445.7896728515625,810.9752807617188,700.7615966796875
1790704507.742095,1,0,582.3230590820312,445.7896728515625,817.5552368164062,641.5423583984375
1790704507.7530327,1,0,582.3230590820312,445.7896728515625,832.3600463867188,641.5423583984375
1790704507.763623,1,0,556.0033569335938,445.7896728515625,830.715087890625,621.8025512695312
1790704507.7744656,1,0,687.601806640625,445.7896728515625,834.0050048828125,687.601806640625
1790704507.78503,1,0,582.3230590820312,445.7896728515625,835.6500244140625,634.96240234375
1790704507.7956812,1,0,582.3230590820312,445.7896728515625,843.8749389648438,661.2821044921875
1790704507.806842,1,0,582.3230590820312,445.7896728515625,843.8749389648438,661.2821044921875
1790704507.8175027,1,0,582.3230590820312,445.7896728515625,843.8749389648438,661.2821044921875
1790704507.8283098,1,0,582.3230590820312,445.7896728515625,843.8749389648438,661.2821044921875
1790704507.839056,1,0,582.3230590820312,445.7896728515625,843.8749389648438,661.2821044921875
1790704507.8499205,1,0,608.6427001953125,445.7896728515625,847.1648559570312,687.601806640625
1790704507.860735,1,0,450.724609375,445.7896728515625,855.3897705078125,621.8025512695312
1790704507.8712726,1,0,371.76556396484375,445.7896728515625,852.0997924804688,588.9029541015625
1790704507.8819294,1,0,319.1261901855469,449.0796203613281,860.32470703125,579.0330810546875
1790704507.8928924,1,0,319.1261901855469,449.0796203613281,860.32470703125,579.0330810546875
1790704507.9034503,1,0,319.1261901855469,449.0796203613281,860.32470703125,579.0330810546875
1790704507.9144645,1,0,319.1261901855469,449.0796203613281,860.32470703125,579.0330810546875
1790704507.9251955,1,0,319.1261901855469,449.0796203613281,860.32470703125,579.0330810546875
1790704507.9360054,1,0,1108.716796875,205.62254333496094,732.0162353515625,903.09423828125
1790704507.947307,1,0,977.1183471679688,194.10768127441406,736.951171875,820.84521484375
1790704507.9580834,1,0,924.4789428710938,228.6522674560547,736.951171875,814.2652587890625
1790704507.968683,1,0,950.7986450195312,274.71173095703125,738.59619140625,824.1351318359375
1790704507.979407,1,0,1082.3970947265625,294.45147705078125,741.8861083984375,909.6741333007812
1790704507.9907956,1,0,950.7986450195312,340.51092529296875,736.951171875,857.0347290039062
1790704508.0019917,1,0,950.7986450195312,340.51092529296875,736.951171875,857.0347290039062
1790704508.0129282,1,0,950.7986450195312,340.51092529296875,736.951171875,857.0347290039062
1790704508.0240364,1,0,950.7986450195312,340.51092529296875,736.951171875,857.0347290039062
1790704508.0349693,1,0,950.7986450195312,340.51092529296875,736.951171875,857.0347290039062
1790704508.0455813,1,0,950.7986450195312,340.51092529296875,736.951171875,857.0347290039062
1790704508.0565052,1,0,1003.43798828125,358.605712890625,740.2411499023438,883.3544311523438
1790704508.0672133,1,0,871.839599609375,324.0611267089844,748.466064453125,843.8749389648438
1790704508.0781267,1,0,766.5608520507812,393.1502990722656,748.466064453125,797.8154907226562
1790704508.0889673,1,0,792.8805541992188,414.5350341796875,745.1760864257812,810.9752807617188
1790704508.0999322,1,0,740.2411499023438,416.1800231933594,753.4010009765625,827.4251098632812
1790704508.1106145,1,0,766.5608520507812,465.5294494628906,743.5311279296875,827.4251098632812
1790704508.121141,1,0,766.5608520507812,465.5294494628906,743.5311279296875,827.4251098632812
1790704508.131922,1,0,766.5608520507812,465.5294494628906,743.5311279296875,827.4251098632812
1790704508.1425183,1,0,766.5608520507812,465.5294494628906,743.5311279296875,827.4251098632812
1790704508.1531107,1,0,766.5608520507812,465.5294494628906,743.5311279296875,827.4251098632812
1790704508.163966,1,0,766.5608520507812,465.5294494628906,743.5311279296875,827.4251098632812
1790704508.1749172,1,0,687.601806640625,488.5591735839844,745.1760864257812,810.9752807617188
1790704508.1859548,1,0,687.601806640625,463.88446044921875,748.466064453125,797.8154907226562
1790704508.1966329,1,0,687.601806640625,500.07403564453125,748.466064453125,761.6259155273438
1790704508.207986,1,0,766.5608520507812,521.458740234375,758.3359375,810.9752807617188
1790704508.2186534,1,0,766.5608520507812,521.458740234375,758.3359375,810.9752807617188
1790704508.2296536,1,0,766.5608520507812,521.458740234375,758.3359375,810.9752807617188
1790704508.2406783,1,0,766.5608520507812,521.458740234375,758.3359375,810.9752807617188
1790704508.2517917,1,0,766.5608520507812,521.458740234375,758.3359375,810.9752807617188
1790704508.2626128,1,0,766.5608520507812,521.458740234375,758.3359375,810.9752807617188
1790704508.273545,1,0,792.8805541992188,519.8137817382812,755.0459594726562,824.1351318359375
1790704508.2842155,1,0,661.2821044921875,559.2933349609375,759.9808959960938,738.59619140625
1790704508.2950094,1,0,608.6427001953125,524.7487182617188,766.5608520507812,751.7560424804688
1790704508.3055475,1,0,556.0033569335938,542.843505859375,759.9808959960938,761.6259155273438
1790704508.3166814,1,0,608.6427001953125,557.6483154296875,756.6909790039062,794.5255126953125
1790704508.3274138,1,0,608.6427001953125,557.6483154296875,756.6909790039062,794.5255126953125
1790704508.3382583,1,0,608.6427001953125,557.6483154296875,756.6909790039062,794.5255126953125
1790704508.3492537,1,0,608.6427001953125,557.6483154296875,756.6909790039062,794.5255126953125
1790704508.3599606,1,0,608.6427001953125,557.6483154296875,756.6909790039062,794.5255126953125
1790704508.3706894,1,0,661.2821044921875,570.8081665039062,766.5608520507812,840.5849609375
1790704508.381383,1,0,608.6427001953125,585.6129760742188,761.6259155273438,810.9752807617188
1790704508.3918862,1,0,582.3230590820312,593.837890625,766.5608520507812,810.9752807617188
1790704508.4024901,1,0,398.0852355957031,600.4178466796875,769.850830078125,776.4307250976562
1790704508.4131944,1,0,424.4049377441406,583.968017578125,773.1407470703125,822.4901733398438
1790704508.4240732,1,0,292.8064880371094,597.1278686523438,778.07568359375,753.4010009765625
1790704508.4345675,1,0,820.84521484375,600.4178466796875,776.4307250976562,825.7801513671875
1790704508.4457984,1,0,899.8042602539062,605.352783203125,778.07568359375,884.9994506835938
1790704508.4563262,1,0,899.8042602539062,605.352783203125,778.07568359375,884.9994506835938
1790704508.467089,1,0,899.8042602539062,605.352783203125,778.07568359375,884.9994506835938
1790704508.4780796,1,0,899.8042602539062,605.352783203125,778.07568359375,884.9994506835938
1790704508.4887807,1,0,899.8042602539062,605.352783203125,778.07568359375,884.9994506835938
1790704508.499906,1,0,899.8042602539062,605.352783203125,778.07568359375,884.9994506835938
1790704508.5107598,1,0,794.5255126953125,631.6724243164062,776.4307250976562,858.6797485351562
1790704508.5217628,1,0,899.8042602539062,648.1222534179688,778.07568359375,911.319091796875
1790704508.5328379,1,0,847.1648559570312,638.2523803710938,776.4307250976562,904.7391967773438
1790704508.5437014,1,0,715.5664672851562,644.832275390625,773.1407470703125,842.2299194335938
1790704508.5545344,1,0,741.8861083984375,631.6724243164062,774.7857666015625,901.44921875
1790704508.565345,1,0,715.5664672851562,671.1519775390625,776.4307250976562,881.70947265625
1790704508.575981,1,0,715.5664672851562,671.1519775390625,776.4307250976562,881.70947265625
1790704508.5865767,1,0,715.5664672851562,671.1519775390625,776.4307250976562,881.70947265625
1790704508.5974114,1,0,715.5664672851562,671.1519775390625,776.4307250976562,881.70947265625
1790704508.6081944,1,0,715.5664672851562,671.1519775390625,776.4307250976562,881.70947265625
1790704508.6189513,1,0,715.5664672851562,671.1519775390625,776.4307250976562,881.70947265625
1790704508.6300263,1,0,662.9270629882812,677.7318725585938,774.7857666015625,865.2596435546875
1790704508.641255,1,0,636.607421875,646.477294921875,783.0106201171875,858.6797485351562
1790704508.6521246,1,0,715.5664672851562,671.1519775390625,783.0106201171875,898.1592407226562
1790704508.6628032,1,0,583.968017578125,654.7021484375,779.720703125,825.7801513671875
1790704508.6741195,1,0,636.607421875,653.0571899414062,784.6556396484375,871.839599609375
1790704508.6850824,1,0,636.607421875,653.0571899414062,784.6556396484375,871.839599609375
1790704508.6960363,1,0,636.607421875,653.0571899414062,784.6556396484375,871.839599609375
1790704508.7066572,1,0,636.607421875,653.0571899414062,784.6556396484375,871.839599609375
1790704508.7173536,1,0,636.607421875,653.0571899414062,784.6556396484375,871.839599609375
1790704508.728345,1,0,636.607421875,653.0571899414062,784.6556396484375,871.839599609375
1790704508.7394571,1,0,478.68927001953125,661.2821044921875,783.0106201171875,815.9102783203125
1790704508.7501638,1,0,557.6483154296875,687.601806640625,779.720703125,881.70947265625
1790704508.7611763,1,0,505.00897216796875,725.4363403320312,779.720703125,861.9697265625
1790704508.7721117,1,0,347.0908508300781,704.0515747070312,787.945556640625,814.2652587890625
1790704508.7831762,1,0,399.730224609375,681.0218505859375,794.5255126953125,855.3897705078125
1790704508.7940063,1,0,399.730224609375,681.0218505859375,794.5255126953125,855.3897705078125
1790704508.8048103,1,0,399.730224609375,681.0218505859375,794.5255126953125,855.3897705078125
1790704508.8156126,1,0,399.730224609375,681.0218505859375,794.5255126953125,855.3897705078125
1790704508.826136,1,0,399.730224609375,681.0218505859375,794.5255126953125,855.3897705078125
1790704508.8368742,1,0,426.0498962402344,694.1817016601562,792.8805541992188,883.3544311523438
1790704508.8481429,1,0,320.77117919921875,700.7615966796875,797.8154907226562,822.4901733398438
1790704508.8590405,1,0,373.4105529785156,689.2467651367188,789.590576171875,865.2596435546875
1790704508.8697429,1,0,268.1318054199219,679.3768920898438,794.5255126953125,810.9752807617188
1790704508.8807273,1,0,215.492431640625,713.9214477539062,787.945556640625,791.2355346679688
1790704508.8914442,1,0,294.45147705078125,694.1817016601562,789.590576171875,837.2949829101562
1790704508.902688,1,0,268.1318054199219,694.1817016601562,787.945556640625,834.0050048828125
1790704508.913322,1,0,268.1318054199219,694.1817016601562,787.945556640625,834.0050048828125
1790704508.9248586,1,0,268.1318054199219,694.1817016601562,787.945556640625,834.0050048828125
1790704508.935628,1,0,268.1318054199219,694.1817016601562,787.945556640625,834.0050048828125
1790704508.9466355,1,0,268.1318054199219,694.1817016601562,787.945556640625,834.0050048828125
1790704508.957557,1,0,268.1318054199219,694.1817016601562,801.1054077148438,843.8749389648438
1790704508.9679797,1,0,268.1318054199219,733.6612548828125,796.1704711914062,843.8749389648438
1790704508.9789724,1,0,189.17274475097656,699.1166381835938,797.8154907226562,810.9752807617188
1790704508.9900458,1,0,162.85305786132812,720.5014038085938,792.8805541992188,791.2355346679688
1790704509.001178,1,0,162.85305786132812,720.5014038085938,792.8805541992188,791.2355346679688
1790704509.0119283,1,0,162.85305786132812,720.5014038085938,792.8805541992188,791.2355346679688
1790704509.0226285,1,0,162.85305786132812,720.5014038085938,792.8805541992188,791.2355346679688
1790704509.0335596,1,0,162.85305786132812,720.5014038085938,792.8805541992188,791.2355346679688
1790704509.0448632,1,0,162.85305786132812,720.5014038085938,792.8805541992188,791.2355346679688
1790704509.0557737,1,0,162.85305786132812,720.5014038085938,792.8805541992188,791.2355346679688
1790704509.0666745,1,0,162.85305786132812,720.5014038085938,792.8805541992188,791.2355346679688
1790704509.0776942,1,0,83.89399719238281,687.601806640625,794.5255126953125,784.6556396484375
1790704509.088965,1,0,110.21368408203125,713.9214477539062,797.8154907226562,784.6556396484375
1790704509.099901,1,0,855.3897705078125,738.59619140625,794.5255126953125,842.2299194335938
1790704509.1105924,1,0,934.3488159179688,715.5664672851562,799.46044921875,881.70947265625
1790704509.1216502,1,0,934.3488159179688,732.0162353515625,794.5255126953125,868.5496215820312
1790704509.1324337,1,0,934.3488159179688,732.0162353515625,794.5255126953125,868.5496215820312
1790704509.1432014,1,0,934.3488159179688,732.0162353515625,794.5255126953125,868.5496215820312
1790704509.1546342,1,0,934.3488159179688,732.0162353515625,794.5255126953125,868.5496215820312
1790704509.165716,1,0,934.3488159179688,732.0162353515625,794.5255126953125,868.5496215820312
1790704509.1767972,1,0,750.1110229492188,720.5014038085938,794.5255126953125,822.4901733398438
1790704509.1876028,1,0,723.7913208007812,736.951171875,787.945556640625,835.6500244140625
1790704509.198392,1,0,723.7913208007812,736.951171875,787.945556640625,835.6500244140625
1790704509.2096188,1,0,723.7913208007812,736.951171875,787.945556640625,835.6500244140625
1790704509.2202773,1,0,723.7913208007812,736.951171875,787.945556640625,835.6500244140625
1790704509.2311506,1,0,723.7913208007812,736.951171875,787.945556640625,835.6500244140625
1790704509.2420754,1,0,723.7913208007812,736.951171875,787.945556640625,835.6500244140625
1790704509.252724,1,0,644.832275390625,718.8563842773438,791.2355346679688,796.1704711914062
1790704509.263744,1,0,750.1110229492188,733.6612548828125,791.2355346679688,868.5496215820312
1790704509.2744088,1,0,618.5126342773438,705.6965942382812,789.590576171875,802.7504272460938
1790704509.2853324,1,0,592.1929321289062,697.4716796875,802.7504272460938,806.0403442382812
1790704509.2960422,1,0,539.5535278320312,710.6315307617188,802.7504272460938,776.4307250976562
1790704509.3068306,1,0,618.5126342773438,723.7913208007812,802.7504272460938,838.9400024414062
1790704509.3177662,1,0,618.5126342773438,723.7913208007812,802.7504272460938,838.9400024414062
1790704509.3284557,1,0,618.5126342773438,723.7913208007812,802.7504272460938,838.9400024414062
1790704509.339723,1,0,618.5126342773438,723.7913208007812,802.7504272460938,838.9400024414062
1790704509.3505,1,0,618.5126342773438,723.7913208007812,802.7504272460938,838.9400024414062
1790704509.3613393,1,0,618.5126342773438,723.7913208007812,802.7504272460938,838.9400024414062
1790704509.3721604,1,0,513.23388671875,715.5664672851562,796.1704711914062,776.4307250976562
1790704509.3830621,1,0,565.8732299804688,712.2764892578125,796.1704711914062,812.6203002929688
1790704509.3944128,1,0,565.8732299804688,712.2764892578125,796.1704711914062,812.6203002929688
1790704509.4053395,1,0,565.8732299804688,712.2764892578125,796.1704711914062,812.6203002929688
1790704509.4159713,1,0,565.8732299804688,712.2764892578125,796.1704711914062,812.6203002929688
1790704509.4268987,1,0,565.8732299804688,712.2764892578125,796.1704711914062,812.6203002929688
1790704509.437722,1,0,565.8732299804688,712.2764892578125,796.1704711914062,812.6203002929688
1790704509.4485686,0,0,486.9141845703125,708.9865112304688,789.590576171875,768.205810546875
1790704509.459335,0,0,592.1929321289062,727.081298828125,789.590576171875,814.2652587890625
1790704509.4699545,0,0,592.1929321289062,727.081298828125,789.590576171875,814.2652587890625
1790704509.4810271,0,0,592.1929321289062,712.2764892578125,787.945556640625,834.0050048828125
1790704509.491776,0,0,539.5535278320312,733.6612548828125,789.590576171875,794.5255126953125
1790704509.502724,0,0,513.23388671875,717.21142578125,791.2355346679688,794.5255126953125
1790704509.5138917,0,0,513.23388671875,717.21142578125,791.2355346679688,794.5255126953125
1790704509.5250185,0,0,513.23388671875,717.21142578125,791.2355346679688,794.5255126953125
1790704509.5356288,0,0,513.23388671875,717.21142578125,791.2355346679688,794.5255126953125
1790704509.5466413,0,0,513.23388671875,717.21142578125,791.2355346679688,794.5255126953125
1790704509.5576594,0,0,513.23388671875,717.21142578125,791.2355346679688,794.5255126953125
1790704509.5684984,0,0,434.2748107910156,733.6612548828125,783.0106201171875,748.466064453125
1790704509.5796857,0,0,565.8732299804688,723.7913208007812,787.945556640625,834.0050048828125
1790704509.590492,0,0,407.95513916015625,704.0515747070312,794.5255126953125,745.1760864257812
1790704509.600971,0,0,486.9141845703125,736.951171875,786.3005981445312,784.6556396484375
1790704509.6117473,0,0,486.9141845703125,736.951171875,786.3005981445312,784.6556396484375
1790704509.6230702,0,0,486.9141845703125,736.951171875,786.3005981445312,784.6556396484375
1790704509.6337314,0,0,486.9141845703125,736.951171875,786.3005981445312,784.6556396484375
1790704509.6442943,0,0,486.9141845703125,736.951171875,786.3005981445312,784.6556396484375
1790704509.6549425,0,0,486.9141845703125,736.951171875,786.3005981445312,784.6556396484375
1790704509.6661031,0,0,539.5535278320312,733.6612548828125,792.8805541992188,824.1351318359375
1790704509.6767416,0,0,539.5535278320312,740.2411499023438,789.590576171875,810.9752807617188
1790704509.687488,0,0,513.23388671875,738.59619140625,787.945556640625,787.945556640625
1790704509.6985972,0,0,434.2748107910156,743.5311279296875,787.945556640625,764.9158325195312
1790704509.7096977,0,0,972.1834106445312,758.3359375,786.3005981445312,893.2243041992188
1790704509.7205198,0,0,866.9046630859375,713.9214477539062,791.2355346679688,840.5849609375
1790704509.7315009,0,0,893.2243041992188,728.726318359375,787.945556640625,840.5849609375
1790704509.7421536,0,0,893.2243041992188,728.726318359375,787.945556640625,840.5849609375
1790704509.753098,0,0,893.2243041992188,728.726318359375,787.945556640625,840.5849609375
1790704509.7643173,0,0,893.2243041992188,728.726318359375,787.945556640625,840.5849609375
1790704509.7750332,0,0,893.2243041992188,728.726318359375,787.945556640625,840.5849609375
1790704509.7862022,0,0,893.2243041992188,728.726318359375,787.945556640625,840.5849609375
1790704509.7970996,0,0,866.9046630859375,712.2764892578125,787.945556640625,820.84521484375
1790704509.8078654,0,0,840.5849609375,727.081298828125,783.0106201171875,801.1054077148438
1790704509.8184774,0,0,814.2652587890625,707.341552734375,794.5255126953125,807.6853637695312
1790704509.829556,0,0,735.3062133789062,718.8563842773438,791.2355346679688,827.4251098632812
1790704509.8408387,0,0,761.6259155273438,730.3712768554688,786.3005981445312,834.0050048828125
1790704509.8518453,0,0,761.6259155273438,730.3712768554688,786.3005981445312,834.0050048828125
1790704509.863111,0,0,761.6259155273438,730.3712768554688,786.3005981445312,834.0050048828125
1790704509.874133,0,0,761.6259155273438,730.3712768554688,786.3005981445312,834.0050048828125
1790704509.885221,0,0,761.6259155273438,730.3712768554688,786.3005981445312,834.0050048828125
1790704509.896202,0,0,682.6668701171875,689.2467651367188,796.1704711914062,807.6853637695312
1790704509.906966,0,0,695.82666015625,727.081298828125,794.5255126953125,814.2652587890625
1790704509.9177122,0,0,603.707763671875,723.7913208007812,796.1704711914062,801.1054077148438
1790704509.9283013,0,0,564.228271484375,735.3062133789062,796.1704711914062,792.8805541992188
1790704509.9390953,0,0,616.8676147460938,699.1166381835938,804.3953857421875,843.8749389648438
1790704509.950018,0,0,616.8676147460938,699.1166381835938,804.3953857421875,843.8749389648438
1790704509.9607997,0,0,616.8676147460938,699.1166381835938,804.3953857421875,843.8749389648438
1790704509.9715774,0,0,616.8676147460938,699.1166381835938,804.3953857421875,843.8749389648438
1790704509.982514,0,0,616.8676147460938,699.1166381835938,804.3953857421875,843.8749389648438
1790704509.9935555,0,0,537.9085693359375,740.2411499023438,796.1704711914062,817.5552368164062
1790704510.0042777,0,0,485.2691955566406,717.21142578125,801.1054077148438,778.07568359375
1790704510.015129,0,0,485.2691955566406,713.9214477539062,802.7504272460938,801.1054077148438
1790704510.0256975,0,0,472.1093444824219,710.6315307617188,799.46044921875,791.2355346679688
1790704510.0364697,0,0,458.94952392578125,730.3712768554688,796.1704711914062,804.3953857421875
1790704510.0472586,0,0,406.3101501464844,710.6315307617188,802.7504272460938,797.8154907226562
1790704510.0586584,0,0,432.62982177734375,740.2411499023438,789.590576171875,810.9752807617188
1790704510.069187,0,0,432.62982177734375,740.2411499023438,789.590576171875,810.9752807617188
1790704510.080299,0,0,432.62982177734375,740.2411499023438,789.590576171875,810.9752807617188
1790704510.0909452,0,0,432.62982177734375,740.2411499023438,789.590576171875,810.9752807617188
1790704510.1016328,0,0,432.62982177734375,740.2411499023438,789.590576171875,810.9752807617188
1790704510.112921,0,0,432.62982177734375,740.2411499023438,789.590576171875,810.9752807617188
1790704510.1235783,0,0,379.9904479980469,735.3062133789062,792.8805541992188,761.6259155273438
1790704510.1344864,0,0,406.3101501464844,764.9158325195312,786.3005981445312,761.6259155273438
1790704510.1454816,0,0,458.94952392578125,751.7560424804688,774.7857666015625,814.2652587890625
1790704510.15677,0,0,353.6707763671875,781.3656616210938,773.1407470703125,741.8861083984375
1790704510.167617,0,0,327.35107421875,758.3359375,776.4307250976562,768.205810546875
1790704510.1783798,0,0,327.35107421875,758.3359375,776.4307250976562,768.205810546875
1790704510.1893852,0,0,327.35107421875,758.3359375,776.4307250976562,768.205810546875
1790704510.200032,0,0,327.35107421875,758.3359375,776.4307250976562,768.205810546875
1790704510.2109108,0,0,327.35107421875,758.3359375,776.4307250976562,768.205810546875
1790704510.222098,0,0,327.35107421875,758.3359375,776.4307250976562,768.205810546875
1790704510.2331254,0,0,379.9904479980469,755.0459594726562,779.720703125,804.3953857421875
1790704510.2439766,0,0,814.2652587890625,741.8861083984375,786.3005981445312,825.7801513671875
1790704510.2550247,0,0,840.5849609375,727.081298828125,792.8805541992188,871.839599609375
1790704510.2662058,0,0,814.2652587890625,748.466064453125,786.3005981445312,845.5198974609375
1790704510.2770402,0,0,814.2652587890625,748.466064453125,786.3005981445312,845.5198974609375
1790704510.2882588,0,0,814.2652587890625,748.466064453125,786.3005981445312,845.5198974609375
1790704510.298834,0,0,814.2652587890625,748.466064453125,786.3005981445312,845.5198974609375
1790704510.3097577,0,0,814.2652587890625,748.466064453125,786.3005981445312,845.5198974609375
1790704510.3210316,0,0,880.064453125,769.850830078125,784.6556396484375,876.7745361328125
1790704510.3318472,0,0,880.064453125,756.6909790039062,792.8805541992188,883.3544311523438
1790704510.3427305,0,0,735.3062133789062,720.5014038085938,794.5255126953125,804.3953857421875
1790704510.3539116,0,0,787.945556640625,759.9808959960938,792.8805541992188,830.715087890625
1790704510.3652887,0,0,827.4251098632812,741.8861083984375,792.8805541992188,863.6146850585938
1790704510.3758616,0,0,761.6259155273438,766.5608520507812,794.5255126953125,817.5552368164062
1790704510.3866837,0,0,814.2652587890625,755.0459594726562,796.1704711914062,853.7448120117188
1790704510.3973227,0,0,814.2652587890625,755.0459594726562,796.1704711914062,853.7448120117188
1790704510.408287,0,0,814.2652587890625,755.0459594726562,796.1704711914062,853.7448120117188
1790704510.4195485,0,0,814.2652587890625,755.0459594726562,796.1704711914062,853.7448120117188
1790704510.4300716,0,0,814.2652587890625,755.0459594726562,796.1704711914062,853.7448120117188
1790704510.4411407,0,0,814.2652587890625,755.0459594726562,796.1704711914062,853.7448120117188
1790704510.4522033,0,0,735.3062133789062,736.951171875,797.8154907226562,817.5552368164062
1790704510.4629483,0,0,735.3062133789062,751.7560424804688,799.46044921875,801.1054077148438
1790704510.4738014,0,0,708.9865112304688,743.5311279296875,806.0403442382812,824.1351318359375
1790704510.4846284,0,0,708.9865112304688,750.1110229492188,802.7504272460938,810.9752807617188
1790704510.4952645,0,0,656.34716796875,743.5311279296875,804.3953857421875,792.8805541992188
1790704510.5062113,0,0,656.34716796875,753.4010009765625,801.1054077148438,815.9102783203125
1790704510.517152,0,0,656.34716796875,745.1760864257812,806.0403442382812,843.8749389648438
1790704510.5283604,0,0,656.34716796875,745.1760864257812,806.0403442382812,843.8749389648438
1790704510.5390854,0,0,656.34716796875,745.1760864257812,806.0403442382812,843.8749389648438
1790704510.5498455,0,0,656.34716796875,745.1760864257812,806.0403442382812,843.8749389648438
1790704510.5605137,0,0,656.34716796875,745.1760864257812,806.0403442382812,843.8749389648438
1790704510.5714793,0,0,656.34716796875,745.1760864257812,806.0403442382812,843.8749389648438
1790704510.582313,0,0,695.82666015625,764.9158325195312,799.46044921875,861.9697265625
1790704510.5930734,0,0,603.707763671875,750.1110229492188,794.5255126953125,815.9102783203125
1790704510.6041076,0,0,577.3881225585938,733.6612548828125,804.3953857421875,799.46044921875
1790704510.6149278,0,0,643.1873168945312,753.4010009765625,799.46044921875,835.6500244140625
1790704510.6258607,0,0,643.1873168945312,753.4010009765625,799.46044921875,835.6500244140625
1790704510.6367762,0,0,643.1873168945312,753.4010009765625,799.46044921875,835.6500244140625
1790704510.6478813,0,0,643.1873168945312,753.4010009765625,799.46044921875,835.6500244140625
1790704510.6589468,0,0,643.1873168945312,753.4010009765625,799.46044921875,835.6500244140625
1790704510.6696897,0,0,643.1873168945312,753.4010009765625,799.46044921875,835.6500244140625
1790704510.6805625,0,0,577.3881225585938,750.1110229492188,804.3953857421875,792.8805541992188
1790704510.6915994,0,0,695.82666015625,756.6909790039062,804.3953857421875,866.9046630859375
1790704510.702225,0,0,498.4290466308594,733.6612548828125,804.3953857421875,789.590576171875
1790704510.7136157,0,0,643.1873168945312,759.9808959960938,802.7504272460938,868.5496215820312
1790704510.7243369,0,0,577.3881225585938,718.8563842773438,809.330322265625,858.6797485351562
1790704510.7351987,0,0,524.7487182617188,759.9808959960938,801.1054077148438,830.715087890625
1790704510.746112,0,0,524.7487182617188,759.9808959960938,801.1054077148438,830.715087890625
1790704510.7569468,0,0,524.7487182617188,759.9808959960938,801.1054077148438,830.715087890625
1790704510.7689161,0,0,524.7487182617188,759.9808959960938,801.1054077148438,830.715087890625
1790704510.7795584,0,0,524.7487182617188,759.9808959960938,801.1054077148438,830.715087890625
1790704510.7910788,0,0,524.7487182617188,771.4957885742188,801.1054077148438,865.2596435546875
1790704510.8017128,0,0,498.4290466308594,766.5608520507812,815.9102783203125,868.5496215820312
1790704510.8125975,0,0,340.51092529296875,763.2708740234375,837.2949829101562,802.7504272460938
1790704510.8238502,0,0,393.1502990722656,751.7560424804688,847.1648559570312,842.2299194335938
1790704510.8350358,0,0,393.1502990722656,751.7560424804688,847.1648559570312,842.2299194335938
1790704510.8464885,0,0,393.1502990722656,751.7560424804688,847.1648559570312,842.2299194335938
1790704510.8579872,0,0,393.1502990722656,751.7560424804688,847.1648559570312,842.2299194335938
1790704510.8687828,0,0,393.1502990722656,751.7560424804688,847.1648559570312,842.2299194335938
1790704510.8802223,0,0,393.1502990722656,751.7560424804688,847.1648559570312,842.2299194335938
1790704510.8918943,0,0,445.7896728515625,745.1760864257812,853.7448120117188,881.70947265625
1790704510.9026077,0,0,287.8715515136719,718.8563842773438,842.2299194335938,802.7504272460938
1790704510.9139981,0,0,812.6203002929688,753.4010009765625,834.0050048828125,835.6500244140625
1790704510.9247355,0,0,891.579345703125,748.466064453125,835.6500244140625,875.1295166015625
1790704510.9356363,0,0,891.579345703125,748.466064453125,835.6500244140625,875.1295166015625
1790704510.9467819,0,0,891.579345703125,748.466064453125,835.6500244140625,875.1295166015625
1790704510.9575818,0,0,891.579345703125,748.466064453125,835.6500244140625,875.1295166015625
1790704510.968185,0,0,759.9808959960938,722.1463623046875,822.4901733398438,894.8693237304688
1790704510.978922,0,0,700.7615966796875,750.1110229492188,814.2652587890625,858.6797485351562
1790704510.9900784,0,0,720.5014038085938,733.6612548828125,814.2652587890625,871.839599609375
1790704511.00081,0,0,720.5014038085938,733.6612548828125,814.2652587890625,871.839599609375
1790704511.011505,0,0,720.5014038085938,733.6612548828125,814.2652587890625,871.839599609375
1790704511.0221472,0,0,720.5014038085938,730.3712768554688,817.5552368164062,852.0997924804688
1790704511.033383,0,0,720.5014038085938,730.3712768554688,817.5552368164062,852.0997924804688
1790704511.0441515,0,0,720.5014038085938,730.3712768554688,817.5552368164062,852.0997924804688
1790704511.0550177,0,0,641.5423583984375,756.6909790039062,804.3953857421875,792.8805541992188
1790704511.0659456,0,0,746.8211059570312,761.6259155273438,804.3953857421875,838.9400024414062
1790704511.076724,0,0,667.8619995117188,740.2411499023438,806.0403442382812,799.46044921875
1790704511.0877464,0,0,641.5423583984375,759.9808959960938,804.3953857421875,799.46044921875
1790704511.0984373,0,0,667.8619995117188,736.951171875,810.9752807617188,848.8098754882812
1790704511.1090739,0,0,483.62420654296875,748.466064453125,797.8154907226562,779.720703125
1790704511.119981,0,0,483.62420654296875,768.205810546875,802.7504272460938,806.0403442382812
1790704511.1307013,0,0,496.7840576171875,791.2355346679688,792.8805541992188,806.0403442382812
1790704511.141681,0,0,496.7840576171875,791.2355346679688,792.8805541992188,806.0403442382812
1790704511.15277,0,0,496.7840576171875,791.2355346679688,792.8805541992188,806.0403442382812
1790704511.1633546,0,0,496.7840576171875,791.2355346679688,792.8805541992188,806.0403442382812
1790704511.1748805,0,0,496.7840576171875,791.2355346679688,792.8805541992188,806.0403442382812
1790704511.1854944,0,0,496.7840576171875,791.2355346679688,792.8805541992188,806.0403442382812
1790704511.1964083,0,0,549.4234619140625,764.9158325195312,801.1054077148438,858.6797485351562
1790704511.2071288,0,0,338.8659362792969,751.7560424804688,797.8154907226562,773.1407470703125
1790704511.2179964,1,0,338.8659362792969,753.4010009765625,801.1054077148438,809.330322265625
1790704511.2292595,1,0,312.5462646484375,741.8861083984375,801.1054077148438,786.3005981445312
1790704511.240515,1,0,338.8659362792969,756.6909790039062,801.1054077148438,789.590576171875
1790704511.2511342,1,0,338.8659362792969,773.1407470703125,797.8154907226562,806.0403442382812
1790704511.2622867,1,0,338.8659362792969,773.1407470703125,797.8154907226562,806.0403442382812
1790704511.2732246,1,0,338.8659362792969,773.1407470703125,797.8154907226562,806.0403442382812
1790704511.2842867,1,0,338.8659362792969,773.1407470703125,797.8154907226562,806.0403442382812
1790704511.2955387,1,0,338.8659362792969,773.1407470703125,797.8154907226562,806.0403442382812
1790704511.306188,1,0,338.8659362792969,773.1407470703125,797.8154907226562,806.0403442382812
1790704511.3174262,1,0,338.8659362792969,773.1407470703125,797.8154907226562,806.0403442382812
1790704511.3285892,1,0,338.8659362792969,773.1407470703125,797.8154907226562,806.0403442382812
1790704511.339141,1,0,365.1856384277344,774.7857666015625,797.8154907226562,832.3600463867188
1790704511.3498468,1,0,338.8659362792969,761.6259155273438,802.7504272460938,835.6500244140625
1790704511.3604095,1,0,220.4273681640625,768.205810546875,799.46044921875,783.0106201171875
1790704511.3710933,1,0,194.10768127441406,759.9808959960938,796.1704711914062,783.0106201171875
1790704511.3815825,1,0,233.5872039794922,769.850830078125,796.1704711914062,802.7504272460938
1790704511.3923676,1,0,233.5872039794922,769.850830078125,796.1704711914062,802.7504272460938
1790704511.4028585,1,0,233.5872039794922,769.850830078125,796.1704711914062,802.7504272460938
1790704511.4138715,1,0,233.5872039794922,769.850830078125,796.1704711914062,802.7504272460938
1790704511.4252224,1,0,233.5872039794922,769.850830078125,796.1704711914062,802.7504272460938
1790704511.4362721,1,0,796.1704711914062,768.205810546875,796.1704711914062,802.7504272460938
1790704511.4469311,1,0,783.0106201171875,720.5014038085938,806.0403442382812,812.6203002929688
1790704511.4577098,1,0,875.1295166015625,769.850830078125,797.8154907226562,861.9697265625
1790704511.4682052,1,0,769.850830078125,755.0459594726562,799.46044921875,809.330322265625
1790704511.4790058,1,0,822.4901733398438,746.8211059570312,801.1054077148438,842.2299194335938
1790704511.4896636,1,0,822.4901733398438,746.8211059570312,801.1054077148438,842.2299194335938
1790704511.5004053,1,0,822.4901733398438,746.8211059570312,801.1054077148438,842.2299194335938
1790704511.5115619,1,0,822.4901733398438,746.8211059570312,801.1054077148438,842.2299194335938
1790704511.5223162,1,0,822.4901733398438,746.8211059570312,801.1054077148438,842.2299194335938
1790704511.533071,1,0,822.4901733398438,746.8211059570312,801.1054077148438,842.2299194335938
1790704511.544032,1,0,822.4901733398438,758.3359375,801.1054077148438,829.070068359375
1790704511.55485,1,0,796.1704711914062,776.4307250976562,801.1054077148438,789.590576171875
1790704511.5657227,1,0,796.1704711914062,733.6612548828125,807.6853637695312,815.9102783203125
1790704511.576352,1,0,769.850830078125,763.2708740234375,801.1054077148438,750.1110229492188
1790704511.5870094,1,0,848.8098754882812,763.2708740234375,806.0403442382812,802.7504272460938
1790704511.5976956,1,0,848.8098754882812,763.2708740234375,806.0403442382812,802.7504272460938
1790704511.608195,1,0,848.8098754882812,763.2708740234375,806.0403442382812,802.7504272460938
1790704511.6191359,1,0,848.8098754882812,763.2708740234375,806.0403442382812,802.7504272460938
1790704511.6302779,1,0,848.8098754882812,763.2708740234375,806.0403442382812,802.7504272460938
1790704511.6411264,1,0,848.8098754882812,763.2708740234375,806.0403442382812,802.7504272460938
1790704511.6523752,1,0,927.7689208984375,786.3005981445312,801.1054077148438,802.7504272460938
1790704511.6633992,1,0,848.8098754882812,774.7857666015625,802.7504272460938,763.2708740234375
1790704511.6742232,1,0,901.44921875,755.0459594726562,804.3953857421875,792.8805541992188
1790704511.6848364,1,0,901.44921875,755.0459594726562,804.3953857421875,792.8805541992188
1790704511.6956687,1,0,901.44921875,755.0459594726562,804.3953857421875,792.8805541992188
1790704511.7064629,1,0,901.44921875,755.0459594726562,804.3953857421875,792.8805541992188
1790704511.7174075,1,0,901.44921875,755.0459594726562,804.3953857421875,792.8805541992188
1790704511.728,1,0,901.44921875,755.0459594726562,804.3953857421875,792.8805541992188
1790704511.738842,1,0,901.44921875,755.0459594726562,804.3953857421875,792.8805541992188
1790704511.7500114,1,0,769.850830078125,738.59619140625,806.0403442382812,750.1110229492188
1790704511.761014,1,0,822.4901733398438,758.3359375,804.3953857421875,769.850830078125
1790704511.7715926,1,0,769.850830078125,740.2411499023438,807.6853637695312,763.2708740234375
1790704511.7822907,1,0,848.8098754882812,745.1760864257812,807.6853637695312,796.1704711914062
1790704511.7934673,1,0,796.1704711914062,769.850830078125,801.1054077148438,763.2708740234375
1790704511.8045623,1,0,796.1704711914062,769.850830078125,801.1054077148438,763.2708740234375
1790704511.815337,1,0,796.1704711914062,769.850830078125,801.1054077148438,763.2708740234375
1790704511.826455,1,0,796.1704711914062,769.850830078125,801.1054077148438,763.2708740234375
1790704511.8374968,1,0,796.1704711914062,769.850830078125,801.1054077148438,763.2708740234375
1790704511.8482587,1,0,743.5311279296875,751.7560424804688,804.3953857421875,723.7913208007812
1790704511.8592944,1,0,743.5311279296875,751.7560424804688,804.3953857421875,723.7913208007812
1790704511.8707228,1,0,717.21142578125,771.4957885742188,806.0403442382812,710.6315307617188
1790704511.8813777,1,0,717.21142578125,771.4957885742188,806.0403442382812,710.6315307617188
1790704511.8922698,1,0,717.21142578125,771.4957885742188,806.0403442382812,710.6315307617188
1790704511.9033756,1,0,717.21142578125,771.4957885742188,806.0403442382812,710.6315307617188
1790704511.914993,1,0,717.21142578125,771.4957885742188,806.0403442382812,710.6315307617188
1790704511.9260764,1,0,717.21142578125,771.4957885742188,806.0403442382812,710.6315307617188
1790704511.937146,1,0,638.2523803710938,741.8861083984375,807.6853637695312,684.3118286132812
1790704511.948563,1,0,664.5720825195312,779.720703125,801.1054077148438,677.7318725585938
1790704511.9597883,1,0,611.9326782226562,743.5311279296875,809.330322265625,661.2821044921875
1790704511.9707363,1,0,690.8917236328125,769.850830078125,804.3953857421875,717.21142578125
1790704511.9817386,1,0,651.4122314453125,759.9808959960938,806.0403442382812,687.601806640625
1790704511.9924037,1,0,651.4122314453125,759.9808959960938,806.0403442382812,687.601806640625
1790704512.0031996,1,0,651.4122314453125,759.9808959960938,806.0403442382812,687.601806640625
1790704512.0138526,1,0,651.4122314453125,759.9808959960938,806.0403442382812,687.601806640625
1790704512.024873,1,0,651.4122314453125,759.9808959960938,806.0403442382812,687.601806640625
1790704512.0357919,1,0,717.21142578125,751.7560424804688,804.3953857421875,730.3712768554688
1790704512.046652,1,0,781.3656616210938,779.720703125,802.7504272460938,814.2652587890625
1790704512.0573661,1,0,807.6853637695312,763.2708740234375,814.2652587890625,853.7448120117188
1790704512.0683653,1,0,715.5664672851562,804.3953857421875,830.715087890625,880.064453125
1790704512.079698,1,0,768.205810546875,791.2355346679688,837.2949829101562,906.3841552734375
1790704512.090692,1,0,768.205810546875,791.2355346679688,837.2949829101562,906.3841552734375
1790704512.101844,1,0,768.205810546875,791.2355346679688,837.2949829101562,906.3841552734375
1790704512.1127484,1,0,768.205810546875,791.2355346679688,837.2949829101562,906.3841552734375
1790704512.1232631,1,0,768.205810546875,791.2355346679688,837.2949829101562,906.3841552734375
1790704512.1338937,1,0,768.205810546875,791.2355346679688,837.2949829101562,906.3841552734375
1790704512.1445487,1,0,768.205810546875,791.2355346679688,837.2949829101562,906.3841552734375
1790704512.1552334,1,0,820.84521484375,843.8749389648438,746.8211059570312,906.3841552734375
1790704512.166453,1,0,465.5294494628906,1643.3353271484375,1072.5272216796875,643.1873168945312
1790704512.1774714,1,0,439.2097473144531,1648.270263671875,1097.201904296875,587.2579956054688
1790704512.1879547,1,0,123.37352752685547,1664.7200927734375,1465.677490234375,169.43296813964844
1790704512.1989028,1,0,78.95905303955078,1656.4952392578125,1413.0380859375,14.80482292175293
1790704512.2100184,1,0,78.95905303955078,1656.4952392578125,1413.0380859375,14.80482292175293
1790704512.2209477,1,0,78.95905303955078,1656.4952392578125,1413.0380859375,14.80482292175293
1790704512.23165,1,0,78.95905303955078,1656.4952392578125,1413.0380859375,14.80482292175293
1790704512.2425718,1,0,78.95905303955078,1656.4952392578125,1413.0380859375,14.80482292175293
1790704512.2539232,1,0,131.5984344482422,1658.14013671875,1465.677490234375,37.83454895019531
1790704512.2649379,1,0,157.91810607910156,1656.4952392578125,1465.677490234375,24.674705505371094
1790704512.2757823,1,0,131.5984344482422,1663.0750732421875,1518.31689453125,54.28435134887695
1790704512.2867613,1,0,157.91810607910156,1661.43017578125,1544.6365966796875,185.88278198242188
1790704512.2979782,1,0,263.1968688964844,1659.78515625,1123.5216064453125,606.9977416992188
1790704512.3091552,1,0,394.7952880859375,1659.78515625,886.6444091796875,791.2355346679688
1790704512.3202024,1,0,394.7952880859375,1659.78515625,886.6444091796875,791.2355346679688
1790704512.3311086,1,0,394.7952880859375,1659.78515625,886.6444091796875,791.2355346679688
1790704512.3424149,1,0,394.7952880859375,1659.78515625,886.6444091796875,791.2355346679688
1790704512.3539183,1,0,394.7952880859375,1659.78515625,886.6444091796875,791.2355346679688
1790704512.3648045,1,0,394.7952880859375,1659.78515625,886.6444091796875,791.2355346679688
1790704512.3757603,1,0,447.4346618652344,1659.78515625,791.2355346679688,820.84521484375
1790704512.386443,1,0,500.07403564453125,1659.78515625,636.607421875,899.8042602539062
1790704512.397308,1,0,289.51654052734375,1324.209228515625,488.5591735839844,1179.450927734375
1790704512.408519,1,0,315.8362121582031,1271.56982421875,496.7840576171875,1205.7706298828125
1790704512.4191325,1,0,315.8362121582031,1271.56982421875,496.7840576171875,1205.7706298828125
1790704512.430005,1,0,315.8362121582031,1271.56982421875,496.7840576171875,1205.7706298828125
1790704512.440732,1,0,315.8362121582031,1271.56982421875,496.7840576171875,1205.7706298828125
1790704512.4514859,1,0,315.8362121582031,1271.56982421875,496.7840576171875,1205.7706298828125
1790704512.462435,1,0,210.55747985839844,1061.0123291015625,506.6539306640625,1153.1312255859375
1790704512.4734225,1,0,236.87716674804688,745.1760864257812,490.2041320800781,1080.7520751953125
1790704512.4846497,1,0,342.1559143066406,613.5776977539062,493.4941101074219,1093.9119873046875
1790704512.495802,1,0,184.23779296875,245.10206604003906,500.07403564453125,950.7986450195312
1790704512.5065796,1,0,263.1968688964844,332.2860412597656,500.07403564453125,926.1239624023438
1790704512.517531,1,0,263.1968688964844,332.2860412597656,500.07403564453125,926.1239624023438
1790704512.5284407,1,0,263.1968688964844,332.2860412597656,500.07403564453125,926.1239624023438
1790704512.5395176,1,0,263.1968688964844,332.2860412597656,500.07403564453125,926.1239624023438
1790704512.5505311,1,0,263.1968688964844,332.2860412597656,500.07403564453125,926.1239624023438
1790704512.561535,1,0,263.1968688964844,332.2860412597656,500.07403564453125,926.1239624023438
1790704512.5725768,1,0,236.87716674804688,391.50531005859375,523.103759765625,898.1592407226562
1790704512.5833838,1,0,342.1559143066406,393.1502990722656,526.3937377929688,944.2186889648438
1790704512.5946136,1,0,289.51654052734375,393.1502990722656,547.7784423828125,931.0588989257812
1790704512.6054635,1,0,1090.6219482421875,27.96466636657715,657.9921264648438,909.6741333007812
1790704512.616435,1,0,1090.6219482421875,27.96466636657715,657.9921264648438,909.6741333007812
1790704512.6270933,1,0,1090.6219482421875,27.96466636657715,657.9921264648438,909.6741333007812
1790704512.6378708,1,0,1090.6219482421875,27.96466636657715,657.9921264648438,909.6741333007812
1790704512.648914,1,0,1090.6219482421875,27.96466636657715,657.9921264648438,909.6741333007812
1790704512.659775,1,0,1037.9825439453125,27.96466636657715,667.8619995117188,870.194580078125
1790704512.6704428,1,0,1143.2613525390625,27.96466636657715,692.5367431640625,889.9343872070312
1790704512.6810765,1,0,1169.5810546875,27.96466636657715,704.0515747070312,883.3544311523438
1790704512.692127,1,0,1037.9825439453125,27.96466636657715,707.341552734375,791.2355346679688
1790704512.7027147,1,0,1037.9825439453125,27.96466636657715,717.21142578125,781.3656616210938
1790704512.7133796,1,0,1116.941650390625,27.96466636657715,718.8563842773438,834.0050048828125
1790704512.7242174,1,0,1116.941650390625,27.96466636657715,718.8563842773438,834.0050048828125
1790704512.7351913,1,0,1116.941650390625,27.96466636657715,718.8563842773438,834.0050048828125
1790704512.7458627,1,0,1116.941650390625,27.96466636657715,718.8563842773438,834.0050048828125
1790704512.757085,1,0,1116.941650390625,27.96466636657715,718.8563842773438,834.0050048828125
1790704512.7681165,1,0,1195.9007568359375,27.96466636657715,720.5014038085938,863.6146850585938
1790704512.7787435,1,0,1064.30224609375,27.96466636657715,718.8563842773438,778.07568359375
1790704512.7896912,1,0,1143.2613525390625,39.47952651977539,728.726318359375,840.5849609375
1790704512.800594,1,0,1182.7408447265625,49.34941101074219,735.3062133789062,853.7448120117188
1790704512.811407,1,0,1051.1424560546875,302.6763916015625,773.1407470703125,797.8154907226562
1790704512.8220656,1,0,1024.82275390625,332.2860412597656,766.5608520507812,771.4957885742188
1790704512.8327436,1,0,1156.421142578125,393.1502990722656,783.0106201171875,870.194580078125
1790704512.8433604,1,0,1103.7818603515625,426.0498962402344,789.590576171875,857.0347290039062
1790704512.8542912,1,0,1103.7818603515625,426.0498962402344,789.590576171875,857.0347290039062
1790704512.864842,1,0,1077.462158203125,462.2394714355469,783.0106201171875,807.6853637695312
1790704512.8754597,1,0,1077.462158203125,462.2394714355469,783.0106201171875,807.6853637695312
1790704512.8865254,1,0,1077.462158203125,462.2394714355469,783.0106201171875,807.6853637695312
1790704512.8973386,1,0,1077.462158203125,462.2394714355469,783.0106201171875,807.6853637695312
1790704512.9081113,1,0,1077.462158203125,462.2394714355469,783.0106201171875,807.6853637695312
1790704512.9194853,1,0,1077.462158203125,462.2394714355469,783.0106201171875,807.6853637695312
1790704512.930224,1,0,1077.462158203125,462.2394714355469,783.0106201171875,807.6853637695312
1790704512.9415858,1,0,1077.462158203125,462.2394714355469,783.0106201171875,807.6853637695312
1790704512.9527414,1,0,1024.82275390625,500.07403564453125,789.590576171875,755.0459594726562
1790704512.9636536,1,0,998.5030517578125,524.7487182617188,794.5255126953125,771.4957885742188
1790704512.9743738,1,0,1024.82275390625,542.843505859375,794.5255126953125,781.3656616210938
1790704512.985167,1,0,1051.1424560546875,551.0684204101562,797.8154907226562,781.3656616210938
1790704512.996443,1,0,1103.7818603515625,577.3881225585938,804.3953857421875,794.5255126953125
1790704513.0075617,1,0,1103.7818603515625,577.3881225585938,804.3953857421875,794.5255126953125
1790704513.0185332,1,0,1103.7818603515625,577.3881225585938,804.3953857421875,794.5255126953125
1790704513.029544,1,0,1103.7818603515625,577.3881225585938,804.3953857421875,794.5255126953125
1790704513.0403128,1,0,1103.7818603515625,577.3881225585938,804.3953857421875,794.5255126953125
1790704513.0514774,1,0,1024.82275390625,551.0684204101562,812.6203002929688,768.205810546875
1790704513.0621727,1,0,1024.82275390625,588.9029541015625,810.9752807617188,755.0459594726562
1790704513.0727692,1,0,1156.421142578125,628.3825073242188,804.3953857421875,837.2949829101562
1790704513.0832691,1,0,1024.82275390625,606.9977416992188,810.9752807617188,794.5255126953125
1790704513.0938776,1,0,1037.9825439453125,625.092529296875,817.5552368164062,827.4251098632812
1790704513.1047118,1,0,1037.9825439453125,625.092529296875,817.5552368164062,827.4251098632812
1790704513.1155393,1,0,1037.9825439453125,625.092529296875,817.5552368164062,827.4251098632812
1790704513.1263926,1,0,1037.9825439453125,625.092529296875,817.5552368164062,827.4251098632812
1790704513.1375134,1,0,1037.9825439453125,625.092529296875,817.5552368164062,827.4251098632812
1790704513.148536,1,0,945.8637084960938,603.707763671875,820.84521484375,792.8805541992188
1790704513.15991,1,0,972.1834106445312,661.2821044921875,810.9752807617188,786.3005981445312
1790704513.170736,1,0,1051.1424560546875,657.9921264648438,817.5552368164062,858.6797485351562
1790704513.181545,1,0,955.7335815429688,672.7969360351562,814.2652587890625,878.4194946289062
1790704513.1928325,1,0,955.7335815429688,672.7969360351562,814.2652587890625,878.4194946289062
1790704513.2037961,1,0,876.7745361328125,649.7672119140625,817.5552368164062,848.8098754882812
1790704513.2151399,1,0,876.7745361328125,649.7672119140625,817.5552368164062,848.8098754882812
1790704513.2260356,1,0,876.7745361328125,649.7672119140625,817.5552368164062,848.8098754882812
1790704513.2370133,1,0,876.7745361328125,649.7672119140625,817.5552368164062,848.8098754882812
1790704513.2480447,1,0,876.7745361328125,649.7672119140625,817.5552368164062,848.8098754882812
1790704513.2589965,1,0,797.8154907226562,697.4716796875,804.3953857421875,832.3600463867188
1790704513.2702518,1,0,850.454833984375,712.2764892578125,815.9102783203125,838.9400024414062
1790704513.2816439,1,0,824.1351318359375,692.5367431640625,835.6500244140625,838.9400024414062
1790704513.292501,1,0,824.1351318359375,692.5367431640625,835.6500244140625,838.9400024414062
1790704513.303513,1,0,824.1351318359375,692.5367431640625,835.6500244140625,838.9400024414062
1790704513.3145242,1,0,824.1351318359375,692.5367431640625,835.6500244140625,838.9400024414062
1790704513.3255038,1,0,824.1351318359375,692.5367431640625,835.6500244140625,838.9400024414062
1790704513.3361135,1,0,824.1351318359375,692.5367431640625,835.6500244140625,838.9400024414062
1790704513.3470762,1,0,824.1351318359375,692.5367431640625,835.6500244140625,838.9400024414062
1790704513.3582003,1,0,745.1760864257812,679.3768920898438,847.1648559570312,799.46044921875
1790704513.3690627,1,0,824.1351318359375,671.1519775390625,852.0997924804688,845.5198974609375
1790704513.3800664,1,0,587.2579956054688,671.1519775390625,840.5849609375,786.3005981445312
1790704513.3915002,1,0,613.5776977539062,679.3768920898438,834.0050048828125,792.8805541992188
1790704513.4023504,1,0,639.8973388671875,690.8917236328125,832.3600463867188,812.6203002929688
1790704513.4136508,1,0,639.8973388671875,690.8917236328125,832.3600463867188,812.6203002929688
1790704513.4247468,1,0,639.8973388671875,690.8917236328125,832.3600463867188,812.6203002929688
1790704513.4355252,1,0,639.8973388671875,690.8917236328125,832.3600463867188,812.6203002929688
1790704513.4464872,1,0,639.8973388671875,690.8917236328125,832.3600463867188,812.6203002929688
1790704513.4590652,1,0,639.8973388671875,690.8917236328125,832.3600463867188,812.6203002929688
1790704513.4708478,1,0,613.5776977539062,676.0869140625,832.3600463867188,786.3005981445312
1790704513.481656,1,0,613.5776977539062,699.1166381835938,815.9102783203125,753.4010009765625
1790704513.4922647,1,0,666.217041015625,717.21142578125,810.9752807617188,773.1407470703125
1790704513.5032158,1,0,666.217041015625,717.21142578125,810.9752807617188,773.1407470703125
1790704513.5142763,1,0,666.217041015625,717.21142578125,810.9752807617188,773.1407470703125
1790704513.524918,1,0,666.217041015625,717.21142578125,810.9752807617188,773.1407470703125
1790704513.5356307,1,0,666.217041015625,717.21142578125,810.9752807617188,773.1407470703125
1790704513.546883,1,0,666.217041015625,717.21142578125,810.9752807617188,773.1407470703125
1790704513.5581374,0,0,587.2579956054688,707.341552734375,817.5552368164062,733.6612548828125
1790704513.5692227,0,0,692.5367431640625,694.1817016601562,822.4901733398438,819.2001953125
1790704513.5799637,0,0,639.8973388671875,704.0515747070312,817.5552368164062,812.6203002929688
1790704513.5905175,0,0,587.2579956054688,728.726318359375,812.6203002929688,786.3005981445312
1790704513.6012297,0,0,560.9382934570312,730.3712768554688,810.9752807617188,753.4010009765625
1790704513.611879,0,1,560.9382934570312,730.3712768554688,810.9752807617188,753.4010009765625
1790704513.6223578,0,1,560.9382934570312,730.3712768554688,810.9752807617188,753.4010009765625
1790704513.6332207,0,1,560.9382934570312,730.3712768554688,810.9752807617188,753.4010009765625
1790704513.6441538,0,1,560.9382934570312,730.3712768554688,810.9752807617188,753.4010009765625
1790704513.654961,0,1,639.8973388671875,713.9214477539062,815.9102783203125,812.6203002929688
1790704513.6660888,0,1,534.6185913085938,707.341552734375,814.2652587890625,756.6909790039062
1790704513.676989,0,1,534.6185913085938,712.2764892578125,814.2652587890625,776.4307250976562
1790704513.6876023,0,1,534.6185913085938,723.7913208007812,817.5552368164062,809.330322265625
1790704513.6983259,0,1,455.6595458984375,705.6965942382812,817.5552368164062,773.1407470703125
1790704513.7088914,0,1,455.6595458984375,705.6965942382812,817.5552368164062,773.1407470703125
1790704513.7199214,0,1,455.6595458984375,705.6965942382812,817.5552368164062,773.1407470703125
1790704513.730776,0,1,455.6595458984375,705.6965942382812,817.5552368164062,773.1407470703125
1790704513.7418787,0,1,455.6595458984375,705.6965942382812,817.5552368164062,773.1407470703125
1790704513.7532928,0,1,455.6595458984375,705.6965942382812,817.5552368164062,773.1407470703125
1790704513.7644045,0,1,324.0611267089844,730.3712768554688,814.2652587890625,713.9214477539062
1790704513.7755895,0,1,324.0611267089844,736.951171875,817.5552368164062,769.850830078125
1790704513.7864087,0,1,324.0611267089844,741.8861083984375,815.9102783203125,796.1704711914062
1790704513.7971542,0,1,806.0403442382812,755.0459594726562,819.2001953125,830.715087890625
1790704513.8079271,0,1,858.6797485351562,750.1110229492188,814.2652587890625,857.0347290039062
1790704513.8185463,0,0,858.6797485351562,750.1110229492188,814.2652587890625,857.0347290039062
1790704513.8293595,0,0,858.6797485351562,750.1110229492188,814.2652587890625,857.0347290039062
1790704513.8398783,0,0,858.6797485351562,750.1110229492188,814.2652587890625,857.0347290039062
1790704513.8507526,0,0,858.6797485351562,750.1110229492188,814.2652587890625,857.0347290039062
1790704513.8614485,0,0,858.6797485351562,750.1110229492188,814.2652587890625,857.0347290039062
1790704513.8722699,0,0,911.319091796875,761.6259155273438,809.330322265625,870.194580078125
1790704513.8830955,0,0,832.3600463867188,755.0459594726562,804.3953857421875,847.1648559570312
1790704513.894212,0,0,727.081298828125,753.4010009765625,806.0403442382812,835.6500244140625
1790704513.9048638,0,0,700.7615966796875,776.4307250976562,810.9752807617188,832.3600463867188
1790704513.9161549,0,0,542.843505859375,771.4957885742188,807.6853637695312,832.3600463867188
1790704513.9272704,0,0,621.8025512695312,764.9158325195312,815.9102783203125,875.1295166015625
1790704513.9378664,0,0,490.2041320800781,769.850830078125,809.330322265625,799.46044921875
1790704513.9484522,0,0,556.0033569335938,773.1407470703125,809.330322265625,845.5198974609375
1790704513.9599574,0,0,556.0033569335938,773.1407470703125,809.330322265625,845.5198974609375
1790704513.971264,0,0,556.0033569335938,773.1407470703125,809.330322265625,845.5198974609375
1790704513.9821012,0,0,556.0033569335938,773.1407470703125,809.330322265625,845.5198974609375
1790704513.9930942,0,0,556.0033569335938,773.1407470703125,809.330322265625,845.5198974609375
1790704514.00358,0,0,490.2041320800781,723.7913208007812,814.2652587890625,822.4901733398438
1790704514.0147808,0,0,582.3230590820312,768.205810546875,806.0403442382812,868.5496215820312
1790704514.0257447,0,0,477.0443115234375,768.205810546875,810.9752807617188,838.9400024414062
1790704514.0365763,0,0,556.0033569335938,769.850830078125,812.6203002929688,891.579345703125
1790704514.0479693,0,0,450.724609375,784.6556396484375,812.6203002929688,806.0403442382812
1790704514.0591178,0,0,503.3639831542969,771.4957885742188,815.9102783203125,838.9400024414062
1790704514.0701168,0,0,503.3639831542969,771.4957885742188,815.9102783203125,838.9400024414062
1790704514.080694,0,0,503.3639831542969,771.4957885742188,815.9102783203125,838.9400024414062
1790704514.0914369,0,0,503.3639831542969,771.4957885742188,815.9102783203125,838.9400024414062
1790704514.1022944,0,0,503.3639831542969,771.4957885742188,815.9102783203125,838.9400024414062
1790704514.1133313,0,0,398.0852355957031,753.4010009765625,815.9102783203125,792.8805541992188
1790704514.1238718,0,0,424.4049377441406,746.8211059570312,825.7801513671875,845.5198974609375
1790704514.1347513,0,0,371.76556396484375,756.6909790039062,825.7801513671875,832.3600463867188
1790704514.1457434,0,0,371.76556396484375,756.6909790039062,825.7801513671875,832.3600463867188
1790704514.156406,0,0,371.76556396484375,756.6909790039062,825.7801513671875,832.3600463867188
1790704514.167817,0,0,371.76556396484375,756.6909790039062,825.7801513671875,832.3600463867188
1790704514.178676,0,0,371.76556396484375,756.6909790039062,825.7801513671875,832.3600463867188
1790704514.1900504,0,0,424.4049377441406,758.3359375,822.4901733398438,871.839599609375
1790704514.201046,0,0,292.8064880371094,774.7857666015625,814.2652587890625,792.8805541992188
1790704514.2119534,0,0,240.16712951660156,759.9808959960938,815.9102783203125,773.1407470703125
1790704514.2231762,0,0,187.5277557373047,759.9808959960938,814.2652587890625,766.5608520507812
1790704514.2342138,0,0,213.84744262695312,763.2708740234375,817.5552368164062,799.46044921875
1790704514.245103,0,0,187.5277557373047,759.9808959960938,810.9752807617188,786.3005981445312
1790704514.2561955,0,0,240.16712951660156,768.205810546875,812.6203002929688,799.46044921875
1790704514.2669022,0,0,240.16712951660156,768.205810546875,812.6203002929688,799.46044921875
1790704514.2780094,0,0,240.16712951660156,768.205810546875,812.6203002929688,799.46044921875
1790704514.2888987,0,0,240.16712951660156,768.205810546875,812.6203002929688,799.46044921875
1790704514.299684,0,0,240.16712951660156,768.205810546875,812.6203002929688,799.46044921875
1790704514.3105311,0,0,213.84744262695312,751.7560424804688,819.2001953125,773.1407470703125
1790704514.321294,0,0,213.84744262695312,756.6909790039062,810.9752807617188,769.850830078125
1790704514.3320155,0,0,829.070068359375,779.720703125,809.330322265625,815.9102783203125
1790704514.3427732,0,0,829.070068359375,769.850830078125,806.0403442382812,829.070068359375
1790704514.353406,0,0,829.070068359375,797.8154907226562,802.7504272460938,835.6500244140625
1790704514.3640914,0,0,829.070068359375,797.8154907226562,802.7504272460938,835.6500244140625
1790704514.375044,0,0,829.070068359375,797.8154907226562,802.7504272460938,835.6500244140625
1790704514.3856583,0,0,829.070068359375,797.8154907226562,802.7504272460938,835.6500244140625
1790704514.3963594,0,0,829.070068359375,797.8154907226562,802.7504272460938,835.6500244140625
1790704514.407258,0,0,829.070068359375,797.8154907226562,802.7504272460938,835.6500244140625
1790704514.418566,0,0,829.070068359375,797.8154907226562,802.7504272460938,835.6500244140625
1790704514.4297285,0,0,802.7504272460938,784.6556396484375,806.0403442382812,848.8098754882812
1790704514.4405613,0,0,776.4307250976562,781.3656616210938,810.9752807617188,875.1295166015625
1790704514.4511685,0,0,723.7913208007812,784.6556396484375,806.0403442382812,842.2299194335938
1790704514.4617238,0,0,671.1519775390625,766.5608520507812,810.9752807617188,815.9102783203125
1790704514.4728634,0,0,671.1519775390625,766.5608520507812,810.9752807617188,815.9102783203125
1790704514.4841642,0,0,671.1519775390625,766.5608520507812,810.9752807617188,815.9102783203125
1790704514.4950917,0,0,671.1519775390625,766.5608520507812,810.9752807617188,815.9102783203125
1790704514.5058506,0,0,671.1519775390625,766.5608520507812,810.9752807617188,815.9102783203125
1790704514.516756,0,0,671.1519775390625,766.5608520507812,810.9752807617188,815.9102783203125
1790704514.527991,0,0,644.832275390625,736.951171875,815.9102783203125,789.590576171875
1790704514.539018,0,0,723.7913208007812,768.205810546875,815.9102783203125,835.6500244140625
1790704514.5499976,0,0,723.7913208007812,759.9808959960938,810.9752807617188,848.8098754882812
1790704514.5613897,0,0,644.832275390625,773.1407470703125,812.6203002929688,796.1704711914062
1790704514.5724804,0,0,618.5126342773438,764.9158325195312,802.7504272460938,783.0106201171875
1790704514.5835862,0,0,671.1519775390625,774.7857666015625,802.7504272460938,802.7504272460938
1790704514.5952573,0,0,671.1519775390625,774.7857666015625,802.7504272460938,802.7504272460938
1790704514.6062634,0,0,671.1519775390625,774.7857666015625,802.7504272460938,802.7504272460938
1790704514.6173866,0,0,671.1519775390625,774.7857666015625,802.7504272460938,802.7504272460938
1790704514.6283658,0,0,671.1519775390625,774.7857666015625,802.7504272460938,802.7504272460938
1790704514.6390364,0,0,750.1110229492188,771.4957885742188,806.0403442382812,848.8098754882812
1790704514.650396,0,0,651.4122314453125,764.9158325195312,810.9752807617188,789.590576171875
1790704514.6611483,0,0,618.5126342773438,761.6259155273438,810.9752807617188,778.07568359375
1790704514.6716866,0,0,618.5126342773438,761.6259155273438,810.9752807617188,778.07568359375
1790704514.6829038,0,0,618.5126342773438,761.6259155273438,810.9752807617188,778.07568359375
1790704514.6939623,0,0,618.5126342773438,761.6259155273438,810.9752807617188,778.07568359375
1790704514.7049904,0,0,618.5126342773438,761.6259155273438,810.9752807617188,778.07568359375
1790704514.7166116,0,0,618.5126342773438,761.6259155273438,810.9752807617188,778.07568359375
1790704514.7275593,0,0,572.4531860351562,791.2355346679688,804.3953857421875,720.5014038085938
1790704514.7381291,0,0,651.4122314453125,799.46044921875,806.0403442382812,769.850830078125
1790704514.7492065,0,0,546.1334838867188,796.1704711914062,799.46044921875,753.4010009765625
1790704514.760464,0,0,440.854736328125,763.2708740234375,801.1054077148438,740.2411499023438
1790704514.7717445,0,0,388.2153625488281,735.3062133789062,797.8154907226562,730.3712768554688
1790704514.7832994,0,0,440.854736328125,796.1704711914062,789.590576171875,764.9158325195312
1790704514.7945776,0,0,440.854736328125,796.1704711914062,789.590576171875,764.9158325195312
1790704514.8060217,0,0,440.854736328125,796.1704711914062,789.590576171875,764.9158325195312
1790704514.817045,0,0,440.854736328125,796.1704711914062,789.590576171875,764.9158325195312
1790704514.8283868,0,0,440.854736328125,796.1704711914062,789.590576171875,764.9158325195312
1790704514.8394957,0,0,361.8956604003906,745.1760864257812,799.46044921875,759.9808959960938
1790704514.8501458,0,0,467.1744079589844,774.7857666015625,804.3953857421875,857.0347290039062
1790704514.8612971,0,0,467.1744079589844,774.7857666015625,804.3953857421875,857.0347290039062
1790704514.8721676,0,0,361.8956604003906,774.7857666015625,804.3953857421875,840.5849609375
1790704514.8836322,0,0,282.9366149902344,776.4307250976562,804.3953857421875,810.9752807617188
1790704514.8950987,0,0,282.9366149902344,776.4307250976562,804.3953857421875,810.9752807617188
1790704514.906264,0,0,282.9366149902344,776.4307250976562,804.3953857421875,810.9752807617188
1790704514.9168983,0,0,282.9366149902344,776.4307250976562,804.3953857421875,810.9752807617188
1790704514.9279585,0,0,282.9366149902344,776.4307250976562,804.3953857421875,810.9752807617188
1790704514.938997,0,0,282.9366149902344,776.4307250976562,804.3953857421875,810.9752807617188
1790704514.9501595,0,0,230.2972412109375,764.9158325195312,812.6203002929688,789.590576171875
1790704514.9610054,0,0,819.2001953125,771.4957885742188,804.3953857421875,814.2652587890625
1790704514.9716284,0,0,819.2001953125,783.0106201171875,806.0403442382812,794.5255126953125
1790704514.9826357,0,0,871.839599609375,787.945556640625,807.6853637695312,834.0050048828125
1790704514.993617,0,0,871.839599609375,787.945556640625,807.6853637695312,834.0050048828125
1790704515.0049407,0,0,871.839599609375,787.945556640625,807.6853637695312,834.0050048828125
1790704515.0156257,0,0,871.839599609375,787.945556640625,807.6853637695312,834.0050048828125
1790704515.026798,0,0,871.839599609375,787.945556640625,807.6853637695312,834.0050048828125
1790704515.0375881,0,0,871.839599609375,787.945556640625,807.6853637695312,834.0050048828125
1790704515.048511,0,0,819.2001953125,781.3656616210938,802.7504272460938,801.1054077148438
1790704515.059084,0,0,898.1592407226562,802.7504272460938,801.1054077148438,834.0050048828125
1790704515.0700421,0,0,845.5198974609375,769.850830078125,802.7504272460938,804.3953857421875
1790704515.0810475,0,0,924.4789428710938,791.2355346679688,802.7504272460938,843.8749389648438
1790704515.0925639,0,0,792.8805541992188,763.2708740234375,804.3953857421875,784.6556396484375
1790704515.1036553,0,0,845.5198974609375,783.0106201171875,801.1054077148438,824.1351318359375
1790704515.1150744,0,0,845.5198974609375,783.0106201171875,801.1054077148438,824.1351318359375
1790704515.1260118,0,0,845.5198974609375,783.0106201171875,801.1054077148438,824.1351318359375
1790704515.1372526,0,0,845.5198974609375,783.0106201171875,801.1054077148438,824.1351318359375
1790704515.1490424,0,0,845.5198974609375,783.0106201171875,801.1054077148438,824.1351318359375
1790704515.1604273,0,0,871.839599609375,784.6556396484375,799.46044921875,860.32470703125
1790704515.1715674,0,0,792.8805541992188,781.3656616210938,802.7504272460938,824.1351318359375
1790704515.1829724,0,0,687.601806640625,763.2708740234375,807.6853637695312,771.4957885742188
1790704515.1941366,0,0,687.601806640625,769.850830078125,810.9752807617188,784.6556396484375
1790704515.2056587,0,0,713.9214477539062,776.4307250976562,807.6853637695312,810.9752807617188
1790704515.2174246,0,0,713.9214477539062,776.4307250976562,807.6853637695312,810.9752807617188
1790704515.2285173,0,0,713.9214477539062,776.4307250976562,807.6853637695312,810.9752807617188
1790704515.2395592,0,0,713.9214477539062,776.4307250976562,807.6853637695312,810.9752807617188
1790704515.2505865,0,0,713.9214477539062,776.4307250976562,807.6853637695312,810.9752807617188
1790704515.2614756,0,0,713.9214477539062,776.4307250976562,807.6853637695312,810.9752807617188
1790704515.2720068,0,0,713.9214477539062,776.4307250976562,807.6853637695312,810.9752807617188
1790704515.2832675,0,0,713.9214477539062,781.3656616210938,809.330322265625,804.3953857421875
1790704515.2945664,0,0,713.9214477539062,794.5255126953125,807.6853637695312,794.5255126953125
1790704515.3058035,0,0,806.0403442382812,794.5255126953125,804.3953857421875,870.194580078125
1790704515.3168504,0,0,661.2821044921875,741.8861083984375,814.2652587890625,794.5255126953125
1790704515.3277602,0,0,713.9214477539062,802.7504272460938,804.3953857421875,814.2652587890625
1790704515.3387752,0,0,713.9214477539062,802.7504272460938,804.3953857421875,814.2652587890625
1790704515.3497736,0,0,713.9214477539062,802.7504272460938,804.3953857421875,814.2652587890625
1790704515.3603828,0,0,713.9214477539062,802.7504272460938,804.3953857421875,814.2652587890625
1790704515.371809,0,0,713.9214477539062,802.7504272460938,804.3953857421875,814.2652587890625
1790704515.3829978,0,0,792.8805541992188,802.7504272460938,804.3953857421875,857.0347290039062
1790704515.393936,0,0,661.2821044921875,774.7857666015625,806.0403442382812,797.8154907226562
1790704515.4048805,0,0,556.0033569335938,801.1054077148438,804.3953857421875,774.7857666015625
1790704515.4158359,0,0,608.6427001953125,789.590576171875,804.3953857421875,807.6853637695312
1790704515.426844,0,0,608.6427001953125,789.590576171875,804.3953857421875,807.6853637695312
1790704515.437792,0,0,608.6427001953125,789.590576171875,804.3953857421875,807.6853637695312
1790704515.448845,0,0,608.6427001953125,789.590576171875,804.3953857421875,807.6853637695312
1790704515.4597547,0,0,608.6427001953125,789.590576171875,804.3953857421875,807.6853637695312
1790704515.4704156,0,0,608.6427001953125,789.590576171875,804.3953857421875,807.6853637695312
1790704515.4818642,0,0,582.3230590820312,789.590576171875,817.5552368164062,774.7857666015625
1790704515.4929833,0,0,529.6836547851562,781.3656616210938,825.7801513671875,755.0459594726562
1790704515.503911,0,0,529.6836547851562,778.07568359375,822.4901733398438,761.6259155273438
1790704515.5149505,0,0,503.3639831542969,783.0106201171875,817.5552368164062,791.2355346679688
1790704515.5264437,0,0,503.3639831542969,789.590576171875,814.2652587890625,792.8805541992188
1790704515.5373206,0,0,503.3639831542969,789.590576171875,814.2652587890625,792.8805541992188
1790704515.5487378,0,0,503.3639831542969,789.590576171875,814.2652587890625,792.8805541992188
1790704515.5595937,0,0,503.3639831542969,789.590576171875,814.2652587890625,792.8805541992188
1790704515.5705419,0,0,503.3639831542969,789.590576171875,814.2652587890625,792.8805541992188
1790704515.5816662,0,0,556.0033569335938,792.8805541992188,814.2652587890625,838.9400024414062
1790704515.5926158,0,0,556.0033569335938,806.0403442382812,806.0403442382812,825.7801513671875
1790704515.6039426,0,0,786.3005981445312,768.205810546875,815.9102783203125,822.4901733398438
1790704515.6148577,0,0,865.2596435546875,773.1407470703125,812.6203002929688,894.8693237304688
1790704515.62595,0,0,786.3005981445312,779.720703125,786.3005981445312,829.070068359375
1790704515.636783,0,0,707.341552734375,761.6259155273438,784.6556396484375,802.7504272460938
1790704515.6484642,0,0,707.341552734375,779.720703125,789.590576171875,829.070068359375
1790704515.6594338,0,0,654.7021484375,764.9158325195312,789.590576171875,814.2652587890625
1790704515.6704273,0,0,694.1817016601562,769.850830078125,796.1704711914062,840.5849609375
1790704515.6819012,0,0,694.1817016601562,769.850830078125,796.1704711914062,840.5849609375
1790704515.6929405,0,0,694.1817016601562,769.850830078125,796.1704711914062,840.5849609375
1790704515.7035744,0,0,694.1817016601562,769.850830078125,796.1704711914062,840.5849609375
1790704515.7146392,0,0,694.1817016601562,769.850830078125,796.1704711914062,840.5849609375
1790704515.7262778,0,0,615.22265625,783.0106201171875,796.1704711914062,801.1054077148438
1790704515.7371986,0,0,681.0218505859375,778.07568359375,799.46044921875,861.9697265625
1790704515.7482026,0,0,720.5014038085938,786.3005981445312,799.46044921875,875.1295166015625
1790704515.7593055,0,0,562.583251953125,759.9808959960938,804.3953857421875,802.7504272460938
1790704515.7703657,0,0,667.8619995117188,778.07568359375,796.1704711914062,870.194580078125
1790704515.7817943,0,0,588.9029541015625,792.8805541992188,802.7504272460938,842.2299194335938
1790704515.7939088,0,0,588.9029541015625,792.8805541992188,802.7504272460938,842.2299194335938
1790704515.8061972,0,0,588.9029541015625,792.8805541992188,802.7504272460938,842.2299194335938
1790704515.8207734,0,0,588.9029541015625,792.8805541992188,802.7504272460938,842.2299194335938
1790704515.8331058,0,0,588.9029541015625,792.8805541992188,802.7504272460938,842.2299194335938
1790704515.8446102,0,0,483.62420654296875,771.4957885742188,812.6203002929688,801.1054077148438
1790704515.856313,0,0,483.62420654296875,784.6556396484375,810.9752807617188,820.84521484375
1790704515.8677359,0,0,457.3045349121094,759.9808959960938,815.9102783203125,810.9752807617188
1790704515.8792512,0,0,509.94390869140625,806.0403442382812,807.6853637695312,847.1648559570312
1790704515.8901098,0,0,509.94390869140625,806.0403442382812,807.6853637695312,847.1648559570312
1790704515.9011981,0,0,509.94390869140625,806.0403442382812,807.6853637695312,847.1648559570312
1790704515.913094,0,0,509.94390869140625,806.0403442382812,807.6853637695312,847.1648559570312
1790704515.924582,0,0,509.94390869140625,806.0403442382812,807.6853637695312,847.1648559570312
1790704515.9368153,0,0,536.2636108398438,786.3005981445312,809.330322265625,857.0347290039062
1790704515.9485211,0,0,562.583251953125,766.5608520507812,812.6203002929688,903.09423828125
1790704515.9600444,0,0,391.50531005859375,764.9158325195312,810.9752807617188,797.8154907226562
1790704515.9712281,0,0,378.3454895019531,774.7857666015625,815.9102783203125,797.8154907226562
1790704515.984143,0,0,404.6651611328125,792.8805541992188,814.2652587890625,807.6853637695312
1790704515.995875,0,0,404.6651611328125,792.8805541992188,814.2652587890625,807.6853637695312
1790704516.0068853,0,0,404.6651611328125,792.8805541992188,814.2652587890625,807.6853637695312
1790704516.0184207,0,0,404.6651611328125,792.8805541992188,814.2652587890625,807.6853637695312
1790704516.029248,0,0,404.6651611328125,792.8805541992188,814.2652587890625,807.6853637695312
1790704516.0411363,0,0,404.6651611328125,792.8805541992188,814.2652587890625,807.6853637695312
1790704516.0522995,0,0,404.6651611328125,792.8805541992188,814.2652587890625,807.6853637695312
1790704516.0634,0,0,457.3045349121094,784.6556396484375,822.4901733398438,860.32470703125
1790704516.0740654,0,0,430.98486328125,781.3656616210938,820.84521484375,866.9046630859375
1790704516.0860033,0,0,352.0257873535156,787.945556640625,822.4901733398438,847.1648559570312
1790704516.0972867,0,0,273.0667419433594,781.3656616210938,817.5552368164062,820.84521484375
1790704516.108362,0,0,273.0667419433594,781.3656616210938,817.5552368164062,820.84521484375
1790704516.1190555,0,0,273.0667419433594,781.3656616210938,817.5552368164062,820.84521484375
1790704516.1302733,0,0,273.0667419433594,781.3656616210938,817.5552368164062,820.84521484375
1790704516.141097,0,0,273.0667419433594,781.3656616210938,817.5552368164062,820.84521484375
1790704516.1526923,0,0,806.0403442382812,789.590576171875,815.9102783203125,817.5552368164062
1790704516.1637006,0,0,937.6387939453125,801.1054077148438,819.2001953125,896.5142822265625
1790704516.174595,0,0,963.95849609375,786.3005981445312,824.1351318359375,883.3544311523438
1790704516.1854825,0,0,832.3600463867188,786.3005981445312,815.9102783203125,817.5552368164062
1790704516.1961174,0,0,911.319091796875,763.2708740234375,820.84521484375,863.6146850585938
1790704516.2069578,0,0,806.0403442382812,763.2708740234375,815.9102783203125,810.9752807617188
1790704516.2179775,0,0,845.5198974609375,781.3656616210938,815.9102783203125,822.4901733398438
1790704516.2291656,0,0,845.5198974609375,781.3656616210938,815.9102783203125,822.4901733398438
1790704516.2408907,0,0,845.5198974609375,781.3656616210938,815.9102783203125,822.4901733398438
1790704516.2517986,0,0,845.5198974609375,781.3656616210938,815.9102783203125,822.4901733398438
1790704516.2628155,0,0,845.5198974609375,781.3656616210938,815.9102783203125,822.4901733398438
1790704516.2745407,0,0,792.8805541992188,778.07568359375,807.6853637695312,794.5255126953125
1790704516.2853541,0,0,766.5608520507812,746.8211059570312,829.070068359375,814.2652587890625
1790704516.2961564,0,0,806.0403442382812,787.945556640625,832.3600463867188,853.7448120117188
1790704516.30769,0,0,806.0403442382812,787.945556640625,832.3600463867188,853.7448120117188
1790704516.3185463,0,0,753.4010009765625,759.9808959960938,837.2949829101562,847.1648559570312
1790704516.3298926,0,0,753.4010009765625,806.0403442382812,827.4251098632812,853.7448120117188
1790704516.3412805,0,0,753.4010009765625,806.0403442382812,827.4251098632812,853.7448120117188
1790704516.35211,0,0,753.4010009765625,806.0403442382812,827.4251098632812,853.7448120117188
1790704516.3638523,0,0,753.4010009765625,806.0403442382812,827.4251098632812,853.7448120117188
1790704516.3748193,0,0,727.081298828125,771.4957885742188,824.1351318359375,840.5849609375
1790704516.3855813,0,0,674.4419555664062,784.6556396484375,820.84521484375,824.1351318359375
1790704516.3966424,0,0,674.4419555664062,783.0106201171875,815.9102783203125,880.064453125
1790704516.4073224,0,0,569.1632080078125,781.3656616210938,815.9102783203125,860.32470703125
1790704516.418361,0,0,569.1632080078125,781.3656616210938,815.9102783203125,860.32470703125
1790704516.4292438,0,0,569.1632080078125,781.3656616210938,815.9102783203125,860.32470703125
1790704516.4402204,0,0,569.1632080078125,781.3656616210938,815.9102783203125,860.32470703125
1790704516.4508424,0,0,569.1632080078125,781.3656616210938,815.9102783203125,860.32470703125
1790704516.461834,0,0,621.8025512695312,781.3656616210938,815.9102783203125,889.9343872070312
1790704516.4724786,0,0,477.0443115234375,756.6909790039062,819.2001953125,857.0347290039062
1790704516.4835532,0,0,569.1632080078125,769.850830078125,817.5552368164062,909.6741333007812
1790704516.4940953,0,0,503.3639831542969,792.8805541992188,812.6203002929688,876.7745361328125
1790704516.5050786,0,0,503.3639831542969,792.8805541992188,812.6203002929688,876.7745361328125
1790704516.5157685,0,0,503.3639831542969,792.8805541992188,812.6203002929688,876.7745361328125
1790704516.5267792,0,0,503.3639831542969,792.8805541992188,812.6203002929688,876.7745361328125
1790704516.537759,0,0,503.3639831542969,792.8805541992188,812.6203002929688,876.7745361328125
1790704516.5485003,0,0,503.3639831542969,792.8805541992188,812.6203002929688,876.7745361328125
1790704516.5604577,0,0,463.88446044921875,771.4957885742188,812.6203002929688,863.6146850585938
1790704516.5718572,0,0,411.2450866699219,771.4957885742188,812.6203002929688,840.5849609375
1790704516.5830724,0,0,529.6836547851562,781.3656616210938,815.9102783203125,919.5440063476562
1790704516.593561,0,0,371.76556396484375,776.4307250976562,815.9102783203125,817.5552368164062
1790704516.6046531,0,0,424.4049377441406,774.7857666015625,812.6203002929688,860.32470703125
1790704516.6153746,0,0,424.4049377441406,774.7857666015625,812.6203002929688,860.32470703125
1790704516.6266823,0,0,424.4049377441406,774.7857666015625,812.6203002929688,860.32470703125
1790704516.6376173,0,0,424.4049377441406,774.7857666015625,812.6203002929688,860.32470703125
1790704516.6488287,0,0,424.4049377441406,774.7857666015625,812.6203002929688,860.32470703125
1790704516.6598563,0,0,391.50531005859375,776.4307250976562,809.330322265625,830.715087890625
1790704516.671019,0,0,496.7840576171875,784.6556396484375,815.9102783203125,903.09423828125
1790704516.682173,0,0,365.1856384277344,751.7560424804688,815.9102783203125,850.454833984375
1790704516.6934097,0,0,312.5462646484375,778.07568359375,815.9102783203125,824.1351318359375
1790704516.7041738,0,0,891.579345703125,753.4010009765625,817.5552368164062,865.2596435546875
1790704516.7152464,0,0,812.6203002929688,784.6556396484375,796.1704711914062,786.3005981445312
1790704516.7268443,0,0,838.9400024414062,778.07568359375,801.1054077148438,812.6203002929688
1790704516.738066,0,0,878.4194946289062,792.8805541992188,799.46044921875,845.5198974609375
1790704516.74961,0,0,799.46044921875,778.07568359375,804.3953857421875,819.2001953125
1790704516.7609372,0,0,799.46044921875,778.07568359375,804.3953857421875,819.2001953125
1790704516.7716405,0,0,799.46044921875,778.07568359375,804.3953857421875,819.2001953125
1790704516.7826707,0,0,799.46044921875,778.07568359375,804.3953857421875,819.2001953125
1790704516.7933538,0,0,799.46044921875,778.07568359375,804.3953857421875,819.2001953125
1790704516.8040135,0,0,799.46044921875,778.07568359375,804.3953857421875,819.2001953125
1790704516.8152263,0,0,799.46044921875,778.07568359375,804.3953857421875,819.2001953125
1790704516.8268516,0,0,773.1407470703125,769.850830078125,815.9102783203125,838.9400024414062
1790704516.8374982,0,0,799.46044921875,776.4307250976562,812.6203002929688,865.2596435546875
1790704516.8487062,0,0,681.0218505859375,792.8805541992188,810.9752807617188,773.1407470703125
1790704516.859549,0,0,727.081298828125,756.6909790039062,815.9102783203125,812.6203002929688
1790704516.8703847,0,0,773.1407470703125,792.8805541992188,807.6853637695312,829.070068359375
1790704516.882601,0,0,707.341552734375,783.0106201171875,810.9752807617188,789.590576171875
1790704516.8935382,0,0,707.341552734375,783.0106201171875,810.9752807617188,789.590576171875
1790704516.9045832,0,0,707.341552734375,783.0106201171875,810.9752807617188,789.590576171875
1790704516.9153333,0,0,707.341552734375,783.0106201171875,810.9752807617188,789.590576171875
1790704516.9263065,0,0,707.341552734375,783.0106201171875,810.9752807617188,789.590576171875
1790704516.9374757,0,0,634.96240234375,761.6259155273438,814.2652587890625,806.0403442382812
1790704516.948549,0,0,529.6836547851562,756.6909790039062,814.2652587890625,792.8805541992188
1790704516.959962,0,0,477.0443115234375,778.07568359375,812.6203002929688,763.2708740234375
1790704516.9709098,0,0,542.843505859375,786.3005981445312,814.2652587890625,802.7504272460938
1790704516.9822927,0,0,542.843505859375,786.3005981445312,814.2652587890625,802.7504272460938
1790704516.9933891,0,0,542.843505859375,786.3005981445312,814.2652587890625,802.7504272460938
1790704517.0040822,0,0,542.843505859375,786.3005981445312,814.2652587890625,802.7504272460938
1790704517.0149996,0,0,542.843505859375,786.3005981445312,814.2652587890625,802.7504272460938
1790704517.02594,0,0,608.6427001953125,791.2355346679688,812.6203002929688,848.8098754882812
1790704517.0371675,0,0,411.2450866699219,768.205810546875,819.2001953125,773.1407470703125
1790704517.0484965,0,0,516.5238037109375,804.3953857421875,812.6203002929688,845.5198974609375
1790704517.0600696,0,0,384.9254150390625,768.205810546875,814.2652587890625,766.5608520507812
1790704517.070773,0,0,384.9254150390625,797.8154907226562,809.330322265625,802.7504272460938
1790704517.081868,0,0,384.9254150390625,797.8154907226562,809.330322265625,802.7504272460938
1790704517.0931323,0,0,384.9254150390625,797.8154907226562,809.330322265625,802.7504272460938
1790704517.1042333,0,0,384.9254150390625,797.8154907226562,809.330322265625,802.7504272460938
1790704517.1152833,0,0,384.9254150390625,797.8154907226562,809.330322265625,802.7504272460938
1790704517.126588,0,0,437.56475830078125,809.330322265625,812.6203002929688,809.330322265625
1790704517.1373136,0,0,332.2860412597656,761.6259155273438,817.5552368164062,783.0106201171875
1790704517.1479123,0,0,253.32696533203125,801.1054077148438,797.8154907226562,736.951171875
1790704517.1591434,0,0,305.9663391113281,792.8805541992188,792.8805541992188,789.590576171875
1790704517.1704156,0,0,305.9663391113281,792.8805541992188,792.8805541992188,789.590576171875
1790704517.181159,0,0,305.9663391113281,792.8805541992188,792.8805541992188,789.590576171875
1790704517.192171,0,0,305.9663391113281,792.8805541992188,792.8805541992188,789.590576171875
1790704517.202905,0,0,305.9663391113281,792.8805541992188,792.8805541992188,789.590576171875
1790704517.2141628,0,0,279.64666748046875,784.6556396484375,797.8154907226562,776.4307250976562
1790704517.2253299,0,0,227.00729370117188,797.8154907226562,797.8154907226562,750.1110229492188
1790704517.2360003,0,0,240.16712951660156,797.8154907226562,804.3953857421875,783.0106201171875
1790704517.2470496,0,0,266.48681640625,802.7504272460938,809.330322265625,809.330322265625
1790704517.2585757,0,0,935.9938354492188,783.0106201171875,815.9102783203125,899.8042602539062
1790704517.2695785,0,0,870.194580078125,771.4957885742188,814.2652587890625,870.194580078125
1790704517.2806423,0,0,870.194580078125,771.4957885742188,814.2652587890625,870.194580078125
1790704517.2916968,0,0,870.194580078125,771.4957885742188,814.2652587890625,870.194580078125
1790704517.3023498,0,0,870.194580078125,771.4957885742188,814.2652587890625,870.194580078125
1790704517.3130739,0,0,870.194580078125,771.4957885742188,814.2652587890625,870.194580078125
1790704517.3247137,0,0,870.194580078125,771.4957885742188,814.2652587890625,870.194580078125
1790704517.3359346,0,0,738.59619140625,773.1407470703125,819.2001953125,847.1648559570312
1790704517.347525,0,0,712.2764892578125,781.3656616210938,809.330322265625,847.1648559570312
1790704517.358609,0,0,712.2764892578125,781.3656616210938,809.330322265625,847.1648559570312
1790704517.370014,0,0,712.2764892578125,781.3656616210938,809.330322265625,847.1648559570312
1790704517.3812008,0,0,712.2764892578125,781.3656616210938,809.330322265625,847.1648559570312
1790704517.392608,0,0,712.2764892578125,781.3656616210938,809.330322265625,847.1648559570312
1790704517.4038029,0,0,712.2764892578125,781.3656616210938,809.330322265625,847.1648559570312
1790704517.414779,0,0,685.956787109375,796.1704711914062,809.330322265625,827.4251098632812
1790704517.425845,0,0,659.6371459960938,761.6259155273438,819.2001953125,814.2652587890625
1790704517.4373522,0,0,659.6371459960938,791.2355346679688,812.6203002929688,799.46044921875
1790704517.448639,0,0,633.3174438476562,799.46044921875,806.0403442382812,809.330322265625
1790704517.4596534,0,0,659.6371459960938,786.3005981445312,810.9752807617188,830.715087890625
1790704517.470582,0,0,659.6371459960938,786.3005981445312,810.9752807617188,830.715087890625
1790704517.4816422,0,0,659.6371459960938,786.3005981445312,810.9752807617188,830.715087890625
1790704517.492623,0,0,659.6371459960938,786.3005981445312,810.9752807617188,830.715087890625
1790704517.5034857,0,0,659.6371459960938,786.3005981445312,810.9752807617188,830.715087890625
1790704517.5143487,0,0,738.59619140625,794.5255126953125,812.6203002929688,875.1295166015625
1790704517.5250428,0,0,633.3174438476562,784.6556396484375,815.9102783203125,809.330322265625
1790704517.5356388,0,0,685.956787109375,769.850830078125,815.9102783203125,845.5198974609375
1790704517.546195,0,0,685.956787109375,787.945556640625,812.6203002929688,848.8098754882812
1790704517.5573761,0,0,580.6780395507812,766.5608520507812,819.2001953125,796.1704711914062
1790704517.568547,0,0,606.9977416992188,778.07568359375,819.2001953125,819.2001953125
1790704517.5796332,0,0,685.956787109375,787.945556640625,820.84521484375,845.5198974609375
1790704517.590318,0,0,633.3174438476562,792.8805541992188,817.5552368164062,809.330322265625
1790704517.6011205,0,0,633.3174438476562,792.8805541992188,817.5552368164062,809.330322265625
1790704517.6122403,0,0,633.3174438476562,792.8805541992188,817.5552368164062,809.330322265625
1790704517.623306,0,0,633.3174438476562,792.8805541992188,817.5552368164062,809.330322265625
1790704517.6339571,0,0,633.3174438476562,792.8805541992188,817.5552368164062,809.330322265625
1790704517.6453674,0,0,633.3174438476562,792.8805541992188,817.5552368164062,809.330322265625
1790704517.6561627,0,0,633.3174438476562,781.3656616210938,817.5552368164062,799.46044921875
1790704517.667233,0,0,606.9977416992188,796.1704711914062,815.9102783203125,783.0106201171875
1790704517.6781409,0,0,580.6780395507812,784.6556396484375,817.5552368164062,796.1704711914062
1790704517.688938,0,0,580.6780395507812,784.6556396484375,817.5552368164062,796.1704711914062
1790704517.699903,0,0,554.3583984375,776.4307250976562,815.9102783203125,773.1407470703125
1790704517.7106721,0,0,606.9977416992188,791.2355346679688,817.5552368164062,809.330322265625
1790704517.7218957,0,0,606.9977416992188,791.2355346679688,817.5552368164062,809.330322265625
1790704517.732586,0,0,606.9977416992188,791.2355346679688,817.5552368164062,809.330322265625
1790704517.7436273,0,0,606.9977416992188,791.2355346679688,817.5552368164062,809.330322265625
1790704517.7546601,0,0,659.6371459960938,796.1704711914062,817.5552368164062,848.8098754882812
1790704517.76593,0,0,606.9977416992188,791.2355346679688,819.2001953125,819.2001953125
1790704517.7768502,0,0,514.8788452148438,784.6556396484375,814.2652587890625,799.46044921875
1790704517.788165,0,0,567.5181884765625,787.945556640625,825.7801513671875,825.7801513671875
1790704517.799103,0,0,449.0796203613281,778.07568359375,822.4901733398438,746.8211059570312
1790704517.8101466,0,0,514.8788452148438,778.07568359375,815.9102783203125,783.0106201171875
1790704517.8208146,0,0,514.8788452148438,778.07568359375,815.9102783203125,783.0106201171875
1790704517.8317447,0,0,514.8788452148438,778.07568359375,815.9102783203125,783.0106201171875
1790704517.8424335,0,0,514.8788452148438,778.07568359375,815.9102783203125,783.0106201171875
1790704517.8537323,0,0,514.8788452148438,778.07568359375,815.9102783203125,783.0106201171875
1790704517.864781,0,0,514.8788452148438,778.07568359375,815.9102783203125,783.0106201171875
1790704517.8759644,0,0,514.8788452148438,778.07568359375,815.9102783203125,783.0106201171875
1790704517.8868558,0,0,554.3583984375,789.590576171875,814.2652587890625,815.9102783203125
1790704517.8984704,0,0,807.6853637695312,807.6853637695312,810.9752807617188,840.5849609375
1790704517.9094434,0,0,807.6853637695312,807.6853637695312,810.9752807617188,840.5849609375
1790704517.9203172,0,0,807.6853637695312,807.6853637695312,810.9752807617188,840.5849609375
1790704517.9312575,0,0,807.6853637695312,807.6853637695312,810.9752807617188,840.5849609375
1790704517.9425793,0,0,807.6853637695312,807.6853637695312,810.9752807617188,840.5849609375
1790704517.9541876,0,0,807.6853637695312,807.6853637695312,810.9752807617188,840.5849609375
1790704517.966475,0,0,728.726318359375,753.4010009765625,819.2001953125,820.84521484375
1790704517.978594,0,0,847.1648559570312,794.5255126953125,815.9102783203125,880.064453125
1790704517.9916868,0,0,860.32470703125,797.8154907226562,810.9752807617188,883.3544311523438
1790704518.0034027,0,0,794.5255126953125,779.720703125,809.330322265625,842.2299194335938
1790704518.0145154,0,0,794.5255126953125,779.720703125,809.330322265625,842.2299194335938
1790704518.0252278,0,0,794.5255126953125,779.720703125,809.330322265625,842.2299194335938
1790704518.0365872,0,0,794.5255126953125,779.720703125,809.330322265625,842.2299194335938
1790704518.047664,0,0,794.5255126953125,779.720703125,809.330322265625,842.2299194335938
1790704518.0586722,0,0,794.5255126953125,779.720703125,809.330322265625,842.2299194335938
1790704518.0694432,0,0,794.5255126953125,779.720703125,809.330322265625,842.2299194335938
1790704518.0804608,0,0,834.0050048828125,789.590576171875,812.6203002929688,853.7448120117188
1790704518.0921314,0,0,820.84521484375,787.945556640625,817.5552368164062,842.2299194335938
1790704518.1033077,0,0,820.84521484375,787.945556640625,817.5552368164062,842.2299194335938
1790704518.114057,0,0,820.84521484375,787.945556640625,817.5552368164062,842.2299194335938
1790704518.1251013,0,0,820.84521484375,787.945556640625,817.5552368164062,842.2299194335938
1790704518.1361816,0,0,820.84521484375,787.945556640625,817.5552368164062,842.2299194335938
1790704518.1472747,0,0,899.8042602539062,799.46044921875,815.9102783203125,878.4194946289062
1790704518.158641,0,0,834.0050048828125,794.5255126953125,814.2652587890625,847.1648559570312
1790704518.1695645,0,0,860.32470703125,807.6853637695312,814.2652587890625,870.194580078125
1790704518.1811204,0,0,781.3656616210938,787.945556640625,819.2001953125,830.715087890625
1790704518.1922588,0,0,755.0459594726562,776.4307250976562,819.2001953125,830.715087890625
1790704518.203298,0,0,794.5255126953125,796.1704711914062,815.9102783203125,850.454833984375
1790704518.2144792,0,0,794.5255126953125,796.1704711914062,815.9102783203125,850.454833984375
1790704518.2255564,0,0,794.5255126953125,796.1704711914062,815.9102783203125,850.454833984375
1790704518.2365832,0,0,794.5255126953125,796.1704711914062,815.9102783203125,850.454833984375
1790704518.24779,0,0,794.5255126953125,796.1704711914062,815.9102783203125,850.454833984375
1790704518.258775,0,0,755.0459594726562,789.590576171875,817.5552368164062,824.1351318359375
1790704518.2699463,0,0,755.0459594726562,773.1407470703125,819.2001953125,837.2949829101562
1790704518.280697,0,0,755.0459594726562,773.1407470703125,819.2001953125,837.2949829101562
1790704518.291737,0,0,860.32470703125,799.46044921875,812.6203002929688,894.8693237304688
1790704518.3023875,0,0,755.0459594726562,796.1704711914062,812.6203002929688,820.84521484375
1790704518.313182,0,0,755.0459594726562,796.1704711914062,812.6203002929688,820.84521484375
1790704518.324218,0,0,728.726318359375,787.945556640625,810.9752807617188,787.945556640625
1790704518.3349488,0,0,807.6853637695312,796.1704711914062,817.5552368164062,834.0050048828125
1790704518.3459466,0,0,741.8861083984375,763.2708740234375,822.4901733398438,817.5552368164062
1790704518.3572326,0,0,741.8861083984375,763.2708740234375,822.4901733398438,817.5552368164062
1790704518.3685734,0,0,741.8861083984375,763.2708740234375,822.4901733398438,817.5552368164062
1790704518.380727,0,0,741.8861083984375,763.2708740234375,822.4901733398438,817.5552368164062
1790704518.3925521,0,0,741.8861083984375,763.2708740234375,822.4901733398438,817.5552368164062
1790704518.40366,0,0,741.8861083984375,763.2708740234375,822.4901733398438,817.5552368164062
1790704518.4145703,0,0,820.84521484375,784.6556396484375,817.5552368164062,853.7448120117188
1790704518.4263773,0,0,741.8861083984375,809.330322265625,810.9752807617188,804.3953857421875
1790704518.4374814,0,0,835.6500244140625,774.7857666015625,815.9102783203125,832.3600463867188
1790704518.448583,0,0,835.6500244140625,774.7857666015625,815.9102783203125,832.3600463867188
1790704518.4593937,0,0,835.6500244140625,799.46044921875,812.6203002929688,865.2596435546875
1790704518.470741,0,0,756.6909790039062,789.590576171875,812.6203002929688,847.1648559570312
1790704518.4821641,0,0,756.6909790039062,789.590576171875,812.6203002929688,847.1648559570312
1790704518.4936,0,1,756.6909790039062,789.590576171875,812.6203002929688,847.1648559570312
1790704518.50505,0,1,756.6909790039062,789.590576171875,812.6203002929688,847.1648559570312
1790704518.5161712,0,1,756.6909790039062,789.590576171875,812.6203002929688,847.1648559570312
1790704518.5270908,0,1,756.6909790039062,789.590576171875,812.6203002929688,847.1648559570312
1790704518.5377774,0,1,756.6909790039062,789.590576171875,812.6203002929688,847.1648559570312
1790704518.5489707,0,1,809.330322265625,807.6853637695312,812.6203002929688,855.3897705078125
1790704518.5597758,0,1,809.330322265625,806.0403442382812,815.9102783203125,850.454833984375
1790704518.5706713,0,1,625.092529296875,779.720703125,819.2001953125,801.1054077148438
1790704518.582073,0,1,651.4122314453125,766.5608520507812,819.2001953125,853.7448120117188
1790704518.593201,0,1,651.4122314453125,766.5608520507812,819.2001953125,853.7448120117188
1790704518.6041532,0,1,651.4122314453125,766.5608520507812,819.2001953125,853.7448120117188
1790704518.614788,0,1,651.4122314453125,766.5608520507812,819.2001953125,853.7448120117188
1790704518.6257584,0,1,572.4531860351562,773.1407470703125,820.84521484375,830.715087890625
1790704518.6364603,0,1,572.4531860351562,783.0106201171875,810.9752807617188,804.3953857421875
1790704518.647585,0,1,546.1334838867188,769.850830078125,809.330322265625,824.1351318359375
1790704518.658415,0,1,572.4531860351562,784.6556396484375,807.6853637695312,830.715087890625
1790704518.6689339,0,1,506.6539306640625,766.5608520507812,815.9102783203125,814.2652587890625
1790704518.679776,0,1,559.2933349609375,792.8805541992188,806.0403442382812,840.5849609375
1790704518.690872,0,1,559.2933349609375,792.8805541992188,806.0403442382812,840.5849609375
1790704518.7017593,0,1,559.2933349609375,792.8805541992188,806.0403442382812,840.5849609375
1790704518.7132113,0,1,559.2933349609375,792.8805541992188,806.0403442382812,840.5849609375
1790704518.7242422,0,1,559.2933349609375,792.8805541992188,806.0403442382812,840.5849609375
1790704518.7350736,0,1,506.6539306640625,783.0106201171875,810.9752807617188,824.1351318359375
1790704518.7460678,0,1,559.2933349609375,787.945556640625,812.6203002929688,857.0347290039062
1790704518.756675,0,1,480.3342590332031,789.590576171875,814.2652587890625,810.9752807617188
1790704518.7675989,0,1,401.3752136230469,769.850830078125,815.9102783203125,804.3953857421875
1790704518.7783465,0,1,375.0555114746094,806.0403442382812,809.330322265625,804.3953857421875
1790704518.7890277,0,1,427.69488525390625,792.8805541992188,814.2652587890625,837.2949829101562
1790704518.8001695,0,1,427.69488525390625,792.8805541992188,814.2652587890625,837.2949829101562
1790704518.8107164,0,1,427.69488525390625,792.8805541992188,814.2652587890625,837.2949829101562
1790704518.8213906,0,1,427.69488525390625,792.8805541992188,814.2652587890625,837.2949829101562
1790704518.8323371,0,1,427.69488525390625,792.8805541992188,814.2652587890625,837.2949829101562
1790704518.8432612,0,1,388.2153625488281,783.0106201171875,815.9102783203125,853.7448120117188
1790704518.853912,0,1,309.2563171386719,778.07568359375,820.84521484375,834.0050048828125
1790704518.864874,0,1,269.7767639160156,791.2355346679688,824.1351318359375,817.5552368164062
1790704518.8755898,0,1,296.0964660644531,794.5255126953125,820.84521484375,830.715087890625
1790704518.886557,0,1,296.0964660644531,794.5255126953125,820.84521484375,830.715087890625
1790704518.8972812,0,1,296.0964660644531,794.5255126953125,820.84521484375,830.715087890625
1790704518.9082582,0,1,296.0964660644531,794.5255126953125,820.84521484375,830.715087890625
1790704518.9191206,0,1,296.0964660644531,794.5255126953125,820.84521484375,830.715087890625
1790704518.9302251,0,1,296.0964660644531,794.5255126953125,820.84521484375,830.715087890625
1790704518.9412625,0,1,296.0964660644531,806.0403442382812,819.2001953125,857.0347290039062
1790704518.951859,0,1,322.4161376953125,763.2708740234375,825.7801513671875,870.194580078125
1790704518.9628959,0,1,243.45709228515625,779.720703125,822.4901733398438,824.1351318359375
1790704518.973632,0,1,256.616943359375,799.46044921875,814.2652587890625,838.9400024414062
1790704518.9847178,0,1,177.6578826904297,796.1704711914062,802.7504272460938,809.330322265625
1790704518.9955213,0,1,177.6578826904297,796.1704711914062,802.7504272460938,809.330322265625
1790704519.0063064,0,1,177.6578826904297,796.1704711914062,802.7504272460938,809.330322265625
1790704519.0176933,0,1,177.6578826904297,796.1704711914062,802.7504272460938,809.330322265625
1790704519.0286555,0,1,177.6578826904297,796.1704711914062,802.7504272460938,809.330322265625
1790704519.0394359,0,1,177.6578826904297,796.1704711914062,802.7504272460938,809.330322265625
1790704519.050301,0,1,838.9400024414062,792.8805541992188,807.6853637695312,797.8154907226562
1790704519.061417,0,1,917.8990478515625,791.2355346679688,810.9752807617188,865.2596435546875
1790704519.072039,0,1,865.2596435546875,789.590576171875,812.6203002929688,838.9400024414062
1790704519.0830657,0,1,865.2596435546875,789.590576171875,812.6203002929688,838.9400024414062
1790704519.0943222,0,1,865.2596435546875,789.590576171875,812.6203002929688,838.9400024414062
1790704519.105058,0,1,865.2596435546875,789.590576171875,812.6203002929688,838.9400024414062
1790704519.115864,0,1,865.2596435546875,789.590576171875,812.6203002929688,838.9400024414062
1790704519.1270807,0,1,865.2596435546875,789.590576171875,812.6203002929688,838.9400024414062
1790704519.1381927,0,1,865.2596435546875,804.3953857421875,810.9752807617188,829.070068359375
1790704519.1493814,0,1,812.6203002929688,781.3656616210938,815.9102783203125,829.070068359375
1790704519.1601222,0,1,812.6203002929688,787.945556640625,817.5552368164062,842.2299194335938
1790704519.171127,0,1,733.6612548828125,758.3359375,820.84521484375,809.330322265625
1790704519.1818163,0,1,799.46044921875,778.07568359375,815.9102783203125,847.1648559570312
1790704519.1923816,0,1,799.46044921875,778.07568359375,815.9102783203125,847.1648559570312
1790704519.20315,0,1,799.46044921875,778.07568359375,815.9102783203125,847.1648559570312
1790704519.2140942,0,1,799.46044921875,778.07568359375,815.9102783203125,847.1648559570312
1790704519.2251189,0,1,799.46044921875,778.07568359375,815.9102783203125,847.1648559570312
1790704519.2356935,0,1,799.46044921875,778.07568359375,815.9102783203125,847.1648559570312
1790704519.2467093,0,1,799.46044921875,778.07568359375,815.9102783203125,847.1648559570312
1790704519.2577143,0,1,746.8211059570312,778.07568359375,819.2001953125,820.84521484375
1790704519.2690136,0,1,838.9400024414062,794.5255126953125,814.2652587890625,868.5496215820312
1790704519.2797327,0,1,759.9808959960938,801.1054077148438,810.9752807617188,850.454833984375
1790704519.2907555,0,1,707.341552734375,784.6556396484375,807.6853637695312,834.0050048828125
1790704519.3016367,0,1,707.341552734375,784.6556396484375,807.6853637695312,834.0050048828125
1790704519.312911,0,1,707.341552734375,784.6556396484375,807.6853637695312,834.0050048828125
1790704519.3243496,0,1,707.341552734375,784.6556396484375,807.6853637695312,834.0050048828125
1790704519.3350303,0,1,707.341552734375,784.6556396484375,807.6853637695312,834.0050048828125
1790704519.3459468,0,1,707.341552734375,784.6556396484375,807.6853637695312,834.0050048828125
1790704519.356772,0,1,773.1407470703125,792.8805541992188,815.9102783203125,870.194580078125
1790704519.3679721,0,1,667.8619995117188,792.8805541992188,812.6203002929688,827.4251098632812
1790704519.3792706,0,1,773.1407470703125,779.720703125,815.9102783203125,880.064453125
1790704519.3901632,0,1,615.22265625,796.1704711914062,812.6203002929688,847.1648559570312
1790704519.4014745,0,1,536.2636108398438,791.2355346679688,812.6203002929688,814.2652587890625
1790704519.41244,0,1,536.2636108398438,791.2355346679688,812.6203002929688,814.2652587890625
1790704519.4231167,0,1,536.2636108398438,791.2355346679688,812.6203002929688,814.2652587890625
1790704519.434356,0,1,536.2636108398438,791.2355346679688,812.6203002929688,814.2652587890625
1790704519.44512,0,1,536.2636108398438,791.2355346679688,812.6203002929688,814.2652587890625
1790704519.4567268,0,1,536.2636108398438,791.2355346679688,812.6203002929688,814.2652587890625
1790704519.4677365,0,1,509.94390869140625,761.6259155273438,819.2001953125,807.6853637695312
1790704519.4788918,0,1,562.583251953125,791.2355346679688,817.5552368164062,860.32470703125
1790704519.4904764,0,1,536.2636108398438,786.3005981445312,817.5552368164062,863.6146850585938
1790704519.5018406,0,1,457.3045349121094,778.07568359375,819.2001953125,820.84521484375
1790704519.5130024,0,1,457.3045349121094,778.07568359375,819.2001953125,820.84521484375
1790704519.5242724,0,1,457.3045349121094,778.07568359375,819.2001953125,820.84521484375
1790704519.5352118,0,1,457.3045349121094,778.07568359375,819.2001953125,820.84521484375
1790704519.5459805,0,1,457.3045349121094,778.07568359375,819.2001953125,820.84521484375
1790704519.5577395,0,1,391.50531005859375,769.850830078125,819.2001953125,797.8154907226562
1790704519.5684597,0,1,430.98486328125,804.3953857421875,815.9102783203125,817.5552368164062
1790704519.5791547,0,1,365.1856384277344,758.3359375,817.5552368164062,794.5255126953125
1790704519.5903347,0,1,365.1856384277344,786.3005981445312,827.4251098632812,801.1054077148438
1790704519.6017053,0,1,338.8659362792969,774.7857666015625,837.2949829101562,810.9752807617188
1790704519.613606,0,1,338.8659362792969,774.7857666015625,837.2949829101562,810.9752807617188
1790704519.6250057,0,1,338.8659362792969,774.7857666015625,837.2949829101562,810.9752807617188
1790704519.6356814,0,1,338.8659362792969,774.7857666015625,837.2949829101562,810.9752807617188
1790704519.6463544,0,1,338.8659362792969,774.7857666015625,837.2949829101562,810.9752807617188
1790704519.6579785,0,1,338.8659362792969,774.7857666015625,837.2949829101562,810.9752807617188
1790704519.6689746,0,1,312.5462646484375,786.3005981445312,829.070068359375,791.2355346679688
1790704519.679651,0,1,814.2652587890625,781.3656616210938,829.070068359375,832.3600463867188
1790704519.6903424,0,1,761.6259155273438,755.0459594726562,830.715087890625,827.4251098632812
1790704519.701172,0,1,787.945556640625,787.945556640625,824.1351318359375,896.5142822265625
1790704519.7128754,0,1,656.34716796875,784.6556396484375,822.4901733398438,837.2949829101562
1790704519.7240305,0,1,682.6668701171875,796.1704711914062,822.4901733398438,843.8749389648438
1790704519.735244,0,1,761.6259155273438,792.8805541992188,822.4901733398438,884.9994506835938
1790704519.7469184,0,1,656.34716796875,791.2355346679688,824.1351318359375,865.2596435546875
1790704519.7578866,0,1,656.34716796875,791.2355346679688,824.1351318359375,865.2596435546875
1790704519.7689931,0,1,656.34716796875,791.2355346679688,824.1351318359375,865.2596435546875
1790704519.7805572,0,1,656.34716796875,791.2355346679688,824.1351318359375,865.2596435546875
1790704519.7918005,0,1,656.34716796875,791.2355346679688,824.1351318359375,865.2596435546875
1790704519.802561,0,1,630.0274658203125,787.945556640625,822.4901733398438,847.1648559570312
1790704519.813182,0,1,682.6668701171875,792.8805541992188,820.84521484375,866.9046630859375
1790704519.8242998,0,1,603.707763671875,778.07568359375,825.7801513671875,834.0050048828125
1790704519.8353016,0,1,590.5479125976562,781.3656616210938,822.4901733398438,843.8749389648438
1790704519.8462088,0,1,616.8676147460938,802.7504272460938,822.4901733398438,860.32470703125
1790704519.8572564,0,1,616.8676147460938,802.7504272460938,822.4901733398438,860.32470703125
1790704519.8682714,0,1,616.8676147460938,802.7504272460938,822.4901733398438,860.32470703125
1790704519.879847,0,1,616.8676147460938,802.7504272460938,822.4901733398438,860.32470703125
1790704519.8904467,0,1,616.8676147460938,802.7504272460938,822.4901733398438,860.32470703125
1790704519.9014823,0,1,616.8676147460938,802.7504272460938,822.4901733398438,860.32470703125
1790704519.9124203,0,1,590.5479125976562,799.46044921875,815.9102783203125,860.32470703125
1790704519.923248,0,1,458.94952392578125,755.0459594726562,827.4251098632812,830.715087890625
1790704519.9342582,0,1,432.62982177734375,774.7857666015625,829.070068359375,837.2949829101562
1790704519.945263,0,1,458.94952392578125,797.8154907226562,830.715087890625,853.7448120117188
1790704519.956475,0,0,458.94952392578125,797.8154907226562,830.715087890625,853.7448120117188
1790704519.9673386,0,0,458.94952392578125,797.8154907226562,830.715087890625,853.7448120117188
1790704519.9783013,0,0,458.94952392578125,797.8154907226562,830.715087890625,853.7448120117188
1790704519.9890475,0,0,458.94952392578125,797.8154907226562,830.715087890625,853.7448120117188
1790704519.9996395,0,0,458.94952392578125,797.8154907226562,830.715087890625,853.7448120117188
1790704520.0106761,0,0,458.94952392578125,797.8154907226562,830.715087890625,853.7448120117188
1790704520.0216925,0,0,458.94952392578125,797.8154907226562,830.715087890625,853.7448120117188
1790704520.03231,0,0,327.35107421875,769.850830078125,830.715087890625,866.9046630859375
1790704520.0428724,0,0,327.35107421875,789.590576171875,820.84521484375,870.194580078125
1790704520.0534592,0,0,327.35107421875,789.590576171875,820.84521484375,870.194580078125
1790704520.064427,0,0,287.8715515136719,797.8154907226562,820.84521484375,866.9046630859375
1790704520.0754442,0,0,287.8715515136719,773.1407470703125,819.2001953125,886.6444091796875
1790704520.086177,0,0,287.8715515136719,773.1407470703125,819.2001953125,886.6444091796875
1790704520.0969317,0,0,287.8715515136719,773.1407470703125,819.2001953125,886.6444091796875
1790704520.1077933,0,0,287.8715515136719,773.1407470703125,819.2001953125,886.6444091796875
1790704520.1189234,0,0,340.51092529296875,784.6556396484375,820.84521484375,922.833984375
1790704520.129746,0,0,235.23219299316406,783.0106201171875,815.9102783203125,870.194580078125
1790704520.1411672,0,0,103.63375854492188,786.3005981445312,815.9102783203125,873.4845581054688
1790704520.1518428,0,0,103.63375854492188,786.3005981445312,815.9102783203125,873.4845581054688
1790704520.1636963,0,0,103.63375854492188,786.3005981445312,815.9102783203125,873.4845581054688
1790704520.1743557,0,0,103.63375854492188,786.3005981445312,815.9102783203125,873.4845581054688
1790704520.1851184,0,0,103.63375854492188,786.3005981445312,815.9102783203125,873.4845581054688
1790704520.196653,0,0,919.5440063476562,806.0403442382812,810.9752807617188,878.4194946289062
1790704520.2074075,0,0,893.2243041992188,783.0106201171875,817.5552368164062,888.2893676757812
1790704520.2183895,0,0,840.5849609375,796.1704711914062,815.9102783203125,842.2299194335938
1790704520.2300284,0,0,761.6259155273438,783.0106201171875,812.6203002929688,815.9102783203125
1790704520.2415233,0,0,774.7857666015625,787.945556640625,810.9752807617188,827.4251098632812
1790704520.252263,0,0,774.7857666015625,787.945556640625,810.9752807617188,827.4251098632812
1790704520.2633107,0,0,774.7857666015625,787.945556640625,810.9752807617188,827.4251098632812
1790704520.273857,0,0,774.7857666015625,787.945556640625,810.9752807617188,827.4251098632812
1790704520.2845807,0,0,774.7857666015625,787.945556640625,810.9752807617188,827.4251098632812
1790704520.2958174,0,0,774.7857666015625,787.945556640625,810.9752807617188,827.4251098632812
1790704520.3064046,0,0,741.8861083984375,759.9808959960938,825.7801513671875,820.84521484375
1790704520.3177476,0,0,748.466064453125,773.1407470703125,820.84521484375,819.2001953125
1790704520.3289545,0,0,860.32470703125,791.2355346679688,820.84521484375,893.2243041992188
1790704520.339539,0,0,728.726318359375,774.7857666015625,817.5552368164062,835.6500244140625
1790704520.3505764,0,0,741.8861083984375,810.9752807617188,815.9102783203125,845.5198974609375
1790704520.3614182,0,0,741.8861083984375,810.9752807617188,815.9102783203125,845.5198974609375
1790704520.3721998,0,0,741.8861083984375,810.9752807617188,815.9102783203125,845.5198974609375
1790704520.3833182,0,0,741.8861083984375,810.9752807617188,815.9102783203125,845.5198974609375
1790704520.394625,0,0,741.8861083984375,810.9752807617188,815.9102783203125,845.5198974609375
1790704520.4053094,0,0,741.8861083984375,810.9752807617188,815.9102783203125,845.5198974609375
1790704520.4162521,0,0,662.9270629882812,781.3656616210938,820.84521484375,812.6203002929688
1790704520.4274337,0,0,741.8861083984375,812.6203002929688,817.5552368164062,858.6797485351562
1790704520.4383116,0,0,689.2467651367188,769.850830078125,829.070068359375,878.4194946289062
1790704520.4493387,0,0,610.2877197265625,796.1704711914062,820.84521484375,838.9400024414062
1790704520.461059,0,0,636.607421875,802.7504272460938,817.5552368164062,875.1295166015625
1790704520.4724538,0,0,636.607421875,802.7504272460938,817.5552368164062,875.1295166015625
1790704520.4836736,0,0,636.607421875,802.7504272460938,817.5552368164062,875.1295166015625
1790704520.4942398,0,0,636.607421875,802.7504272460938,817.5552368164062,875.1295166015625
1790704520.5051382,0,0,636.607421875,802.7504272460938,817.5552368164062,875.1295166015625
1790704520.5161972,0,0,623.4475708007812,796.1704711914062,825.7801513671875,888.2893676757812
1790704520.5272748,0,0,662.9270629882812,791.2355346679688,819.2001953125,914.6090698242188
1790704520.538295,0,0,636.607421875,817.5552368164062,817.5552368164062,881.70947265625
1790704520.548785,0,0,544.4884643554688,787.945556640625,819.2001953125,832.3600463867188
1790704520.5598612,0,0,583.968017578125,773.1407470703125,820.84521484375,871.839599609375
1790704520.5703628,0,0,583.968017578125,773.1407470703125,820.84521484375,871.839599609375
1790704520.5814695,0,0,583.968017578125,773.1407470703125,820.84521484375,871.839599609375
1790704520.5922964,0,0,583.968017578125,773.1407470703125,820.84521484375,871.839599609375
1790704520.602727,0,0,583.968017578125,773.1407470703125,820.84521484375,871.839599609375
1790704520.614054,0,0,649.7672119140625,769.850830078125,819.2001953125,921.18896484375
1790704520.6249487,0,0,583.968017578125,786.3005981445312,822.4901733398438,861.9697265625
1790704520.6360009,0,0,505.00897216796875,750.1110229492188,819.2001953125,829.070068359375
1790704520.6469994,0,0,597.1278686523438,802.7504272460938,809.330322265625,883.3544311523438
1790704520.6575782,0,0,439.2097473144531,786.3005981445312,817.5552368164062,802.7504272460938
1790704520.668552,0,0,478.68927001953125,776.4307250976562,812.6203002929688,847.1648559570312
1790704520.6796284,0,0,478.68927001953125,776.4307250976562,812.6203002929688,847.1648559570312
1790704520.690097,0,0,478.68927001953125,776.4307250976562,812.6203002929688,847.1648559570312
1790704520.7012215,0,0,478.68927001953125,776.4307250976562,812.6203002929688,847.1648559570312
1790704520.7119324,0,0,478.68927001953125,776.4307250976562,812.6203002929688,847.1648559570312
1790704520.7224689,0,0,399.730224609375,791.2355346679688,817.5552368164062,799.46044921875
1790704520.7330916,0,0,386.57037353515625,778.07568359375,822.4901733398438,812.6203002929688
1790704520.7437007,0,0,491.84912109375,804.3953857421875,819.2001953125,878.4194946289062
1790704520.7546024,0,0,452.3695983886719,773.1407470703125,830.715087890625,884.9994506835938
1790704520.7652433,0,0,399.730224609375,796.1704711914062,822.4901733398438,845.5198974609375
1790704520.7757015,0,0,399.730224609375,796.1704711914062,822.4901733398438,845.5198974609375
1790704520.7869923,0,0,399.730224609375,796.1704711914062,822.4901733398438,845.5198974609375
1790704520.7979004,0,0,399.730224609375,796.1704711914062,822.4901733398438,845.5198974609375
1790704520.8088956,0,0,399.730224609375,796.1704711914062,822.4901733398438,845.5198974609375
1790704520.8197684,0,0,399.730224609375,796.1704711914062,822.4901733398438,845.5198974609375
1790704520.8306825,0,0,399.730224609375,796.1704711914062,822.4901733398438,845.5198974609375
1790704520.8413215,0,0,950.7986450195312,806.0403442382812,822.4901733398438,893.2243041992188
1790704520.8521907,0,0,937.6387939453125,809.330322265625,819.2001953125,880.064453125
1790704520.8627589,0,0,806.0403442382812,810.9752807617188,797.8154907226562,778.07568359375
1790704520.8737555,0,0,819.2001953125,806.0403442382812,801.1054077148438,791.2355346679688
1790704520.8843384,0,0,898.1592407226562,814.2652587890625,799.46044921875,827.4251098632812
1790704520.8952725,0,0,792.8805541992188,799.46044921875,797.8154907226562,784.6556396484375
1790704520.9062026,0,0,832.3600463867188,799.46044921875,801.1054077148438,807.6853637695312
1790704520.9170249,0,0,832.3600463867188,799.46044921875,801.1054077148438,807.6853637695312
1790704520.92782,0,0,832.3600463867188,799.46044921875,801.1054077148438,807.6853637695312
1790704520.9383516,0,0,832.3600463867188,799.46044921875,801.1054077148438,807.6853637695312
1790704520.9489665,0,0,832.3600463867188,799.46044921875,801.1054077148438,807.6853637695312
1790704520.959433,0,0,832.3600463867188,799.46044921875,801.1054077148438,807.6853637695312
1790704520.9705427,0,0,766.5608520507812,792.8805541992188,806.0403442382812,778.07568359375
1790704520.9812746,0,0,766.5608520507812,792.8805541992188,809.330322265625,781.3656616210938
1790704520.9922092,0,0,773.1407470703125,783.0106201171875,814.2652587890625,792.8805541992188
1790704521.0028918,0,0,766.5608520507812,766.5608520507812,819.2001953125,822.4901733398438
1790704521.0143297,0,0,779.720703125,787.945556640625,815.9102783203125,827.4251098632812
1790704521.0254104,0,0,779.720703125,787.945556640625,815.9102783203125,827.4251098632812
1790704521.0365274,0,0,779.720703125,787.945556640625,815.9102783203125,827.4251098632812
1790704521.0470605,0,0,779.720703125,787.945556640625,815.9102783203125,827.4251098632812
1790704521.0579622,0,0,779.720703125,787.945556640625,815.9102783203125,827.4251098632812
1790704521.0689366,0,0,799.46044921875,778.07568359375,819.2001953125,838.9400024414062
1790704521.0795946,0,0,838.9400024414062,806.0403442382812,814.2652587890625,850.454833984375
1790704521.0905545,0,0,746.8211059570312,791.2355346679688,812.6203002929688,809.330322265625
1790704521.1010468,0,0,733.6612548828125,776.4307250976562,819.2001953125,814.2652587890625
1790704521.1115565,0,0,759.9808959960938,806.0403442382812,814.2652587890625,820.84521484375
1790704521.1222136,0,0,759.9808959960938,806.0403442382812,814.2652587890625,820.84521484375
1790704521.132925,0,0,759.9808959960938,806.0403442382812,814.2652587890625,820.84521484375
1790704521.143419,0,0,759.9808959960938,806.0403442382812,814.2652587890625,820.84521484375
1790704521.153926,0,0,759.9808959960938,806.0403442382812,814.2652587890625,820.84521484375
1790704521.1645188,0,0,759.9808959960938,806.0403442382812,814.2652587890625,820.84521484375
1790704521.1751003,0,0,759.9808959960938,806.0403442382812,814.2652587890625,820.84521484375
1790704521.1862059,0,0,667.8619995117188,807.6853637695312,817.5552368164062,796.1704711914062
1790704521.197145,0,0,694.1817016601562,796.1704711914062,815.9102783203125,824.1351318359375
1790704521.2080846,0,0,694.1817016601562,796.1704711914062,815.9102783203125,824.1351318359375
1790704521.2188268,0,0,694.1817016601562,796.1704711914062,815.9102783203125,824.1351318359375
1790704521.229536,0,0,694.1817016601562,796.1704711914062,815.9102783203125,824.1351318359375
1790704521.2403817,0,0,694.1817016601562,796.1704711914062,815.9102783203125,824.1351318359375
1790704521.2514653,0,0,694.1817016601562,796.1704711914062,815.9102783203125,824.1351318359375
1790704521.2619183,0,0,746.8211059570312,804.3953857421875,817.5552368164062,860.32470703125
1790704521.2724595,0,0,713.9214477539062,794.5255126953125,817.5552368164062,832.3600463867188
1790704521.2831337,0,0,556.0033569335938,786.3005981445312,848.8098754882812,779.720703125
1790704521.2937264,0,0,556.0033569335938,786.3005981445312,848.8098754882812,779.720703125
1790704521.3045611,0,0,582.3230590820312,763.2708740234375,868.5496215820312,832.3600463867188
1790704521.315616,0,0,424.4049377441406,779.720703125,852.0997924804688,815.9102783203125
1790704521.3264158,0,0,450.724609375,771.4957885742188,845.5198974609375,842.2299194335938
1790704521.3372262,0,0,817.5552368164062,776.4307250976562,843.8749389648438,847.1648559570312
1790704521.3482862,0,0,850.454833984375,787.945556640625,840.5849609375,860.32470703125
1790704521.359758,0,0,850.454833984375,787.945556640625,840.5849609375,860.32470703125
1790704521.3701866,0,0,850.454833984375,787.945556640625,840.5849609375,860.32470703125
1790704521.3812485,0,0,850.454833984375,787.945556640625,840.5849609375,860.32470703125
1790704521.3917515,0,0,850.454833984375,787.945556640625,840.5849609375,860.32470703125
1790704521.402434,0,0,817.5552368164062,776.4307250976562,838.9400024414062,837.2949829101562
1790704521.4131436,0,0,797.8154907226562,784.6556396484375,840.5849609375,837.2949829101562
1790704521.4240339,0,0,876.7745361328125,792.8805541992188,837.2949829101562,880.064453125
1790704521.4350257,0,0,916.2540283203125,796.1704711914062,825.7801513671875,899.8042602539062
1790704521.4456253,0,0,784.6556396484375,766.5608520507812,825.7801513671875,817.5552368164062
1790704521.456765,0,0,824.1351318359375,783.0106201171875,817.5552368164062,853.7448120117188
1790704521.4675965,0,0,824.1351318359375,783.0106201171875,817.5552368164062,853.7448120117188
1790704521.478582,0,0,824.1351318359375,783.0106201171875,817.5552368164062,853.7448120117188
1790704521.4891052,0,0,824.1351318359375,783.0106201171875,817.5552368164062,853.7448120117188
1790704521.499715,0,0,824.1351318359375,783.0106201171875,817.5552368164062,853.7448120117188
1790704521.5103285,0,0,824.1351318359375,783.0106201171875,817.5552368164062,853.7448120117188
1790704521.521394,0,0,837.2949829101562,786.3005981445312,829.070068359375,850.454833984375
1790704521.5324128,0,0,784.6556396484375,763.2708740234375,830.715087890625,830.715087890625
1790704521.543157,0,0,732.0162353515625,791.2355346679688,827.4251098632812,837.2949829101562
1790704521.5536435,0,0,758.3359375,779.720703125,834.0050048828125,876.7745361328125
1790704521.5641887,0,0,679.3768920898438,786.3005981445312,825.7801513671875,834.0050048828125
1790704521.5749886,0,0,679.3768920898438,786.3005981445312,825.7801513671875,834.0050048828125
1790704521.5858047,0,0,679.3768920898438,786.3005981445312,825.7801513671875,834.0050048828125
1790704521.5968235,0,0,679.3768920898438,786.3005981445312,825.7801513671875,834.0050048828125
1790704521.6072536,0,0,653.0571899414062,778.07568359375,830.715087890625,857.0347290039062
1790704521.6177797,0,0,587.2579956054688,781.3656616210938,825.7801513671875,804.3953857421875
1790704521.628802,0,0,653.0571899414062,783.0106201171875,817.5552368164062,858.6797485351562
1790704521.6394036,0,0,653.0571899414062,801.1054077148438,815.9102783203125,852.0997924804688
1790704521.6505234,0,0,600.4178466796875,796.1704711914062,812.6203002929688,832.3600463867188
1790704521.6610336,0,0,600.4178466796875,796.1704711914062,812.6203002929688,832.3600463867188
1790704521.6720583,0,0,600.4178466796875,796.1704711914062,812.6203002929688,832.3600463867188
1790704521.6830254,0,0,600.4178466796875,796.1704711914062,812.6203002929688,832.3600463867188
1790704521.6935241,0,0,600.4178466796875,796.1704711914062,812.6203002929688,832.3600463867188
1790704521.7040827,0,0,600.4178466796875,796.1704711914062,812.6203002929688,832.3600463867188
1790704521.714619,0,0,534.6185913085938,759.9808959960938,825.7801513671875,809.330322265625
1790704521.7258048,0,0,587.2579956054688,810.9752807617188,817.5552368164062,832.3600463867188
1790704521.7371492,0,0,521.458740234375,781.3656616210938,820.84521484375,806.0403442382812
1790704521.7483253,0,0,508.2989196777344,769.850830078125,819.2001953125,812.6203002929688
1790704521.7591434,0,0,521.458740234375,801.1054077148438,812.6203002929688,822.4901733398438
1790704521.7698598,0,0,521.458740234375,801.1054077148438,812.6203002929688,822.4901733398438
1790704521.780401,0,0,521.458740234375,801.1054077148438,812.6203002929688,822.4901733398438
1790704521.7910206,0,0,521.458740234375,801.1054077148438,812.6203002929688,822.4901733398438
1790704521.8021624,0,0,521.458740234375,801.1054077148438,812.6203002929688,822.4901733398438
1790704521.8125837,0,0,521.458740234375,791.2355346679688,820.84521484375,819.2001953125
1790704521.823494,0,0,534.6185913085938,796.1704711914062,817.5552368164062,852.0997924804688
1790704521.8345087,0,0,416.1800231933594,769.850830078125,822.4901733398438,796.1704711914062
1790704521.8452256,0,0,442.4997253417969,768.205810546875,819.2001953125,815.9102783203125
1790704521.8558896,0,0,442.4997253417969,768.205810546875,819.2001953125,815.9102783203125
1790704521.8664525,0,0,442.4997253417969,768.205810546875,819.2001953125,815.9102783203125
1790704521.8775556,0,0,442.4997253417969,768.205810546875,819.2001953125,815.9102783203125
1790704521.8881557,0,0,442.4997253417969,768.205810546875,819.2001953125,815.9102783203125
1790704521.8987331,0,0,442.4997253417969,768.205810546875,819.2001953125,815.9102783203125
1790704521.9094536,0,0,363.5406494140625,766.5608520507812,822.4901733398438,786.3005981445312
1790704521.9201646,0,0,363.5406494140625,797.8154907226562,819.2001953125,769.850830078125
1790704521.9311228,0,0,442.4997253417969,801.1054077148438,820.84521484375,842.2299194335938
1790704521.9417756,0,0,835.6500244140625,758.3359375,830.715087890625,845.5198974609375
1790704521.9527013,0,0,756.6909790039062,758.3359375,825.7801513671875,822.4901733398438
1790704521.9633474,0,0,809.330322265625,784.6556396484375,820.84521484375,855.3897705078125
1790704521.9742017,0,0,809.330322265625,784.6556396484375,820.84521484375,855.3897705078125
1790704521.985091,0,0,809.330322265625,784.6556396484375,820.84521484375,855.3897705078125
1790704521.9955842,0,0,809.330322265625,784.6556396484375,820.84521484375,855.3897705078125
1790704522.0066235,0,0,809.330322265625,784.6556396484375,820.84521484375,855.3897705078125
1790704522.0177026,0,0,809.330322265625,784.6556396484375,820.84521484375,855.3897705078125
1790704522.0286183,0,0,783.0106201171875,792.8805541992188,807.6853637695312,832.3600463867188
1790704522.0392456,0,0,888.2893676757812,810.9752807617188,787.945556640625,865.2596435546875
1790704522.0502372,0,0,783.0106201171875,820.84521484375,783.0106201171875,792.8805541992188
1790704522.0611713,0,0,756.6909790039062,794.5255126953125,792.8805541992188,817.5552368164062
1790704522.0719697,0,0,769.850830078125,819.2001953125,792.8805541992188,827.4251098632812
1790704522.0829508,0,0,769.850830078125,819.2001953125,792.8805541992188,827.4251098632812
1790704522.0936704,0,0,769.850830078125,819.2001953125,792.8805541992188,827.4251098632812
1790704522.104202,0,0,769.850830078125,819.2001953125,792.8805541992188,827.4251098632812
1790704522.1147113,0,0,769.850830078125,819.2001953125,792.8805541992188,827.4251098632812
1790704522.1253147,0,0,769.850830078125,819.2001953125,792.8805541992188,827.4251098632812
1790704522.1358314,0,0,690.8917236328125,814.2652587890625,799.46044921875,824.1351318359375
1790704522.1463444,0,0,677.7318725585938,804.3953857421875,807.6853637695312,830.715087890625
1790704522.1573894,0,0,730.3712768554688,834.0050048828125,804.3953857421875,847.1648559570312
1790704522.1684446,0,0,677.7318725585938,822.4901733398438,809.330322265625,837.2949829101562
1790704522.1791563,0,0,677.7318725585938,822.4901733398438,809.330322265625,837.2949829101562
1790704522.1900902,0,0,677.7318725585938,822.4901733398438,809.330322265625,837.2949829101562
1790704522.2006667,0,0,677.7318725585938,822.4901733398438,809.330322265625,837.2949829101562
1790704522.2116241,0,0,677.7318725585938,822.4901733398438,809.330322265625,837.2949829101562
1790704522.2226944,0,0,677.7318725585938,822.4901733398438,809.330322265625,837.2949829101562
1790704522.2335877,0,0,677.7318725585938,822.4901733398438,809.330322265625,837.2949829101562
1790704522.244649,0,0,572.4531860351562,776.4307250976562,814.2652587890625,814.2652587890625
1790704522.2552936,0,0,519.8137817382812,794.5255126953125,810.9752807617188,807.6853637695312
1790704522.266574,0,0,519.8137817382812,783.0106201171875,819.2001953125,820.84521484375
1790704522.277126,0,0,519.8137817382812,797.8154907226562,814.2652587890625,814.2652587890625
1790704522.2880926,0,0,572.4531860351562,810.9752807617188,814.2652587890625,847.1648559570312
1790704522.2990134,0,0,493.4941101074219,784.6556396484375,819.2001953125,791.2355346679688
1790704522.3096585,0,0,532.9736328125,804.3953857421875,815.9102783203125,810.9752807617188
1790704522.320303,0,0,532.9736328125,804.3953857421875,815.9102783203125,810.9752807617188
1790704522.3313909,0,0,532.9736328125,804.3953857421875,815.9102783203125,810.9752807617188
1790704522.341938,0,0,532.9736328125,804.3953857421875,815.9102783203125,810.9752807617188
1790704522.3527036,0,0,532.9736328125,804.3953857421875,815.9102783203125,810.9752807617188
1790704522.3634777,0,0,532.9736328125,804.3953857421875,815.9102783203125,810.9752807617188
1790704522.3740675,0,0,454.01458740234375,810.9752807617188,814.2652587890625,787.945556640625
1790704522.3847775,0,0,427.69488525390625,778.07568359375,822.4901733398438,820.84521484375
1790704522.3962061,0,0,427.69488525390625,810.9752807617188,814.2652587890625,815.9102783203125
1790704522.407315,0,0,427.69488525390625,810.9752807617188,814.2652587890625,815.9102783203125
1790704522.4179122,0,0,427.69488525390625,810.9752807617188,814.2652587890625,815.9102783203125
1790704522.4286866,0,0,427.69488525390625,810.9752807617188,814.2652587890625,815.9102783203125
1790704522.4401321,0,0,427.69488525390625,810.9752807617188,814.2652587890625,815.9102783203125
1790704522.450846,0,0,493.4941101074219,814.2652587890625,817.5552368164062,861.9697265625
1790704522.4617717,0,0,375.0555114746094,810.9752807617188,815.9102783203125,783.0106201171875
1790704522.472869,0,0,348.73583984375,778.07568359375,819.2001953125,789.590576171875
1790704522.4836628,0,0,322.4161376953125,784.6556396484375,819.2001953125,799.46044921875
1790704522.4945843,0,0,388.2153625488281,809.330322265625,791.2355346679688,819.2001953125
1790704522.5050015,0,0,282.9366149902344,807.6853637695312,789.590576171875,750.1110229492188
1790704522.51593,0,0,335.57598876953125,812.6203002929688,792.8805541992188,784.6556396484375
1790704522.5265832,0,0,335.57598876953125,812.6203002929688,792.8805541992188,784.6556396484375
1790704522.5377326,0,0,335.57598876953125,812.6203002929688,792.8805541992188,784.6556396484375
1790704522.54836,0,0,335.57598876953125,812.6203002929688,792.8805541992188,784.6556396484375
1790704522.5588176,0,0,335.57598876953125,812.6203002929688,792.8805541992188,784.6556396484375
1790704522.5693517,0,0,335.57598876953125,812.6203002929688,792.8805541992188,784.6556396484375
1790704522.580019,0,0,827.4251098632812,797.8154907226562,809.330322265625,842.2299194335938
1790704522.5910137,0,0,748.466064453125,814.2652587890625,806.0403442382812,819.2001953125
1790704522.6017592,0,0,774.7857666015625,804.3953857421875,812.6203002929688,852.0997924804688
1790704522.6128168,0,0,774.7857666015625,804.3953857421875,812.6203002929688,852.0997924804688
1790704522.6236827,0,0,774.7857666015625,804.3953857421875,812.6203002929688,852.0997924804688
1790704522.6349468,0,0,774.7857666015625,804.3953857421875,812.6203002929688,852.0997924804688
1790704522.6458225,0,0,774.7857666015625,804.3953857421875,812.6203002929688,852.0997924804688
1790704522.656379,0,0,722.1463623046875,807.6853637695312,812.6203002929688,829.070068359375
1790704522.667466,1,0,722.1463623046875,792.8805541992188,817.5552368164062,829.070068359375
1790704522.6787446,1,0,801.1054077148438,797.8154907226562,820.84521484375,888.2893676757812
1790704522.6903062,1,0,801.1054077148438,797.8154907226562,820.84521484375,888.2893676757812
1790704522.7012737,1,0,801.1054077148438,797.8154907226562,820.84521484375,888.2893676757812
1790704522.712097,1,0,801.1054077148438,797.8154907226562,820.84521484375,888.2893676757812
1790704522.7230117,1,0,801.1054077148438,797.8154907226562,820.84521484375,888.2893676757812
1790704522.733718,1,0,669.5070190429688,815.9102783203125,814.2652587890625,822.4901733398438
1790704522.7447004,1,0,537.9085693359375,791.2355346679688,815.9102783203125,759.9808959960938
1790704522.755229,1,0,616.8676147460938,789.590576171875,824.1351318359375,814.2652587890625
1790704522.7659028,1,0,616.8676147460938,791.2355346679688,822.4901733398438,810.9752807617188
1790704522.7768643,1,0,616.8676147460938,794.5255126953125,825.7801513671875,829.070068359375
1790704522.787339,1,0,498.4290466308594,783.0106201171875,824.1351318359375,766.5608520507812
1790704522.798063,1,0,511.5888977050781,786.3005981445312,822.4901733398438,783.0106201171875
1790704522.808905,1,0,551.0684204101562,787.945556640625,825.7801513671875,809.330322265625
1790704522.8198388,1,0,551.0684204101562,787.945556640625,825.7801513671875,809.330322265625
1790704522.8304803,1,0,551.0684204101562,787.945556640625,825.7801513671875,809.330322265625
1790704522.8413537,1,0,551.0684204101562,787.945556640625,825.7801513671875,809.330322265625
1790704522.852041,1,0,551.0684204101562,787.945556640625,825.7801513671875,809.330322265625
1790704522.862617,1,0,616.8676147460938,789.590576171875,825.7801513671875,852.0997924804688
1790704522.8731291,1,0,485.2691955566406,769.850830078125,827.4251098632812,776.4307250976562
1790704522.8844857,1,0,485.2691955566406,769.850830078125,827.4251098632812,776.4307250976562
1790704522.8952754,1,0,485.2691955566406,804.3953857421875,819.2001953125,773.1407470703125
1790704522.905786,1,0,498.4290466308594,817.5552368164062,817.5552368164062,783.0106201171875
1790704522.916775,1,0,498.4290466308594,817.5552368164062,817.5552368164062,783.0106201171875
1790704522.9274817,1,0,498.4290466308594,817.5552368164062,817.5552368164062,783.0106201171875
1790704522.938518,1,0,498.4290466308594,817.5552368164062,817.5552368164062,783.0106201171875
1790704522.9491608,1,0,498.4290466308594,817.5552368164062,817.5552368164062,783.0106201171875
1790704522.9597821,1,0,564.228271484375,809.330322265625,822.4901733398438,829.070068359375
1790704522.9703188,1,0,511.5888977050781,799.46044921875,817.5552368164062,796.1704711914062
1790704522.980822,1,0,419.4700012207031,794.5255126953125,822.4901733398438,750.1110229492188
1790704522.9915986,1,0,432.62982177734375,783.0106201171875,825.7801513671875,792.8805541992188
1790704523.002098,1,0,340.51092529296875,794.5255126953125,819.2001953125,756.6909790039062
1790704523.0126586,1,0,366.83062744140625,786.3005981445312,835.6500244140625,796.1704711914062
1790704523.0231297,1,0,314.1912536621094,794.5255126953125,830.715087890625,769.850830078125
1790704523.0339243,1,0,261.5518798828125,807.6853637695312,830.715087890625,730.3712768554688
1790704523.044916,1,0,261.5518798828125,783.0106201171875,834.0050048828125,743.5311279296875
1790704523.055549,1,0,287.8715515136719,787.945556640625,829.070068359375,756.6909790039062
1790704523.0662158,1,0,287.8715515136719,787.945556640625,829.070068359375,756.6909790039062
1790704523.0774622,1,0,287.8715515136719,787.945556640625,829.070068359375,756.6909790039062
1790704523.0880702,1,0,287.8715515136719,787.945556640625,829.070068359375,756.6909790039062
1790704523.0990303,1,0,287.8715515136719,787.945556640625,829.070068359375,756.6909790039062
1790704523.1101472,1,0,261.5518798828125,807.6853637695312,824.1351318359375,723.7913208007812
1790704523.120565,1,0,235.23219299316406,799.46044921875,832.3600463867188,710.6315307617188
1790704523.1311626,1,0,806.0403442382812,792.8805541992188,827.4251098632812,834.0050048828125
1790704523.141994,1,0,792.8805541992188,774.7857666015625,829.070068359375,843.8749389648438
1790704523.1525517,1,0,792.8805541992188,779.720703125,825.7801513671875,860.32470703125
1790704523.1632066,1,0,792.8805541992188,779.720703125,825.7801513671875,860.32470703125
1790704523.174001,1,0,792.8805541992188,779.720703125,825.7801513671875,860.32470703125
1790704523.1847277,1,0,792.8805541992188,779.720703125,825.7801513671875,860.32470703125
1790704523.1955314,1,0,792.8805541992188,779.720703125,825.7801513671875,860.32470703125
1790704523.2065387,1,0,792.8805541992188,779.720703125,825.7801513671875,860.32470703125
1790704523.2170436,1,0,766.5608520507812,786.3005981445312,825.7801513671875,845.5198974609375
1790704523.2280405,1,0,792.8805541992188,809.330322265625,817.5552368164062,848.8098754882812
1790704523.2387779,1,0,700.7615966796875,794.5255126953125,824.1351318359375,812.6203002929688
1790704523.2493494,1,0,740.2411499023438,797.8154907226562,822.4901733398438,832.3600463867188
1790704523.2601247,1,0,700.7615966796875,787.945556640625,819.2001953125,815.9102783203125
1790704523.2706978,1,0,727.081298828125,794.5255126953125,815.9102783203125,832.3600463867188
1790704523.281526,1,0,727.081298828125,794.5255126953125,815.9102783203125,832.3600463867188
1790704523.2927744,1,0,727.081298828125,794.5255126953125,815.9102783203125,832.3600463867188
1790704523.3032327,1,0,727.081298828125,794.5255126953125,815.9102783203125,832.3600463867188
1790704523.314436,1,0,727.081298828125,794.5255126953125,815.9102783203125,832.3600463867188
1790704523.3253496,1,0,727.081298828125,794.5255126953125,815.9102783203125,832.3600463867188
1790704523.3360052,1,0,687.601806640625,799.46044921875,819.2001953125,802.7504272460938
1790704523.3469102,1,0,700.7615966796875,783.0106201171875,824.1351318359375,835.6500244140625
1790704523.3576906,1,0,674.4419555664062,794.5255126953125,820.84521484375,809.330322265625
1790704523.3686051,1,0,713.9214477539062,796.1704711914062,824.1351318359375,825.7801513671875
1790704523.3792024,1,0,740.2411499023438,804.3953857421875,815.9102783203125,799.46044921875
1790704523.3901854,1,0,661.2821044921875,784.6556396484375,799.46044921875,746.8211059570312
1790704523.4007945,1,0,661.2821044921875,784.6556396484375,799.46044921875,746.8211059570312
1790704523.4116995,1,0,871.839599609375,985.3432006835938,908.0291748046875,904.7391967773438
1790704523.422225,1,0,608.6427001953125,1646.6253662109375,1013.307861328125,694.1817016601562
1790704523.4332926,1,0,82.24901580810547,1656.4952392578125,1302.824462890625,62.509254455566406
1790704523.4438372,1,0,29.60964584350586,1663.0750732421875,1460.7425537109375,9.869881629943848
1790704523.4546766,1,0,29.60964584350586,1663.0750732421875,1460.7425537109375,9.869881629943848
1790704523.465608,1,0,29.60964584350586,1663.0750732421875,1460.7425537109375,9.869881629943848
1790704523.4761043,1,0,29.60964584350586,1663.0750732421875,1460.7425537109375,9.869881629943848
1790704523.4866378,1,0,29.60964584350586,1663.0750732421875,1460.7425537109375,9.869881629943848
1790704523.4974098,1,0,29.60964584350586,1663.0750732421875,1460.7425537109375,9.869881629943848
1790704523.5083203,1,0,78.95905303955078,1656.4952392578125,1562.7313232421875,52.63936996459961
1790704523.5194998,1,0,78.95905303955078,1656.4952392578125,1562.7313232421875,52.63936996459961
1790704523.5304713,1,0,289.51654052734375,1654.8502197265625,1590.696044921875,447.4346618652344
1790704523.541552,1,0,421.1149597167969,1653.2052001953125,1297.8895263671875,736.951171875
1790704523.5525587,1,0,421.1149597167969,1654.8502197265625,1455.8076171875,736.951171875
1790704523.5642161,1,0,421.1149597167969,1654.8502197265625,1455.8076171875,736.951171875
1790704523.575537,1,0,421.1149597167969,1654.8502197265625,1455.8076171875,736.951171875
1790704523.5863335,1,0,421.1149597167969,1654.8502197265625,1455.8076171875,736.951171875
1790704523.597286,1,0,421.1149597167969,1654.8502197265625,1455.8076171875,736.951171875
1790704523.6085608,1,0,421.1149597167969,1654.8502197265625,1455.8076171875,736.951171875
1790704523.6202383,1,0,289.51654052734375,1653.2052001953125,1087.33203125,605.352783203125
1790704523.631421,1,0,342.1559143066406,1653.2052001953125,824.1351318359375,565.8732299804688
1790704523.642372,1,0,447.4346618652344,1653.2052001953125,666.217041015625,750.1110229492188
1790704523.6534922,1,0,526.3937377929688,1649.915283203125,745.1760864257812,802.7504272460938
1790704523.6643267,1,0,526.3937377929688,1649.915283203125,745.1760864257812,802.7504272460938
1790704523.675189,1,0,473.75433349609375,1654.8502197265625,718.8563842773438,723.7913208007812
1790704523.686372,1,0,473.75433349609375,1654.8502197265625,718.8563842773438,723.7913208007812
1790704523.6970568,1,0,473.75433349609375,1654.8502197265625,718.8563842773438,723.7913208007812
1790704523.7077308,1,0,473.75433349609375,1654.8502197265625,718.8563842773438,723.7913208007812
1790704523.718261,1,0,485.2691955566406,1666.3651123046875,595.48291015625,733.6612548828125
1790704523.7288032,1,0,432.62982177734375,1626.885498046875,501.718994140625,687.601806640625
1790704523.7395792,1,0,590.5479125976562,1416.328125,398.0852355957031,773.1407470703125
1790704523.7502096,1,0,616.8676147460938,1297.8895263671875,394.7952880859375,825.7801513671875
1790704523.761083,1,0,616.8676147460938,1297.8895263671875,394.7952880859375,825.7801513671875
1790704523.7716324,1,0,616.8676147460938,1297.8895263671875,394.7952880859375,825.7801513671875
1790704523.782186,1,0,616.8676147460938,1297.8895263671875,394.7952880859375,825.7801513671875
1790704523.7926974,1,0,616.8676147460938,1297.8895263671875,394.7952880859375,825.7801513671875
1790704523.8035355,1,0,616.8676147460938,1297.8895263671875,394.7952880859375,825.7801513671875
1790704523.8143597,1,0,616.8676147460938,1297.8895263671875,394.7952880859375,825.7801513671875
1790704523.8251002,1,0,616.8676147460938,1297.8895263671875,394.7952880859375,825.7801513671875
1790704523.8358767,1,0,590.5479125976562,1232.09033203125,429.3398742675781,838.9400024414062
1790704523.8463802,1,0,524.7487182617188,968.8934326171875,416.1800231933594,983.6982421875
1790704523.8570762,1,0,485.2691955566406,758.3359375,422.75994873046875,996.8580932617188
1790704523.8677158,1,0,577.3881225585938,468.81939697265625,435.9197998046875,983.6982421875
1790704523.878239,1,0,551.0684204101562,312.5462646484375,440.854736328125,916.2540283203125
1790704523.8887854,1,0,551.0684204101562,312.5462646484375,440.854736328125,916.2540283203125
1790704523.899486,1,0,551.0684204101562,312.5462646484375,440.854736328125,916.2540283203125
1790704523.9104233,1,0,551.0684204101562,312.5462646484375,440.854736328125,916.2540283203125
1790704523.9209323,1,0,551.0684204101562,312.5462646484375,440.854736328125,916.2540283203125
1790704523.9314995,1,0,551.0684204101562,312.5462646484375,440.854736328125,916.2540283203125
1790704523.9426699,1,0,524.7487182617188,360.2507019042969,447.4346618652344,871.839599609375
1790704523.9534929,1,0,630.0274658203125,450.724609375,472.1093444824219,906.3841552734375
1790704523.9641547,1,0,603.707763671875,493.4941101074219,473.75433349609375,845.5198974609375
1790704523.975483,1,0,748.466064453125,495.1390686035156,477.0443115234375,911.319091796875
1790704523.9863405,1,0,643.1873168945312,495.1390686035156,521.458740234375,829.070068359375
1790704523.9974034,1,0,722.1463623046875,495.1390686035156,532.9736328125,871.839599609375
1790704524.0079162,1,0,722.1463623046875,495.1390686035156,532.9736328125,871.839599609375
1790704524.0186572,1,0,722.1463623046875,495.1390686035156,532.9736328125,871.839599609375
1790704524.0296478,1,0,722.1463623046875,495.1390686035156,532.9736328125,871.839599609375
1790704524.0405195,1,0,722.1463623046875,495.1390686035156,532.9736328125,871.839599609375
1790704524.0510309,1,0,801.1054077148438,495.1390686035156,536.2636108398438,901.44921875
1790704524.0615542,1,0,787.945556640625,495.1390686035156,608.6427001953125,917.8990478515625
1790704524.07204,1,0,630.0274658203125,495.1390686035156,644.832275390625,871.839599609375
1790704524.082956,1,0,577.3881225585938,495.1390686035156,679.3768920898438,845.5198974609375
1790704524.0934994,1,0,603.707763671875,495.1390686035156,677.7318725585938,881.70947265625
1790704524.104228,1,0,603.707763671875,495.1390686035156,677.7318725585938,881.70947265625
1790704524.1151204,1,0,603.707763671875,495.1390686035156,677.7318725585938,881.70947265625
1790704524.1263883,1,0,603.707763671875,495.1390686035156,677.7318725585938,881.70947265625
1790704524.1374638,1,0,603.707763671875,495.1390686035156,677.7318725585938,881.70947265625
1790704524.1485865,1,0,603.707763671875,495.1390686035156,677.7318725585938,881.70947265625
1790704524.1594527,1,0,524.7487182617188,495.1390686035156,704.0515747070312,855.3897705078125
1790704524.1702187,1,0,498.4290466308594,657.9921264648438,745.1760864257812,891.579345703125
1790704524.1811445,1,0,419.4700012207031,669.5070190429688,764.9158325195312,881.70947265625
1790704524.1921635,1,0,419.4700012207031,669.5070190429688,764.9158325195312,881.70947265625
1790704524.2026248,1,0,419.4700012207031,669.5070190429688,764.9158325195312,881.70947265625
1790704524.213297,1,0,419.4700012207031,669.5070190429688,764.9158325195312,881.70947265625
1790704524.2243845,1,0,419.4700012207031,669.5070190429688,764.9158325195312,881.70947265625
1790704524.2355087,1,0,419.4700012207031,669.5070190429688,764.9158325195312,881.70947265625
1790704524.24618,1,0,366.83062744140625,761.6259155273438,766.5608520507812,842.2299194335938
1790704524.2566748,1,0,445.7896728515625,787.945556640625,784.6556396484375,894.8693237304688
1790704524.2675433,1,0,445.7896728515625,787.945556640625,784.6556396484375,894.8693237304688
1790704524.2784672,1,0,314.1912536621094,824.1351318359375,787.945556640625,830.715087890625
1790704524.2893527,1,0,261.5518798828125,881.70947265625,796.1704711914062,822.4901733398438
1790704524.3002584,1,0,287.8715515136719,888.2893676757812,796.1704711914062,852.0997924804688
1790704524.3114305,1,0,287.8715515136719,888.2893676757812,796.1704711914062,852.0997924804688
1790704524.3220637,1,0,287.8715515136719,888.2893676757812,796.1704711914062,852.0997924804688
1790704524.3328326,1,0,287.8715515136719,888.2893676757812,796.1704711914062,852.0997924804688
1790704524.343516,1,0,287.8715515136719,888.2893676757812,796.1704711914062,852.0997924804688
1790704524.354354,1,0,235.23219299316406,935.9938354492188,797.8154907226562,809.330322265625
1790704524.3650482,1,0,1061.0123291015625,480.3342590332031,781.3656616210938,944.2186889648438
1790704524.3760684,1,0,1008.3729248046875,468.81939697265625,787.945556640625,922.833984375
1790704524.3869915,1,0,876.7745361328125,560.9382934570312,791.2355346679688,899.8042602539062
1790704524.3982573,1,0,876.7745361328125,560.9382934570312,791.2355346679688,899.8042602539062
1790704524.408811,1,0,876.7745361328125,560.9382934570312,791.2355346679688,899.8042602539062
1790704524.4197083,1,0,876.7745361328125,560.9382934570312,791.2355346679688,899.8042602539062
1790704524.4305673,1,0,876.7745361328125,560.9382934570312,791.2355346679688,899.8042602539062
1790704524.441199,1,0,824.1351318359375,541.1985473632812,794.5255126953125,866.9046630859375
1790704524.4518523,1,0,824.1351318359375,554.3583984375,794.5255126953125,886.6444091796875
1790704524.4624913,1,0,824.1351318359375,574.09814453125,791.2355346679688,906.3841552734375
1790704524.4733503,1,0,666.217041015625,539.5535278320312,794.5255126953125,830.715087890625
1790704524.4840922,1,0,666.217041015625,615.22265625,797.8154907226562,860.32470703125
1790704524.494786,1,0,666.217041015625,615.22265625,797.8154907226562,860.32470703125
1790704524.505531,1,0,666.217041015625,615.22265625,797.8154907226562,860.32470703125
1790704524.516387,1,0,666.217041015625,615.22265625,797.8154907226562,860.32470703125
1790704524.5269825,1,0,666.217041015625,615.22265625,797.8154907226562,860.32470703125
1790704524.5381875,1,0,666.217041015625,615.22265625,797.8154907226562,860.32470703125
1790704524.5488217,1,0,639.8973388671875,590.5479125976562,809.330322265625,837.2949829101562
1790704524.5596755,1,0,666.217041015625,644.832275390625,802.7504272460938,866.9046630859375
1790704524.5704725,1,0,718.8563842773438,631.6724243164062,810.9752807617188,893.2243041992188
1790704524.5813172,1,0,613.5776977539062,600.4178466796875,815.9102783203125,847.1648559570312
1790704524.592118,1,0,613.5776977539062,618.5126342773438,817.5552368164062,827.4251098632812
1790704524.6031451,1,0,666.217041015625,664.5720825195312,817.5552368164062,847.1648559570312
1790704524.6140194,1,0,587.2579956054688,672.7969360351562,819.2001953125,820.84521484375
1790704524.6251407,1,0,508.2989196777344,671.1519775390625,820.84521484375,801.1054077148438
1790704524.6360886,1,0,560.9382934570312,692.5367431640625,817.5552368164062,834.0050048828125
1790704524.6469352,1,0,429.3398742675781,662.9270629882812,827.4251098632812,778.07568359375
1790704524.6577141,1,0,481.979248046875,684.3118286132812,819.2001953125,810.9752807617188
1790704524.6685658,1,0,481.979248046875,684.3118286132812,819.2001953125,810.9752807617188
1790704524.6792717,1,0,481.979248046875,684.3118286132812,819.2001953125,810.9752807617188
1790704524.6901498,1,0,481.979248046875,684.3118286132812,819.2001953125,810.9752807617188
1790704524.7007656,1,0,481.979248046875,684.3118286132812,819.2001953125,810.9752807617188
1790704524.711347,1,0,481.979248046875,684.3118286132812,819.2001953125,810.9752807617188
1790704524.7221413,1,0,481.979248046875,708.9865112304688,815.9102783203125,799.46044921875
1790704524.7332137,1,0,403.0201721191406,710.6315307617188,819.2001953125,764.9158325195312
1790704524.7439687,1,0,560.9382934570312,736.951171875,822.4901733398438,837.2949829101562
1790704524.7547843,1,0,429.3398742675781,718.8563842773438,824.1351318359375,758.3359375
1790704524.7655656,1,0,481.979248046875,748.466064453125,814.2652587890625,794.5255126953125
1790704524.7762778,1,0,481.979248046875,748.466064453125,814.2652587890625,794.5255126953125
1790704524.7872665,1,0,481.979248046875,748.466064453125,814.2652587890625,794.5255126953125
1790704524.7982056,1,0,481.979248046875,748.466064453125,814.2652587890625,794.5255126953125
1790704524.8091538,1,0,481.979248046875,748.466064453125,814.2652587890625,794.5255126953125
1790704524.8198218,1,0,455.6595458984375,708.9865112304688,815.9102783203125,771.4957885742188
1790704524.8309457,1,0,455.6595458984375,677.7318725585938,812.6203002929688,761.6259155273438
1790704524.84217,1,0,508.2989196777344,740.2411499023438,806.0403442382812,797.8154907226562
1790704524.85339,1,0,350.38079833984375,715.5664672851562,817.5552368164062,778.07568359375
1790704524.8645887,1,0,271.4217529296875,695.82666015625,819.2001953125,756.6909790039062
1790704524.8753989,1,0,324.0611267089844,700.7615966796875,817.5552368164062,792.8805541992188
1790704524.8866444,1,0,324.0611267089844,700.7615966796875,817.5552368164062,792.8805541992188
1790704524.897803,1,0,324.0611267089844,700.7615966796875,817.5552368164062,792.8805541992188
1790704524.9085436,1,0,324.0611267089844,700.7615966796875,817.5552368164062,792.8805541992188
1790704524.9194381,1,0,843.8749389648438,704.0515747070312,809.330322265625,850.454833984375
1790704524.9303353,1,0,870.194580078125,715.5664672851562,802.7504272460938,861.9697265625
1790704524.9415286,1,0,764.9158325195312,687.601806640625,812.6203002929688,827.4251098632812
1790704524.952355,1,0,857.0347290039062,745.1760864257812,809.330322265625,883.3544311523438
1790704524.9629543,1,0,830.715087890625,743.5311279296875,814.2652587890625,860.32470703125
1790704524.9738777,1,0,830.715087890625,743.5311279296875,814.2652587890625,860.32470703125
1790704524.9848235,1,0,830.715087890625,743.5311279296875,814.2652587890625,860.32470703125
1790704524.9954965,1,0,830.715087890625,743.5311279296875,814.2652587890625,860.32470703125
1790704525.0065887,1,0,830.715087890625,743.5311279296875,814.2652587890625,860.32470703125
1790704525.0175288,1,0,830.715087890625,743.5311279296875,814.2652587890625,860.32470703125
1790704525.0283139,1,0,870.194580078125,743.5311279296875,810.9752807617188,912.964111328125
1790704525.0391533,1,0,791.2355346679688,745.1760864257812,827.4251098632812,884.9994506835938
1790704525.0503392,1,0,738.59619140625,746.8211059570312,814.2652587890625,865.2596435546875
1790704525.060952,1,0,738.59619140625,746.8211059570312,814.2652587890625,865.2596435546875
1790704525.0721962,1,0,738.59619140625,746.8211059570312,814.2652587890625,865.2596435546875
1790704525.0826478,1,0,738.59619140625,746.8211059570312,814.2652587890625,865.2596435546875
1790704525.0936267,1,0,738.59619140625,746.8211059570312,814.2652587890625,865.2596435546875
1790704525.104715,1,0,738.59619140625,746.8211059570312,814.2652587890625,865.2596435546875
1790704525.115277,1,0,817.5552368164062,763.2708740234375,820.84521484375,906.3841552734375
1790704525.126171,1,0,659.6371459960938,768.205810546875,809.330322265625,812.6203002929688
1790704525.137131,1,0,633.3174438476562,759.9808959960938,809.330322265625,822.4901733398438
1790704525.147808,1,0,685.956787109375,776.4307250976562,809.330322265625,871.839599609375
1790704525.1585124,1,0,620.1575927734375,758.3359375,810.9752807617188,855.3897705078125
1790704525.1694102,1,0,620.1575927734375,758.3359375,810.9752807617188,855.3897705078125
1790704525.1798964,1,0,620.1575927734375,758.3359375,810.9752807617188,855.3897705078125
1790704525.1910396,1,0,620.1575927734375,758.3359375,810.9752807617188,855.3897705078125
1790704525.2022796,1,0,620.1575927734375,758.3359375,810.9752807617188,855.3897705078125
1790704525.213126,1,0,620.1575927734375,758.3359375,810.9752807617188,855.3897705078125
1790704525.2240093,1,0,699.1166381835938,783.0106201171875,807.6853637695312,888.2893676757812
1790704525.234677,1,0,593.837890625,756.6909790039062,814.2652587890625,829.070068359375
1790704525.2454093,1,0,593.837890625,768.205810546875,810.9752807617188,822.4901733398438
1790704525.2562885,1,0,541.1985473632812,755.0459594726562,804.3953857421875,796.1704711914062
1790704525.2674809,1,0,620.1575927734375,769.850830078125,817.5552368164062,866.9046630859375
1790704525.2778792,1,0,541.1985473632812,759.9808959960938,807.6853637695312,842.2299194335938
1790704525.2884045,1,0,541.1985473632812,759.9808959960938,807.6853637695312,842.2299194335938
1790704525.2993436,1,0,541.1985473632812,759.9808959960938,807.6853637695312,842.2299194335938
1790704525.3099704,1,0,541.1985473632812,759.9808959960938,807.6853637695312,842.2299194335938
1790704525.320842,1,0,541.1985473632812,759.9808959960938,807.6853637695312,842.2299194335938
1790704525.3319967,1,0,541.1985473632812,759.9808959960938,807.6853637695312,842.2299194335938
1790704525.3427665,1,0,488.5591735839844,763.2708740234375,807.6853637695312,809.330322265625
1790704525.3537233,1,0,501.718994140625,705.6965942382812,796.1704711914062,865.2596435546875
1790704525.364826,1,0,712.2764892578125,771.4957885742188,743.5311279296875,1016.5978393554688
1790704525.3757346,1,0,383.2804260253906,1679.52490234375,980.4082641601562,727.081298828125
1790704525.3867037,1,0,304.32135009765625,1679.52490234375,980.4082641601562,700.7615966796875
1790704525.3973455,1,0,304.32135009765625,1679.52490234375,980.4082641601562,700.7615966796875
1790704525.4082108,1,0,304.32135009765625,1679.52490234375,980.4082641601562,700.7615966796875
1790704525.4189212,1,0,304.32135009765625,1679.52490234375,980.4082641601562,700.7615966796875
1790704525.4297698,1,0,304.32135009765625,1679.52490234375,980.4082641601562,700.7615966796875
1790704525.4407942,1,0,304.32135009765625,1679.52490234375,980.4082641601562,700.7615966796875
1790704525.4512281,1,0,304.32135009765625,1679.52490234375,980.4082641601562,700.7615966796875
1790704525.4623995,1,0,396.4402770996094,1640.04541015625,940.9287719726562,740.2411499023438
1790704525.4738197,1,0,199.04261779785156,1653.2052001953125,980.4082641601562,575.7431030273438
1790704525.4847505,1,0,93.76387786865234,1651.560302734375,1269.9248046875,286.2265930175781
1790704525.4955678,1,0,157.91810607910156,1648.270263671875,1506.802001953125,75.66909790039062
1790704525.5064034,1,0,236.87716674804688,1646.6253662109375,1480.4822998046875,259.9068908691406
1790704525.517507,1,0,544.4884643554688,1654.8502197265625,1541.3465576171875,361.8956604003906
1790704525.5285997,1,0,570.8081665039062,1654.8502197265625,1488.7071533203125,361.8956604003906
1790704525.5396836,1,0,570.8081665039062,1654.8502197265625,1488.7071533203125,361.8956604003906
1790704525.5503771,1,0,570.8081665039062,1654.8502197265625,1488.7071533203125,361.8956604003906
1790704525.5614643,1,0,570.8081665039062,1654.8502197265625,1488.7071533203125,361.8956604003906
1790704525.5721567,1,0,702.4066162109375,1653.2052001953125,1515.02685546875,467.1744079589844
1790704525.5832255,1,0,728.726318359375,1653.2052001953125,1093.9119873046875,783.0106201171875
1790704525.593936,1,0,623.4475708007812,1653.2052001953125,883.3544311523438,861.9697265625
1790704525.6050577,1,0,623.4475708007812,1653.2052001953125,883.3544311523438,861.9697265625
1790704525.6158707,1,0,623.4475708007812,1653.2052001953125,883.3544311523438,861.9697265625
1790704525.62648,1,0,623.4475708007812,1653.2052001953125,883.3544311523438,861.9697265625
1790704525.637566,1,0,623.4475708007812,1653.2052001953125,883.3544311523438,861.9697265625
1790704525.6485813,1,0,623.4475708007812,1653.2052001953125,883.3544311523438,861.9697265625
1790704525.6596484,1,0,702.4066162109375,1648.270263671875,778.07568359375,1046.20751953125
1790704525.6704714,1,0,597.1278686523438,1636.7554931640625,804.3953857421875,993.568115234375
1790704525.6817915,1,0,544.4884643554688,1551.2164306640625,764.9158325195312,1013.307861328125
1790704525.6929498,1,0,518.1688232421875,1301.179443359375,751.7560424804688,1121.8765869140625
1790704525.7038817,1,0,570.8081665039062,1248.5400390625,756.6909790039062,1210.70556640625
1790704525.7150965,1,0,570.8081665039062,1248.5400390625,756.6909790039062,1210.70556640625
1790704525.726189,1,0,570.8081665039062,1248.5400390625,756.6909790039062,1210.70556640625
1790704525.7371302,1,0,570.8081665039062,1248.5400390625,756.6909790039062,1210.70556640625
1790704525.7482007,1,0,570.8081665039062,1248.5400390625,756.6909790039062,1210.70556640625
1790704525.7599108,1,0,465.5294494628906,1037.9825439453125,761.6259155273438,1230.4453125
1790704525.7710721,1,0,544.4884643554688,985.3432006835938,738.59619140625,1296.2445068359375
1790704525.7822282,1,0,491.84912109375,695.82666015625,718.8563842773438,1230.4453125
1790704525.793089,1,0,439.2097473144531,179.3028564453125,741.8861083984375,1082.3970947265625
1790704525.804367,1,0,439.2097473144531,179.3028564453125,741.8861083984375,1082.3970947265625
1790704525.8149645,1,0,439.2097473144531,179.3028564453125,741.8861083984375,1082.3970947265625
1790704525.825824,1,0,439.2097473144531,179.3028564453125,741.8861083984375,1082.3970947265625
1790704525.8366861,1,0,439.2097473144531,179.3028564453125,741.8861083984375,1082.3970947265625
1790704525.847361,1,0,386.57037353515625,213.84744262695312,751.7560424804688,1018.2428588867188
1790704525.857846,1,0,465.5294494628906,236.87716674804688,792.8805541992188,1005.0830078125
1790704525.8689458,1,0,491.84912109375,284.58160400390625,807.6853637695312,980.4082641601562
1790704525.880051,1,0,491.84912109375,282.9366149902344,822.4901733398438,1006.7279663085938
1790704525.8906302,1,0,439.2097473144531,284.58160400390625,829.070068359375,967.2484130859375
1790704525.9016113,1,0,439.2097473144531,284.58160400390625,829.070068359375,967.2484130859375
1790704525.9122837,1,0,439.2097473144531,284.58160400390625,829.070068359375,967.2484130859375
1790704525.9230006,1,0,439.2097473144531,284.58160400390625,829.070068359375,967.2484130859375
1790704525.9337697,1,0,439.2097473144531,284.58160400390625,829.070068359375,967.2484130859375
1790704525.9450338,1,0,544.4884643554688,284.58160400390625,852.0997924804688,1033.047607421875
1790704525.9555633,1,0,412.89007568359375,284.58160400390625,866.9046630859375,954.088623046875
1790704525.9666898,1,0,412.89007568359375,287.8715515136719,889.9343872070312,965.6034545898438
1790704525.9774587,1,0,478.68927001953125,343.8009033203125,914.6090698242188,1021.5327758789062
1790704525.9882271,1,0,386.57037353515625,434.2748107910156,929.4138793945312,954.088623046875
1790704525.9987345,1,0,439.2097473144531,526.3937377929688,939.2837524414062,982.0532836914062
1790704526.0093398,1,0,491.84912109375,579.0330810546875,949.1536865234375,1013.307861328125
1790704526.0200984,1,0,1039.6275634765625,347.0908508300781,786.3005981445312,937.6387939453125
1790704526.0306597,1,0,947.5086669921875,355.3157653808594,796.1704711914062,888.2893676757812
1790704526.0415921,1,0,986.9882202148438,383.2804260253906,792.8805541992188,911.319091796875
1790704526.0524735,1,0,986.9882202148438,383.2804260253906,792.8805541992188,911.319091796875
1790704526.063731,1,0,986.9882202148438,383.2804260253906,792.8805541992188,911.319091796875
1790704526.0747972,1,0,986.9882202148438,383.2804260253906,792.8805541992188,911.319091796875
1790704526.0857484,1,0,986.9882202148438,383.2804260253906,792.8805541992188,911.319091796875
1790704526.09685,1,0,1052.7874755859375,430.98486328125,792.8805541992188,937.6387939453125
1790704526.1078167,1,0,908.0291748046875,478.68927001953125,792.8805541992188,857.0347290039062
1790704526.1184804,1,0,934.3488159179688,462.2394714355469,799.46044921875,896.5142822265625
1790704526.1293201,1,0,960.6685180664062,500.07403564453125,802.7504272460938,903.09423828125
1790704526.1403847,1,0,908.0291748046875,491.84912109375,801.1054077148438,883.3544311523438
1790704526.1517444,1,0,908.0291748046875,491.84912109375,801.1054077148438,883.3544311523438
1790704526.1624947,1,0,908.0291748046875,491.84912109375,801.1054077148438,883.3544311523438
1790704526.1732473,1,0,908.0291748046875,491.84912109375,801.1054077148438,883.3544311523438
1790704526.1840649,1,0,908.0291748046875,491.84912109375,801.1054077148438,883.3544311523438
1790704526.1945844,1,0,908.0291748046875,491.84912109375,801.1054077148438,883.3544311523438
1790704526.2054703,1,0,855.3897705078125,501.718994140625,810.9752807617188,830.715087890625
1790704526.216008,1,0,960.6685180664062,521.458740234375,809.330322265625,916.2540283203125
1790704526.226437,1,0,829.070068359375,519.8137817382812,815.9102783203125,870.194580078125
1790704526.2369254,1,0,881.70947265625,529.6836547851562,807.6853637695312,899.8042602539062
1790704526.247814,1,0,829.070068359375,501.718994140625,812.6203002929688,886.6444091796875
1790704526.2589545,1,0,829.070068359375,501.718994140625,812.6203002929688,886.6444091796875
1790704526.269629,1,0,829.070068359375,501.718994140625,812.6203002929688,886.6444091796875
1790704526.280351,1,0,829.070068359375,501.718994140625,812.6203002929688,886.6444091796875
1790704526.2908833,1,0,829.070068359375,501.718994140625,812.6203002929688,886.6444091796875
1790704526.3014612,1,0,829.070068359375,501.718994140625,812.6203002929688,886.6444091796875
1790704526.312166,1,0,829.070068359375,501.718994140625,812.6203002929688,886.6444091796875
1790704526.3233984,1,0,881.70947265625,532.9736328125,810.9752807617188,919.5440063476562
1790704526.334378,1,0,855.3897705078125,569.1632080078125,817.5552368164062,880.064453125
1790704526.3449218,1,0,776.4307250976562,572.4531860351562,804.3953857421875,814.2652587890625
1790704526.3558862,1,0,750.1110229492188,630.0274658203125,789.590576171875,781.3656616210938
1790704526.366893,1,0,776.4307250976562,654.7021484375,786.3005981445312,791.2355346679688
1790704526.377521,1,0,776.4307250976562,628.3825073242188,791.2355346679688,791.2355346679688
1790704526.388449,1,0,776.4307250976562,628.3825073242188,791.2355346679688,791.2355346679688
1790704526.3989813,1,0,776.4307250976562,628.3825073242188,791.2355346679688,791.2355346679688
1790704526.4099329,1,0,776.4307250976562,628.3825073242188,791.2355346679688,791.2355346679688
1790704526.4205275,1,0,776.4307250976562,628.3825073242188,791.2355346679688,791.2355346679688
1790704526.431413,1,0,776.4307250976562,628.3825073242188,791.2355346679688,791.2355346679688
1790704526.4423811,1,0,710.6315307617188,633.3174438476562,799.46044921875,758.3359375
1790704526.4533188,1,0,750.1110229492188,613.5776977539062,801.1054077148438,787.945556640625
1790704526.4641948,1,0,855.3897705078125,628.3825073242188,802.7504272460938,853.7448120117188
1790704526.475504,1,0,750.1110229492188,654.7021484375,806.0403442382812,804.3953857421875
1790704526.4867074,1,0,750.1110229492188,634.96240234375,797.8154907226562,797.8154907226562
1790704526.4974024,1,0,802.7504272460938,651.4122314453125,796.1704711914062,820.84521484375
1790704526.5084267,1,0,802.7504272460938,651.4122314453125,796.1704711914062,820.84521484375
1790704526.5194762,1,0,802.7504272460938,651.4122314453125,796.1704711914062,820.84521484375
1790704526.5299637,1,0,802.7504272460938,651.4122314453125,796.1704711914062,820.84521484375
1790704526.5407948,1,0,829.070068359375,644.832275390625,797.8154907226562,855.3897705078125
1790704526.5517347,1,0,802.7504272460938,626.7374877929688,799.46044921875,829.070068359375
1790704526.5627184,1,0,697.4716796875,634.96240234375,802.7504272460938,750.1110229492188
1790704526.573518,1,0,671.1519775390625,623.4475708007812,812.6203002929688,736.951171875
1790704526.584218,1,0,723.7913208007812,618.5126342773438,812.6203002929688,783.0106201171875
1790704526.5947237,1,0,723.7913208007812,618.5126342773438,812.6203002929688,783.0106201171875
1790704526.6053855,1,0,723.7913208007812,618.5126342773438,812.6203002929688,783.0106201171875
1790704526.6158752,1,0,723.7913208007812,618.5126342773438,812.6203002929688,783.0106201171875
1790704526.6263943,1,0,723.7913208007812,618.5126342773438,812.6203002929688,783.0106201171875
1790704526.6369393,1,0,723.7913208007812,618.5126342773438,812.6203002929688,783.0106201171875
1790704526.6476643,1,0,919.5440063476562,654.7021484375,804.3953857421875,884.9994506835938
1790704526.658846,1,0,840.5849609375,681.0218505859375,794.5255126953125,848.8098754882812
1790704526.669514,0,0,840.5849609375,681.0218505859375,794.5255126953125,848.8098754882812
1790704526.6807425,0,0,840.5849609375,681.0218505859375,794.5255126953125,848.8098754882812
1790704526.6920445,0,0,840.5849609375,681.0218505859375,794.5255126953125,848.8098754882812
1790704526.7025373,0,0,840.5849609375,681.0218505859375,794.5255126953125,848.8098754882812
1790704526.7131116,0,0,919.5440063476562,697.4716796875,796.1704711914062,888.2893676757812
1790704526.7236214,0,0,787.945556640625,674.4419555664062,814.2652587890625,822.4901733398438
1790704526.734161,0,0,866.9046630859375,689.2467651367188,809.330322265625,875.1295166015625
1790704526.7447305,0,0,893.2243041992188,713.9214477539062,809.330322265625,898.1592407226562
1790704526.7557075,0,0,774.7857666015625,687.601806640625,810.9752807617188,838.9400024414062
1790704526.766355,0,0,801.1054077148438,710.6315307617188,807.6853637695312,842.2299194335938
1790704526.7773824,0,0,801.1054077148438,710.6315307617188,807.6853637695312,842.2299194335938
1790704526.787869,0,0,801.1054077148438,710.6315307617188,807.6853637695312,842.2299194335938
1790704526.7985,0,0,801.1054077148438,710.6315307617188,807.6853637695312,842.2299194335938
1790704526.8095324,0,0,801.1054077148438,710.6315307617188,807.6853637695312,842.2299194335938
1790704526.8206334,0,0,801.1054077148438,710.6315307617188,807.6853637695312,842.2299194335938
1790704526.8314185,0,0,748.466064453125,704.0515747070312,809.330322265625,799.46044921875
1790704526.8422348,0,0,853.7448120117188,725.4363403320312,809.330322265625,881.70947265625
1790704526.8529496,0,0,748.466064453125,712.2764892578125,817.5552368164062,878.4194946289062
1790704526.8634703,0,0,708.9865112304688,722.1463623046875,810.9752807617188,855.3897705078125
1790704526.8743603,0,0,708.9865112304688,722.1463623046875,810.9752807617188,855.3897705078125
1790704526.8848915,0,0,708.9865112304688,722.1463623046875,810.9752807617188,855.3897705078125
1790704526.8958018,0,0,708.9865112304688,722.1463623046875,810.9752807617188,855.3897705078125
1790704526.906782,0,0,708.9865112304688,722.1463623046875,810.9752807617188,855.3897705078125
1790704526.9173017,0,0,708.9865112304688,722.1463623046875,810.9752807617188,855.3897705078125
1790704526.928439,0,0,682.6668701171875,751.7560424804688,810.9752807617188,825.7801513671875
1790704526.9393773,0,0,656.34716796875,748.466064453125,812.6203002929688,822.4901733398438
1790704526.9499931,0,0,695.82666015625,774.7857666015625,812.6203002929688,838.9400024414062
1790704526.960859,0,0,643.1873168945312,727.081298828125,825.7801513671875,838.9400024414062
1790704526.9713054,0,0,616.8676147460938,728.726318359375,827.4251098632812,822.4901733398438
1790704526.9823482,0,0,643.1873168945312,736.951171875,827.4251098632812,845.5198974609375
1790704526.9931622,0,0,643.1873168945312,736.951171875,827.4251098632812,845.5198974609375
1790704527.0043278,0,0,643.1873168945312,736.951171875,827.4251098632812,845.5198974609375
1790704527.014911,0,0,643.1873168945312,736.951171875,827.4251098632812,845.5198974609375
1790704527.0254269,0,0,643.1873168945312,736.951171875,827.4251098632812,845.5198974609375
1790704527.036265,0,0,643.1873168945312,736.951171875,827.4251098632812,845.5198974609375
1790704527.0471468,0,0,643.1873168945312,736.951171875,827.4251098632812,845.5198974609375
1790704527.0583258,0,0,643.1873168945312,736.951171875,840.5849609375,858.6797485351562
1790704527.0690494,0,0,564.228271484375,736.951171875,837.2949829101562,832.3600463867188
1790704527.079645,0,0,458.94952392578125,728.726318359375,838.9400024414062,829.070068359375
1790704527.090539,0,0,485.2691955566406,766.5608520507812,822.4901733398438,848.8098754882812
1790704527.1011994,0,0,406.3101501464844,750.1110229492188,824.1351318359375,838.9400024414062
1790704527.1117404,0,0,406.3101501464844,750.1110229492188,824.1351318359375,838.9400024414062
1790704527.1227798,0,0,406.3101501464844,750.1110229492188,824.1351318359375,838.9400024414062
1790704527.133732,0,0,406.3101501464844,750.1110229492188,824.1351318359375,838.9400024414062
1790704527.1441975,0,0,406.3101501464844,750.1110229492188,824.1351318359375,838.9400024414062
1790704527.154697,0,0,458.94952392578125,743.5311279296875,824.1351318359375,884.9994506835938
1790704527.1652608,0,0,432.62982177734375,746.8211059570312,820.84521484375,875.1295166015625
1790704527.1763415,0,0,301.0314025878906,741.8861083984375,820.84521484375,806.0403442382812
1790704527.1870782,0,0,301.0314025878906,715.5664672851562,822.4901733398438,799.46044921875
1790704527.1975918,0,0,340.51092529296875,730.3712768554688,815.9102783203125,819.2001953125
1790704527.2084987,0,0,340.51092529296875,730.3712768554688,815.9102783203125,819.2001953125
1790704527.219172,0,0,340.51092529296875,730.3712768554688,815.9102783203125,819.2001953125
1790704527.2299352,0,0,340.51092529296875,730.3712768554688,815.9102783203125,819.2001953125
1790704527.2410488,0,0,340.51092529296875,730.3712768554688,815.9102783203125,819.2001953125
1790704527.2521648,0,0,419.4700012207031,768.205810546875,810.9752807617188,835.6500244140625
1790704527.2630258,0,0,301.0314025878906,730.3712768554688,815.9102783203125,766.5608520507812
1790704527.2735014,0,0,834.0050048828125,745.1760864257812,812.6203002929688,824.1351318359375
1790704527.2844672,0,0,860.32470703125,745.1760864257812,810.9752807617188,876.7745361328125
1790704527.294914,0,0,807.6853637695312,720.5014038085938,809.330322265625,853.7448120117188
1790704527.3055573,0,0,807.6853637695312,720.5014038085938,809.330322265625,853.7448120117188
1790704527.3166602,0,0,807.6853637695312,720.5014038085938,809.330322265625,853.7448120117188
1790704527.3275816,0,0,807.6853637695312,720.5014038085938,809.330322265625,853.7448120117188
1790704527.3385792,0,0,807.6853637695312,720.5014038085938,809.330322265625,853.7448120117188
1790704527.349631,0,0,807.6853637695312,720.5014038085938,809.330322265625,853.7448120117188
1790704527.3606799,0,0,834.0050048828125,736.951171875,809.330322265625,843.8749389648438
1790704527.3710563,0,0,741.8861083984375,690.8917236328125,817.5552368164062,807.6853637695312
1790704527.3816633,0,0,807.6853637695312,759.9808959960938,784.6556396484375,840.5849609375
1790704527.3923612,0,0,676.0869140625,732.0162353515625,794.5255126953125,794.5255126953125
1790704527.4029336,0,0,755.0459594726562,745.1760864257812,806.0403442382812,866.9046630859375
1790704527.413433,0,0,623.4475708007812,697.4716796875,814.2652587890625,801.1054077148438
1790704527.424178,0,0,544.4884643554688,710.6315307617188,807.6853637695312,789.590576171875
1790704527.4347591,0,0,597.1278686523438,732.0162353515625,809.330322265625,820.84521484375
1790704527.445468,0,0,597.1278686523438,732.0162353515625,809.330322265625,820.84521484375
1790704527.4565744,0,0,597.1278686523438,732.0162353515625,809.330322265625,820.84521484375
1790704527.4671245,0,0,597.1278686523438,732.0162353515625,809.330322265625,820.84521484375
1790704527.4779465,0,0,597.1278686523438,732.0162353515625,809.330322265625,820.84521484375
1790704527.4885774,0,0,491.84912109375,728.726318359375,807.6853637695312,810.9752807617188
1790704527.4994402,0,0,544.4884643554688,750.1110229492188,812.6203002929688,857.0347290039062
1790704527.5100377,0,0,439.2097473144531,722.1463623046875,817.5552368164062,829.070068359375
1790704527.5206933,0,0,373.4105529785156,745.1760864257812,819.2001953125,787.945556640625
1790704527.5317857,0,0,426.0498962402344,768.205810546875,812.6203002929688,820.84521484375
1790704527.5428717,0,0,426.0498962402344,768.205810546875,812.6203002929688,820.84521484375
1790704527.5535433,0,0,426.0498962402344,768.205810546875,812.6203002929688,820.84521484375
1790704527.5645998,0,0,426.0498962402344,768.205810546875,812.6203002929688,820.84521484375
1790704527.575139,0,0,426.0498962402344,768.205810546875,812.6203002929688,820.84521484375
1790704527.5861745,0,0,426.0498962402344,768.205810546875,812.6203002929688,820.84521484375
1790704527.5969996,0,0,340.51092529296875,723.7913208007812,817.5552368164062,783.0106201171875
1790704527.6077032,0,0,393.1502990722656,758.3359375,815.9102783203125,822.4901733398438
1790704527.6185567,0,0,287.8715515136719,735.3062133789062,824.1351318359375,769.850830078125
1790704527.629281,0,0,353.6707763671875,741.8861083984375,825.7801513671875,812.6203002929688
1790704527.6403139,0,0,353.6707763671875,741.8861083984375,825.7801513671875,812.6203002929688
1790704527.6512806,0,0,353.6707763671875,741.8861083984375,825.7801513671875,812.6203002929688
1790704527.6617901,0,0,353.6707763671875,741.8861083984375,825.7801513671875,812.6203002929688
1790704527.6723049,0,0,353.6707763671875,741.8861083984375,825.7801513671875,812.6203002929688
1790704527.6828525,0,0,248.39202880859375,743.5311279296875,819.2001953125,766.5608520507812
1790704527.693842,0,0,327.35107421875,761.6259155273438,820.84521484375,809.330322265625
1790704527.7044137,0,0,379.9904479980469,751.7560424804688,829.070068359375,842.2299194335938
1790704527.714973,0,0,287.8715515136719,773.1407470703125,820.84521484375,769.850830078125
1790704527.7260513,0,0,261.5518798828125,778.07568359375,824.1351318359375,764.9158325195312
1790704527.7372508,0,0,301.0314025878906,789.590576171875,824.1351318359375,781.3656616210938
1790704527.7481313,0,0,301.0314025878906,789.590576171875,824.1351318359375,781.3656616210938
1790704527.7587142,0,0,301.0314025878906,789.590576171875,824.1351318359375,781.3656616210938
1790704527.7692063,0,0,301.0314025878906,789.590576171875,824.1351318359375,781.3656616210938
1790704527.7799706,0,0,301.0314025878906,789.590576171875,824.1351318359375,781.3656616210938
1790704527.7907596,0,0,301.0314025878906,789.590576171875,824.1351318359375,781.3656616210938
1790704527.8012571,0,0,248.39202880859375,779.720703125,824.1351318359375,751.7560424804688
1790704527.8117185,0,0,314.1912536621094,776.4307250976562,824.1351318359375,792.8805541992188
1790704527.8227117,0,0,898.1592407226562,797.8154907226562,815.9102783203125,857.0347290039062
1790704527.8332653,0,0,898.1592407226562,797.8154907226562,815.9102783203125,857.0347290039062
1790704527.8445554,0,0,845.5198974609375,766.5608520507812,825.7801513671875,843.8749389648438
1790704527.8556266,0,0,924.4789428710938,786.3005981445312,824.1351318359375,881.70947265625
1790704527.8663435,0,0,871.839599609375,783.0106201171875,824.1351318359375,858.6797485351562
1790704527.8771138,0,0,871.839599609375,783.0106201171875,824.1351318359375,858.6797485351562
1790704527.8880453,0,0,871.839599609375,783.0106201171875,824.1351318359375,858.6797485351562
1790704527.8987973,0,0,871.839599609375,783.0106201171875,824.1351318359375,858.6797485351562
1790704527.9097025,0,0,871.839599609375,783.0106201171875,824.1351318359375,858.6797485351562
1790704527.920528,0,0,845.5198974609375,753.4010009765625,822.4901733398438,842.2299194335938
1790704527.9311035,0,0,871.839599609375,756.6909790039062,824.1351318359375,865.2596435546875
1790704527.9419491,0,0,819.2001953125,758.3359375,822.4901733398438,835.6500244140625
1790704527.9524262,0,0,871.839599609375,736.951171875,825.7801513671875,875.1295166015625
1790704527.9629493,0,0,819.2001953125,736.951171875,822.4901733398438,850.454833984375
1790704527.9739733,0,0,819.2001953125,736.951171875,822.4901733398438,850.454833984375
1790704527.9844973,0,0,819.2001953125,736.951171875,822.4901733398438,850.454833984375
1790704527.9951549,0,0,819.2001953125,736.951171875,822.4901733398438,850.454833984375
1790704528.0060098,0,0,819.2001953125,736.951171875,822.4901733398438,850.454833984375
1790704528.0168512,0,0,819.2001953125,736.951171875,822.4901733398438,850.454833984375
1790704528.0277114,0,0,792.8805541992188,741.8861083984375,827.4251098632812,837.2949829101562
1790704528.0386007,0,0,845.5198974609375,748.466064453125,834.0050048828125,865.2596435546875
1790704528.0492866,0,0,819.2001953125,750.1110229492188,829.070068359375,847.1648559570312
1790704528.0602918,0,0,819.2001953125,766.5608520507812,827.4251098632812,840.5849609375
1790704528.0708163,0,0,871.839599609375,758.3359375,832.3600463867188,880.064453125
1790704528.0816672,0,0,792.8805541992188,758.3359375,829.070068359375,860.32470703125
1790704528.092521,0,0,792.8805541992188,758.3359375,829.070068359375,860.32470703125
1790704528.1031892,0,0,792.8805541992188,758.3359375,829.070068359375,860.32470703125
1790704528.1139295,0,0,792.8805541992188,758.3359375,829.070068359375,860.32470703125
1790704528.1246686,0,0,792.8805541992188,758.3359375,829.070068359375,860.32470703125
1790704528.1351666,0,0,792.8805541992188,758.3359375,829.070068359375,860.32470703125
1790704528.145629,0,0,687.601806640625,753.4010009765625,825.7801513671875,801.1054077148438
1790704528.156978,0,0,687.601806640625,766.5608520507812,825.7801513671875,812.6203002929688
1790704528.1676857,0,0,569.1632080078125,773.1407470703125,834.0050048828125,756.6909790039062
1790704528.178846,0,0,608.6427001953125,792.8805541992188,835.6500244140625,778.07568359375
1790704528.1897686,0,0,608.6427001953125,792.8805541992188,835.6500244140625,778.07568359375
1790704528.200309,0,0,608.6427001953125,792.8805541992188,835.6500244140625,778.07568359375
1790704528.2114742,0,0,608.6427001953125,792.8805541992188,835.6500244140625,778.07568359375
1790704528.222668,0,0,608.6427001953125,792.8805541992188,835.6500244140625,778.07568359375
1790704528.233441,0,0,674.4419555664062,801.1054077148438,835.6500244140625,806.0403442382812
1790704528.244062,0,0,582.3230590820312,781.3656616210938,840.5849609375,733.6612548828125
1790704528.2546282,0,0,608.6427001953125,797.8154907226562,834.0050048828125,727.081298828125
1790704528.265283,0,0,634.96240234375,736.951171875,837.2949829101562,769.850830078125
1790704528.275708,0,0,608.6427001953125,769.850830078125,825.7801513671875,763.2708740234375
1790704528.2861736,0,0,661.2821044921875,763.2708740234375,817.5552368164062,822.4901733398438
1790704528.2969644,0,0,661.2821044921875,763.2708740234375,817.5552368164062,822.4901733398438
1790704528.307903,0,0,661.2821044921875,763.2708740234375,817.5552368164062,822.4901733398438
1790704528.3187046,0,0,661.2821044921875,763.2708740234375,817.5552368164062,822.4901733398438
1790704528.3293312,0,0,661.2821044921875,763.2708740234375,817.5552368164062,822.4901733398438
1790704528.3401651,0,0,661.2821044921875,763.2708740234375,817.5552368164062,822.4901733398438
1790704528.3509352,0,0,740.2411499023438,766.5608520507812,817.5552368164062,868.5496215820312
1790704528.3620558,0,0,634.96240234375,740.2411499023438,812.6203002929688,842.2299194335938
1790704528.3733468,0,0,582.3230590820312,750.1110229492188,812.6203002929688,845.5198974609375
1790704528.384694,0,0,582.3230590820312,750.1110229492188,812.6203002929688,845.5198974609375
1790704528.3964007,0,0,582.3230590820312,750.1110229492188,812.6203002929688,845.5198974609375
1790704528.4077883,0,0,582.3230590820312,750.1110229492188,812.6203002929688,845.5198974609375
1790704528.4189234,0,0,582.3230590820312,750.1110229492188,812.6203002929688,845.5198974609375
1790704528.429821,0,0,582.3230590820312,750.1110229492188,812.6203002929688,845.5198974609375
1790704528.4404738,0,0,926.1239624023438,746.8211059570312,815.9102783203125,903.09423828125
1790704528.4514003,0,0,926.1239624023438,756.6909790039062,819.2001953125,908.0291748046875
1790704528.462351,0,0,768.205810546875,759.9808959960938,815.9102783203125,834.0050048828125
1790704528.4730246,0,0,834.0050048828125,774.7857666015625,815.9102783203125,866.9046630859375
1790704528.4835808,0,0,834.0050048828125,774.7857666015625,815.9102783203125,866.9046630859375
1790704528.4946232,0,0,834.0050048828125,774.7857666015625,815.9102783203125,866.9046630859375
1790704528.50556,0,0,834.0050048828125,774.7857666015625,815.9102783203125,866.9046630859375
1790704528.5166628,0,0,834.0050048828125,774.7857666015625,815.9102783203125,866.9046630859375
1790704528.5276306,0,0,834.0050048828125,774.7857666015625,815.9102783203125,866.9046630859375
1790704528.5386484,0,0,886.6444091796875,756.6909790039062,820.84521484375,922.833984375
1790704528.5497558,0,0,781.3656616210938,753.4010009765625,824.1351318359375,853.7448120117188
1790704528.5609708,0,0,794.5255126953125,778.07568359375,817.5552368164062,866.9046630859375
1790704528.5716107,0,0,794.5255126953125,778.07568359375,817.5552368164062,866.9046630859375
1790704528.5824876,0,0,794.5255126953125,778.07568359375,817.5552368164062,866.9046630859375
1790704528.593411,0,0,794.5255126953125,778.07568359375,817.5552368164062,866.9046630859375
1790704528.6039896,0,0,794.5255126953125,778.07568359375,817.5552368164062,866.9046630859375
1790704528.6150925,0,0,794.5255126953125,778.07568359375,817.5552368164062,866.9046630859375
1790704528.6261997,0,0,860.32470703125,771.4957885742188,820.84521484375,912.964111328125
1790704528.6371038,0,0,794.5255126953125,773.1407470703125,820.84521484375,893.2243041992188
1790704528.6479754,0,0,715.5664672851562,751.7560424804688,822.4901733398438,843.8749389648438
1790704528.6585667,0,0,715.5664672851562,771.4957885742188,822.4901733398438,838.9400024414062
1790704528.6692064,0,0,728.726318359375,768.205810546875,817.5552368164062,848.8098754882812
1790704528.6801107,0,0,768.205810546875,771.4957885742188,819.2001953125,868.5496215820312
1790704528.691117,0,0,768.205810546875,771.4957885742188,819.2001953125,868.5496215820312
1790704528.7022827,0,0,768.205810546875,771.4957885742188,819.2001953125,868.5496215820312
1790704528.7127657,0,0,768.205810546875,771.4957885742188,819.2001953125,868.5496215820312
1790704528.7237604,0,0,768.205810546875,771.4957885742188,819.2001953125,868.5496215820312
1790704528.7345436,0,0,715.5664672851562,789.590576171875,819.2001953125,832.3600463867188
1790704528.745117,0,0,741.8861083984375,763.2708740234375,820.84521484375,852.0997924804688
1790704528.7561738,0,0,741.8861083984375,781.3656616210938,820.84521484375,858.6797485351562
1790704528.7668247,1,0,768.205810546875,786.3005981445312,820.84521484375,871.839599609375
1790704528.7775524,1,0,689.2467651367188,781.3656616210938,825.7801513671875,848.8098754882812
1790704528.7883818,1,0,689.2467651367188,781.3656616210938,825.7801513671875,848.8098754882812
1790704528.7990294,1,0,689.2467651367188,781.3656616210938,825.7801513671875,848.8098754882812
1790704528.8096695,1,0,689.2467651367188,781.3656616210938,825.7801513671875,848.8098754882812
1790704528.8203323,1,0,689.2467651367188,781.3656616210938,825.7801513671875,848.8098754882812
1790704528.8313465,1,0,610.2877197265625,776.4307250976562,827.4251098632812,806.0403442382812
1790704528.8423574,1,0,636.607421875,792.8805541992188,822.4901733398438,809.330322265625
1790704528.8534586,1,0,715.5664672851562,783.0106201171875,824.1351318359375,881.70947265625
1790704528.8645275,1,0,610.2877197265625,794.5255126953125,819.2001953125,809.330322265625
1790704528.8753455,1,0,636.607421875,794.5255126953125,819.2001953125,825.7801513671875
1790704528.886735,1,0,636.607421875,794.5255126953125,819.2001953125,825.7801513671875
1790704528.8976302,1,0,636.607421875,794.5255126953125,819.2001953125,825.7801513671875
1790704528.908469,1,0,636.607421875,794.5255126953125,819.2001953125,825.7801513671875
1790704528.9195497,1,0,636.607421875,794.5255126953125,819.2001953125,825.7801513671875
1790704528.9303155,1,0,636.607421875,794.5255126953125,819.2001953125,825.7801513671875
1790704528.9413934,1,0,636.607421875,794.5255126953125,819.2001953125,825.7801513671875
1790704528.952236,1,0,623.4475708007812,751.7560424804688,824.1351318359375,819.2001953125
1790704528.9629953,1,0,649.7672119140625,781.3656616210938,822.4901733398438,825.7801513671875
1790704528.9743228,1,0,610.2877197265625,768.205810546875,824.1351318359375,812.6203002929688
1790704528.985297,1,0,570.8081665039062,763.2708740234375,829.070068359375,799.46044921875
1790704528.9965553,1,0,623.4475708007812,796.1704711914062,815.9102783203125,838.9400024414062
1790704529.0075095,1,0,570.8081665039062,750.1110229492188,822.4901733398438,819.2001953125
1790704529.0184562,1,0,570.8081665039062,750.1110229492188,822.4901733398438,819.2001953125
1790704529.029626,1,0,570.8081665039062,750.1110229492188,822.4901733398438,819.2001953125
1790704529.0402017,1,0,570.8081665039062,750.1110229492188,822.4901733398438,819.2001953125
1790704529.051019,1,0,570.8081665039062,750.1110229492188,822.4901733398438,819.2001953125
1790704529.06183,1,0,570.8081665039062,750.1110229492188,822.4901733398438,819.2001953125
1790704529.073366,1,0,810.9752807617188,756.6909790039062,819.2001953125,829.070068359375
1790704529.084679,1,0,929.4138793945312,773.1407470703125,815.9102783203125,891.579345703125
1790704529.0957253,1,0,784.6556396484375,761.6259155273438,810.9752807617188,809.330322265625
1790704529.1063712,1,0,837.2949829101562,761.6259155273438,820.84521484375,853.7448120117188
1790704529.1178508,1,0,837.2949829101562,761.6259155273438,820.84521484375,853.7448120117188
1790704529.1294053,1,0,837.2949829101562,761.6259155273438,820.84521484375,853.7448120117188
1790704529.1405256,1,0,837.2949829101562,761.6259155273438,820.84521484375,853.7448120117188
1790704529.1510618,1,0,837.2949829101562,761.6259155273438,820.84521484375,853.7448120117188
1790704529.1618898,1,0,837.2949829101562,761.6259155273438,820.84521484375,853.7448120117188
1790704529.1730046,1,0,837.2949829101562,761.6259155273438,820.84521484375,853.7448120117188
1790704529.1840303,1,0,784.6556396484375,755.0459594726562,819.2001953125,817.5552368164062
1790704529.1949134,1,0,732.0162353515625,753.4010009765625,822.4901733398438,817.5552368164062
1790704529.2060156,1,0,837.2949829101562,776.4307250976562,817.5552368164062,880.064453125
1790704529.2167609,1,0,837.2949829101562,781.3656616210938,817.5552368164062,853.7448120117188
1790704529.2278814,1,0,784.6556396484375,779.720703125,815.9102783203125,834.0050048828125
1790704529.2386963,1,0,784.6556396484375,779.720703125,815.9102783203125,834.0050048828125
1790704529.2498121,1,0,784.6556396484375,779.720703125,815.9102783203125,834.0050048828125
1790704529.2604947,1,0,784.6556396484375,779.720703125,815.9102783203125,834.0050048828125
1790704529.2711112,1,0,784.6556396484375,779.720703125,815.9102783203125,834.0050048828125
1790704529.2821627,1,0,784.6556396484375,779.720703125,815.9102783203125,834.0050048828125
1790704529.2930255,1,0,784.6556396484375,779.720703125,815.9102783203125,834.0050048828125
1790704529.3035717,1,0,758.3359375,771.4957885742188,815.9102783203125,827.4251098632812
1790704529.3142457,1,0,705.6965942382812,781.3656616210938,819.2001953125,794.5255126953125
1790704529.3251276,1,0,797.8154907226562,794.5255126953125,817.5552368164062,858.6797485351562
1790704529.3357468,1,0,732.0162353515625,776.4307250976562,819.2001953125,850.454833984375
1790704529.3467803,1,0,824.1351318359375,764.9158325195312,824.1351318359375,888.2893676757812
1790704529.3576937,1,0,784.6556396484375,789.590576171875,814.2652587890625,842.2299194335938
1790704529.368286,1,0,692.5367431640625,784.6556396484375,817.5552368164062,789.590576171875
1790704529.3790946,1,0,705.6965942382812,769.850830078125,827.4251098632812,825.7801513671875
1790704529.3896387,1,0,705.6965942382812,769.850830078125,827.4251098632812,825.7801513671875
1790704529.4007242,1,0,758.3359375,786.3005981445312,824.1351318359375,858.6797485351562
1790704529.4119887,1,0,653.0571899414062,791.2355346679688,830.715087890625,819.2001953125
1790704529.4230802,1,0,653.0571899414062,791.2355346679688,830.715087890625,819.2001953125
1790704529.433758,1,0,653.0571899414062,791.2355346679688,830.715087890625,819.2001953125
1790704529.4446971,1,0,653.0571899414062,791.2355346679688,830.715087890625,819.2001953125
1790704529.4558847,1,0,653.0571899414062,791.2355346679688,830.715087890625,819.2001953125
1790704529.4669275,1,0,653.0571899414062,791.2355346679688,830.715087890625,819.2001953125
1790704529.477555,1,0,574.09814453125,787.945556640625,830.715087890625,753.4010009765625
1790704529.488089,1,0,574.09814453125,787.945556640625,835.6500244140625,759.9808959960938
1790704529.498927,1,0,600.4178466796875,771.4957885742188,829.070068359375,769.850830078125
1790704529.5098453,1,0,560.9382934570312,801.1054077148438,829.070068359375,730.3712768554688
1790704529.5206742,1,0,653.0571899414062,786.3005981445312,830.715087890625,786.3005981445312
1790704529.5321271,1,0,653.0571899414062,786.3005981445312,830.715087890625,786.3005981445312
1790704529.5433085,1,0,653.0571899414062,786.3005981445312,830.715087890625,786.3005981445312
1790704529.5539546,1,0,653.0571899414062,786.3005981445312,830.715087890625,786.3005981445312
1790704529.5645878,1,0,600.4178466796875,786.3005981445312,830.715087890625,756.6909790039062
1790704529.575499,1,0,613.5776977539062,776.4307250976562,830.715087890625,756.6909790039062
1790704529.586596,1,0,560.9382934570312,796.1704711914062,834.0050048828125,730.3712768554688
1790704529.5975285,1,0,875.1295166015625,786.3005981445312,835.6500244140625,858.6797485351562
1790704529.6083336,1,0,875.1295166015625,786.3005981445312,835.6500244140625,858.6797485351562
1790704529.6194785,1,0,875.1295166015625,786.3005981445312,835.6500244140625,858.6797485351562
1790704529.630192,1,0,875.1295166015625,786.3005981445312,835.6500244140625,858.6797485351562
1790704529.6408162,1,0,875.1295166015625,786.3005981445312,835.6500244140625,858.6797485351562
1790704529.6513116,1,0,875.1295166015625,786.3005981445312,835.6500244140625,858.6797485351562
1790704529.6619875,1,0,822.4901733398438,784.6556396484375,834.0050048828125,832.3600463867188
1790704529.6728587,1,0,875.1295166015625,883.3544311523438,873.4845581054688,832.3600463867188
1790704529.6835442,1,0,861.9697265625,883.3544311523438,926.1239624023438,911.319091796875
1790704529.6944308,1,0,861.9697265625,962.3134765625,926.1239624023438,858.6797485351562
1790704529.7054584,1,0,861.9697265625,962.3134765625,926.1239624023438,858.6797485351562
1790704529.7163522,1,0,861.9697265625,962.3134765625,926.1239624023438,858.6797485351562
1790704529.727304,1,0,861.9697265625,962.3134765625,926.1239624023438,858.6797485351562
1790704529.7381914,1,0,980.4082641601562,1093.9119873046875,847.1648559570312,937.6387939453125
1790704529.7494173,1,0,704.0515747070312,1567.666259765625,1320.919189453125,753.4010009765625
1790704529.7603528,1,0,401.3752136230469,1567.666259765625,1320.919189453125,358.605712890625
1790704529.7713654,1,0,111.8586654663086,1575.89111328125,1478.8372802734375,148.04823303222656
1790704529.7818618,1,0,138.1783447265625,1564.3763427734375,1663.0750732421875,121.72854614257812
1790704529.7929718,1,0,217.1374053955078,1566.021240234375,1663.0750732421875,174.367919921875
1790704529.803675,1,0,217.1374053955078,1566.021240234375,1663.0750732421875,174.367919921875
1790704529.8145099,1,0,217.1374053955078,1566.021240234375,1663.0750732421875,174.367919921875
1790704529.8258688,1,0,217.1374053955078,1566.021240234375,1663.0750732421875,174.367919921875
1790704529.8366654,1,0,217.1374053955078,1566.021240234375,1663.0750732421875,174.367919921875
1790704529.8474984,1,0,296.0964660644531,1564.3763427734375,1590.696044921875,384.9254150390625
1790704529.8582418,1,0,375.0555114746094,1564.3763427734375,1561.0863037109375,575.7431030273438
1790704529.869262,1,0,506.6539306640625,1564.3763427734375,1350.52880859375,707.341552734375
1790704529.8803484,1,0,625.092529296875,1564.3763427734375,911.319091796875,931.0588989257812
1790704529.8912146,1,0,625.092529296875,1564.3763427734375,911.319091796875,931.0588989257812
1790704529.9021375,1,0,625.092529296875,1564.3763427734375,911.319091796875,931.0588989257812
1790704529.9127,1,0,625.092529296875,1564.3763427734375,911.319091796875,931.0588989257812
1790704529.9236357,1,0,625.092529296875,1564.3763427734375,911.319091796875,931.0588989257812
1790704529.9344773,1,0,677.7318725585938,1564.3763427734375,888.2893676757812,944.2186889648438
1790704529.9450598,1,0,598.7728271484375,1564.3763427734375,812.6203002929688,904.7391967773438
1790704529.9555938,1,0,546.1334838867188,1437.7127685546875,761.6259155273438,957.3785400390625
1790704529.9664547,1,0,651.4122314453125,1266.6348876953125,697.4716796875,1088.9769287109375
1790704529.977463,1,0,572.4531860351562,1056.077392578125,708.9865112304688,1128.45654296875
1790704529.9882908,1,0,493.4941101074219,871.839599609375,664.5720825195312,1008.3729248046875
1790704529.9995396,1,0,493.4941101074219,871.839599609375,664.5720825195312,1008.3729248046875
1790704530.0100012,1,0,493.4941101074219,871.839599609375,664.5720825195312,1008.3729248046875
1790704530.0208719,1,0,493.4941101074219,871.839599609375,664.5720825195312,1008.3729248046875
1790704530.0314567,1,0,493.4941101074219,871.839599609375,664.5720825195312,1008.3729248046875
1790704530.042257,1,0,493.4941101074219,871.839599609375,664.5720825195312,1008.3729248046875
1790704530.0532498,1,0,493.4941101074219,687.601806640625,659.6371459960938,932.703857421875
1790704530.0640717,1,0,519.8137817382812,556.0033569335938,667.8619995117188,853.7448120117188
1790704530.074817,1,0,493.4941101074219,419.4700012207031,677.7318725585938,799.46044921875
1790704530.0856369,1,0,625.092529296875,296.0964660644531,684.3118286132812,857.0347290039062
1790704530.0963914,1,0,671.1519775390625,328.9960632324219,695.82666015625,807.6853637695312
1790704530.107389,1,0,657.9921264648438,330.64105224609375,695.82666015625,769.850830078125
1790704530.1182308,1,0,664.5720825195312,330.64105224609375,705.6965942382812,781.3656616210938
1790704530.129347,1,0,1042.91748046875,27.96466636657715,677.7318725585938,919.5440063476562
1790704530.140377,1,0,1042.91748046875,27.96466636657715,677.7318725585938,919.5440063476562
1790704530.1510034,1,0,963.95849609375,27.96466636657715,684.3118286132812,903.09423828125
1790704530.1618898,1,0,963.95849609375,27.96466636657715,684.3118286132812,903.09423828125
1790704530.172747,1,0,963.95849609375,27.96466636657715,684.3118286132812,903.09423828125
1790704530.1835532,1,0,963.95849609375,27.96466636657715,684.3118286132812,903.09423828125
1790704530.1942043,1,0,963.95849609375,27.96466636657715,684.3118286132812,903.09423828125
1790704530.2053592,1,0,963.95849609375,27.96466636657715,684.3118286132812,903.09423828125
1790704530.2159262,1,0,1016.5978393554688,27.96466636657715,695.82666015625,942.57373046875
1790704530.226763,1,0,911.319091796875,52.63936996459961,720.5014038085938,889.9343872070312
1790704530.2376807,1,0,858.6797485351562,108.5687026977539,723.7913208007812,857.0347290039062
1790704530.248772,1,0,911.319091796875,189.17274475097656,720.5014038085938,896.5142822265625
1790704530.2604103,1,0,858.6797485351562,220.4273681640625,730.3712768554688,870.194580078125
1790704530.2711148,1,0,858.6797485351562,220.4273681640625,730.3712768554688,870.194580078125
1790704530.2822168,1,0,858.6797485351562,220.4273681640625,730.3712768554688,870.194580078125
1790704530.2940013,1,0,858.6797485351562,220.4273681640625,730.3712768554688,870.194580078125
1790704530.3049517,1,0,858.6797485351562,220.4273681640625,730.3712768554688,870.194580078125
1790704530.3157039,1,0,858.6797485351562,220.4273681640625,730.3712768554688,870.194580078125
1790704530.3266547,1,0,806.0403442382812,328.9960632324219,743.5311279296875,837.2949829101562
1790704530.337577,1,0,713.9214477539062,391.50531005859375,758.3359375,807.6853637695312
1790704530.3487747,1,0,740.2411499023438,416.1800231933594,763.2708740234375,850.454833984375
1790704530.3596923,1,0,740.2411499023438,416.1800231933594,763.2708740234375,850.454833984375
1790704530.3702807,1,0,740.2411499023438,416.1800231933594,763.2708740234375,850.454833984375
1790704530.381733,1,0,740.2411499023438,416.1800231933594,763.2708740234375,850.454833984375
1790704530.3932333,1,0,740.2411499023438,416.1800231933594,763.2708740234375,850.454833984375
1790704530.4037814,1,0,806.0403442382812,424.4049377441406,763.2708740234375,886.6444091796875
1790704530.4147,1,0,661.2821044921875,419.4700012207031,763.2708740234375,801.1054077148438
1790704530.4252958,1,0,621.8025512695312,445.7896728515625,779.720703125,804.3953857421875
1790704530.4365737,1,0,621.8025512695312,458.94952392578125,781.3656616210938,824.1351318359375
1790704530.4484756,1,0,727.081298828125,478.68927001953125,783.0106201171875,863.6146850585938
1790704530.459466,1,0,700.7615966796875,509.94390869140625,791.2355346679688,830.715087890625
1790704530.470919,1,0,700.7615966796875,509.94390869140625,791.2355346679688,830.715087890625
1790704530.481688,1,0,700.7615966796875,509.94390869140625,791.2355346679688,830.715087890625
1790704530.4924662,1,0,700.7615966796875,509.94390869140625,791.2355346679688,830.715087890625
1790704530.5034287,1,0,700.7615966796875,509.94390869140625,791.2355346679688,830.715087890625
1790704530.5145757,1,0,700.7615966796875,509.94390869140625,791.2355346679688,830.715087890625
1790704530.5257115,1,0,621.8025512695312,605.352783203125,799.46044921875,787.945556640625
1790704530.536619,1,0,621.8025512695312,656.34716796875,799.46044921875,768.205810546875
1790704530.5479681,1,0,700.7615966796875,644.832275390625,810.9752807617188,820.84521484375
1790704530.5590937,1,0,700.7615966796875,644.832275390625,810.9752807617188,820.84521484375
1790704530.570084,1,0,700.7615966796875,644.832275390625,810.9752807617188,820.84521484375
1790704530.5808175,1,0,700.7615966796875,644.832275390625,810.9752807617188,820.84521484375
1790704530.5914018,1,0,700.7615966796875,644.832275390625,810.9752807617188,820.84521484375
1790704530.6020515,1,0,648.1222534179688,666.217041015625,814.2652587890625,781.3656616210938
1790704530.6129866,1,0,766.5608520507812,646.477294921875,814.2652587890625,860.32470703125
1790704530.623775,1,0,713.9214477539062,649.7672119140625,814.2652587890625,840.5849609375
1790704530.6347344,1,0,674.4419555664062,699.1166381835938,802.7504272460938,842.2299194335938
1790704530.6455538,1,0,569.1632080078125,677.7318725585938,806.0403442382812,799.46044921875
1790704530.6561658,1,0,621.8025512695312,674.4419555664062,807.6853637695312,832.3600463867188
1790704530.6676328,1,0,621.8025512695312,674.4419555664062,807.6853637695312,832.3600463867188
1790704530.6787524,1,0,621.8025512695312,674.4419555664062,807.6853637695312,832.3600463867188
1790704530.6893077,1,0,621.8025512695312,674.4419555664062,807.6853637695312,832.3600463867188
1790704530.7000847,1,0,621.8025512695312,674.4419555664062,807.6853637695312,832.3600463867188
1790704530.7111232,1,0,621.8025512695312,674.4419555664062,807.6853637695312,832.3600463867188
1790704530.7216501,1,0,569.1632080078125,685.956787109375,806.0403442382812,776.4307250976562
1790704530.732399,1,0,621.8025512695312,702.4066162109375,801.1054077148438,802.7504272460938
1790704530.7433572,1,0,569.1632080078125,671.1519775390625,814.2652587890625,792.8805541992188
1790704530.7539387,1,0,829.070068359375,697.4716796875,809.330322265625,819.2001953125
1790704530.7646298,1,0,855.3897705078125,692.5367431640625,810.9752807617188,848.8098754882812
1790704530.7754898,1,0,802.7504272460938,695.82666015625,804.3953857421875,809.330322265625
1790704530.785952,1,0,881.70947265625,704.0515747070312,807.6853637695312,855.3897705078125
1790704530.7964814,1,0,881.70947265625,704.0515747070312,807.6853637695312,855.3897705078125
1790704530.8071713,1,0,881.70947265625,704.0515747070312,807.6853637695312,855.3897705078125
1790704530.8178155,1,0,881.70947265625,704.0515747070312,807.6853637695312,855.3897705078125
1790704530.828306,1,0,881.70947265625,704.0515747070312,807.6853637695312,855.3897705078125
1790704530.8390048,1,0,881.70947265625,704.0515747070312,807.6853637695312,855.3897705078125
1790704530.849564,1,0,750.1110229492188,708.9865112304688,827.4251098632812,810.9752807617188
1790704530.8606822,1,0,763.2708740234375,704.0515747070312,830.715087890625,834.0050048828125
1790704530.8718982,1,0,776.4307250976562,736.951171875,814.2652587890625,853.7448120117188
1790704530.882599,1,0,776.4307250976562,736.951171875,814.2652587890625,853.7448120117188
1790704530.8935962,1,0,776.4307250976562,736.951171875,814.2652587890625,853.7448120117188
1790704530.904241,1,0,776.4307250976562,736.951171875,814.2652587890625,853.7448120117188
1790704530.9149218,1,0,776.4307250976562,736.951171875,814.2652587890625,853.7448120117188
1790704530.925451,1,0,776.4307250976562,736.951171875,814.2652587890625,853.7448120117188
1790704530.936087,1,0,776.4307250976562,736.951171875,814.2652587890625,853.7448120117188
1790704530.946836,1,0,842.2299194335938,743.5311279296875,819.2001953125,888.2893676757812
1790704530.9573066,1,0,736.951171875,733.6612548828125,817.5552368164062,840.5849609375
1790704530.967938,1,0,736.951171875,733.6612548828125,817.5552368164062,840.5849609375
1790704530.978561,1,0,736.951171875,715.5664672851562,817.5552368164062,866.9046630859375
1790704530.9891162,1,0,631.6724243164062,717.21142578125,822.4901733398438,810.9752807617188
1790704531.0002198,1,0,631.6724243164062,732.0162353515625,817.5552368164062,794.5255126953125
1790704531.0111792,1,0,631.6724243164062,732.0162353515625,817.5552368164062,794.5255126953125
1790704531.0220437,1,0,710.6315307617188,708.9865112304688,824.1351318359375,853.7448120117188
1790704531.0330567,1,0,710.6315307617188,708.9865112304688,824.1351318359375,853.7448120117188
1790704531.044053,1,0,710.6315307617188,708.9865112304688,824.1351318359375,853.7448120117188
1790704531.0546813,1,0,710.6315307617188,708.9865112304688,824.1351318359375,853.7448120117188
1790704531.065623,1,0,710.6315307617188,708.9865112304688,824.1351318359375,853.7448120117188
1790704531.0765626,1,0,605.352783203125,700.7615966796875,819.2001953125,810.9752807617188
1790704531.0876136,1,0,539.5535278320312,728.726318359375,809.330322265625,791.2355346679688
1790704531.0983005,1,0,526.3937377929688,730.3712768554688,809.330322265625,794.5255126953125
1790704531.108851,1,0,565.8732299804688,745.1760864257812,809.330322265625,814.2652587890625
1790704531.119879,1,0,565.8732299804688,745.1760864257812,809.330322265625,814.2652587890625
1790704531.1303942,1,0,565.8732299804688,745.1760864257812,809.330322265625,814.2652587890625
1790704531.141027,1,0,565.8732299804688,745.1760864257812,809.330322265625,814.2652587890625
1790704531.1516354,1,0,565.8732299804688,745.1760864257812,809.330322265625,814.2652587890625
1790704531.1624715,1,0,513.23388671875,748.466064453125,810.9752807617188,781.3656616210938
1790704531.1736665,1,0,526.3937377929688,761.6259155273438,812.6203002929688,784.6556396484375
1790704531.1843514,1,0,579.0330810546875,781.3656616210938,812.6203002929688,817.5552368164062
1790704531.1949182,1,0,605.352783203125,783.0106201171875,815.9102783203125,830.715087890625
1790704531.2060065,1,0,486.9141845703125,769.850830078125,817.5552368164062,758.3359375
1790704531.2167866,1,0,500.07403564453125,761.6259155273438,820.84521484375,794.5255126953125
1790704531.227413,1,0,513.23388671875,786.3005981445312,822.4901733398438,791.2355346679688
1790704531.2383516,1,0,579.0330810546875,789.590576171875,822.4901733398438,820.84521484375
1790704531.2493377,1,0,579.0330810546875,791.2355346679688,819.2001953125,824.1351318359375
1790704531.2601297,1,0,579.0330810546875,791.2355346679688,819.2001953125,824.1351318359375
1790704531.270858,1,0,579.0330810546875,791.2355346679688,819.2001953125,824.1351318359375
1790704531.281819,1,0,579.0330810546875,791.2355346679688,819.2001953125,824.1351318359375
1790704531.2924464,1,0,579.0330810546875,791.2355346679688,819.2001953125,824.1351318359375
1790704531.303349,1,0,631.6724243164062,781.3656616210938,819.2001953125,863.6146850585938
1790704531.314194,1,0,552.71337890625,806.0403442382812,819.2001953125,804.3953857421875
1790704531.3253388,1,0,500.07403564453125,766.5608520507812,822.4901733398438,797.8154907226562
1790704531.3362668,1,0,880.064453125,787.945556640625,815.9102783203125,852.0997924804688
1790704531.347002,1,0,801.1054077148438,764.9158325195312,819.2001953125,848.8098754882812
1790704531.3577096,0,0,827.4251098632812,769.850830078125,819.2001953125,861.9697265625
1790704531.3685682,0,0,827.4251098632812,769.850830078125,819.2001953125,861.9697265625
1790704531.3793488,0,0,827.4251098632812,769.850830078125,819.2001953125,861.9697265625
1790704531.3900118,0,0,827.4251098632812,769.850830078125,819.2001953125,861.9697265625
1790704531.400762,0,0,827.4251098632812,769.850830078125,819.2001953125,861.9697265625
1790704531.4114747,0,0,853.7448120117188,768.205810546875,822.4901733398438,878.4194946289062
1790704531.422084,0,0,669.5070190429688,773.1407470703125,822.4901733398438,812.6203002929688
1790704531.432598,0,0,669.5070190429688,768.205810546875,827.4251098632812,806.0403442382812
1790704531.4431472,0,0,748.466064453125,794.5255126953125,824.1351318359375,848.8098754882812
1790704531.4537158,0,0,748.466064453125,794.5255126953125,824.1351318359375,848.8098754882812
1790704531.4644177,0,0,748.466064453125,794.5255126953125,824.1351318359375,848.8098754882812
1790704531.4753387,0,0,748.466064453125,794.5255126953125,824.1351318359375,848.8098754882812
1790704531.4864092,0,0,748.466064453125,794.5255126953125,824.1351318359375,848.8098754882812
1790704531.4971738,0,0,801.1054077148438,794.5255126953125,820.84521484375,878.4194946289062
1790704531.507782,0,0,682.6668701171875,791.2355346679688,822.4901733398438,825.7801513671875
1790704531.5182729,0,0,649.7672119140625,773.1407470703125,824.1351318359375,804.3953857421875
1790704531.5293794,0,0,682.6668701171875,774.7857666015625,822.4901733398438,819.2001953125
1790704531.5401294,0,0,682.6668701171875,751.7560424804688,827.4251098632812,820.84521484375
1790704531.550826,0,0,682.6668701171875,756.6909790039062,827.4251098632812,820.84521484375
1790704531.561533,0,0,735.3062133789062,769.850830078125,825.7801513671875,840.5849609375
1790704531.571941,0,0,735.3062133789062,769.850830078125,825.7801513671875,840.5849609375
1790704531.5825746,0,0,735.3062133789062,769.850830078125,825.7801513671875,840.5849609375
1790704531.5934522,0,0,735.3062133789062,769.850830078125,825.7801513671875,840.5849609375
1790704531.6041079,0,0,735.3062133789062,769.850830078125,825.7801513671875,840.5849609375
1790704531.6149075,0,0,735.3062133789062,769.850830078125,825.7801513671875,840.5849609375
1790704531.6256301,0,0,702.4066162109375,791.2355346679688,819.2001953125,832.3600463867188
1790704531.6362097,0,0,751.7560424804688,778.07568359375,824.1351318359375,855.3897705078125
1790704531.6474276,0,0,728.726318359375,778.07568359375,822.4901733398438,847.1648559570312
1790704531.6583238,0,0,728.726318359375,778.07568359375,822.4901733398438,847.1648559570312
1790704531.6690614,0,0,728.726318359375,778.07568359375,822.4901733398438,847.1648559570312
1790704531.6795323,0,0,728.726318359375,778.07568359375,822.4901733398438,847.1648559570312
1790704531.6900268,0,0,728.726318359375,778.07568359375,822.4901733398438,847.1648559570312
1790704531.7008762,0,0,728.726318359375,778.07568359375,822.4901733398438,847.1648559570312
1790704531.7118917,0,0,728.726318359375,778.07568359375,822.4901733398438,847.1648559570312
1790704531.7225933,0,0,662.9270629882812,751.7560424804688,827.4251098632812,819.2001953125
1790704531.7336304,0,0,715.5664672851562,779.720703125,824.1351318359375,842.2299194335938
1790704531.7443147,0,0,741.8861083984375,776.4307250976562,822.4901733398438,861.9697265625
1790704531.7551916,0,0,662.9270629882812,766.5608520507812,824.1351318359375,819.2001953125
1790704531.7657652,0,0,755.0459594726562,774.7857666015625,820.84521484375,871.839599609375
1790704531.7767105,0,0,662.9270629882812,733.6612548828125,827.4251098632812,829.070068359375
1790704531.7873294,0,0,689.2467651367188,753.4010009765625,819.2001953125,845.5198974609375
1790704531.7984488,0,0,689.2467651367188,753.4010009765625,819.2001953125,845.5198974609375
1790704531.8090985,0,0,689.2467651367188,753.4010009765625,819.2001953125,845.5198974609375
1790704531.8196158,0,0,689.2467651367188,753.4010009765625,819.2001953125,845.5198974609375
1790704531.8302007,0,0,689.2467651367188,753.4010009765625,819.2001953125,845.5198974609375
1790704531.840935,0,0,689.2467651367188,753.4010009765625,819.2001953125,845.5198974609375
1790704531.8514695,0,0,610.2877197265625,769.850830078125,820.84521484375,799.46044921875
1790704531.8622684,0,0,662.9270629882812,766.5608520507812,820.84521484375,855.3897705078125
1790704531.8732371,0,0,662.9270629882812,779.720703125,822.4901733398438,871.839599609375
1790704531.8842545,0,0,531.3286743164062,761.6259155273438,824.1351318359375,796.1704711914062
1790704531.8957486,0,0,610.2877197265625,771.4957885742188,820.84521484375,832.3600463867188
1790704531.9063745,0,0,610.2877197265625,771.4957885742188,820.84521484375,832.3600463867188
1790704531.9173114,0,0,610.2877197265625,771.4957885742188,820.84521484375,832.3600463867188
1790704531.9278862,0,0,610.2877197265625,771.4957885742188,820.84521484375,832.3600463867188
1790704531.9389381,0,0,610.2877197265625,771.4957885742188,820.84521484375,832.3600463867188
1790704531.949713,0,0,662.9270629882812,787.945556640625,820.84521484375,858.6797485351562
1790704531.960224,0,0,812.6203002929688,763.2708740234375,819.2001953125,822.4901733398438
1790704531.9711986,0,0,904.7391967773438,771.4957885742188,819.2001953125,878.4194946289062
1790704531.9820666,0,0,871.839599609375,779.720703125,820.84521484375,852.0997924804688
1790704531.992987,0,0,871.839599609375,779.720703125,820.84521484375,852.0997924804688
1790704532.0039902,0,0,871.839599609375,779.720703125,820.84521484375,852.0997924804688
1790704532.014479,0,0,871.839599609375,779.720703125,820.84521484375,852.0997924804688
1790704532.025223,0,0,871.839599609375,779.720703125,820.84521484375,852.0997924804688
1790704532.0360472,0,0,825.7801513671875,761.6259155273438,822.4901733398438,842.2299194335938
1790704532.0469913,0,0,904.7391967773438,779.720703125,822.4901733398438,888.2893676757812
1790704532.0574744,0,0,773.1407470703125,778.07568359375,819.2001953125,807.6853637695312
1790704532.068442,0,0,825.7801513671875,758.3359375,825.7801513671875,850.454833984375
1790704532.0789733,0,0,825.7801513671875,758.3359375,825.7801513671875,850.454833984375
1790704532.08977,0,0,825.7801513671875,758.3359375,825.7801513671875,850.454833984375
1790704532.1010673,0,0,825.7801513671875,758.3359375,825.7801513671875,850.454833984375
1790704532.1119301,0,0,825.7801513671875,758.3359375,825.7801513671875,850.454833984375
1790704532.1230533,0,0,733.6612548828125,766.5608520507812,822.4901733398438,797.8154907226562
1790704532.133518,0,0,746.8211059570312,792.8805541992188,819.2001953125,815.9102783203125
1790704532.144501,0,0,720.5014038085938,774.7857666015625,817.5552368164062,814.2652587890625
1790704532.1549604,0,0,707.341552734375,774.7857666015625,807.6853637695312,789.590576171875
1790704532.1657765,0,0,707.341552734375,766.5608520507812,791.2355346679688,746.8211059570312
1790704532.1764193,0,0,786.3005981445312,792.8805541992188,789.590576171875,792.8805541992188
1790704532.1872675,0,0,786.3005981445312,792.8805541992188,789.590576171875,792.8805541992188
1790704532.1978922,0,0,786.3005981445312,792.8805541992188,789.590576171875,792.8805541992188
1790704532.2085013,0,0,786.3005981445312,792.8805541992188,789.590576171875,792.8805541992188
1790704532.219967,0,0,786.3005981445312,792.8805541992188,789.590576171875,792.8805541992188
1790704532.2309995,0,0,838.9400024414062,784.6556396484375,796.1704711914062,835.6500244140625
1790704532.2414935,0,0,759.9808959960938,748.466064453125,804.3953857421875,789.590576171875
1790704532.2520092,0,0,812.6203002929688,771.4957885742188,804.3953857421875,819.2001953125
1790704532.262667,0,0,759.9808959960938,769.850830078125,802.7504272460938,802.7504272460938
1790704532.2734497,0,0,759.9808959960938,769.850830078125,802.7504272460938,802.7504272460938
1790704532.2843294,0,0,759.9808959960938,769.850830078125,802.7504272460938,802.7504272460938
1790704532.2952373,0,0,759.9808959960938,769.850830078125,802.7504272460938,802.7504272460938
1790704532.3063128,0,0,759.9808959960938,769.850830078125,802.7504272460938,802.7504272460938
1790704532.3174293,0,0,838.9400024414062,786.3005981445312,810.9752807617188,829.070068359375
1790704532.328341,0,0,733.6612548828125,768.205810546875,810.9752807617188,766.5608520507812
1790704532.3388224,0,0,733.6612548828125,764.9158325195312,812.6203002929688,783.0106201171875
1790704532.34987,0,0,713.9214477539062,756.6909790039062,825.7801513671875,789.590576171875
1790704532.3609037,0,0,799.46044921875,781.3656616210938,817.5552368164062,825.7801513671875
1790704532.3716142,0,0,799.46044921875,763.2708740234375,825.7801513671875,819.2001953125
1790704532.382275,0,0,799.46044921875,759.9808959960938,822.4901733398438,819.2001953125
1790704532.39357,0,0,799.46044921875,759.9808959960938,822.4901733398438,819.2001953125
1790704532.4041107,0,0,799.46044921875,759.9808959960938,822.4901733398438,819.2001953125
1790704532.4154837,0,0,799.46044921875,759.9808959960938,822.4901733398438,819.2001953125
1790704532.4270961,0,0,799.46044921875,759.9808959960938,822.4901733398438,819.2001953125
1790704532.4381864,0,0,799.46044921875,759.9808959960938,822.4901733398438,819.2001953125
1790704532.4493334,0,0,773.1407470703125,786.3005981445312,822.4901733398438,797.8154907226562
1790704532.4602182,0,0,773.1407470703125,797.8154907226562,824.1351318359375,838.9400024414062
1790704532.4711561,0,0,773.1407470703125,806.0403442382812,829.070068359375,853.7448120117188
1790704532.4816842,0,0,667.8619995117188,791.2355346679688,834.0050048828125,824.1351318359375
1790704532.4929295,0,0,667.8619995117188,815.9102783203125,824.1351318359375,814.2652587890625
1790704532.5038385,0,0,667.8619995117188,815.9102783203125,824.1351318359375,814.2652587890625
1790704532.515122,0,0,667.8619995117188,815.9102783203125,824.1351318359375,814.2652587890625
1790704532.526098,0,0,667.8619995117188,815.9102783203125,824.1351318359375,814.2652587890625
1790704532.5367882,0,0,667.8619995117188,815.9102783203125,824.1351318359375,814.2652587890625
1790704532.547798,0,0,667.8619995117188,815.9102783203125,824.1351318359375,814.2652587890625
1790704532.5584333,0,0,667.8619995117188,815.9102783203125,824.1351318359375,814.2652587890625
1790704532.569406,0,0,615.22265625,779.720703125,830.715087890625,810.9752807617188
1790704532.579968,0,0,814.2652587890625,784.6556396484375,827.4251098632812,825.7801513671875
1790704532.5910833,0,0,912.964111328125,796.1704711914062,824.1351318359375,878.4194946289062
1790704532.6017523,0,0,774.7857666015625,791.2355346679688,830.715087890625,845.5198974609375
1790704532.6126347,0,0,774.7857666015625,771.4957885742188,832.3600463867188,842.2299194335938
1790704532.6235187,0,0,853.7448120117188,787.945556640625,830.715087890625,893.2243041992188
1790704532.6342802,0,0,774.7857666015625,792.8805541992188,829.070068359375,837.2949829101562
1790704532.6449614,0,0,748.466064453125,769.850830078125,822.4901733398438,817.5552368164062
1790704532.655806,0,0,827.4251098632812,804.3953857421875,819.2001953125,850.454833984375
1790704532.6668563,0,0,827.4251098632812,804.3953857421875,819.2001953125,850.454833984375
1790704532.677647,0,0,827.4251098632812,804.3953857421875,819.2001953125,850.454833984375
1790704532.688537,0,0,827.4251098632812,804.3953857421875,819.2001953125,850.454833984375
1790704532.6997035,0,0,827.4251098632812,804.3953857421875,819.2001953125,850.454833984375
1790704532.7105258,0,0,801.1054077148438,787.945556640625,827.4251098632812,843.8749389648438
1790704532.7216058,0,0,748.466064453125,792.8805541992188,825.7801513671875,804.3953857421875
1790704532.732746,0,0,774.7857666015625,786.3005981445312,825.7801513671875,827.4251098632812
1790704532.7436392,0,0,761.6259155273438,776.4307250976562,829.070068359375,834.0050048828125
1790704532.7544665,0,0,774.7857666015625,791.2355346679688,835.6500244140625,840.5849609375
1790704532.765162,0,0,774.7857666015625,791.2355346679688,835.6500244140625,840.5849609375
1790704532.776292,0,0,774.7857666015625,791.2355346679688,835.6500244140625,840.5849609375
1790704532.7870858,0,0,774.7857666015625,791.2355346679688,835.6500244140625,840.5849609375
1790704532.7979085,0,0,774.7857666015625,791.2355346679688,835.6500244140625,840.5849609375
1790704532.8089418,0,0,643.1873168945312,773.1407470703125,829.070068359375,801.1054077148438
1790704532.8200276,0,0,682.6668701171875,787.945556640625,829.070068359375,837.2949829101562
1790704532.8305035,0,0,656.34716796875,771.4957885742188,829.070068359375,827.4251098632812
1790704532.8414285,0,0,656.34716796875,768.205810546875,827.4251098632812,827.4251098632812
1790704532.852418,0,0,708.9865112304688,796.1704711914062,824.1351318359375,847.1648559570312
1790704532.8631577,0,0,708.9865112304688,796.1704711914062,824.1351318359375,847.1648559570312
1790704532.8742166,0,0,708.9865112304688,796.1704711914062,824.1351318359375,847.1648559570312
1790704532.884679,0,0,708.9865112304688,796.1704711914062,824.1351318359375,847.1648559570312
1790704532.895321,0,0,708.9865112304688,796.1704711914062,824.1351318359375,847.1648559570312
1790704532.9062307,0,0,708.9865112304688,796.1704711914062,824.1351318359375,847.1648559570312
1790704532.9167047,0,0,761.6259155273438,789.590576171875,829.070068359375,880.064453125
1790704532.9276469,0,0,577.3881225585938,787.945556640625,830.715087890625,820.84521484375
1790704532.9387162,0,0,603.707763671875,786.3005981445312,827.4251098632812,873.4845581054688
1790704532.949632,0,0,472.1093444824219,783.0106201171875,830.715087890625,787.945556640625
1790704532.9602666,0,0,458.94952392578125,781.3656616210938,840.5849609375,804.3953857421875
1790704532.9710066,0,0,498.4290466308594,768.205810546875,842.2299194335938,834.0050048828125
1790704532.981827,0,0,498.4290466308594,768.205810546875,842.2299194335938,834.0050048828125
1790704532.9927094,0,0,498.4290466308594,768.205810546875,842.2299194335938,834.0050048828125
1790704533.0039854,0,0,498.4290466308594,768.205810546875,842.2299194335938,834.0050048828125
1790704533.01465,0,0,498.4290466308594,768.205810546875,842.2299194335938,834.0050048828125
1790704533.0260766,0,0,301.0314025878906,753.4010009765625,870.194580078125,651.4122314453125
1790704533.0368814,0,0,340.51092529296875,769.850830078125,857.0347290039062,677.7318725585938
1790704533.04808,0,0,445.7896728515625,763.2708740234375,838.9400024414062,759.9808959960938
1790704533.0591714,0,0,445.7896728515625,763.2708740234375,838.9400024414062,759.9808959960938
1790704533.0700855,0,0,445.7896728515625,763.2708740234375,838.9400024414062,759.9808959960938
1790704533.081175,0,0,445.7896728515625,763.2708740234375,838.9400024414062,759.9808959960938
1790704533.0919952,0,0,445.7896728515625,763.2708740234375,838.9400024414062,759.9808959960938
1790704533.1025257,0,0,445.7896728515625,763.2708740234375,838.9400024414062,759.9808959960938
1790704533.1136806,0,0,498.4290466308594,768.205810546875,838.9400024414062,789.590576171875
1790704533.1243203,0,0,838.9400024414062,750.1110229492188,829.070068359375,820.84521484375
1790704533.1349514,0,0,838.9400024414062,750.1110229492188,829.070068359375,820.84521484375
1790704533.1458523,0,0,917.8990478515625,758.3359375,822.4901733398438,880.064453125
1790704533.156769,0,0,865.2596435546875,755.0459594726562,806.0403442382812,840.5849609375
1790704533.1676192,0,0,865.2596435546875,755.0459594726562,806.0403442382812,840.5849609375
1790704533.1786325,0,0,891.579345703125,759.9808959960938,807.6853637695312,857.0347290039062
1790704533.1901417,0,0,944.2186889648438,771.4957885742188,806.0403442382812,881.70947265625
1790704533.200805,0,0,944.2186889648438,771.4957885742188,806.0403442382812,881.70947265625
1790704533.211392,0,0,944.2186889648438,771.4957885742188,806.0403442382812,881.70947265625
1790704533.2223234,0,0,944.2186889648438,771.4957885742188,806.0403442382812,881.70947265625
1790704533.2330332,0,0,944.2186889648438,771.4957885742188,806.0403442382812,881.70947265625
1790704533.2441182,0,0,944.2186889648438,771.4957885742188,806.0403442382812,881.70947265625
1790704533.2549622,0,0,983.6982421875,802.7504272460938,815.9102783203125,863.6146850585938
1790704533.2659886,0,0,983.6982421875,802.7504272460938,815.9102783203125,863.6146850585938
1790704533.2766871,0,0,983.6982421875,802.7504272460938,815.9102783203125,863.6146850585938
1790704533.2872944,0,0,983.6982421875,802.7504272460938,815.9102783203125,863.6146850585938
1790704533.2980056,1,0,983.6982421875,802.7504272460938,815.9102783203125,863.6146850585938
1790704533.3089821,1,0,931.0588989257812,771.4957885742188,830.715087890625,843.8749389648438
1790704533.3203642,1,0,931.0588989257812,778.07568359375,852.0997924804688,847.1648559570312
1790704533.331681,1,0,931.0588989257812,758.3359375,865.2596435546875,870.194580078125
1790704533.342558,1,0,917.8990478515625,787.945556640625,853.7448120117188,850.454833984375
1790704533.35318,1,0,970.5383911132812,764.9158325195312,847.1648559570312,883.3544311523438
1790704533.3640728,1,0,970.5383911132812,764.9158325195312,847.1648559570312,883.3544311523438
1790704533.374959,1,0,970.5383911132812,764.9158325195312,847.1648559570312,883.3544311523438
1790704533.3861253,1,0,970.5383911132812,764.9158325195312,847.1648559570312,883.3544311523438
1790704533.3968737,1,0,970.5383911132812,764.9158325195312,847.1648559570312,883.3544311523438
1790704533.4077392,1,0,970.5383911132812,764.9158325195312,847.1648559570312,883.3544311523438
1790704533.4184654,1,0,904.7391967773438,768.205810546875,848.8098754882812,834.0050048828125
1790704533.42928,1,0,904.7391967773438,778.07568359375,845.5198974609375,847.1648559570312
1790704533.4400253,1,0,878.4194946289062,773.1407470703125,832.3600463867188,814.2652587890625
1790704533.450914,1,0,957.3785400390625,778.07568359375,834.0050048828125,876.7745361328125
1790704533.4616265,1,0,957.3785400390625,778.07568359375,834.0050048828125,876.7745361328125
1790704533.4721413,1,0,957.3785400390625,778.07568359375,834.0050048828125,876.7745361328125
1790704533.4833207,1,0,957.3785400390625,778.07568359375,834.0050048828125,876.7745361328125
1790704533.4939032,1,0,957.3785400390625,778.07568359375,834.0050048828125,876.7745361328125
1790704533.5051136,1,0,957.3785400390625,778.07568359375,834.0050048828125,876.7745361328125
1790704533.5162506,1,0,983.6982421875,796.1704711914062,827.4251098632812,876.7745361328125
1790704533.527327,1,0,878.4194946289062,764.9158325195312,832.3600463867188,820.84521484375
1790704533.537903,1,0,878.4194946289062,764.9158325195312,832.3600463867188,820.84521484375
1790704533.5484946,1,0,957.3785400390625,784.6556396484375,830.715087890625,880.064453125
1790704533.5594037,1,0,957.3785400390625,791.2355346679688,830.715087890625,843.8749389648438
1790704533.570279,1,0,957.3785400390625,791.2355346679688,830.715087890625,843.8749389648438
1790704533.581124,1,0,957.3785400390625,791.2355346679688,830.715087890625,843.8749389648438
1790704533.5918157,1,0,957.3785400390625,791.2355346679688,830.715087890625,843.8749389648438
1790704533.6030262,1,0,957.3785400390625,791.2355346679688,830.715087890625,843.8749389648438
1790704533.6142647,1,0,983.6982421875,783.0106201171875,834.0050048828125,873.4845581054688
1790704533.6248422,1,0,904.7391967773438,779.720703125,829.070068359375,817.5552368164062
1790704533.635953,1,0,838.9400024414062,766.5608520507812,829.070068359375,797.8154907226562
1790704533.6469219,1,0,852.0997924804688,779.720703125,830.715087890625,840.5849609375
1790704533.6579223,1,0,865.2596435546875,796.1704711914062,829.070068359375,824.1351318359375
1790704533.6691852,1,0,852.0997924804688,802.7504272460938,822.4901733398438,824.1351318359375
1790704533.6803808,1,0,852.0997924804688,802.7504272460938,822.4901733398438,824.1351318359375
1790704533.6914043,1,0,852.0997924804688,802.7504272460938,822.4901733398438,824.1351318359375
1790704533.7019787,1,0,852.0997924804688,802.7504272460938,822.4901733398438,824.1351318359375
1790704533.712633,1,0,852.0997924804688,802.7504272460938,822.4901733398438,824.1351318359375
1790704533.7234755,1,0,852.0997924804688,802.7504272460938,822.4901733398438,824.1351318359375
1790704533.7340827,1,0,827.4251098632812,776.4307250976562,829.070068359375,830.715087890625
1790704533.7450602,1,0,919.5440063476562,778.07568359375,825.7801513671875,888.2893676757812
1790704533.7556856,1,0,827.4251098632812,787.945556640625,820.84521484375,832.3600463867188
1790704533.7665505,1,0,880.064453125,794.5255126953125,820.84521484375,858.6797485351562
1790704533.77717,1,0,880.064453125,794.5255126953125,820.84521484375,858.6797485351562
1790704533.7881541,1,0,880.064453125,794.5255126953125,820.84521484375,858.6797485351562
1790704533.799047,1,0,880.064453125,794.5255126953125,820.84521484375,858.6797485351562
1790704533.8099537,1,0,880.064453125,794.5255126953125,820.84521484375,858.6797485351562
1790704533.8208017,1,0,880.064453125,794.5255126953125,820.84521484375,858.6797485351562
1790704533.8315363,1,0,801.1054077148438,791.2355346679688,822.4901733398438,822.4901733398438
1790704533.8424473,1,0,748.466064453125,781.3656616210938,827.4251098632812,799.46044921875
1790704533.8530858,1,0,748.466064453125,781.3656616210938,827.4251098632812,799.46044921875
1790704533.8642468,1,0,748.466064453125,781.3656616210938,827.4251098632812,799.46044921875
1790704533.8751533,1,0,814.2652587890625,787.945556640625,820.84521484375,835.6500244140625
1790704533.8858504,1,1,814.2652587890625,787.945556640625,820.84521484375,835.6500244140625
1790704533.8965275,1,1,814.2652587890625,787.945556640625,820.84521484375,835.6500244140625
1790704533.9073198,1,1,814.2652587890625,787.945556640625,820.84521484375,835.6500244140625
1790704533.9183564,1,1,814.2652587890625,787.945556640625,820.84521484375,835.6500244140625
1790704533.929405,1,1,853.7448120117188,815.9102783203125,820.84521484375,855.3897705078125
1790704533.9405181,1,1,853.7448120117188,814.2652587890625,819.2001953125,858.6797485351562
1790704533.951208,1,1,748.466064453125,786.3005981445312,824.1351318359375,807.6853637695312
1790704533.9619944,1,1,801.1054077148438,787.945556640625,825.7801513671875,840.5849609375
1790704533.9730353,1,1,801.1054077148438,787.945556640625,825.7801513671875,840.5849609375
1790704533.9839458,1,1,801.1054077148438,787.945556640625,825.7801513671875,840.5849609375
1790704533.9948084,1,1,801.1054077148438,787.945556640625,825.7801513671875,840.5849609375
1790704534.0061457,1,1,801.1054077148438,787.945556640625,825.7801513671875,840.5849609375
1790704534.0173995,1,1,801.1054077148438,787.945556640625,825.7801513671875,840.5849609375
1790704534.0283518,1,1,801.1054077148438,787.945556640625,825.7801513671875,840.5849609375
1790704534.0394466,1,1,695.82666015625,794.5255126953125,824.1351318359375,778.07568359375
1790704534.0501037,1,1,801.1054077148438,807.6853637695312,825.7801513671875,853.7448120117188
1790704534.0608485,1,1,735.3062133789062,791.2355346679688,822.4901733398438,847.1648559570312
1790704534.0715208,1,1,682.6668701171875,804.3953857421875,822.4901733398438,827.4251098632812
1790704534.0824926,1,1,643.1873168945312,797.8154907226562,829.070068359375,801.1054077148438
1790704534.0931637,1,1,616.8676147460938,794.5255126953125,825.7801513671875,797.8154907226562
1790704534.1041381,1,1,669.5070190429688,799.46044921875,819.2001953125,827.4251098632812
1790704534.1146462,1,1,669.5070190429688,799.46044921875,819.2001953125,827.4251098632812
1790704534.1255593,1,1,669.5070190429688,799.46044921875,819.2001953125,827.4251098632812
1790704534.1367798,1,1,669.5070190429688,799.46044921875,819.2001953125,827.4251098632812
1790704534.1477542,1,1,669.5070190429688,799.46044921875,819.2001953125,827.4251098632812
1790704534.1588457,1,1,669.5070190429688,799.46044921875,819.2001953125,827.4251098632812
1790704534.1700447,1,1,616.8676147460938,778.07568359375,825.7801513671875,817.5552368164062
1790704534.1815045,1,1,669.5070190429688,799.46044921875,820.84521484375,834.0050048828125
1790704534.1926591,1,1,590.5479125976562,776.4307250976562,829.070068359375,824.1351318359375
1790704534.2034721,1,1,537.9085693359375,783.0106201171875,827.4251098632812,787.945556640625
1790704534.2144608,1,1,577.3881225585938,807.6853637695312,832.3600463867188,791.2355346679688
1790704534.2254221,1,1,551.0684204101562,792.8805541992188,830.715087890625,787.945556640625
1790704534.2361977,1,1,810.9752807617188,791.2355346679688,835.6500244140625,812.6203002929688
1790704534.246771,1,1,889.9343872070312,783.0106201171875,830.715087890625,868.5496215820312
1790704534.2578087,1,1,889.9343872070312,783.0106201171875,830.715087890625,868.5496215820312
1790704534.2686853,1,1,889.9343872070312,783.0106201171875,830.715087890625,868.5496215820312
1790704534.2792556,1,1,889.9343872070312,783.0106201171875,830.715087890625,868.5496215820312
1790704534.290272,1,1,889.9343872070312,783.0106201171875,830.715087890625,868.5496215820312
1790704534.3011203,1,1,889.9343872070312,783.0106201171875,830.715087890625,868.5496215820312
1790704534.3118412,1,1,784.6556396484375,784.6556396484375,827.4251098632812,809.330322265625
1790704534.322416,1,1,916.2540283203125,802.7504272460938,832.3600463867188,881.70947265625
1790704534.3329444,1,1,863.6146850585938,807.6853637695312,834.0050048828125,878.4194946289062
1790704534.3436856,1,1,982.0532836914062,740.2411499023438,842.2299194335938,1023.1777954101562
1790704534.3542664,1,1,508.2989196777344,1516.671875,605.352783203125,575.7431030273438
1790704534.365062,1,1,587.2579956054688,1681.169921875,868.5496215820312,654.7021484375
1790704534.3760011,1,0,587.2579956054688,1681.169921875,868.5496215820312,654.7021484375
1790704534.3872178,1,0,587.2579956054688,1681.169921875,868.5496215820312,654.7021484375
1790704534.3977132,1,0,587.2579956054688,1681.169921875,868.5496215820312,654.7021484375
1790704534.4082997,1,0,587.2579956054688,1681.169921875,868.5496215820312,654.7021484375
1790704534.4188876,1,0,587.2579956054688,1681.169921875,868.5496215820312,654.7021484375
1790704534.4301107,1,0,403.0201721191406,1654.8502197265625,1232.09033203125,342.1559143066406
1790704534.4408586,1,0,560.9382934570312,1654.8502197265625,1213.9954833984375,552.71337890625
1790704534.4516065,1,0,560.9382934570312,1654.8502197265625,1213.9954833984375,552.71337890625
1790704534.46371,1,0,560.9382934570312,1654.8502197265625,1213.9954833984375,552.71337890625
1790704534.4746752,1,0,560.9382934570312,1654.8502197265625,1213.9954833984375,552.71337890625
1790704534.485543,1,0,560.9382934570312,1654.8502197265625,1213.9954833984375,552.71337890625
1790704534.4963377,1,0,534.6185913085938,1653.2052001953125,1210.70556640625,579.0330810546875
1790704534.5069988,1,0,745.1760864257812,1653.2052001953125,1138.326416015625,802.7504272460938
1790704534.5174716,1,0,666.217041015625,1654.8502197265625,1118.586669921875,802.7504272460938
1790704534.5279813,1,0,666.217041015625,1653.2052001953125,967.2484130859375,710.6315307617188
1790704534.5386167,1,0,771.4957885742188,1653.2052001953125,967.2484130859375,776.4307250976562
1790704534.5497448,1,0,718.8563842773438,1643.3353271484375,986.9882202148438,740.2411499023438
1790704534.5604882,1,0,771.4957885742188,1597.27587890625,950.7986450195312,783.0106201171875
1790704534.5713997,1,0,771.4957885742188,1597.27587890625,950.7986450195312,783.0106201171875
1790704534.5820067,1,0,771.4957885742188,1597.27587890625,950.7986450195312,783.0106201171875
1790704534.5928771,1,0,771.4957885742188,1597.27587890625,950.7986450195312,783.0106201171875
1790704534.603807,1,0,771.4957885742188,1597.27587890625,950.7986450195312,783.0106201171875
1790704534.6145227,1,0,745.1760864257812,1084.0419921875,903.09423828125,944.2186889648438
1790704534.6253588,1,0,692.5367431640625,893.2243041992188,904.7391967773438,973.828369140625
1790704534.6359253,1,0,692.5367431640625,781.3656616210938,906.3841552734375,931.0588989257812
1790704534.6465375,1,0,692.5367431640625,781.3656616210938,906.3841552734375,931.0588989257812
1790704534.6574812,1,0,692.5367431640625,781.3656616210938,906.3841552734375,931.0588989257812
1790704534.6679478,1,0,692.5367431640625,781.3656616210938,906.3841552734375,931.0588989257812
1790704534.6786206,1,0,692.5367431640625,781.3656616210938,906.3841552734375,931.0588989257812
1790704534.6895223,1,0,692.5367431640625,781.3656616210938,906.3841552734375,931.0588989257812
1790704534.6999793,1,0,613.5776977539062,577.3881225585938,903.09423828125,832.3600463867188
1790704534.7104735,1,0,587.2579956054688,529.6836547851562,899.8042602539062,806.0403442382812
1790704534.7210295,1,0,666.217041015625,363.5406494140625,903.09423828125,815.9102783203125
1790704534.732023,1,0,613.5776977539062,261.5518798828125,891.579345703125,736.951171875
1790704534.7427957,1,0,639.8973388671875,197.39764404296875,899.8042602539062,759.9808959960938
1790704534.7538164,1,0,639.8973388671875,197.39764404296875,899.8042602539062,759.9808959960938
1790704534.764918,1,0,639.8973388671875,197.39764404296875,899.8042602539062,759.9808959960938
1790704534.775931,1,0,639.8973388671875,197.39764404296875,899.8042602539062,759.9808959960938
1790704534.786537,1,0,639.8973388671875,197.39764404296875,899.8042602539062,759.9808959960938
1790704534.797104,1,0,639.8973388671875,197.39764404296875,899.8042602539062,759.9808959960938
1790704534.808071,1,0,534.6185913085938,177.6578826904297,891.579345703125,692.5367431640625
1790704534.8185117,1,0,587.2579956054688,184.23779296875,876.7745361328125,689.2467651367188
1790704534.8294988,1,0,653.0571899414062,222.0723419189453,860.32470703125,713.9214477539062
1790704534.840059,1,0,560.9382934570312,268.1318054199219,860.32470703125,662.9270629882812
1790704534.8507953,1,0,967.2484130859375,154.62815856933594,815.9102783203125,899.8042602539062
1790704534.8612342,1,0,1046.20751953125,143.11329650878906,815.9102783203125,959.0235595703125
1790704534.8719473,1,0,967.2484130859375,192.46270751953125,806.0403442382812,919.5440063476562
1790704534.8826787,1,0,967.2484130859375,192.46270751953125,806.0403442382812,919.5440063476562
1790704534.8932905,1,0,967.2484130859375,192.46270751953125,806.0403442382812,919.5440063476562
1790704534.904389,1,0,967.2484130859375,192.46270751953125,806.0403442382812,919.5440063476562
1790704534.9152985,1,0,967.2484130859375,192.46270751953125,806.0403442382812,919.5440063476562
1790704534.926484,1,0,967.2484130859375,192.46270751953125,806.0403442382812,919.5440063476562
1790704534.9376395,1,0,888.2893676757812,231.94223022460938,799.46044921875,860.32470703125
1790704534.9485147,1,0,875.1295166015625,325.70611572265625,787.945556640625,857.0347290039062
1790704534.959465,1,0,954.088623046875,406.3101501464844,778.07568359375,909.6741333007812
1790704534.970606,1,0,888.2893676757812,404.6651611328125,789.590576171875,876.7745361328125
1790704534.981905,1,0,888.2893676757812,404.6651611328125,789.590576171875,876.7745361328125
1790704534.9928331,1,0,888.2893676757812,404.6651611328125,789.590576171875,876.7745361328125
1790704535.0038023,1,0,888.2893676757812,404.6651611328125,789.590576171875,876.7745361328125
1790704535.0143123,1,0,888.2893676757812,404.6651611328125,789.590576171875,876.7745361328125
1790704535.0248535,1,0,901.44921875,437.56475830078125,784.6556396484375,876.7745361328125
1790704535.0356882,1,0,796.1704711914062,430.98486328125,792.8805541992188,830.715087890625
1790704535.0467138,1,0,901.44921875,454.01458740234375,789.590576171875,893.2243041992188
1790704535.0576997,1,0,901.44921875,546.1334838867188,787.945556640625,886.6444091796875
1790704535.0688646,1,0,743.5311279296875,552.71337890625,786.3005981445312,801.1054077148438
1790704535.0797453,1,0,822.4901733398438,585.6129760742188,784.6556396484375,850.454833984375
1790704535.090593,1,0,822.4901733398438,585.6129760742188,784.6556396484375,850.454833984375
1790704535.1011176,1,0,822.4901733398438,585.6129760742188,784.6556396484375,850.454833984375
1790704535.111708,1,0,822.4901733398438,585.6129760742188,784.6556396484375,850.454833984375
1790704535.1228375,1,0,822.4901733398438,585.6129760742188,784.6556396484375,850.454833984375
1790704535.1336584,1,0,822.4901733398438,585.6129760742188,784.6556396484375,850.454833984375
1790704535.144488,1,0,848.8098754882812,598.7728271484375,786.3005981445312,870.194580078125
1790704535.1553416,1,0,730.3712768554688,625.092529296875,806.0403442382812,824.1351318359375
1790704535.1659083,1,0,677.7318725585938,636.607421875,801.1054077148438,797.8154907226562
1790704535.177056,1,0,769.850830078125,657.9921264648438,797.8154907226562,850.454833984375
1790704535.1879153,1,0,769.850830078125,657.9921264648438,797.8154907226562,850.454833984375
1790704535.1985586,1,0,769.850830078125,657.9921264648438,797.8154907226562,850.454833984375
1790704535.2092254,1,0,769.850830078125,657.9921264648438,797.8154907226562,850.454833984375
1790704535.2199934,1,0,769.850830078125,657.9921264648438,797.8154907226562,850.454833984375
1790704535.2306433,1,0,664.5720825195312,654.7021484375,804.3953857421875,797.8154907226562
1790704535.2418008,1,0,690.8917236328125,653.0571899414062,802.7504272460938,817.5552368164062
1790704535.2531223,1,0,756.6909790039062,672.7969360351562,797.8154907226562,837.2949829101562
1790704535.2643483,1,0,730.3712768554688,653.0571899414062,802.7504272460938,801.1054077148438
1790704535.2754965,1,0,835.6500244140625,667.8619995117188,810.9752807617188,853.7448120117188
1790704535.2861087,1,0,835.6500244140625,667.8619995117188,810.9752807617188,853.7448120117188
1790704535.2967682,1,0,835.6500244140625,667.8619995117188,810.9752807617188,853.7448120117188
1790704535.307309,1,0,835.6500244140625,667.8619995117188,810.9752807617188,853.7448120117188
1790704535.3179018,1,0,835.6500244140625,667.8619995117188,810.9752807617188,853.7448120117188
1790704535.3284266,1,0,835.6500244140625,667.8619995117188,810.9752807617188,853.7448120117188
1790704535.33895,1,0,730.3712768554688,674.4419555664062,809.330322265625,801.1054077148438
1790704535.349532,1,0,835.6500244140625,692.5367431640625,806.0403442382812,866.9046630859375
1790704535.360243,1,0,743.5311279296875,685.956787109375,804.3953857421875,810.9752807617188
1790704535.3712578,1,0,704.0515747070312,695.82666015625,814.2652587890625,784.6556396484375
1790704535.381919,1,0,796.1704711914062,705.6965942382812,809.330322265625,847.1648559570312
1790704535.3927722,1,0,796.1704711914062,705.6965942382812,809.330322265625,847.1648559570312
1790704535.4032092,1,0,796.1704711914062,705.6965942382812,809.330322265625,847.1648559570312
1790704535.41442,1,0,796.1704711914062,705.6965942382812,809.330322265625,847.1648559570312
1790704535.4258218,1,0,690.8917236328125,692.5367431640625,814.2652587890625,787.945556640625
1790704535.436481,1,0,730.3712768554688,700.7615966796875,817.5552368164062,807.6853637695312
1790704535.4473023,1,0,769.850830078125,708.9865112304688,810.9752807617188,827.4251098632812
1790704535.458173,1,0,825.7801513671875,725.4363403320312,810.9752807617188,809.330322265625
1790704535.46887,1,0,931.0588989257812,728.726318359375,815.9102783203125,875.1295166015625
1790704535.4796908,1,0,878.4194946289062,722.1463623046875,809.330322265625,855.3897705078125
1790704535.4903018,1,0,878.4194946289062,722.1463623046875,809.330322265625,855.3897705078125
1790704535.5011308,1,0,878.4194946289062,722.1463623046875,809.330322265625,855.3897705078125
1790704535.5116823,1,0,878.4194946289062,722.1463623046875,809.330322265625,855.3897705078125
1790704535.523067,1,0,878.4194946289062,722.1463623046875,809.330322265625,855.3897705078125
1790704535.5341284,1,0,878.4194946289062,722.1463623046875,809.330322265625,855.3897705078125
1790704535.545056,1,0,825.7801513671875,728.726318359375,817.5552368164062,829.070068359375
1790704535.5562963,1,0,773.1407470703125,741.8861083984375,810.9752807617188,802.7504272460938
1790704535.5671487,1,0,694.1817016601562,718.8563842773438,812.6203002929688,783.0106201171875
1790704535.5777888,1,0,812.6203002929688,736.951171875,810.9752807617188,855.3897705078125
1790704535.5888202,1,0,667.8619995117188,753.4010009765625,804.3953857421875,756.6909790039062
1790704535.5998287,1,0,707.341552734375,763.2708740234375,802.7504272460938,783.0106201171875
1790704535.6104252,1,0,720.5014038085938,758.3359375,806.0403442382812,784.6556396484375
1790704535.6211696,1,0,753.4010009765625,745.1760864257812,810.9752807617188,824.1351318359375
1790704535.6318166,1,0,753.4010009765625,745.1760864257812,810.9752807617188,824.1351318359375
1790704535.6423285,1,0,753.4010009765625,745.1760864257812,810.9752807617188,824.1351318359375
1790704535.6532218,1,0,753.4010009765625,745.1760864257812,810.9752807617188,824.1351318359375
1790704535.6640487,1,0,753.4010009765625,745.1760864257812,810.9752807617188,824.1351318359375
1790704535.6748745,1,0,753.4010009765625,745.1760864257812,810.9752807617188,824.1351318359375
1790704535.6856663,1,0,753.4010009765625,745.1760864257812,810.9752807617188,824.1351318359375
1790704535.6964345,1,0,753.4010009765625,745.1760864257812,810.9752807617188,824.1351318359375
1790704535.707004,1,0,654.7021484375,745.1760864257812,810.9752807617188,776.4307250976562
1790704535.7179031,1,0,621.8025512695312,776.4307250976562,804.3953857421875,748.466064453125
1790704535.7284198,1,0,628.3825073242188,759.9808959960938,814.2652587890625,771.4957885742188
1790704535.7390556,1,0,628.3825073242188,759.9808959960938,814.2652587890625,771.4957885742188
1790704535.749888,1,0,575.7431030273438,756.6909790039062,817.5552368164062,758.3359375
1790704535.760351,1,0,549.4234619140625,773.1407470703125,817.5552368164062,732.0162353515625
1790704535.7713404,1,0,628.3825073242188,771.4957885742188,820.84521484375,791.2355346679688
1790704535.7823355,1,1,628.3825073242188,771.4957885742188,820.84521484375,791.2355346679688
1790704535.7930653,1,1,628.3825073242188,771.4957885742188,820.84521484375,791.2355346679688
1790704535.8037078,1,1,628.3825073242188,771.4957885742188,820.84521484375,791.2355346679688
1790704535.814671,1,1,628.3825073242188,771.4957885742188,820.84521484375,791.2355346679688
1790704535.8251882,1,1,628.3825073242188,771.4957885742188,820.84521484375,791.2355346679688
1790704535.835807,1,1,628.3825073242188,771.4957885742188,820.84521484375,791.2355346679688
1790704535.8463786,1,1,523.103759765625,781.3656616210938,819.2001953125,732.0162353515625
1790704535.8572407,1,1,523.103759765625,779.720703125,822.4901733398438,718.8563842773438
1790704535.867901,1,1,628.3825073242188,797.8154907226562,822.4901733398438,778.07568359375
1790704535.87841,0,1,549.4234619140625,766.5608520507812,820.84521484375,722.1463623046875
1790704535.8893492,0,1,602.0628051757812,774.7857666015625,820.84521484375,764.9158325195312
1790704535.9009385,0,1,602.0628051757812,774.7857666015625,820.84521484375,764.9158325195312
1790704535.911468,0,1,602.0628051757812,774.7857666015625,820.84521484375,764.9158325195312
1790704535.9224896,0,1,602.0628051757812,774.7857666015625,820.84521484375,764.9158325195312
1790704535.933471,0,1,615.22265625,784.6556396484375,820.84521484375,771.4957885742188
1790704535.9444654,0,1,483.62420654296875,751.7560424804688,829.070068359375,712.2764892578125
1790704535.955385,0,1,575.7431030273438,802.7504272460938,817.5552368164062,761.6259155273438
1790704535.9660654,0,1,457.3045349121094,786.3005981445312,824.1351318359375,702.4066162109375
1790704535.9772801,0,1,437.56475830078125,776.4307250976562,820.84521484375,699.1166381835938
1790704535.987762,0,1,542.843505859375,787.945556640625,822.4901733398438,748.466064453125
1790704535.998813,0,1,542.843505859375,787.945556640625,822.4901733398438,748.466064453125
1790704536.0094423,0,1,542.843505859375,787.945556640625,822.4901733398438,748.466064453125
1790704536.0203183,0,1,542.843505859375,787.945556640625,822.4901733398438,748.466064453125
1790704536.0310254,0,1,542.843505859375,787.945556640625,822.4901733398438,748.466064453125
1790704536.0420215,0,1,881.70947265625,791.2355346679688,815.9102783203125,853.7448120117188
1790704536.0530584,0,1,802.7504272460938,766.5608520507812,819.2001953125,837.2949829101562
1790704536.0637226,0,1,855.3897705078125,802.7504272460938,809.330322265625,857.0347290039062
1790704536.074229,0,0,855.3897705078125,802.7504272460938,809.330322265625,857.0347290039062
1790704536.0851967,0,0,855.3897705078125,802.7504272460938,809.330322265625,857.0347290039062
1790704536.095861,0,0,855.3897705078125,802.7504272460938,809.330322265625,857.0347290039062
1790704536.1072383,0,0,855.3897705078125,802.7504272460938,809.330322265625,857.0347290039062
1790704536.1182537,0,0,855.3897705078125,802.7504272460938,809.330322265625,857.0347290039062
1790704536.1292684,0,0,776.4307250976562,753.4010009765625,824.1351318359375,847.1648559570312
1790704536.1406336,0,0,750.1110229492188,768.205810546875,822.4901733398438,827.4251098632812
1790704536.1517646,0,0,723.7913208007812,779.720703125,822.4901733398438,827.4251098632812
1790704536.1626828,0,0,750.1110229492188,794.5255126953125,815.9102783203125,820.84521484375
1790704536.1738877,0,0,723.7913208007812,779.720703125,825.7801513671875,820.84521484375
1790704536.1845329,0,0,776.4307250976562,779.720703125,824.1351318359375,860.32470703125
1790704536.1950974,0,0,776.4307250976562,779.720703125,824.1351318359375,860.32470703125
1790704536.2063105,0,0,776.4307250976562,779.720703125,824.1351318359375,860.32470703125
1790704536.2176535,0,0,776.4307250976562,779.720703125,824.1351318359375,860.32470703125
1790704536.2281651,0,0,776.4307250976562,779.720703125,824.1351318359375,860.32470703125
1790704536.2390757,0,0,776.4307250976562,779.720703125,824.1351318359375,860.32470703125
1790704536.2504337,0,0,697.4716796875,779.720703125,817.5552368164062,824.1351318359375
1790704536.2608802,0,0,710.6315307617188,787.945556640625,819.2001953125,814.2652587890625
1790704536.2714527,0,0,684.3118286132812,771.4957885742188,824.1351318359375,814.2652587890625
1790704536.2823582,0,0,736.951171875,789.590576171875,819.2001953125,840.5849609375
1790704536.2935371,0,0,736.951171875,789.590576171875,819.2001953125,840.5849609375
1790704536.3047469,0,0,736.951171875,789.590576171875,819.2001953125,840.5849609375
1790704536.315744,0,0,736.951171875,789.590576171875,819.2001953125,840.5849609375
1790704536.3265295,0,0,736.951171875,789.590576171875,819.2001953125,840.5849609375
1790704536.3371782,0,0,671.1519775390625,778.07568359375,820.84521484375,814.2652587890625
1790704536.3482053,0,0,723.7913208007812,802.7504272460938,822.4901733398438,834.0050048828125
1790704536.3592877,0,0,671.1519775390625,794.5255126953125,820.84521484375,810.9752807617188
1790704536.3704398,0,0,539.5535278320312,769.850830078125,827.4251098632812,771.4957885742188
1790704536.3815594,0,0,565.8732299804688,792.8805541992188,817.5552368164062,771.4957885742188
1790704536.3924656,0,0,618.5126342773438,812.6203002929688,814.2652587890625,804.3953857421875
1790704536.4029853,0,0,618.5126342773438,812.6203002929688,814.2652587890625,804.3953857421875
1790704536.4136682,0,0,618.5126342773438,812.6203002929688,814.2652587890625,804.3953857421875
1790704536.4243572,0,0,618.5126342773438,812.6203002929688,814.2652587890625,804.3953857421875
1790704536.4349964,0,0,618.5126342773438,812.6203002929688,814.2652587890625,804.3953857421875
1790704536.4455943,0,0,618.5126342773438,812.6203002929688,814.2652587890625,804.3953857421875
1790704536.456094,0,0,513.23388671875,783.0106201171875,824.1351318359375,784.6556396484375
1790704536.4668896,0,0,539.5535278320312,764.9158325195312,822.4901733398438,810.9752807617188
1790704536.478081,0,0,394.7952880859375,794.5255126953125,815.9102783203125,784.6556396484375
1790704536.488996,0,0,460.594482421875,799.46044921875,820.84521484375,817.5552368164062
1790704536.4996557,0,0,460.594482421875,799.46044921875,820.84521484375,817.5552368164062
1790704536.5105119,0,0,460.594482421875,799.46044921875,820.84521484375,817.5552368164062
1790704536.5211067,0,0,460.594482421875,799.46044921875,820.84521484375,817.5552368164062
1790704536.5319836,0,0,460.594482421875,799.46044921875,820.84521484375,817.5552368164062
1790704536.5431483,0,0,460.594482421875,799.46044921875,820.84521484375,817.5552368164062
1790704536.553688,0,0,394.7952880859375,783.0106201171875,820.84521484375,804.3953857421875
1790704536.5646777,0,0,447.4346618652344,797.8154907226562,822.4901733398438,837.2949829101562
1790704536.5752223,0,0,407.95513916015625,781.3656616210938,825.7801513671875,817.5552368164062
1790704536.5857182,0,0,447.4346618652344,801.1054077148438,822.4901733398438,834.0050048828125
1790704536.596437,0,0,447.4346618652344,789.590576171875,819.2001953125,840.5849609375
1790704536.607184,0,0,434.2748107910156,787.945556640625,820.84521484375,820.84521484375
1790704536.618033,0,0,434.2748107910156,787.945556640625,820.84521484375,820.84521484375
1790704536.6294994,0,0,434.2748107910156,787.945556640625,820.84521484375,820.84521484375
1790704536.6404362,0,0,434.2748107910156,787.945556640625,820.84521484375,820.84521484375
1790704536.6514323,0,0,434.2748107910156,787.945556640625,820.84521484375,820.84521484375
1790704536.6622775,0,0,434.2748107910156,787.945556640625,820.84521484375,820.84521484375
1790704536.673248,0,0,328.9960632324219,781.3656616210938,822.4901733398438,758.3359375
1790704536.6839488,0,0,843.8749389648438,792.8805541992188,824.1351318359375,835.6500244140625
1790704536.6947274,0,0,922.833984375,789.590576171875,825.7801513671875,878.4194946289062
1790704536.7058039,0,0,817.5552368164062,789.590576171875,829.070068359375,884.9994506835938
1790704536.7166574,0,0,685.956787109375,807.6853637695312,781.3656616210938,786.3005981445312
1790704536.7277951,0,0,620.1575927734375,789.590576171875,789.590576171875,783.0106201171875
1790704536.7384353,0,0,725.4363403320312,784.6556396484375,794.5255126953125,868.5496215820312
1790704536.7491236,0,0,600.4178466796875,771.4957885742188,799.46044921875,783.0106201171875
1790704536.7596948,0,0,699.1166381835938,778.07568359375,802.7504272460938,835.6500244140625
1790704536.7702606,0,0,699.1166381835938,778.07568359375,802.7504272460938,835.6500244140625
1790704536.781128,0,0,699.1166381835938,778.07568359375,802.7504272460938,835.6500244140625
1790704536.7918806,0,0,699.1166381835938,778.07568359375,802.7504272460938,835.6500244140625
1790704536.8026202,0,0,699.1166381835938,778.07568359375,802.7504272460938,835.6500244140625
1790704536.8133502,0,0,699.1166381835938,778.07568359375,802.7504272460938,835.6500244140625
1790704536.8245091,0,0,699.1166381835938,778.07568359375,802.7504272460938,835.6500244140625
1790704536.8351727,0,0,738.59619140625,784.6556396484375,806.0403442382812,868.5496215820312
1790704536.8461366,0,0,725.4363403320312,784.6556396484375,809.330322265625,865.2596435546875
1790704536.8574784,0,0,633.3174438476562,797.8154907226562,810.9752807617188,809.330322265625
1790704536.8685906,0,0,580.6780395507812,761.6259155273438,817.5552368164062,806.0403442382812
1790704536.8791695,0,0,606.9977416992188,781.3656616210938,812.6203002929688,812.6203002929688
1790704536.89027,0,0,659.6371459960938,801.1054077148438,809.330322265625,845.5198974609375
1790704536.900957,0,0,659.6371459960938,801.1054077148438,809.330322265625,845.5198974609375
1790704536.9118707,0,0,659.6371459960938,801.1054077148438,809.330322265625,845.5198974609375
1790704536.922699,0,0,659.6371459960938,801.1054077148438,809.330322265625,845.5198974609375
1790704536.933363,0,0,554.3583984375,781.3656616210938,815.9102783203125,792.8805541992188
1790704536.9442017,0,0,514.8788452148438,781.3656616210938,817.5552368164062,783.0106201171875
1790704536.9549742,0,0,528.0386962890625,796.1704711914062,815.9102783203125,815.9102783203125
1790704536.965842,0,0,567.5181884765625,769.850830078125,819.2001953125,842.2299194335938
1790704536.9769657,0,0,567.5181884765625,769.850830078125,819.2001953125,842.2299194335938
1790704536.9878004,1,0,567.5181884765625,769.850830078125,819.2001953125,842.2299194335938
1790704536.9989736,1,0,567.5181884765625,769.850830078125,819.2001953125,842.2299194335938
1790704537.0097454,1,0,567.5181884765625,769.850830078125,819.2001953125,842.2299194335938
1790704537.0207596,1,0,567.5181884765625,769.850830078125,819.2001953125,842.2299194335938
1790704537.0315626,1,0,488.5591735839844,781.3656616210938,829.070068359375,799.46044921875
1790704537.042382,1,0,593.837890625,778.07568359375,830.715087890625,873.4845581054688
1790704537.0532608,1,0,593.837890625,797.8154907226562,825.7801513671875,855.3897705078125
1790704537.0640202,1,0,488.5591735839844,794.5255126953125,822.4901733398438,796.1704711914062
1790704537.0749788,1,0,514.8788452148438,786.3005981445312,829.070068359375,817.5552368164062
1790704537.0860221,1,0,567.5181884765625,773.1407470703125,829.070068359375,861.9697265625
1790704537.0974197,1,0,567.5181884765625,773.1407470703125,829.070068359375,861.9697265625
1790704537.1084218,1,0,567.5181884765625,773.1407470703125,829.070068359375,861.9697265625
1790704537.1191134,1,0,567.5181884765625,773.1407470703125,829.070068359375,861.9697265625
1790704537.129829,1,0,567.5181884765625,773.1407470703125,829.070068359375,861.9697265625
1790704537.1408408,1,0,567.5181884765625,773.1407470703125,829.070068359375,861.9697265625
1790704537.1518252,1,0,567.5181884765625,779.720703125,827.4251098632812,853.7448120117188
1790704537.1632087,1,0,554.3583984375,789.590576171875,822.4901733398438,827.4251098632812
1790704537.1741126,1,0,554.3583984375,789.590576171875,822.4901733398438,827.4251098632812
1790704537.1849704,1,0,554.3583984375,789.590576171875,822.4901733398438,827.4251098632812
1790704537.195799,1,0,554.3583984375,789.590576171875,822.4901733398438,827.4251098632812
1790704537.206708,1,0,554.3583984375,789.590576171875,822.4901733398438,827.4251098632812
1790704537.217852,1,0,554.3583984375,789.590576171875,822.4901733398438,827.4251098632812
1790704537.228789,1,0,942.57373046875,778.07568359375,820.84521484375,889.9343872070312
1790704537.2395542,1,0,837.2949829101562,761.6259155273438,824.1351318359375,824.1351318359375
1790704537.2503695,1,0,929.4138793945312,756.6909790039062,829.070068359375,883.3544311523438
1790704537.26149,1,0,929.4138793945312,756.6909790039062,829.070068359375,883.3544311523438
1790704537.2725134,1,0,929.4138793945312,756.6909790039062,829.070068359375,883.3544311523438
1790704537.2832413,1,0,929.4138793945312,756.6909790039062,829.070068359375,883.3544311523438
1790704537.2943106,1,0,929.4138793945312,756.6909790039062,829.070068359375,883.3544311523438
1790704537.304978,1,0,824.1351318359375,750.1110229492188,824.1351318359375,807.6853637695312
1790704537.315942,1,0,850.454833984375,763.2708740234375,824.1351318359375,827.4251098632812
1790704537.3267863,1,0,837.2949829101562,768.205810546875,827.4251098632812,814.2652587890625
1790704537.3372478,1,0,810.9752807617188,794.5255126953125,822.4901733398438,794.5255126953125
1790704537.3481424,1,0,810.9752807617188,781.3656616210938,825.7801513671875,801.1054077148438
1790704537.3590765,1,0,771.4957885742188,791.2355346679688,825.7801513671875,810.9752807617188
1790704537.3698275,1,0,850.454833984375,796.1704711914062,824.1351318359375,857.0347290039062
1790704537.3807242,1,0,850.454833984375,796.1704711914062,824.1351318359375,857.0347290039062
1790704537.3913274,1,0,850.454833984375,796.1704711914062,824.1351318359375,857.0347290039062
1790704537.4019628,1,0,850.454833984375,796.1704711914062,824.1351318359375,857.0347290039062
1790704537.4129994,1,0,850.454833984375,796.1704711914062,824.1351318359375,857.0347290039062
1790704537.4235885,1,0,850.454833984375,796.1704711914062,824.1351318359375,857.0347290039062
1790704537.4347246,1,0,850.454833984375,796.1704711914062,824.1351318359375,857.0347290039062
1790704537.4462423,1,0,745.1760864257812,773.1407470703125,837.2949829101562,804.3953857421875
1790704537.458286,1,0,863.6146850585938,778.07568359375,832.3600463867188,886.6444091796875
1790704537.4691517,1,0,850.454833984375,796.1704711914062,827.4251098632812,880.064453125
1790704537.4801924,1,0,850.454833984375,796.1704711914062,827.4251098632812,880.064453125
1790704537.4914467,1,0,797.8154907226562,784.6556396484375,832.3600463867188,850.454833984375
1790704537.5021226,1,0,797.8154907226562,784.6556396484375,832.3600463867188,850.454833984375
1790704537.513013,1,0,797.8154907226562,784.6556396484375,832.3600463867188,850.454833984375
1790704537.5248332,1,0,797.8154907226562,784.6556396484375,832.3600463867188,850.454833984375
1790704537.535888,1,0,797.8154907226562,784.6556396484375,832.3600463867188,850.454833984375
1790704537.5470598,1,0,797.8154907226562,784.6556396484375,832.3600463867188,850.454833984375
1790704537.5580182,1,0,718.8563842773438,769.850830078125,829.070068359375,814.2652587890625
1790704537.568941,1,0,797.8154907226562,792.8805541992188,824.1351318359375,866.9046630859375
1790704537.5804107,1,0,666.217041015625,766.5608520507812,827.4251098632812,784.6556396484375
1790704537.5921223,1,0,666.217041015625,791.2355346679688,820.84521484375,778.07568359375
1790704537.6030977,1,0,692.5367431640625,776.4307250976562,820.84521484375,801.1054077148438
1790704537.6136925,1,0,771.4957885742188,791.2355346679688,819.2001953125,834.0050048828125
1790704537.6247947,1,0,771.4957885742188,791.2355346679688,819.2001953125,834.0050048828125
1790704537.6360695,1,0,771.4957885742188,791.2355346679688,819.2001953125,834.0050048828125
1790704537.647391,1,0,771.4957885742188,791.2355346679688,819.2001953125,834.0050048828125
1790704537.6581697,1,0,771.4957885742188,791.2355346679688,819.2001953125,834.0050048828125
1790704537.669087,1,0,666.217041015625,753.4010009765625,822.4901733398438,784.6556396484375
1790704537.6802664,1,0,666.217041015625,783.0106201171875,820.84521484375,781.3656616210938
1790704537.691321,1,0,666.217041015625,783.0106201171875,819.2001953125,784.6556396484375
1790704537.7024446,1,0,600.4178466796875,801.1054077148438,834.0050048828125,771.4957885742188
1790704537.713164,1,0,666.217041015625,783.0106201171875,834.0050048828125,830.715087890625
1790704537.724156,1,0,666.217041015625,783.0106201171875,834.0050048828125,830.715087890625
1790704537.735313,1,0,666.217041015625,783.0106201171875,834.0050048828125,830.715087890625
1790704537.7464857,1,0,666.217041015625,783.0106201171875,834.0050048828125,830.715087890625
1790704537.7571805,1,0,666.217041015625,783.0106201171875,834.0050048828125,830.715087890625
1790704537.7677126,1,0,666.217041015625,783.0106201171875,834.0050048828125,830.715087890625
1790704537.7784624,1,0,666.217041015625,783.0106201171875,834.0050048828125,830.715087890625
1790704537.7894695,1,0,574.09814453125,783.0106201171875,829.070068359375,771.4957885742188
1790704537.8002067,1,0,626.7374877929688,776.4307250976562,832.3600463867188,807.6853637695312
1790704537.811231,1,0,806.0403442382812,797.8154907226562,824.1351318359375,837.2949829101562
1790704537.8219504,1,0,806.0403442382812,791.2355346679688,825.7801513671875,865.2596435546875
1790704537.8327453,1,0,727.081298828125,776.4307250976562,822.4901733398438,824.1351318359375
1790704537.8432548,1,0,858.6797485351562,801.1054077148438,815.9102783203125,909.6741333007812
1790704537.853915,1,0,687.601806640625,776.4307250976562,834.0050048828125,820.84521484375
1790704537.864452,1,0,786.3005981445312,814.2652587890625,824.1351318359375,873.4845581054688
1790704537.8749976,1,0,786.3005981445312,814.2652587890625,824.1351318359375,873.4845581054688
1790704537.886614,1,0,786.3005981445312,814.2652587890625,824.1351318359375,873.4845581054688
1790704537.8975713,1,0,786.3005981445312,814.2652587890625,824.1351318359375,873.4845581054688
1790704537.9083073,1,0,786.3005981445312,814.2652587890625,824.1351318359375,873.4845581054688
1790704537.9192417,1,0,786.3005981445312,814.2652587890625,824.1351318359375,873.4845581054688
1790704537.9298787,1,0,740.2411499023438,1268.27978515625,713.9214477539062,942.57373046875
1790704537.941089,1,0,582.3230590820312,1625.2406005859375,845.5198974609375,810.9752807617188
1790704537.952251,1,0,634.96240234375,1663.0750732421875,819.2001953125,784.6556396484375
1790704537.963159,1,0,634.96240234375,1663.0750732421875,819.2001953125,784.6556396484375
1790704537.974816,1,0,634.96240234375,1663.0750732421875,819.2001953125,784.6556396484375
1790704537.9857047,1,0,634.96240234375,1663.0750732421875,819.2001953125,784.6556396484375
1790704537.9971974,1,0,634.96240234375,1663.0750732421875,819.2001953125,784.6556396484375
1790704538.008042,1,0,240.16712951660156,1664.7200927734375,1056.077392578125,297.741455078125
1790704538.0188773,1,0,29.60964584350586,1659.78515625,838.9400024414062,87.1839599609375
1790704538.0298698,1,0,108.5687026977539,1651.560302734375,884.9994506835938,192.46270751953125
1790704538.041239,1,0,213.84744262695312,1653.2052001953125,1010.0179443359375,376.70050048828125
1790704538.0524163,1,0,398.0852355957031,1654.8502197265625,1056.077392578125,600.4178466796875
1790704538.0629742,1,0,398.0852355957031,1654.8502197265625,1056.077392578125,600.4178466796875
1790704538.073953,1,0,398.0852355957031,1654.8502197265625,1056.077392578125,600.4178466796875
1790704538.0849013,1,0,398.0852355957031,1654.8502197265625,1056.077392578125,600.4178466796875
1790704538.0957658,1,0,398.0852355957031,1654.8502197265625,1056.077392578125,600.4178466796875
1790704538.1069694,1,0,398.0852355957031,1654.8502197265625,1056.077392578125,600.4178466796875
1790704538.1178405,1,0,319.1261901855469,1653.2052001953125,1036.337646484375,630.0274658203125
1790704538.1286833,1,0,477.0443115234375,1653.2052001953125,1052.7874755859375,817.5552368164062
1790704538.139414,1,0,582.3230590820312,1511.7369384765625,781.3656616210938,1077.462158203125
1790704538.1500516,1,0,661.2821044921875,1380.1385498046875,769.850830078125,1235.3802490234375
1790704538.160822,1,0,661.2821044921875,1380.1385498046875,769.850830078125,1235.3802490234375
1790704538.171495,1,0,661.2821044921875,1380.1385498046875,769.850830078125,1235.3802490234375
1790704538.1823602,1,0,661.2821044921875,1380.1385498046875,769.850830078125,1235.3802490234375
1790704538.1933002,1,0,661.2821044921875,1380.1385498046875,769.850830078125,1235.3802490234375
1790704538.2044349,1,0,529.6836547851562,1288.0196533203125,756.6909790039062,1222.2203369140625
1790704538.2157373,1,0,542.843505859375,1024.82275390625,804.3953857421875,1274.8597412109375
1790704538.2268329,1,0,542.843505859375,906.3841552734375,825.7801513671875,1174.5159912109375
1790704538.2376626,1,0,621.8025512695312,741.8861083984375,857.0347290039062,1146.55126953125
1790704538.2485504,1,0,674.4419555664062,643.1873168945312,840.5849609375,1074.172119140625
1790704538.259431,1,0,779.720703125,551.0684204101562,837.2949829101562,1079.1070556640625
1790704538.2701588,1,0,779.720703125,551.0684204101562,837.2949829101562,1079.1070556640625
1790704538.2810006,1,0,779.720703125,551.0684204101562,837.2949829101562,1079.1070556640625
1790704538.2917335,1,0,779.720703125,551.0684204101562,837.2949829101562,1079.1070556640625
1790704538.3024998,1,0,779.720703125,551.0684204101562,837.2949829101562,1079.1070556640625
1790704538.3131177,1,0,779.720703125,551.0684204101562,837.2949829101562,1079.1070556640625
1790704538.3238873,1,0,779.720703125,551.0684204101562,837.2949829101562,1079.1070556640625
1790704538.3346117,1,0,779.720703125,432.62982177734375,838.9400024414062,1021.5327758789062
1790704538.3455596,1,0,674.4419555664062,439.2097473144531,830.715087890625,955.7335815429688
1790704538.3565142,1,0,727.081298828125,478.68927001953125,812.6203002929688,988.6331787109375
1790704538.367696,1,0,621.8025512695312,463.88446044921875,791.2355346679688,909.6741333007812
1790704538.3784285,1,0,1001.7930297851562,174.367919921875,822.4901733398438,937.6387939453125
1790704538.389487,1,0,1080.7520751953125,159.56309509277344,822.4901733398438,986.9882202148438
1790704538.4005957,1,0,1080.7520751953125,159.56309509277344,822.4901733398438,986.9882202148438
1790704538.4112353,1,0,1080.7520751953125,159.56309509277344,822.4901733398438,986.9882202148438
1790704538.4219234,1,0,1080.7520751953125,159.56309509277344,822.4901733398438,986.9882202148438
1790704538.4329007,1,0,1080.7520751953125,159.56309509277344,822.4901733398438,986.9882202148438
1790704538.4438055,1,0,1054.432373046875,182.5928192138672,806.0403442382812,944.2186889648438
1790704538.4547336,1,0,975.4733276367188,238.52215576171875,801.1054077148438,888.2893676757812
1790704538.4657989,1,0,1014.952880859375,314.1912536621094,804.3953857421875,871.839599609375
1790704538.4766037,1,0,1093.9119873046875,335.57598876953125,792.8805541992188,911.319091796875
1790704538.4877162,1,0,1093.9119873046875,335.57598876953125,792.8805541992188,911.319091796875
1790704538.4985754,1,0,1093.9119873046875,335.57598876953125,792.8805541992188,911.319091796875
1790704538.5091946,1,0,1093.9119873046875,335.57598876953125,792.8805541992188,911.319091796875
1790704538.5199916,1,0,1093.9119873046875,335.57598876953125,792.8805541992188,911.319091796875
1790704538.530938,1,0,1014.952880859375,358.605712890625,801.1054077148438,861.9697265625
1790704538.5420172,1,0,1041.2725830078125,378.3454895019531,801.1054077148438,875.1295166015625
1790704538.5531123,1,0,1028.1126708984375,414.5350341796875,794.5255126953125,875.1295166015625
1790704538.5636404,1,0,949.1536865234375,458.94952392578125,792.8805541992188,842.2299194335938
1790704538.5741305,1,0,1041.2725830078125,495.1390686035156,786.3005981445312,894.8693237304688
1790704538.5849376,1,0,1041.2725830078125,495.1390686035156,786.3005981445312,894.8693237304688
1790704538.5959263,1,0,1041.2725830078125,495.1390686035156,786.3005981445312,894.8693237304688
1790704538.6069288,1,0,1041.2725830078125,495.1390686035156,786.3005981445312,894.8693237304688
1790704538.6176395,1,0,1041.2725830078125,495.1390686035156,786.3005981445312,894.8693237304688
1790704538.62822,1,0,1041.2725830078125,495.1390686035156,786.3005981445312,894.8693237304688
1790704538.6392055,1,0,935.9938354492188,496.7840576171875,783.0106201171875,829.070068359375
1790704538.6499593,1,0,857.0347290039062,500.07403564453125,781.3656616210938,815.9102783203125
1790704538.66082,1,0,751.7560424804688,549.4234619140625,791.2355346679688,766.5608520507812
1790704538.6718836,1,0,883.3544311523438,541.1985473632812,787.945556640625,835.6500244140625
1790704538.6829069,1,0,883.3544311523438,541.1985473632812,787.945556640625,835.6500244140625
1790704538.6935103,1,0,883.3544311523438,541.1985473632812,787.945556640625,835.6500244140625
1790704538.7044327,1,0,883.3544311523438,541.1985473632812,787.945556640625,835.6500244140625
1790704538.7156444,1,0,883.3544311523438,541.1985473632812,787.945556640625,835.6500244140625
1790704538.7266138,1,0,804.3953857421875,565.8732299804688,786.3005981445312,779.720703125
1790704538.7378726,1,0,909.6741333007812,598.7728271484375,796.1704711914062,838.9400024414062
1790704538.7490957,1,0,883.3544311523438,630.0274658203125,796.1704711914062,809.330322265625
1790704538.7598124,1,0,778.07568359375,610.2877197265625,806.0403442382812,763.2708740234375
1790704538.77086,1,0,778.07568359375,641.5423583984375,804.3953857421875,774.7857666015625
1790704538.781347,1,0,857.0347290039062,648.1222534179688,799.46044921875,817.5552368164062
1790704538.792208,1,0,857.0347290039062,648.1222534179688,799.46044921875,817.5552368164062
1790704538.8029957,1,0,857.0347290039062,648.1222534179688,799.46044921875,817.5552368164062
1790704538.8141334,1,0,857.0347290039062,648.1222534179688,799.46044921875,817.5552368164062
1790704538.8252575,1,0,857.0347290039062,648.1222534179688,799.46044921875,817.5552368164062
1790704538.8363686,1,0,883.3544311523438,651.4122314453125,796.1704711914062,827.4251098632812
1790704538.8469427,1,0,778.07568359375,649.7672119140625,796.1704711914062,753.4010009765625
1790704538.8578942,1,0,738.59619140625,661.2821044921875,801.1054077148438,755.0459594726562
1790704538.8686078,1,0,725.4363403320312,707.341552734375,794.5255126953125,745.1760864257812
1790704538.8796484,1,0,751.7560424804688,712.2764892578125,791.2355346679688,758.3359375
1790704538.8905473,1,0,751.7560424804688,717.21142578125,801.1054077148438,778.07568359375
1790704538.90171,1,0,959.0235595703125,753.4010009765625,799.46044921875,886.6444091796875
1790704538.9129097,1,0,959.0235595703125,750.1110229492188,804.3953857421875,883.3544311523438
1790704538.9238114,1,0,959.0235595703125,750.1110229492188,804.3953857421875,883.3544311523438
1790704538.9343665,1,0,959.0235595703125,750.1110229492188,804.3953857421875,883.3544311523438
1790704538.9448738,1,0,959.0235595703125,750.1110229492188,804.3953857421875,883.3544311523438
1790704538.95556,1,0,959.0235595703125,750.1110229492188,804.3953857421875,883.3544311523438
1790704538.966495,1,0,959.0235595703125,750.1110229492188,804.3953857421875,883.3544311523438
1790704538.9777164,1,0,906.3841552734375,771.4957885742188,809.330322265625,857.0347290039062
1790704538.9886203,1,0,853.7448120117188,761.6259155273438,815.9102783203125,817.5552368164062
1790704538.999897,1,0,945.8637084960938,778.07568359375,810.9752807617188,870.194580078125
1790704539.0105052,1,0,959.0235595703125,764.9158325195312,817.5552368164062,903.09423828125
1790704539.021269,1,0,945.8637084960938,781.3656616210938,814.2652587890625,873.4845581054688
1790704539.0323799,1,0,945.8637084960938,781.3656616210938,814.2652587890625,873.4845581054688
1790704539.0431306,1,0,945.8637084960938,781.3656616210938,814.2652587890625,873.4845581054688
1790704539.0538588,1,0,945.8637084960938,781.3656616210938,814.2652587890625,873.4845581054688
1790704539.064713,1,0,945.8637084960938,781.3656616210938,814.2652587890625,873.4845581054688
1790704539.0757763,1,0,945.8637084960938,781.3656616210938,814.2652587890625,873.4845581054688
1790704539.0863035,1,0,945.8637084960938,781.3656616210938,814.2652587890625,873.4845581054688
1790704539.0971498,1,0,840.5849609375,778.07568359375,815.9102783203125,810.9752807617188
1790704539.1081336,1,0,840.5849609375,764.9158325195312,819.2001953125,820.84521484375
1790704539.1189885,1,0,814.2652587890625,787.945556640625,814.2652587890625,814.2652587890625
1790704539.1299994,1,0,840.5849609375,764.9158325195312,830.715087890625,853.7448120117188
1790704539.140991,1,0,761.6259155273438,783.0106201171875,814.2652587890625,797.8154907226562
1790704539.1520424,1,0,840.5849609375,776.4307250976562,827.4251098632812,886.6444091796875
1790704539.1627893,1,0,840.5849609375,776.4307250976562,827.4251098632812,886.6444091796875
1790704539.1739745,1,0,840.5849609375,776.4307250976562,827.4251098632812,886.6444091796875
1790704539.184749,1,0,840.5849609375,776.4307250976562,827.4251098632812,886.6444091796875
1790704539.195388,1,0,840.5849609375,776.4307250976562,827.4251098632812,886.6444091796875
1790704539.206076,1,0,787.945556640625,776.4307250976562,825.7801513671875,863.6146850585938
1790704539.2167964,1,0,656.34716796875,796.1704711914062,822.4901733398438,817.5552368164062
1790704539.227734,1,0,630.0274658203125,797.8154907226562,824.1351318359375,810.9752807617188
1790704539.2389672,1,0,656.34716796875,789.590576171875,825.7801513671875,827.4251098632812
1790704539.2503254,1,0,761.6259155273438,776.4307250976562,829.070068359375,896.5142822265625
1790704539.2614634,1,0,735.3062133789062,783.0106201171875,822.4901733398438,876.7745361328125
1790704539.27217,1,0,735.3062133789062,783.0106201171875,822.4901733398438,876.7745361328125
1790704539.2829819,1,0,735.3062133789062,783.0106201171875,822.4901733398438,876.7745361328125
1790704539.2935557,1,0,735.3062133789062,783.0106201171875,822.4901733398438,876.7745361328125
1790704539.304075,1,0,735.3062133789062,783.0106201171875,822.4901733398438,876.7745361328125
1790704539.3146749,1,0,735.3062133789062,783.0106201171875,822.4901733398438,876.7745361328125
1790704539.3253922,1,0,643.1873168945312,806.0403442382812,819.2001953125,810.9752807617188
1790704539.336423,1,0,735.3062133789062,791.2355346679688,825.7801513671875,876.7745361328125
1790704539.3470542,1,0,603.707763671875,773.1407470703125,822.4901733398438,804.3953857421875
1790704539.3578753,1,0,623.4475708007812,779.720703125,817.5552368164062,812.6203002929688
1790704539.3686938,1,0,715.5664672851562,804.3953857421875,814.2652587890625,861.9697265625
1790704539.3795342,1,1,715.5664672851562,804.3953857421875,814.2652587890625,861.9697265625
1790704539.390899,1,1,715.5664672851562,804.3953857421875,814.2652587890625,861.9697265625
1790704539.4015977,1,1,715.5664672851562,804.3953857421875,814.2652587890625,861.9697265625
1790704539.4120636,1,1,715.5664672851562,804.3953857421875,814.2652587890625,861.9697265625
1790704539.4233158,1,1,715.5664672851562,804.3953857421875,814.2652587890625,861.9697265625
1790704539.4345012,1,1,531.3286743164062,779.720703125,815.9102783203125,786.3005981445312
1790704539.4453192,1,1,570.8081665039062,783.0106201171875,817.5552368164062,825.7801513671875
1790704539.4565532,1,1,518.1688232421875,791.2355346679688,817.5552368164062,789.590576171875
1790704539.4696205,1,1,610.2877197265625,778.07568359375,822.4901733398438,861.9697265625
1790704539.4808874,1,1,610.2877197265625,778.07568359375,822.4901733398438,861.9697265625
1790704539.491463,1,1,610.2877197265625,778.07568359375,822.4901733398438,861.9697265625
1790704539.5020554,1,1,610.2877197265625,778.07568359375,822.4901733398438,861.9697265625
1790704539.5128262,1,1,610.2877197265625,778.07568359375,822.4901733398438,861.9697265625
1790704539.5237892,1,1,531.3286743164062,792.8805541992188,824.1351318359375,832.3600463867188
1790704539.5345755,1,1,830.715087890625,792.8805541992188,824.1351318359375,829.070068359375
1790704539.5452094,1,1,817.5552368164062,769.850830078125,830.715087890625,842.2299194335938
1790704539.5558965,1,1,896.5142822265625,797.8154907226562,820.84521484375,884.9994506835938
1790704539.5677419,1,0,896.5142822265625,797.8154907226562,820.84521484375,884.9994506835938
1790704539.578499,1,0,896.5142822265625,797.8154907226562,820.84521484375,884.9994506835938
1790704539.589062,1,0,896.5142822265625,797.8154907226562,820.84521484375,884.9994506835938
1790704539.6003113,1,0,896.5142822265625,797.8154907226562,820.84521484375,884.9994506835938
1790704539.611359,1,0,764.9158325195312,797.8154907226562,824.1351318359375,806.0403442382812
1790704539.6224127,1,0,764.9158325195312,779.720703125,820.84521484375,829.070068359375
1790704539.633514,1,0,738.59619140625,791.2355346679688,822.4901733398438,848.8098754882812
1790704539.6443484,1,0,712.2764892578125,799.46044921875,817.5552368164062,815.9102783203125
1790704539.6553257,1,0,791.2355346679688,784.6556396484375,815.9102783203125,878.4194946289062
1790704539.6660986,1,0,791.2355346679688,784.6556396484375,815.9102783203125,878.4194946289062
1790704539.6770148,1,0,791.2355346679688,784.6556396484375,815.9102783203125,878.4194946289062
1790704539.6879063,1,0,791.2355346679688,784.6556396484375,815.9102783203125,878.4194946289062
1790704539.6986861,1,0,791.2355346679688,784.6556396484375,815.9102783203125,878.4194946289062
1790704539.7094905,1,0,685.956787109375,748.466064453125,832.3600463867188,815.9102783203125
1790704539.7203195,1,0,738.59619140625,786.3005981445312,817.5552368164062,861.9697265625
1790704539.731074,1,0,764.9158325195312,774.7857666015625,829.070068359375,894.8693237304688
1790704539.741898,1,0,870.194580078125,1427.8428955078125,661.2821044921875,1026.4677734375
1790704539.7525468,1,0,870.194580078125,1427.8428955078125,661.2821044921875,1026.4677734375
1790704539.763134,1,0,870.194580078125,1427.8428955078125,661.2821044921875,1026.4677734375
1790704539.7741115,1,0,870.194580078125,1427.8428955078125,661.2821044921875,1026.4677734375
1790704539.7846084,1,0,870.194580078125,1427.8428955078125,661.2821044921875,1026.4677734375
1790704539.7951803,1,0,475.3993225097656,1635.1104736328125,1240.315185546875,605.352783203125
1790704539.8061233,1,0,238.52215576171875,1631.820556640625,1108.716796875,236.87716674804688
1790704539.8173702,1,0,159.56309509277344,1641.6904296875,1187.67578125,105.27873992919922
1790704539.8280282,1,0,291.1615295410156,1644.9803466796875,1292.95458984375,184.23779296875
1790704539.839281,1,0,370.1205749511719,1641.6904296875,1266.6348876953125,486.9141845703125
1790704539.8500676,1,0,370.1205749511719,1641.6904296875,1266.6348876953125,486.9141845703125
1790704539.8605294,1,0,370.1205749511719,1641.6904296875,1266.6348876953125,486.9141845703125
1790704539.8715336,1,0,370.1205749511719,1641.6904296875,1266.6348876953125,486.9141845703125
1790704539.8824124,1,0,370.1205749511719,1641.6904296875,1266.6348876953125,486.9141845703125
1790704539.893437,1,0,370.1205749511719,1638.400390625,1240.315185546875,552.71337890625
1790704539.9042916,1,0,317.481201171875,1640.04541015625,1161.3560791015625,539.5535278320312
1790704539.915173,1,0,475.3993225097656,1641.6904296875,924.4789428710938,868.5496215820312
1790704539.92611,1,0,646.477294921875,1641.6904296875,751.7560424804688,1052.7874755859375
1790704539.937084,1,0,593.837890625,1561.0863037109375,636.607421875,1065.947265625
1790704539.9480252,1,0,699.1166381835938,1427.8428955078125,633.3174438476562,1197.545654296875
1790704539.9588032,1,0,699.1166381835938,1427.8428955078125,633.3174438476562,1197.545654296875
1790704539.9696674,1,0,699.1166381835938,1427.8428955078125,633.3174438476562,1197.545654296875
1790704539.9804206,1,0,699.1166381835938,1427.8428955078125,633.3174438476562,1197.545654296875
1790704539.9918315,1,0,699.1166381835938,1427.8428955078125,633.3174438476562,1197.545654296875
1790704540.0031786,1,0,646.477294921875,1342.303955078125,633.3174438476562,1197.545654296875
1790704540.013794,1,0,541.1985473632812,1289.66455078125,626.7374877929688,1158.066162109375
1790704540.0245047,1,0,514.8788452148438,1026.4677734375,638.2523803710938,1146.55126953125
1790704540.0351906,1,0,554.3583984375,815.9102783203125,634.96240234375,1046.20751953125
1790704540.0457978,1,0,778.07568359375,511.5888977050781,712.2764892578125,1041.2725830078125
1790704540.0566652,1,0,778.07568359375,511.5888977050781,712.2764892578125,1041.2725830078125
1790704540.067846,1,0,778.07568359375,511.5888977050781,712.2764892578125,1041.2725830078125
1790704540.0788147,1,0,778.07568359375,511.5888977050781,712.2764892578125,1041.2725830078125
1790704540.0895805,1,0,778.07568359375,511.5888977050781,712.2764892578125,1041.2725830078125
1790704540.10039,1,0,778.07568359375,511.5888977050781,712.2764892578125,1041.2725830078125
1790704540.1110198,1,0,699.1166381835938,450.724609375,720.5014038085938,957.3785400390625
1790704540.1218784,1,0,804.3953857421875,602.0628051757812,751.7560424804688,982.0532836914062
1790704540.1328244,1,0,1001.7930297851562,154.62815856933594,722.1463623046875,963.95849609375
1790704540.1441736,1,0,1080.7520751953125,138.1783447265625,718.8563842773438,1013.307861328125
1790704540.1551745,1,0,922.833984375,144.75827026367188,753.4010009765625,934.3488159179688
1790704540.1662254,1,0,1028.1126708984375,171.0779571533203,755.0459594726562,980.4082641601562
1790704540.177021,1,0,1028.1126708984375,171.0779571533203,755.0459594726562,980.4082641601562
1790704540.1876552,1,0,1028.1126708984375,171.0779571533203,755.0459594726562,980.4082641601562
1790704540.198773,1,0,1028.1126708984375,171.0779571533203,755.0459594726562,980.4082641601562
1790704540.21019,1,0,1028.1126708984375,171.0779571533203,755.0459594726562,980.4082641601562
1790704540.2208686,1,0,1028.1126708984375,171.0779571533203,755.0459594726562,980.4082641601562
1790704540.2318878,1,0,896.5142822265625,192.46270751953125,766.5608520507812,901.44921875
1790704540.2428691,1,0,1001.7930297851562,245.10206604003906,761.6259155273438,954.088623046875
1790704540.2539363,1,0,896.5142822265625,403.0201721191406,776.4307250976562,942.57373046875
1790704540.26469,1,0,896.5142822265625,403.0201721191406,776.4307250976562,942.57373046875
1790704540.275337,1,0,896.5142822265625,403.0201721191406,776.4307250976562,942.57373046875
1790704540.2858171,1,0,896.5142822265625,403.0201721191406,776.4307250976562,942.57373046875
1790704540.2967505,1,0,896.5142822265625,403.0201721191406,776.4307250976562,942.57373046875
1790704540.30762,1,0,896.5142822265625,403.0201721191406,776.4307250976562,942.57373046875
1790704540.3188214,1,0,725.4363403320312,388.2153625488281,776.4307250976562,873.4845581054688
1790704540.3297262,1,0,725.4363403320312,473.75433349609375,774.7857666015625,875.1295166015625
1790704540.3409963,1,0,738.59619140625,503.3639831542969,779.720703125,903.09423828125
1790704540.3520043,1,0,659.6371459960938,539.5535278320312,771.4957885742188,834.0050048828125
1790704540.362867,1,0,633.3174438476562,541.1985473632812,779.720703125,820.84521484375
1790704540.3739104,1,0,712.2764892578125,572.4531860351562,778.07568359375,886.6444091796875
1790704540.385322,1,0,712.2764892578125,572.4531860351562,778.07568359375,886.6444091796875
1790704540.3964822,1,0,712.2764892578125,572.4531860351562,778.07568359375,886.6444091796875
1790704540.4076436,1,0,712.2764892578125,572.4531860351562,778.07568359375,886.6444091796875
1790704540.4182048,1,0,712.2764892578125,572.4531860351562,778.07568359375,886.6444091796875
1790704540.4289203,1,0,712.2764892578125,572.4531860351562,778.07568359375,886.6444091796875
1790704540.4404144,1,0,606.9977416992188,593.837890625,779.720703125,807.6853637695312
1790704540.4523807,1,0,685.956787109375,625.092529296875,794.5255126953125,866.9046630859375
1790704540.4636908,1,0,580.6780395507812,628.3825073242188,789.590576171875,784.6556396484375
1790704540.4751158,1,0,633.3174438476562,666.217041015625,806.0403442382812,817.5552368164062
1790704540.486809,1,0,685.956787109375,659.6371459960938,804.3953857421875,840.5849609375
1790704540.4984682,1,0,685.956787109375,659.6371459960938,804.3953857421875,840.5849609375
1790704540.5098221,1,0,685.956787109375,659.6371459960938,804.3953857421875,840.5849609375
1790704540.520711,1,0,685.956787109375,659.6371459960938,804.3953857421875,840.5849609375
1790704540.532279,1,0,685.956787109375,659.6371459960938,804.3953857421875,840.5849609375
1790704540.543744,1,0,580.6780395507812,674.4419555664062,802.7504272460938,751.7560424804688
1790704540.5552242,1,0,580.6780395507812,667.8619995117188,801.1054077148438,778.07568359375
1790704540.56679,1,0,679.3768920898438,723.7913208007812,807.6853637695312,830.715087890625
1790704540.5778525,1,0,679.3768920898438,723.7913208007812,807.6853637695312,830.715087890625
1790704540.5892143,1,0,679.3768920898438,723.7913208007812,807.6853637695312,830.715087890625
1790704540.5999808,1,0,679.3768920898438,723.7913208007812,807.6853637695312,830.715087890625
1790704540.6116903,1,0,679.3768920898438,723.7913208007812,807.6853637695312,830.715087890625
1790704540.623029,1,0,679.3768920898438,723.7913208007812,807.6853637695312,830.715087890625
1790704540.6344068,1,0,593.837890625,710.6315307617188,804.3953857421875,797.8154907226562
1790704540.6452346,1,0,659.6371459960938,702.4066162109375,812.6203002929688,827.4251098632812
1790704540.6564775,1,0,659.6371459960938,702.4066162109375,812.6203002929688,827.4251098632812
1790704540.66734,1,0,580.6780395507812,722.1463623046875,812.6203002929688,787.945556640625
1790704540.6780996,1,0,659.6371459960938,740.2411499023438,804.3953857421875,830.715087890625
1790704540.6898358,1,0,659.6371459960938,740.2411499023438,804.3953857421875,830.715087890625
1790704540.700671,1,0,659.6371459960938,740.2411499023438,804.3953857421875,830.715087890625
1790704540.7122343,1,0,659.6371459960938,740.2411499023438,804.3953857421875,830.715087890625
1790704540.7229915,1,0,606.9977416992188,707.341552734375,812.6203002929688,794.5255126953125
1790704540.733832,1,0,606.9977416992188,718.8563842773438,810.9752807617188,810.9752807617188
1790704540.7445984,1,0,967.2484130859375,733.6612548828125,807.6853637695312,896.5142822265625
1790704540.755417,1,0,967.2484130859375,718.8563842773438,812.6203002929688,889.9343872070312
1790704540.7665565,1,0,861.9697265625,718.8563842773438,815.9102783203125,817.5552368164062
1790704540.7774951,1,0,835.6500244140625,730.3712768554688,815.9102783203125,824.1351318359375
1790704540.7883668,1,0,940.9287719726562,738.59619140625,822.4901733398438,883.3544311523438
1790704540.7994127,1,0,822.4901733398438,750.1110229492188,825.7801513671875,814.2652587890625
1790704540.810715,1,0,927.7689208984375,743.5311279296875,827.4251098632812,889.9343872070312
1790704540.821506,1,0,927.7689208984375,743.5311279296875,827.4251098632812,889.9343872070312
1790704540.8324192,1,0,927.7689208984375,743.5311279296875,827.4251098632812,889.9343872070312
1790704540.8438725,1,0,927.7689208984375,743.5311279296875,827.4251098632812,889.9343872070312
1790704540.854979,1,0,927.7689208984375,743.5311279296875,827.4251098632812,889.9343872070312
1790704540.8658946,1,0,796.1704711914062,755.0459594726562,820.84521484375,827.4251098632812
1790704540.87662,1,0,875.1295166015625,736.951171875,825.7801513671875,883.3544311523438
1790704540.8875394,1,0,835.6500244140625,758.3359375,819.2001953125,870.194580078125
1790704540.8985476,1,0,783.0106201171875,768.205810546875,820.84521484375,843.8749389648438
1790704540.9098852,1,0,677.7318725585938,733.6612548828125,829.070068359375,804.3953857421875
1790704540.9208522,1,0,783.0106201171875,753.4010009765625,825.7801513671875,863.6146850585938
1790704540.931597,1,0,783.0106201171875,753.4010009765625,825.7801513671875,863.6146850585938
1790704540.9424357,1,0,783.0106201171875,753.4010009765625,825.7801513671875,863.6146850585938
1790704540.952956,1,0,783.0106201171875,753.4010009765625,825.7801513671875,863.6146850585938
1790704540.9638598,1,0,783.0106201171875,753.4010009765625,825.7801513671875,863.6146850585938
1790704540.9751806,1,0,783.0106201171875,753.4010009765625,825.7801513671875,863.6146850585938
1790704540.9861603,1,0,651.4122314453125,748.466064453125,815.9102783203125,784.6556396484375
1790704540.9971128,1,0,783.0106201171875,771.4957885742188,815.9102783203125,845.5198974609375
1790704541.0078855,1,0,783.0106201171875,755.0459594726562,814.2652587890625,817.5552368164062
1790704541.0186725,1,0,730.3712768554688,725.4363403320312,824.1351318359375,792.8805541992188
1790704541.0294807,1,0,835.6500244140625,743.5311279296875,825.7801513671875,860.32470703125
1790704541.040466,1,0,835.6500244140625,743.5311279296875,825.7801513671875,860.32470703125
1790704541.0511272,1,0,835.6500244140625,743.5311279296875,825.7801513671875,860.32470703125
1790704541.061789,1,0,835.6500244140625,743.5311279296875,825.7801513671875,860.32470703125
1790704541.0729556,1,0,835.6500244140625,743.5311279296875,825.7801513671875,860.32470703125
1790704541.0837216,1,0,717.21142578125,759.9808959960938,820.84521484375,776.4307250976562
1790704541.0945928,1,0,783.0106201171875,717.21142578125,830.715087890625,815.9102783203125
1790704541.1056538,1,0,796.1704711914062,761.6259155273438,829.070068359375,802.7504272460938
1790704541.1167088,1,0,901.44921875,763.2708740234375,825.7801513671875,861.9697265625
1790704541.127442,1,0,901.44921875,774.7857666015625,824.1351318359375,852.0997924804688
1790704541.138539,1,0,901.44921875,774.7857666015625,824.1351318359375,852.0997924804688
1790704541.1498642,1,0,901.44921875,774.7857666015625,824.1351318359375,852.0997924804688
1790704541.1611128,1,0,901.44921875,774.7857666015625,824.1351318359375,852.0997924804688
1790704541.171786,1,0,901.44921875,774.7857666015625,824.1351318359375,852.0997924804688
1790704541.1825693,1,0,901.44921875,774.7857666015625,824.1351318359375,852.0997924804688
1790704541.193989,1,0,875.1295166015625,768.205810546875,825.7801513671875,845.5198974609375
1790704541.2050333,1,0,743.5311279296875,764.9158325195312,825.7801513671875,786.3005981445312
1790704541.2159905,1,0,848.8098754882812,792.8805541992188,825.7801513671875,835.6500244140625
1790704541.2269118,1,0,638.2523803710938,756.6909790039062,827.4251098632812,786.3005981445312
1790704541.2383497,1,0,743.5311279296875,771.4957885742188,825.7801513671875,848.8098754882812
1790704541.2496567,1,0,743.5311279296875,771.4957885742188,825.7801513671875,848.8098754882812
1790704541.260529,1,0,743.5311279296875,771.4957885742188,825.7801513671875,848.8098754882812
1790704541.2716053,1,0,743.5311279296875,771.4957885742188,825.7801513671875,848.8098754882812
1790704541.2821918,1,0,743.5311279296875,771.4957885742188,825.7801513671875,848.8098754882812
1790704541.293154,1,0,743.5311279296875,771.4957885742188,825.7801513671875,848.8098754882812
1790704541.304086,1,0,743.5311279296875,771.4957885742188,825.7801513671875,848.8098754882812
1790704541.314903,0,0,945.8637084960938,787.945556640625,822.4901733398438,894.8693237304688
1790704541.3256826,0,0,853.7448120117188,756.6909790039062,827.4251098632812,863.6146850585938
1790704541.3363204,0,0,840.5849609375,768.205810546875,824.1351318359375,850.454833984375
1790704541.347065,0,0,801.1054077148438,773.1407470703125,820.84521484375,834.0050048828125
1790704541.357833,0,0,893.2243041992188,771.4957885742188,822.4901733398438,889.9343872070312
1790704541.3688648,0,0,893.2243041992188,771.4957885742188,822.4901733398438,889.9343872070312
1790704541.380478,0,0,893.2243041992188,771.4957885742188,822.4901733398438,889.9343872070312
1790704541.3913999,0,0,893.2243041992188,771.4957885742188,822.4901733398438,889.9343872070312
1790704541.4023385,0,0,893.2243041992188,771.4957885742188,822.4901733398438,889.9343872070312
1790704541.4131937,0,0,801.1054077148438,774.7857666015625,824.1351318359375,832.3600463867188
1790704541.4240017,0,0,840.5849609375,784.6556396484375,822.4901733398438,843.8749389648438
1790704541.434748,0,0,880.064453125,766.5608520507812,824.1351318359375,876.7745361328125
1790704541.4456356,0,0,814.2652587890625,787.945556640625,817.5552368164062,827.4251098632812
1790704541.4564269,0,0,919.5440063476562,776.4307250976562,820.84521484375,886.6444091796875
1790704541.467245,0,0,866.9046630859375,789.590576171875,819.2001953125,886.6444091796875
1790704541.4777548,0,0,866.9046630859375,789.590576171875,819.2001953125,886.6444091796875
1790704541.4884138,0,0,866.9046630859375,789.590576171875,819.2001953125,886.6444091796875
1790704541.4993672,0,0,866.9046630859375,789.590576171875,819.2001953125,886.6444091796875
1790704541.5099854,0,0,866.9046630859375,789.590576171875,819.2001953125,886.6444091796875
1790704541.5205092,0,0,761.6259155273438,756.6909790039062,825.7801513671875,829.070068359375
1790704541.5310576,0,0,801.1054077148438,768.205810546875,822.4901733398438,855.3897705078125
1790704541.5415728,0,0,853.7448120117188,776.4307250976562,820.84521484375,873.4845581054688
1790704541.5519931,0,0,853.7448120117188,776.4307250976562,820.84521484375,873.4845581054688
1790704541.5631127,0,0,853.7448120117188,776.4307250976562,820.84521484375,873.4845581054688
1790704541.573854,0,0,853.7448120117188,776.4307250976562,820.84521484375,873.4845581054688
1790704541.585045,0,0,853.7448120117188,776.4307250976562,820.84521484375,873.4845581054688
1790704541.596106,0,0,853.7448120117188,776.4307250976562,820.84521484375,873.4845581054688
1790704541.607371,0,0,827.4251098632812,781.3656616210938,819.2001953125,852.0997924804688
1790704541.6184013,0,0,722.1463623046875,764.9158325195312,819.2001953125,812.6203002929688
1790704541.6296875,0,0,787.945556640625,766.5608520507812,822.4901733398438,848.8098754882812
1790704541.6404986,0,0,708.9865112304688,750.1110229492188,820.84521484375,819.2001953125
1790704541.6512902,0,0,820.84521484375,797.8154907226562,814.2652587890625,875.1295166015625
1790704541.662119,0,1,820.84521484375,797.8154907226562,814.2652587890625,875.1295166015625
1790704541.6733797,0,1,820.84521484375,797.8154907226562,814.2652587890625,875.1295166015625
1790704541.6843808,0,1,820.84521484375,797.8154907226562,814.2652587890625,875.1295166015625
1790704541.6949725,0,1,820.84521484375,797.8154907226562,814.2652587890625,875.1295166015625
1790704541.7056277,0,1,820.84521484375,797.8154907226562,814.2652587890625,875.1295166015625
1790704541.716353,0,1,787.945556640625,771.4957885742188,820.84521484375,871.839599609375
1790704541.7271612,0,1,774.7857666015625,771.4957885742188,827.4251098632812,891.579345703125
1790704541.738112,0,1,761.6259155273438,779.720703125,820.84521484375,886.6444091796875
1790704541.7492235,0,1,761.6259155273438,779.720703125,820.84521484375,886.6444091796875
1790704541.7612932,0,1,761.6259155273438,779.720703125,820.84521484375,886.6444091796875
1790704541.771993,0,1,761.6259155273438,779.720703125,820.84521484375,886.6444091796875
1790704541.783203,0,1,761.6259155273438,779.720703125,820.84521484375,886.6444091796875
1790704541.7942536,0,1,630.0274658203125,758.3359375,824.1351318359375,819.2001953125
1790704541.8050213,0,1,669.5070190429688,779.720703125,824.1351318359375,838.9400024414062
1790704541.816483,0,1,722.1463623046875,784.6556396484375,825.7801513671875,886.6444091796875
1790704541.827217,0,1,643.1873168945312,768.205810546875,825.7801513671875,829.070068359375
1790704541.8380105,0,1,643.1873168945312,786.3005981445312,830.715087890625,840.5849609375
1790704541.8487191,0,1,722.1463623046875,789.590576171875,825.7801513671875,888.2893676757812
1790704541.859578,0,1,722.1463623046875,789.590576171875,825.7801513671875,888.2893676757812
1790704541.8704047,0,1,722.1463623046875,789.590576171875,825.7801513671875,888.2893676757812
1790704541.8813262,0,1,722.1463623046875,789.590576171875,825.7801513671875,888.2893676757812
1790704541.8922877,0,1,722.1463623046875,789.590576171875,825.7801513671875,888.2893676757812
1790704541.9034038,0,1,825.7801513671875,796.1704711914062,820.84521484375,830.715087890625
1790704541.914432,0,1,904.7391967773438,773.1407470703125,827.4251098632812,884.9994506835938
1790704541.9253104,0,1,825.7801513671875,773.1407470703125,822.4901733398438,837.2949829101562
1790704541.9361517,0,1,904.7391967773438,758.3359375,834.0050048828125,899.8042602539062
1790704541.947291,0,1,904.7391967773438,758.3359375,834.0050048828125,899.8042602539062
1790704541.9585614,0,1,904.7391967773438,758.3359375,834.0050048828125,899.8042602539062
1790704541.9696808,0,1,904.7391967773438,758.3359375,834.0050048828125,899.8042602539062
1790704541.9806533,0,1,904.7391967773438,758.3359375,834.0050048828125,899.8042602539062
1790704541.991718,0,1,773.1407470703125,774.7857666015625,825.7801513671875,830.715087890625
1790704542.002587,0,1,852.0997924804688,784.6556396484375,829.070068359375,876.7745361328125
1790704542.0132797,0,1,838.9400024414062,791.2355346679688,824.1351318359375,866.9046630859375
1790704542.0238721,0,1,812.6203002929688,786.3005981445312,827.4251098632812,855.3897705078125
1790704542.0344927,0,1,852.0997924804688,786.3005981445312,824.1351318359375,873.4845581054688
1790704542.0453157,0,1,852.0997924804688,786.3005981445312,824.1351318359375,873.4845581054688
1790704542.0557356,0,1,852.0997924804688,786.3005981445312,824.1351318359375,873.4845581054688
1790704542.066434,0,1,852.0997924804688,786.3005981445312,824.1351318359375,873.4845581054688
1790704542.077535,0,1,852.0997924804688,786.3005981445312,824.1351318359375,873.4845581054688
1790704542.088444,0,1,852.0997924804688,786.3005981445312,824.1351318359375,873.4845581054688
1790704542.0990674,0,1,852.0997924804688,786.3005981445312,824.1351318359375,873.4845581054688
1790704542.110108,0,1,746.8211059570312,778.07568359375,827.4251098632812,806.0403442382812
1790704542.1209252,0,1,746.8211059570312,791.2355346679688,825.7801513671875,802.7504272460938
1790704542.1314254,0,1,759.9808959960938,778.07568359375,832.3600463867188,819.2001953125
1790704542.1425729,0,1,733.6612548828125,779.720703125,827.4251098632812,815.9102783203125
1790704542.153317,0,1,707.341552734375,768.205810546875,829.070068359375,806.0403442382812
1790704542.1643734,0,1,733.6612548828125,797.8154907226562,820.84521484375,815.9102783203125
1790704542.174963,0,1,812.6203002929688,799.46044921875,825.7801513671875,868.5496215820312
1790704542.1860008,0,1,812.6203002929688,799.46044921875,825.7801513671875,868.5496215820312
1790704542.1969635,0,1,812.6203002929688,799.46044921875,825.7801513671875,868.5496215820312
1790704542.2080188,0,1,812.6203002929688,799.46044921875,825.7801513671875,868.5496215820312
1790704542.218478,0,1,812.6203002929688,799.46044921875,825.7801513671875,868.5496215820312
1790704542.2289937,0,1,746.8211059570312,801.1054077148438,829.070068359375,815.9102783203125
1790704542.2400787,0,1,773.1407470703125,787.945556640625,830.715087890625,847.1648559570312
1790704542.2509356,0,1,694.1817016601562,794.5255126953125,832.3600463867188,806.0403442382812
1790704542.261771,0,1,654.7021484375,792.8805541992188,837.2949829101562,778.07568359375
1790704542.272555,0,1,759.9808959960938,822.4901733398438,837.2949829101562,835.6500244140625
1790704542.2836254,0,1,759.9808959960938,822.4901733398438,837.2949829101562,835.6500244140625
1790704542.2946477,0,1,759.9808959960938,822.4901733398438,837.2949829101562,835.6500244140625
1790704542.3066657,0,1,759.9808959960938,822.4901733398438,837.2949829101562,835.6500244140625
1790704542.3176334,0,1,759.9808959960938,822.4901733398438,837.2949829101562,835.6500244140625
1790704542.3289485,0,1,759.9808959960938,822.4901733398438,837.2949829101562,835.6500244140625
1790704542.3400342,0,1,602.0628051757812,817.5552368164062,845.5198974609375,699.1166381835938
1790704542.3513856,0,1,575.7431030273438,759.9808959960938,850.454833984375,695.82666015625
1790704542.3621094,0,1,615.22265625,756.6909790039062,832.3600463867188,738.59619140625
1790704542.3732252,0,1,615.22265625,751.7560424804688,822.4901733398438,761.6259155273438
1790704542.3844028,0,1,733.6612548828125,745.1760864257812,822.4901733398438,840.5849609375
1790704542.3960826,0,1,733.6612548828125,745.1760864257812,822.4901733398438,840.5849609375
1790704542.4070263,0,1,733.6612548828125,745.1760864257812,822.4901733398438,840.5849609375
1790704542.4186175,0,1,733.6612548828125,745.1760864257812,822.4901733398438,840.5849609375
1790704542.4300067,0,1,733.6612548828125,745.1760864257812,822.4901733398438,840.5849609375
1790704542.441013,0,1,733.6612548828125,733.6612548828125,824.1351318359375,847.1648559570312
1790704542.4519885,0,1,628.3825073242188,748.466064453125,820.84521484375,774.7857666015625
1790704542.4627788,0,1,641.5423583984375,727.081298828125,825.7801513671875,801.1054077148438
1790704542.47381,0,1,878.4194946289062,761.6259155273438,825.7801513671875,896.5142822265625
1790704542.4843922,0,1,773.1407470703125,758.3359375,829.070068359375,850.454833984375
1790704542.49563,0,1,746.8211059570312,766.5608520507812,829.070068359375,857.0347290039062
1790704542.506866,0,1,694.1817016601562,746.8211059570312,829.070068359375,840.5849609375
1790704542.5175116,0,1,773.1407470703125,776.4307250976562,825.7801513671875,903.09423828125
1790704542.5285878,0,1,773.1407470703125,776.4307250976562,825.7801513671875,903.09423828125
1790704542.5400233,0,1,773.1407470703125,776.4307250976562,825.7801513671875,903.09423828125
1790704542.5505502,0,1,773.1407470703125,776.4307250976562,825.7801513671875,903.09423828125
1790704542.5615523,0,1,773.1407470703125,776.4307250976562,825.7801513671875,903.09423828125
1790704542.573038,0,1,667.8619995117188,756.6909790039062,827.4251098632812,850.454833984375
1790704542.5841925,0,1,641.5423583984375,769.850830078125,827.4251098632812,893.2243041992188
1790704542.594672,0,1,509.94390869140625,773.1407470703125,827.4251098632812,822.4901733398438
1790704542.6052504,0,1,483.62420654296875,746.8211059570312,825.7801513671875,835.6500244140625
1790704542.615989,0,1,483.62420654296875,776.4307250976562,825.7801513671875,842.2299194335938
1790704542.6267257,0,1,562.583251953125,771.4957885742188,827.4251098632812,889.9343872070312
1790704542.6374798,0,1,562.583251953125,771.4957885742188,827.4251098632812,889.9343872070312
1790704542.6486006,0,1,562.583251953125,771.4957885742188,827.4251098632812,889.9343872070312
1790704542.6596353,0,1,562.583251953125,771.4957885742188,827.4251098632812,889.9343872070312
1790704542.6709461,0,1,509.94390869140625,787.945556640625,824.1351318359375,875.1295166015625
1790704542.6819236,0,1,523.103759765625,794.5255126953125,820.84521484375,888.2893676757812
1790704542.692807,0,1,430.98486328125,794.5255126953125,829.070068359375,838.9400024414062
1790704542.7037337,1,1,417.82501220703125,764.9158325195312,830.715087890625,848.8098754882812
1790704542.7144554,1,1,523.103759765625,784.6556396484375,829.070068359375,904.7391967773438
1790704542.7256484,1,1,523.103759765625,784.6556396484375,829.070068359375,904.7391967773438
1790704542.7368977,1,1,523.103759765625,784.6556396484375,829.070068359375,904.7391967773438
1790704542.7480156,1,1,523.103759765625,784.6556396484375,829.070068359375,904.7391967773438
1790704542.7589796,1,1,523.103759765625,784.6556396484375,829.070068359375,904.7391967773438
1790704542.7699728,1,1,523.103759765625,784.6556396484375,829.070068359375,904.7391967773438
1790704542.7808814,1,1,430.98486328125,786.3005981445312,829.070068359375,852.0997924804688
1790704542.791523,1,1,444.1446838378906,789.590576171875,825.7801513671875,865.2596435546875
1790704542.8024588,1,1,444.1446838378906,809.330322265625,824.1351318359375,865.2596435546875
1790704542.813395,1,1,371.76556396484375,786.3005981445312,830.715087890625,835.6500244140625
1790704542.8243396,1,1,384.9254150390625,791.2355346679688,830.715087890625,848.8098754882812
1790704542.834915,1,1,384.9254150390625,791.2355346679688,830.715087890625,848.8098754882812
1790704542.845885,1,1,490.2041320800781,807.6853637695312,824.1351318359375,903.09423828125
1790704542.856453,1,1,490.2041320800781,807.6853637695312,824.1351318359375,903.09423828125
1790704542.8675344,1,1,490.2041320800781,807.6853637695312,824.1351318359375,903.09423828125
1790704542.8786454,1,1,490.2041320800781,807.6853637695312,824.1351318359375,903.09423828125
1790704542.8898513,1,1,490.2041320800781,807.6853637695312,824.1351318359375,903.09423828125
1790704542.9007516,1,1,490.2041320800781,807.6853637695312,824.1351318359375,903.09423828125
1790704542.9113374,1,1,463.88446044921875,802.7504272460938,824.1351318359375,889.9343872070312
1790704542.9219997,1,1,417.82501220703125,812.6203002929688,820.84521484375,860.32470703125
1790704542.9335272,1,1,417.82501220703125,812.6203002929688,820.84521484375,860.32470703125
1790704542.9444895,1,1,470.4643859863281,815.9102783203125,827.4251098632812,889.9343872070312
1790704542.9551494,1,1,444.1446838378906,799.46044921875,822.4901733398438,876.7745361328125
1790704542.966146,1,1,470.4643859863281,825.7801513671875,822.4901733398438,883.3544311523438
1790704542.9770668,1,1,470.4643859863281,825.7801513671875,822.4901733398438,883.3544311523438
1790704542.9879644,1,1,470.4643859863281,825.7801513671875,822.4901733398438,883.3544311523438
1790704542.9988577,1,1,470.4643859863281,825.7801513671875,822.4901733398438,883.3544311523438
1790704543.0101755,1,1,470.4643859863281,825.7801513671875,822.4901733398438,883.3544311523438
1790704543.0208333,1,1,391.50531005859375,784.6556396484375,829.070068359375,837.2949829101562
1790704543.0315566,1,1,391.50531005859375,814.2652587890625,822.4901733398438,883.3544311523438
1790704543.0425026,1,1,338.8659362792969,796.1704711914062,825.7801513671875,860.32470703125
1790704543.0532143,1,1,365.1856384277344,822.4901733398438,832.3600463867188,880.064453125
1790704543.0642529,1,1,863.6146850585938,797.8154907226562,829.070068359375,855.3897705078125
1790704543.0751007,1,1,929.4138793945312,814.2652587890625,827.4251098632812,898.1592407226562
1790704543.085584,1,1,929.4138793945312,814.2652587890625,827.4251098632812,898.1592407226562
1790704543.0961611,1,1,929.4138793945312,814.2652587890625,827.4251098632812,898.1592407226562
1790704543.1071882,1,1,929.4138793945312,814.2652587890625,827.4251098632812,898.1592407226562
1790704543.1181455,1,1,929.4138793945312,814.2652587890625,827.4251098632812,898.1592407226562
1790704543.1291747,1,1,824.1351318359375,789.590576171875,830.715087890625,848.8098754882812
1790704543.1399655,1,1,784.6556396484375,814.2652587890625,825.7801513671875,819.2001953125
1790704543.1505022,1,1,758.3359375,820.84521484375,829.070068359375,812.6203002929688
1790704543.1610215,1,1,876.7745361328125,820.84521484375,830.715087890625,878.4194946289062
1790704543.1716747,1,1,837.2949829101562,799.46044921875,827.4251098632812,858.6797485351562
1790704543.182557,1,1,863.6146850585938,824.1351318359375,827.4251098632812,875.1295166015625
1790704543.19356,1,1,863.6146850585938,824.1351318359375,827.4251098632812,875.1295166015625
1790704543.204171,1,1,863.6146850585938,824.1351318359375,827.4251098632812,875.1295166015625
1790704543.2147825,1,1,863.6146850585938,824.1351318359375,827.4251098632812,875.1295166015625
1790704543.2261178,1,1,863.6146850585938,824.1351318359375,827.4251098632812,875.1295166015625
1790704543.2372382,1,1,679.3768920898438,802.7504272460938,830.715087890625,812.6203002929688
1790704543.2480059,1,1,653.0571899414062,807.6853637695312,827.4251098632812,819.2001953125
1790704543.2587774,1,1,705.6965942382812,830.715087890625,829.070068359375,861.9697265625
1790704543.2694383,1,1,705.6965942382812,830.715087890625,829.070068359375,861.9697265625
1790704543.2800226,1,1,705.6965942382812,830.715087890625,829.070068359375,861.9697265625
1790704543.2913945,1,1,705.6965942382812,830.715087890625,829.070068359375,861.9697265625
1790704543.3023698,1,1,705.6965942382812,830.715087890625,829.070068359375,861.9697265625
1790704543.3128123,1,1,705.6965942382812,830.715087890625,829.070068359375,861.9697265625
1790704543.3237934,1,1,626.7374877929688,802.7504272460938,835.6500244140625,815.9102783203125
1790704543.3345037,1,1,699.1166381835938,806.0403442382812,829.070068359375,857.0347290039062
1790704543.345472,1,1,705.6965942382812,792.8805541992188,827.4251098632812,863.6146850585938
1790704543.3567443,1,1,705.6965942382812,792.8805541992188,827.4251098632812,863.6146850585938
1790704543.367498,1,1,705.6965942382812,792.8805541992188,827.4251098632812,863.6146850585938
1790704543.378033,1,1,705.6965942382812,792.8805541992188,827.4251098632812,863.6146850585938
1790704543.3885205,1,1,705.6965942382812,792.8805541992188,827.4251098632812,863.6146850585938
1790704543.3992734,1,1,705.6965942382812,792.8805541992188,827.4251098632812,863.6146850585938
1790704543.4098086,1,1,580.6780395507812,786.3005981445312,829.070068359375,778.07568359375
1790704543.420426,1,1,574.09814453125,779.720703125,838.9400024414062,794.5255126953125
1790704543.4313855,1,1,603.707763671875,802.7504272460938,832.3600463867188,806.0403442382812
1790704543.443087,1,1,643.1873168945312,796.1704711914062,834.0050048828125,848.8098754882812
1790704543.454566,1,1,682.6668701171875,799.46044921875,832.3600463867188,866.9046630859375
1790704543.4654696,1,1,682.6668701171875,799.46044921875,832.3600463867188,866.9046630859375
1790704543.4761288,1,1,682.6668701171875,799.46044921875,832.3600463867188,866.9046630859375
1790704543.4868233,1,1,682.6668701171875,799.46044921875,832.3600463867188,866.9046630859375
1790704543.4974525,1,1,682.6668701171875,799.46044921875,832.3600463867188,866.9046630859375
1790704543.5079439,1,1,682.6668701171875,799.46044921875,832.3600463867188,866.9046630859375
1790704543.518733,1,1,593.837890625,784.6556396484375,838.9400024414062,810.9752807617188
1790704543.5297074,1,1,577.3881225585938,779.720703125,838.9400024414062,778.07568359375
1790704543.5403857,1,1,682.6668701171875,787.945556640625,832.3600463867188,860.32470703125
1790704543.551488,1,0,682.6668701171875,787.945556640625,832.3600463867188,860.32470703125
1790704543.5627987,1,0,682.6668701171875,787.945556640625,832.3600463867188,860.32470703125
1790704543.5734272,1,0,682.6668701171875,787.945556640625,832.3600463867188,860.32470703125
1790704543.5839307,1,0,682.6668701171875,787.945556640625,832.3600463867188,860.32470703125
1790704543.5948684,1,0,682.6668701171875,787.945556640625,832.3600463867188,860.32470703125
1790704543.6059892,1,0,682.6668701171875,787.945556640625,832.3600463867188,860.32470703125
1790704543.616769,1,0,643.1873168945312,783.0106201171875,835.6500244140625,827.4251098632812
1790704543.6278534,1,0,656.34716796875,779.720703125,806.0403442382812,866.9046630859375
1790704543.6388857,1,0,886.6444091796875,773.1407470703125,773.1407470703125,893.2243041992188
1790704543.6495965,1,0,860.32470703125,799.46044921875,667.8619995117188,866.9046630859375
1790704543.6604633,1,0,939.2837524414062,733.6612548828125,667.8619995117188,919.5440063476562
1790704543.6710796,1,0,939.2837524414062,733.6612548828125,667.8619995117188,919.5440063476562
1790704543.682213,1,0,939.2837524414062,733.6612548828125,667.8619995117188,919.5440063476562
1790704543.693059,1,0,939.2837524414062,733.6612548828125,667.8619995117188,919.5440063476562
1790704543.7036452,1,0,939.2837524414062,733.6612548828125,667.8619995117188,919.5440063476562
1790704543.7142448,1,0,939.2837524414062,733.6612548828125,667.8619995117188,919.5440063476562
1790704543.7250538,1,0,886.6444091796875,970.5383911132812,878.4194946289062,840.5849609375
1790704543.7358801,1,0,755.0459594726562,1220.575439453125,1167.93603515625,735.3062133789062
1790704543.7468238,1,0,570.8081665039062,1575.89111328125,1510.0919189453125,524.7487182617188
1790704543.7583265,1,0,439.2097473144531,1630.175537109375,1674.5899658203125,445.7896728515625
1790704543.7693856,1,0,360.2507019042969,1587.406005859375,1682.81494140625,432.62982177734375
1790704543.780101,1,0,360.2507019042969,1587.406005859375,1682.81494140625,432.62982177734375
1790704543.790967,1,0,465.5294494628906,1608.790771484375,1659.78515625,564.228271484375
1790704543.8018694,1,0,465.5294494628906,1608.790771484375,1659.78515625,564.228271484375
1790704543.8124368,1,0,465.5294494628906,1608.790771484375,1659.78515625,564.228271484375
1790704543.8231082,1,0,465.5294494628906,1608.790771484375,1659.78515625,564.228271484375
1790704543.8336976,1,0,465.5294494628906,1608.790771484375,1659.78515625,564.228271484375
1790704543.8443823,1,0,465.5294494628906,1600.56591796875,1658.14013671875,616.8676147460938
1790704543.8553686,1,0,600.4178466796875,1600.56591796875,1577.5361328125,778.07568359375
1790704543.866451,1,0,475.3993225097656,1600.56591796875,1656.4952392578125,689.2467651367188
1790704543.8769152,1,0,514.8788452148438,1602.2108154296875,1656.4952392578125,708.9865112304688
1790704543.8875759,1,0,514.8788452148438,1602.2108154296875,1656.4952392578125,708.9865112304688
1790704543.8981116,1,0,768.205810546875,1602.2108154296875,1163.0010986328125,942.57373046875
1790704543.9087849,1,0,768.205810546875,1602.2108154296875,1163.0010986328125,942.57373046875
1790704543.9197402,1,0,768.205810546875,1602.2108154296875,1163.0010986328125,942.57373046875
1790704543.930769,1,0,768.205810546875,1602.2108154296875,1163.0010986328125,942.57373046875
1790704543.9415414,1,0,689.2467651367188,1600.56591796875,1118.586669921875,889.9343872070312
1790704543.9525344,1,0,715.5664672851562,1590.696044921875,960.6685180664062,949.1536865234375
1790704543.9630601,1,0,662.9270629882812,1411.3931884765625,931.0588989257812,929.4138793945312
1790704543.974062,1,0,689.2467651367188,1177.805908203125,884.9994506835938,942.57373046875
1790704543.9846911,1,0,662.9270629882812,940.9287719726562,838.9400024414062,947.5086669921875
1790704543.995323,1,0,662.9270629882812,704.0515747070312,783.0106201171875,914.6090698242188
1790704544.0063803,1,0,662.9270629882812,704.0515747070312,783.0106201171875,914.6090698242188
1790704544.017017,1,0,662.9270629882812,704.0515747070312,783.0106201171875,914.6090698242188
1790704544.0277522,1,0,662.9270629882812,704.0515747070312,783.0106201171875,914.6090698242188
1790704544.038544,1,0,662.9270629882812,704.0515747070312,783.0106201171875,914.6090698242188
1790704544.0492027,1,0,662.9270629882812,704.0515747070312,783.0106201171875,914.6090698242188
1790704544.0602272,1,0,662.9270629882812,519.8137817382812,763.2708740234375,903.09423828125
1790704544.0709183,1,0,662.9270629882812,388.2153625488281,759.9808959960938,873.4845581054688
1790704544.0814285,1,0,636.607421875,279.64666748046875,776.4307250976562,855.3897705078125
1790704544.091954,1,0,399.730224609375,332.2860412597656,745.1760864257812,759.9808959960938
1790704544.1025057,1,0,426.0498962402344,333.9309997558594,750.1110229492188,756.6909790039062
1790704544.113046,1,0,426.0498962402344,345.44586181640625,732.0162353515625,717.21142578125
1790704544.1239595,1,0,386.57037353515625,381.63543701171875,740.2411499023438,712.2764892578125
1790704544.1346002,1,0,518.1688232421875,452.3695983886719,745.1760864257812,786.3005981445312
1790704544.1454122,1,0,518.1688232421875,452.3695983886719,745.1760864257812,786.3005981445312
1790704544.1559236,1,0,518.1688232421875,452.3695983886719,745.1760864257812,786.3005981445312
1790704544.1664631,1,0,518.1688232421875,452.3695983886719,745.1760864257812,786.3005981445312
1790704544.177035,1,0,518.1688232421875,452.3695983886719,745.1760864257812,786.3005981445312
1790704544.187951,1,0,518.1688232421875,452.3695983886719,745.1760864257812,786.3005981445312
1790704544.1986322,1,0,373.4105529785156,516.5238037109375,778.07568359375,705.6965942382812
1790704544.2095609,1,0,412.89007568359375,577.3881225585938,810.9752807617188,745.1760864257812
1790704544.2201834,1,0,954.088623046875,307.611328125,700.7615966796875,880.064453125
1790704544.2315114,1,0,875.1295166015625,373.4105529785156,708.9865112304688,860.32470703125
1790704544.2421525,1,0,980.4082641601562,406.3101501464844,720.5014038085938,919.5440063476562
1790704544.2530737,1,0,980.4082641601562,406.3101501464844,720.5014038085938,919.5440063476562
1790704544.264181,1,0,980.4082641601562,406.3101501464844,720.5014038085938,919.5440063476562
1790704544.2749074,1,0,980.4082641601562,406.3101501464844,720.5014038085938,919.5440063476562
1790704544.28576,1,0,980.4082641601562,406.3101501464844,720.5014038085938,919.5440063476562
1790704544.2963119,1,0,796.1704711914062,435.9197998046875,723.7913208007812,865.2596435546875
1790704544.3068836,1,0,848.8098754882812,490.2041320800781,720.5014038085938,883.3544311523438
1790704544.3178787,1,0,769.850830078125,526.3937377929688,722.1463623046875,857.0347290039062
1790704544.3283775,1,0,848.8098754882812,518.1688232421875,727.081298828125,914.6090698242188
1790704544.3389456,1,0,848.8098754882812,518.1688232421875,727.081298828125,914.6090698242188
1790704544.3499458,1,0,848.8098754882812,518.1688232421875,727.081298828125,914.6090698242188
1790704544.361055,1,0,848.8098754882812,518.1688232421875,727.081298828125,914.6090698242188
1790704544.3716645,1,0,848.8098754882812,518.1688232421875,727.081298828125,914.6090698242188
1790704544.3827455,1,0,743.5311279296875,514.8788452148438,725.4363403320312,850.454833984375
1790704544.393313,1,0,717.21142578125,491.84912109375,727.081298828125,853.7448120117188
1790704544.4037573,1,0,717.21142578125,518.1688232421875,725.4363403320312,840.5849609375
1790704544.4143622,1,0,743.5311279296875,529.6836547851562,740.2411499023438,863.6146850585938
1790704544.4253242,1,0,743.5311279296875,552.71337890625,732.0162353515625,873.4845581054688
1790704544.436086,1,0,638.2523803710938,554.3583984375,740.2411499023438,814.2652587890625
1790704544.4471567,1,0,756.6909790039062,598.7728271484375,733.6612548828125,883.3544311523438
1790704544.4584732,1,0,756.6909790039062,598.7728271484375,733.6612548828125,883.3544311523438
1790704544.4694524,1,0,756.6909790039062,598.7728271484375,733.6612548828125,883.3544311523438
1790704544.4799073,1,0,756.6909790039062,598.7728271484375,733.6612548828125,883.3544311523438
1790704544.4908934,1,0,756.6909790039062,598.7728271484375,733.6612548828125,883.3544311523438
1790704544.5014334,1,0,756.6909790039062,598.7728271484375,733.6612548828125,883.3544311523438
1790704544.5119574,1,0,756.6909790039062,598.7728271484375,733.6612548828125,883.3544311523438
1790704544.5225303,1,0,611.9326782226562,618.5126342773438,750.1110229492188,842.2299194335938
1790704544.5330746,1,0,664.5720825195312,641.5423583984375,759.9808959960938,881.70947265625
1790704544.543585,1,0,572.4531860351562,649.7672119140625,756.6909790039062,825.7801513671875
1790704544.5544407,1,0,690.8917236328125,657.9921264648438,761.6259155273438,898.1592407226562
1790704544.5651445,1,0,690.8917236328125,657.9921264648438,761.6259155273438,898.1592407226562
1790704544.5760157,1,0,690.8917236328125,657.9921264648438,761.6259155273438,898.1592407226562
1790704544.5865145,1,0,690.8917236328125,657.9921264648438,761.6259155273438,898.1592407226562
1790704544.5972185,1,0,690.8917236328125,657.9921264648438,761.6259155273438,898.1592407226562
1790704544.608715,1,0,690.8917236328125,657.9921264648438,761.6259155273438,898.1592407226562
1790704544.619591,1,0,664.5720825195312,690.8917236328125,759.9808959960938,875.1295166015625
1790704544.630386,1,0,638.2523803710938,669.5070190429688,769.850830078125,868.5496215820312
1790704544.6420724,1,0,585.6129760742188,648.1222534179688,776.4307250976562,832.3600463867188
1790704544.6529326,1,0,611.9326782226562,723.7913208007812,769.850830078125,822.4901733398438
1790704544.663553,1,0,611.9326782226562,717.21142578125,781.3656616210938,842.2299194335938
1790704544.674149,1,0,664.5720825195312,732.0162353515625,778.07568359375,888.2893676757812
1790704544.6849232,1,0,664.5720825195312,732.0162353515625,778.07568359375,888.2893676757812
1790704544.6955538,1,0,664.5720825195312,732.0162353515625,778.07568359375,888.2893676757812
1790704544.706392,1,0,664.5720825195312,732.0162353515625,778.07568359375,888.2893676757812
1790704544.7174587,1,0,664.5720825195312,732.0162353515625,778.07568359375,888.2893676757812
1790704544.728513,1,0,664.5720825195312,732.0162353515625,778.07568359375,888.2893676757812
1790704544.7395687,1,0,638.2523803710938,730.3712768554688,779.720703125,848.8098754882812
1790704544.7505794,1,0,532.9736328125,713.9214477539062,787.945556640625,829.070068359375
1790704544.7610705,1,0,638.2523803710938,758.3359375,781.3656616210938,875.1295166015625
1790704544.7721374,1,0,532.9736328125,732.0162353515625,786.3005981445312,809.330322265625
1790704544.7833605,1,0,519.8137817382812,712.2764892578125,792.8805541992188,835.6500244140625
1790704544.7947822,1,0,638.2523803710938,753.4010009765625,789.590576171875,884.9994506835938
1790704544.8055806,1,0,638.2523803710938,753.4010009765625,789.590576171875,884.9994506835938
1790704544.8161933,1,0,638.2523803710938,753.4010009765625,789.590576171875,884.9994506835938
1790704544.8269367,1,0,638.2523803710938,753.4010009765625,789.590576171875,884.9994506835938
1790704544.837416,1,0,638.2523803710938,753.4010009765625,789.590576171875,884.9994506835938
1790704544.8480403,1,0,638.2523803710938,753.4010009765625,789.590576171875,884.9994506835938
1790704544.8590782,1,0,519.8137817382812,759.9808959960938,787.945556640625,829.070068359375
1790704544.87019,1,0,852.0997924804688,753.4010009765625,802.7504272460938,847.1648559570312
1790704544.881186,1,0,786.3005981445312,761.6259155273438,784.6556396484375,794.5255126953125
1790704544.891808,1,0,917.8990478515625,768.205810546875,778.07568359375,880.064453125
1790704544.9026265,1,0,917.8990478515625,768.205810546875,778.07568359375,880.064453125
1790704544.913712,1,0,917.8990478515625,768.205810546875,778.07568359375,880.064453125
1790704544.9243104,1,0,917.8990478515625,768.205810546875,778.07568359375,880.064453125
1790704544.9348078,1,0,917.8990478515625,768.205810546875,778.07568359375,880.064453125
1790704544.9453251,1,0,917.8990478515625,768.205810546875,778.07568359375,880.064453125
1790704544.9563823,1,0,917.8990478515625,768.205810546875,778.07568359375,880.064453125
1790704544.9672844,1,0,904.7391967773438,768.205810546875,786.3005981445312,876.7745361328125
1790704544.978023,1,0,759.9808959960938,764.9158325195312,784.6556396484375,784.6556396484375
1790704544.988704,1,0,852.0997924804688,741.8861083984375,807.6853637695312,860.32470703125
1790704544.9999452,1,0,852.0997924804688,741.8861083984375,807.6853637695312,860.32470703125
1790704545.0112643,1,0,852.0997924804688,741.8861083984375,807.6853637695312,860.32470703125
1790704545.0223005,1,0,852.0997924804688,741.8861083984375,807.6853637695312,860.32470703125
1790704545.033491,1,0,852.0997924804688,741.8861083984375,807.6853637695312,860.32470703125
1790704545.045002,1,0,852.0997924804688,741.8861083984375,807.6853637695312,860.32470703125
1790704545.055913,1,0,707.341552734375,746.8211059570312,809.330322265625,771.4957885742188
1790704545.0670767,1,0,733.6612548828125,736.951171875,814.2652587890625,804.3953857421875
1790704545.0781786,1,0,746.8211059570312,741.8861083984375,812.6203002929688,807.6853637695312
1790704545.0886507,1,0,694.1817016601562,730.3712768554688,807.6853637695312,781.3656616210938
1790704545.0992963,1,0,720.5014038085938,763.2708740234375,810.9752807617188,853.7448120117188
1790704545.1102304,1,0,720.5014038085938,763.2708740234375,810.9752807617188,853.7448120117188
1790704545.1210275,1,0,720.5014038085938,763.2708740234375,810.9752807617188,853.7448120117188
1790704545.1321406,1,0,720.5014038085938,763.2708740234375,810.9752807617188,853.7448120117188
1790704545.1431715,1,0,720.5014038085938,763.2708740234375,810.9752807617188,853.7448120117188
1790704545.1548684,1,0,641.5423583984375,727.081298828125,820.84521484375,794.5255126953125
1790704545.1655643,1,0,667.8619995117188,755.0459594726562,819.2001953125,830.715087890625
1790704545.1762214,1,0,707.341552734375,763.2708740234375,827.4251098632812,850.454833984375
1790704545.187099,1,0,615.22265625,773.1407470703125,817.5552368164062,817.5552368164062
1790704545.1981323,1,0,562.583251953125,773.1407470703125,796.1704711914062,814.2652587890625
1790704545.2086122,1,0,575.7431030273438,809.330322265625,781.3656616210938,807.6853637695312
1790704545.2191844,1,0,628.3825073242188,789.590576171875,791.2355346679688,845.5198974609375
1790704545.2298462,1,0,523.103759765625,789.590576171875,786.3005981445312,783.0106201171875
1790704545.2404857,1,0,654.7021484375,801.1054077148438,786.3005981445312,868.5496215820312
1790704545.251021,1,0,654.7021484375,801.1054077148438,786.3005981445312,868.5496215820312
1790704545.2616048,1,0,654.7021484375,801.1054077148438,786.3005981445312,868.5496215820312
1790704545.272324,1,0,654.7021484375,801.1054077148438,786.3005981445312,868.5496215820312
1790704545.283115,1,0,654.7021484375,801.1054077148438,786.3005981445312,868.5496215820312
1790704545.2937114,1,0,654.7021484375,801.1054077148438,786.3005981445312,868.5496215820312
1790704545.304864,1,0,667.8619995117188,1018.2428588867188,713.9214477539062,924.4789428710938
1790704545.3154569,1,0,588.9029541015625,1357.1087646484375,556.0033569335938,819.2001953125
1790704545.3264728,1,0,325.70611572265625,1635.1104736328125,845.5198974609375,503.3639831542969
1790704545.3374004,1,0,404.6651611328125,1635.1104736328125,661.2821044921875,477.0443115234375
1790704545.3481908,1,0,404.6651611328125,1635.1104736328125,661.2821044921875,477.0443115234375
1790704545.3591785,1,0,404.6651611328125,1635.1104736328125,661.2821044921875,477.0443115234375
1790704545.3700578,1,0,404.6651611328125,1635.1104736328125,661.2821044921875,477.0443115234375
1790704545.3815947,1,0,404.6651611328125,1635.1104736328125,661.2821044921875,477.0443115234375
1790704545.39211,1,0,404.6651611328125,1635.1104736328125,661.2821044921875,477.0443115234375
1790704545.4027483,1,0,404.6651611328125,1635.1104736328125,661.2821044921875,477.0443115234375
1790704545.4136302,1,0,404.6651611328125,1635.1104736328125,661.2821044921875,477.0443115234375
1790704545.4245985,1,0,404.6651611328125,1635.1104736328125,661.2821044921875,477.0443115234375
1790704545.4352806,1,0,404.6651611328125,1635.1104736328125,661.2821044921875,477.0443115234375
1790704545.4464896,1,0,299.38641357421875,1643.3353271484375,924.4789428710938,398.0852355957031
1790704545.4573975,1,0,447.4346618652344,1656.4952392578125,814.2652587890625,246.74705505371094
1790704545.4680324,1,0,618.5126342773438,1656.4952392578125,815.9102783203125,384.9254150390625
1790704545.479049,1,0,671.1519775390625,1653.2052001953125,916.2540283203125,611.9326782226562
1790704545.489942,1,0,789.590576171875,1651.560302734375,914.6090698242188,832.3600463867188
1790704545.5007076,1,0,789.590576171875,1651.560302734375,914.6090698242188,832.3600463867188
1790704545.5116322,1,0,789.590576171875,1651.560302734375,914.6090698242188,832.3600463867188
1790704545.5221446,1,0,789.590576171875,1651.560302734375,914.6090698242188,832.3600463867188
1790704545.532766,1,0,789.590576171875,1651.560302734375,914.6090698242188,832.3600463867188
1790704545.5437164,1,0,789.590576171875,1651.560302734375,914.6090698242188,832.3600463867188
1790704545.55436,1,0,802.7504272460938,1633.4654541015625,886.6444091796875,937.6387939453125
1790704545.5652235,1,0,815.9102783203125,1126.8115234375,866.9046630859375,1240.315185546875
1790704545.5758636,1,0,815.9102783203125,968.8934326171875,922.833984375,1260.054931640625
1790704545.5864637,1,0,815.9102783203125,968.8934326171875,922.833984375,1260.054931640625
1790704545.5970206,1,0,815.9102783203125,968.8934326171875,922.833984375,1260.054931640625
1790704545.6082642,1,0,815.9102783203125,968.8934326171875,922.833984375,1260.054931640625
1790704545.619583,1,0,815.9102783203125,968.8934326171875,922.833984375,1260.054931640625
1790704545.6300466,1,0,697.4716796875,509.94390869140625,898.1592407226562,960.6685180664062
1790704545.6409543,1,0,723.7913208007812,348.73583984375,880.064453125,924.4789428710938
1790704545.6517122,1,0,789.590576171875,320.77117919921875,884.9994506835938,963.95849609375
1790704545.6628194,1,0,789.590576171875,320.77117919921875,884.9994506835938,963.95849609375
1790704545.673341,1,0,789.590576171875,320.77117919921875,884.9994506835938,963.95849609375
1790704545.683971,1,0,789.590576171875,320.77117919921875,884.9994506835938,963.95849609375
1790704545.6944733,1,0,789.590576171875,320.77117919921875,884.9994506835938,963.95849609375
1790704545.7050405,1,0,697.4716796875,259.9068908691406,871.839599609375,889.9343872070312
1790704545.7156906,1,0,657.9921264648438,309.2563171386719,861.9697265625,845.5198974609375
1790704545.7262697,1,0,618.5126342773438,352.0257873535156,850.454833984375,792.8805541992188
1790704545.7371838,1,0,684.3118286132812,399.730224609375,850.454833984375,825.7801513671875
1790704545.7481575,1,0,736.951171875,426.0498962402344,848.8098754882812,855.3897705078125
1790704545.758955,1,0,736.951171875,426.0498962402344,848.8098754882812,855.3897705078125
1790704545.7694507,1,0,736.951171875,426.0498962402344,848.8098754882812,855.3897705078125
1790704545.780173,1,0,736.951171875,426.0498962402344,848.8098754882812,855.3897705078125
1790704545.7910233,1,0,736.951171875,426.0498962402344,848.8098754882812,855.3897705078125
1790704545.8016691,1,0,618.5126342773438,407.95513916015625,857.0347290039062,802.7504272460938
1790704545.812189,1,0,552.71337890625,475.3993225097656,843.8749389648438,776.4307250976562
1790704545.822703,1,0,552.71337890625,526.3937377929688,843.8749389648438,786.3005981445312
1790704545.8336701,1,0,526.3937377929688,557.6483154296875,835.6500244140625,773.1407470703125
1790704545.844126,1,0,513.23388671875,590.5479125976562,832.3600463867188,766.5608520507812
1790704545.8549545,1,0,631.6724243164062,639.8973388671875,830.715087890625,835.6500244140625
1790704545.866101,1,0,631.6724243164062,639.8973388671875,830.715087890625,835.6500244140625
1790704545.8775337,1,0,631.6724243164062,639.8973388671875,830.715087890625,835.6500244140625
1790704545.888078,1,0,631.6724243164062,639.8973388671875,830.715087890625,835.6500244140625
1790704545.898631,1,0,631.6724243164062,639.8973388671875,830.715087890625,835.6500244140625
1790704545.9094381,1,0,526.3937377929688,644.832275390625,829.070068359375,766.5608520507812
1790704545.9201286,1,0,539.5535278320312,700.7615966796875,829.070068359375,763.2708740234375
1790704545.9307015,1,0,631.6724243164062,699.1166381835938,835.6500244140625,829.070068359375
1790704545.9418993,1,0,644.832275390625,704.0515747070312,834.0050048828125,832.3600463867188
1790704545.952577,1,0,519.8137817382812,725.4363403320312,835.6500244140625,745.1760864257812
1790704545.9633112,1,0,638.2523803710938,745.1760864257812,835.6500244140625,820.84521484375
1790704545.9738984,1,0,638.2523803710938,745.1760864257812,835.6500244140625,820.84521484375
1790704545.9844682,1,0,638.2523803710938,745.1760864257812,835.6500244140625,820.84521484375
1790704545.9953728,1,0,638.2523803710938,745.1760864257812,835.6500244140625,820.84521484375
1790704546.0064168,1,0,638.2523803710938,745.1760864257812,835.6500244140625,820.84521484375
1790704546.017676,1,0,539.5535278320312,723.7913208007812,840.5849609375,768.205810546875
1790704546.0283692,1,0,960.6685180664062,625.092529296875,814.2652587890625,886.6444091796875
1790704546.0390308,1,0,842.2299194335938,648.1222534179688,814.2652587890625,829.070068359375
1790704546.0500224,1,0,868.5496215820312,705.6965942382812,807.6853637695312,881.70947265625
1790704546.0613427,1,0,868.5496215820312,705.6965942382812,807.6853637695312,881.70947265625
1790704546.072224,1,0,868.5496215820312,705.6965942382812,807.6853637695312,881.70947265625
1790704546.0828912,1,0,868.5496215820312,705.6965942382812,807.6853637695312,881.70947265625
1790704546.0933943,1,0,868.5496215820312,705.6965942382812,807.6853637695312,881.70947265625
1790704546.1040416,1,0,868.5496215820312,705.6965942382812,807.6853637695312,881.70947265625
1790704546.1153123,1,0,736.951171875,715.5664672851562,807.6853637695312,799.46044921875
1790704546.126294,1,0,736.951171875,699.1166381835938,810.9752807617188,806.0403442382812
1790704546.1370823,1,0,763.2708740234375,718.8563842773438,810.9752807617188,822.4901733398438
1790704546.1476474,1,0,736.951171875,723.7913208007812,807.6853637695312,822.4901733398438
1790704546.158184,1,0,657.9921264648438,715.5664672851562,807.6853637695312,810.9752807617188
1790704546.1694129,1,0,736.951171875,736.951171875,807.6853637695312,871.839599609375
1790704546.1799903,1,0,736.951171875,736.951171875,807.6853637695312,871.839599609375
1790704546.1905553,1,0,736.951171875,736.951171875,807.6853637695312,871.839599609375
1790704546.2013798,1,0,736.951171875,736.951171875,807.6853637695312,871.839599609375
1790704546.212386,1,0,736.951171875,736.951171875,807.6853637695312,871.839599609375
1790704546.223367,1,0,736.951171875,736.951171875,807.6853637695312,871.839599609375
1790704546.2341514,1,0,631.6724243164062,697.4716796875,801.1054077148438,807.6853637695312
1790704546.2450132,1,0,710.6315307617188,736.951171875,806.0403442382812,863.6146850585938
1790704546.25548,1,0,697.4716796875,746.8211059570312,807.6853637695312,873.4845581054688
1790704546.2661345,1,0,579.0330810546875,740.2411499023438,807.6853637695312,820.84521484375
1790704546.2769294,1,0,552.71337890625,751.7560424804688,806.0403442382812,804.3953857421875
1790704546.287477,1,0,552.71337890625,735.3062133789062,809.330322265625,817.5552368164062
1790704546.2982442,1,0,526.3937377929688,745.1760864257812,807.6853637695312,787.945556640625
1790704546.3092895,1,0,631.6724243164062,758.3359375,814.2652587890625,863.6146850585938
1790704546.3200407,1,0,631.6724243164062,758.3359375,814.2652587890625,863.6146850585938
1790704546.330937,1,0,631.6724243164062,758.3359375,814.2652587890625,863.6146850585938
1790704546.3414395,1,0,631.6724243164062,758.3359375,814.2652587890625,863.6146850585938
1790704546.3523788,1,0,631.6724243164062,758.3359375,814.2652587890625,863.6146850585938
1790704546.3632572,1,0,526.3937377929688,740.2411499023438,819.2001953125,807.6853637695312
1790704546.374107,1,0,579.0330810546875,755.0459594726562,814.2652587890625,837.2949829101562
1790704546.385616,1,0,526.3937377929688,735.3062133789062,822.4901733398438,810.9752807617188
1790704546.396616,1,0,657.9921264648438,781.3656616210938,812.6203002929688,873.4845581054688
1790704546.4073052,1,0,552.71337890625,756.6909790039062,812.6203002929688,801.1054077148438
1790704546.4177701,1,0,657.9921264648438,784.6556396484375,812.6203002929688,870.194580078125
1790704546.4284148,1,0,657.9921264648438,784.6556396484375,812.6203002929688,870.194580078125
1790704546.4390018,1,0,657.9921264648438,784.6556396484375,812.6203002929688,870.194580078125
1790704546.4498546,1,0,657.9921264648438,784.6556396484375,812.6203002929688,870.194580078125
1790704546.4613886,1,0,657.9921264648438,784.6556396484375,812.6203002929688,870.194580078125
1790704546.473075,1,0,657.9921264648438,784.6556396484375,812.6203002929688,870.194580078125
1790704546.4837646,1,0,657.9921264648438,783.0106201171875,810.9752807617188,866.9046630859375
1790704546.494662,1,0,631.6724243164062,773.1407470703125,814.2652587890625,837.2949829101562
1790704546.505664,1,0,664.5720825195312,778.07568359375,810.9752807617188,845.5198974609375
1790704546.516384,1,0,552.71337890625,763.2708740234375,815.9102783203125,804.3953857421875
1790704546.527183,1,0,677.7318725585938,801.1054077148438,817.5552368164062,863.6146850585938
1790704546.5380116,1,0,677.7318725585938,801.1054077148438,817.5552368164062,863.6146850585938
1790704546.5488222,1,0,677.7318725585938,801.1054077148438,817.5552368164062,863.6146850585938
1790704546.5602853,1,0,677.7318725585938,801.1054077148438,817.5552368164062,863.6146850585938
1790704546.5714104,1,0,677.7318725585938,801.1054077148438,817.5552368164062,863.6146850585938
1790704546.582487,1,0,794.5255126953125,774.7857666015625,817.5552368164062,835.6500244140625
1790704546.5934434,1,0,768.205810546875,789.590576171875,810.9752807617188,845.5198974609375
1790704546.6043274,1,0,820.84521484375,783.0106201171875,820.84521484375,876.7745361328125
1790704546.615062,1,0,715.5664672851562,758.3359375,817.5552368164062,807.6853637695312
1790704546.6258786,1,0,794.5255126953125,783.0106201171875,814.2652587890625,891.579345703125
1790704546.6367624,1,0,794.5255126953125,783.0106201171875,814.2652587890625,891.579345703125
1790704546.6476574,1,0,794.5255126953125,783.0106201171875,814.2652587890625,891.579345703125
1790704546.6586916,1,0,794.5255126953125,783.0106201171875,814.2652587890625,891.579345703125
1790704546.6701517,1,0,794.5255126953125,783.0106201171875,814.2652587890625,891.579345703125
1790704546.6810412,1,0,689.2467651367188,774.7857666015625,815.9102783203125,832.3600463867188
1790704546.6919904,1,0,662.9270629882812,768.205810546875,817.5552368164062,814.2652587890625
1790704546.7027678,1,0,662.9270629882812,781.3656616210938,817.5552368164062,820.84521484375
1790704546.7135515,1,0,662.9270629882812,764.9158325195312,810.9752807617188,814.2652587890625
1790704546.7246659,1,0,741.8861083984375,778.07568359375,817.5552368164062,853.7448120117188
1790704546.7357483,1,0,794.5255126953125,779.720703125,817.5552368164062,886.6444091796875
1790704546.7465715,1,0,794.5255126953125,779.720703125,817.5552368164062,886.6444091796875
1790704546.7572718,1,0,794.5255126953125,779.720703125,817.5552368164062,886.6444091796875
1790704546.7681158,1,0,794.5255126953125,779.720703125,817.5552368164062,886.6444091796875
1790704546.7788775,1,0,794.5255126953125,779.720703125,817.5552368164062,886.6444091796875
1790704546.789908,1,0,676.0869140625,792.8805541992188,819.2001953125,807.6853637695312
1790704546.8006861,1,0,787.945556640625,801.1054077148438,819.2001953125,883.3544311523438
1790704546.811869,1,0,781.3656616210938,797.8154907226562,812.6203002929688,866.9046630859375
1790704546.8228605,1,0,735.3062133789062,799.46044921875,817.5552368164062,853.7448120117188
1790704546.8338397,1,0,787.945556640625,796.1704711914062,814.2652587890625,871.839599609375
1790704546.845098,1,0,787.945556640625,796.1704711914062,814.2652587890625,871.839599609375
1790704546.856019,1,0,787.945556640625,796.1704711914062,814.2652587890625,871.839599609375
1790704546.867205,1,0,787.945556640625,796.1704711914062,814.2652587890625,871.839599609375
1790704546.87805,1,0,787.945556640625,796.1704711914062,814.2652587890625,871.839599609375
1790704546.8889725,1,0,787.945556640625,796.1704711914062,814.2652587890625,871.839599609375
1790704546.8995583,1,0,787.945556640625,796.1704711914062,814.2652587890625,871.839599609375
1790704546.910621,1,0,708.9865112304688,796.1704711914062,815.9102783203125,820.84521484375
1790704546.9215088,1,0,656.34716796875,766.5608520507812,820.84521484375,814.2652587890625
1790704546.9324872,1,0,656.34716796875,797.8154907226562,812.6203002929688,799.46044921875
1790704546.943562,1,0,735.3062133789062,806.0403442382812,812.6203002929688,852.0997924804688
1790704546.954283,1,0,748.466064453125,812.6203002929688,819.2001953125,861.9697265625
1790704546.9651897,1,0,748.466064453125,812.6203002929688,819.2001953125,861.9697265625
1790704546.97624,1,0,748.466064453125,812.6203002929688,819.2001953125,861.9697265625
1790704546.9870195,1,0,748.466064453125,812.6203002929688,819.2001953125,861.9697265625
1790704546.997782,1,0,748.466064453125,812.6203002929688,819.2001953125,861.9697265625
1790704547.00854,1,0,643.1873168945312,804.3953857421875,812.6203002929688,796.1704711914062
1790704547.019405,1,0,695.82666015625,796.1704711914062,812.6203002929688,848.8098754882812
1790704547.0300012,1,0,708.9865112304688,799.46044921875,814.2652587890625,852.0997924804688
1790704547.0410166,1,0,583.968017578125,786.3005981445312,817.5552368164062,799.46044921875
1790704547.0516992,1,0,590.5479125976562,797.8154907226562,814.2652587890625,797.8154907226562
1790704547.0627172,1,1,695.82666015625,810.9752807617188,815.9102783203125,858.6797485351562
1790704547.0734236,1,1,695.82666015625,810.9752807617188,815.9102783203125,858.6797485351562
1790704547.0839818,1,1,695.82666015625,810.9752807617188,815.9102783203125,858.6797485351562
1790704547.0953584,1,1,695.82666015625,810.9752807617188,815.9102783203125,858.6797485351562
1790704547.1061375,1,1,695.82666015625,810.9752807617188,815.9102783203125,858.6797485351562
1790704547.1167762,1,1,616.8676147460938,801.1054077148438,812.6203002929688,806.0403442382812
1790704547.1273556,1,1,669.5070190429688,802.7504272460938,810.9752807617188,845.5198974609375
1790704547.1380887,1,1,564.228271484375,791.2355346679688,825.7801513671875,786.3005981445312
1790704547.1485808,1,1,881.70947265625,804.3953857421875,827.4251098632812,861.9697265625
1790704547.1593928,1,1,934.3488159179688,801.1054077148438,824.1351318359375,891.579345703125
1790704547.170226,1,1,934.3488159179688,801.1054077148438,824.1351318359375,891.579345703125
1790704547.1809778,1,1,934.3488159179688,801.1054077148438,824.1351318359375,891.579345703125
1790704547.1918285,1,1,934.3488159179688,801.1054077148438,824.1351318359375,891.579345703125
1790704547.2032712,1,1,934.3488159179688,801.1054077148438,824.1351318359375,891.579345703125
1790704547.2145457,1,1,789.590576171875,779.720703125,820.84521484375,812.6203002929688
1790704547.2254364,1,1,802.7504272460938,764.9158325195312,825.7801513671875,832.3600463867188
1790704547.2361836,1,1,894.8693237304688,783.0106201171875,822.4901733398438,891.579345703125
1790704547.2471848,1,0,894.8693237304688,783.0106201171875,822.4901733398438,891.579345703125
1790704547.2580483,1,0,894.8693237304688,783.0106201171875,822.4901733398438,891.579345703125
1790704547.2688758,1,0,894.8693237304688,783.0106201171875,822.4901733398438,891.579345703125
1790704547.2798343,1,0,894.8693237304688,783.0106201171875,822.4901733398438,891.579345703125
1790704547.2911108,1,0,894.8693237304688,796.1704711914062,820.84521484375,881.70947265625
1790704547.302177,1,0,842.2299194335938,786.3005981445312,817.5552368164062,861.9697265625
1790704547.3130617,1,0,855.3897705078125,797.8154907226562,819.2001953125,865.2596435546875
1790704547.3239021,1,0,750.1110229492188,776.4307250976562,824.1351318359375,792.8805541992188
1790704547.334856,1,0,881.70947265625,794.5255126953125,819.2001953125,865.2596435546875
1790704547.3458595,1,0,881.70947265625,794.5255126953125,819.2001953125,865.2596435546875
1790704547.3567848,1,0,881.70947265625,794.5255126953125,819.2001953125,865.2596435546875
1790704547.3674521,1,0,881.70947265625,794.5255126953125,819.2001953125,865.2596435546875
1790704547.378279,1,0,881.70947265625,794.5255126953125,819.2001953125,865.2596435546875
1790704547.3891816,1,0,776.4307250976562,763.2708740234375,824.1351318359375,806.0403442382812
1790704547.3997889,1,0,835.6500244140625,796.1704711914062,809.330322265625,815.9102783203125
1790704547.4110186,1,0,875.1295166015625,797.8154907226562,819.2001953125,845.5198974609375
1790704547.4218764,1,0,921.18896484375,783.0106201171875,824.1351318359375,866.9046630859375
1790704547.4332073,1,0,921.18896484375,783.0106201171875,824.1351318359375,866.9046630859375
1790704547.4442446,1,0,921.18896484375,783.0106201171875,824.1351318359375,866.9046630859375
1790704547.456074,1,0,921.18896484375,783.0106201171875,824.1351318359375,866.9046630859375
1790704547.4673479,1,0,921.18896484375,783.0106201171875,824.1351318359375,866.9046630859375
1790704547.4784014,1,0,815.9102783203125,786.3005981445312,817.5552368164062,804.3953857421875
1790704547.489013,1,0,815.9102783203125,801.1054077148438,822.4901733398438,781.3656616210938
1790704547.4999075,1,0,815.9102783203125,786.3005981445312,819.2001953125,824.1351318359375
1790704547.510864,1,0,736.951171875,789.590576171875,820.84521484375,797.8154907226562
1790704547.5213962,1,0,736.951171875,774.7857666015625,830.715087890625,784.6556396484375
1790704547.5325406,1,0,842.2299194335938,784.6556396484375,832.3600463867188,863.6146850585938
1790704547.5431824,1,0,842.2299194335938,784.6556396484375,832.3600463867188,863.6146850585938
1790704547.5541852,1,0,842.2299194335938,784.6556396484375,832.3600463867188,863.6146850585938
1790704547.5649006,1,0,842.2299194335938,784.6556396484375,832.3600463867188,863.6146850585938
1790704547.5757809,1,0,842.2299194335938,784.6556396484375,832.3600463867188,863.6146850585938
1790704547.5868902,1,0,842.2299194335938,784.6556396484375,832.3600463867188,863.6146850585938
1790704547.5981178,1,0,736.951171875,786.3005981445312,832.3600463867188,797.8154907226562
1790704547.608747,1,0,710.6315307617188,801.1054077148438,835.6500244140625,791.2355346679688
1790704547.6195676,1,0,710.6315307617188,801.1054077148438,835.6500244140625,791.2355346679688
1790704547.6306133,1,0,802.7504272460938,801.1054077148438,830.715087890625,850.454833984375
1790704547.6414278,1,0,750.1110229492188,789.590576171875,832.3600463867188,832.3600463867188
1790704547.6525435,1,0,789.590576171875,796.1704711914062,835.6500244140625,858.6797485351562
1790704547.6637673,1,0,802.7504272460938,792.8805541992188,832.3600463867188,873.4845581054688
1790704547.674429,1,0,802.7504272460938,792.8805541992188,832.3600463867188,873.4845581054688
1790704547.6853938,1,0,802.7504272460938,792.8805541992188,832.3600463867188,873.4845581054688
1790704547.6967893,1,0,802.7504272460938,792.8805541992188,832.3600463867188,873.4845581054688
1790704547.707777,1,0,802.7504272460938,792.8805541992188,832.3600463867188,873.4845581054688
1790704547.7183597,1,0,802.7504272460938,792.8805541992188,832.3600463867188,873.4845581054688
1790704547.729574,1,0,802.7504272460938,792.8805541992188,832.3600463867188,873.4845581054688
1790704547.7405102,1,0,684.3118286132812,764.9158325195312,834.0050048828125,812.6203002929688
1790704547.7515259,1,0,657.9921264648438,768.205810546875,829.070068359375,819.2001953125
1790704547.7623007,1,0,809.330322265625,796.1704711914062,825.7801513671875,817.5552368164062
1790704547.7731962,1,0,940.9287719726562,786.3005981445312,830.715087890625,899.8042602539062
1790704547.7844565,1,0,940.9287719726562,786.3005981445312,830.715087890625,899.8042602539062
1790704547.7956421,1,0,940.9287719726562,786.3005981445312,830.715087890625,899.8042602539062
1790704547.8070278,1,0,940.9287719726562,786.3005981445312,830.715087890625,899.8042602539062
1790704547.8178153,1,0,940.9287719726562,786.3005981445312,830.715087890625,899.8042602539062
1790704547.8285277,0,0,835.6500244140625,799.46044921875,822.4901733398438,824.1351318359375
1790704547.8394341,0,0,861.9697265625,794.5255126953125,817.5552368164062,830.715087890625
1790704547.8502665,0,0,835.6500244140625,774.7857666015625,825.7801513671875,827.4251098632812
1790704547.8611798,0,0,940.9287719726562,789.590576171875,825.7801513671875,889.9343872070312
1790704547.8720245,0,0,756.6909790039062,787.945556640625,825.7801513671875,838.9400024414062
1790704547.8829145,0,0,835.6500244140625,806.0403442382812,829.070068359375,893.2243041992188
1790704547.8935838,0,0,835.6500244140625,806.0403442382812,829.070068359375,893.2243041992188
1790704547.9043417,0,0,835.6500244140625,806.0403442382812,829.070068359375,893.2243041992188
1790704547.9157138,0,0,835.6500244140625,806.0403442382812,829.070068359375,893.2243041992188
1790704547.9264836,0,0,835.6500244140625,806.0403442382812,829.070068359375,893.2243041992188
1790704547.9370687,0,0,809.330322265625,806.0403442382812,822.4901733398438,888.2893676757812
1790704547.947771,0,0,704.0515747070312,778.07568359375,829.070068359375,825.7801513671875
1790704547.9584136,0,0,704.0515747070312,776.4307250976562,827.4251098632812,832.3600463867188
1790704547.9693787,0,0,783.0106201171875,804.3953857421875,817.5552368164062,880.064453125
1790704547.9802306,0,0,783.0106201171875,804.3953857421875,817.5552368164062,880.064453125
1790704547.9907346,0,0,783.0106201171875,804.3953857421875,817.5552368164062,880.064453125
1790704548.0020804,0,0,783.0106201171875,804.3953857421875,817.5552368164062,880.064453125
1790704548.0128264,0,0,783.0106201171875,804.3953857421875,817.5552368164062,880.064453125
1790704548.024103,0,0,664.5720825195312,802.7504272460938,812.6203002929688,809.330322265625
1790704548.034612,0,0,717.21142578125,799.46044921875,789.590576171875,848.8098754882812
1790704548.0454638,0,0,638.2523803710938,804.3953857421875,794.5255126953125,802.7504272460938
1790704548.056411,0,0,625.092529296875,799.46044921875,794.5255126953125,796.1704711914062
1790704548.0672696,0,0,611.9326782226562,786.3005981445312,801.1054077148438,820.84521484375
1790704548.0780692,0,0,704.0515747070312,807.6853637695312,796.1704711914062,876.7745361328125
1790704548.0888414,0,0,704.0515747070312,807.6853637695312,796.1704711914062,876.7745361328125
1790704548.0996654,0,0,704.0515747070312,807.6853637695312,796.1704711914062,876.7745361328125
1790704548.1107442,0,0,704.0515747070312,807.6853637695312,796.1704711914062,876.7745361328125
1790704548.1221669,0,0,704.0515747070312,807.6853637695312,796.1704711914062,876.7745361328125
1790704548.1331215,0,0,690.8917236328125,809.330322265625,802.7504272460938,871.839599609375
1790704548.1436234,0,0,651.4122314453125,809.330322265625,809.330322265625,875.1295166015625
1790704548.1543908,0,0,532.9736328125,791.2355346679688,807.6853637695312,812.6203002929688
1790704548.165529,0,0,506.6539306640625,776.4307250976562,815.9102783203125,830.715087890625
1790704548.176668,0,0,532.9736328125,784.6556396484375,820.84521484375,875.1295166015625
1790704548.1873877,0,0,532.9736328125,784.6556396484375,817.5552368164062,894.8693237304688
1790704548.198256,0,0,427.69488525390625,786.3005981445312,817.5552368164062,809.330322265625
1790704548.209411,0,0,454.01458740234375,784.6556396484375,819.2001953125,834.0050048828125
1790704548.220339,0,0,506.6539306640625,786.3005981445312,819.2001953125,888.2893676757812
1790704548.2309866,0,0,506.6539306640625,786.3005981445312,819.2001953125,888.2893676757812
1790704548.2420228,0,0,506.6539306640625,786.3005981445312,819.2001953125,888.2893676757812
1790704548.2527401,0,0,506.6539306640625,786.3005981445312,819.2001953125,888.2893676757812
1790704548.2635584,0,0,506.6539306640625,786.3005981445312,819.2001953125,888.2893676757812
1790704548.274474,0,0,375.0555114746094,784.6556396484375,820.84521484375,850.454833984375
1790704548.2853224,0,0,348.73583984375,792.8805541992188,815.9102783203125,870.194580078125
1790704548.2962315,0,0,835.6500244140625,791.2355346679688,822.4901733398438,834.0050048828125
1790704548.3073845,0,0,848.8098754882812,791.2355346679688,822.4901733398438,860.32470703125
1790704548.3179567,0,0,875.1295166015625,815.9102783203125,819.2001953125,886.6444091796875
1790704548.3285809,0,0,875.1295166015625,815.9102783203125,819.2001953125,886.6444091796875
1790704548.3390083,0,0,875.1295166015625,815.9102783203125,819.2001953125,886.6444091796875
1790704548.3495858,0,0,875.1295166015625,815.9102783203125,819.2001953125,886.6444091796875
1790704548.3601809,0,0,875.1295166015625,815.9102783203125,819.2001953125,886.6444091796875
1790704548.3712165,0,0,875.1295166015625,815.9102783203125,819.2001953125,886.6444091796875
1790704548.3819597,0,0,717.21142578125,794.5255126953125,827.4251098632812,820.84521484375
1790704548.392894,0,0,796.1704711914062,804.3953857421875,827.4251098632812,871.839599609375
1790704548.4034176,0,0,684.3118286132812,794.5255126953125,825.7801513671875,820.84521484375
1790704548.4139876,0,0,671.1519775390625,796.1704711914062,829.070068359375,814.2652587890625
1790704548.4250152,0,0,783.0106201171875,810.9752807617188,825.7801513671875,870.194580078125
1790704548.4359038,0,0,783.0106201171875,810.9752807617188,825.7801513671875,870.194580078125
1790704548.4466815,0,0,783.0106201171875,810.9752807617188,825.7801513671875,870.194580078125
1790704548.4574714,0,0,783.0106201171875,810.9752807617188,825.7801513671875,870.194580078125
1790704548.468533,0,0,783.0106201171875,810.9752807617188,825.7801513671875,870.194580078125
1790704548.479239,0,0,651.4122314453125,787.945556640625,827.4251098632812,815.9102783203125
1790704548.4902463,0,0,704.0515747070312,806.0403442382812,825.7801513671875,853.7448120117188
1790704548.5009966,0,0,664.5720825195312,787.945556640625,824.1351318359375,830.715087890625
1790704548.5119102,0,0,690.8917236328125,797.8154907226562,820.84521484375,819.2001953125
1790704548.5229278,0,0,677.7318725585938,792.8805541992188,815.9102783203125,815.9102783203125
1790704548.5338798,0,0,677.7318725585938,792.8805541992188,815.9102783203125,815.9102783203125
1790704548.5447788,0,0,677.7318725585938,792.8805541992188,815.9102783203125,815.9102783203125
1790704548.5562224,0,0,677.7318725585938,792.8805541992188,815.9102783203125,815.9102783203125
1790704548.5669863,0,0,677.7318725585938,792.8805541992188,815.9102783203125,815.9102783203125
1790704548.5776255,0,0,598.7728271484375,799.46044921875,801.1054077148438,750.1110229492188
1790704548.5885537,0,0,598.7728271484375,778.07568359375,799.46044921875,776.4307250976562
1790704548.5991058,0,0,638.2523803710938,784.6556396484375,802.7504272460938,806.0403442382812
1790704548.6096904,0,0,625.092529296875,797.8154907226562,809.330322265625,802.7504272460938
1790704548.6206582,0,0,625.092529296875,787.945556640625,807.6853637695312,804.3953857421875
1790704548.6312747,0,0,717.21142578125,801.1054077148438,812.6203002929688,853.7448120117188
1790704548.6419766,0,0,717.21142578125,801.1054077148438,812.6203002929688,853.7448120117188
1790704548.653258,0,0,717.21142578125,801.1054077148438,812.6203002929688,853.7448120117188
1790704548.6646082,0,0,717.21142578125,801.1054077148438,812.6203002929688,853.7448120117188
1790704548.6754787,0,0,717.21142578125,801.1054077148438,812.6203002929688,853.7448120117188
1790704548.6860604,0,0,677.7318725585938,804.3953857421875,817.5552368164062,858.6797485351562
1790704548.6968727,0,0,559.2933349609375,796.1704711914062,817.5552368164062,824.1351318359375
1790704548.7075484,0,0,625.092529296875,812.6203002929688,817.5552368164062,861.9697265625
1790704548.718054,0,0,625.092529296875,812.6203002929688,817.5552368164062,861.9697265625
1790704548.7285995,0,0,625.092529296875,812.6203002929688,817.5552368164062,861.9697265625
1790704548.7394779,0,0,625.092529296875,812.6203002929688,817.5552368164062,861.9697265625
1790704548.750615,0,0,625.092529296875,812.6203002929688,817.5552368164062,861.9697265625
1790704548.7616522,0,0,625.092529296875,812.6203002929688,817.5552368164062,861.9697265625
1790704548.772617,0,0,526.3937377929688,794.5255126953125,817.5552368164062,806.0403442382812
1790704548.7836158,0,0,592.1929321289062,801.1054077148438,817.5552368164062,852.0997924804688
1790704548.7941756,0,0,618.5126342773438,819.2001953125,822.4901733398438,878.4194946289062
1790704548.8051822,0,0,513.23388671875,781.3656616210938,832.3600463867188,843.8749389648438
1790704548.8160653,0,0,447.4346618652344,794.5255126953125,827.4251098632812,809.330322265625
1790704548.8272269,0,0,552.71337890625,806.0403442382812,830.715087890625,876.7745361328125
1790704548.8378727,0,0,552.71337890625,806.0403442382812,830.715087890625,876.7745361328125
1790704548.8485217,0,0,552.71337890625,806.0403442382812,830.715087890625,876.7745361328125
1790704548.8591094,0,0,552.71337890625,806.0403442382812,830.715087890625,876.7745361328125
1790704548.8699224,0,0,552.71337890625,806.0403442382812,830.715087890625,876.7745361328125
1790704548.8804429,0,0,552.71337890625,806.0403442382812,830.715087890625,876.7745361328125
1790704548.8910887,0,0,806.0403442382812,804.3953857421875,829.070068359375,852.0997924804688
1790704548.901668,0,0,845.5198974609375,814.2652587890625,820.84521484375,863.6146850585938
1790704548.9121172,0,0,884.9994506835938,812.6203002929688,820.84521484375,886.6444091796875
1790704548.9231565,0,0,884.9994506835938,812.6203002929688,820.84521484375,886.6444091796875
1790704548.9338334,0,0,884.9994506835938,812.6203002929688,820.84521484375,886.6444091796875
1790704548.9443913,0,0,884.9994506835938,812.6203002929688,820.84521484375,886.6444091796875
1790704548.954909,0,0,884.9994506835938,812.6203002929688,820.84521484375,886.6444091796875
1790704548.9660559,0,0,806.0403442382812,784.6556396484375,824.1351318359375,852.0997924804688
1790704548.9770732,0,0,806.0403442382812,802.7504272460938,820.84521484375,842.2299194335938
1790704548.988037,0,0,806.0403442382812,787.945556640625,825.7801513671875,860.32470703125
1790704548.9991045,0,0,753.4010009765625,789.590576171875,825.7801513671875,832.3600463867188
1790704549.0098703,0,0,806.0403442382812,802.7504272460938,827.4251098632812,861.9697265625
1790704549.0207033,0,0,832.3600463867188,814.2652587890625,829.070068359375,883.3544311523438
1790704549.0317972,0,0,832.3600463867188,814.2652587890625,829.070068359375,883.3544311523438
1790704549.0426583,1,0,832.3600463867188,814.2652587890625,829.070068359375,883.3544311523438
1790704549.0531359,1,0,832.3600463867188,814.2652587890625,829.070068359375,883.3544311523438
1790704549.0640984,1,0,832.3600463867188,814.2652587890625,829.070068359375,883.3544311523438
1790704549.0746112,1,0,766.5608520507812,796.1704711914062,824.1351318359375,847.1648559570312
1790704549.0855634,1,0,819.2001953125,810.9752807617188,827.4251098632812,884.9994506835938
1790704549.0965977,1,0,819.2001953125,796.1704711914062,840.5849609375,889.9343872070312
1790704549.1075356,1,0,727.081298828125,779.720703125,847.1648559570312,832.3600463867188
1790704549.1183758,1,0,832.3600463867188,792.8805541992188,850.454833984375,901.44921875
1790704549.1288817,1,0,832.3600463867188,783.0106201171875,840.5849609375,891.579345703125
1790704549.139631,1,0,832.3600463867188,783.0106201171875,840.5849609375,891.579345703125
1790704549.1503253,1,0,832.3600463867188,783.0106201171875,840.5849609375,891.579345703125
1790704549.1609037,1,0,832.3600463867188,783.0106201171875,840.5849609375,891.579345703125
1790704549.1718667,1,0,832.3600463867188,783.0106201171875,840.5849609375,891.579345703125
1790704549.1826868,1,0,832.3600463867188,783.0106201171875,840.5849609375,891.579345703125
1790704549.193578,1,0,832.3600463867188,783.0106201171875,840.5849609375,891.579345703125
1790704549.20426,1,0,832.3600463867188,783.0106201171875,840.5849609375,891.579345703125
1790704549.215557,1,0,740.2411499023438,787.945556640625,835.6500244140625,832.3600463867188
1790704549.2262323,1,0,779.720703125,806.0403442382812,835.6500244140625,853.7448120117188
1790704549.237143,1,0,713.9214477539062,781.3656616210938,832.3600463867188,820.84521484375
1790704549.248123,1,0,806.0403442382812,809.330322265625,830.715087890625,873.4845581054688
1790704549.259232,1,0,806.0403442382812,809.330322265625,830.715087890625,873.4845581054688
1790704549.2700064,1,0,806.0403442382812,809.330322265625,830.715087890625,873.4845581054688
1790704549.2809827,1,0,806.0403442382812,809.330322265625,830.715087890625,873.4845581054688
1790704549.291896,1,0,806.0403442382812,809.330322265625,830.715087890625,873.4845581054688
1790704549.302436,1,0,713.9214477539062,776.4307250976562,835.6500244140625,832.3600463867188
1790704549.3132987,1,0,819.2001953125,791.2355346679688,829.070068359375,886.6444091796875
1790704549.3244216,1,0,661.2821044921875,792.8805541992188,825.7801513671875,801.1054077148438
1790704549.3350906,1,0,634.96240234375,791.2355346679688,829.070068359375,807.6853637695312
1790704549.345582,1,0,634.96240234375,786.3005981445312,830.715087890625,801.1054077148438
1790704549.3562472,1,0,740.2411499023438,797.8154907226562,827.4251098632812,866.9046630859375
1790704549.3668165,1,0,740.2411499023438,797.8154907226562,827.4251098632812,866.9046630859375
1790704549.3774343,1,0,740.2411499023438,797.8154907226562,827.4251098632812,866.9046630859375
1790704549.3879611,1,0,740.2411499023438,797.8154907226562,827.4251098632812,866.9046630859375
1790704549.3985019,1,0,740.2411499023438,797.8154907226562,827.4251098632812,866.9046630859375
1790704549.409133,1,0,740.2411499023438,797.8154907226562,827.4251098632812,866.9046630859375
1790704549.4196305,1,0,641.5423583984375,773.1407470703125,830.715087890625,822.4901733398438
1790704549.430795,1,0,700.7615966796875,797.8154907226562,827.4251098632812,842.2299194335938
1790704549.4413793,1,0,733.6612548828125,806.0403442382812,832.3600463867188,868.5496215820312
1790704549.4518464,1,0,628.3825073242188,786.3005981445312,834.0050048828125,809.330322265625
1790704549.4627893,1,0,694.1817016601562,824.1351318359375,825.7801513671875,829.070068359375
1790704549.4734566,1,0,720.5014038085938,801.1054077148438,834.0050048828125,861.9697265625
1790704549.4842548,1,0,720.5014038085938,801.1054077148438,834.0050048828125,861.9697265625
1790704549.4952106,1,0,720.5014038085938,801.1054077148438,834.0050048828125,861.9697265625
1790704549.5060234,1,0,720.5014038085938,801.1054077148438,834.0050048828125,861.9697265625
1790704549.5173051,1,0,720.5014038085938,801.1054077148438,834.0050048828125,861.9697265625
1790704549.5282922,1,0,628.3825073242188,774.7857666015625,837.2949829101562,815.9102783203125
1790704549.5391626,1,0,880.064453125,786.3005981445312,829.070068359375,858.6797485351562
1790704549.5499573,1,0,880.064453125,802.7504272460938,820.84521484375,852.0997924804688
1790704549.5606277,1,0,919.5440063476562,799.46044921875,827.4251098632812,880.064453125
1790704549.5712254,1,0,919.5440063476562,799.46044921875,827.4251098632812,880.064453125
1790704549.582144,1,0,919.5440063476562,799.46044921875,827.4251098632812,880.064453125
1790704549.5927289,1,0,919.5440063476562,799.46044921875,827.4251098632812,880.064453125
1790704549.6031685,1,0,919.5440063476562,799.46044921875,827.4251098632812,880.064453125
1790704549.614007,1,0,919.5440063476562,799.46044921875,827.4251098632812,880.064453125
1790704549.6249082,1,0,827.4251098632812,797.8154907226562,827.4251098632812,834.0050048828125
1790704549.6354206,1,0,840.5849609375,802.7504272460938,827.4251098632812,843.8749389648438
1790704549.6458774,1,0,827.4251098632812,774.7857666015625,834.0050048828125,857.0347290039062
1790704549.656993,1,0,906.3841552734375,797.8154907226562,837.2949829101562,898.1592407226562
1790704549.6680021,1,0,906.3841552734375,797.8154907226562,837.2949829101562,898.1592407226562
1790704549.678669,1,0,906.3841552734375,797.8154907226562,837.2949829101562,898.1592407226562
1790704549.689564,1,0,906.3841552734375,797.8154907226562,837.2949829101562,898.1592407226562
1790704549.7005482,1,0,906.3841552734375,797.8154907226562,837.2949829101562,898.1592407226562
1790704549.7113101,1,0,880.064453125,820.84521484375,827.4251098632812,894.8693237304688
1790704549.7218323,1,0,906.3841552734375,814.2652587890625,832.3600463867188,880.064453125
1790704549.732991,1,0,853.7448120117188,810.9752807617188,827.4251098632812,865.2596435546875
1790704549.7437975,1,0,906.3841552734375,814.2652587890625,824.1351318359375,898.1592407226562
1790704549.754472,1,0,774.7857666015625,807.6853637695312,827.4251098632812,825.7801513671875
1790704549.7656376,1,0,853.7448120117188,812.6203002929688,825.7801513671875,884.9994506835938
1790704549.7763858,1,0,853.7448120117188,812.6203002929688,825.7801513671875,884.9994506835938
1790704549.7869532,1,0,853.7448120117188,812.6203002929688,825.7801513671875,884.9994506835938
1790704549.7980585,1,0,853.7448120117188,812.6203002929688,825.7801513671875,884.9994506835938
1790704549.8088942,1,0,853.7448120117188,812.6203002929688,825.7801513671875,884.9994506835938
1790704549.8195603,1,0,853.7448120117188,812.6203002929688,825.7801513671875,884.9994506835938
1790704549.8307858,1,0,748.466064453125,769.850830078125,824.1351318359375,845.5198974609375
1790704549.841603,1,0,906.3841552734375,814.2652587890625,824.1351318359375,871.839599609375
1790704549.852005,1,0,880.064453125,783.0106201171875,791.2355346679688,832.3600463867188
1790704549.862563,1,0,695.82666015625,1676.2349853515625,982.0532836914062,713.9214477539062
1790704549.8731103,1,0,458.94952392578125,1640.04541015625,955.7335815429688,424.4049377441406
1790704549.8837078,1,0,327.35107421875,1658.14013671875,1061.0123291015625,240.16712951660156
1790704549.8942318,1,0,353.6707763671875,1651.560302734375,1103.7818603515625,250.03701782226562
1790704549.9050715,1,0,485.2691955566406,1654.8502197265625,1199.190673828125,325.70611572265625
1790704549.9155784,1,0,485.2691955566406,1654.8502197265625,1199.190673828125,325.70611572265625
1790704549.9261746,1,0,485.2691955566406,1654.8502197265625,1199.190673828125,325.70611572265625
1790704549.9368324,1,0,485.2691955566406,1654.8502197265625,1199.190673828125,325.70611572265625
1790704549.9476085,1,0,485.2691955566406,1654.8502197265625,1199.190673828125,325.70611572265625
1790704549.9583087,1,0,485.2691955566406,1654.8502197265625,1199.190673828125,325.70611572265625
1790704549.96927,1,0,485.2691955566406,1654.8502197265625,1199.190673828125,325.70611572265625
1790704549.9803047,1,0,379.9904479980469,1653.2052001953125,1297.8895263671875,375.0555114746094
1790704549.9910097,1,0,485.2691955566406,1653.2052001953125,1192.6107177734375,638.2523803710938
1790704550.0015974,1,0,616.8676147460938,1653.2052001953125,1126.8115234375,888.2893676757812
1790704550.0123181,1,0,616.8676147460938,1653.2052001953125,1126.8115234375,888.2893676757812
1790704550.0232484,1,0,748.466064453125,1653.2052001953125,1036.337646484375,1046.20751953125
1790704550.0340056,1,0,695.82666015625,1547.926513671875,944.2186889648438,1144.9063720703125
1790704550.0447698,1,0,590.5479125976562,1311.04931640625,871.839599609375,1368.6236572265625
1790704550.0554059,1,0,590.5479125976562,1311.04931640625,871.839599609375,1368.6236572265625
1790704550.0663028,1,0,590.5479125976562,1311.04931640625,871.839599609375,1368.6236572265625
1790704550.0772965,1,0,590.5479125976562,1311.04931640625,871.839599609375,1368.6236572265625
1790704550.0878997,1,0,590.5479125976562,1311.04931640625,871.839599609375,1368.6236572265625
1790704550.09898,1,0,590.5479125976562,1311.04931640625,871.839599609375,1368.6236572265625
1790704550.1096091,1,0,590.5479125976562,1311.04931640625,871.839599609375,1368.6236572265625
1790704550.1200628,1,0,590.5479125976562,1311.04931640625,871.839599609375,1368.6236572265625
1790704550.131532,1,0,783.0106201171875,1018.2428588867188,832.3600463867188,1288.0196533203125
1790704550.142526,1,0,888.2893676757812,876.7745361328125,866.9046630859375,1274.8597412109375
1790704550.1531737,1,0,835.6500244140625,676.0869140625,832.3600463867188,1100.4918212890625
1790704550.1638985,1,0,967.2484130859375,472.1093444824219,812.6203002929688,1082.3970947265625
1790704550.174914,1,0,986.9882202148438,472.1093444824219,804.3953857421875,1075.817138671875
1790704550.185373,1,0,986.9882202148438,472.1093444824219,804.3953857421875,1075.817138671875
1790704550.1959283,1,0,986.9882202148438,472.1093444824219,804.3953857421875,1075.817138671875
1790704550.2068732,1,0,986.9882202148438,472.1093444824219,804.3953857421875,1075.817138671875
1790704550.21759,1,0,986.9882202148438,472.1093444824219,804.3953857421875,1075.817138671875
1790704550.22828,1,0,986.9882202148438,472.1093444824219,804.3953857421875,1075.817138671875
1790704550.2395835,1,0,1006.7279663085938,386.57037353515625,802.7504272460938,1061.0123291015625
1790704550.2505848,1,0,848.8098754882812,314.1912536621094,799.46044921875,926.1239624023438
1790704550.261256,1,0,861.9697265625,379.9904479980469,784.6556396484375,929.4138793945312
1790704550.2719626,1,0,967.2484130859375,421.1149597167969,784.6556396484375,975.4733276367188
1790704550.2824845,1,0,934.3488159179688,447.4346618652344,783.0106201171875,949.1536865234375
1790704550.2935758,1,0,934.3488159179688,447.4346618652344,783.0106201171875,949.1536865234375
1790704550.3044195,1,0,934.3488159179688,447.4346618652344,783.0106201171875,949.1536865234375
1790704550.3154917,1,0,934.3488159179688,447.4346618652344,783.0106201171875,949.1536865234375
1790704550.3264341,1,0,934.3488159179688,447.4346618652344,783.0106201171875,949.1536865234375
1790704550.3371646,1,0,934.3488159179688,447.4346618652344,783.0106201171875,949.1536865234375
1790704550.3481536,1,0,802.7504272460938,475.3993225097656,784.6556396484375,876.7745361328125
1790704550.3591614,1,0,868.5496215820312,541.1985473632812,786.3005981445312,919.5440063476562
1790704550.3696544,1,0,763.2708740234375,529.6836547851562,783.0106201171875,866.9046630859375
1790704550.380403,1,0,868.5496215820312,588.9029541015625,786.3005981445312,932.703857421875
1790704550.3911772,1,0,855.3897705078125,620.1575927734375,792.8805541992188,919.5440063476562
1790704550.4017675,1,0,855.3897705078125,620.1575927734375,792.8805541992188,919.5440063476562
1790704550.4124317,1,0,855.3897705078125,620.1575927734375,792.8805541992188,919.5440063476562
1790704550.4229748,1,0,710.6315307617188,746.8211059570312,794.5255126953125,843.8749389648438
1790704550.4338315,1,0,789.590576171875,776.4307250976562,797.8154907226562,886.6444091796875
1790704550.4450612,1,0,789.590576171875,776.4307250976562,797.8154907226562,886.6444091796875
1790704550.4557564,1,0,789.590576171875,776.4307250976562,797.8154907226562,886.6444091796875
1790704550.4662538,1,0,789.590576171875,776.4307250976562,797.8154907226562,886.6444091796875
1790704550.4771836,1,0,789.590576171875,776.4307250976562,797.8154907226562,886.6444091796875
1790704550.4879348,1,0,723.7913208007812,755.0459594726562,794.5255126953125,857.0347290039062
1790704550.4987772,1,0,736.951171875,791.2355346679688,802.7504272460938,878.4194946289062
1790704550.5094192,1,0,756.6909790039062,791.2355346679688,802.7504272460938,893.2243041992188
1790704550.5204847,1,0,664.5720825195312,797.8154907226562,807.6853637695312,848.8098754882812
1790704550.531108,1,0,690.8917236328125,794.5255126953125,815.9102783203125,881.70947265625
1790704550.5416787,1,0,690.8917236328125,794.5255126953125,815.9102783203125,881.70947265625
1790704550.5523574,1,0,690.8917236328125,794.5255126953125,815.9102783203125,881.70947265625
1790704550.562955,1,0,690.8917236328125,794.5255126953125,815.9102783203125,881.70947265625
1790704550.5735397,1,0,690.8917236328125,794.5255126953125,815.9102783203125,881.70947265625
1790704550.58455,1,0,690.8917236328125,794.5255126953125,815.9102783203125,881.70947265625
1790704550.595094,1,0,611.9326782226562,791.2355346679688,815.9102783203125,838.9400024414062
1790704550.6055937,1,0,598.7728271484375,789.590576171875,809.330322265625,840.5849609375
1790704550.6161041,1,0,572.4531860351562,771.4957885742188,814.2652587890625,843.8749389648438
1790704550.6267698,1,0,625.092529296875,804.3953857421875,810.9752807617188,866.9046630859375
1790704550.637436,1,0,598.7728271484375,781.3656616210938,810.9752807617188,860.32470703125
1790704550.6484346,1,0,598.7728271484375,781.3656616210938,810.9752807617188,860.32470703125
1790704550.6588554,1,0,598.7728271484375,781.3656616210938,810.9752807617188,860.32470703125
1790704550.6695075,1,0,598.7728271484375,781.3656616210938,810.9752807617188,860.32470703125
1790704550.6800642,1,0,598.7728271484375,781.3656616210938,810.9752807617188,860.32470703125
1790704550.6910512,1,0,598.7728271484375,781.3656616210938,810.9752807617188,860.32470703125
1790704550.7016025,1,0,493.4941101074219,781.3656616210938,815.9102783203125,797.8154907226562
1790704550.7120366,1,0,955.7335815429688,681.0218505859375,814.2652587890625,894.8693237304688
1790704550.7226253,1,0,784.6556396484375,664.5720825195312,807.6853637695312,814.2652587890625
1790704550.7336018,1,0,889.9343872070312,689.2467651367188,810.9752807617188,868.5496215820312
1790704550.7442212,1,0,889.9343872070312,689.2467651367188,810.9752807617188,868.5496215820312
1790704550.7551882,1,0,889.9343872070312,689.2467651367188,810.9752807617188,868.5496215820312
1790704550.7656872,1,0,889.9343872070312,689.2467651367188,810.9752807617188,868.5496215820312
1790704550.7764537,1,0,889.9343872070312,689.2467651367188,810.9752807617188,868.5496215820312
1790704550.786946,1,0,889.9343872070312,689.2467651367188,810.9752807617188,868.5496215820312
1790704550.7975564,1,0,830.715087890625,679.3768920898438,804.3953857421875,842.2299194335938
1790704550.8080606,1,0,804.3953857421875,681.0218505859375,802.7504272460938,824.1351318359375
1790704550.818694,1,0,850.454833984375,708.9865112304688,802.7504272460938,848.8098754882812
1790704550.8292148,1,0,903.09423828125,717.21142578125,807.6853637695312,876.7745361328125
1790704550.8398507,1,0,771.4957885742188,710.6315307617188,809.330322265625,809.330322265625
1790704550.8504658,1,0,824.1351318359375,732.0162353515625,801.1054077148438,870.194580078125
1790704550.8613641,1,0,824.1351318359375,732.0162353515625,801.1054077148438,870.194580078125
1790704550.8720803,1,0,824.1351318359375,732.0162353515625,801.1054077148438,870.194580078125
1790704550.8829076,1,0,824.1351318359375,732.0162353515625,801.1054077148438,870.194580078125
1790704550.8945522,1,0,824.1351318359375,732.0162353515625,801.1054077148438,870.194580078125
1790704550.9052393,1,0,718.8563842773438,735.3062133789062,804.3953857421875,815.9102783203125
1790704550.9158146,1,0,692.5367431640625,713.9214477539062,812.6203002929688,817.5552368164062
1790704550.9266746,1,0,692.5367431640625,713.9214477539062,812.6203002929688,817.5552368164062
1790704550.9372973,1,0,639.8973388671875,743.5311279296875,804.3953857421875,843.8749389648438
1790704550.9478426,1,0,639.8973388671875,743.5311279296875,804.3953857421875,843.8749389648438
1790704550.9585233,1,0,639.8973388671875,743.5311279296875,804.3953857421875,843.8749389648438
1790704550.9691286,1,0,639.8973388671875,743.5311279296875,804.3953857421875,843.8749389648438
1790704550.980044,1,0,639.8973388671875,743.5311279296875,804.3953857421875,843.8749389648438
1790704550.9908059,1,0,639.8973388671875,743.5311279296875,804.3953857421875,843.8749389648438
1790704551.001413,1,0,442.4997253417969,763.2708740234375,814.2652587890625,822.4901733398438
1790704551.0119383,1,0,468.81939697265625,779.720703125,814.2652587890625,852.0997924804688
1790704551.0224783,1,0,442.4997253417969,784.6556396484375,809.330322265625,838.9400024414062
1790704551.0335028,1,0,389.8603515625,745.1760864257812,815.9102783203125,830.715087890625
1790704551.0439456,1,0,442.4997253417969,789.590576171875,810.9752807617188,868.5496215820312
1790704551.0549269,1,0,442.4997253417969,789.590576171875,810.9752807617188,868.5496215820312
1790704551.0654237,1,0,442.4997253417969,789.590576171875,810.9752807617188,868.5496215820312
1790704551.0764432,1,0,442.4997253417969,789.590576171875,810.9752807617188,868.5496215820312
1790704551.0874763,1,0,442.4997253417969,789.590576171875,810.9752807617188,868.5496215820312
1790704551.098058,1,0,442.4997253417969,789.590576171875,810.9752807617188,868.5496215820312
1790704551.1090312,1,0,442.4997253417969,789.590576171875,810.9752807617188,868.5496215820312
1790704551.1195786,1,0,337.2209777832031,733.6612548828125,829.070068359375,824.1351318359375
1790704551.1306279,1,0,310.9012756347656,736.951171875,845.5198974609375,838.9400024414062
1790704551.1411474,1,0,271.4217529296875,741.8861083984375,840.5849609375,825.7801513671875
1790704551.151734,1,0,324.0611267089844,755.0459594726562,838.9400024414062,868.5496215820312
1790704551.1627584,1,0,324.0611267089844,756.6909790039062,830.715087890625,866.9046630859375
1790704551.1734354,1,0,324.0611267089844,756.6909790039062,830.715087890625,866.9046630859375
1790704551.184395,1,0,324.0611267089844,756.6909790039062,830.715087890625,866.9046630859375
1790704551.1951854,1,0,324.0611267089844,756.6909790039062,830.715087890625,866.9046630859375
1790704551.205836,1,0,324.0611267089844,756.6909790039062,830.715087890625,866.9046630859375
1790704551.2166407,1,0,324.0611267089844,756.6909790039062,830.715087890625,866.9046630859375
1790704551.2275658,1,0,363.5406494140625,758.3359375,835.6500244140625,883.3544311523438
1790704551.238194,1,0,297.741455078125,745.1760864257812,829.070068359375,865.2596435546875
1790704551.2490222,1,0,924.4789428710938,776.4307250976562,829.070068359375,880.064453125
1790704551.2598202,1,0,924.4789428710938,776.4307250976562,829.070068359375,880.064453125
1790704551.2704775,1,0,924.4789428710938,776.4307250976562,829.070068359375,880.064453125
1790704551.2813983,1,0,924.4789428710938,776.4307250976562,829.070068359375,880.064453125
1790704551.2920475,1,0,924.4789428710938,776.4307250976562,829.070068359375,880.064453125
1790704551.3030756,1,0,924.4789428710938,776.4307250976562,829.070068359375,880.064453125
1790704551.3139951,1,0,924.4789428710938,776.4307250976562,829.070068359375,880.064453125
1790704551.3252087,1,0,838.9400024414062,751.7560424804688,835.6500244140625,845.5198974609375
1790704551.3357837,1,0,937.6387939453125,787.945556640625,827.4251098632812,886.6444091796875
1790704551.346854,1,0,825.7801513671875,763.2708740234375,830.715087890625,838.9400024414062
1790704551.3578112,1,0,852.0997924804688,759.9808959960938,825.7801513671875,861.9697265625
1790704551.3692038,1,0,904.7391967773438,771.4957885742188,825.7801513671875,880.064453125
1790704551.38,1,0,904.7391967773438,771.4957885742188,825.7801513671875,880.064453125
1790704551.3908823,1,0,904.7391967773438,771.4957885742188,825.7801513671875,880.064453125
1790704551.4016838,1,0,904.7391967773438,771.4957885742188,825.7801513671875,880.064453125
1790704551.4124925,1,0,904.7391967773438,771.4957885742188,825.7801513671875,880.064453125
1790704551.4234624,1,0,812.6203002929688,783.0106201171875,827.4251098632812,830.715087890625
1790704551.434649,1,0,825.7801513671875,778.07568359375,827.4251098632812,840.5849609375
1790704551.445443,1,0,799.46044921875,769.850830078125,827.4251098632812,819.2001953125
1790704551.4561307,1,0,799.46044921875,756.6909790039062,825.7801513671875,845.5198974609375
1790704551.46689,1,0,878.4194946289062,789.590576171875,825.7801513671875,884.9994506835938
1790704551.4779508,1,0,746.8211059570312,776.4307250976562,825.7801513671875,819.2001953125
1790704551.4885435,1,0,720.5014038085938,761.6259155273438,824.1351318359375,822.4901733398438
1790704551.4996562,1,0,720.5014038085938,769.850830078125,820.84521484375,812.6203002929688
1790704551.5108318,1,0,812.6203002929688,791.2355346679688,819.2001953125,855.3897705078125
1790704551.5221019,1,0,819.2001953125,791.2355346679688,825.7801513671875,858.6797485351562
1790704551.5336366,1,0,819.2001953125,791.2355346679688,825.7801513671875,858.6797485351562
1790704551.5445504,1,0,819.2001953125,791.2355346679688,825.7801513671875,858.6797485351562
1790704551.5551584,1,0,819.2001953125,791.2355346679688,825.7801513671875,858.6797485351562
1790704551.5661368,1,0,819.2001953125,791.2355346679688,825.7801513671875,858.6797485351562
1790704551.5767398,1,0,819.2001953125,791.2355346679688,825.7801513671875,858.6797485351562
1790704551.5874455,1,0,819.2001953125,791.2355346679688,825.7801513671875,858.6797485351562
1790704551.5981057,1,0,707.341552734375,753.4010009765625,827.4251098632812,812.6203002929688
1790704551.609106,1,0,713.9214477539062,796.1704711914062,819.2001953125,806.0403442382812
1790704551.6197097,1,0,687.601806640625,789.590576171875,825.7801513671875,796.1704711914062
1790704551.6308482,1,0,806.0403442382812,799.46044921875,832.3600463867188,875.1295166015625
1790704551.6415467,1,0,727.081298828125,797.8154907226562,824.1351318359375,827.4251098632812
1790704551.6521692,1,0,786.3005981445312,806.0403442382812,825.7801513671875,863.6146850585938
1790704551.6633422,1,0,786.3005981445312,806.0403442382812,825.7801513671875,863.6146850585938
1790704551.6739757,1,0,786.3005981445312,806.0403442382812,825.7801513671875,863.6146850585938
1790704551.6846035,1,0,786.3005981445312,806.0403442382812,825.7801513671875,863.6146850585938
1790704551.6953437,1,0,786.3005981445312,806.0403442382812,825.7801513671875,863.6146850585938
1790704551.706307,1,0,786.3005981445312,806.0403442382812,825.7801513671875,863.6146850585938
1790704551.7170165,1,0,733.6612548828125,791.2355346679688,829.070068359375,866.9046630859375
1790704551.7280107,1,0,707.341552734375,809.330322265625,817.5552368164062,843.8749389648438
1790704551.7391853,1,0,707.341552734375,797.8154907226562,824.1351318359375,843.8749389648438
1790704551.7499058,1,0,707.341552734375,797.8154907226562,824.1351318359375,843.8749389648438
1790704551.7611747,1,0,707.341552734375,797.8154907226562,824.1351318359375,843.8749389648438
1790704551.772016,1,0,707.341552734375,797.8154907226562,824.1351318359375,843.8749389648438
1790704551.7827306,1,0,707.341552734375,797.8154907226562,824.1351318359375,843.8749389648438
1790704551.7935638,1,0,615.22265625,789.590576171875,815.9102783203125,794.5255126953125
1790704551.8044803,1,0,615.22265625,797.8154907226562,824.1351318359375,794.5255126953125
1790704551.815753,1,0,694.1817016601562,792.8805541992188,819.2001953125,853.7448120117188
1790704551.8267128,1,0,863.6146850585938,807.6853637695312,825.7801513671875,850.454833984375
1790704551.837731,1,0,903.09423828125,792.8805541992188,824.1351318359375,880.064453125
1790704551.8485017,1,0,903.09423828125,792.8805541992188,824.1351318359375,880.064453125
1790704551.8595366,1,0,903.09423828125,792.8805541992188,824.1351318359375,880.064453125
1790704551.8702776,0,0,903.09423828125,792.8805541992188,824.1351318359375,880.064453125
1790704551.8813813,0,0,903.09423828125,792.8805541992188,824.1351318359375,880.064453125
1790704551.8920023,0,0,903.09423828125,792.8805541992188,824.1351318359375,880.064453125
1790704551.902556,0,0,837.2949829101562,784.6556396484375,825.7801513671875,842.2299194335938
1790704551.913054,0,0,903.09423828125,784.6556396484375,830.715087890625,898.1592407226562
1790704551.9241116,0,0,903.09423828125,799.46044921875,827.4251098632812,886.6444091796875
1790704551.934808,0,0,903.09423828125,799.46044921875,827.4251098632812,886.6444091796875
1790704551.945445,0,0,903.09423828125,799.46044921875,827.4251098632812,886.6444091796875
1790704551.9562418,0,0,903.09423828125,799.46044921875,827.4251098632812,886.6444091796875
1790704551.9668088,0,0,903.09423828125,799.46044921875,827.4251098632812,886.6444091796875
1790704551.9778066,0,0,850.454833984375,783.0106201171875,825.7801513671875,850.454833984375
1790704551.9884017,0,0,863.6146850585938,802.7504272460938,815.9102783203125,848.8098754882812
1790704551.999059,0,0,810.9752807617188,787.945556640625,825.7801513671875,827.4251098632812
1790704552.0096195,0,0,824.1351318359375,792.8805541992188,822.4901733398438,843.8749389648438
1790704552.0202594,0,0,863.6146850585938,804.3953857421875,825.7801513671875,878.4194946289062
1790704552.031237,0,0,863.6146850585938,804.3953857421875,825.7801513671875,878.4194946289062
1790704552.0420363,0,0,863.6146850585938,804.3953857421875,825.7801513671875,878.4194946289062
1790704552.0527391,0,0,863.6146850585938,804.3953857421875,825.7801513671875,878.4194946289062
1790704552.0633757,0,0,863.6146850585938,804.3953857421875,825.7801513671875,878.4194946289062
1790704552.0742218,0,0,863.6146850585938,804.3953857421875,825.7801513671875,878.4194946289062
1790704552.084727,0,0,863.6146850585938,804.3953857421875,825.7801513671875,878.4194946289062
1790704552.0952935,0,0,771.4957885742188,806.0403442382812,820.84521484375,827.4251098632812
1790704552.105737,0,0,758.3359375,792.8805541992188,825.7801513671875,824.1351318359375
1790704552.1163232,0,0,784.6556396484375,806.0403442382812,820.84521484375,827.4251098632812
1790704552.1270137,0,0,837.2949829101562,810.9752807617188,817.5552368164062,860.32470703125
1790704552.1375287,0,0,837.2949829101562,810.9752807617188,817.5552368164062,860.32470703125
1790704552.1482832,0,0,837.2949829101562,810.9752807617188,817.5552368164062,860.32470703125
1790704552.1596267,0,0,837.2949829101562,810.9752807617188,817.5552368164062,860.32470703125
1790704552.1707768,0,0,837.2949829101562,810.9752807617188,817.5552368164062,860.32470703125
1790704552.1814322,0,0,758.3359375,799.46044921875,824.1351318359375,807.6853637695312
1790704552.192223,0,0,784.6556396484375,822.4901733398438,817.5552368164062,817.5552368164062
1790704552.203341,0,0,784.6556396484375,796.1704711914062,814.2652587890625,814.2652587890625
1790704552.213977,0,0,797.8154907226562,786.3005981445312,829.070068359375,815.9102783203125
1790704552.2244499,0,0,810.9752807617188,810.9752807617188,817.5552368164062,825.7801513671875
1790704552.2349992,0,0,876.7745361328125,817.5552368164062,815.9102783203125,871.839599609375
1790704552.2459257,0,0,876.7745361328125,817.5552368164062,815.9102783203125,871.839599609375
1790704552.256577,0,0,876.7745361328125,817.5552368164062,815.9102783203125,871.839599609375
1790704552.2681894,0,0,876.7745361328125,817.5552368164062,815.9102783203125,871.839599609375
1790704552.2789843,0,0,876.7745361328125,817.5552368164062,815.9102783203125,871.839599609375
1790704552.2895336,0,0,876.7745361328125,801.1054077148438,819.2001953125,883.3544311523438
1790704552.30034,0,0,771.4957885742188,804.3953857421875,817.5552368164062,820.84521484375
1790704552.3115315,0,0,771.4957885742188,774.7857666015625,829.070068359375,845.5198974609375
1790704552.322379,0,0,824.1351318359375,819.2001953125,817.5552368164062,868.5496215820312
1790704552.3330867,0,0,732.0162353515625,801.1054077148438,822.4901733398438,819.2001953125
1790704552.3441687,0,0,804.3953857421875,809.330322265625,825.7801513671875,855.3897705078125
1790704552.3546467,0,0,804.3953857421875,809.330322265625,825.7801513671875,855.3897705078125
1790704552.365575,0,0,804.3953857421875,809.330322265625,825.7801513671875,855.3897705078125
1790704552.37662,0,0,804.3953857421875,809.330322265625,825.7801513671875,855.3897705078125
1790704552.3874116,0,0,804.3953857421875,809.330322265625,825.7801513671875,855.3897705078125
1790704552.398186,0,0,804.3953857421875,809.330322265625,825.7801513671875,855.3897705078125
1790704552.4091291,0,0,804.3953857421875,809.330322265625,825.7801513671875,855.3897705078125
1790704552.420303,0,0,804.3953857421875,809.330322265625,825.7801513671875,855.3897705078125
1790704552.4312513,0,0,810.9752807617188,810.9752807617188,819.2001953125,855.3897705078125
1790704552.4421837,0,0,764.9158325195312,802.7504272460938,824.1351318359375,832.3600463867188
1790704552.4529116,0,0,840.5849609375,786.3005981445312,827.4251098632812,842.2299194335938
1790704552.4633899,0,0,880.064453125,804.3953857421875,832.3600463867188,868.5496215820312
1790704552.4742074,0,0,880.064453125,804.3953857421875,832.3600463867188,868.5496215820312
1790704552.4849315,0,0,880.064453125,804.3953857421875,832.3600463867188,868.5496215820312
1790704552.4957159,0,0,880.064453125,804.3953857421875,832.3600463867188,868.5496215820312
1790704552.5062935,0,0,880.064453125,804.3953857421875,832.3600463867188,868.5496215820312
1790704552.5175452,0,0,880.064453125,804.3953857421875,832.3600463867188,868.5496215820312
1790704552.528765,0,0,814.2652587890625,804.3953857421875,824.1351318359375,835.6500244140625
1790704552.5397103,0,0,853.7448120117188,804.3953857421875,830.715087890625,848.8098754882812
1790704552.550479,0,0,748.466064453125,797.8154907226562,832.3600463867188,814.2652587890625
1790704552.5615604,0,0,761.6259155273438,792.8805541992188,827.4251098632812,843.8749389648438
1790704552.5726683,0,0,827.4251098632812,806.0403442382812,825.7801513671875,853.7448120117188
1790704552.583576,0,1,827.4251098632812,806.0403442382812,825.7801513671875,853.7448120117188
1790704552.594374,0,1,827.4251098632812,806.0403442382812,825.7801513671875,853.7448120117188
1790704552.6053486,0,1,827.4251098632812,806.0403442382812,825.7801513671875,853.7448120117188
1790704552.6163418,0,1,827.4251098632812,806.0403442382812,825.7801513671875,853.7448120117188
1790704552.6272163,0,1,801.1054077148438,801.1054077148438,829.070068359375,848.8098754882812
1790704552.6379633,0,1,748.466064453125,779.720703125,825.7801513671875,825.7801513671875
1790704552.6488183,0,1,722.1463623046875,802.7504272460938,824.1351318359375,815.9102783203125
1790704552.6596773,0,1,722.1463623046875,789.590576171875,832.3600463867188,825.7801513671875
1790704552.670583,0,1,669.5070190429688,797.8154907226562,832.3600463867188,789.590576171875
1790704552.6817687,0,1,748.466064453125,804.3953857421875,829.070068359375,843.8749389648438
1790704552.6928432,0,1,748.466064453125,804.3953857421875,829.070068359375,843.8749389648438
1790704552.7037644,0,1,748.466064453125,804.3953857421875,829.070068359375,843.8749389648438
1790704552.7147405,0,1,748.466064453125,804.3953857421875,829.070068359375,843.8749389648438
1790704552.7258418,0,1,748.466064453125,804.3953857421875,829.070068359375,843.8749389648438
1790704552.7368367,0,1,656.34716796875,787.945556640625,824.1351318359375,807.6853637695312
1790704552.7478247,0,1,656.34716796875,783.0106201171875,820.84521484375,829.070068359375
1790704552.758913,0,1,708.9865112304688,810.9752807617188,819.2001953125,843.8749389648438
1790704552.7699091,0,1,702.4066162109375,794.5255126953125,820.84521484375,850.454833984375
1790704552.78106,0,1,702.4066162109375,794.5255126953125,820.84521484375,850.454833984375
1790704552.7918336,0,1,702.4066162109375,794.5255126953125,820.84521484375,850.454833984375
1790704552.802884,0,1,702.4066162109375,794.5255126953125,820.84521484375,850.454833984375
1790704552.8135803,0,1,702.4066162109375,794.5255126953125,820.84521484375,850.454833984375
1790704552.8243945,0,1,718.8563842773438,794.5255126953125,815.9102783203125,860.32470703125
1790704552.8349922,0,1,643.1873168945312,801.1054077148438,817.5552368164062,819.2001953125
1790704552.8459904,0,1,616.8676147460938,763.2708740234375,827.4251098632812,822.4901733398438
1790704552.8572323,0,1,551.0684204101562,799.46044921875,820.84521484375,804.3953857421875
1790704552.868077,0,1,511.5888977050781,787.945556640625,822.4901733398438,804.3953857421875
1790704552.8788085,0,1,498.4290466308594,799.46044921875,819.2001953125,812.6203002929688
1790704552.8899176,0,1,498.4290466308594,810.9752807617188,824.1351318359375,820.84521484375
1790704552.900443,0,1,551.0684204101562,802.7504272460938,822.4901733398438,843.8749389648438
1790704552.911166,0,1,551.0684204101562,802.7504272460938,822.4901733398438,843.8749389648438
1790704552.9224408,0,1,551.0684204101562,802.7504272460938,822.4901733398438,843.8749389648438
1790704552.93365,0,1,551.0684204101562,802.7504272460938,822.4901733398438,843.8749389648438
1790704552.9442163,0,1,551.0684204101562,802.7504272460938,822.4901733398438,843.8749389648438
1790704552.9549468,0,1,472.1093444824219,804.3953857421875,819.2001953125,814.2652587890625
1790704552.9657938,0,1,551.0684204101562,799.46044921875,822.4901733398438,863.6146850585938
1790704552.9766462,0,1,880.064453125,810.9752807617188,822.4901733398438,855.3897705078125
1790704552.9878237,0,1,847.1648559570312,792.8805541992188,822.4901733398438,848.8098754882812
1790704552.9983385,0,1,893.2243041992188,804.3953857421875,817.5552368164062,861.9697265625
1790704553.0089417,0,1,880.064453125,799.46044921875,822.4901733398438,861.9697265625
1790704553.0193408,0,0,880.064453125,799.46044921875,822.4901733398438,861.9697265625
1790704553.0299277,0,0,880.064453125,799.46044921875,822.4901733398438,861.9697265625
1790704553.0407038,0,0,880.064453125,799.46044921875,822.4901733398438,861.9697265625
1790704553.0517144,0,0,880.064453125,799.46044921875,822.4901733398438,861.9697265625
1790704553.0627487,0,0,853.7448120117188,801.1054077148438,822.4901733398438,845.5198974609375
1790704553.0733411,0,0,794.5255126953125,792.8805541992188,832.3600463867188,815.9102783203125
1790704553.084317,0,0,820.84521484375,797.8154907226562,827.4251098632812,843.8749389648438
1790704553.095077,0,0,781.3656616210938,807.6853637695312,829.070068359375,825.7801513671875
1790704553.1057594,0,0,834.0050048828125,802.7504272460938,825.7801513671875,850.454833984375
1790704553.1172354,0,0,834.0050048828125,802.7504272460938,825.7801513671875,850.454833984375
1790704553.1285913,0,0,834.0050048828125,802.7504272460938,825.7801513671875,850.454833984375
1790704553.1394508,0,0,834.0050048828125,802.7504272460938,825.7801513671875,850.454833984375
1790704553.1499915,0,0,834.0050048828125,802.7504272460938,825.7801513671875,850.454833984375
1790704553.1606424,0,0,741.8861083984375,802.7504272460938,824.1351318359375,801.1054077148438
1790704553.1714113,0,0,728.726318359375,792.8805541992188,827.4251098632812,804.3953857421875
1790704553.1822255,0,0,715.5664672851562,791.2355346679688,832.3600463867188,820.84521484375
1790704553.1932135,0,0,794.5255126953125,809.330322265625,825.7801513671875,873.4845581054688
1790704553.204673,0,0,662.9270629882812,802.7504272460938,830.715087890625,827.4251098632812
1790704553.2154603,0,0,715.5664672851562,807.6853637695312,829.070068359375,853.7448120117188
1790704553.2262018,0,0,715.5664672851562,807.6853637695312,829.070068359375,853.7448120117188
1790704553.2369723,0,0,715.5664672851562,807.6853637695312,829.070068359375,853.7448120117188
1790704553.248113,0,0,715.5664672851562,807.6853637695312,829.070068359375,853.7448120117188
1790704553.2591145,0,0,715.5664672851562,807.6853637695312,829.070068359375,853.7448120117188
1790704553.2699695,0,0,662.9270629882812,792.8805541992188,824.1351318359375,824.1351318359375
1790704553.2806766,0,0,636.607421875,791.2355346679688,829.070068359375,807.6853637695312
1790704553.2913802,0,0,649.7672119140625,807.6853637695312,820.84521484375,817.5552368164062
1790704553.3022094,1,0,728.726318359375,807.6853637695312,822.4901733398438,871.839599609375
1790704553.313212,1,0,676.0869140625,799.46044921875,827.4251098632812,860.32470703125
1790704553.32393,1,0,676.0869140625,799.46044921875,827.4251098632812,860.32470703125
1790704553.335101,1,0,676.0869140625,799.46044921875,827.4251098632812,860.32470703125
1790704553.3458574,1,0,676.0869140625,799.46044921875,827.4251098632812,860.32470703125
1790704553.3564725,1,0,676.0869140625,799.46044921875,827.4251098632812,860.32470703125
1790704553.3669858,1,0,630.0274658203125,802.7504272460938,820.84521484375,824.1351318359375
1790704553.3779035,1,0,669.5070190429688,799.46044921875,827.4251098632812,852.0997924804688
1790704553.3887346,1,0,597.1278686523438,799.46044921875,829.070068359375,809.330322265625
1790704553.3995242,1,0,623.4475708007812,787.945556640625,832.3600463867188,830.715087890625
1790704553.4104729,1,0,649.7672119140625,799.46044921875,829.070068359375,843.8749389648438
1790704553.4214075,1,0,649.7672119140625,799.46044921875,829.070068359375,843.8749389648438
1790704553.432033,1,0,649.7672119140625,799.46044921875,829.070068359375,843.8749389648438
1790704553.4430387,1,0,649.7672119140625,799.46044921875,829.070068359375,843.8749389648438
1790704553.4543433,1,0,649.7672119140625,799.46044921875,829.070068359375,843.8749389648438
1790704553.465471,1,0,649.7672119140625,814.2652587890625,830.715087890625,863.6146850585938
1790704553.476102,1,0,544.4884643554688,792.8805541992188,832.3600463867188,797.8154907226562
1790704553.4868662,1,0,623.4475708007812,820.84521484375,827.4251098632812,853.7448120117188
1790704553.4979935,1,0,531.3286743164062,799.46044921875,832.3600463867188,812.6203002929688
1790704553.509223,1,0,583.968017578125,802.7504272460938,827.4251098632812,850.454833984375
1790704553.5198863,1,0,570.8081665039062,827.4251098632812,822.4901733398438,829.070068359375
1790704553.5306144,1,0,570.8081665039062,827.4251098632812,822.4901733398438,829.070068359375
1790704553.5412817,1,0,570.8081665039062,827.4251098632812,822.4901733398438,829.070068359375
1790704553.551876,1,0,570.8081665039062,827.4251098632812,822.4901733398438,829.070068359375
1790704553.5624785,1,0,570.8081665039062,827.4251098632812,822.4901733398438,829.070068359375
1790704553.573574,1,0,911.319091796875,797.8154907226562,838.9400024414062,896.5142822265625
1790704553.5844126,1,0,825.7801513671875,807.6853637695312,827.4251098632812,834.0050048828125
1790704553.595398,1,0,884.9994506835938,810.9752807617188,829.070068359375,870.194580078125
1790704553.606117,1,0,884.9994506835938,810.9752807617188,829.070068359375,870.194580078125
1790704553.6169682,1,0,884.9994506835938,810.9752807617188,829.070068359375,870.194580078125
1790704553.6281016,1,0,884.9994506835938,810.9752807617188,829.070068359375,870.194580078125
1790704553.6388805,1,0,884.9994506835938,810.9752807617188,829.070068359375,870.194580078125
1790704553.6499126,1,0,825.7801513671875,791.2355346679688,830.715087890625,843.8749389648438
1790704553.66088,1,0,891.579345703125,801.1054077148438,825.7801513671875,899.8042602539062
1790704553.6716962,1,0,759.9808959960938,801.1054077148438,822.4901733398438,824.1351318359375
1790704553.682747,1,0,759.9808959960938,794.5255126953125,820.84521484375,860.32470703125
1790704553.6939735,1,0,733.6612548828125,789.590576171875,824.1351318359375,827.4251098632812
1790704553.7052495,1,0,812.6203002929688,804.3953857421875,825.7801513671875,875.1295166015625
1790704553.7164721,1,0,812.6203002929688,804.3953857421875,825.7801513671875,875.1295166015625
1790704553.7274039,1,0,812.6203002929688,804.3953857421875,825.7801513671875,875.1295166015625
1790704553.7384279,1,0,812.6203002929688,804.3953857421875,825.7801513671875,875.1295166015625
1790704553.7492342,1,0,812.6203002929688,804.3953857421875,825.7801513671875,875.1295166015625
1790704553.76073,1,0,812.6203002929688,804.3953857421875,825.7801513671875,875.1295166015625
1790704553.7717717,1,0,733.6612548828125,794.5255126953125,819.2001953125,837.2949829101562
1790704553.7827325,1,0,799.46044921875,789.590576171875,820.84521484375,886.6444091796875
1790704553.7936904,1,0,707.341552734375,789.590576171875,827.4251098632812,827.4251098632812
1790704553.8044631,1,0,720.5014038085938,789.590576171875,827.4251098632812,840.5849609375
1790704553.815056,1,0,806.0403442382812,802.7504272460938,824.1351318359375,876.7745361328125
1790704553.8255706,1,0,806.0403442382812,802.7504272460938,824.1351318359375,876.7745361328125
1790704553.8360732,1,0,806.0403442382812,802.7504272460938,824.1351318359375,876.7745361328125
1790704553.846761,1,0,806.0403442382812,802.7504272460938,824.1351318359375,876.7745361328125
1790704553.8580132,1,0,806.0403442382812,802.7504272460938,824.1351318359375,876.7745361328125
1790704553.8684692,1,0,806.0403442382812,802.7504272460938,824.1351318359375,876.7745361328125
1790704553.8796706,1,0,806.0403442382812,802.7504272460938,824.1351318359375,876.7745361328125
1790704553.8913743,1,0,812.6203002929688,797.8154907226562,824.1351318359375,911.319091796875
1790704553.9025915,1,0,707.341552734375,801.1054077148438,825.7801513671875,896.5142822265625
1790704553.9133923,1,0,602.0628051757812,786.3005981445312,832.3600463867188,848.8098754882812
1790704553.9243593,1,0,681.0218505859375,806.0403442382812,820.84521484375,881.70947265625
1790704553.9349432,1,0,681.0218505859375,806.0403442382812,820.84521484375,881.70947265625
1790704553.9456937,1,0,681.0218505859375,806.0403442382812,820.84521484375,881.70947265625
1790704553.9568577,1,0,681.0218505859375,806.0403442382812,820.84521484375,881.70947265625
1790704553.9674432,1,0,681.0218505859375,806.0403442382812,820.84521484375,881.70947265625
1790704553.9781783,1,0,681.0218505859375,806.0403442382812,820.84521484375,881.70947265625
1790704553.9892936,1,0,681.0218505859375,806.0403442382812,820.84521484375,881.70947265625
1790704554.0004613,1,0,602.0628051757812,807.6853637695312,830.715087890625,834.0050048828125
1790704554.0109189,1,0,549.4234619140625,789.590576171875,834.0050048828125,860.32470703125
1790704554.0215268,1,0,575.7431030273438,810.9752807617188,830.715087890625,899.8042602539062
1790704554.0324736,1,0,575.7431030273438,806.0403442382812,830.715087890625,912.964111328125
1790704554.0433908,1,0,523.103759765625,819.2001953125,824.1351318359375,893.2243041992188
1790704554.0544727,1,0,509.94390869140625,817.5552368164062,817.5552368164062,880.064453125
1790704554.0653698,1,0,509.94390869140625,817.5552368164062,817.5552368164062,880.064453125
1790704554.075857,1,0,509.94390869140625,817.5552368164062,817.5552368164062,880.064453125
1790704554.086821,1,0,509.94390869140625,817.5552368164062,817.5552368164062,880.064453125
1790704554.0977597,1,0,509.94390869140625,817.5552368164062,817.5552368164062,880.064453125
1790704554.1090674,1,0,509.94390869140625,817.5552368164062,817.5552368164062,880.064453125
1790704554.120296,1,0,430.98486328125,806.0403442382812,807.6853637695312,843.8749389648438
1790704554.1311166,1,0,470.4643859863281,840.5849609375,807.6853637695312,870.194580078125
1790704554.1418006,1,0,417.82501220703125,815.9102783203125,783.0106201171875,847.1648559570312
1790704554.152547,1,0,384.9254150390625,802.7504272460938,809.330322265625,820.84521484375
1790704554.1634192,1,0,503.3639831542969,1112.0067138671875,677.7318725585938,959.0235595703125
1790704554.1744125,1,0,503.3639831542969,1112.0067138671875,677.7318725585938,959.0235595703125
1790704554.1850243,1,0,503.3639831542969,1112.0067138671875,677.7318725585938,959.0235595703125
1790704554.1956708,1,0,503.3639831542969,1112.0067138671875,677.7318725585938,959.0235595703125
1790704554.2064905,1,0,503.3639831542969,1112.0067138671875,677.7318725585938,959.0235595703125
1790704554.2173235,1,0,503.3639831542969,1112.0067138671875,677.7318725585938,959.0235595703125
1790704554.2278917,1,0,529.6836547851562,1682.81494140625,1411.3931884765625,452.3695983886719
1790704554.2388587,1,0,477.0443115234375,1636.7554931640625,1511.7369384765625,452.3695983886719
1790704554.2496793,1,0,437.56475830078125,1584.1160888671875,1534.7666015625,597.1278686523438
1790704554.260569,1,0,569.1632080078125,1559.44140625,1607.145751953125,689.2467651367188
1790704554.2712648,1,0,569.1632080078125,1559.44140625,1607.145751953125,689.2467651367188
1790704554.2819526,1,0,569.1632080078125,1559.44140625,1607.145751953125,689.2467651367188
1790704554.2927725,1,0,569.1632080078125,1559.44140625,1607.145751953125,689.2467651367188
1790704554.3033733,1,0,569.1632080078125,1559.44140625,1607.145751953125,689.2467651367188
1790704554.314397,1,0,569.1632080078125,1559.44140625,1607.145751953125,689.2467651367188
1790704554.3252468,1,0,648.1222534179688,1159.711181640625,1092.2669677734375,1093.9119873046875
1790704554.3361673,1,0,595.48291015625,995.213134765625,977.1183471679688,1037.9825439453125
1790704554.346755,1,1,595.48291015625,995.213134765625,977.1183471679688,1037.9825439453125
1790704554.3582294,1,1,595.48291015625,995.213134765625,977.1183471679688,1037.9825439453125
1790704554.3689096,1,1,595.48291015625,995.213134765625,977.1183471679688,1037.9825439453125
1790704554.38009,1,1,595.48291015625,995.213134765625,977.1183471679688,1037.9825439453125
1790704554.3908422,1,1,542.843505859375,952.443603515625,926.1239624023438,963.95849609375
1790704554.4017344,1,1,595.48291015625,824.1351318359375,822.4901733398438,891.579345703125
1790704554.4127846,1,1,569.1632080078125,728.726318359375,774.7857666015625,843.8749389648438
1790704554.4236174,1,1,556.0033569335938,657.9921264648438,705.6965942382812,784.6556396484375
1790704554.4343095,1,1,569.1632080078125,572.4531860351562,654.7021484375,763.2708740234375
1790704554.444966,1,1,634.96240234375,560.9382934570312,638.2523803710938,776.4307250976562
1790704554.4558365,1,0,634.96240234375,560.9382934570312,638.2523803710938,776.4307250976562
1790704554.4667733,1,0,634.96240234375,560.9382934570312,638.2523803710938,776.4307250976562
1790704554.4775333,1,0,634.96240234375,560.9382934570312,638.2523803710938,776.4307250976562
1790704554.4883108,1,0,634.96240234375,560.9382934570312,638.2523803710938,776.4307250976562
1790704554.499309,1,0,634.96240234375,560.9382934570312,638.2523803710938,776.4307250976562
1790704554.5102115,1,0,575.7431030273438,473.75433349609375,644.832275390625,750.1110229492188
1790704554.5212526,1,0,602.0628051757812,473.75433349609375,669.5070190429688,753.4010009765625
1790704554.5318782,1,0,602.0628051757812,473.75433349609375,669.5070190429688,753.4010009765625
1790704554.5425053,1,0,602.0628051757812,473.75433349609375,669.5070190429688,753.4010009765625
1790704554.5534692,1,0,602.0628051757812,473.75433349609375,669.5070190429688,753.4010009765625
1790704554.5641847,1,0,602.0628051757812,473.75433349609375,669.5070190429688,753.4010009765625
1790704554.5749886,1,0,523.103759765625,460.594482421875,664.5720825195312,704.0515747070312
1790704554.5855188,1,0,509.94390869140625,505.00897216796875,666.217041015625,690.8917236328125
1790704554.5960226,1,0,575.7431030273438,544.4884643554688,689.2467651367188,733.6612548828125
1790704554.606941,1,0,483.62420654296875,547.7784423828125,704.0515747070312,684.3118286132812
1790704554.6176198,1,0,496.7840576171875,574.09814453125,712.2764892578125,697.4716796875
1790704554.628669,1,0,536.2636108398438,606.9977416992188,710.6315307617188,728.726318359375
1790704554.6397016,1,1,536.2636108398438,606.9977416992188,710.6315307617188,728.726318359375
1790704554.6504521,1,1,536.2636108398438,606.9977416992188,710.6315307617188,728.726318359375
1790704554.661198,1,1,536.2636108398438,606.9977416992188,710.6315307617188,728.726318359375
1790704554.6718335,1,1,536.2636108398438,606.9977416992188,710.6315307617188,728.726318359375
1790704554.6834273,1,1,536.2636108398438,606.9977416992188,710.6315307617188,728.726318359375
1790704554.6944594,1,1,549.4234619140625,636.607421875,735.3062133789062,753.4010009765625
1790704554.7052279,1,1,450.724609375,636.607421875,733.6612548828125,704.0515747070312
1790704554.7162414,1,1,450.724609375,648.1222534179688,756.6909790039062,704.0515747070312
1790704554.726778,1,1,450.724609375,648.1222534179688,756.6909790039062,704.0515747070312
1790704554.7373106,1,1,450.724609375,648.1222534179688,756.6909790039062,704.0515747070312
1790704554.748171,1,1,450.724609375,648.1222534179688,756.6909790039062,704.0515747070312
1790704554.7586799,1,1,450.724609375,648.1222534179688,756.6909790039062,704.0515747070312
1790704554.7694125,1,1,450.724609375,648.1222534179688,756.6909790039062,704.0515747070312
1790704554.7803645,1,1,914.6090698242188,657.9921264648438,750.1110229492188,857.0347290039062
1790704554.7913609,1,1,954.088623046875,672.7969360351562,748.466064453125,881.70947265625
1790704554.8018413,1,1,901.44921875,692.5367431640625,758.3359375,866.9046630859375
1790704554.8123114,1,1,822.4901733398438,676.0869140625,761.6259155273438,830.715087890625
1790704554.8233886,1,1,822.4901733398438,681.0218505859375,771.4957885742188,838.9400024414062
1790704554.8345718,1,1,901.44921875,685.956787109375,774.7857666015625,865.2596435546875
1790704554.8452628,1,0,901.44921875,685.956787109375,774.7857666015625,865.2596435546875
1790704554.8560376,1,0,901.44921875,685.956787109375,774.7857666015625,865.2596435546875
1790704554.8668308,1,0,901.44921875,685.956787109375,774.7857666015625,865.2596435546875
1790704554.8779182,1,0,901.44921875,685.956787109375,774.7857666015625,865.2596435546875
1790704554.88847,1,0,822.4901733398438,702.4066162109375,768.205810546875,835.6500244140625
1790704554.8995092,1,0,848.8098754882812,708.9865112304688,763.2708740234375,832.3600463867188
1790704554.9105566,1,0,875.1295166015625,745.1760864257812,750.1110229492188,825.7801513671875
1790704554.9211686,1,0,756.6909790039062,753.4010009765625,753.4010009765625,761.6259155273438
1790704554.9323115,1,0,796.1704711914062,778.07568359375,751.7560424804688,778.07568359375
1790704554.943038,1,0,796.1704711914062,778.07568359375,751.7560424804688,778.07568359375
1790704554.953674,1,0,796.1704711914062,778.07568359375,751.7560424804688,778.07568359375
1790704554.9641972,1,0,796.1704711914062,778.07568359375,751.7560424804688,778.07568359375
1790704554.9748292,1,0,796.1704711914062,778.07568359375,751.7560424804688,778.07568359375
1790704554.9858227,1,0,796.1704711914062,778.07568359375,751.7560424804688,778.07568359375
1790704554.9964182,1,0,822.4901733398438,759.9808959960938,769.850830078125,802.7504272460938
1790704555.0070162,1,0,756.6909790039062,740.2411499023438,773.1407470703125,779.720703125
1790704555.017577,1,0,756.6909790039062,740.2411499023438,781.3656616210938,802.7504272460938
1790704555.0281062,1,0,730.3712768554688,730.3712768554688,784.6556396484375,840.5849609375
1790704555.0389688,1,0,730.3712768554688,730.3712768554688,784.6556396484375,840.5849609375
1790704555.0498245,1,0,730.3712768554688,730.3712768554688,784.6556396484375,840.5849609375
1790704555.0605104,1,0,730.3712768554688,730.3712768554688,784.6556396484375,840.5849609375
1790704555.071124,1,0,730.3712768554688,730.3712768554688,784.6556396484375,840.5849609375
1790704555.0817769,1,0,730.3712768554688,730.3712768554688,784.6556396484375,840.5849609375
1790704555.092722,1,0,730.3712768554688,730.3712768554688,784.6556396484375,840.5849609375
1790704555.1034973,1,0,651.4122314453125,707.341552734375,797.8154907226562,814.2652587890625
1790704555.1146083,1,0,651.4122314453125,723.7913208007812,799.46044921875,842.2299194335938
1790704555.1250575,1,0,638.2523803710938,717.21142578125,801.1054077148438,837.2949829101562
1790704555.135553,1,0,717.21142578125,764.9158325195312,807.6853637695312,881.70947265625
1790704555.1460338,1,0,611.9326782226562,761.6259155273438,804.3953857421875,825.7801513671875
1790704555.156632,1,0,638.2523803710938,776.4307250976562,806.0403442382812,865.2596435546875
1790704555.1677456,1,0,638.2523803710938,776.4307250976562,806.0403442382812,865.2596435546875
1790704555.1787474,1,0,638.2523803710938,776.4307250976562,806.0403442382812,865.2596435546875
1790704555.1892755,1,0,638.2523803710938,776.4307250976562,806.0403442382812,865.2596435546875
1790704555.2002223,1,0,638.2523803710938,776.4307250976562,806.0403442382812,865.2596435546875
1790704555.210976,1,0,638.2523803710938,776.4307250976562,806.0403442382812,865.2596435546875
1790704555.2219276,1,0,559.2933349609375,781.3656616210938,814.2652587890625,825.7801513671875
1790704555.233112,1,0,559.2933349609375,806.0403442382812,809.330322265625,838.9400024414062
1790704555.2441783,1,0,625.092529296875,815.9102783203125,807.6853637695312,878.4194946289062
1790704555.2548673,1,0,532.9736328125,773.1407470703125,814.2652587890625,838.9400024414062
1790704555.2655132,1,0,598.7728271484375,809.330322265625,809.330322265625,871.839599609375
1790704555.2762585,1,0,598.7728271484375,809.330322265625,809.330322265625,871.839599609375
1790704555.2866995,1,0,598.7728271484375,809.330322265625,809.330322265625,871.839599609375
1790704555.2979097,1,0,598.7728271484375,809.330322265625,809.330322265625,871.839599609375
1790704555.3087192,1,0,598.7728271484375,809.330322265625,809.330322265625,871.839599609375
1790704555.3193145,1,0,572.4531860351562,804.3953857421875,815.9102783203125,863.6146850585938
1790704555.330083,1,0,519.8137817382812,784.6556396484375,820.84521484375,830.715087890625
1790704555.3412044,1,0,493.4941101074219,792.8805541992188,822.4901733398438,824.1351318359375
1790704555.351673,1,0,806.0403442382812,771.4957885742188,819.2001953125,834.0050048828125
1790704555.3622007,1,0,819.2001953125,806.0403442382812,814.2652587890625,853.7448120117188
1790704555.373158,1,0,845.5198974609375,796.1704711914062,817.5552368164062,889.9343872070312
1790704555.3841572,1,0,806.0403442382812,796.1704711914062,817.5552368164062,863.6146850585938
1790704555.394748,1,0,753.4010009765625,791.2355346679688,814.2652587890625,837.2949829101562
1790704555.405576,1,0,832.3600463867188,784.6556396484375,814.2652587890625,880.064453125
1790704555.416541,1,0,832.3600463867188,784.6556396484375,814.2652587890625,880.064453125
1790704555.4275866,1,0,832.3600463867188,784.6556396484375,814.2652587890625,880.064453125
1790704555.4384296,1,0,832.3600463867188,784.6556396484375,814.2652587890625,880.064453125
1790704555.4491594,1,0,832.3600463867188,784.6556396484375,814.2652587890625,880.064453125
1790704555.4605026,1,0,753.4010009765625,787.945556640625,807.6853637695312,843.8749389648438
1790704555.4717376,1,0,806.0403442382812,812.6203002929688,814.2652587890625,886.6444091796875
1790704555.4832628,1,0,727.081298828125,784.6556396484375,817.5552368164062,830.715087890625
1790704555.4944215,1,0,700.7615966796875,794.5255126953125,814.2652587890625,814.2652587890625
1790704555.504969,1,0,687.601806640625,802.7504272460938,819.2001953125,834.0050048828125
1790704555.5155034,1,0,727.081298828125,806.0403442382812,819.2001953125,847.1648559570312
1790704555.5260518,1,0,727.081298828125,806.0403442382812,819.2001953125,847.1648559570312
1790704555.5367608,1,0,727.081298828125,806.0403442382812,819.2001953125,847.1648559570312
1790704555.5472732,1,0,727.081298828125,806.0403442382812,819.2001953125,847.1648559570312
1790704555.557803,1,0,727.081298828125,806.0403442382812,819.2001953125,847.1648559570312
1790704555.5684266,1,0,602.0628051757812,806.0403442382812,820.84521484375,794.5255126953125
1790704555.579007,1,0,694.1817016601562,825.7801513671875,812.6203002929688,845.5198974609375
1790704555.5896063,1,0,628.3825073242188,807.6853637695312,815.9102783203125,815.9102783203125
1790704555.6002514,1,0,707.341552734375,825.7801513671875,815.9102783203125,858.6797485351562
1790704555.6106822,1,0,681.0218505859375,814.2652587890625,815.9102783203125,842.2299194335938
1790704555.6217334,1,0,681.0218505859375,814.2652587890625,815.9102783203125,842.2299194335938
1790704555.6322603,1,0,681.0218505859375,814.2652587890625,815.9102783203125,842.2299194335938
1790704555.6429026,1,0,681.0218505859375,814.2652587890625,815.9102783203125,842.2299194335938
1790704555.65348,1,0,681.0218505859375,814.2652587890625,815.9102783203125,842.2299194335938
1790704555.6644187,1,0,602.0628051757812,799.46044921875,822.4901733398438,822.4901733398438
1790704555.6752994,1,0,615.22265625,799.46044921875,822.4901733398438,832.3600463867188
1790704555.6858058,1,0,641.5423583984375,806.0403442382812,812.6203002929688,855.3897705078125
1790704555.6964056,1,0,556.0033569335938,771.4957885742188,822.4901733398438,819.2001953125
1790704555.7074625,1,0,588.9029541015625,819.2001953125,809.330322265625,827.4251098632812
1790704555.7181017,1,0,588.9029541015625,819.2001953125,809.330322265625,827.4251098632812
1790704555.7289264,1,0,588.9029541015625,819.2001953125,809.330322265625,827.4251098632812
1790704555.7394273,1,0,588.9029541015625,819.2001953125,809.330322265625,827.4251098632812
1790704555.750128,1,0,588.9029541015625,819.2001953125,809.330322265625,827.4251098632812
1790704555.7608094,1,0,588.9029541015625,819.2001953125,809.330322265625,827.4251098632812
1790704555.771379,1,0,615.22265625,815.9102783203125,814.2652587890625,857.0347290039062
1790704555.782016,1,0,615.22265625,802.7504272460938,814.2652587890625,866.9046630859375
1790704555.792913,1,0,523.103759765625,802.7504272460938,817.5552368164062,820.84521484375
1790704555.8038595,1,0,523.103759765625,801.1054077148438,814.2652587890625,814.2652587890625
1790704555.8144348,1,0,588.9029541015625,806.0403442382812,817.5552368164062,847.1648559570312
1790704555.8251228,1,0,588.9029541015625,806.0403442382812,817.5552368164062,847.1648559570312
1790704555.8357232,1,0,588.9029541015625,806.0403442382812,817.5552368164062,847.1648559570312
1790704555.8462763,1,0,588.9029541015625,806.0403442382812,817.5552368164062,847.1648559570312
1790704555.8575206,1,0,588.9029541015625,806.0403442382812,817.5552368164062,847.1648559570312
1790704555.8685277,1,0,588.9029541015625,806.0403442382812,817.5552368164062,847.1648559570312
1790704555.8793797,1,0,562.583251953125,797.8154907226562,814.2652587890625,853.7448120117188
1790704555.89024,1,0,588.9029541015625,801.1054077148438,812.6203002929688,873.4845581054688
1790704555.9008899,1,0,404.6651611328125,797.8154907226562,819.2001953125,847.1648559570312
1790704555.911439,1,0,820.84521484375,794.5255126953125,815.9102783203125,829.070068359375
1790704555.9227006,1,0,873.4845581054688,794.5255126953125,819.2001953125,870.194580078125
1790704555.933657,1,0,873.4845581054688,794.5255126953125,819.2001953125,870.194580078125
1790704555.9446402,1,0,873.4845581054688,794.5255126953125,819.2001953125,870.194580078125
1790704555.955612,1,0,873.4845581054688,794.5255126953125,819.2001953125,870.194580078125
1790704555.9671001,1,0,873.4845581054688,794.5255126953125,819.2001953125,870.194580078125
1790704555.9780803,1,0,873.4845581054688,794.5255126953125,819.2001953125,870.194580078125
1790704555.9886234,1,0,847.1648559570312,792.8805541992188,819.2001953125,863.6146850585938
1790704555.9992993,1,0,873.4845581054688,806.0403442382812,814.2652587890625,886.6444091796875
1790704556.0099037,1,0,860.32470703125,815.9102783203125,819.2001953125,871.839599609375
1790704556.0208828,1,0,794.5255126953125,804.3953857421875,820.84521484375,853.7448120117188
1790704556.031715,1,0,748.466064453125,792.8805541992188,827.4251098632812,842.2299194335938
1790704556.0428662,1,0,794.5255126953125,810.9752807617188,825.7801513671875,865.2596435546875
1790704556.0538898,1,0,794.5255126953125,810.9752807617188,825.7801513671875,865.2596435546875
1790704556.0644772,1,0,794.5255126953125,810.9752807617188,825.7801513671875,865.2596435546875
1790704556.0754848,1,0,794.5255126953125,810.9752807617188,825.7801513671875,865.2596435546875
1790704556.0859666,1,0,794.5255126953125,810.9752807617188,825.7801513671875,865.2596435546875
1790704556.0966296,1,0,748.466064453125,812.6203002929688,819.2001953125,835.6500244140625
1790704556.107554,1,0,748.466064453125,807.6853637695312,825.7801513671875,891.579345703125
1790704556.118031,1,0,748.466064453125,815.9102783203125,824.1351318359375,881.70947265625
1790704556.129108,1,0,722.1463623046875,807.6853637695312,827.4251098632812,858.6797485351562
1790704556.1395829,1,0,722.1463623046875,807.6853637695312,827.4251098632812,858.6797485351562
1790704556.1501606,1,0,722.1463623046875,807.6853637695312,827.4251098632812,858.6797485351562
1790704556.160944,1,0,722.1463623046875,807.6853637695312,827.4251098632812,858.6797485351562
1790704556.171828,1,0,722.1463623046875,807.6853637695312,827.4251098632812,858.6797485351562
1790704556.182873,1,0,722.1463623046875,807.6853637695312,827.4251098632812,858.6797485351562
1790704556.1934242,1,0,669.5070190429688,794.5255126953125,822.4901733398438,835.6500244140625
1790704556.2041445,1,0,649.7672119140625,804.3953857421875,840.5849609375,832.3600463867188
1790704556.2146175,1,0,669.5070190429688,792.8805541992188,850.454833984375,876.7745361328125
1790704556.2255054,1,0,682.6668701171875,814.2652587890625,842.2299194335938,894.8693237304688
1790704556.235944,1,0,630.0274658203125,787.945556640625,847.1648559570312,894.8693237304688
1790704556.2465534,1,0,577.3881225585938,792.8805541992188,838.9400024414062,868.5496215820312
1790704556.257312,1,0,577.3881225585938,792.8805541992188,838.9400024414062,868.5496215820312
1790704556.2681973,1,0,577.3881225585938,792.8805541992188,838.9400024414062,868.5496215820312
1790704556.2793088,1,0,577.3881225585938,792.8805541992188,838.9400024414062,868.5496215820312
1790704556.2899084,1,0,577.3881225585938,792.8805541992188,838.9400024414062,868.5496215820312
1790704556.3006961,1,0,511.5888977050781,789.590576171875,842.2299194335938,822.4901733398438
1790704556.3113117,1,0,485.2691955566406,781.3656616210938,832.3600463867188,832.3600463867188
1790704556.3220382,1,0,458.94952392578125,796.1704711914062,835.6500244140625,815.9102783203125
1790704556.3330529,1,0,524.7487182617188,797.8154907226562,832.3600463867188,848.8098754882812
1790704556.3440526,1,0,524.7487182617188,797.8154907226562,832.3600463867188,848.8098754882812
1790704556.3548107,1,0,524.7487182617188,797.8154907226562,832.3600463867188,848.8098754882812
1790704556.3657184,1,0,524.7487182617188,797.8154907226562,832.3600463867188,848.8098754882812
1790704556.3767936,1,0,524.7487182617188,797.8154907226562,832.3600463867188,848.8098754882812
1790704556.3876529,1,0,445.7896728515625,799.46044921875,830.715087890625,809.330322265625
1790704556.3983197,1,0,452.3695983886719,797.8154907226562,827.4251098632812,812.6203002929688
1790704556.4091249,1,0,439.2097473144531,802.7504272460938,830.715087890625,806.0403442382812
1790704556.4201705,1,0,505.00897216796875,817.5552368164062,829.070068359375,842.2299194335938
1790704556.4308596,1,0,524.7487182617188,806.0403442382812,827.4251098632812,838.9400024414062
1790704556.4420304,1,0,498.4290466308594,806.0403442382812,829.070068359375,824.1351318359375
1790704556.4530885,1,0,498.4290466308594,806.0403442382812,829.070068359375,824.1351318359375
1790704556.4637809,1,0,498.4290466308594,806.0403442382812,829.070068359375,824.1351318359375
1790704556.4748785,1,0,498.4290466308594,806.0403442382812,829.070068359375,824.1351318359375
1790704556.4855123,1,0,498.4290466308594,806.0403442382812,829.070068359375,824.1351318359375
1790704556.4962928,1,0,498.4290466308594,806.0403442382812,829.070068359375,824.1351318359375
1790704556.5069747,1,0,432.62982177734375,786.3005981445312,830.715087890625,791.2355346679688
1790704556.5178697,1,0,432.62982177734375,786.3005981445312,830.715087890625,791.2355346679688
1790704556.5288339,1,0,932.703857421875,802.7504272460938,822.4901733398438,886.6444091796875
1790704556.5395272,0,0,853.7448120117188,806.0403442382812,822.4901733398438,853.7448120117188
1790704556.5504966,0,0,853.7448120117188,806.0403442382812,822.4901733398438,853.7448120117188
1790704556.5615275,0,0,853.7448120117188,806.0403442382812,822.4901733398438,853.7448120117188
1790704556.5722961,0,0,853.7448120117188,806.0403442382812,822.4901733398438,853.7448120117188
1790704556.5832489,0,0,853.7448120117188,806.0403442382812,822.4901733398438,853.7448120117188
1790704556.5947456,0,0,853.7448120117188,806.0403442382812,822.4901733398438,853.7448120117188
1790704556.605487,0,0,801.1054077148438,812.6203002929688,825.7801513671875,834.0050048828125
1790704556.6164455,0,0,761.6259155273438,797.8154907226562,829.070068359375,810.9752807617188
1790704556.6279697,0,0,781.3656616210938,787.945556640625,829.070068359375,824.1351318359375
1790704556.6386409,0,0,787.945556640625,806.0403442382812,820.84521484375,852.0997924804688
1790704556.6498013,0,0,787.945556640625,806.0403442382812,820.84521484375,852.0997924804688
1790704556.6606755,0,0,787.945556640625,806.0403442382812,820.84521484375,852.0997924804688
1790704556.6716635,0,0,787.945556640625,806.0403442382812,820.84521484375,852.0997924804688
1790704556.682546,0,0,787.945556640625,806.0403442382812,820.84521484375,852.0997924804688
1790704556.693297,0,0,722.1463623046875,784.6556396484375,819.2001953125,829.070068359375
1790704556.703898,0,0,814.2652587890625,806.0403442382812,817.5552368164062,870.194580078125
1790704556.7150245,0,0,817.5552368164062,809.330322265625,819.2001953125,880.064453125
1790704556.725988,0,0,758.3359375,814.2652587890625,797.8154907226562,842.2299194335938
1790704556.736875,0,0,758.3359375,814.2652587890625,797.8154907226562,842.2299194335938
1790704556.7475898,0,0,758.3359375,814.2652587890625,797.8154907226562,842.2299194335938
1790704556.7581458,0,0,758.3359375,814.2652587890625,797.8154907226562,842.2299194335938
1790704556.7688122,0,0,758.3359375,814.2652587890625,797.8154907226562,842.2299194335938
1790704556.7798643,0,0,758.3359375,814.2652587890625,797.8154907226562,842.2299194335938
1790704556.7907386,0,0,758.3359375,814.2652587890625,797.8154907226562,842.2299194335938
1790704556.8015327,0,0,679.3768920898438,807.6853637695312,797.8154907226562,815.9102783203125
1790704556.8124914,0,0,758.3359375,812.6203002929688,797.8154907226562,852.0997924804688
1790704556.823983,0,0,679.3768920898438,804.3953857421875,799.46044921875,806.0403442382812
1790704556.8350518,0,0,732.0162353515625,806.0403442382812,810.9752807617188,873.4845581054688
1790704556.8459144,0,0,679.3768920898438,809.330322265625,812.6203002929688,847.1648559570312
1790704556.8568735,0,0,679.3768920898438,809.330322265625,812.6203002929688,847.1648559570312
1790704556.868136,0,0,679.3768920898438,809.330322265625,812.6203002929688,847.1648559570312
1790704556.8790576,0,0,679.3768920898438,809.330322265625,812.6203002929688,847.1648559570312
1790704556.8901656,0,0,679.3768920898438,809.330322265625,812.6203002929688,847.1648559570312
1790704556.90111,0,0,653.0571899414062,825.7801513671875,807.6853637695312,847.1648559570312
1790704556.9117072,0,0,666.217041015625,806.0403442382812,814.2652587890625,876.7745361328125
1790704556.9225633,0,0,620.1575927734375,807.6853637695312,815.9102783203125,857.0347290039062
1790704556.9332924,0,0,528.0386962890625,799.46044921875,820.84521484375,814.2652587890625
1790704556.9446342,0,0,580.6780395507812,814.2652587890625,815.9102783203125,840.5849609375
1790704556.9560158,0,0,580.6780395507812,814.2652587890625,815.9102783203125,840.5849609375
1790704556.9670413,0,0,580.6780395507812,814.2652587890625,815.9102783203125,840.5849609375
1790704556.9775417,0,0,580.6780395507812,814.2652587890625,815.9102783203125,840.5849609375
1790704556.9880373,0,0,580.6780395507812,814.2652587890625,815.9102783203125,840.5849609375
1790704556.9989762,0,0,580.6780395507812,814.2652587890625,815.9102783203125,840.5849609375
1790704557.0100713,0,0,528.0386962890625,801.1054077148438,820.84521484375,824.1351318359375
1790704557.0209925,0,0,514.8788452148438,784.6556396484375,819.2001953125,830.715087890625
1790704557.0319455,0,0,514.8788452148438,822.4901733398438,819.2001953125,860.32470703125
1790704557.043042,0,0,514.8788452148438,804.3953857421875,825.7801513671875,875.1295166015625
1790704557.0539365,0,0,488.5591735839844,804.3953857421875,824.1351318359375,845.5198974609375
1790704557.0647898,0,0,488.5591735839844,804.3953857421875,824.1351318359375,845.5198974609375
1790704557.075521,0,0,488.5591735839844,804.3953857421875,824.1351318359375,845.5198974609375
1790704557.0865083,0,0,488.5591735839844,804.3953857421875,824.1351318359375,845.5198974609375
1790704557.0979137,0,0,488.5591735839844,804.3953857421875,824.1351318359375,845.5198974609375
1790704557.1089923,0,0,435.9197998046875,796.1704711914062,825.7801513671875,825.7801513671875
1790704557.1199894,0,0,514.8788452148438,817.5552368164062,819.2001953125,871.839599609375
1790704557.130885,0,0,914.6090698242188,810.9752807617188,819.2001953125,871.839599609375
1790704557.1416693,0,0,914.6090698242188,807.6853637695312,822.4901733398438,876.7745361328125
1790704557.1524143,0,0,875.1295166015625,819.2001953125,825.7801513671875,850.454833984375
1790704557.1632893,0,0,875.1295166015625,819.2001953125,825.7801513671875,850.454833984375
1790704557.1742835,0,0,875.1295166015625,819.2001953125,825.7801513671875,850.454833984375
1790704557.1848466,0,0,875.1295166015625,819.2001953125,825.7801513671875,850.454833984375
1790704557.1958332,0,0,875.1295166015625,819.2001953125,825.7801513671875,850.454833984375
1790704557.2064419,0,0,875.1295166015625,819.2001953125,825.7801513671875,850.454833984375
1790704557.2172682,0,0,822.4901733398438,809.330322265625,819.2001953125,825.7801513671875
1790704557.228336,0,0,914.6090698242188,809.330322265625,827.4251098632812,903.09423828125
1790704557.2392619,0,0,888.2893676757812,794.5255126953125,829.070068359375,880.064453125
1790704557.2499416,0,0,861.9697265625,819.2001953125,822.4901733398438,857.0347290039062
1790704557.261075,0,0,822.4901733398438,799.46044921875,829.070068359375,842.2299194335938
1790704557.272154,0,0,796.1704711914062,809.330322265625,830.715087890625,825.7801513671875
1790704557.2829819,0,0,888.2893676757812,809.330322265625,830.715087890625,891.579345703125
1790704557.2936823,0,0,848.8098754882812,807.6853637695312,822.4901733398438,852.0997924804688
1790704557.3046308,0,0,848.8098754882812,807.6853637695312,822.4901733398438,852.0997924804688
1790704557.3155222,0,0,848.8098754882812,807.6853637695312,822.4901733398438,852.0997924804688
1790704557.326127,0,0,848.8098754882812,807.6853637695312,822.4901733398438,852.0997924804688
1790704557.3369665,0,0,848.8098754882812,807.6853637695312,822.4901733398438,852.0997924804688
1790704557.3480022,0,0,783.0106201171875,807.6853637695312,824.1351318359375,809.330322265625
1790704557.358758,0,0,796.1704711914062,781.3656616210938,832.3600463867188,842.2299194335938
1790704557.369742,0,0,809.330322265625,807.6853637695312,824.1351318359375,825.7801513671875
1790704557.3806314,0,0,888.2893676757812,809.330322265625,822.4901733398438,868.5496215820312
1790704557.3914392,0,0,822.4901733398438,804.3953857421875,815.9102783203125,815.9102783203125
1790704557.4023833,0,0,875.1295166015625,815.9102783203125,822.4901733398438,838.9400024414062
1790704557.413112,0,0,875.1295166015625,815.9102783203125,822.4901733398438,838.9400024414062
1790704557.4237132,0,0,875.1295166015625,815.9102783203125,822.4901733398438,838.9400024414062
1790704557.4347417,0,0,875.1295166015625,815.9102783203125,822.4901733398438,838.9400024414062
1790704557.4455807,0,0,875.1295166015625,815.9102783203125,822.4901733398438,838.9400024414062
1790704557.4561644,0,0,875.1295166015625,792.8805541992188,855.3897705078125,858.6797485351562
1790704557.4669964,0,0,783.0106201171875,771.4957885742188,871.839599609375,832.3600463867188
1790704557.478116,0,0,881.70947265625,799.46044921875,855.3897705078125,884.9994506835938
1790704557.4886858,0,0,881.70947265625,799.46044921875,855.3897705078125,884.9994506835938
1790704557.499865,0,0,842.2299194335938,794.5255126953125,850.454833984375,857.0347290039062
1790704557.5110083,0,0,842.2299194335938,794.5255126953125,850.454833984375,857.0347290039062
1790704557.5216694,0,0,842.2299194335938,794.5255126953125,850.454833984375,857.0347290039062
1790704557.5323827,0,0,842.2299194335938,794.5255126953125,850.454833984375,857.0347290039062
1790704557.543665,0,0,842.2299194335938,794.5255126953125,850.454833984375,857.0347290039062
1790704557.5547142,0,0,776.4307250976562,787.945556640625,847.1648559570312,812.6203002929688
1790704557.5652516,0,0,763.2708740234375,789.590576171875,842.2299194335938,824.1351318359375
1790704557.5766027,0,0,750.1110229492188,792.8805541992188,834.0050048828125,827.4251098632812
1790704557.5875375,0,0,763.2708740234375,796.1704711914062,837.2949829101562,825.7801513671875
1790704557.5986667,0,0,829.070068359375,804.3953857421875,829.070068359375,865.2596435546875
1790704557.6094363,0,0,802.7504272460938,794.5255126953125,827.4251098632812,840.5849609375
1790704557.6203322,0,0,802.7504272460938,794.5255126953125,827.4251098632812,840.5849609375
1790704557.6310046,0,0,802.7504272460938,794.5255126953125,827.4251098632812,840.5849609375
1790704557.6420002,0,0,802.7504272460938,794.5255126953125,827.4251098632812,840.5849609375
1790704557.6530693,0,0,802.7504272460938,794.5255126953125,827.4251098632812,840.5849609375
1790704557.6641047,0,0,789.590576171875,804.3953857421875,822.4901733398438,847.1648559570312
1790704557.6750536,0,0,815.9102783203125,802.7504272460938,824.1351318359375,814.2652587890625
1790704557.6859992,0,0,842.2299194335938,792.8805541992188,832.3600463867188,838.9400024414062
1790704557.6965287,0,0,809.330322265625,809.330322265625,822.4901733398438,827.4251098632812
1790704557.7078571,0,0,881.70947265625,796.1704711914062,829.070068359375,891.579345703125
1790704557.7190511,0,0,848.8098754882812,801.1054077148438,830.715087890625,871.839599609375
1790704557.730079,0,0,848.8098754882812,801.1054077148438,830.715087890625,871.839599609375
1790704557.7409449,0,0,848.8098754882812,801.1054077148438,830.715087890625,871.839599609375
1790704557.7519248,0,0,848.8098754882812,801.1054077148438,830.715087890625,871.839599609375
1790704557.7627213,0,0,783.0106201171875,802.7504272460938,822.4901733398438,822.4901733398438
1790704557.77345,0,0,776.4307250976562,794.5255126953125,822.4901733398438,840.5849609375
1790704557.7841125,0,0,769.850830078125,835.6500244140625,819.2001953125,812.6203002929688
1790704557.7949512,0,0,759.9808959960938,827.4251098632812,806.0403442382812,801.1054077148438
1790704557.805997,0,0,786.3005981445312,825.7801513671875,802.7504272460938,814.2652587890625
1790704557.8165722,0,1,786.3005981445312,825.7801513671875,802.7504272460938,814.2652587890625
1790704557.8275943,0,1,786.3005981445312,825.7801513671875,802.7504272460938,814.2652587890625
1790704557.8387256,0,1,786.3005981445312,825.7801513671875,802.7504272460938,814.2652587890625
1790704557.8499446,0,1,786.3005981445312,825.7801513671875,802.7504272460938,814.2652587890625
1790704557.8607767,0,1,786.3005981445312,825.7801513671875,802.7504272460938,814.2652587890625
1790704557.8716972,0,1,746.8211059570312,810.9752807617188,789.590576171875,804.3953857421875
1790704557.8826387,0,1,733.6612548828125,825.7801513671875,784.6556396484375,786.3005981445312
1790704557.8935118,0,1,667.8619995117188,814.2652587890625,789.590576171875,769.850830078125
1790704557.9043727,0,1,681.0218505859375,819.2001953125,792.8805541992188,792.8805541992188
1790704557.9155319,0,1,720.5014038085938,807.6853637695312,806.0403442382812,845.5198974609375
1790704557.9264638,0,1,720.5014038085938,807.6853637695312,806.0403442382812,845.5198974609375
1790704557.937256,0,1,720.5014038085938,807.6853637695312,806.0403442382812,845.5198974609375
1790704557.9480586,0,1,720.5014038085938,807.6853637695312,806.0403442382812,845.5198974609375
1790704557.958753,0,1,720.5014038085938,807.6853637695312,806.0403442382812,845.5198974609375
1790704557.9692626,0,1,720.5014038085938,807.6853637695312,806.0403442382812,845.5198974609375
1790704557.9805427,0,1,707.341552734375,830.715087890625,804.3953857421875,842.2299194335938
1790704557.9914362,0,1,773.1407470703125,824.1351318359375,810.9752807617188,888.2893676757812
1790704558.0019147,0,1,723.7913208007812,815.9102783203125,810.9752807617188,883.3544311523438
1790704558.0126987,0,1,746.8211059570312,814.2652587890625,817.5552368164062,893.2243041992188
1790704558.0236375,0,1,694.1817016601562,809.330322265625,820.84521484375,857.0347290039062
1790704558.03442,0,1,694.1817016601562,809.330322265625,820.84521484375,857.0347290039062
1790704558.0450644,0,1,694.1817016601562,809.330322265625,820.84521484375,857.0347290039062
1790704558.0559583,0,1,694.1817016601562,809.330322265625,820.84521484375,857.0347290039062
1790704558.0668147,0,1,694.1817016601562,809.330322265625,820.84521484375,857.0347290039062
1790704558.077742,0,1,605.352783203125,797.8154907226562,822.4901733398438,806.0403442382812
1790704558.0887372,0,1,618.5126342773438,799.46044921875,827.4251098632812,835.6500244140625
1790704558.099468,0,1,592.1929321289062,804.3953857421875,824.1351318359375,809.330322265625
1790704558.1103296,0,1,605.352783203125,797.8154907226562,830.715087890625,829.070068359375
1790704558.1213756,0,1,618.5126342773438,797.8154907226562,830.715087890625,855.3897705078125
1790704558.1323373,0,1,618.5126342773438,797.8154907226562,830.715087890625,855.3897705078125
1790704558.1433504,0,1,618.5126342773438,797.8154907226562,830.715087890625,855.3897705078125
1790704558.154293,0,1,618.5126342773438,797.8154907226562,830.715087890625,855.3897705078125
1790704558.165712,0,1,618.5126342773438,797.8154907226562,830.715087890625,855.3897705078125
1790704558.1771767,0,1,618.5126342773438,797.8154907226562,830.715087890625,855.3897705078125
1790704558.1878004,0,1,579.0330810546875,820.84521484375,819.2001953125,819.2001953125
1790704558.198557,0,1,592.1929321289062,806.0403442382812,820.84521484375,838.9400024414062
1790704558.209522,0,1,625.092529296875,809.330322265625,822.4901733398438,857.0347290039062
1790704558.2207553,0,1,625.092529296875,809.330322265625,822.4901733398438,857.0347290039062
1790704558.2317598,0,1,625.092529296875,809.330322265625,822.4901733398438,857.0347290039062
1790704558.2424614,0,1,625.092529296875,809.330322265625,822.4901733398438,857.0347290039062
1790704558.2529507,0,1,625.092529296875,809.330322265625,822.4901733398438,857.0347290039062
1790704558.2637825,0,1,625.092529296875,809.330322265625,822.4901733398438,857.0347290039062
1790704558.2745895,0,1,625.092529296875,809.330322265625,822.4901733398438,857.0347290039062
1790704558.28545,0,1,625.092529296875,809.330322265625,822.4901733398438,857.0347290039062
1790704558.2964017,0,1,873.4845581054688,815.9102783203125,825.7801513671875,855.3897705078125
1790704558.3068416,0,1,939.2837524414062,809.330322265625,825.7801513671875,899.8042602539062
1790704558.317486,0,1,939.2837524414062,819.2001953125,822.4901733398438,881.70947265625
1790704558.3283446,0,1,847.1648559570312,809.330322265625,829.070068359375,838.9400024414062
1790704558.3396254,0,1,886.6444091796875,815.9102783203125,824.1351318359375,861.9697265625
1790704558.3506122,0,1,886.6444091796875,815.9102783203125,824.1351318359375,861.9697265625
1790704558.3615565,0,1,886.6444091796875,815.9102783203125,824.1351318359375,861.9697265625
1790704558.3724463,0,1,886.6444091796875,815.9102783203125,824.1351318359375,861.9697265625
1790704558.3837378,0,1,886.6444091796875,815.9102783203125,824.1351318359375,861.9697265625
1790704558.394874,0,1,820.84521484375,806.0403442382812,827.4251098632812,819.2001953125
1790704558.406044,0,1,926.1239624023438,814.2652587890625,827.4251098632812,891.579345703125
1790704558.4173672,0,1,820.84521484375,809.330322265625,824.1351318359375,842.2299194335938
1790704558.4281998,0,1,768.205810546875,779.720703125,829.070068359375,845.5198974609375
1790704558.4386885,0,1,755.0459594726562,792.8805541992188,822.4901733398438,840.5849609375
1790704558.4496946,0,1,741.8861083984375,802.7504272460938,820.84521484375,847.1648559570312
1790704558.4610555,0,1,768.205810546875,806.0403442382812,822.4901733398438,866.9046630859375
1790704558.4725344,0,1,768.205810546875,806.0403442382812,822.4901733398438,866.9046630859375
1790704558.483691,0,1,768.205810546875,806.0403442382812,822.4901733398438,866.9046630859375
1790704558.494726,0,1,768.205810546875,806.0403442382812,822.4901733398438,866.9046630859375
1790704558.505408,0,1,768.205810546875,806.0403442382812,822.4901733398438,866.9046630859375
1790704558.5164714,0,1,768.205810546875,806.0403442382812,822.4901733398438,866.9046630859375
1790704558.5279052,0,1,728.726318359375,806.0403442382812,819.2001953125,886.6444091796875
1790704558.5397074,0,1,570.8081665039062,792.8805541992188,822.4901733398438,820.84521484375
