Timestamp,Trigger,Sensores_OK,TP9,FP1,FP2,TP10
1789859545.0079782,0,0,855.3897705078125,820.84521484375,815.9102783203125,824.1351318359375
1789859545.0187788,0,0,855.3897705078125,820.84521484375,815.9102783203125,824.1351318359375
1789859545.029682,0,0,855.3897705078125,820.84521484375,815.9102783203125,824.1351318359375
1789859545.0408497,0,0,855.3897705078125,820.84521484375,815.9102783203125,824.1351318359375
1789859545.0517044,0,0,847.1648559570312,819.2001953125,815.9102783203125,824.1351318359375
1789859545.0624037,0,0,847.1648559570312,819.2001953125,815.9102783203125,824.1351318359375
1789859545.0733025,0,0,847.1648559570312,819.2001953125,815.9102783203125,824.1351318359375
1789859545.0842965,0,0,857.0347290039062,820.84521484375,822.4901733398438,834.0050048828125
1789859545.0954223,0,0,865.2596435546875,810.9752807617188,829.070068359375,852.0997924804688
1789859545.1065757,0,0,857.0347290039062,810.9752807617188,830.715087890625,842.2299194335938
1789859545.1174245,0,0,857.0347290039062,810.9752807617188,830.715087890625,842.2299194335938
1789859545.1280332,0,0,857.0347290039062,810.9752807617188,830.715087890625,842.2299194335938
1789859545.1397784,0,0,857.0347290039062,810.9752807617188,830.715087890625,842.2299194335938
1789859545.1507025,0,0,857.0347290039062,810.9752807617188,830.715087890625,842.2299194335938
1789859545.1619718,0,0,857.0347290039062,810.9752807617188,830.715087890625,842.2299194335938
1789859545.1734478,0,0,857.0347290039062,810.9752807617188,830.715087890625,842.2299194335938
1789859545.1843698,0,0,857.0347290039062,810.9752807617188,830.715087890625,842.2299194335938
1789859545.19538,0,0,866.9046630859375,817.5552368164062,829.070068359375,847.1648559570312
1789859545.2059557,0,0,866.9046630859375,817.5552368164062,829.070068359375,847.1648559570312
1789859545.2169313,0,0,866.9046630859375,817.5552368164062,829.070068359375,847.1648559570312
1789859545.227653,0,0,866.9046630859375,817.5552368164062,829.070068359375,847.1648559570312
1789859545.2388084,0,0,845.5198974609375,812.6203002929688,837.2949829101562,837.2949829101562
1789859545.2501457,0,0,845.5198974609375,812.6203002929688,837.2949829101562,837.2949829101562
1789859545.2609,0,0,845.5198974609375,812.6203002929688,837.2949829101562,837.2949829101562
1789859545.2716494,0,0,845.5198974609375,812.6203002929688,837.2949829101562,837.2949829101562
1789859545.2828174,0,0,845.5198974609375,812.6203002929688,837.2949829101562,837.2949829101562
1789859545.293642,0,0,853.7448120117188,812.6203002929688,837.2949829101562,827.4251098632812
1789859545.304358,0,0,853.7448120117188,812.6203002929688,837.2949829101562,827.4251098632812
1789859545.3154724,0,0,853.7448120117188,812.6203002929688,837.2949829101562,827.4251098632812
1789859545.3261795,0,0,853.7448120117188,812.6203002929688,837.2949829101562,827.4251098632812
1789859545.3415775,0,0,858.6797485351562,812.6203002929688,837.2949829101562,845.5198974609375
1789859545.3532586,0,0,858.6797485351562,812.6203002929688,837.2949829101562,845.5198974609375
1789859545.3647766,0,0,858.6797485351562,812.6203002929688,837.2949829101562,845.5198974609375
1789859545.3761368,0,0,858.6797485351562,812.6203002929688,837.2949829101562,845.5198974609375
1789859545.3872871,0,0,858.6797485351562,812.6203002929688,837.2949829101562,845.5198974609375
1789859545.398428,0,0,860.32470703125,815.9102783203125,834.0050048828125,845.5198974609375
1789859545.4094179,0,0,852.0997924804688,815.9102783203125,837.2949829101562,838.9400024414062
1789859545.4205077,0,0,852.0997924804688,815.9102783203125,837.2949829101562,838.9400024414062
1789859545.4315147,0,0,852.0997924804688,815.9102783203125,837.2949829101562,838.9400024414062
1789859545.4429684,0,0,880.064453125,820.84521484375,830.715087890625,850.454833984375
1789859545.4542837,0,0,880.064453125,820.84521484375,830.715087890625,850.454833984375
1789859545.465578,0,0,880.064453125,820.84521484375,830.715087890625,850.454833984375
1789859545.477173,0,0,880.064453125,820.84521484375,830.715087890625,850.454833984375
1789859545.48853,0,0,870.194580078125,810.9752807617188,835.6500244140625,853.7448120117188
1789859545.4998183,0,0,868.5496215820312,810.9752807617188,838.9400024414062,850.454833984375
1789859545.5108795,0,0,868.5496215820312,810.9752807617188,838.9400024414062,850.454833984375
1789859545.5218363,0,0,868.5496215820312,810.9752807617188,838.9400024414062,850.454833984375
1789859545.5327399,0,0,860.32470703125,815.9102783203125,835.6500244140625,847.1648559570312
1789859545.5439725,0,0,860.32470703125,815.9102783203125,835.6500244140625,847.1648559570312
1789859545.5545971,0,0,860.32470703125,815.9102783203125,835.6500244140625,847.1648559570312
1789859545.5653465,0,0,860.32470703125,815.9102783203125,835.6500244140625,847.1648559570312
1789859545.576494,0,0,860.32470703125,815.9102783203125,835.6500244140625,847.1648559570312
1789859545.587178,0,0,855.3897705078125,820.84521484375,835.6500244140625,840.5849609375
1789859545.5980258,0,0,861.9697265625,819.2001953125,837.2949829101562,848.8098754882812
1789859545.6091254,0,0,848.8098754882812,817.5552368164062,835.6500244140625,835.6500244140625
1789859545.6201134,0,0,848.8098754882812,817.5552368164062,835.6500244140625,835.6500244140625
1789859545.6307325,0,0,848.8098754882812,817.5552368164062,835.6500244140625,835.6500244140625
1789859545.6419108,0,0,845.5198974609375,814.2652587890625,837.2949829101562,830.715087890625
1789859545.6530368,0,0,845.5198974609375,817.5552368164062,837.2949829101562,835.6500244140625
1789859545.6637213,0,0,845.5198974609375,817.5552368164062,837.2949829101562,835.6500244140625
1789859545.6745121,0,0,845.5198974609375,817.5552368164062,837.2949829101562,835.6500244140625
1789859545.68568,0,0,845.5198974609375,817.5552368164062,837.2949829101562,835.6500244140625
1789859545.696559,0,0,860.32470703125,817.5552368164062,832.3600463867188,835.6500244140625
1789859545.7076957,0,0,845.5198974609375,814.2652587890625,832.3600463867188,830.715087890625
1789859545.718686,0,0,845.5198974609375,814.2652587890625,832.3600463867188,830.715087890625
1789859545.7296503,0,0,845.5198974609375,814.2652587890625,832.3600463867188,830.715087890625
1789859545.7403324,0,0,845.5198974609375,814.2652587890625,832.3600463867188,830.715087890625
1789859545.750962,0,0,857.0347290039062,820.84521484375,815.9102783203125,820.84521484375
1789859545.7618556,0,0,857.0347290039062,820.84521484375,815.9102783203125,820.84521484375
1789859545.7732866,0,0,857.0347290039062,820.84521484375,815.9102783203125,820.84521484375
1789859545.7842698,0,0,842.2299194335938,822.4901733398438,815.9102783203125,810.9752807617188
1789859545.7955587,0,0,847.1648559570312,817.5552368164062,825.7801513671875,827.4251098632812
1789859545.8064387,0,0,847.1648559570312,817.5552368164062,825.7801513671875,827.4251098632812
1789859545.8170474,0,0,847.1648559570312,817.5552368164062,825.7801513671875,827.4251098632812
1789859545.8279827,0,0,847.1648559570312,817.5552368164062,825.7801513671875,827.4251098632812
1789859545.8388147,0,0,847.1648559570312,817.5552368164062,825.7801513671875,827.4251098632812
1789859545.8496153,0,0,848.8098754882812,822.4901733398438,825.7801513671875,830.715087890625
1789859545.860511,0,0,848.8098754882812,822.4901733398438,825.7801513671875,830.715087890625
1789859545.871593,0,0,848.8098754882812,822.4901733398438,825.7801513671875,830.715087890625
1789859545.8825564,0,0,848.8098754882812,822.4901733398438,825.7801513671875,830.715087890625
1789859545.8932838,0,0,848.8098754882812,822.4901733398438,825.7801513671875,830.715087890625
1789859545.9039772,0,0,848.8098754882812,822.4901733398438,825.7801513671875,830.715087890625
1789859545.9145133,0,0,848.8098754882812,822.4901733398438,825.7801513671875,830.715087890625
1789859545.9254522,0,0,848.8098754882812,822.4901733398438,825.7801513671875,830.715087890625
1789859545.9360592,0,0,848.8098754882812,822.4901733398438,825.7801513671875,830.715087890625
1789859545.9466186,0,0,848.8098754882812,822.4901733398438,825.7801513671875,830.715087890625
1789859545.957268,0,0,848.8098754882812,822.4901733398438,825.7801513671875,830.715087890625
1789859545.968391,0,0,848.8098754882812,822.4901733398438,825.7801513671875,830.715087890625
1789859545.9796107,0,0,848.8098754882812,822.4901733398438,825.7801513671875,830.715087890625
1789859545.9905548,0,0,848.8098754882812,822.4901733398438,825.7801513671875,830.715087890625
1789859546.0014958,0,0,848.8098754882812,822.4901733398438,825.7801513671875,830.715087890625
1789859546.0121052,0,0,848.8098754882812,822.4901733398438,825.7801513671875,830.715087890625
1789859546.0232027,0,0,848.8098754882812,822.4901733398438,825.7801513671875,830.715087890625
1789859546.0342526,0,0,848.8098754882812,822.4901733398438,825.7801513671875,830.715087890625
1789859546.0452118,0,0,848.8098754882812,822.4901733398438,825.7801513671875,830.715087890625
1789859546.0559027,0,0,848.8098754882812,822.4901733398438,825.7801513671875,830.715087890625
1789859546.0667596,0,0,848.8098754882812,822.4901733398438,825.7801513671875,830.715087890625
1789859546.0775895,0,0,848.8098754882812,822.4901733398438,825.7801513671875,830.715087890625
1789859546.0884447,0,0,848.8098754882812,822.4901733398438,825.7801513671875,830.715087890625
1789859546.0995245,0,0,848.8098754882812,822.4901733398438,825.7801513671875,830.715087890625
1789859546.1107073,0,0,848.8098754882812,822.4901733398438,825.7801513671875,830.715087890625
1789859546.121475,0,0,848.8098754882812,822.4901733398438,825.7801513671875,830.715087890625
1789859546.132062,0,0,848.8098754882812,822.4901733398438,825.7801513671875,830.715087890625
1789859546.1427288,0,0,848.8098754882812,822.4901733398438,825.7801513671875,830.715087890625
1789859546.1537166,0,0,848.8098754882812,822.4901733398438,825.7801513671875,830.715087890625
1789859546.1648352,0,0,848.8098754882812,822.4901733398438,825.7801513671875,830.715087890625
1789859546.1758962,0,0,848.8098754882812,812.6203002929688,832.3600463867188,830.715087890625
1789859546.1868916,0,0,868.5496215820312,814.2652587890625,835.6500244140625,847.1648559570312
1789859546.1980474,0,0,825.7801513671875,827.4251098632812,824.1351318359375,792.8805541992188
1789859546.209171,0,0,771.4957885742188,835.6500244140625,810.9752807617188,733.6612548828125
1789859546.220001,0,0,824.1351318359375,825.7801513671875,804.3953857421875,786.3005981445312
1789859546.2310398,0,0,847.1648559570312,810.9752807617188,820.84521484375,824.1351318359375
1789859546.2422824,0,0,852.0997924804688,812.6203002929688,820.84521484375,829.070068359375
1789859546.2529438,0,0,860.32470703125,809.330322265625,827.4251098632812,842.2299194335938
1789859546.2640436,0,0,853.7448120117188,815.9102783203125,827.4251098632812,827.4251098632812
1789859546.2746694,0,0,853.7448120117188,815.9102783203125,827.4251098632812,827.4251098632812
1789859546.2854035,0,0,853.7448120117188,815.9102783203125,827.4251098632812,827.4251098632812
1789859546.2963824,0,0,853.7448120117188,815.9102783203125,827.4251098632812,827.4251098632812
1789859546.3079226,0,0,853.7448120117188,815.9102783203125,827.4251098632812,827.4251098632812
1789859546.3189638,0,0,868.5496215820312,809.330322265625,834.0050048828125,853.7448120117188
1789859546.3299522,0,0,868.5496215820312,809.330322265625,834.0050048828125,853.7448120117188
1789859546.340526,0,0,868.5496215820312,809.330322265625,834.0050048828125,853.7448120117188
1789859546.3515875,0,0,868.5496215820312,809.330322265625,834.0050048828125,853.7448120117188
1789859546.3626692,0,0,865.2596435546875,814.2652587890625,834.0050048828125,824.1351318359375
1789859546.3738875,0,0,866.9046630859375,812.6203002929688,837.2949829101562,843.8749389648438
1789859546.385,0,0,866.9046630859375,812.6203002929688,837.2949829101562,843.8749389648438
1789859546.3955956,0,0,866.9046630859375,812.6203002929688,837.2949829101562,843.8749389648438
1789859546.406309,0,0,866.9046630859375,812.6203002929688,837.2949829101562,843.8749389648438
1789859546.4172485,0,0,866.9046630859375,812.6203002929688,837.2949829101562,843.8749389648438
1789859546.4284966,0,0,853.7448120117188,819.2001953125,838.9400024414062,842.2299194335938
1789859546.4389658,0,0,873.4845581054688,822.4901733398438,842.2299194335938,857.0347290039062
1789859546.4502783,0,0,860.32470703125,824.1351318359375,843.8749389648438,842.2299194335938
1789859546.4613886,0,0,860.32470703125,824.1351318359375,843.8749389648438,842.2299194335938
1789859546.4724777,0,0,848.8098754882812,820.84521484375,855.3897705078125,853.7448120117188
1789859546.48354,0,0,861.9697265625,819.2001953125,855.3897705078125,857.0347290039062
1789859546.4949408,0,0,861.9697265625,819.2001953125,855.3897705078125,857.0347290039062
1789859546.5060203,0,0,861.9697265625,819.2001953125,855.3897705078125,857.0347290039062
1789859546.5167587,0,0,861.9697265625,819.2001953125,855.3897705078125,857.0347290039062
1789859546.5278673,0,0,848.8098754882812,819.2001953125,857.0347290039062,852.0997924804688
1789859546.5387902,0,0,850.454833984375,815.9102783203125,857.0347290039062,853.7448120117188
1789859546.5493624,0,0,850.454833984375,815.9102783203125,857.0347290039062,853.7448120117188
1789859546.5599942,0,0,858.6797485351562,814.2652587890625,858.6797485351562,855.3897705078125
1789859546.571624,0,0,847.1648559570312,809.330322265625,858.6797485351562,852.0997924804688
1789859546.5825367,0,0,847.1648559570312,809.330322265625,858.6797485351562,852.0997924804688
1789859546.593983,0,0,835.6500244140625,809.330322265625,860.32470703125,855.3897705078125
1789859546.6048636,0,0,857.0347290039062,806.0403442382812,860.32470703125,860.32470703125
1789859546.6163137,0,0,847.1648559570312,796.1704711914062,860.32470703125,848.8098754882812
1789859546.6271691,0,0,847.1648559570312,796.1704711914062,860.32470703125,848.8098754882812
1789859546.6380098,0,0,847.1648559570312,796.1704711914062,860.32470703125,848.8098754882812
1789859546.6486733,0,0,847.1648559570312,796.1704711914062,860.32470703125,848.8098754882812
1789859546.659643,0,0,847.1648559570312,796.1704711914062,860.32470703125,848.8098754882812
1789859546.6703048,0,0,858.6797485351562,796.1704711914062,863.6146850585938,855.3897705078125
1789859546.6817367,0,0,840.5849609375,792.8805541992188,863.6146850585938,855.3897705078125
1789859546.6924667,0,0,840.5849609375,792.8805541992188,863.6146850585938,855.3897705078125
1789859546.7031448,0,0,840.5849609375,792.8805541992188,863.6146850585938,855.3897705078125
1789859546.713742,0,0,850.454833984375,787.945556640625,863.6146850585938,853.7448120117188
1789859546.7242968,0,0,850.454833984375,787.945556640625,863.6146850585938,853.7448120117188
1789859546.7355733,0,0,860.32470703125,792.8805541992188,866.9046630859375,860.32470703125
1789859546.7464592,0,0,838.9400024414062,796.1704711914062,865.2596435546875,858.6797485351562
1789859546.757039,0,0,838.9400024414062,796.1704711914062,865.2596435546875,858.6797485351562
1789859546.7678583,0,0,838.9400024414062,796.1704711914062,865.2596435546875,858.6797485351562
1789859546.7787566,0,0,838.9400024414062,796.1704711914062,865.2596435546875,858.6797485351562
1789859546.7894573,0,0,838.9400024414062,796.1704711914062,865.2596435546875,858.6797485351562
1789859546.800919,0,0,838.9400024414062,796.1704711914062,865.2596435546875,858.6797485351562
1789859546.811583,0,0,838.9400024414062,796.1704711914062,865.2596435546875,858.6797485351562
1789859546.822259,0,0,838.9400024414062,796.1704711914062,865.2596435546875,858.6797485351562
1789859546.8331773,0,0,843.8749389648438,791.2355346679688,863.6146850585938,855.3897705078125
1789859546.8444061,0,0,852.0997924804688,796.1704711914062,860.32470703125,853.7448120117188
1789859546.8550482,0,0,840.5849609375,799.46044921875,857.0347290039062,858.6797485351562
1789859546.865626,0,0,840.5849609375,799.46044921875,857.0347290039062,858.6797485351562
1789859546.8763626,0,0,840.5849609375,799.46044921875,857.0347290039062,858.6797485351562
1789859546.8871682,0,0,840.5849609375,799.46044921875,857.0347290039062,858.6797485351562
1789859546.898404,0,0,840.5849609375,799.46044921875,857.0347290039062,858.6797485351562
1789859546.909208,0,0,855.3897705078125,809.330322265625,852.0997924804688,843.8749389648438
1789859546.9204323,0,0,857.0347290039062,807.6853637695312,843.8749389648438,847.1648559570312
1789859546.9310484,0,0,857.0347290039062,807.6853637695312,843.8749389648438,847.1648559570312
1789859546.941607,0,0,857.0347290039062,807.6853637695312,843.8749389648438,847.1648559570312
1789859546.9521587,0,0,850.454833984375,801.1054077148438,842.2299194335938,840.5849609375
1789859546.9631884,0,0,842.2299194335938,809.330322265625,837.2949829101562,842.2299194335938
1789859546.9742026,0,0,866.9046630859375,812.6203002929688,835.6500244140625,840.5849609375
1789859546.9853349,0,0,866.9046630859375,812.6203002929688,835.6500244140625,840.5849609375
1789859546.9959602,0,0,853.7448120117188,804.3953857421875,837.2949829101562,840.5849609375
1789859547.006987,0,0,850.454833984375,809.330322265625,830.715087890625,829.070068359375
1789859547.0179439,0,0,850.454833984375,809.330322265625,830.715087890625,829.070068359375
1789859547.0287337,0,0,850.454833984375,809.330322265625,830.715087890625,829.070068359375
1789859547.0394127,0,0,850.454833984375,809.330322265625,830.715087890625,829.070068359375
1789859547.05011,0,0,850.454833984375,809.330322265625,830.715087890625,829.070068359375
1789859547.061432,0,0,866.9046630859375,810.9752807617188,832.3600463867188,842.2299194335938
1789859547.0724266,0,0,868.5496215820312,814.2652587890625,827.4251098632812,825.7801513671875
1789859547.0833862,0,0,868.5496215820312,814.2652587890625,827.4251098632812,825.7801513671875
1789859547.094104,0,0,855.3897705078125,812.6203002929688,827.4251098632812,824.1351318359375
1789859547.1050975,0,0,850.454833984375,812.6203002929688,825.7801513671875,827.4251098632812
1789859547.1156456,0,0,850.454833984375,812.6203002929688,825.7801513671875,827.4251098632812
1789859547.126475,0,0,850.454833984375,812.6203002929688,825.7801513671875,827.4251098632812
1789859547.1373825,0,0,850.454833984375,812.6203002929688,825.7801513671875,827.4251098632812
1789859547.148284,0,0,870.194580078125,809.330322265625,820.84521484375,822.4901733398438
1789859547.1594121,0,0,858.6797485351562,812.6203002929688,819.2001953125,824.1351318359375
1789859547.1704378,0,0,858.6797485351562,812.6203002929688,819.2001953125,824.1351318359375
1789859547.1809564,0,0,858.6797485351562,812.6203002929688,819.2001953125,824.1351318359375
1789859547.1916788,0,0,845.5198974609375,812.6203002929688,817.5552368164062,832.3600463867188
1789859547.2027507,0,0,852.0997924804688,806.0403442382812,820.84521484375,825.7801513671875
1789859547.213823,0,0,852.0997924804688,806.0403442382812,820.84521484375,825.7801513671875
1789859547.2245276,0,0,848.8098754882812,806.0403442382812,819.2001953125,834.0050048828125
1789859547.2355008,0,0,848.8098754882812,806.0403442382812,819.2001953125,834.0050048828125
1789859547.246479,0,0,848.8098754882812,806.0403442382812,819.2001953125,834.0050048828125
1789859547.2575972,0,0,853.7448120117188,804.3953857421875,819.2001953125,835.6500244140625
1789859547.2687018,0,0,855.3897705078125,815.9102783203125,842.2299194335938,825.7801513671875
1789859547.279951,0,0,860.32470703125,796.1704711914062,857.0347290039062,847.1648559570312
1789859547.290674,0,0,860.32470703125,796.1704711914062,857.0347290039062,847.1648559570312
1789859547.3012826,0,0,860.32470703125,796.1704711914062,857.0347290039062,847.1648559570312
1789859547.3119426,0,0,850.454833984375,797.8154907226562,863.6146850585938,848.8098754882812
1789859547.323166,0,0,850.454833984375,797.8154907226562,863.6146850585938,848.8098754882812
1789859547.3341227,0,0,850.454833984375,797.8154907226562,863.6146850585938,848.8098754882812
1789859547.3452616,0,0,850.454833984375,797.8154907226562,863.6146850585938,848.8098754882812
1789859547.3561134,0,0,850.454833984375,797.8154907226562,863.6146850585938,848.8098754882812
1789859547.36675,0,0,870.194580078125,815.9102783203125,840.5849609375,852.0997924804688
1789859547.3778555,0,0,870.194580078125,812.6203002929688,835.6500244140625,848.8098754882812
1789859547.3887458,0,0,870.194580078125,812.6203002929688,835.6500244140625,848.8098754882812
1789859547.3994458,0,0,870.194580078125,812.6203002929688,835.6500244140625,848.8098754882812
1789859547.4104114,0,0,870.194580078125,812.6203002929688,835.6500244140625,848.8098754882812
1789859547.4214845,0,0,870.194580078125,819.2001953125,830.715087890625,861.9697265625
1789859547.4326642,0,0,870.194580078125,819.2001953125,830.715087890625,861.9697265625
1789859547.443775,0,0,870.194580078125,819.2001953125,830.715087890625,861.9697265625
1789859547.4551098,0,0,870.194580078125,819.2001953125,830.715087890625,861.9697265625
1789859547.4661984,0,0,861.9697265625,815.9102783203125,822.4901733398438,840.5849609375
1789859547.477347,0,0,861.9697265625,815.9102783203125,822.4901733398438,840.5849609375
1789859547.4880886,0,0,861.9697265625,815.9102783203125,822.4901733398438,840.5849609375
1789859547.4990468,0,0,861.9697265625,815.9102783203125,822.4901733398438,840.5849609375
1789859547.5098503,0,0,861.9697265625,815.9102783203125,822.4901733398438,840.5849609375
1789859547.520421,0,0,861.9697265625,815.9102783203125,822.4901733398438,840.5849609375
1789859547.5309563,0,0,861.9697265625,815.9102783203125,822.4901733398438,840.5849609375
1789859547.5416465,0,0,861.9697265625,815.9102783203125,822.4901733398438,840.5849609375
1789859547.5521803,0,0,861.9697265625,815.9102783203125,822.4901733398438,840.5849609375
1789859547.5627801,0,0,861.9697265625,815.9102783203125,822.4901733398438,840.5849609375
1789859547.573493,0,0,861.9697265625,815.9102783203125,822.4901733398438,840.5849609375
1789859547.5843446,0,0,861.9697265625,815.9102783203125,822.4901733398438,840.5849609375
1789859547.5952287,0,0,861.9697265625,815.9102783203125,822.4901733398438,840.5849609375
1789859547.6063402,0,0,861.9697265625,815.9102783203125,822.4901733398438,840.5849609375
1789859547.6170962,0,0,861.9697265625,815.9102783203125,822.4901733398438,840.5849609375
1789859547.6284726,0,0,866.9046630859375,817.5552368164062,819.2001953125,845.5198974609375
1789859547.6398382,0,0,853.7448120117188,807.6853637695312,824.1351318359375,848.8098754882812
1789859547.6506047,0,0,860.32470703125,817.5552368164062,809.330322265625,834.0050048828125
1789859547.66175,0,0,848.8098754882812,819.2001953125,807.6853637695312,824.1351318359375
1789859547.67288,0,0,853.7448120117188,814.2652587890625,815.9102783203125,837.2949829101562
1789859547.6834836,0,0,845.5198974609375,806.0403442382812,832.3600463867188,842.2299194335938
1789859547.6943953,0,0,855.3897705078125,810.9752807617188,834.0050048828125,829.070068359375
1789859547.7056994,0,0,855.3897705078125,810.9752807617188,834.0050048828125,829.070068359375
1789859547.716774,0,0,855.3897705078125,810.9752807617188,834.0050048828125,829.070068359375
1789859547.7274818,0,0,855.3897705078125,810.9752807617188,834.0050048828125,829.070068359375
1789859547.7385604,0,0,855.3897705078125,810.9752807617188,834.0050048828125,829.070068359375
1789859547.7496183,0,0,855.3897705078125,810.9752807617188,834.0050048828125,829.070068359375
1789859547.7607825,0,0,855.3897705078125,810.9752807617188,834.0050048828125,829.070068359375
1789859547.77162,0,0,855.3897705078125,810.9752807617188,834.0050048828125,829.070068359375
1789859547.7827086,0,0,855.3897705078125,810.9752807617188,834.0050048828125,829.070068359375
1789859547.7933207,0,0,855.3897705078125,810.9752807617188,834.0050048828125,829.070068359375
1789859547.8041112,0,0,855.3897705078125,810.9752807617188,834.0050048828125,829.070068359375
1789859547.8146484,0,0,855.3897705078125,810.9752807617188,834.0050048828125,829.070068359375
1789859547.8252218,0,0,857.0347290039062,815.9102783203125,837.2949829101562,827.4251098632812
1789859547.8358753,0,0,857.0347290039062,815.9102783203125,837.2949829101562,827.4251098632812
1789859547.8467865,0,0,857.0347290039062,815.9102783203125,837.2949829101562,827.4251098632812
1789859547.8574166,0,0,857.0347290039062,815.9102783203125,837.2949829101562,827.4251098632812
1789859547.8682723,0,0,857.0347290039062,815.9102783203125,837.2949829101562,827.4251098632812
1789859547.8791325,0,0,857.0347290039062,815.9102783203125,837.2949829101562,827.4251098632812
1789859547.890072,0,0,857.0347290039062,815.9102783203125,837.2949829101562,827.4251098632812
1789859547.900991,0,0,857.0347290039062,815.9102783203125,837.2949829101562,827.4251098632812
1789859547.9122767,0,0,853.7448120117188,809.330322265625,847.1648559570312,835.6500244140625
1789859547.922848,0,0,838.9400024414062,807.6853637695312,855.3897705078125,832.3600463867188
1789859547.9338245,0,0,838.9400024414062,807.6853637695312,855.3897705078125,832.3600463867188
1789859547.9447174,0,0,838.9400024414062,807.6853637695312,855.3897705078125,832.3600463867188
1789859547.9554663,0,0,838.9400024414062,807.6853637695312,855.3897705078125,832.3600463867188
1789859547.9663513,0,0,830.715087890625,799.46044921875,858.6797485351562,843.8749389648438
1789859547.9775496,0,0,857.0347290039062,796.1704711914062,858.6797485351562,847.1648559570312
1789859547.988626,0,0,848.8098754882812,801.1054077148438,857.0347290039062,832.3600463867188
1789859547.9994245,0,0,848.8098754882812,801.1054077148438,857.0347290039062,832.3600463867188
1789859548.0101438,0,0,848.8098754882812,801.1054077148438,857.0347290039062,832.3600463867188
1789859548.0211883,0,0,840.5849609375,797.8154907226562,857.0347290039062,842.2299194335938
1789859548.031785,0,0,840.5849609375,797.8154907226562,857.0347290039062,842.2299194335938
1789859548.0426219,0,0,840.5849609375,797.8154907226562,857.0347290039062,842.2299194335938
1789859548.0536704,0,0,840.5849609375,797.8154907226562,857.0347290039062,842.2299194335938
1789859548.0645733,0,0,840.5849609375,797.8154907226562,857.0347290039062,842.2299194335938
1789859548.0751758,0,0,840.5849609375,797.8154907226562,857.0347290039062,842.2299194335938
1789859548.0859785,0,0,840.5849609375,797.8154907226562,857.0347290039062,842.2299194335938
1789859548.09711,0,0,865.2596435546875,807.6853637695312,860.32470703125,860.32470703125
1789859548.107994,0,0,634.96240234375,857.0347290039062,957.3785400390625,672.7969360351562
1789859548.1187778,0,0,654.7021484375,857.0347290039062,965.6034545898438,676.0869140625
1789859548.1298442,0,0,799.46044921875,792.8805541992188,906.3841552734375,820.84521484375
1789859548.1409228,0,0,799.46044921875,792.8805541992188,906.3841552734375,820.84521484375
1789859548.1521733,0,0,815.9102783203125,789.590576171875,901.44921875,837.2949829101562
1789859548.1633153,0,0,891.579345703125,764.9158325195312,861.9697265625,924.4789428710938
1789859548.1741283,0,0,891.579345703125,764.9158325195312,861.9697265625,924.4789428710938
1789859548.1850927,0,0,891.579345703125,764.9158325195312,861.9697265625,924.4789428710938
1789859548.195971,0,0,891.579345703125,764.9158325195312,861.9697265625,924.4789428710938
1789859548.2072923,0,0,898.1592407226562,771.4957885742188,832.3600463867188,899.8042602539062
1789859548.2189136,0,0,898.1592407226562,771.4957885742188,832.3600463867188,899.8042602539062
1789859548.229729,0,0,898.1592407226562,771.4957885742188,832.3600463867188,899.8042602539062
1789859548.2409284,0,0,914.6090698242188,776.4307250976562,819.2001953125,901.44921875
1789859548.251452,0,0,914.6090698242188,776.4307250976562,819.2001953125,901.44921875
1789859548.2624228,0,0,903.09423828125,774.7857666015625,824.1351318359375,883.3544311523438
1789859548.2736163,0,0,880.064453125,763.2708740234375,815.9102783203125,871.839599609375
1789859548.284857,0,0,880.064453125,763.2708740234375,815.9102783203125,871.839599609375
1789859548.2959297,0,0,880.064453125,764.9158325195312,819.2001953125,873.4845581054688
1789859548.3067718,0,0,880.064453125,764.9158325195312,819.2001953125,873.4845581054688
1789859548.3176377,0,0,878.4194946289062,763.2708740234375,817.5552368164062,852.0997924804688
1789859548.3287847,0,0,884.9994506835938,763.2708740234375,815.9102783203125,883.3544311523438
1789859548.339882,0,0,884.9994506835938,763.2708740234375,815.9102783203125,883.3544311523438
1789859548.3509364,0,0,878.4194946289062,750.1110229492188,850.454833984375,894.8693237304688
1789859548.3620358,0,0,870.194580078125,748.466064453125,847.1648559570312,886.6444091796875
1789859548.373209,0,0,870.194580078125,748.466064453125,847.1648559570312,886.6444091796875
1789859548.3844826,0,0,870.194580078125,748.466064453125,847.1648559570312,886.6444091796875
1789859548.3954377,0,0,870.194580078125,753.4010009765625,842.2299194335938,884.9994506835938
1789859548.4067328,0,0,870.194580078125,753.4010009765625,842.2299194335938,884.9994506835938
1789859548.4175444,0,0,870.194580078125,753.4010009765625,842.2299194335938,884.9994506835938
1789859548.4284365,0,0,870.194580078125,753.4010009765625,842.2299194335938,884.9994506835938
1789859548.4390912,0,0,870.194580078125,753.4010009765625,842.2299194335938,884.9994506835938
1789859548.450153,0,0,870.194580078125,753.4010009765625,842.2299194335938,884.9994506835938
1789859548.4611547,0,0,861.9697265625,768.205810546875,827.4251098632812,857.0347290039062
1789859548.4719343,0,0,871.839599609375,769.850830078125,824.1351318359375,873.4845581054688
1789859548.4825106,0,0,871.839599609375,769.850830078125,824.1351318359375,873.4845581054688
1789859548.4935176,0,0,866.9046630859375,771.4957885742188,817.5552368164062,855.3897705078125
1789859548.5052106,0,0,858.6797485351562,769.850830078125,817.5552368164062,825.7801513671875
1789859548.51651,0,0,858.6797485351562,769.850830078125,817.5552368164062,825.7801513671875
1789859548.5273435,0,0,858.6797485351562,769.850830078125,817.5552368164062,825.7801513671875
1789859548.5383484,0,0,858.6797485351562,769.850830078125,817.5552368164062,825.7801513671875
1789859548.5494027,0,0,858.6797485351562,769.850830078125,817.5552368164062,825.7801513671875
1789859548.560791,0,0,858.6797485351562,769.850830078125,817.5552368164062,825.7801513671875
1789859548.572078,0,0,806.0403442382812,781.3656616210938,848.8098754882812,799.46044921875
1789859548.5831125,0,0,801.1054077148438,774.7857666015625,847.1648559570312,810.9752807617188
1789859548.5942693,0,0,801.1054077148438,774.7857666015625,847.1648559570312,810.9752807617188
1789859548.605449,0,0,801.1054077148438,774.7857666015625,847.1648559570312,810.9752807617188
1789859548.6162975,0,0,801.1054077148438,774.7857666015625,847.1648559570312,810.9752807617188
1789859548.6273582,0,0,802.7504272460938,776.4307250976562,847.1648559570312,812.6203002929688
1789859548.638714,0,0,802.7504272460938,776.4307250976562,847.1648559570312,812.6203002929688
1789859548.6496074,0,0,802.7504272460938,776.4307250976562,847.1648559570312,812.6203002929688
1789859548.6607676,0,0,802.7504272460938,776.4307250976562,847.1648559570312,812.6203002929688
1789859548.6715958,0,0,802.7504272460938,779.720703125,845.5198974609375,827.4251098632812
1789859548.6828628,0,0,804.3953857421875,779.720703125,850.454833984375,832.3600463867188
1789859548.6939905,0,0,838.9400024414062,783.0106201171875,829.070068359375,835.6500244140625
1789859548.7057269,0,0,838.9400024414062,783.0106201171875,829.070068359375,835.6500244140625
1789859548.7168405,0,0,838.9400024414062,783.0106201171875,829.070068359375,835.6500244140625
1789859548.7275653,0,0,838.9400024414062,783.0106201171875,829.070068359375,835.6500244140625
1789859548.7387118,0,0,838.9400024414062,783.0106201171875,829.070068359375,835.6500244140625
1789859548.7504683,0,0,842.2299194335938,794.5255126953125,832.3600463867188,853.7448120117188
1789859548.761424,0,0,838.9400024414062,783.0106201171875,827.4251098632812,824.1351318359375
1789859548.7724667,0,0,838.9400024414062,783.0106201171875,827.4251098632812,824.1351318359375
1789859548.7831836,0,0,838.9400024414062,783.0106201171875,827.4251098632812,824.1351318359375
1789859548.7944167,0,0,845.5198974609375,783.0106201171875,832.3600463867188,838.9400024414062
1789859548.8059368,0,0,845.5198974609375,783.0106201171875,832.3600463867188,838.9400024414062
1789859548.8167577,0,0,845.5198974609375,783.0106201171875,832.3600463867188,838.9400024414062
1789859548.8275158,0,0,845.5198974609375,783.0106201171875,832.3600463867188,838.9400024414062
1789859548.8390694,0,0,857.0347290039062,796.1704711914062,827.4251098632812,817.5552368164062
1789859548.8500807,0,0,852.0997924804688,787.945556640625,835.6500244140625,845.5198974609375
1789859548.8606527,0,0,852.0997924804688,787.945556640625,835.6500244140625,845.5198974609375
1789859548.8714886,0,0,852.0997924804688,787.945556640625,835.6500244140625,845.5198974609375
1789859548.882154,0,0,852.0997924804688,787.945556640625,835.6500244140625,845.5198974609375
1789859548.8930862,0,0,852.0997924804688,787.945556640625,835.6500244140625,845.5198974609375
1789859548.9042423,0,0,853.7448120117188,786.3005981445312,838.9400024414062,834.0050048828125
1789859548.915482,0,0,842.2299194335938,802.7504272460938,845.5198974609375,840.5849609375
1789859548.9269295,0,0,829.070068359375,791.2355346679688,848.8098754882812,834.0050048828125
1789859548.9391456,0,0,829.070068359375,791.2355346679688,848.8098754882812,834.0050048828125
1789859548.9503367,0,0,829.070068359375,791.2355346679688,848.8098754882812,834.0050048828125
1789859548.961058,0,0,829.070068359375,791.2355346679688,848.8098754882812,834.0050048828125
1789859548.9722764,0,0,829.070068359375,791.2355346679688,848.8098754882812,834.0050048828125
1789859548.9833536,0,0,855.3897705078125,792.8805541992188,850.454833984375,848.8098754882812
1789859548.9940948,0,0,776.4307250976562,860.32470703125,834.0050048828125,702.4066162109375
1789859549.005999,0,0,773.1407470703125,861.9697265625,814.2652587890625,710.6315307617188
1789859549.0167396,0,0,779.720703125,863.6146850585938,809.330322265625,713.9214477539062
1789859549.0283108,0,0,779.720703125,863.6146850585938,809.330322265625,713.9214477539062
1789859549.0394537,0,0,779.720703125,863.6146850585938,809.330322265625,713.9214477539062
1789859549.0503702,0,0,779.720703125,863.6146850585938,809.330322265625,713.9214477539062
1789859549.0612636,0,0,779.720703125,863.6146850585938,809.330322265625,713.9214477539062
1789859549.072298,0,0,779.720703125,863.6146850585938,809.330322265625,713.9214477539062
1789859549.0833166,0,0,779.720703125,863.6146850585938,809.330322265625,713.9214477539062
1789859549.094367,0,0,779.720703125,863.6146850585938,809.330322265625,713.9214477539062
1789859549.1053963,0,0,866.9046630859375,847.1648559570312,753.4010009765625,771.4957885742188
1789859549.1166642,0,0,878.4194946289062,845.5198974609375,748.466064453125,771.4957885742188
1789859549.1273177,0,0,878.4194946289062,845.5198974609375,748.466064453125,771.4957885742188
1789859549.138512,0,0,878.4194946289062,845.5198974609375,748.466064453125,771.4957885742188
1789859549.149423,0,0,901.44921875,822.4901733398438,759.9808959960938,842.2299194335938
1789859549.1600618,0,0,901.44921875,822.4901733398438,759.9808959960938,842.2299194335938
1789859549.1710186,0,0,901.44921875,822.4901733398438,759.9808959960938,842.2299194335938
1789859549.182496,0,0,896.5142822265625,812.6203002929688,799.46044921875,855.3897705078125
1789859549.19336,0,0,898.1592407226562,809.330322265625,802.7504272460938,868.5496215820312
1789859549.204365,0,0,904.7391967773438,804.3953857421875,812.6203002929688,866.9046630859375
1789859549.2149918,0,0,904.7391967773438,804.3953857421875,812.6203002929688,866.9046630859375
1789859549.2259822,0,0,904.7391967773438,804.3953857421875,812.6203002929688,866.9046630859375
1789859549.236737,0,0,904.7391967773438,804.3953857421875,812.6203002929688,866.9046630859375
1789859549.247357,0,0,904.7391967773438,804.3953857421875,812.6203002929688,866.9046630859375
1789859549.2582872,0,0,904.7391967773438,804.3953857421875,812.6203002929688,866.9046630859375
1789859549.2689776,0,0,934.3488159179688,817.5552368164062,783.0106201171875,883.3544311523438
1789859549.2797294,0,0,954.088623046875,825.7801513671875,778.07568359375,904.7391967773438
1789859549.2904387,0,0,954.088623046875,825.7801513671875,778.07568359375,904.7391967773438
1789859549.3010497,0,0,954.088623046875,825.7801513671875,778.07568359375,904.7391967773438
1789859549.3119555,0,0,934.3488159179688,835.6500244140625,769.850830078125,898.1592407226562
1789859549.3229754,0,0,934.3488159179688,835.6500244140625,769.850830078125,898.1592407226562
1789859549.333706,0,0,934.3488159179688,835.6500244140625,769.850830078125,898.1592407226562
1789859549.3448172,0,0,934.3488159179688,835.6500244140625,769.850830078125,898.1592407226562
1789859549.3554506,0,0,934.3488159179688,835.6500244140625,769.850830078125,898.1592407226562
1789859549.3663373,0,0,934.3488159179688,835.6500244140625,769.850830078125,898.1592407226562
1789859549.3777745,0,0,878.4194946289062,817.5552368164062,819.2001953125,865.2596435546875
1789859549.3894749,0,0,878.4194946289062,817.5552368164062,819.2001953125,865.2596435546875
1789859549.400089,0,0,878.4194946289062,817.5552368164062,819.2001953125,865.2596435546875
1789859549.4108903,0,0,878.4194946289062,817.5552368164062,819.2001953125,865.2596435546875
1789859549.4218817,0,0,878.4194946289062,817.5552368164062,819.2001953125,865.2596435546875
1789859549.4330409,0,0,878.4194946289062,817.5552368164062,819.2001953125,865.2596435546875
1789859549.444268,0,0,878.4194946289062,817.5552368164062,819.2001953125,865.2596435546875
1789859549.4554076,0,0,878.4194946289062,817.5552368164062,819.2001953125,865.2596435546875
1789859549.4664326,0,0,875.1295166015625,824.1351318359375,822.4901733398438,865.2596435546875
1789859549.477394,0,0,865.2596435546875,814.2652587890625,827.4251098632812,832.3600463867188
1789859549.4885268,0,0,865.2596435546875,814.2652587890625,827.4251098632812,832.3600463867188
1789859549.4994829,0,0,850.454833984375,814.2652587890625,838.9400024414062,843.8749389648438
1789859549.510209,0,0,850.454833984375,814.2652587890625,838.9400024414062,843.8749389648438
1789859549.5210319,0,0,850.454833984375,814.2652587890625,838.9400024414062,843.8749389648438
1789859549.531538,0,0,850.454833984375,814.2652587890625,838.9400024414062,843.8749389648438
1789859549.542078,0,0,850.454833984375,814.2652587890625,838.9400024414062,843.8749389648438
1789859549.55308,0,0,850.454833984375,814.2652587890625,838.9400024414062,843.8749389648438
1789859549.5636275,0,0,842.2299194335938,814.2652587890625,835.6500244140625,832.3600463867188
1789859549.5747645,0,0,840.5849609375,810.9752807617188,843.8749389648438,838.9400024414062
1789859549.5857663,0,0,840.5849609375,810.9752807617188,843.8749389648438,838.9400024414062
1789859549.597012,0,0,850.454833984375,815.9102783203125,847.1648559570312,829.070068359375
1789859549.6081176,0,0,845.5198974609375,814.2652587890625,835.6500244140625,830.715087890625
1789859549.6186926,0,0,845.5198974609375,814.2652587890625,835.6500244140625,830.715087890625
1789859549.6295202,0,0,845.5198974609375,814.2652587890625,835.6500244140625,830.715087890625
1789859549.6404195,0,0,845.5198974609375,814.2652587890625,835.6500244140625,830.715087890625
1789859549.6510944,0,0,845.5198974609375,814.2652587890625,835.6500244140625,830.715087890625
1789859549.661744,0,0,845.5198974609375,814.2652587890625,835.6500244140625,830.715087890625
1789859549.673074,0,0,845.5198974609375,814.2652587890625,835.6500244140625,830.715087890625
1789859549.6839962,0,0,845.5198974609375,814.2652587890625,835.6500244140625,830.715087890625
1789859549.694674,0,0,845.5198974609375,814.2652587890625,835.6500244140625,830.715087890625
1789859549.7054622,0,0,845.5198974609375,814.2652587890625,835.6500244140625,830.715087890625
1789859549.7164826,0,0,842.2299194335938,817.5552368164062,840.5849609375,840.5849609375
1789859549.7276664,0,0,853.7448120117188,814.2652587890625,842.2299194335938,852.0997924804688
1789859549.7383075,0,0,853.7448120117188,814.2652587890625,842.2299194335938,852.0997924804688
1789859549.7488327,0,0,853.7448120117188,814.2652587890625,842.2299194335938,852.0997924804688
1789859549.7593584,0,0,853.7448120117188,814.2652587890625,842.2299194335938,852.0997924804688
1789859549.7700486,0,0,850.454833984375,812.6203002929688,842.2299194335938,850.454833984375
1789859549.7810464,0,0,850.454833984375,810.9752807617188,843.8749389648438,848.8098754882812
1789859549.7918403,0,0,837.2949829101562,812.6203002929688,838.9400024414062,827.4251098632812
1789859549.8029337,0,0,838.9400024414062,812.6203002929688,840.5849609375,845.5198974609375
1789859549.814168,0,0,858.6797485351562,810.9752807617188,837.2949829101562,845.5198974609375
1789859549.8256278,0,0,848.8098754882812,817.5552368164062,837.2949829101562,837.2949829101562
1789859549.8368747,0,0,848.8098754882812,817.5552368164062,837.2949829101562,837.2949829101562
1789859549.8476157,0,0,848.8098754882812,817.5552368164062,837.2949829101562,837.2949829101562
1789859549.858281,0,0,848.8098754882812,817.5552368164062,837.2949829101562,837.2949829101562
1789859549.8694632,0,0,863.6146850585938,814.2652587890625,837.2949829101562,840.5849609375
1789859549.8803098,0,0,857.0347290039062,817.5552368164062,838.9400024414062,840.5849609375
1789859549.8908336,0,0,857.0347290039062,817.5552368164062,838.9400024414062,840.5849609375
1789859549.9014635,0,0,857.0347290039062,817.5552368164062,838.9400024414062,840.5849609375
1789859549.912033,0,0,848.8098754882812,815.9102783203125,837.2949829101562,830.715087890625
1789859549.9225442,0,0,848.8098754882812,815.9102783203125,837.2949829101562,830.715087890625
1789859549.9332445,0,0,848.8098754882812,815.9102783203125,837.2949829101562,830.715087890625
1789859549.9440718,0,0,848.8098754882812,815.9102783203125,837.2949829101562,830.715087890625
1789859549.9552407,0,0,848.8098754882812,815.9102783203125,837.2949829101562,830.715087890625
1789859549.9662807,0,0,866.9046630859375,814.2652587890625,837.2949829101562,847.1648559570312
1789859549.9770389,0,0,866.9046630859375,814.2652587890625,837.2949829101562,852.0997924804688
1789859549.9881938,0,0,866.9046630859375,814.2652587890625,837.2949829101562,852.0997924804688
1789859549.9993165,0,0,866.9046630859375,814.2652587890625,837.2949829101562,852.0997924804688
1789859550.0100698,0,0,853.7448120117188,815.9102783203125,835.6500244140625,842.2299194335938
1789859550.0210729,0,0,855.3897705078125,817.5552368164062,835.6500244140625,834.0050048828125
1789859550.032275,0,0,855.3897705078125,819.2001953125,832.3600463867188,832.3600463867188
1789859550.0432754,0,0,855.3897705078125,819.2001953125,832.3600463867188,832.3600463867188
1789859550.0542047,0,0,855.3897705078125,819.2001953125,832.3600463867188,832.3600463867188
1789859550.0650098,0,0,855.3897705078125,819.2001953125,832.3600463867188,832.3600463867188
1789859550.0764291,0,0,863.6146850585938,814.2652587890625,834.0050048828125,852.0997924804688
1789859550.0878224,0,0,850.454833984375,815.9102783203125,834.0050048828125,835.6500244140625
1789859550.098648,0,0,850.454833984375,815.9102783203125,834.0050048828125,835.6500244140625
1789859550.109832,0,0,858.6797485351562,822.4901733398438,832.3600463867188,842.2299194335938
1789859550.1211498,0,0,857.0347290039062,819.2001953125,832.3600463867188,835.6500244140625
1789859550.1317692,0,0,857.0347290039062,819.2001953125,832.3600463867188,835.6500244140625
1789859550.1425164,0,0,857.0347290039062,819.2001953125,832.3600463867188,835.6500244140625
1789859550.1530843,0,0,857.0347290039062,819.2001953125,832.3600463867188,835.6500244140625
1789859550.1642594,0,0,857.0347290039062,819.2001953125,832.3600463867188,835.6500244140625
1789859550.1753225,0,0,873.4845581054688,820.84521484375,832.3600463867188,840.5849609375
1789859550.1859324,0,0,873.4845581054688,820.84521484375,832.3600463867188,840.5849609375
1789859550.1968937,0,0,847.1648559570312,820.84521484375,827.4251098632812,830.715087890625
1789859550.2075405,0,0,857.0347290039062,825.7801513671875,829.070068359375,822.4901733398438
1789859550.2184384,0,0,857.0347290039062,825.7801513671875,829.070068359375,822.4901733398438
1789859550.2293797,0,0,857.0347290039062,825.7801513671875,829.070068359375,822.4901733398438
1789859550.2402544,0,0,857.0347290039062,825.7801513671875,829.070068359375,822.4901733398438
1789859550.2507644,0,0,857.0347290039062,825.7801513671875,829.070068359375,822.4901733398438
1789859550.262106,0,0,842.2299194335938,817.5552368164062,829.070068359375,825.7801513671875
1789859550.272632,0,0,842.2299194335938,817.5552368164062,829.070068359375,825.7801513671875
1789859550.2831626,0,0,842.2299194335938,817.5552368164062,829.070068359375,825.7801513671875
1789859550.2936947,0,0,850.454833984375,817.5552368164062,827.4251098632812,832.3600463867188
1789859550.3049407,0,0,850.454833984375,812.6203002929688,825.7801513671875,840.5849609375
1789859550.3155565,0,0,850.454833984375,812.6203002929688,825.7801513671875,840.5849609375
1789859550.3267212,0,0,850.454833984375,812.6203002929688,825.7801513671875,840.5849609375
1789859550.3377244,0,0,850.454833984375,812.6203002929688,825.7801513671875,840.5849609375
1789859550.3484557,0,0,850.454833984375,812.6203002929688,825.7801513671875,840.5849609375
1789859550.3591764,0,0,855.3897705078125,817.5552368164062,822.4901733398438,820.84521484375
1789859550.3697834,0,0,855.3897705078125,817.5552368164062,822.4901733398438,820.84521484375
1789859550.3804219,0,0,855.3897705078125,817.5552368164062,822.4901733398438,820.84521484375
1789859550.391203,0,0,843.8749389648438,809.330322265625,829.070068359375,834.0050048828125
1789859550.4022686,0,0,853.7448120117188,810.9752807617188,832.3600463867188,838.9400024414062
1789859550.413238,0,0,853.7448120117188,810.9752807617188,832.3600463867188,838.9400024414062
1789859550.4240053,0,0,853.7448120117188,810.9752807617188,832.3600463867188,838.9400024414062
1789859550.4350934,0,0,853.7448120117188,810.9752807617188,832.3600463867188,838.9400024414062
1789859550.4458833,0,0,853.7448120117188,810.9752807617188,832.3600463867188,838.9400024414062
1789859550.4565103,0,0,860.32470703125,807.6853637695312,832.3600463867188,838.9400024414062
1789859550.4673305,0,0,847.1648559570312,809.330322265625,832.3600463867188,829.070068359375
1789859550.480031,0,0,847.1648559570312,809.330322265625,832.3600463867188,829.070068359375
1789859550.494087,0,0,847.1648559570312,812.6203002929688,832.3600463867188,832.3600463867188
1789859550.5057504,0,0,842.2299194335938,809.330322265625,834.0050048828125,834.0050048828125
1789859550.5168183,0,0,842.2299194335938,809.330322265625,834.0050048828125,834.0050048828125
1789859550.5280612,0,0,842.2299194335938,809.330322265625,834.0050048828125,834.0050048828125
1789859550.539396,0,0,842.2299194335938,809.330322265625,834.0050048828125,834.0050048828125
1789859550.5504844,0,0,842.2299194335938,809.330322265625,834.0050048828125,834.0050048828125
1789859550.5616412,0,0,842.2299194335938,809.330322265625,834.0050048828125,834.0050048828125
1789859550.5729845,0,0,843.8749389648438,814.2652587890625,837.2949829101562,827.4251098632812
1789859550.5835621,0,0,843.8749389648438,814.2652587890625,837.2949829101562,827.4251098632812
1789859550.5947928,0,0,843.8749389648438,814.2652587890625,837.2949829101562,827.4251098632812
1789859550.6057575,0,0,843.8749389648438,814.2652587890625,837.2949829101562,827.4251098632812
1789859550.6165755,0,0,848.8098754882812,807.6853637695312,832.3600463867188,842.2299194335938
1789859550.627498,0,0,847.1648559570312,804.3953857421875,837.2949829101562,845.5198974609375
1789859550.6383607,0,0,847.1648559570312,804.3953857421875,837.2949829101562,845.5198974609375
1789859550.6492248,0,0,847.1648559570312,804.3953857421875,837.2949829101562,845.5198974609375
1789859550.660615,0,0,847.1648559570312,804.3953857421875,837.2949829101562,845.5198974609375
1789859550.671822,0,0,855.3897705078125,812.6203002929688,837.2949829101562,842.2299194335938
1789859550.6826043,0,0,855.3897705078125,812.6203002929688,837.2949829101562,842.2299194335938
1789859550.693575,0,0,855.3897705078125,812.6203002929688,837.2949829101562,842.2299194335938
1789859550.704588,0,0,855.3897705078125,812.6203002929688,837.2949829101562,842.2299194335938
1789859550.7155404,0,0,855.3897705078125,812.6203002929688,837.2949829101562,842.2299194335938
1789859550.726341,0,0,855.3897705078125,812.6203002929688,837.2949829101562,842.2299194335938
1789859550.7372427,0,0,853.7448120117188,806.0403442382812,834.0050048828125,845.5198974609375
1789859550.7484,0,0,853.7448120117188,806.0403442382812,834.0050048828125,845.5198974609375
1789859550.7593355,0,0,857.0347290039062,814.2652587890625,832.3600463867188,835.6500244140625
1789859550.7708077,0,0,860.32470703125,814.2652587890625,834.0050048828125,835.6500244140625
1789859550.7816732,0,0,860.32470703125,814.2652587890625,834.0050048828125,835.6500244140625
1789859550.7925913,0,0,860.32470703125,814.2652587890625,834.0050048828125,835.6500244140625
1789859550.8034842,0,0,857.0347290039062,817.5552368164062,824.1351318359375,822.4901733398438
1789859550.813975,0,0,730.3712768554688,799.46044921875,898.1592407226562,750.1110229492188
1789859550.8252163,0,0,730.3712768554688,799.46044921875,898.1592407226562,750.1110229492188
1789859550.8361697,0,0,730.3712768554688,799.46044921875,898.1592407226562,750.1110229492188
1789859550.847114,0,0,730.3712768554688,799.46044921875,898.1592407226562,750.1110229492188
1789859550.8577008,0,0,730.3712768554688,799.46044921875,898.1592407226562,750.1110229492188
1789859550.868715,0,0,722.1463623046875,796.1704711914062,904.7391967773438,741.8861083984375
1789859550.8798497,0,0,779.720703125,771.4957885742188,916.2540283203125,817.5552368164062
1789859550.891061,0,0,787.945556640625,768.205810546875,912.964111328125,824.1351318359375
1789859550.9018114,0,0,787.945556640625,768.205810546875,912.964111328125,824.1351318359375
1789859550.9134316,0,0,787.945556640625,768.205810546875,912.964111328125,824.1351318359375
1789859550.924132,0,0,809.330322265625,773.1407470703125,896.5142822265625,834.0050048828125
1789859550.9352806,0,0,819.2001953125,776.4307250976562,888.2893676757812,848.8098754882812
1789859550.9462185,0,0,819.2001953125,776.4307250976562,888.2893676757812,848.8098754882812
1789859550.9568524,0,0,819.2001953125,776.4307250976562,888.2893676757812,848.8098754882812
1789859550.96784,0,0,860.32470703125,784.6556396484375,855.3897705078125,863.6146850585938
1789859550.978884,0,0,875.1295166015625,791.2355346679688,840.5849609375,868.5496215820312
1789859550.989888,0,0,875.1295166015625,791.2355346679688,840.5849609375,868.5496215820312
1789859551.0005004,0,0,875.1295166015625,791.2355346679688,840.5849609375,868.5496215820312
1789859551.011658,0,0,875.1295166015625,791.2355346679688,840.5849609375,868.5496215820312
1789859551.0225127,0,0,871.839599609375,794.5255126953125,847.1648559570312,863.6146850585938
1789859551.0332656,0,0,871.839599609375,794.5255126953125,847.1648559570312,863.6146850585938
1789859551.044158,0,0,871.839599609375,794.5255126953125,847.1648559570312,863.6146850585938
1789859551.0554826,0,0,875.1295166015625,799.46044921875,845.5198974609375,863.6146850585938
1789859551.0665398,0,0,875.1295166015625,806.0403442382812,837.2949829101562,860.32470703125
1789859551.0776522,0,0,871.839599609375,804.3953857421875,838.9400024414062,868.5496215820312
1789859551.0888069,0,0,871.839599609375,804.3953857421875,838.9400024414062,868.5496215820312
1789859551.0996833,0,0,871.839599609375,804.3953857421875,838.9400024414062,868.5496215820312
1789859551.110805,0,0,871.839599609375,804.3953857421875,838.9400024414062,868.5496215820312
1789859551.1219819,0,0,871.839599609375,804.3953857421875,838.9400024414062,868.5496215820312
1789859551.1329055,0,0,863.6146850585938,810.9752807617188,830.715087890625,853.7448120117188
1789859551.1441932,0,0,868.5496215820312,812.6203002929688,834.0050048828125,865.2596435546875
1789859551.1549993,0,0,868.5496215820312,812.6203002929688,834.0050048828125,865.2596435546875
1789859551.1657295,0,0,855.3897705078125,814.2652587890625,834.0050048828125,843.8749389648438
1789859551.176783,0,0,863.6146850585938,812.6203002929688,834.0050048828125,855.3897705078125
1789859551.1876667,0,0,863.6146850585938,812.6203002929688,834.0050048828125,855.3897705078125
1789859551.1985247,0,0,863.6146850585938,812.6203002929688,834.0050048828125,855.3897705078125
1789859551.2092164,0,0,863.6146850585938,812.6203002929688,834.0050048828125,855.3897705078125
1789859551.2203655,0,0,850.454833984375,807.6853637695312,835.6500244140625,858.6797485351562
1789859551.2310495,0,0,850.454833984375,807.6853637695312,835.6500244140625,858.6797485351562
1789859551.2425594,0,0,850.454833984375,807.6853637695312,835.6500244140625,858.6797485351562
1789859551.253446,0,0,857.0347290039062,812.6203002929688,832.3600463867188,835.6500244140625
1789859551.264061,0,0,853.7448120117188,812.6203002929688,830.715087890625,853.7448120117188
1789859551.2748375,0,0,852.0997924804688,804.3953857421875,830.715087890625,842.2299194335938
1789859551.2862484,0,0,852.0997924804688,804.3953857421875,830.715087890625,842.2299194335938
1789859551.2968843,0,0,852.0997924804688,804.3953857421875,830.715087890625,842.2299194335938
1789859551.3076894,0,0,852.0997924804688,804.3953857421875,830.715087890625,842.2299194335938
1789859551.3187485,0,0,852.0997924804688,804.3953857421875,830.715087890625,842.2299194335938
1789859551.3295004,0,0,852.0997924804688,804.3953857421875,830.715087890625,842.2299194335938
1789859551.3406029,0,0,850.454833984375,804.3953857421875,827.4251098632812,827.4251098632812
1789859551.3516517,0,0,842.2299194335938,809.330322265625,825.7801513671875,829.070068359375
1789859551.3628175,0,0,855.3897705078125,814.2652587890625,827.4251098632812,843.8749389648438
1789859551.3736439,0,0,858.6797485351562,809.330322265625,829.070068359375,840.5849609375
1789859551.384273,0,0,858.6797485351562,809.330322265625,829.070068359375,840.5849609375
1789859551.3952885,0,0,858.6797485351562,809.330322265625,829.070068359375,840.5849609375
1789859551.4058897,0,0,858.6797485351562,809.330322265625,829.070068359375,840.5849609375
1789859551.4175196,0,0,858.6797485351562,809.330322265625,829.070068359375,840.5849609375
1789859551.428426,0,0,858.6797485351562,809.330322265625,829.070068359375,840.5849609375
1789859551.4394047,0,0,858.6797485351562,809.330322265625,829.070068359375,840.5849609375
1789859551.449995,0,0,857.0347290039062,817.5552368164062,830.715087890625,842.2299194335938
1789859551.4610238,0,0,857.0347290039062,812.6203002929688,830.715087890625,838.9400024414062
1789859551.472144,0,0,857.0347290039062,812.6203002929688,830.715087890625,838.9400024414062
1789859551.4830947,0,0,847.1648559570312,812.6203002929688,832.3600463867188,834.0050048828125
1789859551.4941025,0,0,855.3897705078125,809.330322265625,837.2949829101562,847.1648559570312
1789859551.5047393,0,0,855.3897705078125,809.330322265625,837.2949829101562,847.1648559570312
1789859551.5161815,0,0,855.3897705078125,809.330322265625,837.2949829101562,847.1648559570312
1789859551.5268705,0,0,855.3897705078125,809.330322265625,837.2949829101562,847.1648559570312
1789859551.5377576,0,0,865.2596435546875,815.9102783203125,832.3600463867188,840.5849609375
1789859551.5489228,0,0,858.6797485351562,815.9102783203125,837.2949829101562,843.8749389648438
1789859551.5599425,0,0,858.6797485351562,815.9102783203125,837.2949829101562,843.8749389648438
1789859551.5707326,0,0,858.6797485351562,815.9102783203125,837.2949829101562,843.8749389648438
1789859551.5812237,0,0,848.8098754882812,815.9102783203125,835.6500244140625,838.9400024414062
1789859551.5928886,0,0,848.8098754882812,815.9102783203125,830.715087890625,832.3600463867188
1789859551.6047847,0,0,848.8098754882812,815.9102783203125,830.715087890625,832.3600463867188
1789859551.6153212,0,0,848.8098754882812,815.9102783203125,830.715087890625,832.3600463867188
1789859551.6260104,0,0,848.8098754882812,815.9102783203125,830.715087890625,832.3600463867188
1789859551.6370199,0,0,848.8098754882812,815.9102783203125,830.715087890625,832.3600463867188
1789859551.6481462,0,0,855.3897705078125,819.2001953125,829.070068359375,830.715087890625
1789859551.6590905,0,0,857.0347290039062,815.9102783203125,838.9400024414062,850.454833984375
1789859551.6701057,0,0,857.0347290039062,815.9102783203125,838.9400024414062,850.454833984375
1789859551.6810646,0,0,853.7448120117188,817.5552368164062,838.9400024414062,845.5198974609375
1789859551.6921663,0,0,861.9697265625,815.9102783203125,835.6500244140625,834.0050048828125
1789859551.702847,0,0,861.9697265625,815.9102783203125,835.6500244140625,834.0050048828125
1789859551.713637,0,0,861.9697265625,815.9102783203125,835.6500244140625,834.0050048828125
1789859551.724191,0,0,861.9697265625,815.9102783203125,835.6500244140625,834.0050048828125
1789859551.7353098,0,0,861.9697265625,815.9102783203125,835.6500244140625,834.0050048828125
1789859551.7461615,0,0,861.9697265625,815.9102783203125,835.6500244140625,834.0050048828125
1789859551.7571595,0,0,870.194580078125,815.9102783203125,835.6500244140625,855.3897705078125
1789859551.768163,0,0,860.32470703125,817.5552368164062,840.5849609375,845.5198974609375
1789859551.7791984,0,0,860.32470703125,817.5552368164062,840.5849609375,845.5198974609375
1789859551.7902906,0,0,865.2596435546875,819.2001953125,837.2949829101562,847.1648559570312
1789859551.800899,0,0,865.2596435546875,819.2001953125,837.2949829101562,847.1648559570312
1789859551.8114367,0,0,857.0347290039062,819.2001953125,838.9400024414062,840.5849609375
1789859551.823169,0,0,857.0347290039062,819.2001953125,838.9400024414062,840.5849609375
1789859551.8341296,0,0,857.0347290039062,819.2001953125,838.9400024414062,840.5849609375
1789859551.8451364,0,0,860.32470703125,812.6203002929688,835.6500244140625,850.454833984375
1789859551.8567402,0,0,857.0347290039062,815.9102783203125,842.2299194335938,847.1648559570312
1789859551.867817,0,0,857.0347290039062,815.9102783203125,842.2299194335938,847.1648559570312
1789859551.878517,0,0,857.0347290039062,815.9102783203125,842.2299194335938,847.1648559570312
1789859551.8901446,0,0,855.3897705078125,817.5552368164062,842.2299194335938,837.2949829101562
1789859551.9009566,0,0,855.3897705078125,817.5552368164062,842.2299194335938,837.2949829101562
1789859551.9118257,0,0,855.3897705078125,817.5552368164062,842.2299194335938,837.2949829101562
1789859551.92309,0,0,855.3897705078125,817.5552368164062,842.2299194335938,837.2949829101562
1789859551.934365,0,0,855.3897705078125,817.5552368164062,842.2299194335938,837.2949829101562
1789859551.9453993,0,0,843.8749389648438,812.6203002929688,837.2949829101562,835.6500244140625
1789859551.95662,0,0,852.0997924804688,814.2652587890625,837.2949829101562,838.9400024414062
1789859551.967626,0,0,852.0997924804688,814.2652587890625,837.2949829101562,838.9400024414062
1789859551.9783082,0,0,852.0997924804688,814.2652587890625,837.2949829101562,838.9400024414062
1789859551.9893088,0,0,852.0997924804688,812.6203002929688,834.0050048828125,832.3600463867188
1789859552.000533,0,0,852.0997924804688,812.6203002929688,834.0050048828125,832.3600463867188
1789859552.011582,0,0,852.0997924804688,812.6203002929688,834.0050048828125,832.3600463867188
1789859552.0225966,0,0,852.0997924804688,812.6203002929688,834.0050048828125,832.3600463867188
1789859552.0336766,0,0,852.0997924804688,812.6203002929688,834.0050048828125,832.3600463867188
1789859552.0446782,1,0,852.0997924804688,812.6203002929688,834.0050048828125,832.3600463867188
1789859552.0559387,1,0,858.6797485351562,819.2001953125,837.2949829101562,837.2949829101562
1789859552.0669584,1,0,858.6797485351562,819.2001953125,837.2949829101562,837.2949829101562
1789859552.0781848,1,0,858.6797485351562,819.2001953125,837.2949829101562,837.2949829101562
1789859552.0889459,1,0,847.1648559570312,815.9102783203125,835.6500244140625,829.070068359375
1789859552.0996938,1,0,848.8098754882812,817.5552368164062,838.9400024414062,830.715087890625
1789859552.1108713,1,0,848.8098754882812,817.5552368164062,838.9400024414062,830.715087890625
1789859552.121836,1,0,848.8098754882812,817.5552368164062,838.9400024414062,830.715087890625
1789859552.1324868,1,0,848.8098754882812,817.5552368164062,838.9400024414062,830.715087890625
1789859552.1432307,1,0,840.5849609375,814.2652587890625,837.2949829101562,838.9400024414062
1789859552.1542342,1,0,857.0347290039062,820.84521484375,838.9400024414062,837.2949829101562
1789859552.1653876,1,0,857.0347290039062,820.84521484375,838.9400024414062,837.2949829101562
1789859552.1759124,1,0,857.0347290039062,820.84521484375,838.9400024414062,837.2949829101562
1789859552.186688,1,0,843.8749389648438,815.9102783203125,834.0050048828125,835.6500244140625
1789859552.197767,1,0,843.8749389648438,815.9102783203125,834.0050048828125,835.6500244140625
1789859552.208854,1,0,843.8749389648438,815.9102783203125,834.0050048828125,835.6500244140625
1789859552.2199104,1,0,843.8749389648438,815.9102783203125,834.0050048828125,835.6500244140625
1789859552.2310762,1,0,843.8749389648438,815.9102783203125,834.0050048828125,835.6500244140625
1789859552.2421384,1,0,843.8749389648438,815.9102783203125,834.0050048828125,835.6500244140625
1789859552.2533092,1,0,843.8749389648438,815.9102783203125,834.0050048828125,835.6500244140625
1789859552.264745,1,0,853.7448120117188,814.2652587890625,830.715087890625,838.9400024414062
1789859552.2756681,1,0,852.0997924804688,814.2652587890625,834.0050048828125,835.6500244140625
1789859552.2867062,1,0,852.0997924804688,814.2652587890625,834.0050048828125,835.6500244140625
1789859552.297786,1,0,852.0997924804688,814.2652587890625,834.0050048828125,835.6500244140625
1789859552.3089745,1,0,853.7448120117188,815.9102783203125,832.3600463867188,829.070068359375
1789859552.319835,1,0,853.7448120117188,815.9102783203125,832.3600463867188,829.070068359375
1789859552.3310852,1,0,853.7448120117188,815.9102783203125,832.3600463867188,829.070068359375
1789859552.3425753,1,0,853.7448120117188,815.9102783203125,832.3600463867188,829.070068359375
1789859552.3536415,1,0,853.7448120117188,815.9102783203125,832.3600463867188,829.070068359375
1789859552.364473,1,0,853.7448120117188,815.9102783203125,832.3600463867188,829.070068359375
1789859552.3757088,1,0,848.8098754882812,812.6203002929688,829.070068359375,832.3600463867188
1789859552.3871315,1,0,847.1648559570312,812.6203002929688,825.7801513671875,819.2001953125
1789859552.3980932,1,0,845.5198974609375,814.2652587890625,825.7801513671875,829.070068359375
1789859552.410312,1,0,842.2299194335938,814.2652587890625,830.715087890625,832.3600463867188
1789859552.4216383,1,0,842.2299194335938,814.2652587890625,830.715087890625,832.3600463867188
1789859552.4321666,1,0,842.2299194335938,814.2652587890625,830.715087890625,832.3600463867188
1789859552.4430237,1,0,842.2299194335938,814.2652587890625,830.715087890625,832.3600463867188
1789859552.453953,1,0,847.1648559570312,814.2652587890625,830.715087890625,830.715087890625
1789859552.465131,1,0,848.8098754882812,814.2652587890625,837.2949829101562,835.6500244140625
1789859552.476119,1,0,848.8098754882812,814.2652587890625,837.2949829101562,835.6500244140625
1789859552.486848,1,0,848.8098754882812,814.2652587890625,837.2949829101562,835.6500244140625
1789859552.497439,1,0,848.8098754882812,814.2652587890625,837.2949829101562,835.6500244140625
1789859552.5079987,1,0,838.9400024414062,819.2001953125,834.0050048828125,834.0050048828125
1789859552.5186236,1,0,838.9400024414062,819.2001953125,834.0050048828125,834.0050048828125
1789859552.5294192,1,0,848.8098754882812,817.5552368164062,834.0050048828125,837.2949829101562
1789859552.5405073,1,0,848.8098754882812,817.5552368164062,834.0050048828125,837.2949829101562
1789859552.551525,1,0,848.8098754882812,817.5552368164062,834.0050048828125,837.2949829101562
1789859552.562708,1,0,848.8098754882812,817.5552368164062,834.0050048828125,837.2949829101562
1789859552.5739875,1,0,848.8098754882812,817.5552368164062,834.0050048828125,837.2949829101562
1789859552.5848603,1,0,848.8098754882812,817.5552368164062,834.0050048828125,837.2949829101562
1789859552.5958633,1,0,845.5198974609375,814.2652587890625,837.2949829101562,832.3600463867188
1789859552.606981,1,0,848.8098754882812,815.9102783203125,837.2949829101562,825.7801513671875
1789859552.6179583,1,0,848.8098754882812,815.9102783203125,837.2949829101562,825.7801513671875
1789859552.629108,1,0,850.454833984375,820.84521484375,840.5849609375,838.9400024414062
1789859552.6401324,1,0,845.5198974609375,817.5552368164062,829.070068359375,832.3600463867188
1789859552.6510828,1,0,853.7448120117188,815.9102783203125,832.3600463867188,838.9400024414062
1789859552.6622052,1,0,852.0997924804688,819.2001953125,827.4251098632812,848.8098754882812
1789859552.673341,1,0,852.0997924804688,819.2001953125,827.4251098632812,848.8098754882812
1789859552.6848857,1,0,820.84521484375,824.1351318359375,794.5255126953125,809.330322265625
1789859552.6962776,1,0,820.84521484375,824.1351318359375,794.5255126953125,809.330322265625
1789859552.7070577,1,0,820.84521484375,824.1351318359375,794.5255126953125,809.330322265625
1789859552.717958,1,0,820.84521484375,824.1351318359375,794.5255126953125,809.330322265625
1789859552.729152,1,0,820.84521484375,824.1351318359375,794.5255126953125,809.330322265625
1789859552.7402987,1,0,787.945556640625,880.064453125,812.6203002929688,792.8805541992188
1789859552.7512443,1,0,774.7857666015625,942.57373046875,787.945556640625,768.205810546875
1789859552.762307,1,0,774.7857666015625,942.57373046875,787.945556640625,768.205810546875
1789859552.7734168,1,0,774.7857666015625,942.57373046875,787.945556640625,768.205810546875
1789859552.7843187,1,0,774.7857666015625,942.57373046875,787.945556640625,768.205810546875
1789859552.7952557,1,0,774.7857666015625,942.57373046875,787.945556640625,768.205810546875
1789859552.806344,1,0,774.7857666015625,942.57373046875,787.945556640625,768.205810546875
1789859552.817337,1,0,774.7857666015625,942.57373046875,787.945556640625,768.205810546875
1789859552.8279476,1,0,774.7857666015625,942.57373046875,787.945556640625,768.205810546875
1789859552.8391254,1,0,774.7857666015625,942.57373046875,787.945556640625,768.205810546875
1789859552.8502603,1,0,702.4066162109375,1120.2315673828125,796.1704711914062,669.5070190429688
1789859552.8612828,1,0,615.22265625,1628.530517578125,825.7801513671875,588.9029541015625
1789859552.8723211,1,0,615.22265625,1628.530517578125,825.7801513671875,588.9029541015625
1789859552.8833423,1,0,615.22265625,1628.530517578125,825.7801513671875,588.9029541015625
1789859552.8945463,1,0,615.22265625,1628.530517578125,825.7801513671875,588.9029541015625
1789859552.905652,1,0,615.22265625,1628.530517578125,825.7801513671875,588.9029541015625
1789859552.916733,1,0,796.1704711914062,1635.1104736328125,875.1295166015625,763.2708740234375
1789859552.9277902,1,0,878.4194946289062,1640.04541015625,804.3953857421875,829.070068359375
1789859552.9389951,1,0,878.4194946289062,1640.04541015625,804.3953857421875,829.070068359375
1789859552.9497595,1,0,819.2001953125,1641.6904296875,759.9808959960938,786.3005981445312
1789859552.9610775,1,0,917.8990478515625,1641.6904296875,825.7801513671875,891.579345703125
1789859552.971982,1,0,891.579345703125,1468.9674072265625,827.4251098632812,860.32470703125
1789859552.9830716,1,0,891.579345703125,1468.9674072265625,827.4251098632812,860.32470703125
1789859552.9943364,1,0,891.579345703125,1468.9674072265625,827.4251098632812,860.32470703125
1789859553.0052066,1,0,891.579345703125,1468.9674072265625,827.4251098632812,860.32470703125
1789859553.01571,1,0,888.2893676757812,1416.328125,822.4901733398438,858.6797485351562
1789859553.026328,1,0,888.2893676757812,1416.328125,822.4901733398438,858.6797485351562
1789859553.037371,1,0,888.2893676757812,1416.328125,822.4901733398438,858.6797485351562
1789859553.0483763,1,0,888.2893676757812,1416.328125,822.4901733398438,858.6797485351562
1789859553.059224,1,0,899.8042602539062,1100.4918212890625,824.1351318359375,870.194580078125
1789859553.069921,1,0,901.44921875,863.6146850585938,843.8749389648438,881.70947265625
1789859553.0807972,1,0,870.194580078125,766.5608520507812,848.8098754882812,853.7448120117188
1789859553.09144,1,0,870.194580078125,766.5608520507812,848.8098754882812,853.7448120117188
1789859553.102313,1,0,863.6146850585938,664.5720825195312,855.3897705078125,852.0997924804688
1789859553.1135042,1,0,863.6146850585938,664.5720825195312,855.3897705078125,852.0997924804688
1789859553.124183,1,0,863.6146850585938,664.5720825195312,855.3897705078125,852.0997924804688
1789859553.1349068,1,0,863.6146850585938,664.5720825195312,855.3897705078125,852.0997924804688
1789859553.1458275,1,0,863.6146850585938,664.5720825195312,855.3897705078125,852.0997924804688
1789859553.156795,1,0,924.4789428710938,519.8137817382812,842.2299194335938,899.8042602539062
1789859553.167434,1,0,931.0588989257812,516.5238037109375,840.5849609375,901.44921875
1789859553.1788166,1,0,931.0588989257812,516.5238037109375,840.5849609375,901.44921875
1789859553.190049,1,0,922.833984375,572.4531860351562,835.6500244140625,904.7391967773438
1789859553.2011838,1,0,911.319091796875,671.1519775390625,832.3600463867188,888.2893676757812
1789859553.2124135,1,0,911.319091796875,671.1519775390625,832.3600463867188,888.2893676757812
1789859553.223474,1,0,911.319091796875,671.1519775390625,832.3600463867188,888.2893676757812
1789859553.2339892,0,0,911.319091796875,671.1519775390625,832.3600463867188,888.2893676757812
1789859553.2446024,0,0,911.319091796875,671.1519775390625,832.3600463867188,888.2893676757812
1789859553.2558043,0,0,911.319091796875,671.1519775390625,832.3600463867188,888.2893676757812
1789859553.2668061,0,0,884.9994506835938,817.5552368164062,840.5849609375,873.4845581054688
1789859553.2781014,0,0,870.194580078125,472.1093444824219,842.2299194335938,865.2596435546875
1789859553.2890363,0,0,870.194580078125,472.1093444824219,842.2299194335938,865.2596435546875
1789859553.299715,0,0,870.194580078125,472.1093444824219,842.2299194335938,865.2596435546875
1789859553.3107371,0,0,870.194580078125,472.1093444824219,842.2299194335938,865.2596435546875
1789859553.3212905,0,0,868.5496215820312,519.8137817382812,840.5849609375,857.0347290039062
1789859553.3323915,0,0,870.194580078125,529.6836547851562,837.2949829101562,855.3897705078125
1789859553.343385,0,0,870.194580078125,529.6836547851562,837.2949829101562,855.3897705078125
1789859553.354638,0,0,870.194580078125,529.6836547851562,837.2949829101562,855.3897705078125
1789859553.3653815,0,0,878.4194946289062,532.9736328125,838.9400024414062,865.2596435546875
1789859553.3764396,0,0,860.32470703125,587.2579956054688,825.7801513671875,838.9400024414062
1789859553.387562,0,0,860.32470703125,587.2579956054688,825.7801513671875,838.9400024414062
1789859553.398571,0,0,860.32470703125,587.2579956054688,825.7801513671875,838.9400024414062
1789859553.4094627,0,0,860.32470703125,587.2579956054688,825.7801513671875,838.9400024414062
1789859553.420299,0,0,860.32470703125,587.2579956054688,825.7801513671875,838.9400024414062
1789859553.4308927,0,0,860.32470703125,587.2579956054688,825.7801513671875,838.9400024414062
1789859553.441893,0,0,860.32470703125,587.2579956054688,825.7801513671875,838.9400024414062
1789859553.452938,0,0,860.32470703125,587.2579956054688,825.7801513671875,838.9400024414062
1789859553.463984,0,0,860.32470703125,587.2579956054688,825.7801513671875,838.9400024414062
1789859553.4748435,0,0,860.32470703125,587.2579956054688,825.7801513671875,838.9400024414062
1789859553.486042,0,0,860.32470703125,587.2579956054688,825.7801513671875,838.9400024414062
1789859553.4972322,0,0,857.0347290039062,582.3230590820312,829.070068359375,829.070068359375
1789859553.507945,0,0,848.8098754882812,633.3174438476562,827.4251098632812,834.0050048828125
1789859553.5194259,0,0,848.8098754882812,662.9270629882812,832.3600463867188,824.1351318359375
1789859553.5302794,0,0,842.2299194335938,672.7969360351562,829.070068359375,827.4251098632812
1789859553.5413415,0,0,848.8098754882812,692.5367431640625,837.2949829101562,847.1648559570312
1789859553.5520253,0,0,848.8098754882812,692.5367431640625,837.2949829101562,847.1648559570312
1789859553.5630264,0,0,848.8098754882812,692.5367431640625,837.2949829101562,847.1648559570312
1789859553.5737326,0,0,850.454833984375,705.6965942382812,837.2949829101562,835.6500244140625
1789859553.5851667,0,0,852.0997924804688,697.4716796875,835.6500244140625,843.8749389648438
1789859553.5958688,0,0,852.0997924804688,697.4716796875,835.6500244140625,843.8749389648438
1789859553.6065466,0,0,852.0997924804688,697.4716796875,835.6500244140625,843.8749389648438
1789859553.617515,0,0,852.0997924804688,697.4716796875,835.6500244140625,843.8749389648438
1789859553.6282701,0,0,852.0997924804688,697.4716796875,835.6500244140625,843.8749389648438
1789859553.6392686,0,0,865.2596435546875,712.2764892578125,837.2949829101562,853.7448120117188
1789859553.6498919,0,0,870.194580078125,717.21142578125,837.2949829101562,853.7448120117188
1789859553.660795,0,0,870.194580078125,717.21142578125,837.2949829101562,853.7448120117188
1789859553.6716628,0,0,870.194580078125,717.21142578125,837.2949829101562,853.7448120117188
1789859553.6828644,0,0,865.2596435546875,730.3712768554688,838.9400024414062,848.8098754882812
1789859553.6941574,0,0,866.9046630859375,733.6612548828125,834.0050048828125,847.1648559570312
1789859553.7049823,0,0,866.9046630859375,733.6612548828125,834.0050048828125,847.1648559570312
1789859553.7154913,0,0,866.9046630859375,733.6612548828125,834.0050048828125,847.1648559570312
1789859553.7264216,0,0,866.9046630859375,733.6612548828125,834.0050048828125,847.1648559570312
1789859553.7377284,0,0,866.9046630859375,733.6612548828125,834.0050048828125,847.1648559570312
1789859553.7487807,0,0,868.5496215820312,745.1760864257812,838.9400024414062,855.3897705078125
1789859553.7593727,0,0,868.5496215820312,745.1760864257812,838.9400024414062,855.3897705078125
1789859553.7703626,0,0,860.32470703125,745.1760864257812,840.5849609375,843.8749389648438
1789859553.7811663,0,0,852.0997924804688,746.8211059570312,840.5849609375,843.8749389648438
1789859553.792331,0,0,852.0997924804688,746.8211059570312,840.5849609375,843.8749389648438
1789859553.8034997,0,0,852.0997924804688,746.8211059570312,840.5849609375,843.8749389648438
1789859553.8141224,0,0,852.0997924804688,746.8211059570312,840.5849609375,843.8749389648438
1789859553.825212,0,0,855.3897705078125,763.2708740234375,837.2949829101562,847.1648559570312
1789859553.835729,0,0,855.3897705078125,763.2708740234375,837.2949829101562,847.1648559570312
1789859553.8462958,0,0,855.3897705078125,763.2708740234375,837.2949829101562,847.1648559570312
1789859553.857061,0,0,845.5198974609375,764.9158325195312,837.2949829101562,842.2299194335938
1789859553.8680894,0,0,852.0997924804688,781.3656616210938,835.6500244140625,835.6500244140625
1789859553.8789322,0,0,850.454833984375,779.720703125,837.2949829101562,832.3600463867188
1789859553.8898318,0,0,850.454833984375,779.720703125,837.2949829101562,832.3600463867188
1789859553.9005542,0,0,850.454833984375,779.720703125,837.2949829101562,832.3600463867188
1789859553.911569,0,0,850.454833984375,779.720703125,837.2949829101562,832.3600463867188
1789859553.9225938,0,0,850.454833984375,779.720703125,837.2949829101562,832.3600463867188
1789859553.9335055,0,0,850.454833984375,779.720703125,837.2949829101562,832.3600463867188
1789859553.9446702,0,0,850.454833984375,779.720703125,837.2949829101562,832.3600463867188
1789859553.955613,0,0,850.454833984375,779.720703125,837.2949829101562,832.3600463867188
1789859553.9664204,0,0,850.454833984375,787.945556640625,835.6500244140625,834.0050048828125
1789859553.9777045,0,0,853.7448120117188,789.590576171875,832.3600463867188,837.2949829101562
1789859553.9888911,0,0,853.7448120117188,789.590576171875,832.3600463867188,837.2949829101562
1789859553.999535,0,0,848.8098754882812,787.945556640625,835.6500244140625,832.3600463867188
1789859554.0108829,0,0,852.0997924804688,783.0106201171875,837.2949829101562,843.8749389648438
1789859554.0222633,0,0,852.0997924804688,783.0106201171875,837.2949829101562,843.8749389648438
1789859554.032998,0,0,852.0997924804688,783.0106201171875,837.2949829101562,843.8749389648438
1789859554.0437722,0,0,852.0997924804688,783.0106201171875,837.2949829101562,843.8749389648438
1789859554.0551236,0,0,850.454833984375,792.8805541992188,837.2949829101562,842.2299194335938
1789859554.0663478,0,0,850.454833984375,792.8805541992188,837.2949829101562,842.2299194335938
1789859554.0768704,0,0,850.454833984375,792.8805541992188,837.2949829101562,842.2299194335938
1789859554.087532,0,0,848.8098754882812,797.8154907226562,838.9400024414062,825.7801513671875
1789859554.0985816,0,0,843.8749389648438,801.1054077148438,837.2949829101562,832.3600463867188
1789859554.1101232,0,0,847.1648559570312,804.3953857421875,837.2949829101562,837.2949829101562
1789859554.1214683,0,0,847.1648559570312,804.3953857421875,837.2949829101562,837.2949829101562
1789859554.1326692,0,0,847.1648559570312,804.3953857421875,837.2949829101562,837.2949829101562
1789859554.1439013,0,0,847.1648559570312,804.3953857421875,837.2949829101562,837.2949829101562
1789859554.1549988,0,0,845.5198974609375,797.8154907226562,838.9400024414062,835.6500244140625
1789859554.1657507,0,0,845.5198974609375,801.1054077148438,837.2949829101562,837.2949829101562
1789859554.1764846,0,0,845.5198974609375,801.1054077148438,837.2949829101562,837.2949829101562
1789859554.1873124,0,0,845.5198974609375,801.1054077148438,837.2949829101562,837.2949829101562
1789859554.1982732,0,0,845.5198974609375,801.1054077148438,837.2949829101562,837.2949829101562
1789859554.2098217,0,0,855.3897705078125,809.330322265625,838.9400024414062,845.5198974609375
1789859554.220867,0,0,855.3897705078125,809.330322265625,837.2949829101562,837.2949829101562
1789859554.231652,0,0,855.3897705078125,809.330322265625,837.2949829101562,837.2949829101562
1789859554.2431004,0,0,855.3897705078125,809.330322265625,837.2949829101562,837.2949829101562
1789859554.25416,0,0,855.3897705078125,809.330322265625,837.2949829101562,837.2949829101562
1789859554.264864,0,0,855.3897705078125,809.330322265625,837.2949829101562,837.2949829101562
1789859554.2756193,0,0,855.3897705078125,809.330322265625,837.2949829101562,837.2949829101562
1789859554.286247,0,0,852.0997924804688,804.3953857421875,838.9400024414062,845.5198974609375
1789859554.2974463,0,0,853.7448120117188,807.6853637695312,837.2949829101562,842.2299194335938
1789859554.308179,0,0,858.6797485351562,804.3953857421875,838.9400024414062,850.454833984375
1789859554.3187306,0,0,860.32470703125,804.3953857421875,838.9400024414062,838.9400024414062
1789859554.3293724,0,0,860.32470703125,804.3953857421875,838.9400024414062,838.9400024414062
1789859554.3404574,0,0,868.5496215820312,799.46044921875,838.9400024414062,857.0347290039062
1789859554.3512034,0,0,863.6146850585938,806.0403442382812,832.3600463867188,842.2299194335938
1789859554.362256,0,0,863.6146850585938,806.0403442382812,832.3600463867188,842.2299194335938
1789859554.373587,0,0,863.6146850585938,806.0403442382812,832.3600463867188,842.2299194335938
1789859554.3845458,0,0,863.6146850585938,806.0403442382812,832.3600463867188,842.2299194335938
1789859554.395677,0,0,848.8098754882812,809.330322265625,830.715087890625,830.715087890625
1789859554.4066017,0,0,848.8098754882812,809.330322265625,830.715087890625,830.715087890625
1789859554.417342,0,0,848.8098754882812,809.330322265625,830.715087890625,830.715087890625
1789859554.4280071,0,0,848.8098754882812,809.330322265625,830.715087890625,830.715087890625
1789859554.439062,0,0,848.8098754882812,809.330322265625,830.715087890625,830.715087890625
1789859554.449835,0,0,848.8098754882812,802.7504272460938,829.070068359375,838.9400024414062
1789859554.4607992,0,0,858.6797485351562,807.6853637695312,832.3600463867188,837.2949829101562
1789859554.4716718,0,0,858.6797485351562,807.6853637695312,832.3600463867188,837.2949829101562
1789859554.4829779,1,0,858.6797485351562,807.6853637695312,832.3600463867188,837.2949829101562
1789859554.493839,1,0,855.3897705078125,804.3953857421875,838.9400024414062,853.7448120117188
1789859554.5064876,1,0,848.8098754882812,804.3953857421875,832.3600463867188,834.0050048828125
1789859554.5181916,1,0,848.8098754882812,804.3953857421875,832.3600463867188,834.0050048828125
1789859554.5292385,1,0,848.8098754882812,804.3953857421875,832.3600463867188,834.0050048828125
1789859554.5402746,1,0,848.8098754882812,804.3953857421875,832.3600463867188,834.0050048828125
1789859554.551443,1,0,852.0997924804688,814.2652587890625,824.1351318359375,825.7801513671875
1789859554.5626488,1,0,852.0997924804688,807.6853637695312,829.070068359375,832.3600463867188
1789859554.5733929,1,0,848.8098754882812,810.9752807617188,827.4251098632812,817.5552368164062
1789859554.584595,1,0,858.6797485351562,809.330322265625,827.4251098632812,832.3600463867188
1789859554.5960596,1,0,858.6797485351562,809.330322265625,827.4251098632812,832.3600463867188
1789859554.6070087,1,0,857.0347290039062,807.6853637695312,829.070068359375,838.9400024414062
1789859554.61771,1,0,855.3897705078125,807.6853637695312,829.070068359375,852.0997924804688
1789859554.6285305,1,0,855.3897705078125,807.6853637695312,829.070068359375,852.0997924804688
1789859554.6395326,1,0,817.5552368164062,807.6853637695312,855.3897705078125,807.6853637695312
1789859554.6505675,1,0,801.1054077148438,797.8154907226562,865.2596435546875,794.5255126953125
1789859554.661285,1,0,784.6556396484375,799.46044921875,871.839599609375,771.4957885742188
1789859554.672433,1,0,784.6556396484375,799.46044921875,871.839599609375,771.4957885742188
1789859554.6835058,1,0,784.6556396484375,799.46044921875,871.839599609375,771.4957885742188
1789859554.6942701,1,0,764.9158325195312,797.8154907226562,880.064453125,763.2708740234375
1789859554.7049153,1,0,764.9158325195312,797.8154907226562,880.064453125,763.2708740234375
1789859554.716138,1,0,764.9158325195312,797.8154907226562,880.064453125,763.2708740234375
1789859554.7270684,1,0,764.9158325195312,797.8154907226562,880.064453125,763.2708740234375
1789859554.737962,1,0,764.9158325195312,797.8154907226562,880.064453125,763.2708740234375
1789859554.7488441,1,0,764.9158325195312,797.8154907226562,880.064453125,763.2708740234375
1789859554.7599769,1,0,764.9158325195312,797.8154907226562,880.064453125,763.2708740234375
1789859554.7711413,1,0,764.9158325195312,797.8154907226562,880.064453125,763.2708740234375
1789859554.782155,1,0,764.9158325195312,797.8154907226562,880.064453125,763.2708740234375
1789859554.7929342,1,0,764.9158325195312,797.8154907226562,880.064453125,763.2708740234375
1789859554.8040113,1,0,764.9158325195312,797.8154907226562,880.064453125,763.2708740234375
1789859554.8147285,1,0,764.9158325195312,797.8154907226562,880.064453125,763.2708740234375
1789859554.825923,1,0,768.205810546875,791.2355346679688,881.70947265625,776.4307250976562
1789859554.837195,1,0,843.8749389648438,789.590576171875,861.9697265625,852.0997924804688
1789859554.8481195,1,0,840.5849609375,794.5255126953125,860.32470703125,842.2299194335938
1789859554.85883,1,0,840.5849609375,794.5255126953125,860.32470703125,842.2299194335938
1789859554.8695343,1,0,840.5849609375,794.5255126953125,860.32470703125,842.2299194335938
1789859554.880557,1,0,840.5849609375,794.5255126953125,860.32470703125,842.2299194335938
1789859554.8912864,1,0,840.5849609375,794.5255126953125,860.32470703125,842.2299194335938
1789859554.9021149,1,0,840.5849609375,794.5255126953125,860.32470703125,842.2299194335938
1789859554.9132285,1,0,840.5849609375,794.5255126953125,860.32470703125,842.2299194335938
1789859554.9241996,1,0,840.5849609375,794.5255126953125,860.32470703125,842.2299194335938
1789859554.9349937,1,0,840.5849609375,794.5255126953125,860.32470703125,842.2299194335938
1789859554.9462218,1,0,845.5198974609375,794.5255126953125,848.8098754882812,852.0997924804688
1789859554.9572272,1,0,865.2596435546875,799.46044921875,845.5198974609375,847.1648559570312
1789859554.9683404,1,0,865.2596435546875,799.46044921875,845.5198974609375,847.1648559570312
1789859554.9790928,1,0,865.2596435546875,799.46044921875,845.5198974609375,847.1648559570312
1789859554.990137,1,0,865.2596435546875,799.46044921875,845.5198974609375,847.1648559570312
1789859555.001428,1,0,860.32470703125,809.330322265625,842.2299194335938,861.9697265625
1789859555.012467,1,0,857.0347290039062,809.330322265625,840.5849609375,848.8098754882812
1789859555.023497,1,0,857.0347290039062,809.330322265625,840.5849609375,848.8098754882812
1789859555.0340803,1,0,857.0347290039062,809.330322265625,840.5849609375,848.8098754882812
1789859555.0451522,1,0,857.0347290039062,809.330322265625,840.5849609375,848.8098754882812
1789859555.0562153,1,0,860.32470703125,801.1054077148438,835.6500244140625,834.0050048828125
1789859555.0672047,1,0,860.32470703125,801.1054077148438,835.6500244140625,834.0050048828125
1789859555.0780654,1,0,860.32470703125,801.1054077148438,835.6500244140625,834.0050048828125
1789859555.0889184,1,0,860.32470703125,801.1054077148438,835.6500244140625,834.0050048828125
1789859555.0995588,1,0,861.9697265625,806.0403442382812,835.6500244140625,845.5198974609375
1789859555.1108332,1,0,861.9697265625,806.0403442382812,835.6500244140625,845.5198974609375
1789859555.1222675,1,0,861.9697265625,806.0403442382812,835.6500244140625,845.5198974609375
1789859555.1328397,1,0,861.9697265625,806.0403442382812,835.6500244140625,845.5198974609375
1789859555.1436548,1,0,861.9697265625,806.0403442382812,835.6500244140625,845.5198974609375
1789859555.1549666,1,0,861.9697265625,806.0403442382812,835.6500244140625,845.5198974609375
1789859555.1660857,1,0,861.9697265625,810.9752807617188,825.7801513671875,838.9400024414062
1789859555.1772683,1,0,863.6146850585938,812.6203002929688,829.070068359375,838.9400024414062
1789859555.1883235,1,0,863.6146850585938,812.6203002929688,829.070068359375,838.9400024414062
1789859555.198859,1,0,863.6146850585938,812.6203002929688,829.070068359375,838.9400024414062
1789859555.210012,1,0,863.6146850585938,812.6203002929688,829.070068359375,838.9400024414062
1789859555.2213032,1,0,878.4194946289062,799.46044921875,835.6500244140625,852.0997924804688
1789859555.2322385,1,0,878.4194946289062,799.46044921875,835.6500244140625,852.0997924804688
1789859555.2434454,1,0,878.4194946289062,799.46044921875,835.6500244140625,852.0997924804688
1789859555.25457,1,0,878.4194946289062,799.46044921875,835.6500244140625,852.0997924804688
1789859555.2651112,1,0,878.4194946289062,799.46044921875,835.6500244140625,852.0997924804688
1789859555.276298,1,0,878.4194946289062,799.46044921875,835.6500244140625,852.0997924804688
1789859555.2875295,1,0,878.4194946289062,799.46044921875,835.6500244140625,852.0997924804688
1789859555.2985525,1,0,875.1295166015625,809.330322265625,837.2949829101562,842.2299194335938
1789859555.3099296,1,0,753.4010009765625,988.6331787109375,809.330322265625,750.1110229492188
1789859555.3209386,1,0,753.4010009765625,988.6331787109375,809.330322265625,750.1110229492188
1789859555.331614,1,0,753.4010009765625,988.6331787109375,809.330322265625,750.1110229492188
1789859555.3426607,1,0,753.4010009765625,988.6331787109375,809.330322265625,750.1110229492188
1789859555.3534272,1,0,753.4010009765625,988.6331787109375,809.330322265625,750.1110229492188
1789859555.3641148,1,0,753.4010009765625,988.6331787109375,809.330322265625,750.1110229492188
1789859555.3746614,1,0,648.1222534179688,1631.820556640625,894.8693237304688,611.9326782226562
1789859555.3856862,1,0,648.1222534179688,1631.820556640625,894.8693237304688,611.9326782226562
1789859555.3965342,1,0,648.1222534179688,1631.820556640625,894.8693237304688,611.9326782226562
1789859555.4075925,1,0,648.1222534179688,1631.820556640625,894.8693237304688,611.9326782226562
1789859555.4186115,1,0,648.1222534179688,1631.820556640625,894.8693237304688,611.9326782226562
1789859555.4292126,1,0,648.1222534179688,1631.820556640625,894.8693237304688,611.9326782226562
1789859555.4402442,1,0,779.720703125,1656.4952392578125,845.5198974609375,743.5311279296875
1789859555.4512024,1,0,707.341552734375,1654.8502197265625,740.2411499023438,677.7318725585938
1789859555.462063,1,0,707.341552734375,1654.8502197265625,740.2411499023438,677.7318725585938
1789859555.4728093,1,0,707.341552734375,1654.8502197265625,740.2411499023438,677.7318725585938
1789859555.4836245,1,0,707.341552734375,1654.8502197265625,740.2411499023438,677.7318725585938
1789859555.4944656,1,0,733.6612548828125,1653.2052001953125,727.081298828125,717.21142578125
1789859555.505278,1,0,733.6612548828125,1653.2052001953125,727.081298828125,717.21142578125
1789859555.515998,1,0,733.6612548828125,1653.2052001953125,727.081298828125,717.21142578125
1789859555.5274944,1,0,733.6612548828125,1653.2052001953125,727.081298828125,717.21142578125
1789859555.5389357,1,0,832.3600463867188,1653.2052001953125,792.8805541992188,822.4901733398438
1789859555.5499663,1,0,838.9400024414062,1546.281494140625,758.3359375,825.7801513671875
1789859555.5612998,1,0,835.6500244140625,1487.062255859375,766.5608520507812,848.8098754882812
1789859555.5725615,1,0,835.6500244140625,1487.062255859375,766.5608520507812,848.8098754882812
1789859555.583371,1,0,835.6500244140625,1487.062255859375,766.5608520507812,848.8098754882812
1789859555.594649,1,0,830.715087890625,1457.45263671875,779.720703125,814.2652587890625
1789859555.6052566,1,0,830.715087890625,1457.45263671875,779.720703125,814.2652587890625
1789859555.616239,1,0,830.715087890625,1457.45263671875,779.720703125,814.2652587890625
1789859555.62731,1,0,830.715087890625,1457.45263671875,779.720703125,814.2652587890625
1789859555.638469,1,0,830.715087890625,1457.45263671875,779.720703125,814.2652587890625
1789859555.649462,1,0,830.715087890625,1457.45263671875,779.720703125,814.2652587890625
1789859555.6606712,1,0,830.715087890625,1457.45263671875,779.720703125,814.2652587890625
1789859555.6716456,1,0,830.715087890625,1457.45263671875,779.720703125,814.2652587890625
1789859555.6825764,1,0,843.8749389648438,681.0218505859375,809.330322265625,852.0997924804688
1789859555.694436,1,0,845.5198974609375,641.5423583984375,804.3953857421875,853.7448120117188
1789859555.70572,1,0,843.8749389648438,444.1446838378906,817.5552368164062,858.6797485351562
1789859555.7165725,1,0,880.064453125,223.7173309326172,847.1648559570312,883.3544311523438
1789859555.7276905,1,0,873.4845581054688,180.9478302001953,865.2596435546875,880.064453125
1789859555.7390044,1,0,865.2596435546875,146.4032440185547,896.5142822265625,878.4194946289062
1789859555.7499094,1,0,865.2596435546875,146.4032440185547,896.5142822265625,878.4194946289062
1789859555.7609344,1,0,865.2596435546875,146.4032440185547,896.5142822265625,878.4194946289062
1789859555.772213,1,0,865.2596435546875,146.4032440185547,896.5142822265625,878.4194946289062
1789859555.7831793,1,0,868.5496215820312,220.4273681640625,893.2243041992188,888.2893676757812
1789859555.7942607,1,0,876.7745361328125,296.0964660644531,899.8042602539062,883.3544311523438
1789859555.805161,1,0,876.7745361328125,296.0964660644531,899.8042602539062,883.3544311523438
1789859555.815843,1,0,876.7745361328125,296.0964660644531,899.8042602539062,883.3544311523438
1789859555.8266256,1,0,876.7745361328125,296.0964660644531,899.8042602539062,883.3544311523438
1789859555.8373435,1,0,876.7745361328125,296.0964660644531,899.8042602539062,883.3544311523438
1789859555.848261,1,0,870.194580078125,389.8603515625,919.5440063476562,861.9697265625
1789859555.8593845,1,0,868.5496215820312,437.56475830078125,917.8990478515625,853.7448120117188
1789859555.8703685,1,0,868.5496215820312,444.1446838378906,916.2540283203125,865.2596435546875
1789859555.8809798,1,0,868.5496215820312,444.1446838378906,916.2540283203125,865.2596435546875
1789859555.892377,1,0,868.5496215820312,444.1446838378906,916.2540283203125,865.2596435546875
1789859555.9039268,1,0,884.9994506835938,579.0330810546875,896.5142822265625,880.064453125
1789859555.9149735,1,0,871.839599609375,592.1929321289062,891.579345703125,861.9697265625
1789859555.9258025,1,0,871.839599609375,592.1929321289062,891.579345703125,861.9697265625
1789859555.9364364,1,0,871.839599609375,592.1929321289062,891.579345703125,861.9697265625
1789859555.9473982,1,0,871.839599609375,592.1929321289062,891.579345703125,861.9697265625
1789859555.9579458,1,0,871.839599609375,592.1929321289062,891.579345703125,861.9697265625
1789859555.9688363,1,0,875.1295166015625,634.96240234375,880.064453125,848.8098754882812
1789859555.9796197,1,0,875.1295166015625,634.96240234375,880.064453125,848.8098754882812
1789859555.9903116,1,0,875.1295166015625,634.96240234375,880.064453125,848.8098754882812
1789859556.001287,1,0,875.1295166015625,634.96240234375,880.064453125,848.8098754882812
1789859556.012332,1,0,873.4845581054688,641.5423583984375,876.7745361328125,860.32470703125
1789859556.0234978,1,0,865.2596435546875,702.4066162109375,850.454833984375,848.8098754882812
1789859556.034555,1,0,868.5496215820312,700.7615966796875,853.7448120117188,858.6797485351562
1789859556.045488,1,0,868.5496215820312,700.7615966796875,853.7448120117188,858.6797485351562
1789859556.0565665,1,0,860.32470703125,743.5311279296875,840.5849609375,838.9400024414062
1789859556.0677176,1,0,860.32470703125,743.5311279296875,840.5849609375,838.9400024414062
1789859556.0787024,1,0,860.32470703125,743.5311279296875,840.5849609375,838.9400024414062
1789859556.090196,1,0,860.32470703125,743.5311279296875,840.5849609375,838.9400024414062
1789859556.1012723,1,0,860.32470703125,743.5311279296875,840.5849609375,838.9400024414062
1789859556.1127708,1,0,860.32470703125,743.5311279296875,840.5849609375,838.9400024414062
1789859556.1237106,1,0,863.6146850585938,794.5255126953125,827.4251098632812,850.454833984375
1789859556.1346273,1,0,863.6146850585938,794.5255126953125,827.4251098632812,850.454833984375
1789859556.1455107,1,0,863.6146850585938,794.5255126953125,827.4251098632812,850.454833984375
1789859556.1563668,1,0,863.6146850585938,794.5255126953125,827.4251098632812,850.454833984375
1789859556.1675634,1,0,855.3897705078125,794.5255126953125,829.070068359375,840.5849609375
1789859556.1783717,1,0,855.3897705078125,794.5255126953125,829.070068359375,840.5849609375
1789859556.189319,1,0,855.3897705078125,794.5255126953125,829.070068359375,840.5849609375
1789859556.2002013,1,0,860.32470703125,799.46044921875,830.715087890625,843.8749389648438
1789859556.211263,1,0,858.6797485351562,812.6203002929688,830.715087890625,842.2299194335938
1789859556.2219336,1,0,858.6797485351562,812.6203002929688,830.715087890625,842.2299194335938
1789859556.232857,1,0,858.6797485351562,812.6203002929688,830.715087890625,842.2299194335938
1789859556.2440598,1,0,858.6797485351562,812.6203002929688,830.715087890625,842.2299194335938
1789859556.2550597,1,0,858.6797485351562,812.6203002929688,830.715087890625,842.2299194335938
1789859556.2658658,1,0,858.6797485351562,745.1760864257812,829.070068359375,829.070068359375
1789859556.276809,1,0,858.6797485351562,745.1760864257812,829.070068359375,829.070068359375
1789859556.2876408,1,0,858.6797485351562,745.1760864257812,829.070068359375,829.070068359375
1789859556.298469,1,0,855.3897705078125,755.0459594726562,834.0050048828125,835.6500244140625
1789859556.3094406,1,0,847.1648559570312,766.5608520507812,837.2949829101562,832.3600463867188
1789859556.3205023,1,0,847.1648559570312,766.5608520507812,837.2949829101562,832.3600463867188
1789859556.3312633,1,0,847.1648559570312,766.5608520507812,837.2949829101562,832.3600463867188
1789859556.341982,1,0,847.1648559570312,766.5608520507812,837.2949829101562,832.3600463867188
1789859556.3527627,1,0,847.1648559570312,766.5608520507812,837.2949829101562,832.3600463867188
1789859556.3638563,1,0,847.1648559570312,766.5608520507812,837.2949829101562,832.3600463867188
1789859556.3747966,1,0,847.1648559570312,766.5608520507812,837.2949829101562,832.3600463867188
1789859556.385606,1,0,853.7448120117188,774.7857666015625,837.2949829101562,845.5198974609375
1789859556.396289,1,0,853.7448120117188,774.7857666015625,837.2949829101562,845.5198974609375
1789859556.4073472,1,0,853.7448120117188,768.205810546875,845.5198974609375,852.0997924804688
1789859556.418523,1,0,852.0997924804688,774.7857666015625,837.2949829101562,842.2299194335938
1789859556.430997,1,0,853.7448120117188,769.850830078125,838.9400024414062,847.1648559570312
1789859556.4427261,1,0,853.7448120117188,769.850830078125,838.9400024414062,847.1648559570312
1789859556.4537005,1,0,853.7448120117188,769.850830078125,838.9400024414062,847.1648559570312
1789859556.464704,1,0,853.7448120117188,769.850830078125,838.9400024414062,847.1648559570312
1789859556.47594,0,0,853.7448120117188,769.850830078125,838.9400024414062,847.1648559570312
1789859556.4869628,0,0,853.7448120117188,769.850830078125,838.9400024414062,847.1648559570312
1789859556.498096,0,0,858.6797485351562,787.945556640625,837.2949829101562,832.3600463867188
1789859556.5093768,0,0,858.6797485351562,787.945556640625,837.2949829101562,832.3600463867188
1789859556.5203607,0,0,850.454833984375,769.850830078125,830.715087890625,830.715087890625
1789859556.5313962,0,0,852.0997924804688,771.4957885742188,834.0050048828125,835.6500244140625
1789859556.5421913,0,0,852.0997924804688,771.4957885742188,834.0050048828125,835.6500244140625
1789859556.5533302,0,0,852.0997924804688,771.4957885742188,834.0050048828125,835.6500244140625
1789859556.5646002,0,0,852.0997924804688,771.4957885742188,834.0050048828125,835.6500244140625
1789859556.5758786,0,0,852.0997924804688,768.205810546875,827.4251098632812,832.3600463867188
1789859556.5867128,0,0,852.0997924804688,768.205810546875,827.4251098632812,832.3600463867188
1789859556.5974364,0,0,838.9400024414062,773.1407470703125,830.715087890625,827.4251098632812
1789859556.6084518,0,0,847.1648559570312,783.0106201171875,837.2949829101562,837.2949829101562
1789859556.6189435,0,0,847.1648559570312,783.0106201171875,837.2949829101562,837.2949829101562
1789859556.6298885,0,0,847.1648559570312,783.0106201171875,837.2949829101562,837.2949829101562
1789859556.6406379,0,0,847.1648559570312,783.0106201171875,837.2949829101562,837.2949829101562
1789859556.6518638,0,0,855.3897705078125,786.3005981445312,835.6500244140625,845.5198974609375
1789859556.662753,0,0,855.3897705078125,786.3005981445312,835.6500244140625,845.5198974609375
1789859556.673878,0,0,855.3897705078125,786.3005981445312,835.6500244140625,845.5198974609375
1789859556.6846733,0,0,855.3897705078125,786.3005981445312,835.6500244140625,845.5198974609375
1789859556.6954415,0,0,855.3897705078125,786.3005981445312,835.6500244140625,845.5198974609375
1789859556.7067163,0,0,855.3897705078125,786.3005981445312,835.6500244140625,845.5198974609375
1789859556.7176504,0,0,861.9697265625,794.5255126953125,834.0050048828125,848.8098754882812
1789859556.728918,0,0,855.3897705078125,794.5255126953125,837.2949829101562,840.5849609375
1789859556.7399492,0,0,863.6146850585938,784.6556396484375,837.2949829101562,852.0997924804688
1789859556.751233,0,0,857.0347290039062,784.6556396484375,835.6500244140625,843.8749389648438
1789859556.7625542,0,0,857.0347290039062,784.6556396484375,835.6500244140625,843.8749389648438
1789859556.7740943,0,0,857.0347290039062,784.6556396484375,835.6500244140625,843.8749389648438
1789859556.7850482,0,0,857.0347290039062,784.6556396484375,835.6500244140625,843.8749389648438
1789859556.7959394,0,0,857.0347290039062,784.6556396484375,835.6500244140625,843.8749389648438
1789859556.8069708,0,0,857.0347290039062,784.6556396484375,835.6500244140625,843.8749389648438
1789859556.8180242,0,0,857.0347290039062,784.6556396484375,835.6500244140625,843.8749389648438
1789859556.8288195,0,0,857.0347290039062,784.6556396484375,835.6500244140625,843.8749389648438
1789859556.840012,0,0,857.0347290039062,784.6556396484375,835.6500244140625,843.8749389648438
1789859556.8509958,0,0,857.0347290039062,784.6556396484375,835.6500244140625,843.8749389648438
1789859556.8622222,0,0,857.0347290039062,784.6556396484375,835.6500244140625,843.8749389648438
1789859556.8734922,0,0,855.3897705078125,789.590576171875,830.715087890625,835.6500244140625
1789859556.8847284,0,0,858.6797485351562,796.1704711914062,838.9400024414062,847.1648559570312
1789859556.896387,0,0,857.0347290039062,797.8154907226562,834.0050048828125,847.1648559570312
1789859556.907397,0,0,857.0347290039062,797.8154907226562,834.0050048828125,847.1648559570312
1789859556.918495,0,0,857.0347290039062,797.8154907226562,834.0050048828125,847.1648559570312
1789859556.9293423,0,0,857.0347290039062,797.8154907226562,834.0050048828125,847.1648559570312
1789859556.9404142,0,0,860.32470703125,797.8154907226562,834.0050048828125,865.2596435546875
1789859556.9515932,0,0,853.7448120117188,792.8805541992188,835.6500244140625,847.1648559570312
1789859556.9629686,0,0,852.0997924804688,794.5255126953125,837.2949829101562,838.9400024414062
1789859556.9744782,0,0,852.0997924804688,794.5255126953125,837.2949829101562,838.9400024414062
1789859556.9854977,0,0,852.0997924804688,794.5255126953125,837.2949829101562,838.9400024414062
1789859556.9965248,0,0,852.0997924804688,794.5255126953125,837.2949829101562,838.9400024414062
1789859557.007394,0,0,855.3897705078125,789.590576171875,834.0050048828125,845.5198974609375
1789859557.0179453,0,0,855.3897705078125,789.590576171875,834.0050048828125,845.5198974609375
1789859557.0290158,0,0,860.32470703125,789.590576171875,832.3600463867188,838.9400024414062
1789859557.0406966,0,0,865.2596435546875,792.8805541992188,830.715087890625,840.5849609375
1789859557.0519063,0,0,865.2596435546875,792.8805541992188,830.715087890625,840.5849609375
1789859557.0625603,0,0,865.2596435546875,792.8805541992188,830.715087890625,840.5849609375
1789859557.0735996,0,0,865.2596435546875,792.8805541992188,830.715087890625,840.5849609375
1789859557.0846882,0,0,865.2596435546875,792.8805541992188,830.715087890625,840.5849609375
1789859557.095649,0,0,850.454833984375,787.945556640625,838.9400024414062,843.8749389648438
1789859557.1066773,0,0,850.454833984375,787.945556640625,838.9400024414062,843.8749389648438
1789859557.1173882,0,0,847.1648559570312,792.8805541992188,838.9400024414062,845.5198974609375
1789859557.1286967,0,0,847.1648559570312,792.8805541992188,838.9400024414062,845.5198974609375
1789859557.139759,0,0,847.1648559570312,792.8805541992188,838.9400024414062,845.5198974609375
1789859557.151289,0,0,847.1648559570312,792.8805541992188,838.9400024414062,845.5198974609375
1789859557.1620526,0,0,847.1648559570312,792.8805541992188,840.5849609375,848.8098754882812
1789859557.173187,0,0,799.46044921875,852.0997924804688,832.3600463867188,750.1110229492188
1789859557.183947,0,0,799.46044921875,852.0997924804688,832.3600463867188,750.1110229492188
1789859557.1947086,0,0,799.46044921875,852.0997924804688,832.3600463867188,750.1110229492188
1789859557.2059927,0,0,799.46044921875,852.0997924804688,832.3600463867188,750.1110229492188
1789859557.216844,0,0,745.1760864257812,866.9046630859375,845.5198974609375,692.5367431640625
1789859557.2282217,0,0,738.59619140625,873.4845581054688,848.8098754882812,671.1519775390625
1789859557.239852,0,0,738.59619140625,873.4845581054688,848.8098754882812,671.1519775390625
1789859557.2505665,0,0,738.59619140625,873.4845581054688,848.8098754882812,671.1519775390625
1789859557.2616704,0,0,738.59619140625,873.4845581054688,848.8098754882812,671.1519775390625
1789859557.273413,0,0,753.4010009765625,898.1592407226562,824.1351318359375,648.1222534179688
1789859557.284265,0,0,741.8861083984375,888.2893676757812,817.5552368164062,672.7969360351562
1789859557.2952337,0,0,829.070068359375,868.5496215820312,781.3656616210938,732.0162353515625
1789859557.306173,0,0,845.5198974609375,870.194580078125,783.0106201171875,748.466064453125
1789859557.3173146,0,0,845.5198974609375,870.194580078125,783.0106201171875,748.466064453125
1789859557.328053,0,0,845.5198974609375,870.194580078125,783.0106201171875,748.466064453125
1789859557.339769,0,0,845.5198974609375,870.194580078125,783.0106201171875,748.466064453125
1789859557.351043,0,0,845.5198974609375,870.194580078125,783.0106201171875,748.466064453125
1789859557.362346,0,0,873.4845581054688,903.09423828125,768.205810546875,787.945556640625
1789859557.3729374,0,0,873.4845581054688,903.09423828125,768.205810546875,787.945556640625
1789859557.383604,0,0,873.4845581054688,903.09423828125,768.205810546875,787.945556640625
1789859557.3946073,0,0,891.579345703125,1000.1480712890625,759.9808959960938,852.0997924804688
1789859557.4057238,0,0,917.8990478515625,985.3432006835938,769.850830078125,861.9697265625
1789859557.4167693,0,0,917.8990478515625,985.3432006835938,769.850830078125,861.9697265625
1789859557.4277835,0,0,917.8990478515625,985.3432006835938,769.850830078125,861.9697265625
1789859557.4387517,0,0,917.8990478515625,985.3432006835938,769.850830078125,861.9697265625
1789859557.449774,0,0,917.8990478515625,985.3432006835938,769.850830078125,861.9697265625
1789859557.4609318,0,0,917.8990478515625,985.3432006835938,769.850830078125,861.9697265625
1789859557.471701,0,0,917.8990478515625,985.3432006835938,769.850830078125,861.9697265625
1789859557.4828455,0,0,917.8990478515625,985.3432006835938,769.850830078125,861.9697265625
1789859557.493835,0,0,904.7391967773438,889.9343872070312,797.8154907226562,893.2243041992188
1789859557.5051556,0,0,908.0291748046875,778.07568359375,820.84521484375,875.1295166015625
1789859557.5159552,0,0,908.0291748046875,778.07568359375,820.84521484375,875.1295166015625
1789859557.5271833,0,0,908.0291748046875,778.07568359375,820.84521484375,875.1295166015625
1789859557.5393257,0,0,908.0291748046875,778.07568359375,820.84521484375,875.1295166015625
1789859557.5501459,0,0,908.0291748046875,778.07568359375,820.84521484375,875.1295166015625
1789859557.5613685,0,0,908.0291748046875,778.07568359375,820.84521484375,875.1295166015625
1789859557.5724852,0,0,908.0291748046875,778.07568359375,820.84521484375,875.1295166015625
1789859557.5837963,0,0,871.839599609375,702.4066162109375,827.4251098632812,883.3544311523438
1789859557.5950832,0,0,875.1295166015625,704.0515747070312,827.4251098632812,880.064453125
1789859557.6061296,0,0,875.1295166015625,704.0515747070312,827.4251098632812,880.064453125
1789859557.6174896,0,0,875.1295166015625,704.0515747070312,827.4251098632812,880.064453125
1789859557.6281695,0,0,875.1295166015625,704.0515747070312,827.4251098632812,880.064453125
1789859557.639192,0,0,875.1295166015625,704.0515747070312,827.4251098632812,880.064453125
1789859557.650282,0,0,883.3544311523438,695.82666015625,837.2949829101562,865.2596435546875
1789859557.6617358,0,0,883.3544311523438,695.82666015625,837.2949829101562,865.2596435546875
1789859557.673323,0,0,883.3544311523438,695.82666015625,837.2949829101562,865.2596435546875
1789859557.6844006,0,0,881.70947265625,697.4716796875,838.9400024414062,860.32470703125
1789859557.695344,0,0,871.839599609375,750.1110229492188,824.1351318359375,840.5849609375
1789859557.706433,0,0,871.839599609375,750.1110229492188,824.1351318359375,840.5849609375
1789859557.7175965,0,0,871.839599609375,750.1110229492188,824.1351318359375,840.5849609375
1789859557.728411,0,0,871.839599609375,750.1110229492188,824.1351318359375,840.5849609375
1789859557.7389405,0,0,871.839599609375,750.1110229492188,824.1351318359375,840.5849609375
1789859557.7496612,0,0,871.839599609375,750.1110229492188,824.1351318359375,840.5849609375
1789859557.7606537,0,0,866.9046630859375,750.1110229492188,817.5552368164062,830.715087890625
1789859557.7714963,0,0,866.9046630859375,750.1110229492188,817.5552368164062,830.715087890625
1789859557.7826402,0,0,866.9046630859375,750.1110229492188,817.5552368164062,830.715087890625
1789859557.7939427,0,0,853.7448120117188,761.6259155273438,819.2001953125,830.715087890625
1789859557.8047903,0,0,865.2596435546875,764.9158325195312,834.0050048828125,848.8098754882812
1789859557.8154325,0,0,878.4194946289062,776.4307250976562,832.3600463867188,852.0997924804688
1789859557.8265145,0,0,878.4194946289062,776.4307250976562,832.3600463867188,852.0997924804688
1789859557.8374686,0,0,878.4194946289062,776.4307250976562,832.3600463867188,852.0997924804688
1789859557.848565,0,0,891.579345703125,774.7857666015625,830.715087890625,850.454833984375
1789859557.8597152,0,0,875.1295166015625,776.4307250976562,829.070068359375,848.8098754882812
1789859557.8706806,0,0,875.1295166015625,776.4307250976562,829.070068359375,848.8098754882812
1789859557.8816311,0,0,875.1295166015625,776.4307250976562,829.070068359375,848.8098754882812
1789859557.8922246,0,0,865.2596435546875,783.0106201171875,832.3600463867188,852.0997924804688
1789859557.9032788,0,0,871.839599609375,792.8805541992188,832.3600463867188,848.8098754882812
1789859557.9142246,0,0,871.839599609375,792.8805541992188,832.3600463867188,848.8098754882812
1789859557.9247773,0,0,871.839599609375,792.8805541992188,832.3600463867188,848.8098754882812
1789859557.9353943,0,0,871.839599609375,792.8805541992188,832.3600463867188,848.8098754882812
1789859557.946362,0,0,861.9697265625,797.8154907226562,834.0050048828125,843.8749389648438
1789859557.9574547,0,0,861.9697265625,797.8154907226562,834.0050048828125,843.8749389648438
1789859557.9684796,0,0,861.9697265625,797.8154907226562,834.0050048828125,843.8749389648438
1789859557.9797235,0,0,861.9697265625,797.8154907226562,834.0050048828125,843.8749389648438
1789859557.9903512,0,0,860.32470703125,792.8805541992188,834.0050048828125,843.8749389648438
1789859558.000915,0,0,861.9697265625,784.6556396484375,842.2299194335938,860.32470703125
1789859558.011539,0,0,861.9697265625,784.6556396484375,842.2299194335938,860.32470703125
1789859558.0224674,0,0,861.9697265625,784.6556396484375,842.2299194335938,860.32470703125
1789859558.033105,0,0,861.9697265625,784.6556396484375,842.2299194335938,860.32470703125
1789859558.0441995,0,0,861.9697265625,784.6556396484375,842.2299194335938,860.32470703125
1789859558.0550067,0,0,861.9697265625,792.8805541992188,835.6500244140625,845.5198974609375
1789859558.0660632,0,0,861.9697265625,792.8805541992188,835.6500244140625,845.5198974609375
1789859558.0767384,0,0,861.9697265625,792.8805541992188,835.6500244140625,845.5198974609375
1789859558.087596,0,0,850.454833984375,801.1054077148438,835.6500244140625,840.5849609375
1789859558.0986495,0,0,847.1648559570312,781.3656616210938,838.9400024414062,840.5849609375
1789859558.109135,0,0,847.1648559570312,781.3656616210938,838.9400024414062,840.5849609375
1789859558.119794,0,0,847.1648559570312,781.3656616210938,838.9400024414062,840.5849609375
1789859558.1309724,0,0,860.32470703125,768.205810546875,837.2949829101562,845.5198974609375
1789859558.1418097,0,0,857.0347290039062,771.4957885742188,837.2949829101562,837.2949829101562
1789859558.1530013,0,0,857.0347290039062,771.4957885742188,837.2949829101562,837.2949829101562
1789859558.1639135,0,0,857.0347290039062,771.4957885742188,837.2949829101562,837.2949829101562
1789859558.174891,0,0,857.0347290039062,771.4957885742188,837.2949829101562,837.2949829101562
1789859558.1860387,0,0,857.0347290039062,771.4957885742188,837.2949829101562,837.2949829101562
1789859558.19686,0,0,857.0347290039062,766.5608520507812,840.5849609375,845.5198974609375
1789859558.2079117,0,0,858.6797485351562,773.1407470703125,837.2949829101562,847.1648559570312
1789859558.2184267,0,0,858.6797485351562,773.1407470703125,837.2949829101562,847.1648559570312
1789859558.2289572,0,0,858.6797485351562,773.1407470703125,837.2949829101562,847.1648559570312
1789859558.2399416,0,0,858.6797485351562,773.1407470703125,837.2949829101562,847.1648559570312
1789859558.2510133,0,0,847.1648559570312,773.1407470703125,837.2949829101562,843.8749389648438
1789859558.262658,0,0,843.8749389648438,786.3005981445312,835.6500244140625,835.6500244140625
1789859558.2735085,0,0,843.8749389648438,786.3005981445312,835.6500244140625,835.6500244140625
1789859558.2845602,0,0,843.8749389648438,786.3005981445312,835.6500244140625,835.6500244140625
1789859558.2957234,0,0,843.8749389648438,786.3005981445312,835.6500244140625,835.6500244140625
1789859558.3066323,1,0,843.8749389648438,786.3005981445312,835.6500244140625,835.6500244140625
1789859558.3172317,1,0,861.9697265625,791.2355346679688,834.0050048828125,842.2299194335938
1789859558.3283541,1,0,848.8098754882812,783.0106201171875,837.2949829101562,825.7801513671875
1789859558.3389792,1,0,848.8098754882812,783.0106201171875,837.2949829101562,825.7801513671875
1789859558.349881,1,0,848.8098754882812,783.0106201171875,837.2949829101562,825.7801513671875
1789859558.361072,1,0,848.8098754882812,783.0106201171875,837.2949829101562,825.7801513671875
1789859558.3722875,1,0,860.32470703125,791.2355346679688,838.9400024414062,830.715087890625
1789859558.3837798,1,0,860.32470703125,791.2355346679688,838.9400024414062,830.715087890625
1789859558.3950262,1,0,855.3897705078125,794.5255126953125,840.5849609375,843.8749389648438
1789859558.405921,1,0,852.0997924804688,796.1704711914062,838.9400024414062,840.5849609375
1789859558.4165478,1,0,852.0997924804688,796.1704711914062,838.9400024414062,840.5849609375
1789859558.4272788,1,0,852.0997924804688,796.1704711914062,838.9400024414062,840.5849609375
1789859558.4386659,1,0,852.0997924804688,796.1704711914062,838.9400024414062,840.5849609375
1789859558.4500394,1,0,855.3897705078125,802.7504272460938,838.9400024414062,840.5849609375
1789859558.4612339,1,0,845.5198974609375,799.46044921875,838.9400024414062,835.6500244140625
1789859558.4723067,1,0,845.5198974609375,799.46044921875,838.9400024414062,835.6500244140625
1789859558.48333,1,0,871.839599609375,804.3953857421875,838.9400024414062,845.5198974609375
1789859558.4944596,1,0,845.5198974609375,796.1704711914062,832.3600463867188,840.5849609375
1789859558.5055373,1,0,845.5198974609375,796.1704711914062,832.3600463867188,840.5849609375
1789859558.5161269,1,0,845.5198974609375,796.1704711914062,832.3600463867188,840.5849609375
1789859558.5274596,1,0,845.5198974609375,796.1704711914062,832.3600463867188,840.5849609375
1789859558.5388947,1,0,850.454833984375,801.1054077148438,834.0050048828125,840.5849609375
1789859558.550021,1,0,850.454833984375,801.1054077148438,834.0050048828125,840.5849609375
1789859558.5610542,1,0,865.2596435546875,804.3953857421875,837.2949829101562,840.5849609375
1789859558.5720658,1,0,850.454833984375,802.7504272460938,832.3600463867188,842.2299194335938
1789859558.582691,1,0,842.2299194335938,799.46044921875,829.070068359375,829.070068359375
1789859558.5934215,1,0,843.8749389648438,801.1054077148438,827.4251098632812,834.0050048828125
1789859558.6043782,1,0,850.454833984375,801.1054077148438,834.0050048828125,834.0050048828125
1789859558.6155534,1,0,850.454833984375,801.1054077148438,834.0050048828125,834.0050048828125
1789859558.6267316,1,0,850.454833984375,801.1054077148438,834.0050048828125,834.0050048828125
1789859558.6375618,1,0,850.454833984375,801.1054077148438,834.0050048828125,834.0050048828125
1789859558.648143,1,0,850.454833984375,801.1054077148438,834.0050048828125,834.0050048828125
1789859558.6590118,1,0,850.454833984375,801.1054077148438,834.0050048828125,834.0050048828125
1789859558.6702323,1,0,855.3897705078125,797.8154907226562,835.6500244140625,838.9400024414062
1789859558.6811936,1,0,858.6797485351562,797.8154907226562,832.3600463867188,850.454833984375
1789859558.6920862,1,0,858.6797485351562,797.8154907226562,832.3600463867188,850.454833984375
1789859558.7029154,1,0,858.6797485351562,797.8154907226562,832.3600463867188,850.454833984375
1789859558.713541,1,0,858.6797485351562,797.8154907226562,832.3600463867188,850.454833984375
1789859558.724902,1,0,858.6797485351562,801.1054077148438,834.0050048828125,838.9400024414062
1789859558.7353833,1,0,858.6797485351562,801.1054077148438,834.0050048828125,838.9400024414062
1789859558.7461338,1,0,858.6797485351562,801.1054077148438,834.0050048828125,838.9400024414062
1789859558.7571177,1,0,858.6797485351562,801.1054077148438,834.0050048828125,838.9400024414062
1789859558.768039,1,0,858.6797485351562,801.1054077148438,834.0050048828125,838.9400024414062
1789859558.7792137,1,0,858.6797485351562,801.1054077148438,834.0050048828125,838.9400024414062
1789859558.790647,1,0,852.0997924804688,799.46044921875,832.3600463867188,834.0050048828125
1789859558.801984,1,0,852.0997924804688,799.46044921875,832.3600463867188,834.0050048828125
1789859558.8129463,1,0,848.8098754882812,799.46044921875,830.715087890625,830.715087890625
1789859558.8244991,1,0,865.2596435546875,796.1704711914062,837.2949829101562,843.8749389648438
1789859558.8351877,1,0,848.8098754882812,796.1704711914062,835.6500244140625,842.2299194335938
1789859558.8465528,1,0,848.8098754882812,796.1704711914062,835.6500244140625,842.2299194335938
1789859558.8577702,1,0,848.8098754882812,796.1704711914062,835.6500244140625,842.2299194335938
1789859558.8688989,1,0,848.8098754882812,796.1704711914062,835.6500244140625,842.2299194335938
1789859558.8796647,1,0,848.8098754882812,796.1704711914062,835.6500244140625,842.2299194335938
1789859558.8905199,1,0,848.8098754882812,796.1704711914062,835.6500244140625,842.2299194335938
1789859558.9013517,1,0,848.8098754882812,796.1704711914062,835.6500244140625,842.2299194335938
1789859558.9122553,1,0,860.32470703125,794.5255126953125,835.6500244140625,847.1648559570312
1789859558.9234123,1,0,860.32470703125,794.5255126953125,835.6500244140625,847.1648559570312
1789859558.934029,1,0,860.32470703125,794.5255126953125,835.6500244140625,847.1648559570312
1789859558.9452462,1,0,860.32470703125,794.5255126953125,835.6500244140625,847.1648559570312
1789859558.956334,1,0,861.9697265625,792.8805541992188,834.0050048828125,845.5198974609375
1789859558.9670165,1,0,840.5849609375,789.590576171875,832.3600463867188,837.2949829101562
1789859558.9777992,1,0,840.5849609375,789.590576171875,832.3600463867188,837.2949829101562
1789859558.9889822,1,0,840.5849609375,789.590576171875,832.3600463867188,837.2949829101562
1789859558.9995341,1,0,840.5849609375,789.590576171875,832.3600463867188,837.2949829101562
1789859559.0107605,1,0,842.2299194335938,804.3953857421875,825.7801513671875,819.2001953125
1789859559.021677,1,0,842.2299194335938,804.3953857421875,825.7801513671875,819.2001953125
1789859559.0322719,1,0,842.2299194335938,804.3953857421875,825.7801513671875,819.2001953125
1789859559.0430067,1,0,842.2299194335938,804.3953857421875,825.7801513671875,819.2001953125
1789859559.053892,1,0,842.2299194335938,804.3953857421875,825.7801513671875,819.2001953125
1789859559.064848,1,0,842.2299194335938,804.3953857421875,825.7801513671875,819.2001953125
1789859559.0758655,1,0,717.21142578125,1166.291015625,810.9752807617188,697.4716796875
1789859559.0867243,1,0,717.21142578125,1166.291015625,810.9752807617188,697.4716796875
1789859559.097743,1,0,717.21142578125,1166.291015625,810.9752807617188,697.4716796875
1789859559.108706,1,0,692.5367431640625,1574.2462158203125,812.6203002929688,666.217041015625
1789859559.1195793,1,0,708.9865112304688,1590.696044921875,804.3953857421875,689.2467651367188
1789859559.1308186,1,0,708.9865112304688,1590.696044921875,804.3953857421875,689.2467651367188
1789859559.14142,1,0,708.9865112304688,1590.696044921875,804.3953857421875,689.2467651367188
1789859559.1522305,1,0,708.9865112304688,1590.696044921875,804.3953857421875,689.2467651367188
1789859559.163049,1,0,708.9865112304688,1590.696044921875,804.3953857421875,689.2467651367188
1789859559.1742072,1,0,784.6556396484375,1589.051025390625,822.4901733398438,759.9808959960938
1789859559.1849267,1,0,784.6556396484375,1589.051025390625,822.4901733398438,759.9808959960938
1789859559.1958644,1,0,746.8211059570312,1587.406005859375,789.590576171875,727.081298828125
1789859559.2069173,1,0,776.4307250976562,1651.560302734375,766.5608520507812,768.205810546875
1789859559.2179406,1,0,776.4307250976562,1651.560302734375,766.5608520507812,768.205810546875
1789859559.2286577,1,0,776.4307250976562,1651.560302734375,766.5608520507812,768.205810546875
1789859559.239715,1,0,776.4307250976562,1651.560302734375,766.5608520507812,768.205810546875
1789859559.2504127,1,0,776.4307250976562,1651.560302734375,766.5608520507812,768.205810546875
1789859559.2613153,1,0,835.6500244140625,1353.81884765625,789.590576171875,843.8749389648438
1789859559.2719288,1,0,835.6500244140625,1353.81884765625,789.590576171875,843.8749389648438
1789859559.2827978,1,0,835.6500244140625,1353.81884765625,789.590576171875,843.8749389648438
1789859559.293935,1,0,835.6500244140625,1353.81884765625,789.590576171875,843.8749389648438
1789859559.305158,1,0,835.6500244140625,1353.81884765625,789.590576171875,843.8749389648438
1789859559.3162673,1,0,835.6500244140625,1353.81884765625,789.590576171875,843.8749389648438
1789859559.327275,1,0,835.6500244140625,1353.81884765625,789.590576171875,843.8749389648438
1789859559.3383415,1,0,835.6500244140625,1353.81884765625,789.590576171875,843.8749389648438
1789859559.3488863,1,0,835.6500244140625,1353.81884765625,789.590576171875,843.8749389648438
1789859559.3599324,1,0,835.6500244140625,1353.81884765625,789.590576171875,843.8749389648438
1789859559.3708532,1,0,835.6500244140625,1353.81884765625,789.590576171875,843.8749389648438
1789859559.3817728,1,0,835.6500244140625,1353.81884765625,789.590576171875,843.8749389648438
1789859559.3926477,1,0,835.6500244140625,1353.81884765625,789.590576171875,843.8749389648438
1789859559.4032357,1,0,912.964111328125,1097.201904296875,802.7504272460938,896.5142822265625
1789859559.4146743,1,0,888.2893676757812,1116.941650390625,807.6853637695312,891.579345703125
1789859559.425719,1,0,888.2893676757812,1116.941650390625,807.6853637695312,891.579345703125
1789859559.436935,1,0,934.3488159179688,1065.947265625,832.3600463867188,932.703857421875
1789859559.4483092,1,0,937.6387939453125,807.6853637695312,843.8749389648438,934.3488159179688
1789859559.4592984,1,0,939.2837524414062,735.3062133789062,840.5849609375,935.9938354492188
1789859559.4702857,1,0,939.2837524414062,735.3062133789062,840.5849609375,935.9938354492188
1789859559.4811368,1,0,939.2837524414062,735.3062133789062,840.5849609375,935.9938354492188
1789859559.4921315,1,0,939.2837524414062,735.3062133789062,840.5849609375,935.9938354492188
1789859559.5033407,1,0,927.7689208984375,625.092529296875,845.5198974609375,929.4138793945312
1789859559.5144603,1,0,927.7689208984375,625.092529296875,845.5198974609375,929.4138793945312
1789859559.5256517,1,0,924.4789428710938,414.5350341796875,845.5198974609375,927.7689208984375
1789859559.53681,1,0,911.319091796875,312.5462646484375,853.7448120117188,919.5440063476562
1789859559.547526,1,0,919.5440063476562,338.8659362792969,843.8749389648438,921.18896484375
1789859559.5585635,1,0,898.1592407226562,309.2563171386719,852.0997924804688,912.964111328125
1789859559.5696847,1,0,898.1592407226562,330.64105224609375,845.5198974609375,898.1592407226562
1789859559.5804026,1,0,898.1592407226562,330.64105224609375,845.5198974609375,898.1592407226562
1789859559.5912566,1,0,898.1592407226562,330.64105224609375,845.5198974609375,898.1592407226562
1789859559.6023557,1,0,898.1592407226562,330.64105224609375,845.5198974609375,898.1592407226562
1789859559.6133683,1,0,893.2243041992188,386.57037353515625,842.2299194335938,896.5142822265625
1789859559.6240296,1,0,891.579345703125,375.0555114746094,837.2949829101562,896.5142822265625
1789859559.635043,1,0,891.579345703125,375.0555114746094,837.2949829101562,896.5142822265625
1789859559.645796,1,0,891.579345703125,375.0555114746094,837.2949829101562,896.5142822265625
1789859559.6566792,1,0,891.579345703125,375.0555114746094,837.2949829101562,896.5142822265625
1789859559.667553,1,0,896.5142822265625,412.89007568359375,840.5849609375,896.5142822265625
1789859559.6782541,1,0,896.5142822265625,412.89007568359375,840.5849609375,896.5142822265625
1789859559.6891947,1,0,878.4194946289062,422.75994873046875,838.9400024414062,884.9994506835938
1789859559.6998413,1,0,886.6444091796875,442.4997253417969,835.6500244140625,883.3544311523438
1789859559.7107654,1,0,881.70947265625,467.1744079589844,830.715087890625,880.064453125
1789859559.7216625,1,0,886.6444091796875,541.1985473632812,837.2949829101562,893.2243041992188
1789859559.7323875,1,0,875.1295166015625,552.71337890625,840.5849609375,888.2893676757812
1789859559.7434297,1,0,875.1295166015625,552.71337890625,840.5849609375,888.2893676757812
1789859559.7542794,1,0,868.5496215820312,602.0628051757812,834.0050048828125,871.839599609375
1789859559.7650769,1,0,868.5496215820312,613.5776977539062,842.2299194335938,838.9400024414062
1789859559.7758908,1,0,848.8098754882812,618.5126342773438,840.5849609375,829.070068359375
1789859559.7865784,1,0,848.8098754882812,618.5126342773438,840.5849609375,829.070068359375
1789859559.7974951,1,0,850.454833984375,623.4475708007812,840.5849609375,840.5849609375
1789859559.8082864,1,0,852.0997924804688,641.5423583984375,845.5198974609375,842.2299194335938
1789859559.8194077,1,0,857.0347290039062,643.1873168945312,845.5198974609375,852.0997924804688
1789859559.830521,1,0,857.0347290039062,643.1873168945312,845.5198974609375,852.0997924804688
1789859559.841305,1,0,857.0347290039062,643.1873168945312,845.5198974609375,852.0997924804688
1789859559.8525138,1,0,868.5496215820312,662.9270629882812,840.5849609375,848.8098754882812
1789859559.8635068,1,0,865.2596435546875,682.6668701171875,837.2949829101562,848.8098754882812
1789859559.8740246,1,0,868.5496215820312,722.1463623046875,842.2299194335938,857.0347290039062
1789859559.8850756,1,0,858.6797485351562,728.726318359375,843.8749389648438,845.5198974609375
1789859559.8963478,1,0,858.6797485351562,728.726318359375,843.8749389648438,845.5198974609375
1789859559.9071429,1,0,858.6797485351562,728.726318359375,843.8749389648438,845.5198974609375
1789859559.918006,1,0,858.6797485351562,728.726318359375,843.8749389648438,845.5198974609375
1789859559.9293318,1,0,858.6797485351562,728.726318359375,843.8749389648438,845.5198974609375
1789859559.940552,1,0,843.8749389648438,730.3712768554688,842.2299194335938,850.454833984375
1789859559.9515061,1,0,843.8749389648438,730.3712768554688,842.2299194335938,850.454833984375
1789859559.9621856,1,0,843.8749389648438,730.3712768554688,842.2299194335938,850.454833984375
1789859559.973109,1,0,843.8749389648438,730.3712768554688,842.2299194335938,850.454833984375
1789859559.984329,1,0,850.454833984375,755.0459594726562,838.9400024414062,847.1648559570312
1789859559.995327,0,0,848.8098754882812,761.6259155273438,840.5849609375,842.2299194335938
1789859560.006471,0,0,848.8098754882812,761.6259155273438,840.5849609375,842.2299194335938
1789859560.0173118,0,0,848.8098754882812,761.6259155273438,840.5849609375,842.2299194335938
1789859560.028362,0,0,848.8098754882812,761.6259155273438,840.5849609375,842.2299194335938
1789859560.0398986,0,0,847.1648559570312,764.9158325195312,842.2299194335938,830.715087890625
1789859560.0508194,0,0,847.1648559570312,764.9158325195312,842.2299194335938,830.715087890625
1789859560.0616686,0,0,847.1648559570312,764.9158325195312,842.2299194335938,830.715087890625
1789859560.072813,0,0,843.8749389648438,786.3005981445312,843.8749389648438,829.070068359375
1789859560.0839565,0,0,843.8749389648438,786.3005981445312,843.8749389648438,829.070068359375
1789859560.0949228,0,0,792.8805541992188,804.3953857421875,868.5496215820312,787.945556640625
1789859560.105773,0,0,792.8805541992188,804.3953857421875,868.5496215820312,787.945556640625
1789859560.1174488,0,0,792.8805541992188,804.3953857421875,868.5496215820312,787.945556640625
1789859560.1286273,0,0,792.8805541992188,804.3953857421875,868.5496215820312,787.945556640625
1789859560.139797,0,0,797.8154907226562,797.8154907226562,855.3897705078125,797.8154907226562
1789859560.150865,0,0,797.8154907226562,797.8154907226562,855.3897705078125,797.8154907226562
1789859560.161675,0,0,797.8154907226562,797.8154907226562,855.3897705078125,797.8154907226562
1789859560.1729374,0,0,797.8154907226562,797.8154907226562,855.3897705078125,797.8154907226562
1789859560.1839936,0,0,840.5849609375,791.2355346679688,834.0050048828125,829.070068359375
1789859560.1949103,0,0,853.7448120117188,784.6556396484375,838.9400024414062,843.8749389648438
1789859560.206273,0,0,853.7448120117188,784.6556396484375,838.9400024414062,843.8749389648438
1789859560.2172709,0,0,853.7448120117188,784.6556396484375,838.9400024414062,843.8749389648438
1789859560.2282515,0,0,853.7448120117188,784.6556396484375,838.9400024414062,843.8749389648438
1789859560.2389219,0,0,853.7448120117188,784.6556396484375,838.9400024414062,843.8749389648438
1789859560.249727,0,0,858.6797485351562,784.6556396484375,837.2949829101562,847.1648559570312
1789859560.2606173,0,0,868.5496215820312,797.8154907226562,834.0050048828125,863.6146850585938
1789859560.271896,0,0,868.5496215820312,797.8154907226562,834.0050048828125,863.6146850585938
1789859560.2828856,0,0,868.5496215820312,797.8154907226562,834.0050048828125,863.6146850585938
1789859560.2940466,0,0,868.5496215820312,797.8154907226562,834.0050048828125,863.6146850585938
1789859560.305275,0,0,868.5496215820312,797.8154907226562,834.0050048828125,863.6146850585938
1789859560.316341,0,0,868.5496215820312,797.8154907226562,834.0050048828125,863.6146850585938
1789859560.327247,0,0,868.5496215820312,797.8154907226562,834.0050048828125,863.6146850585938
1789859560.338476,0,0,868.5496215820312,797.8154907226562,834.0050048828125,863.6146850585938
1789859560.349562,0,0,868.5496215820312,797.8154907226562,834.0050048828125,863.6146850585938
1789859560.3608332,0,0,868.5496215820312,797.8154907226562,834.0050048828125,863.6146850585938
1789859560.371778,0,0,871.839599609375,801.1054077148438,834.0050048828125,852.0997924804688
1789859560.3830578,0,0,861.9697265625,787.945556640625,838.9400024414062,853.7448120117188
1789859560.3941646,0,0,861.9697265625,787.945556640625,838.9400024414062,853.7448120117188
1789859560.405351,0,0,858.6797485351562,781.3656616210938,840.5849609375,852.0997924804688
1789859560.4164832,0,0,855.3897705078125,781.3656616210938,840.5849609375,847.1648559570312
1789859560.4276037,0,0,855.3897705078125,781.3656616210938,840.5849609375,847.1648559570312
1789859560.4384859,0,0,855.3897705078125,781.3656616210938,840.5849609375,847.1648559570312
1789859560.449351,0,0,861.9697265625,783.0106201171875,837.2949829101562,848.8098754882812
1789859560.460466,0,0,843.8749389648438,784.6556396484375,840.5849609375,835.6500244140625
1789859560.471334,0,0,843.8749389648438,784.6556396484375,840.5849609375,835.6500244140625
1789859560.482379,0,0,843.8749389648438,784.6556396484375,840.5849609375,835.6500244140625
1789859560.4934254,0,0,852.0997924804688,781.3656616210938,840.5849609375,840.5849609375
1789859560.5046477,0,0,847.1648559570312,784.6556396484375,838.9400024414062,840.5849609375
1789859560.5153315,0,0,847.1648559570312,784.6556396484375,838.9400024414062,840.5849609375
1789859560.5262053,0,0,847.1648559570312,784.6556396484375,838.9400024414062,840.5849609375
1789859560.536939,0,0,847.1648559570312,784.6556396484375,838.9400024414062,840.5849609375
1789859560.54765,0,0,847.1648559570312,784.6556396484375,838.9400024414062,840.5849609375
1789859560.5590398,0,0,855.3897705078125,786.3005981445312,838.9400024414062,848.8098754882812
1789859560.570177,0,0,865.2596435546875,776.4307250976562,840.5849609375,842.2299194335938
1789859560.5810997,0,0,865.2596435546875,776.4307250976562,840.5849609375,842.2299194335938
1789859560.5923805,0,0,870.194580078125,778.07568359375,840.5849609375,850.454833984375
1789859560.603453,0,0,848.8098754882812,781.3656616210938,840.5849609375,837.2949829101562
1789859560.6142437,0,0,848.8098754882812,781.3656616210938,840.5849609375,837.2949829101562
1789859560.6252239,0,0,848.8098754882812,781.3656616210938,840.5849609375,837.2949829101562
1789859560.636018,0,0,848.8098754882812,781.3656616210938,840.5849609375,837.2949829101562
1789859560.646653,0,0,863.6146850585938,783.0106201171875,838.9400024414062,853.7448120117188
1789859560.6578562,0,0,861.9697265625,786.3005981445312,837.2949829101562,830.715087890625
1789859560.6685314,0,0,858.6797485351562,776.4307250976562,835.6500244140625,832.3600463867188
1789859560.6792293,0,0,858.6797485351562,776.4307250976562,835.6500244140625,832.3600463867188
1789859560.6900628,0,0,852.0997924804688,778.07568359375,834.0050048828125,824.1351318359375
1789859560.7010155,0,0,855.3897705078125,776.4307250976562,830.715087890625,842.2299194335938
1789859560.7119,0,0,855.3897705078125,776.4307250976562,830.715087890625,842.2299194335938
1789859560.723175,0,0,855.3897705078125,776.4307250976562,830.715087890625,842.2299194335938
1789859560.734162,0,0,855.3897705078125,776.4307250976562,830.715087890625,842.2299194335938
1789859560.7449915,0,0,855.3897705078125,776.4307250976562,830.715087890625,842.2299194335938
1789859560.755755,0,0,855.3897705078125,776.4307250976562,830.715087890625,842.2299194335938
1789859560.766722,0,0,855.3897705078125,776.4307250976562,830.715087890625,842.2299194335938
1789859560.778054,0,0,853.7448120117188,773.1407470703125,829.070068359375,842.2299194335938
1789859560.7892215,0,0,852.0997924804688,776.4307250976562,825.7801513671875,827.4251098632812
1789859560.8001034,0,0,852.0997924804688,776.4307250976562,825.7801513671875,827.4251098632812
1789859560.811263,0,0,852.0997924804688,776.4307250976562,825.7801513671875,827.4251098632812
1789859560.8220406,0,0,852.0997924804688,776.4307250976562,825.7801513671875,827.4251098632812
1789859560.83317,0,0,852.0997924804688,776.4307250976562,825.7801513671875,827.4251098632812
1789859560.8439217,0,0,852.0997924804688,776.4307250976562,825.7801513671875,827.4251098632812
1789859560.8549087,0,0,852.0997924804688,776.4307250976562,825.7801513671875,827.4251098632812
1789859560.8659463,0,0,852.0997924804688,776.4307250976562,825.7801513671875,827.4251098632812
1789859560.8766086,0,0,852.0997924804688,776.4307250976562,825.7801513671875,827.4251098632812
1789859560.8875139,0,0,848.8098754882812,781.3656616210938,832.3600463867188,845.5198974609375
1789859560.8985426,0,0,860.32470703125,786.3005981445312,832.3600463867188,840.5849609375
1789859560.909592,0,0,860.32470703125,786.3005981445312,832.3600463867188,840.5849609375
1789859560.9203467,0,0,853.7448120117188,781.3656616210938,835.6500244140625,832.3600463867188
1789859560.931199,0,0,842.2299194335938,778.07568359375,837.2949829101562,834.0050048828125
1789859560.9420414,0,0,853.7448120117188,776.4307250976562,829.070068359375,848.8098754882812
1789859560.9533617,0,0,842.2299194335938,786.3005981445312,834.0050048828125,843.8749389648438
1789859560.9642622,0,0,858.6797485351562,789.590576171875,832.3600463867188,848.8098754882812
1789859560.9756646,0,0,858.6797485351562,789.590576171875,832.3600463867188,848.8098754882812
1789859560.986688,0,0,858.6797485351562,789.590576171875,832.3600463867188,848.8098754882812
1789859560.99759,0,0,858.6797485351562,789.590576171875,832.3600463867188,848.8098754882812
1789859561.0083373,0,0,855.3897705078125,789.590576171875,838.9400024414062,852.0997924804688
1789859561.0195572,0,0,855.3897705078125,789.590576171875,838.9400024414062,852.0997924804688
1789859561.0301201,0,0,855.3897705078125,789.590576171875,838.9400024414062,852.0997924804688
1789859561.0412252,0,0,855.3897705078125,789.590576171875,838.9400024414062,852.0997924804688
1789859561.0521827,0,0,855.3897705078125,789.590576171875,838.9400024414062,852.0997924804688
1789859561.0632823,0,0,855.3897705078125,789.590576171875,838.9400024414062,852.0997924804688
1789859561.074323,0,0,855.3897705078125,789.590576171875,838.9400024414062,852.0997924804688
1789859561.084946,0,0,855.3897705078125,789.590576171875,838.9400024414062,852.0997924804688
1789859561.0956805,0,0,855.3897705078125,789.590576171875,838.9400024414062,852.0997924804688
1789859561.1066785,0,0,855.3897705078125,789.590576171875,838.9400024414062,852.0997924804688
1789859561.11754,0,0,855.3897705078125,789.590576171875,838.9400024414062,852.0997924804688
1789859561.1282487,0,0,855.3897705078125,789.590576171875,838.9400024414062,852.0997924804688
1789859561.1394866,0,0,837.2949829101562,796.1704711914062,835.6500244140625,830.715087890625
1789859561.1505728,0,0,840.5849609375,801.1054077148438,840.5849609375,830.715087890625
1789859561.1618612,0,0,840.5849609375,801.1054077148438,840.5849609375,830.715087890625
1789859561.172913,0,0,764.9158325195312,820.84521484375,899.8042602539062,784.6556396484375
1789859561.1838431,0,0,695.82666015625,824.1351318359375,962.3134765625,735.3062133789062
1789859561.1946418,0,0,695.82666015625,824.1351318359375,962.3134765625,735.3062133789062
1789859561.205313,0,0,695.82666015625,824.1351318359375,962.3134765625,735.3062133789062
1789859561.2163906,0,0,695.82666015625,824.1351318359375,962.3134765625,735.3062133789062
1789859561.2272146,0,0,695.82666015625,824.1351318359375,962.3134765625,735.3062133789062
1789859561.238028,0,0,695.82666015625,824.1351318359375,962.3134765625,735.3062133789062
1789859561.2491376,0,0,695.82666015625,824.1351318359375,962.3134765625,735.3062133789062
1789859561.260457,0,0,695.82666015625,824.1351318359375,962.3134765625,735.3062133789062
1789859561.2713125,0,0,695.82666015625,824.1351318359375,962.3134765625,735.3062133789062
1789859561.2821794,0,0,695.82666015625,824.1351318359375,962.3134765625,735.3062133789062
1789859561.2933898,0,0,659.6371459960938,819.2001953125,1014.952880859375,730.3712768554688
1789859561.304385,0,0,728.726318359375,814.2652587890625,1000.1480712890625,774.7857666015625
1789859561.3154905,0,0,761.6259155273438,787.945556640625,972.1834106445312,814.2652587890625
1789859561.32676,0,0,761.6259155273438,787.945556640625,972.1834106445312,814.2652587890625
1789859561.337802,0,0,761.6259155273438,787.945556640625,972.1834106445312,814.2652587890625
1789859561.348402,0,0,761.6259155273438,787.945556640625,972.1834106445312,814.2652587890625
1789859561.3591177,0,0,843.8749389648438,758.3359375,914.6090698242188,881.70947265625
1789859561.3702996,0,0,866.9046630859375,753.4010009765625,911.319091796875,888.2893676757812
1789859561.3809695,0,0,866.9046630859375,753.4010009765625,911.319091796875,888.2893676757812
1789859561.3918009,0,0,866.9046630859375,753.4010009765625,911.319091796875,888.2893676757812
1789859561.4027479,0,0,866.9046630859375,753.4010009765625,911.319091796875,888.2893676757812
1789859561.4136624,0,0,866.9046630859375,753.4010009765625,911.319091796875,888.2893676757812
1789859561.4242532,0,0,866.9046630859375,753.4010009765625,911.319091796875,888.2893676757812
1789859561.435513,0,0,866.9046630859375,753.4010009765625,911.319091796875,888.2893676757812
1789859561.446503,0,0,866.9046630859375,753.4010009765625,911.319091796875,888.2893676757812
1789859561.4572637,0,0,866.9046630859375,753.4010009765625,911.319091796875,888.2893676757812
1789859561.4682913,0,0,866.9046630859375,753.4010009765625,911.319091796875,888.2893676757812
1789859561.4789636,0,0,866.9046630859375,753.4010009765625,911.319091796875,888.2893676757812
1789859561.489881,0,0,912.964111328125,725.4363403320312,858.6797485351562,937.6387939453125
1789859561.5011346,1,0,912.964111328125,725.4363403320312,858.6797485351562,937.6387939453125
1789859561.5122743,1,0,917.8990478515625,751.7560424804688,815.9102783203125,919.5440063476562
1789859561.5236342,1,0,916.2540283203125,748.466064453125,815.9102783203125,909.6741333007812
1789859561.5346963,1,0,916.2540283203125,748.466064453125,815.9102783203125,909.6741333007812
1789859561.545443,1,0,911.319091796875,758.3359375,812.6203002929688,891.579345703125
1789859561.5562751,1,0,911.319091796875,758.3359375,812.6203002929688,891.579345703125
1789859561.567078,1,0,909.6741333007812,756.6909790039062,814.2652587890625,896.5142822265625
1789859561.5777953,1,0,909.6741333007812,756.6909790039062,814.2652587890625,896.5142822265625
1789859561.588775,1,0,909.6741333007812,756.6909790039062,814.2652587890625,896.5142822265625
1789859561.5997477,1,0,894.8693237304688,758.3359375,814.2652587890625,889.9343872070312
1789859561.6104348,1,0,889.9343872070312,768.205810546875,812.6203002929688,889.9343872070312
1789859561.6219172,1,0,889.9343872070312,768.205810546875,812.6203002929688,889.9343872070312
1789859561.6331499,1,0,889.9343872070312,768.205810546875,812.6203002929688,889.9343872070312
1789859561.6442847,1,0,893.2243041992188,769.850830078125,819.2001953125,868.5496215820312
1789859561.6555398,1,0,893.2243041992188,769.850830078125,819.2001953125,868.5496215820312
1789859561.666694,1,0,880.064453125,778.07568359375,822.4901733398438,863.6146850585938
1789859561.6779006,1,0,880.064453125,778.07568359375,822.4901733398438,863.6146850585938
1789859561.6889548,1,0,881.70947265625,773.1407470703125,825.7801513671875,870.194580078125
1789859561.7000456,1,0,870.194580078125,779.720703125,827.4251098632812,863.6146850585938
1789859561.7110934,1,0,870.194580078125,779.720703125,827.4251098632812,863.6146850585938
1789859561.722457,1,0,870.194580078125,779.720703125,827.4251098632812,863.6146850585938
1789859561.7334654,1,0,870.194580078125,779.720703125,827.4251098632812,863.6146850585938
1789859561.7441773,1,0,870.194580078125,779.720703125,827.4251098632812,863.6146850585938
1789859561.7552612,1,0,870.194580078125,779.720703125,827.4251098632812,863.6146850585938
1789859561.7658377,1,0,881.70947265625,768.205810546875,824.1351318359375,876.7745361328125
1789859561.777029,1,0,863.6146850585938,778.07568359375,825.7801513671875,853.7448120117188
1789859561.788205,1,0,858.6797485351562,776.4307250976562,825.7801513671875,837.2949829101562
1789859561.799121,1,0,858.6797485351562,776.4307250976562,825.7801513671875,837.2949829101562
1789859561.8101747,1,0,858.6797485351562,776.4307250976562,825.7801513671875,837.2949829101562
1789859561.8209977,1,0,858.6797485351562,776.4307250976562,825.7801513671875,837.2949829101562
1789859561.8325424,1,0,858.6797485351562,776.4307250976562,825.7801513671875,837.2949829101562
1789859561.8434427,1,0,858.6797485351562,776.4307250976562,825.7801513671875,837.2949829101562
1789859561.8541474,1,0,853.7448120117188,781.3656616210938,829.070068359375,853.7448120117188
1789859561.865331,1,0,855.3897705078125,779.720703125,830.715087890625,848.8098754882812
1789859561.876398,1,0,855.3897705078125,779.720703125,830.715087890625,848.8098754882812
1789859561.887503,1,0,855.3897705078125,779.720703125,830.715087890625,848.8098754882812
1789859561.8982124,1,0,855.3897705078125,779.720703125,830.715087890625,848.8098754882812
1789859561.9091406,1,0,855.3897705078125,779.720703125,830.715087890625,848.8098754882812
1789859561.9200215,1,0,845.5198974609375,783.0106201171875,827.4251098632812,825.7801513671875
1789859561.930961,1,0,858.6797485351562,778.07568359375,832.3600463867188,858.6797485351562
1789859561.942027,1,0,847.1648559570312,779.720703125,829.070068359375,848.8098754882812
1789859561.9528453,1,0,847.1648559570312,779.720703125,829.070068359375,848.8098754882812
1789859561.96347,1,0,847.1648559570312,779.720703125,829.070068359375,848.8098754882812
1789859561.9746208,1,0,847.1648559570312,779.720703125,829.070068359375,848.8098754882812
1789859561.9856565,1,0,850.454833984375,778.07568359375,834.0050048828125,840.5849609375
1789859561.9966805,1,0,857.0347290039062,792.8805541992188,829.070068359375,848.8098754882812
1789859562.007716,1,0,857.0347290039062,792.8805541992188,829.070068359375,848.8098754882812
1789859562.0185177,1,0,863.6146850585938,789.590576171875,837.2949829101562,853.7448120117188
1789859562.0295112,1,0,863.6146850585938,789.590576171875,837.2949829101562,853.7448120117188
1789859562.0405715,1,0,863.6146850585938,789.590576171875,837.2949829101562,853.7448120117188
1789859562.0513148,1,0,863.6146850585938,789.590576171875,837.2949829101562,853.7448120117188
1789859562.0621424,1,0,863.6146850585938,789.590576171875,837.2949829101562,853.7448120117188
1789859562.073708,1,0,868.5496215820312,789.590576171875,837.2949829101562,853.7448120117188
1789859562.0845602,1,0,860.32470703125,791.2355346679688,834.0050048828125,842.2299194335938
1789859562.0957012,1,0,860.32470703125,791.2355346679688,834.0050048828125,842.2299194335938
1789859562.1067758,1,0,865.2596435546875,789.590576171875,834.0050048828125,847.1648559570312
1789859562.1180637,1,0,868.5496215820312,796.1704711914062,834.0050048828125,853.7448120117188
1789859562.1292348,1,0,868.5496215820312,796.1704711914062,834.0050048828125,853.7448120117188
1789859562.140242,1,0,868.5496215820312,796.1704711914062,834.0050048828125,853.7448120117188
1789859562.151485,1,0,868.5496215820312,796.1704711914062,834.0050048828125,853.7448120117188
1789859562.1622186,1,0,868.5496215820312,796.1704711914062,834.0050048828125,853.7448120117188
1789859562.1733718,1,0,868.5496215820312,796.1704711914062,834.0050048828125,853.7448120117188
1789859562.1844554,1,0,868.5496215820312,796.1704711914062,834.0050048828125,853.7448120117188
1789859562.1951525,1,0,857.0347290039062,789.590576171875,835.6500244140625,848.8098754882812
1789859562.2062557,1,0,857.0347290039062,789.590576171875,835.6500244140625,848.8098754882812
1789859562.2171595,1,0,857.0347290039062,789.590576171875,835.6500244140625,848.8098754882812
1789859562.2282207,1,0,857.0347290039062,789.590576171875,835.6500244140625,848.8098754882812
1789859562.2398567,1,0,857.0347290039062,789.590576171875,835.6500244140625,848.8098754882812
1789859562.2509284,1,0,857.0347290039062,789.590576171875,835.6500244140625,848.8098754882812
1789859562.2618256,1,0,857.0347290039062,789.590576171875,835.6500244140625,848.8098754882812
1789859562.2727613,1,0,857.0347290039062,789.590576171875,835.6500244140625,848.8098754882812
1789859562.2838092,1,0,857.0347290039062,789.590576171875,835.6500244140625,848.8098754882812
1789859562.2946124,1,0,857.0347290039062,789.590576171875,835.6500244140625,848.8098754882812
1789859562.3055606,1,0,857.0347290039062,789.590576171875,835.6500244140625,848.8098754882812
1789859562.3162699,1,0,857.0347290039062,789.590576171875,835.6500244140625,848.8098754882812
1789859562.3272803,1,0,857.0347290039062,789.590576171875,835.6500244140625,848.8098754882812
1789859562.3384454,1,0,857.0347290039062,789.590576171875,835.6500244140625,848.8098754882812
1789859562.349555,1,0,857.0347290039062,789.590576171875,835.6500244140625,848.8098754882812
1789859562.360784,1,0,857.0347290039062,789.590576171875,835.6500244140625,848.8098754882812
1789859562.372313,1,0,830.715087890625,810.9752807617188,825.7801513671875,827.4251098632812
1789859562.383306,1,0,797.8154907226562,781.3656616210938,837.2949829101562,771.4957885742188
1789859562.3942766,1,0,797.8154907226562,781.3656616210938,837.2949829101562,771.4957885742188
1789859562.4054437,1,0,797.8154907226562,781.3656616210938,837.2949829101562,771.4957885742188
1789859562.4163783,1,0,797.8154907226562,781.3656616210938,837.2949829101562,771.4957885742188
1789859562.4270577,1,0,797.8154907226562,781.3656616210938,837.2949829101562,771.4957885742188
1789859562.4378798,1,0,797.8154907226562,781.3656616210938,837.2949829101562,771.4957885742188
1789859562.448884,1,0,797.8154907226562,781.3656616210938,837.2949829101562,771.4957885742188
1789859562.4595935,1,0,797.8154907226562,781.3656616210938,837.2949829101562,771.4957885742188
1789859562.470775,1,0,544.4884643554688,1587.406005859375,865.2596435546875,505.00897216796875
1789859562.4817479,1,0,649.7672119140625,1590.696044921875,916.2540283203125,616.8676147460938
1789859562.492547,1,0,649.7672119140625,1590.696044921875,916.2540283203125,616.8676147460938
1789859562.5031703,1,0,649.7672119140625,1590.696044921875,916.2540283203125,616.8676147460938
1789859562.5138159,1,0,649.7672119140625,1590.696044921875,916.2540283203125,616.8676147460938
1789859562.5247858,1,0,649.7672119140625,1590.696044921875,916.2540283203125,616.8676147460938
1789859562.5356162,1,0,649.7672119140625,1590.696044921875,916.2540283203125,616.8676147460938
1789859562.5466607,1,0,649.7672119140625,1590.696044921875,916.2540283203125,616.8676147460938
1789859562.5572882,1,0,649.7672119140625,1590.696044921875,916.2540283203125,616.8676147460938
1789859562.568171,1,0,597.1278686523438,1590.696044921875,883.3544311523438,541.1985473632812
1789859562.5794818,1,0,597.1278686523438,1590.696044921875,883.3544311523438,541.1985473632812
1789859562.5909302,1,0,723.7913208007812,1580.8260498046875,837.2949829101562,676.0869140625
1789859562.601887,1,0,730.3712768554688,1529.8316650390625,825.7801513671875,720.5014038085938
1789859562.612549,1,0,784.6556396484375,1503.5120849609375,868.5496215820312,783.0106201171875
1789859562.6230989,1,0,784.6556396484375,1503.5120849609375,868.5496215820312,783.0106201171875
1789859562.6336632,1,0,784.6556396484375,1503.5120849609375,868.5496215820312,783.0106201171875
1789859562.6443992,1,0,784.6556396484375,1503.5120849609375,868.5496215820312,783.0106201171875
1789859562.6553297,1,0,784.6556396484375,1503.5120849609375,868.5496215820312,783.0106201171875
1789859562.6665182,1,0,784.6556396484375,1503.5120849609375,868.5496215820312,783.0106201171875
1789859562.6776838,1,0,784.6556396484375,1503.5120849609375,868.5496215820312,783.0106201171875
1789859562.6888337,1,0,750.1110229492188,1380.1385498046875,825.7801513671875,723.7913208007812
1789859562.7003014,1,0,789.590576171875,1205.7706298828125,863.6146850585938,812.6203002929688
1789859562.711361,1,0,736.951171875,1097.201904296875,871.839599609375,773.1407470703125
1789859562.722369,1,0,736.951171875,1097.201904296875,871.839599609375,773.1407470703125
1789859562.733087,1,0,736.951171875,1097.201904296875,871.839599609375,773.1407470703125
1789859562.7437787,1,0,736.951171875,1097.201904296875,871.839599609375,773.1407470703125
1789859562.7548344,1,0,898.1592407226562,978.7633056640625,835.6500244140625,883.3544311523438
1789859562.7660747,1,0,898.1592407226562,978.7633056640625,835.6500244140625,883.3544311523438
1789859562.7773669,1,0,898.1592407226562,978.7633056640625,835.6500244140625,883.3544311523438
1789859562.7882962,1,0,898.1592407226562,978.7633056640625,835.6500244140625,883.3544311523438
1789859562.799296,1,0,898.1592407226562,978.7633056640625,835.6500244140625,883.3544311523438
1789859562.810215,1,0,898.1592407226562,978.7633056640625,835.6500244140625,883.3544311523438
1789859562.8209074,1,0,898.1592407226562,978.7633056640625,835.6500244140625,883.3544311523438
1789859562.83161,1,0,898.1592407226562,978.7633056640625,835.6500244140625,883.3544311523438
1789859562.8421223,1,0,898.1592407226562,978.7633056640625,835.6500244140625,883.3544311523438
1789859562.8527386,1,0,898.1592407226562,978.7633056640625,835.6500244140625,883.3544311523438
1789859562.8635259,1,0,898.1592407226562,978.7633056640625,835.6500244140625,883.3544311523438
1789859562.8744617,1,0,898.1592407226562,978.7633056640625,835.6500244140625,883.3544311523438
1789859562.8854742,1,0,898.1592407226562,978.7633056640625,835.6500244140625,883.3544311523438
1789859562.896751,1,0,968.8934326171875,947.5086669921875,743.5311279296875,904.7391967773438
1789859562.9079683,1,0,985.3432006835938,853.7448120117188,763.2708740234375,931.0588989257812
1789859562.9188967,1,0,985.3432006835938,853.7448120117188,763.2708740234375,931.0588989257812
1789859562.9295776,1,0,977.1183471679688,822.4901733398438,764.9158325195312,929.4138793945312
1789859562.9402077,1,0,977.1183471679688,822.4901733398438,764.9158325195312,929.4138793945312
1789859562.9507365,1,0,977.1183471679688,822.4901733398438,764.9158325195312,929.4138793945312
1789859562.9615214,1,0,977.1183471679688,822.4901733398438,764.9158325195312,929.4138793945312
1789859562.9725692,1,0,950.7986450195312,746.8211059570312,769.850830078125,922.833984375
1789859562.9837122,1,0,901.44921875,407.95513916015625,768.205810546875,866.9046630859375
1789859562.994858,1,0,888.2893676757812,384.9254150390625,769.850830078125,865.2596435546875
1789859563.0058568,1,0,884.9994506835938,365.1856384277344,773.1407470703125,863.6146850585938
1789859563.0164824,1,0,884.9994506835938,365.1856384277344,773.1407470703125,863.6146850585938
1789859563.027606,1,0,884.9994506835938,365.1856384277344,773.1407470703125,863.6146850585938
1789859563.0385475,1,0,883.3544311523438,355.3157653808594,776.4307250976562,876.7745361328125
1789859563.0491478,1,0,883.3544311523438,355.3157653808594,776.4307250976562,876.7745361328125
1789859563.0602849,1,0,883.3544311523438,355.3157653808594,776.4307250976562,876.7745361328125
1789859563.0714142,1,0,883.3544311523438,355.3157653808594,776.4307250976562,876.7745361328125
1789859563.0826597,1,0,883.3544311523438,355.3157653808594,776.4307250976562,876.7745361328125
1789859563.0938916,1,0,899.8042602539062,345.44586181640625,794.5255126953125,878.4194946289062
1789859563.1053011,1,0,893.2243041992188,347.0908508300781,804.3953857421875,878.4194946289062
1789859563.1159167,1,0,893.2243041992188,347.0908508300781,804.3953857421875,878.4194946289062
1789859563.1271036,1,0,896.5142822265625,368.4755859375,824.1351318359375,855.3897705078125
1789859563.1377738,1,0,896.5142822265625,368.4755859375,824.1351318359375,855.3897705078125
1789859563.1486835,1,0,896.5142822265625,368.4755859375,824.1351318359375,855.3897705078125
1789859563.1593213,1,0,896.5142822265625,368.4755859375,824.1351318359375,855.3897705078125
1789859563.1698372,1,0,896.5142822265625,368.4755859375,824.1351318359375,855.3897705078125
1789859563.180599,1,0,896.5142822265625,429.3398742675781,830.715087890625,866.9046630859375
1789859563.1915698,0,0,886.6444091796875,440.854736328125,827.4251098632812,847.1648559570312
1789859563.2021139,0,0,886.6444091796875,440.854736328125,827.4251098632812,847.1648559570312
1789859563.2127876,0,0,886.6444091796875,440.854736328125,827.4251098632812,847.1648559570312
1789859563.223401,0,0,886.6444091796875,440.854736328125,827.4251098632812,847.1648559570312
1789859563.2344708,0,0,886.6444091796875,440.854736328125,827.4251098632812,847.1648559570312
1789859563.2454677,0,0,873.4845581054688,539.5535278320312,830.715087890625,837.2949829101562
1789859563.2560833,0,0,866.9046630859375,554.3583984375,834.0050048828125,835.6500244140625
1789859563.2669945,0,0,866.9046630859375,554.3583984375,834.0050048828125,835.6500244140625
1789859563.2775528,0,0,865.2596435546875,564.228271484375,835.6500244140625,847.1648559570312
1789859563.2884607,0,0,865.2596435546875,564.228271484375,835.6500244140625,847.1648559570312
1789859563.2990167,0,0,865.2596435546875,564.228271484375,835.6500244140625,847.1648559570312
1789859563.3100843,0,0,865.2596435546875,564.228271484375,835.6500244140625,847.1648559570312
1789859563.3207927,0,0,865.2596435546875,564.228271484375,835.6500244140625,847.1648559570312
1789859563.3313925,0,0,865.2596435546875,564.228271484375,835.6500244140625,847.1648559570312
1789859563.3426912,0,0,878.4194946289062,630.0274658203125,838.9400024414062,868.5496215820312
1789859563.3533807,0,0,878.4194946289062,630.0274658203125,838.9400024414062,868.5496215820312
1789859563.3643103,0,0,878.4194946289062,630.0274658203125,838.9400024414062,868.5496215820312
1789859563.3749332,0,0,878.4194946289062,630.0274658203125,838.9400024414062,868.5496215820312
1789859563.3857217,0,0,878.4194946289062,630.0274658203125,838.9400024414062,868.5496215820312
1789859563.3966453,0,0,866.9046630859375,661.2821044921875,843.8749389648438,857.0347290039062
1789859563.4078777,0,0,866.9046630859375,661.2821044921875,843.8749389648438,857.0347290039062
1789859563.4188786,0,0,866.9046630859375,661.2821044921875,843.8749389648438,857.0347290039062
1789859563.4297276,0,0,866.9046630859375,661.2821044921875,843.8749389648438,857.0347290039062
1789859563.4406776,0,0,866.9046630859375,661.2821044921875,843.8749389648438,857.0347290039062
1789859563.4514086,0,0,861.9697265625,671.1519775390625,843.8749389648438,853.7448120117188
1789859563.462692,0,0,832.3600463867188,723.7913208007812,852.0997924804688,806.0403442382812
1789859563.4736087,0,0,848.8098754882812,689.2467651367188,850.454833984375,834.0050048828125
1789859563.4843433,0,0,848.8098754882812,689.2467651367188,850.454833984375,834.0050048828125
1789859563.4949582,0,0,848.8098754882812,689.2467651367188,850.454833984375,834.0050048828125
1789859563.5057268,0,0,848.8098754882812,689.2467651367188,850.454833984375,834.0050048828125
1789859563.5165563,0,0,848.8098754882812,689.2467651367188,850.454833984375,834.0050048828125
1789859563.527313,0,0,848.8098754882812,689.2467651367188,850.454833984375,834.0050048828125
1789859563.538651,0,0,848.8098754882812,689.2467651367188,850.454833984375,834.0050048828125
1789859563.5491533,0,0,848.8098754882812,689.2467651367188,850.454833984375,834.0050048828125
1789859563.5601153,0,0,848.8098754882812,689.2467651367188,850.454833984375,834.0050048828125
1789859563.5711935,0,0,848.8098754882812,689.2467651367188,850.454833984375,834.0050048828125
1789859563.5823011,0,0,893.2243041992188,748.466064453125,824.1351318359375,853.7448120117188
1789859563.5934157,0,0,968.8934326171875,736.951171875,789.590576171875,944.2186889648438
1789859563.6046546,0,0,968.8934326171875,736.951171875,789.590576171875,944.2186889648438
1789859563.6154952,0,0,967.2484130859375,746.8211059570312,791.2355346679688,931.0588989257812
1789859563.6260607,0,0,967.2484130859375,746.8211059570312,791.2355346679688,931.0588989257812
1789859563.6370268,0,0,967.2484130859375,746.8211059570312,791.2355346679688,931.0588989257812
1789859563.647983,0,0,939.2837524414062,759.9808959960938,814.2652587890625,921.18896484375
1789859563.6593494,0,0,904.7391967773438,776.4307250976562,827.4251098632812,888.2893676757812
1789859563.6704495,0,0,904.7391967773438,776.4307250976562,827.4251098632812,888.2893676757812
1789859563.6814282,0,0,904.7391967773438,776.4307250976562,827.4251098632812,888.2893676757812
1789859563.69225,0,0,904.7391967773438,776.4307250976562,827.4251098632812,888.2893676757812
1789859563.7035556,0,0,884.9994506835938,784.6556396484375,829.070068359375,861.9697265625
1789859563.714074,0,0,884.9994506835938,784.6556396484375,829.070068359375,861.9697265625
1789859563.7246282,0,0,884.9994506835938,784.6556396484375,829.070068359375,861.9697265625
1789859563.7352777,0,0,884.9994506835938,784.6556396484375,829.070068359375,861.9697265625
1789859563.7463923,0,0,884.9994506835938,784.6556396484375,829.070068359375,861.9697265625
1789859563.7573826,0,0,884.9994506835938,784.6556396484375,829.070068359375,861.9697265625
1789859563.768092,0,0,884.9994506835938,784.6556396484375,829.070068359375,861.9697265625
1789859563.7788565,0,0,884.9994506835938,784.6556396484375,829.070068359375,861.9697265625
1789859563.790022,0,0,884.9994506835938,784.6556396484375,829.070068359375,861.9697265625
1789859563.8008118,0,0,884.9994506835938,784.6556396484375,829.070068359375,861.9697265625
1789859563.8114693,0,0,884.9994506835938,784.6556396484375,829.070068359375,861.9697265625
1789859563.8227286,0,0,884.9994506835938,784.6556396484375,829.070068359375,861.9697265625
1789859563.833258,0,0,873.4845581054688,783.0106201171875,838.9400024414062,881.70947265625
1789859563.8447673,0,0,878.4194946289062,786.3005981445312,832.3600463867188,875.1295166015625
1789859563.8559215,0,0,878.4194946289062,786.3005981445312,832.3600463867188,875.1295166015625
1789859563.8672783,0,0,878.4194946289062,786.3005981445312,832.3600463867188,875.1295166015625
1789859563.8780632,0,0,878.4194946289062,786.3005981445312,832.3600463867188,875.1295166015625
1789859563.8888261,0,0,878.4194946289062,786.3005981445312,832.3600463867188,875.1295166015625
1789859563.8996131,0,0,878.4194946289062,786.3005981445312,832.3600463867188,875.1295166015625
1789859563.9105659,0,0,878.4194946289062,786.3005981445312,832.3600463867188,875.1295166015625
1789859563.9215353,0,0,878.4194946289062,786.3005981445312,832.3600463867188,875.1295166015625
1789859563.9323456,0,0,878.4194946289062,786.3005981445312,832.3600463867188,875.1295166015625
1789859563.9434545,0,0,878.4194946289062,786.3005981445312,832.3600463867188,875.1295166015625
1789859563.9543595,0,0,878.4194946289062,786.3005981445312,832.3600463867188,875.1295166015625
1789859563.96491,0,0,878.4194946289062,786.3005981445312,832.3600463867188,875.1295166015625
1789859563.9757183,0,0,863.6146850585938,791.2355346679688,824.1351318359375,855.3897705078125
1789859563.9867952,0,0,863.6146850585938,791.2355346679688,824.1351318359375,855.3897705078125
1789859563.997475,0,0,863.6146850585938,791.2355346679688,824.1351318359375,855.3897705078125
1789859564.0081239,0,0,863.6146850585938,791.2355346679688,824.1351318359375,855.3897705078125
1789859564.0193949,0,0,863.6146850585938,791.2355346679688,824.1351318359375,855.3897705078125
1789859564.0302384,0,0,863.6146850585938,791.2355346679688,824.1351318359375,855.3897705078125
1789859564.040872,0,0,863.6146850585938,791.2355346679688,824.1351318359375,855.3897705078125
1789859564.0516226,0,0,863.6146850585938,791.2355346679688,824.1351318359375,855.3897705078125
1789859564.06256,0,0,850.454833984375,796.1704711914062,834.0050048828125,853.7448120117188
1789859564.073821,0,0,848.8098754882812,792.8805541992188,840.5849609375,848.8098754882812
1789859564.0845742,0,0,848.8098754882812,792.8805541992188,840.5849609375,848.8098754882812
1789859564.0951543,0,0,850.454833984375,796.1704711914062,842.2299194335938,840.5849609375
1789859564.1059911,0,0,850.454833984375,796.1704711914062,842.2299194335938,840.5849609375
1789859564.1168945,0,0,850.454833984375,796.1704711914062,842.2299194335938,840.5849609375
1789859564.1278346,0,0,850.454833984375,796.1704711914062,842.2299194335938,840.5849609375
1789859564.1386604,0,0,834.0050048828125,791.2355346679688,837.2949829101562,825.7801513671875
1789859564.1497502,0,0,837.2949829101562,797.8154907226562,840.5849609375,815.9102783203125
1789859564.1607552,0,0,829.070068359375,792.8805541992188,838.9400024414062,815.9102783203125
1789859564.1718576,0,0,829.070068359375,792.8805541992188,838.9400024414062,815.9102783203125
1789859564.183145,0,0,829.070068359375,792.8805541992188,838.9400024414062,815.9102783203125
1789859564.1946328,0,0,840.5849609375,799.46044921875,838.9400024414062,815.9102783203125
1789859564.205976,0,0,835.6500244140625,802.7504272460938,842.2299194335938,845.5198974609375
1789859564.2168605,0,0,832.3600463867188,810.9752807617188,845.5198974609375,829.070068359375
1789859564.2280917,0,0,829.070068359375,815.9102783203125,847.1648559570312,804.3953857421875
1789859564.2396684,0,0,829.070068359375,815.9102783203125,847.1648559570312,804.3953857421875
1789859564.2505043,0,0,845.5198974609375,819.2001953125,842.2299194335938,814.2652587890625
1789859564.2617366,0,0,814.2652587890625,809.330322265625,848.8098754882812,814.2652587890625
1789859564.272968,0,0,824.1351318359375,814.2652587890625,850.454833984375,812.6203002929688
1789859564.2840443,0,0,824.1351318359375,814.2652587890625,850.454833984375,812.6203002929688
1789859564.2948415,0,0,824.1351318359375,814.2652587890625,850.454833984375,812.6203002929688
1789859564.305639,0,0,824.1351318359375,814.2652587890625,850.454833984375,812.6203002929688
1789859564.3166118,0,0,824.1351318359375,814.2652587890625,850.454833984375,812.6203002929688
1789859564.327734,0,0,817.5552368164062,814.2652587890625,850.454833984375,806.0403442382812
1789859564.3387449,0,0,817.5552368164062,814.2652587890625,850.454833984375,806.0403442382812
1789859564.3499377,0,0,824.1351318359375,819.2001953125,853.7448120117188,817.5552368164062
1789859564.3606536,0,0,824.1351318359375,819.2001953125,853.7448120117188,817.5552368164062
1789859564.3713822,0,0,824.1351318359375,819.2001953125,853.7448120117188,817.5552368164062
1789859564.3829145,0,0,824.1351318359375,819.2001953125,853.7448120117188,817.5552368164062
1789859564.3940606,0,0,824.1351318359375,819.2001953125,853.7448120117188,817.5552368164062
1789859564.4052444,0,0,822.4901733398438,825.7801513671875,855.3897705078125,809.330322265625
1789859564.4159298,0,0,822.4901733398438,825.7801513671875,855.3897705078125,809.330322265625
1789859564.4268155,0,0,822.4901733398438,825.7801513671875,855.3897705078125,809.330322265625
1789859564.437667,0,0,822.4901733398438,825.7801513671875,855.3897705078125,809.330322265625
1789859564.4482188,0,0,822.4901733398438,825.7801513671875,855.3897705078125,809.330322265625
1789859564.4592538,0,0,822.4901733398438,825.7801513671875,855.3897705078125,809.330322265625
1789859564.4703944,0,0,822.4901733398438,825.7801513671875,855.3897705078125,809.330322265625
1789859564.4811606,0,0,822.4901733398438,825.7801513671875,855.3897705078125,809.330322265625
1789859564.4921947,0,0,822.4901733398438,825.7801513671875,855.3897705078125,809.330322265625
1789859564.503375,0,0,822.4901733398438,825.7801513671875,855.3897705078125,809.330322265625
1789859564.5139728,0,0,822.4901733398438,825.7801513671875,855.3897705078125,809.330322265625
1789859564.5246859,0,0,822.4901733398438,825.7801513671875,855.3897705078125,809.330322265625
1789859564.5361676,0,0,822.4901733398438,825.7801513671875,855.3897705078125,809.330322265625
1789859564.5471938,0,0,857.0347290039062,827.4251098632812,870.194580078125,840.5849609375
1789859564.558375,0,0,857.0347290039062,827.4251098632812,870.194580078125,840.5849609375
1789859564.5690901,0,0,857.0347290039062,827.4251098632812,870.194580078125,840.5849609375
1789859564.5796864,0,0,857.0347290039062,827.4251098632812,870.194580078125,840.5849609375
1789859564.5905228,0,0,857.0347290039062,827.4251098632812,870.194580078125,840.5849609375
1789859564.6014082,0,0,848.8098754882812,819.2001953125,861.9697265625,840.5849609375
1789859564.6125803,0,0,861.9697265625,825.7801513671875,855.3897705078125,845.5198974609375
1789859564.6237142,0,0,861.9697265625,825.7801513671875,855.3897705078125,845.5198974609375
1789859564.6347532,0,0,858.6797485351562,822.4901733398438,845.5198974609375,842.2299194335938
1789859564.6460202,0,0,848.8098754882812,824.1351318359375,838.9400024414062,830.715087890625
1789859564.6568928,0,0,848.8098754882812,824.1351318359375,838.9400024414062,830.715087890625
1789859564.6678984,0,0,848.8098754882812,824.1351318359375,838.9400024414062,830.715087890625
1789859564.6784701,0,0,848.8098754882812,824.1351318359375,838.9400024414062,830.715087890625
1789859564.6899657,0,0,848.8098754882812,824.1351318359375,838.9400024414062,830.715087890625
1789859564.700926,0,0,848.8098754882812,824.1351318359375,838.9400024414062,830.715087890625
1789859564.7119489,0,0,848.8098754882812,824.1351318359375,838.9400024414062,830.715087890625
1789859564.722937,0,0,848.8098754882812,824.1351318359375,838.9400024414062,830.715087890625
1789859564.7336156,0,0,848.8098754882812,824.1351318359375,838.9400024414062,830.715087890625
1789859564.7446847,0,0,848.8098754882812,824.1351318359375,838.9400024414062,830.715087890625
1789859564.755718,0,0,848.8098754882812,824.1351318359375,838.9400024414062,830.715087890625
1789859564.766393,0,0,848.8098754882812,824.1351318359375,838.9400024414062,830.715087890625
1789859564.7774305,0,0,848.8098754882812,832.3600463867188,837.2949829101562,824.1351318359375
1789859564.7884054,0,0,858.6797485351562,824.1351318359375,840.5849609375,832.3600463867188
1789859564.79927,0,0,855.3897705078125,815.9102783203125,838.9400024414062,838.9400024414062
1789859564.8103716,0,0,852.0997924804688,814.2652587890625,840.5849609375,834.0050048828125
1789859564.8209958,0,0,852.0997924804688,814.2652587890625,840.5849609375,834.0050048828125
1789859564.8319223,0,0,857.0347290039062,809.330322265625,855.3897705078125,850.454833984375
1789859564.8427007,0,0,850.454833984375,807.6853637695312,847.1648559570312,848.8098754882812
1789859564.8536363,0,0,850.454833984375,807.6853637695312,847.1648559570312,848.8098754882812
1789859564.864512,0,0,855.3897705078125,807.6853637695312,847.1648559570312,842.2299194335938
1789859564.8750927,0,0,868.5496215820312,804.3953857421875,848.8098754882812,858.6797485351562
1789859564.88617,0,0,858.6797485351562,799.46044921875,847.1648559570312,845.5198974609375
1789859564.8967552,0,0,858.6797485351562,799.46044921875,847.1648559570312,845.5198974609375
1789859564.907667,1,0,858.6797485351562,799.46044921875,847.1648559570312,845.5198974609375
1789859564.9183483,1,0,858.6797485351562,799.46044921875,847.1648559570312,845.5198974609375
1789859564.9293852,1,0,858.6797485351562,799.46044921875,847.1648559570312,845.5198974609375
1789859564.9399714,1,0,858.6797485351562,799.46044921875,847.1648559570312,845.5198974609375
1789859564.9506176,1,0,858.6797485351562,799.46044921875,847.1648559570312,845.5198974609375
1789859564.9614077,1,0,857.0347290039062,801.1054077148438,843.8749389648438,850.454833984375
1789859564.9729216,1,0,858.6797485351562,804.3953857421875,842.2299194335938,837.2949829101562
1789859564.9840405,1,0,865.2596435546875,801.1054077148438,835.6500244140625,850.454833984375
1789859564.9949334,1,0,865.2596435546875,801.1054077148438,835.6500244140625,850.454833984375
1789859565.0060556,1,0,847.1648559570312,792.8805541992188,830.715087890625,834.0050048828125
1789859565.0171213,1,0,857.0347290039062,796.1704711914062,829.070068359375,838.9400024414062
1789859565.028186,1,0,857.0347290039062,796.1704711914062,829.070068359375,838.9400024414062
1789859565.0388029,1,0,857.0347290039062,796.1704711914062,829.070068359375,838.9400024414062
1789859565.0499709,1,0,842.2299194335938,799.46044921875,809.330322265625,817.5552368164062
1789859565.0608091,1,0,857.0347290039062,807.6853637695312,807.6853637695312,825.7801513671875
1789859565.071781,1,0,857.0347290039062,807.6853637695312,807.6853637695312,825.7801513671875
1789859565.0826566,1,0,857.0347290039062,807.6853637695312,807.6853637695312,825.7801513671875
1789859565.0938058,1,0,857.0347290039062,807.6853637695312,807.6853637695312,825.7801513671875
1789859565.1047595,1,0,857.0347290039062,807.6853637695312,807.6853637695312,825.7801513671875
1789859565.1156218,1,0,857.0347290039062,807.6853637695312,807.6853637695312,825.7801513671875
1789859565.1264105,1,0,857.0347290039062,807.6853637695312,807.6853637695312,825.7801513671875
1789859565.1377046,1,0,857.0347290039062,807.6853637695312,807.6853637695312,825.7801513671875
1789859565.1483846,1,0,857.0347290039062,807.6853637695312,807.6853637695312,825.7801513671875
1789859565.1592665,1,0,857.0347290039062,807.6853637695312,807.6853637695312,825.7801513671875
1789859565.170314,1,0,857.0347290039062,807.6853637695312,807.6853637695312,825.7801513671875
1789859565.1811051,1,0,857.0347290039062,807.6853637695312,807.6853637695312,825.7801513671875
1789859565.1919458,1,0,857.0347290039062,807.6853637695312,807.6853637695312,825.7801513671875
1789859565.203218,1,0,857.0347290039062,807.6853637695312,807.6853637695312,825.7801513671875
1789859565.2141345,1,0,857.0347290039062,807.6853637695312,807.6853637695312,825.7801513671875
1789859565.2250817,1,0,857.0347290039062,807.6853637695312,807.6853637695312,825.7801513671875
1789859565.235598,1,0,857.0347290039062,807.6853637695312,807.6853637695312,825.7801513671875
1789859565.2462516,1,0,857.0347290039062,807.6853637695312,807.6853637695312,825.7801513671875
1789859565.2568219,1,0,857.0347290039062,807.6853637695312,807.6853637695312,825.7801513671875
1789859565.2679892,1,0,857.0347290039062,807.6853637695312,807.6853637695312,825.7801513671875
1789859565.2789502,1,0,857.0347290039062,807.6853637695312,807.6853637695312,825.7801513671875
1789859565.2900405,1,0,857.0347290039062,807.6853637695312,807.6853637695312,825.7801513671875
1789859565.3010697,1,0,857.0347290039062,807.6853637695312,807.6853637695312,825.7801513671875
1789859565.3122492,1,0,857.0347290039062,807.6853637695312,807.6853637695312,825.7801513671875
1789859565.323428,1,0,857.0347290039062,807.6853637695312,807.6853637695312,825.7801513671875
1789859565.3345304,1,0,857.0347290039062,807.6853637695312,807.6853637695312,825.7801513671875
1789859565.3453703,1,0,857.0347290039062,807.6853637695312,807.6853637695312,825.7801513671875
1789859565.356256,1,0,857.0347290039062,807.6853637695312,807.6853637695312,825.7801513671875
1789859565.3670213,1,0,857.0347290039062,807.6853637695312,807.6853637695312,825.7801513671875
1789859565.3780618,1,0,857.0347290039062,807.6853637695312,807.6853637695312,825.7801513671875
1789859565.3888028,1,0,857.0347290039062,807.6853637695312,807.6853637695312,825.7801513671875
1789859565.3995812,1,0,857.0347290039062,807.6853637695312,807.6853637695312,825.7801513671875
1789859565.4104683,1,0,857.0347290039062,807.6853637695312,807.6853637695312,825.7801513671875
1789859565.4211507,1,0,857.0347290039062,807.6853637695312,807.6853637695312,825.7801513671875
1789859565.432,1,0,857.0347290039062,807.6853637695312,807.6853637695312,825.7801513671875
1789859565.442865,1,0,857.0347290039062,807.6853637695312,807.6853637695312,825.7801513671875
1789859565.4537375,1,0,857.0347290039062,807.6853637695312,807.6853637695312,825.7801513671875
1789859565.464542,1,0,857.0347290039062,807.6853637695312,807.6853637695312,825.7801513671875
1789859565.475515,1,0,857.0347290039062,807.6853637695312,807.6853637695312,825.7801513671875
1789859565.4864023,1,0,857.0347290039062,807.6853637695312,807.6853637695312,825.7801513671875
1789859565.4971812,1,0,857.0347290039062,807.6853637695312,807.6853637695312,825.7801513671875
1789859565.507918,1,0,845.5198974609375,801.1054077148438,806.0403442382812,814.2652587890625
1789859565.5190663,1,0,857.0347290039062,787.945556640625,817.5552368164062,829.070068359375
1789859565.529782,1,0,840.5849609375,791.2355346679688,819.2001953125,820.84521484375
1789859565.541181,1,0,840.5849609375,791.2355346679688,819.2001953125,820.84521484375
1789859565.55187,1,0,840.5849609375,791.2355346679688,819.2001953125,820.84521484375
1789859565.562693,1,0,840.5849609375,791.2355346679688,819.2001953125,820.84521484375
1789859565.57361,1,0,840.5849609375,791.2355346679688,819.2001953125,820.84521484375
1789859565.5845108,1,0,840.5849609375,791.2355346679688,819.2001953125,820.84521484375
1789859565.5957384,1,0,840.5849609375,791.2355346679688,819.2001953125,820.84521484375
1789859565.6070516,1,0,840.5849609375,791.2355346679688,819.2001953125,820.84521484375
1789859565.6178868,1,0,840.5849609375,791.2355346679688,819.2001953125,820.84521484375
1789859565.6289716,1,0,840.5849609375,791.2355346679688,819.2001953125,820.84521484375
1789859565.6402538,1,0,845.5198974609375,789.590576171875,822.4901733398438,830.715087890625
1789859565.6514754,1,0,855.3897705078125,804.3953857421875,820.84521484375,830.715087890625
1789859565.662394,1,0,852.0997924804688,799.46044921875,834.0050048828125,840.5849609375
1789859565.6735888,1,0,852.0997924804688,799.46044921875,834.0050048828125,840.5849609375
1789859565.6845005,1,0,852.0997924804688,799.46044921875,834.0050048828125,840.5849609375
1789859565.6953974,1,0,852.0997924804688,799.46044921875,834.0050048828125,840.5849609375
1789859565.706489,1,0,852.0997924804688,799.46044921875,834.0050048828125,840.5849609375
1789859565.7171507,1,0,865.2596435546875,814.2652587890625,830.715087890625,842.2299194335938
1789859565.7280529,1,0,847.1648559570312,806.0403442382812,829.070068359375,832.3600463867188
1789859565.7392428,1,0,860.32470703125,804.3953857421875,832.3600463867188,848.8098754882812
1789859565.7502167,1,0,858.6797485351562,804.3953857421875,837.2949829101562,840.5849609375
1789859565.7610826,1,0,858.6797485351562,796.1704711914062,840.5849609375,845.5198974609375
1789859565.7724726,1,0,858.6797485351562,796.1704711914062,840.5849609375,845.5198974609375
1789859565.7833815,1,0,855.3897705078125,801.1054077148438,840.5849609375,837.2949829101562
1789859565.7939878,1,0,855.3897705078125,801.1054077148438,840.5849609375,837.2949829101562
1789859565.8049145,1,0,855.3897705078125,801.1054077148438,840.5849609375,837.2949829101562
1789859565.8161538,1,0,855.3897705078125,801.1054077148438,840.5849609375,837.2949829101562
1789859565.8272576,1,0,855.3897705078125,801.1054077148438,840.5849609375,837.2949829101562
1789859565.8381946,1,0,850.454833984375,796.1704711914062,840.5849609375,832.3600463867188
1789859565.8487487,1,0,850.454833984375,796.1704711914062,840.5849609375,832.3600463867188
1789859565.8596125,1,0,850.454833984375,796.1704711914062,840.5849609375,832.3600463867188
1789859565.870491,1,0,865.2596435546875,797.8154907226562,840.5849609375,850.454833984375
1789859565.8812459,1,0,865.2596435546875,797.8154907226562,840.5849609375,850.454833984375
1789859565.89205,1,0,870.194580078125,801.1054077148438,837.2949829101562,853.7448120117188
1789859565.9034476,1,0,857.0347290039062,806.0403442382812,832.3600463867188,835.6500244140625
1789859565.9144497,1,0,857.0347290039062,806.0403442382812,832.3600463867188,835.6500244140625
1789859565.9256306,1,0,792.8805541992188,796.1704711914062,819.2001953125,789.590576171875
1789859565.9366868,1,0,753.4010009765625,1085.68701171875,853.7448120117188,761.6259155273438
1789859565.9475923,1,0,717.21142578125,1217.285400390625,843.8749389648438,692.5367431640625
1789859565.9585178,1,0,743.5311279296875,1483.772216796875,866.9046630859375,735.3062133789062
1789859565.969684,1,0,834.0050048828125,1643.3353271484375,848.8098754882812,806.0403442382812
1789859565.9809215,1,0,814.2652587890625,1644.9803466796875,825.7801513671875,801.1054077148438
1789859565.9920118,1,0,814.2652587890625,1644.9803466796875,825.7801513671875,801.1054077148438
1789859566.0032184,1,0,838.9400024414062,1644.9803466796875,797.8154907226562,824.1351318359375
1789859566.0144799,1,0,866.9046630859375,1515.02685546875,838.9400024414062,853.7448120117188
1789859566.0257947,1,0,870.194580078125,1620.3056640625,820.84521484375,834.0050048828125
1789859566.0369668,1,0,827.4251098632812,1309.404296875,822.4901733398438,825.7801513671875
1789859566.0476708,1,0,834.0050048828125,1123.5216064453125,822.4901733398438,820.84521484375
1789859566.0585117,1,0,834.0050048828125,1123.5216064453125,822.4901733398438,820.84521484375
1789859566.0695915,1,0,886.6444091796875,1037.9825439453125,848.8098754882812,858.6797485351562
1789859566.0806053,1,0,768.205810546875,937.6387939453125,778.07568359375,755.0459594726562
1789859566.0919118,1,0,853.7448120117188,932.703857421875,847.1648559570312,840.5849609375
1789859566.102819,1,0,880.064453125,708.9865112304688,838.9400024414062,860.32470703125
1789859566.1138382,1,0,863.6146850585938,544.4884643554688,824.1351318359375,847.1648559570312
1789859566.124717,1,0,868.5496215820312,475.3993225097656,820.84521484375,861.9697265625
1789859566.135733,1,0,847.1648559570312,342.1559143066406,814.2652587890625,840.5849609375
1789859566.1464548,1,0,840.5849609375,363.5406494140625,807.6853637695312,832.3600463867188
1789859566.1572838,1,0,840.5849609375,363.5406494140625,807.6853637695312,832.3600463867188
1789859566.167982,1,0,845.5198974609375,289.51654052734375,814.2652587890625,835.6500244140625
1789859566.1792624,1,0,853.7448120117188,144.75827026367188,834.0050048828125,848.8098754882812
1789859566.1900814,1,0,853.7448120117188,144.75827026367188,834.0050048828125,848.8098754882812
1789859566.20134,1,0,853.7448120117188,144.75827026367188,834.0050048828125,848.8098754882812
1789859566.2123287,1,0,853.7448120117188,144.75827026367188,834.0050048828125,848.8098754882812
1789859566.2232842,1,0,853.7448120117188,144.75827026367188,834.0050048828125,848.8098754882812
1789859566.233906,1,0,853.7448120117188,144.75827026367188,834.0050048828125,848.8098754882812
1789859566.244714,1,0,853.7448120117188,144.75827026367188,834.0050048828125,848.8098754882812
1789859566.2555904,1,0,865.2596435546875,152.98316955566406,838.9400024414062,848.8098754882812
1789859566.2665555,1,0,880.064453125,241.81210327148438,842.2299194335938,860.32470703125
1789859566.2774432,1,0,880.064453125,241.81210327148438,842.2299194335938,860.32470703125
1789859566.2882535,1,0,880.064453125,241.81210327148438,842.2299194335938,860.32470703125
1789859566.2993886,1,0,880.064453125,241.81210327148438,842.2299194335938,860.32470703125
1789859566.3107748,1,0,863.6146850585938,314.1912536621094,855.3897705078125,853.7448120117188
1789859566.3218758,1,0,863.6146850585938,314.1912536621094,855.3897705078125,853.7448120117188
1789859566.3324342,1,0,863.6146850585938,314.1912536621094,855.3897705078125,853.7448120117188
1789859566.3432739,1,0,863.6146850585938,314.1912536621094,855.3897705078125,853.7448120117188
1789859566.3543236,1,0,875.1295166015625,342.1559143066406,861.9697265625,861.9697265625
1789859566.3651814,1,0,852.0997924804688,450.724609375,855.3897705078125,850.454833984375
1789859566.3761823,1,0,852.0997924804688,450.724609375,855.3897705078125,850.454833984375
1789859566.387036,1,0,852.0997924804688,450.724609375,855.3897705078125,850.454833984375
1789859566.398081,1,0,852.0997924804688,450.724609375,855.3897705078125,850.454833984375
1789859566.40883,1,0,852.0997924804688,450.724609375,855.3897705078125,850.454833984375
1789859566.4199693,1,0,868.5496215820312,485.2691955566406,853.7448120117188,847.1648559570312
1789859566.431238,1,0,868.5496215820312,485.2691955566406,853.7448120117188,847.1648559570312
1789859566.4421685,1,0,868.5496215820312,485.2691955566406,853.7448120117188,847.1648559570312
1789859566.4529629,1,0,868.5496215820312,485.2691955566406,853.7448120117188,847.1648559570312
1789859566.4639854,1,0,868.5496215820312,485.2691955566406,853.7448120117188,847.1648559570312
1789859566.474951,1,0,868.5496215820312,485.2691955566406,853.7448120117188,847.1648559570312
1789859566.486274,1,0,871.839599609375,519.8137817382812,850.454833984375,857.0347290039062
1789859566.4975557,1,0,866.9046630859375,549.4234619140625,850.454833984375,855.3897705078125
1789859566.508582,1,0,860.32470703125,572.4531860351562,845.5198974609375,847.1648559570312
1789859566.5194125,1,0,860.32470703125,572.4531860351562,845.5198974609375,847.1648559570312
1789859566.5301738,1,0,860.32470703125,572.4531860351562,845.5198974609375,847.1648559570312
1789859566.5408294,1,0,860.32470703125,572.4531860351562,845.5198974609375,847.1648559570312
1789859566.5517993,1,0,860.32470703125,572.4531860351562,845.5198974609375,847.1648559570312
1789859566.5634174,1,0,860.32470703125,572.4531860351562,845.5198974609375,847.1648559570312
1789859566.5745006,1,0,860.32470703125,590.5479125976562,850.454833984375,847.1648559570312
1789859566.5851667,1,0,860.32470703125,590.5479125976562,850.454833984375,847.1648559570312
1789859566.5965247,1,0,860.32470703125,590.5479125976562,850.454833984375,847.1648559570312
1789859566.6078444,1,0,860.32470703125,590.5479125976562,850.454833984375,847.1648559570312
1789859566.6191967,1,0,860.32470703125,590.5479125976562,850.454833984375,847.1648559570312
1789859566.6300528,1,0,860.32470703125,590.5479125976562,850.454833984375,847.1648559570312
1789859566.6408536,1,0,860.32470703125,590.5479125976562,850.454833984375,847.1648559570312
1789859566.6514397,1,0,860.32470703125,590.5479125976562,850.454833984375,847.1648559570312
1789859566.6621892,1,0,860.32470703125,590.5479125976562,850.454833984375,847.1648559570312
1789859566.673267,1,0,860.32470703125,590.5479125976562,850.454833984375,847.1648559570312
1789859566.684092,1,0,860.32470703125,590.5479125976562,850.454833984375,847.1648559570312
1789859566.6950543,1,0,860.32470703125,590.5479125976562,850.454833984375,847.1648559570312
1789859566.7060864,1,0,860.32470703125,590.5479125976562,850.454833984375,847.1648559570312
1789859566.7171116,1,0,860.32470703125,590.5479125976562,850.454833984375,847.1648559570312
1789859566.728249,1,0,860.32470703125,590.5479125976562,850.454833984375,847.1648559570312
1789859566.7389476,1,0,860.32470703125,590.5479125976562,850.454833984375,847.1648559570312
1789859566.7497022,1,0,860.32470703125,590.5479125976562,850.454833984375,847.1648559570312
1789859566.760643,1,0,861.9697265625,651.4122314453125,850.454833984375,840.5849609375
1789859566.7719586,1,0,858.6797485351562,690.8917236328125,843.8749389648438,843.8749389648438
1789859566.7834368,1,0,858.6797485351562,690.8917236328125,843.8749389648438,843.8749389648438
1789859566.7945676,1,0,858.6797485351562,690.8917236328125,843.8749389648438,843.8749389648438
1789859566.8053372,1,0,858.6797485351562,690.8917236328125,843.8749389648438,843.8749389648438
1789859566.8161666,1,0,858.6797485351562,690.8917236328125,843.8749389648438,843.8749389648438
1789859566.8268979,1,0,858.6797485351562,690.8917236328125,843.8749389648438,843.8749389648438
1789859566.8375587,1,0,865.2596435546875,690.8917236328125,845.5198974609375,845.5198974609375
1789859566.8486023,1,0,860.32470703125,717.21142578125,843.8749389648438,850.454833984375
1789859566.859583,1,0,865.2596435546875,720.5014038085938,838.9400024414062,830.715087890625
1789859566.8705115,1,0,865.2596435546875,720.5014038085938,838.9400024414062,830.715087890625
1789859566.881261,1,0,863.6146850585938,725.4363403320312,845.5198974609375,843.8749389648438
1789859566.892429,1,0,855.3897705078125,730.3712768554688,840.5849609375,842.2299194335938
1789859566.9030688,1,0,855.3897705078125,730.3712768554688,840.5849609375,842.2299194335938
1789859566.9138343,1,0,855.3897705078125,730.3712768554688,840.5849609375,842.2299194335938
1789859566.9245546,1,0,855.3897705078125,730.3712768554688,840.5849609375,842.2299194335938
1789859566.9353197,1,0,855.3897705078125,730.3712768554688,840.5849609375,842.2299194335938
1789859566.9459658,1,0,855.3897705078125,730.3712768554688,840.5849609375,842.2299194335938
1789859566.956693,1,0,855.3897705078125,730.3712768554688,840.5849609375,842.2299194335938
1789859566.9676898,1,0,855.3897705078125,730.3712768554688,840.5849609375,842.2299194335938
1789859566.9789882,1,0,858.6797485351562,741.8861083984375,843.8749389648438,840.5849609375
1789859566.9900718,1,0,858.6797485351562,741.8861083984375,843.8749389648438,840.5849609375
1789859567.0010521,1,0,858.6797485351562,741.8861083984375,843.8749389648438,840.5849609375
1789859567.013942,1,0,858.6797485351562,741.8861083984375,843.8749389648438,840.5849609375
1789859567.0278203,1,0,860.32470703125,745.1760864257812,843.8749389648438,842.2299194335938
1789859567.0393217,1,0,860.32470703125,745.1760864257812,843.8749389648438,842.2299194335938
1789859567.0499759,1,0,860.32470703125,745.1760864257812,843.8749389648438,842.2299194335938
1789859567.0607693,1,0,860.32470703125,745.1760864257812,843.8749389648438,842.2299194335938
1789859567.0716517,1,0,860.32470703125,745.1760864257812,843.8749389648438,842.2299194335938
1789859567.0829911,1,0,860.32470703125,745.1760864257812,843.8749389648438,842.2299194335938
1789859567.0953236,1,0,845.5198974609375,741.8861083984375,834.0050048828125,838.9400024414062
1789859567.1078687,1,0,860.32470703125,735.3062133789062,832.3600463867188,842.2299194335938
1789859567.1190453,1,0,860.32470703125,735.3062133789062,832.3600463867188,842.2299194335938
1789859567.13043,1,0,860.32470703125,735.3062133789062,832.3600463867188,842.2299194335938
1789859567.1413772,1,0,860.32470703125,735.3062133789062,832.3600463867188,842.2299194335938
1789859567.1523623,1,0,850.454833984375,730.3712768554688,830.715087890625,842.2299194335938
1789859567.1636093,1,0,837.2949829101562,732.0162353515625,830.715087890625,827.4251098632812
1789859567.17505,1,0,837.2949829101562,732.0162353515625,830.715087890625,827.4251098632812
1789859567.1862848,1,0,837.2949829101562,732.0162353515625,830.715087890625,827.4251098632812
1789859567.1971886,1,0,837.2949829101562,732.0162353515625,830.715087890625,827.4251098632812
1789859567.2079692,1,0,837.2949829101562,732.0162353515625,830.715087890625,827.4251098632812
1789859567.2190862,1,0,847.1648559570312,763.2708740234375,832.3600463867188,832.3600463867188
1789859567.230421,1,0,847.1648559570312,763.2708740234375,832.3600463867188,832.3600463867188
1789859567.2411218,1,0,847.1648559570312,763.2708740234375,832.3600463867188,832.3600463867188
1789859567.252501,1,0,847.1648559570312,763.2708740234375,832.3600463867188,832.3600463867188
1789859567.263319,1,0,847.1648559570312,763.2708740234375,832.3600463867188,832.3600463867188
1789859567.274304,1,0,847.1648559570312,763.2708740234375,832.3600463867188,832.3600463867188
1789859567.2848525,1,0,847.1648559570312,763.2708740234375,832.3600463867188,832.3600463867188
1789859567.2954502,1,0,847.1648559570312,763.2708740234375,832.3600463867188,832.3600463867188
1789859567.3067603,1,0,847.1648559570312,763.2708740234375,832.3600463867188,832.3600463867188
1789859567.3176537,1,0,858.6797485351562,768.205810546875,830.715087890625,838.9400024414062
1789859567.328757,1,0,853.7448120117188,771.4957885742188,835.6500244140625,848.8098754882812
1789859567.3399248,1,0,853.7448120117188,771.4957885742188,835.6500244140625,848.8098754882812
1789859567.3508136,1,0,853.7448120117188,771.4957885742188,835.6500244140625,848.8098754882812
1789859567.3618758,1,0,842.2299194335938,763.2708740234375,837.2949829101562,829.070068359375
1789859567.373026,1,0,842.2299194335938,763.2708740234375,837.2949829101562,829.070068359375
1789859567.3840926,1,0,860.32470703125,761.6259155273438,835.6500244140625,843.8749389648438
1789859567.3947873,1,0,860.32470703125,761.6259155273438,835.6500244140625,843.8749389648438
1789859567.405778,1,0,860.32470703125,761.6259155273438,835.6500244140625,843.8749389648438
1789859567.4166083,1,0,860.32470703125,761.6259155273438,835.6500244140625,843.8749389648438
1789859567.428074,1,0,853.7448120117188,768.205810546875,835.6500244140625,840.5849609375
1789859567.4390626,1,0,853.7448120117188,768.205810546875,835.6500244140625,840.5849609375
1789859567.449753,1,0,853.7448120117188,768.205810546875,835.6500244140625,840.5849609375
1789859567.4609869,1,0,853.7448120117188,768.205810546875,835.6500244140625,840.5849609375
1789859567.4720185,1,0,853.7448120117188,768.205810546875,835.6500244140625,840.5849609375
1789859567.483187,1,0,857.0347290039062,776.4307250976562,837.2949829101562,834.0050048828125
1789859567.4938354,1,0,861.9697265625,771.4957885742188,834.0050048828125,853.7448120117188
1789859567.50483,1,0,861.9697265625,771.4957885742188,834.0050048828125,853.7448120117188
1789859567.515352,1,0,861.9697265625,771.4957885742188,834.0050048828125,853.7448120117188
1789859567.5260484,1,0,853.7448120117188,771.4957885742188,838.9400024414062,842.2299194335938
1789859567.5369923,1,0,850.454833984375,774.7857666015625,838.9400024414062,835.6500244140625
1789859567.5480747,1,0,850.454833984375,774.7857666015625,838.9400024414062,835.6500244140625
1789859567.5587347,1,0,850.454833984375,774.7857666015625,838.9400024414062,835.6500244140625
1789859567.5699286,0,0,850.454833984375,774.7857666015625,838.9400024414062,835.6500244140625
1789859567.5808697,0,0,866.9046630859375,776.4307250976562,840.5849609375,848.8098754882812
1789859567.5915585,0,0,866.9046630859375,776.4307250976562,840.5849609375,848.8098754882812
1789859567.6022837,0,0,866.9046630859375,776.4307250976562,840.5849609375,848.8098754882812
1789859567.6128204,0,0,866.9046630859375,776.4307250976562,840.5849609375,848.8098754882812
1789859567.6234932,0,0,857.0347290039062,781.3656616210938,840.5849609375,842.2299194335938
1789859567.6341891,0,0,850.454833984375,792.8805541992188,840.5849609375,837.2949829101562
1789859567.6451163,0,0,850.454833984375,792.8805541992188,840.5849609375,837.2949829101562
1789859567.655826,0,0,850.454833984375,792.8805541992188,840.5849609375,837.2949829101562
1789859567.6665032,0,0,850.454833984375,792.8805541992188,840.5849609375,837.2949829101562
1789859567.6770937,0,0,850.454833984375,792.8805541992188,840.5849609375,837.2949829101562
1789859567.688136,0,0,850.454833984375,792.8805541992188,840.5849609375,837.2949829101562
1789859567.6989286,0,0,861.9697265625,787.945556640625,842.2299194335938,842.2299194335938
1789859567.7100244,0,0,860.32470703125,792.8805541992188,842.2299194335938,855.3897705078125
1789859567.7210815,0,0,855.3897705078125,797.8154907226562,843.8749389648438,850.454833984375
1789859567.7317452,0,0,855.3897705078125,797.8154907226562,843.8749389648438,850.454833984375
1789859567.7425256,0,0,848.8098754882812,796.1704711914062,838.9400024414062,835.6500244140625
1789859567.7536385,0,0,848.8098754882812,796.1704711914062,838.9400024414062,835.6500244140625
1789859567.764308,0,0,848.8098754882812,796.1704711914062,838.9400024414062,835.6500244140625
1789859567.7751734,0,0,848.8098754882812,796.1704711914062,838.9400024414062,835.6500244140625
1789859567.7860687,0,0,848.8098754882812,796.1704711914062,838.9400024414062,835.6500244140625
1789859567.796757,0,0,848.8098754882812,796.1704711914062,838.9400024414062,835.6500244140625
1789859567.807765,0,0,855.3897705078125,797.8154907226562,832.3600463867188,838.9400024414062
1789859567.8191507,0,0,853.7448120117188,804.3953857421875,809.330322265625,814.2652587890625
1789859567.8299692,0,0,855.3897705078125,794.5255126953125,815.9102783203125,832.3600463867188
1789859567.8406656,0,0,855.3897705078125,794.5255126953125,815.9102783203125,832.3600463867188
1789859567.851482,0,0,855.3897705078125,794.5255126953125,815.9102783203125,832.3600463867188
1789859567.8621788,0,0,855.3897705078125,794.5255126953125,815.9102783203125,832.3600463867188
1789859567.8729258,0,0,855.3897705078125,794.5255126953125,815.9102783203125,832.3600463867188
1789859567.8836403,0,0,855.3897705078125,794.5255126953125,815.9102783203125,832.3600463867188
1789859567.894551,0,0,866.9046630859375,792.8805541992188,820.84521484375,842.2299194335938
1789859567.905235,0,0,866.9046630859375,792.8805541992188,820.84521484375,842.2299194335938
1789859567.9160116,0,0,870.194580078125,791.2355346679688,825.7801513671875,852.0997924804688
1789859567.9273055,0,0,847.1648559570312,787.945556640625,837.2949829101562,834.0050048828125
1789859567.9387724,0,0,847.1648559570312,787.945556640625,837.2949829101562,834.0050048828125
1789859567.9495413,0,0,847.1648559570312,787.945556640625,837.2949829101562,834.0050048828125
1789859567.96091,0,0,847.1648559570312,787.945556640625,837.2949829101562,834.0050048828125
1789859567.9724505,0,0,853.7448120117188,794.5255126953125,837.2949829101562,838.9400024414062
1789859567.983578,0,0,868.5496215820312,789.590576171875,837.2949829101562,853.7448120117188
1789859567.9945781,0,0,868.5496215820312,789.590576171875,837.2949829101562,853.7448120117188
1789859568.0053885,0,0,868.5496215820312,789.590576171875,837.2949829101562,853.7448120117188
1789859568.016603,0,0,871.839599609375,792.8805541992188,835.6500244140625,852.0997924804688
1789859568.028182,0,0,863.6146850585938,794.5255126953125,837.2949829101562,838.9400024414062
1789859568.0390112,0,0,863.6146850585938,794.5255126953125,837.2949829101562,838.9400024414062
1789859568.049981,0,0,863.6146850585938,794.5255126953125,837.2949829101562,838.9400024414062
1789859568.0607936,0,0,863.6146850585938,794.5255126953125,837.2949829101562,838.9400024414062
1789859568.0717154,0,0,863.6146850585938,794.5255126953125,837.2949829101562,838.9400024414062
1789859568.083462,0,0,863.6146850585938,794.5255126953125,837.2949829101562,838.9400024414062
1789859568.0944722,0,0,863.6146850585938,794.5255126953125,837.2949829101562,838.9400024414062
1789859568.1055918,0,0,863.6146850585938,794.5255126953125,837.2949829101562,838.9400024414062
1789859568.1165605,0,0,863.6146850585938,794.5255126953125,837.2949829101562,838.9400024414062
1789859568.1276572,0,0,863.6146850585938,794.5255126953125,837.2949829101562,838.9400024414062
1789859568.1388643,0,0,868.5496215820312,791.2355346679688,843.8749389648438,860.32470703125
1789859568.150089,0,0,855.3897705078125,791.2355346679688,827.4251098632812,834.0050048828125
1789859568.161184,0,0,855.3897705078125,791.2355346679688,827.4251098632812,834.0050048828125
1789859568.1727223,0,0,855.3897705078125,791.2355346679688,827.4251098632812,834.0050048828125
1789859568.1837986,0,0,855.3897705078125,791.2355346679688,827.4251098632812,834.0050048828125
1789859568.1950202,0,0,855.3897705078125,791.2355346679688,827.4251098632812,834.0050048828125
1789859568.2062113,0,0,855.3897705078125,791.2355346679688,827.4251098632812,834.0050048828125
1789859568.2171514,0,0,850.454833984375,778.07568359375,827.4251098632812,832.3600463867188
1789859568.227979,0,0,852.0997924804688,791.2355346679688,829.070068359375,824.1351318359375
1789859568.2392795,0,0,852.0997924804688,791.2355346679688,829.070068359375,824.1351318359375
1789859568.2498794,0,0,852.0997924804688,791.2355346679688,829.070068359375,824.1351318359375
1789859568.26096,0,0,845.5198974609375,784.6556396484375,829.070068359375,830.715087890625
1789859568.2720437,0,0,845.5198974609375,784.6556396484375,829.070068359375,830.715087890625
1789859568.2831614,0,0,845.5198974609375,784.6556396484375,829.070068359375,830.715087890625
1789859568.293998,0,0,845.5198974609375,784.6556396484375,829.070068359375,830.715087890625
1789859568.3050156,0,0,863.6146850585938,792.8805541992188,837.2949829101562,845.5198974609375
1789859568.3160667,0,0,863.6146850585938,792.8805541992188,837.2949829101562,845.5198974609375
1789859568.3267434,0,0,863.6146850585938,792.8805541992188,837.2949829101562,845.5198974609375
1789859568.3380134,0,0,863.6146850585938,792.8805541992188,837.2949829101562,845.5198974609375
1789859568.3489082,0,0,863.6146850585938,792.8805541992188,837.2949829101562,845.5198974609375
1789859568.3600483,0,0,843.8749389648438,797.8154907226562,837.2949829101562,840.5849609375
1789859568.371045,0,0,848.8098754882812,802.7504272460938,838.9400024414062,832.3600463867188
1789859568.3816307,0,0,848.8098754882812,802.7504272460938,838.9400024414062,832.3600463867188
1789859568.3925,0,0,848.8098754882812,802.7504272460938,838.9400024414062,832.3600463867188
1789859568.4034834,0,0,861.9697265625,802.7504272460938,835.6500244140625,840.5849609375
1789859568.4143815,0,0,861.9697265625,804.3953857421875,840.5849609375,840.5849609375
1789859568.4251144,0,0,861.9697265625,804.3953857421875,840.5849609375,840.5849609375
1789859568.4362953,0,0,861.9697265625,804.3953857421875,840.5849609375,840.5849609375
1789859568.4468443,0,0,861.9697265625,804.3953857421875,840.5849609375,840.5849609375
1789859568.457657,0,0,861.9697265625,804.3953857421875,840.5849609375,840.5849609375
1789859568.4686856,0,0,850.454833984375,802.7504272460938,835.6500244140625,843.8749389648438
1789859568.4797306,0,0,855.3897705078125,807.6853637695312,837.2949829101562,838.9400024414062
1789859568.4902797,0,0,855.3897705078125,807.6853637695312,837.2949829101562,838.9400024414062
1789859568.5011303,0,0,855.3897705078125,807.6853637695312,837.2949829101562,838.9400024414062
1789859568.5120733,0,0,855.3897705078125,807.6853637695312,837.2949829101562,838.9400024414062
1789859568.5229824,0,0,837.2949829101562,814.2652587890625,843.8749389648438,837.2949829101562
1789859568.5340881,0,0,837.2949829101562,814.2652587890625,843.8749389648438,837.2949829101562
1789859568.5451722,0,0,837.2949829101562,814.2652587890625,843.8749389648438,837.2949829101562
1789859568.5559857,0,0,837.2949829101562,814.2652587890625,843.8749389648438,837.2949829101562
1789859568.566685,0,0,837.2949829101562,814.2652587890625,843.8749389648438,837.2949829101562
1789859568.577419,0,0,837.2949829101562,814.2652587890625,843.8749389648438,837.2949829101562
1789859568.5884058,0,0,837.2949829101562,814.2652587890625,843.8749389648438,837.2949829101562
1789859568.5990608,0,0,837.2949829101562,814.2652587890625,843.8749389648438,837.2949829101562
1789859568.6097362,0,0,837.2949829101562,814.2652587890625,843.8749389648438,837.2949829101562
1789859568.620594,1,0,837.2949829101562,814.2652587890625,843.8749389648438,837.2949829101562
1789859568.6315475,1,0,837.2949829101562,814.2652587890625,843.8749389648438,837.2949829101562
1789859568.6428475,1,0,837.2949829101562,814.2652587890625,843.8749389648438,837.2949829101562
1789859568.6543424,1,0,842.2299194335938,817.5552368164062,835.6500244140625,825.7801513671875
1789859568.665583,1,0,769.850830078125,876.7745361328125,801.1054077148438,708.9865112304688
1789859568.6764655,1,0,783.0106201171875,880.064453125,802.7504272460938,710.6315307617188
1789859568.687216,1,0,783.0106201171875,880.064453125,802.7504272460938,710.6315307617188
1789859568.6979425,1,0,783.0106201171875,880.064453125,802.7504272460938,710.6315307617188
1789859568.7085333,1,0,783.0106201171875,880.064453125,802.7504272460938,710.6315307617188
1789859568.7197413,1,0,783.0106201171875,880.064453125,802.7504272460938,710.6315307617188
1789859568.73062,1,0,783.0106201171875,880.064453125,802.7504272460938,710.6315307617188
1789859568.7412953,1,0,783.0106201171875,880.064453125,802.7504272460938,710.6315307617188
1789859568.7523484,1,0,783.0106201171875,880.064453125,802.7504272460938,710.6315307617188
1789859568.762982,1,0,783.0106201171875,880.064453125,802.7504272460938,710.6315307617188
1789859568.7735157,1,0,783.0106201171875,880.064453125,802.7504272460938,710.6315307617188
1789859568.7842116,1,0,783.0106201171875,880.064453125,802.7504272460938,710.6315307617188
1789859568.794891,1,0,783.0106201171875,880.064453125,802.7504272460938,710.6315307617188
1789859568.8059213,1,0,783.0106201171875,880.064453125,802.7504272460938,710.6315307617188
1789859568.8166316,1,0,774.7857666015625,896.5142822265625,799.46044921875,699.1166381835938
1789859568.8273346,1,0,799.46044921875,878.4194946289062,802.7504272460938,727.081298828125
1789859568.8386762,1,0,857.0347290039062,917.8990478515625,802.7504272460938,792.8805541992188
1789859568.8496192,1,0,855.3897705078125,919.5440063476562,809.330322265625,840.5849609375
1789859568.8602939,1,0,855.3897705078125,919.5440063476562,809.330322265625,840.5849609375
1789859568.8712187,1,0,855.3897705078125,919.5440063476562,809.330322265625,840.5849609375
1789859568.8822258,1,0,855.3897705078125,919.5440063476562,809.330322265625,840.5849609375
1789859568.8928807,1,0,855.3897705078125,919.5440063476562,809.330322265625,840.5849609375
1789859568.903855,1,0,855.3897705078125,919.5440063476562,809.330322265625,840.5849609375
1789859568.9150295,1,0,873.4845581054688,921.18896484375,809.330322265625,857.0347290039062
1789859568.925705,1,0,881.70947265625,889.9343872070312,829.070068359375,870.194580078125
1789859568.9366639,1,0,875.1295166015625,853.7448120117188,840.5849609375,875.1295166015625
1789859568.947663,1,0,875.1295166015625,842.2299194335938,840.5849609375,871.839599609375
1789859568.9583373,1,0,888.2893676757812,783.0106201171875,843.8749389648438,873.4845581054688
1789859568.9695787,1,0,876.7745361328125,778.07568359375,845.5198974609375,870.194580078125
1789859568.980722,1,0,886.6444091796875,766.5608520507812,848.8098754882812,868.5496215820312
1789859568.9918196,1,0,865.2596435546875,768.205810546875,847.1648559570312,855.3897705078125
1789859569.0025346,1,0,865.2596435546875,768.205810546875,847.1648559570312,855.3897705078125
1789859569.013518,1,0,860.32470703125,764.9158325195312,848.8098754882812,858.6797485351562
1789859569.0243728,1,0,863.6146850585938,756.6909790039062,847.1648559570312,865.2596435546875
1789859569.0357275,1,0,863.6146850585938,756.6909790039062,847.1648559570312,865.2596435546875
1789859569.0468342,1,0,863.6146850585938,756.6909790039062,847.1648559570312,865.2596435546875
1789859569.0575304,1,0,863.6146850585938,756.6909790039062,847.1648559570312,865.2596435546875
1789859569.068609,1,0,863.6146850585938,756.6909790039062,847.1648559570312,865.2596435546875
1789859569.079238,1,0,863.6146850585938,756.6909790039062,847.1648559570312,865.2596435546875
1789859569.0903063,1,0,863.6146850585938,756.6909790039062,847.1648559570312,865.2596435546875
1789859569.1011486,1,0,863.6146850585938,756.6909790039062,847.1648559570312,865.2596435546875
1789859569.1118321,1,0,863.6146850585938,756.6909790039062,847.1648559570312,865.2596435546875
1789859569.1224492,1,0,863.6146850585938,756.6909790039062,847.1648559570312,865.2596435546875
1789859569.1329877,1,0,863.6146850585938,756.6909790039062,847.1648559570312,865.2596435546875
1789859569.1438065,1,0,863.6146850585938,756.6909790039062,847.1648559570312,865.2596435546875
1789859569.1551132,1,0,868.5496215820312,764.9158325195312,845.5198974609375,855.3897705078125
1789859569.166107,1,0,865.2596435546875,773.1407470703125,848.8098754882812,866.9046630859375
1789859569.1767645,1,0,865.2596435546875,773.1407470703125,848.8098754882812,866.9046630859375
1789859569.1880257,1,0,863.6146850585938,779.720703125,840.5849609375,857.0347290039062
1789859569.1989782,1,0,809.330322265625,804.3953857421875,796.1704711914062,787.945556640625
1789859569.210138,1,0,809.330322265625,804.3953857421875,796.1704711914062,787.945556640625
1789859569.2210302,1,0,794.5255126953125,815.9102783203125,796.1704711914062,776.4307250976562
1789859569.2322443,1,0,794.5255126953125,960.6685180664062,810.9752807617188,768.205810546875
1789859569.2434123,1,0,794.5255126953125,960.6685180664062,810.9752807617188,768.205810546875
1789859569.2545815,1,0,794.5255126953125,960.6685180664062,810.9752807617188,768.205810546875
1789859569.2652044,1,0,794.5255126953125,960.6685180664062,810.9752807617188,768.205810546875
1789859569.276589,1,0,794.5255126953125,960.6685180664062,810.9752807617188,768.205810546875
1789859569.28751,1,0,794.5255126953125,960.6685180664062,810.9752807617188,768.205810546875
1789859569.2981875,1,0,794.5255126953125,960.6685180664062,810.9752807617188,768.205810546875
1789859569.3091393,1,0,794.5255126953125,960.6685180664062,810.9752807617188,768.205810546875
1789859569.3197806,1,0,794.5255126953125,960.6685180664062,810.9752807617188,768.205810546875
1789859569.3303766,1,0,794.5255126953125,960.6685180664062,810.9752807617188,768.205810546875
1789859569.3413155,1,0,794.5255126953125,960.6685180664062,810.9752807617188,768.205810546875
1789859569.3522596,1,0,715.5664672851562,1625.2406005859375,857.0347290039062,685.956787109375
1789859569.3637388,1,0,751.7560424804688,1598.9208984375,801.1054077148438,707.341552734375
1789859569.3747396,1,0,810.9752807617188,1589.051025390625,829.070068359375,774.7857666015625
1789859569.385691,1,0,810.9752807617188,1589.051025390625,829.070068359375,774.7857666015625
1789859569.3967896,1,0,810.9752807617188,1589.051025390625,829.070068359375,774.7857666015625
1789859569.4078755,1,0,810.9752807617188,1589.051025390625,829.070068359375,774.7857666015625
1789859569.418744,1,0,810.9752807617188,1589.051025390625,829.070068359375,774.7857666015625
1789859569.4294577,1,0,810.9752807617188,1589.051025390625,829.070068359375,774.7857666015625
1789859569.440439,1,0,810.9752807617188,1589.051025390625,829.070068359375,774.7857666015625
1789859569.451591,1,0,857.0347290039062,1595.6309814453125,802.7504272460938,822.4901733398438
1789859569.4629233,1,0,886.6444091796875,1515.02685546875,806.0403442382812,863.6146850585938
1789859569.4740536,1,0,886.6444091796875,1515.02685546875,806.0403442382812,863.6146850585938
1789859569.484846,1,0,886.6444091796875,1515.02685546875,806.0403442382812,863.6146850585938
1789859569.4956052,1,0,886.6444091796875,1515.02685546875,806.0403442382812,863.6146850585938
1789859569.5066524,1,0,886.6444091796875,1515.02685546875,806.0403442382812,863.6146850585938
1789859569.5174124,1,0,886.6444091796875,1515.02685546875,806.0403442382812,863.6146850585938
1789859569.5281417,1,0,886.6444091796875,1515.02685546875,806.0403442382812,863.6146850585938
1789859569.5392551,1,0,886.6444091796875,1515.02685546875,806.0403442382812,863.6146850585938
1789859569.5502672,1,0,886.6444091796875,1515.02685546875,806.0403442382812,863.6146850585938
1789859569.5611007,1,0,820.84521484375,1154.7762451171875,771.4957885742188,792.8805541992188
1789859569.5723152,1,0,863.6146850585938,1087.33203125,822.4901733398438,832.3600463867188
1789859569.583393,1,0,863.6146850585938,1087.33203125,822.4901733398438,832.3600463867188
1789859569.5948305,1,0,787.945556640625,934.3488159179688,774.7857666015625,769.850830078125
1789859569.6056955,1,0,881.70947265625,903.09423828125,834.0050048828125,860.32470703125
1789859569.6164482,1,0,881.70947265625,903.09423828125,834.0050048828125,860.32470703125
1789859569.6274736,1,0,881.70947265625,903.09423828125,834.0050048828125,860.32470703125
1789859569.638145,1,0,881.70947265625,903.09423828125,834.0050048828125,860.32470703125
1789859569.6486309,1,0,881.70947265625,903.09423828125,834.0050048828125,860.32470703125
1789859569.6594918,1,0,919.5440063476562,830.715087890625,876.7745361328125,896.5142822265625
1789859569.6707354,1,0,940.9287719726562,832.3600463867188,891.579345703125,922.833984375
1789859569.6814353,1,0,940.9287719726562,832.3600463867188,891.579345703125,922.833984375
1789859569.6919749,1,0,940.9287719726562,832.3600463867188,891.579345703125,922.833984375
1789859569.7027636,1,0,940.9287719726562,832.3600463867188,891.579345703125,922.833984375
1789859569.7133515,1,0,940.9287719726562,832.3600463867188,891.579345703125,922.833984375
1789859569.7239,1,0,940.9287719726562,832.3600463867188,891.579345703125,922.833984375
1789859569.734574,1,0,940.9287719726562,832.3600463867188,891.579345703125,922.833984375
1789859569.7454703,1,0,940.9287719726562,832.3600463867188,891.579345703125,922.833984375
1789859569.75654,1,0,940.9287719726562,832.3600463867188,891.579345703125,922.833984375
1789859569.7679114,1,0,904.7391967773438,852.0997924804688,861.9697265625,878.4194946289062
1789859569.7790115,1,0,880.064453125,750.1110229492188,853.7448120117188,845.5198974609375
1789859569.790202,1,0,880.064453125,750.1110229492188,853.7448120117188,845.5198974609375
1789859569.80124,1,0,876.7745361328125,799.46044921875,873.4845581054688,860.32470703125
1789859569.8122087,1,0,720.5014038085938,470.4643859863281,986.9882202148438,784.6556396484375
1789859569.8228583,1,0,720.5014038085938,470.4643859863281,986.9882202148438,784.6556396484375
1789859569.8334286,1,0,720.5014038085938,470.4643859863281,986.9882202148438,784.6556396484375
1789859569.844282,1,0,720.5014038085938,470.4643859863281,986.9882202148438,784.6556396484375
1789859569.8552935,1,0,743.5311279296875,422.75994873046875,995.213134765625,792.8805541992188
1789859569.8661172,1,0,733.6612548828125,348.73583984375,990.2781372070312,802.7504272460938
1789859569.8768914,1,0,733.6612548828125,348.73583984375,990.2781372070312,802.7504272460938
1789859569.887711,1,0,855.3897705078125,159.56309509277344,889.9343872070312,909.6741333007812
1789859569.8987389,1,0,876.7745361328125,157.91810607910156,884.9994506835938,896.5142822265625
1789859569.909886,1,0,891.579345703125,192.46270751953125,858.6797485351562,911.319091796875
1789859569.9204748,1,0,891.579345703125,192.46270751953125,858.6797485351562,911.319091796875
1789859569.931213,1,0,891.579345703125,192.46270751953125,858.6797485351562,911.319091796875
1789859569.942127,1,0,891.579345703125,192.46270751953125,858.6797485351562,911.319091796875
1789859569.9530408,1,0,903.09423828125,241.81210327148438,853.7448120117188,924.4789428710938
1789859569.9641032,1,0,916.2540283203125,238.52215576171875,855.3897705078125,931.0588989257812
1789859569.974869,1,0,916.2540283203125,238.52215576171875,855.3897705078125,931.0588989257812
1789859569.9854894,1,0,916.2540283203125,238.52215576171875,855.3897705078125,931.0588989257812
1789859569.9964235,1,0,912.964111328125,289.51654052734375,853.7448120117188,912.964111328125
1789859570.0076857,1,0,908.0291748046875,327.35107421875,853.7448120117188,893.2243041992188
1789859570.0188882,1,0,908.0291748046875,327.35107421875,853.7448120117188,893.2243041992188
1789859570.03018,1,0,908.0291748046875,327.35107421875,853.7448120117188,893.2243041992188
1789859570.0410435,1,0,886.6444091796875,384.9254150390625,853.7448120117188,881.70947265625
1789859570.0519402,1,0,886.6444091796875,384.9254150390625,853.7448120117188,881.70947265625
1789859570.0626967,1,0,886.6444091796875,384.9254150390625,853.7448120117188,881.70947265625
1789859570.0734146,1,0,886.6444091796875,384.9254150390625,853.7448120117188,881.70947265625
1789859570.0844927,1,0,886.6444091796875,384.9254150390625,853.7448120117188,881.70947265625
1789859570.0955882,1,0,886.6444091796875,384.9254150390625,853.7448120117188,881.70947265625
1789859570.10655,1,0,886.6444091796875,384.9254150390625,853.7448120117188,881.70947265625
1789859570.1176522,1,0,886.6444091796875,384.9254150390625,853.7448120117188,881.70947265625
1789859570.1284332,1,0,886.6444091796875,384.9254150390625,853.7448120117188,881.70947265625
1789859570.1394713,1,0,888.2893676757812,465.5294494628906,853.7448120117188,884.9994506835938
1789859570.1510248,1,0,883.3544311523438,455.6595458984375,853.7448120117188,884.9994506835938
1789859570.1624868,1,0,876.7745361328125,559.2933349609375,847.1648559570312,871.839599609375
1789859570.1733706,1,0,873.4845581054688,567.5181884765625,847.1648559570312,870.194580078125
1789859570.1843064,1,0,873.4845581054688,567.5181884765625,847.1648559570312,870.194580078125
1789859570.1951241,1,0,871.839599609375,592.1929321289062,842.2299194335938,865.2596435546875
1789859570.2065,1,0,870.194580078125,603.707763671875,840.5849609375,863.6146850585938
1789859570.2172558,1,0,870.194580078125,603.707763671875,840.5849609375,863.6146850585938
1789859570.2283354,1,0,870.194580078125,603.707763671875,840.5849609375,863.6146850585938
1789859570.239552,1,0,870.194580078125,603.707763671875,840.5849609375,863.6146850585938
1789859570.2504053,1,0,884.9994506835938,634.96240234375,824.1351318359375,850.454833984375
1789859570.261292,1,0,884.9994506835938,634.96240234375,824.1351318359375,850.454833984375
1789859570.2723823,1,0,884.9994506835938,634.96240234375,824.1351318359375,850.454833984375
1789859570.2837777,1,0,884.9994506835938,634.96240234375,824.1351318359375,850.454833984375
1789859570.294769,1,0,884.9994506835938,634.96240234375,824.1351318359375,850.454833984375
1789859570.3062148,1,0,850.454833984375,643.1873168945312,824.1351318359375,843.8749389648438
1789859570.3170273,1,0,850.454833984375,667.8619995117188,824.1351318359375,843.8749389648438
1789859570.3282619,1,0,850.454833984375,667.8619995117188,824.1351318359375,843.8749389648438
1789859570.3392198,1,0,850.454833984375,667.8619995117188,824.1351318359375,843.8749389648438
1789859570.3503122,1,0,850.454833984375,667.8619995117188,824.1351318359375,843.8749389648438
1789859570.36131,1,0,850.454833984375,667.8619995117188,824.1351318359375,843.8749389648438
1789859570.3721433,1,0,850.454833984375,667.8619995117188,824.1351318359375,843.8749389648438
1789859570.3827782,1,0,850.454833984375,667.8619995117188,824.1351318359375,843.8749389648438
1789859570.3937812,1,0,850.454833984375,667.8619995117188,824.1351318359375,843.8749389648438
1789859570.4044497,1,0,850.454833984375,667.8619995117188,824.1351318359375,843.8749389648438
1789859570.4152703,1,0,850.454833984375,667.8619995117188,824.1351318359375,843.8749389648438
1789859570.4263833,1,0,850.454833984375,667.8619995117188,824.1351318359375,843.8749389648438
1789859570.4374099,1,0,850.454833984375,667.8619995117188,824.1351318359375,843.8749389648438
1789859570.4481924,1,0,850.454833984375,667.8619995117188,824.1351318359375,843.8749389648438
1789859570.4593484,1,0,860.32470703125,695.82666015625,835.6500244140625,850.454833984375
1789859570.47042,1,0,860.32470703125,695.82666015625,835.6500244140625,850.454833984375
1789859570.4812608,1,0,860.32470703125,695.82666015625,835.6500244140625,850.454833984375
1789859570.4920728,1,0,842.2299194335938,702.4066162109375,832.3600463867188,835.6500244140625
1789859570.5028522,1,0,842.2299194335938,702.4066162109375,832.3600463867188,835.6500244140625
1789859570.5138757,1,0,860.32470703125,707.341552734375,837.2949829101562,843.8749389648438
1789859570.5247014,1,0,860.32470703125,707.341552734375,837.2949829101562,843.8749389648438
1789859570.5354414,1,0,860.32470703125,707.341552734375,837.2949829101562,843.8749389648438
1789859570.546144,1,0,860.32470703125,707.341552734375,837.2949829101562,843.8749389648438
1789859570.5574086,1,0,858.6797485351562,725.4363403320312,837.2949829101562,847.1648559570312
1789859570.5684097,1,0,848.8098754882812,738.59619140625,837.2949829101562,840.5849609375
1789859570.579508,1,0,848.8098754882812,738.59619140625,837.2949829101562,840.5849609375
1789859570.5905435,1,0,848.8098754882812,738.59619140625,837.2949829101562,840.5849609375
1789859570.6013834,1,0,848.8098754882812,738.59619140625,837.2949829101562,840.5849609375
1789859570.612709,1,0,868.5496215820312,746.8211059570312,840.5849609375,850.454833984375
1789859570.6237164,1,0,860.32470703125,755.0459594726562,837.2949829101562,845.5198974609375
1789859570.6349475,1,0,852.0997924804688,751.7560424804688,837.2949829101562,843.8749389648438
1789859570.6461902,1,0,852.0997924804688,751.7560424804688,837.2949829101562,843.8749389648438
1789859570.657158,1,0,852.0997924804688,751.7560424804688,837.2949829101562,843.8749389648438
1789859570.667876,1,0,852.0997924804688,751.7560424804688,837.2949829101562,843.8749389648438
1789859570.6791327,1,0,842.2299194335938,756.6909790039062,835.6500244140625,843.8749389648438
1789859570.6903949,1,0,842.2299194335938,756.6909790039062,835.6500244140625,843.8749389648438
1789859570.7010775,1,0,870.194580078125,764.9158325195312,832.3600463867188,842.2299194335938
1789859570.71183,1,0,870.194580078125,764.9158325195312,832.3600463867188,842.2299194335938
1789859570.722686,1,0,870.194580078125,764.9158325195312,832.3600463867188,842.2299194335938
1789859570.7333865,1,0,870.194580078125,764.9158325195312,832.3600463867188,842.2299194335938
1789859570.7440872,1,0,853.7448120117188,764.9158325195312,834.0050048828125,845.5198974609375
1789859570.7553747,1,0,847.1648559570312,771.4957885742188,837.2949829101562,840.5849609375
1789859570.7666101,1,0,847.1648559570312,771.4957885742188,837.2949829101562,840.5849609375
1789859570.7778597,1,0,847.1648559570312,771.4957885742188,837.2949829101562,840.5849609375
1789859570.788798,1,0,847.1648559570312,771.4957885742188,837.2949829101562,840.5849609375
1789859570.7997496,1,0,847.1648559570312,771.4957885742188,837.2949829101562,840.5849609375
1789859570.810913,1,0,847.1648559570312,771.4957885742188,837.2949829101562,840.5849609375
1789859570.822,1,0,845.5198974609375,783.0106201171875,842.2299194335938,848.8098754882812
1789859570.8334181,1,0,845.5198974609375,783.0106201171875,842.2299194335938,848.8098754882812
1789859570.8445709,1,0,845.5198974609375,783.0106201171875,842.2299194335938,848.8098754882812
1789859570.8552563,1,0,845.5198974609375,783.0106201171875,842.2299194335938,848.8098754882812
1789859570.8663685,1,0,845.5198974609375,783.0106201171875,842.2299194335938,848.8098754882812
1789859570.8775272,1,0,853.7448120117188,783.0106201171875,840.5849609375,847.1648559570312
1789859570.889038,1,0,847.1648559570312,781.3656616210938,840.5849609375,837.2949829101562
1789859570.8998232,1,0,847.1648559570312,781.3656616210938,840.5849609375,837.2949829101562
1789859570.9106314,1,0,847.1648559570312,781.3656616210938,840.5849609375,837.2949829101562
1789859570.9218059,1,0,847.1648559570312,781.3656616210938,840.5849609375,837.2949829101562
1789859570.9328804,1,0,863.6146850585938,778.07568359375,832.3600463867188,842.2299194335938
1789859570.9437804,1,0,863.6146850585938,778.07568359375,832.3600463867188,842.2299194335938
1789859570.9546099,1,0,863.6146850585938,778.07568359375,832.3600463867188,842.2299194335938
1789859570.9654937,1,0,863.6146850585938,778.07568359375,832.3600463867188,842.2299194335938
1789859570.976928,1,0,863.6146850585938,778.07568359375,832.3600463867188,842.2299194335938
1789859570.9884758,1,0,876.7745361328125,773.1407470703125,840.5849609375,853.7448120117188
1789859570.9993482,1,0,855.3897705078125,783.0106201171875,837.2949829101562,835.6500244140625
1789859571.0101306,1,0,855.3897705078125,783.0106201171875,837.2949829101562,835.6500244140625
1789859571.0210147,1,0,855.3897705078125,783.0106201171875,837.2949829101562,835.6500244140625
1789859571.0316687,1,0,855.3897705078125,783.0106201171875,837.2949829101562,835.6500244140625
1789859571.0426583,1,0,855.3897705078125,783.0106201171875,837.2949829101562,835.6500244140625
1789859571.0533545,0,0,855.3897705078125,792.8805541992188,840.5849609375,847.1648559570312
1789859571.0644574,0,0,855.3897705078125,792.8805541992188,840.5849609375,847.1648559570312
1789859571.0754883,0,0,855.3897705078125,792.8805541992188,840.5849609375,847.1648559570312
1789859571.0863373,0,0,855.3897705078125,792.8805541992188,840.5849609375,847.1648559570312
1789859571.096924,0,0,855.3897705078125,792.8805541992188,840.5849609375,847.1648559570312
1789859571.107766,0,0,855.3897705078125,792.8805541992188,840.5849609375,847.1648559570312
1789859571.1184764,0,0,855.3897705078125,792.8805541992188,840.5849609375,847.1648559570312
1789859571.12936,0,0,855.3897705078125,792.8805541992188,840.5849609375,847.1648559570312
1789859571.1403513,0,0,855.3897705078125,792.8805541992188,840.5849609375,847.1648559570312
1789859571.1513517,0,0,855.3897705078125,792.8805541992188,840.5849609375,847.1648559570312
1789859571.162209,0,0,855.3897705078125,792.8805541992188,840.5849609375,847.1648559570312
1789859571.1727946,0,0,855.3897705078125,792.8805541992188,840.5849609375,847.1648559570312
1789859571.1835356,0,0,855.3897705078125,792.8805541992188,840.5849609375,847.1648559570312
1789859571.1945097,0,0,855.3897705078125,792.8805541992188,840.5849609375,847.1648559570312
1789859571.2053754,0,0,863.6146850585938,787.945556640625,842.2299194335938,855.3897705078125
1789859571.2162578,0,0,853.7448120117188,797.8154907226562,837.2949829101562,835.6500244140625
1789859571.227825,0,0,855.3897705078125,792.8805541992188,840.5849609375,842.2299194335938
1789859571.2388475,0,0,875.1295166015625,786.3005981445312,842.2299194335938,845.5198974609375
1789859571.249793,0,0,860.32470703125,806.0403442382812,840.5849609375,843.8749389648438
1789859571.2606244,0,0,860.32470703125,806.0403442382812,840.5849609375,843.8749389648438
1789859571.2714698,0,0,860.32470703125,806.0403442382812,840.5849609375,843.8749389648438
1789859571.2827082,0,0,860.32470703125,806.0403442382812,840.5849609375,843.8749389648438
1789859571.2933939,0,0,860.32470703125,806.0403442382812,840.5849609375,843.8749389648438
1789859571.3046522,0,0,860.32470703125,806.0403442382812,840.5849609375,843.8749389648438
1789859571.315823,0,0,860.32470703125,806.0403442382812,840.5849609375,843.8749389648438
1789859571.3265781,0,0,858.6797485351562,802.7504272460938,838.9400024414062,842.2299194335938
1789859571.3376803,0,0,847.1648559570312,807.6853637695312,842.2299194335938,842.2299194335938
1789859571.3487294,0,0,858.6797485351562,807.6853637695312,838.9400024414062,829.070068359375
1789859571.3597338,0,0,847.1648559570312,817.5552368164062,838.9400024414062,843.8749389648438
1789859571.370908,0,0,847.1648559570312,817.5552368164062,838.9400024414062,843.8749389648438
1789859571.381601,0,0,847.1648559570312,817.5552368164062,838.9400024414062,843.8749389648438
1789859571.3922846,0,0,847.1648559570312,817.5552368164062,838.9400024414062,843.8749389648438
1789859571.4031568,0,0,847.1648559570312,817.5552368164062,838.9400024414062,843.8749389648438
1789859571.4139202,0,0,847.1648559570312,817.5552368164062,838.9400024414062,843.8749389648438
1789859571.4252932,0,0,847.1648559570312,817.5552368164062,838.9400024414062,843.8749389648438
1789859571.4363723,0,0,847.1648559570312,817.5552368164062,838.9400024414062,843.8749389648438
1789859571.4472375,0,0,848.8098754882812,819.2001953125,830.715087890625,835.6500244140625
1789859571.4579496,0,0,855.3897705078125,802.7504272460938,822.4901733398438,835.6500244140625
1789859571.4688103,0,0,835.6500244140625,804.3953857421875,820.84521484375,827.4251098632812
1789859571.4798882,0,0,845.5198974609375,804.3953857421875,820.84521484375,829.070068359375
1789859571.4910161,0,0,845.5198974609375,804.3953857421875,824.1351318359375,832.3600463867188
1789859571.5017612,0,0,845.5198974609375,804.3953857421875,824.1351318359375,832.3600463867188
1789859571.5123267,0,0,845.5198974609375,804.3953857421875,824.1351318359375,832.3600463867188
1789859571.5229378,0,0,845.5198974609375,804.3953857421875,824.1351318359375,832.3600463867188
1789859571.5339608,0,0,845.5198974609375,804.3953857421875,824.1351318359375,832.3600463867188
1789859571.5446239,0,0,845.5198974609375,804.3953857421875,824.1351318359375,832.3600463867188
1789859571.5556283,0,0,845.5198974609375,804.3953857421875,824.1351318359375,832.3600463867188
1789859571.566351,0,0,845.5198974609375,809.330322265625,822.4901733398438,829.070068359375
1789859571.5774527,0,0,853.7448120117188,806.0403442382812,822.4901733398438,835.6500244140625
1789859571.5883396,0,0,853.7448120117188,806.0403442382812,822.4901733398438,835.6500244140625
1789859571.5992935,0,0,857.0347290039062,817.5552368164062,827.4251098632812,842.2299194335938
1789859571.6104188,0,0,857.0347290039062,817.5552368164062,827.4251098632812,842.2299194335938
1789859571.6211708,0,0,857.0347290039062,817.5552368164062,827.4251098632812,842.2299194335938
1789859571.6321647,0,0,857.0347290039062,817.5552368164062,827.4251098632812,842.2299194335938
1789859571.6429772,0,0,857.0347290039062,817.5552368164062,827.4251098632812,842.2299194335938
1789859571.654425,0,0,853.7448120117188,822.4901733398438,819.2001953125,829.070068359375
1789859571.6654615,0,0,847.1648559570312,817.5552368164062,819.2001953125,817.5552368164062
1789859571.6762369,0,0,847.1648559570312,817.5552368164062,819.2001953125,817.5552368164062
1789859571.686932,0,0,847.1648559570312,817.5552368164062,819.2001953125,817.5552368164062
1789859571.6976962,0,0,847.1648559570312,817.5552368164062,819.2001953125,817.5552368164062
1789859571.7085798,0,0,847.1648559570312,817.5552368164062,819.2001953125,817.5552368164062
1789859571.719437,0,0,847.1648559570312,817.5552368164062,819.2001953125,817.5552368164062
1789859571.7303407,0,0,847.1648559570312,817.5552368164062,819.2001953125,817.5552368164062
1789859571.7411668,0,0,847.1648559570312,817.5552368164062,819.2001953125,817.5552368164062
1789859571.751805,0,0,847.1648559570312,817.5552368164062,819.2001953125,817.5552368164062
1789859571.7625525,0,0,847.1648559570312,817.5552368164062,819.2001953125,817.5552368164062
1789859571.7742093,0,0,847.1648559570312,817.5552368164062,819.2001953125,817.5552368164062
1789859571.7854917,0,0,822.4901733398438,835.6500244140625,837.2949829101562,812.6203002929688
1789859571.7963908,0,0,822.4901733398438,835.6500244140625,837.2949829101562,812.6203002929688
1789859571.807397,0,0,685.956787109375,825.7801513671875,954.088623046875,728.726318359375
1789859571.8185873,0,0,704.0515747070312,817.5552368164062,978.7633056640625,746.8211059570312
1789859571.8295064,0,0,704.0515747070312,817.5552368164062,978.7633056640625,746.8211059570312
1789859571.8405807,0,0,774.7857666015625,797.8154907226562,944.2186889648438,817.5552368164062
1789859571.8512259,0,0,774.7857666015625,797.8154907226562,944.2186889648438,817.5552368164062
1789859571.8618624,0,0,774.7857666015625,797.8154907226562,944.2186889648438,817.5552368164062
1789859571.8729568,0,0,884.9994506835938,794.5255126953125,878.4194946289062,901.44921875
1789859571.883751,0,0,884.9994506835938,794.5255126953125,878.4194946289062,901.44921875
1789859571.8947544,0,0,884.9994506835938,794.5255126953125,878.4194946289062,901.44921875
1789859571.905789,0,0,884.9994506835938,794.5255126953125,878.4194946289062,901.44921875
1789859571.9168942,0,0,884.9994506835938,794.5255126953125,878.4194946289062,901.44921875
1789859571.92806,0,0,899.8042602539062,789.590576171875,878.4194946289062,911.319091796875
1789859571.9389029,1,0,899.8042602539062,789.590576171875,878.4194946289062,911.319091796875
1789859571.9496822,1,0,899.8042602539062,789.590576171875,878.4194946289062,911.319091796875
1789859571.9604452,1,0,899.8042602539062,789.590576171875,878.4194946289062,911.319091796875
1789859571.971408,1,0,899.8042602539062,789.590576171875,878.4194946289062,911.319091796875
1789859571.9819825,1,0,899.8042602539062,789.590576171875,878.4194946289062,911.319091796875
1789859571.993147,1,0,898.1592407226562,801.1054077148438,822.4901733398438,893.2243041992188
1789859572.0042772,1,0,904.7391967773438,796.1704711914062,814.2652587890625,888.2893676757812
1789859572.014952,1,0,904.7391967773438,796.1704711914062,814.2652587890625,888.2893676757812
1789859572.0255296,1,0,904.7391967773438,796.1704711914062,814.2652587890625,888.2893676757812
1789859572.0373902,1,0,904.7391967773438,796.1704711914062,814.2652587890625,888.2893676757812
1789859572.0485165,1,0,904.7391967773438,796.1704711914062,814.2652587890625,888.2893676757812
1789859572.0596638,1,0,891.579345703125,810.9752807617188,807.6853637695312,873.4845581054688
1789859572.0707893,1,0,891.579345703125,810.9752807617188,807.6853637695312,873.4845581054688
1789859572.0813174,1,0,891.579345703125,810.9752807617188,807.6853637695312,873.4845581054688
1789859572.092306,1,0,891.579345703125,810.9752807617188,807.6853637695312,873.4845581054688
1789859572.103343,1,0,891.579345703125,810.9752807617188,807.6853637695312,873.4845581054688
1789859572.1146631,1,0,896.5142822265625,797.8154907226562,814.2652587890625,861.9697265625
1789859572.1255426,1,0,896.5142822265625,797.8154907226562,814.2652587890625,861.9697265625
1789859572.1362717,1,0,896.5142822265625,797.8154907226562,814.2652587890625,861.9697265625
1789859572.1470382,1,0,896.5142822265625,797.8154907226562,814.2652587890625,861.9697265625
1789859572.1580071,1,0,880.064453125,796.1704711914062,814.2652587890625,840.5849609375
1789859572.1688292,1,0,881.70947265625,789.590576171875,820.84521484375,840.5849609375
1789859572.179688,1,0,881.70947265625,789.590576171875,820.84521484375,840.5849609375
1789859572.190715,1,0,881.70947265625,789.590576171875,820.84521484375,840.5849609375
1789859572.2014115,1,0,881.70947265625,789.590576171875,820.84521484375,840.5849609375
1789859572.2124195,1,0,881.70947265625,789.590576171875,820.84521484375,840.5849609375
1789859572.223093,1,0,868.5496215820312,779.720703125,824.1351318359375,863.6146850585938
1789859572.2339633,1,0,868.5496215820312,779.720703125,824.1351318359375,863.6146850585938
1789859572.2451236,1,0,868.5496215820312,779.720703125,824.1351318359375,863.6146850585938
1789859572.2557206,1,0,866.9046630859375,786.3005981445312,827.4251098632812,829.070068359375
1789859572.2667036,1,0,861.9697265625,791.2355346679688,827.4251098632812,834.0050048828125
1789859572.2780242,1,0,861.9697265625,791.2355346679688,827.4251098632812,834.0050048828125
1789859572.2894063,1,0,861.9697265625,791.2355346679688,827.4251098632812,834.0050048828125
1789859572.3007917,1,0,861.9697265625,791.2355346679688,827.4251098632812,834.0050048828125
1789859572.3117883,1,0,861.9697265625,791.2355346679688,827.4251098632812,834.0050048828125
1789859572.3228748,1,0,861.9697265625,791.2355346679688,827.4251098632812,834.0050048828125
1789859572.3339481,1,0,861.9697265625,791.2355346679688,827.4251098632812,834.0050048828125
1789859572.3446302,1,0,861.9697265625,791.2355346679688,827.4251098632812,834.0050048828125
1789859572.3559089,1,0,861.9697265625,791.2355346679688,827.4251098632812,834.0050048828125
1789859572.3669128,1,0,861.9697265625,791.2355346679688,827.4251098632812,834.0050048828125
1789859572.3782015,1,0,861.9697265625,791.2355346679688,827.4251098632812,834.0050048828125
1789859572.3892653,1,0,866.9046630859375,789.590576171875,834.0050048828125,845.5198974609375
1789859572.4002354,1,0,875.1295166015625,789.590576171875,827.4251098632812,834.0050048828125
1789859572.411012,1,0,875.1295166015625,789.590576171875,827.4251098632812,834.0050048828125
1789859572.4220483,1,0,875.1295166015625,789.590576171875,827.4251098632812,834.0050048828125
1789859572.4335,1,0,875.1295166015625,789.590576171875,827.4251098632812,834.0050048828125
1789859572.4445193,1,0,875.1295166015625,789.590576171875,827.4251098632812,834.0050048828125
1789859572.4556565,1,0,875.1295166015625,789.590576171875,827.4251098632812,834.0050048828125
1789859572.466781,1,0,875.1295166015625,789.590576171875,827.4251098632812,834.0050048828125
1789859572.4778767,1,0,875.1295166015625,789.590576171875,827.4251098632812,834.0050048828125
1789859572.4889936,1,0,875.1295166015625,789.590576171875,827.4251098632812,834.0050048828125
1789859572.5001073,1,0,875.1295166015625,789.590576171875,827.4251098632812,834.0050048828125
1789859572.511768,1,0,875.1295166015625,789.590576171875,827.4251098632812,834.0050048828125
1789859572.5230775,1,0,875.1295166015625,789.590576171875,827.4251098632812,834.0050048828125
1789859572.534198,1,0,875.1295166015625,789.590576171875,827.4251098632812,834.0050048828125
1789859572.5454702,1,0,875.1295166015625,789.590576171875,827.4251098632812,834.0050048828125
1789859572.5567255,1,0,858.6797485351562,794.5255126953125,817.5552368164062,825.7801513671875
1789859572.56763,1,0,870.194580078125,789.590576171875,819.2001953125,830.715087890625
1789859572.578831,1,0,870.194580078125,789.590576171875,819.2001953125,830.715087890625
1789859572.589933,1,0,866.9046630859375,792.8805541992188,830.715087890625,852.0997924804688
1789859572.600696,1,0,860.32470703125,794.5255126953125,829.070068359375,835.6500244140625
1789859572.6117058,1,0,860.32470703125,794.5255126953125,829.070068359375,835.6500244140625
1789859572.6222694,1,0,860.32470703125,794.5255126953125,829.070068359375,835.6500244140625
1789859572.6328964,1,0,860.32470703125,794.5255126953125,829.070068359375,835.6500244140625
1789859572.6439865,1,0,865.2596435546875,792.8805541992188,827.4251098632812,834.0050048828125
1789859572.6551082,1,0,857.0347290039062,801.1054077148438,829.070068359375,853.7448120117188
1789859572.665665,1,0,857.0347290039062,801.1054077148438,829.070068359375,853.7448120117188
1789859572.6766963,1,0,857.0347290039062,801.1054077148438,829.070068359375,853.7448120117188
1789859572.6878376,1,0,857.0347290039062,801.1054077148438,829.070068359375,853.7448120117188
1789859572.6984375,1,0,860.32470703125,799.46044921875,832.3600463867188,843.8749389648438
1789859572.7096941,1,0,861.9697265625,797.8154907226562,827.4251098632812,815.9102783203125
1789859572.720955,1,0,861.9697265625,797.8154907226562,827.4251098632812,815.9102783203125
1789859572.7314734,1,0,861.9697265625,797.8154907226562,827.4251098632812,815.9102783203125
1789859572.742382,1,0,861.9697265625,797.8154907226562,827.4251098632812,815.9102783203125
1789859572.7533045,1,0,861.9697265625,797.8154907226562,827.4251098632812,815.9102783203125
1789859572.764496,1,0,809.330322265625,807.6853637695312,804.3953857421875,792.8805541992188
1789859572.7755828,1,0,809.330322265625,807.6853637695312,804.3953857421875,792.8805541992188
1789859572.7867515,1,0,822.4901733398438,824.1351318359375,814.2652587890625,819.2001953125
1789859572.797766,1,0,769.850830078125,1014.952880859375,797.8154907226562,753.4010009765625
1789859572.8089902,1,0,789.590576171875,1084.0419921875,817.5552368164062,776.4307250976562
1789859572.8198414,1,0,789.590576171875,1084.0419921875,817.5552368164062,776.4307250976562
1789859572.8304133,1,0,789.590576171875,1084.0419921875,817.5552368164062,776.4307250976562
1789859572.8409712,1,0,789.590576171875,1084.0419921875,817.5552368164062,776.4307250976562
1789859572.851673,1,0,789.590576171875,1084.0419921875,817.5552368164062,776.4307250976562
1789859572.862968,1,0,797.8154907226562,1149.84130859375,824.1351318359375,746.8211059570312
1789859572.8739934,1,0,814.2652587890625,1360.3988037109375,850.454833984375,778.07568359375
1789859572.8846722,1,0,814.2652587890625,1360.3988037109375,850.454833984375,778.07568359375
1789859572.8956451,1,0,814.2652587890625,1360.3988037109375,850.454833984375,778.07568359375
1789859572.9065194,1,0,814.2652587890625,1360.3988037109375,850.454833984375,778.07568359375
1789859572.9176188,1,0,814.2652587890625,1360.3988037109375,850.454833984375,778.07568359375
1789859572.9286048,1,0,858.6797485351562,1557.79638671875,863.6146850585938,796.1704711914062
1789859572.9396515,1,0,796.1704711914062,1574.2462158203125,799.46044921875,764.9158325195312
1789859572.9509776,1,0,796.1704711914062,1574.2462158203125,799.46044921875,764.9158325195312
1789859572.9616723,1,0,796.1704711914062,1574.2462158203125,799.46044921875,764.9158325195312
1789859572.9726212,1,0,796.1704711914062,1574.2462158203125,799.46044921875,764.9158325195312
1789859572.9834628,1,0,796.1704711914062,1574.2462158203125,799.46044921875,764.9158325195312
1789859572.994129,1,0,796.1704711914062,1574.2462158203125,799.46044921875,764.9158325195312
1789859573.005249,1,0,799.46044921875,1449.2276611328125,751.7560424804688,740.2411499023438
1789859573.0161002,1,0,773.1407470703125,1370.2686767578125,751.7560424804688,687.601806640625
1789859573.0271091,1,0,773.1407470703125,1370.2686767578125,751.7560424804688,687.601806640625
1789859573.0380905,1,0,773.1407470703125,1370.2686767578125,751.7560424804688,687.601806640625
1789859573.0491443,1,0,825.7801513671875,1251.830078125,843.8749389648438,687.601806640625
1789859573.060097,1,0,825.7801513671875,1251.830078125,843.8749389648438,687.601806640625
1789859573.070997,1,0,904.7391967773438,1304.4693603515625,896.5142822265625,792.8805541992188
1789859573.08165,1,0,904.7391967773438,1304.4693603515625,896.5142822265625,792.8805541992188
1789859573.0927784,1,0,904.7391967773438,1304.4693603515625,896.5142822265625,792.8805541992188
1789859573.1038282,1,0,904.7391967773438,1304.4693603515625,896.5142822265625,792.8805541992188
1789859573.1147747,1,0,878.4194946289062,1436.06787109375,817.5552368164062,687.601806640625
1789859573.1255603,1,0,806.0403442382812,1595.6309814453125,715.5664672851562,621.8025512695312
1789859573.136539,1,0,806.0403442382812,1595.6309814453125,715.5664672851562,621.8025512695312
1789859573.147199,1,0,806.0403442382812,1595.6309814453125,715.5664672851562,621.8025512695312
1789859573.1581771,1,0,806.0403442382812,1595.6309814453125,715.5664672851562,621.8025512695312
1789859573.1691337,1,0,806.0403442382812,1595.6309814453125,715.5664672851562,621.8025512695312
1789859573.1797392,1,0,806.0403442382812,1595.6309814453125,715.5664672851562,621.8025512695312
1789859573.1904883,1,0,806.0403442382812,1595.6309814453125,715.5664672851562,621.8025512695312
1789859573.2013304,1,0,806.0403442382812,1595.6309814453125,715.5664672851562,621.8025512695312
1789859573.2122,1,0,806.0403442382812,1595.6309814453125,715.5664672851562,621.8025512695312
1789859573.2233336,1,0,932.703857421875,1133.3914794921875,830.715087890625,783.0106201171875
1789859573.234583,1,0,932.703857421875,1133.3914794921875,830.715087890625,783.0106201171875
1789859573.2457697,1,0,931.0588989257812,1084.0419921875,825.7801513671875,809.330322265625
1789859573.2565522,1,0,931.0588989257812,1084.0419921875,825.7801513671875,809.330322265625
1789859573.2673736,1,0,931.0588989257812,1084.0419921875,825.7801513671875,809.330322265625
1789859573.2783644,1,0,921.18896484375,822.4901733398438,888.2893676757812,893.2243041992188
1789859573.2894435,1,0,922.833984375,697.4716796875,871.839599609375,904.7391967773438
1789859573.3000722,1,0,922.833984375,697.4716796875,871.839599609375,904.7391967773438
1789859573.3109143,1,0,922.833984375,697.4716796875,871.839599609375,904.7391967773438
1789859573.3218415,1,0,922.833984375,697.4716796875,871.839599609375,904.7391967773438
1789859573.3326561,1,0,916.2540283203125,677.7318725585938,873.4845581054688,908.0291748046875
1789859573.3439445,1,0,903.09423828125,427.69488525390625,847.1648559570312,873.4845581054688
1789859573.3552523,1,0,903.09423828125,427.69488525390625,847.1648559570312,873.4845581054688
1789859573.366053,1,0,891.579345703125,355.3157653808594,842.2299194335938,883.3544311523438
1789859573.376622,1,0,891.579345703125,355.3157653808594,842.2299194335938,883.3544311523438
1789859573.3874006,1,0,891.579345703125,355.3157653808594,842.2299194335938,883.3544311523438
1789859573.398286,1,0,891.579345703125,355.3157653808594,842.2299194335938,883.3544311523438
1789859573.4088762,1,0,898.1592407226562,169.43296813964844,838.9400024414062,886.6444091796875
1789859573.420004,1,0,899.8042602539062,276.356689453125,847.1648559570312,896.5142822265625
1789859573.4308875,1,0,899.8042602539062,276.356689453125,847.1648559570312,896.5142822265625
1789859573.4415557,1,0,899.8042602539062,276.356689453125,847.1648559570312,896.5142822265625
1789859573.4521272,1,0,899.8042602539062,276.356689453125,847.1648559570312,896.5142822265625
1789859573.4627278,1,0,899.8042602539062,276.356689453125,847.1648559570312,896.5142822265625
1789859573.4738445,1,0,899.8042602539062,276.356689453125,847.1648559570312,896.5142822265625
1789859573.4850438,1,0,903.09423828125,284.58160400390625,847.1648559570312,881.70947265625
1789859573.496021,1,0,901.44921875,294.45147705078125,847.1648559570312,886.6444091796875
1789859573.507264,1,0,901.44921875,304.32135009765625,847.1648559570312,893.2243041992188
1789859573.5180597,1,0,901.44921875,304.32135009765625,847.1648559570312,893.2243041992188
1789859573.5291445,1,0,901.44921875,304.32135009765625,847.1648559570312,893.2243041992188
1789859573.540099,1,0,889.9343872070312,411.2450866699219,842.2299194335938,881.70947265625
1789859573.550845,1,0,889.9343872070312,411.2450866699219,842.2299194335938,881.70947265625
1789859573.5615888,1,0,889.9343872070312,411.2450866699219,842.2299194335938,881.70947265625
1789859573.5725238,1,0,889.9343872070312,411.2450866699219,842.2299194335938,881.70947265625
1789859573.5830784,1,0,889.9343872070312,411.2450866699219,842.2299194335938,881.70947265625
1789859573.5944118,1,0,889.9343872070312,411.2450866699219,842.2299194335938,881.70947265625
1789859573.6056101,1,0,889.9343872070312,411.2450866699219,842.2299194335938,881.70947265625
1789859573.6166427,1,0,896.5142822265625,475.3993225097656,838.9400024414062,868.5496215820312
1789859573.6281512,1,0,888.2893676757812,508.2989196777344,847.1648559570312,855.3897705078125
1789859573.6388736,1,0,876.7745361328125,523.103759765625,835.6500244140625,863.6146850585938
1789859573.6497972,1,0,850.454833984375,697.4716796875,835.6500244140625,850.454833984375
1789859573.6611423,1,0,855.3897705078125,718.8563842773438,835.6500244140625,825.7801513671875
1789859573.6724377,1,0,855.3897705078125,718.8563842773438,835.6500244140625,825.7801513671875
1789859573.6834135,1,0,861.9697265625,771.4957885742188,840.5849609375,843.8749389648438
1789859573.694013,1,0,861.9697265625,771.4957885742188,840.5849609375,843.8749389648438
1789859573.7049918,1,0,861.9697265625,771.4957885742188,840.5849609375,843.8749389648438
1789859573.715492,1,0,865.2596435546875,787.945556640625,837.2949829101562,845.5198974609375
1789859573.72675,1,0,866.9046630859375,809.330322265625,835.6500244140625,843.8749389648438
1789859573.7380953,1,0,866.9046630859375,809.330322265625,835.6500244140625,843.8749389648438
1789859573.7486105,1,0,866.9046630859375,809.330322265625,835.6500244140625,843.8749389648438
1789859573.759668,1,0,866.9046630859375,809.330322265625,835.6500244140625,843.8749389648438
1789859573.7703776,1,0,866.9046630859375,809.330322265625,835.6500244140625,843.8749389648438
1789859573.7811487,1,0,866.9046630859375,809.330322265625,835.6500244140625,843.8749389648438
1789859573.7920425,1,0,866.9046630859375,809.330322265625,835.6500244140625,843.8749389648438
1789859573.8028555,1,0,868.5496215820312,819.2001953125,838.9400024414062,852.0997924804688
1789859573.8136659,1,0,857.0347290039062,822.4901733398438,835.6500244140625,842.2299194335938
1789859573.8244748,1,0,863.6146850585938,825.7801513671875,838.9400024414062,837.2949829101562
1789859573.8355947,1,0,863.6146850585938,825.7801513671875,838.9400024414062,837.2949829101562
1789859573.8463879,1,0,863.6146850585938,825.7801513671875,838.9400024414062,837.2949829101562
1789859573.857242,1,0,863.6146850585938,825.7801513671875,838.9400024414062,837.2949829101562
1789859573.8679183,1,0,863.6146850585938,825.7801513671875,838.9400024414062,837.2949829101562
1789859573.8786247,1,0,863.6146850585938,825.7801513671875,838.9400024414062,837.2949829101562
1789859573.8896222,1,0,863.6146850585938,825.7801513671875,838.9400024414062,837.2949829101562
1789859573.9002647,1,0,863.6146850585938,825.7801513671875,838.9400024414062,837.2949829101562
1789859573.9113111,1,0,863.6146850585938,825.7801513671875,838.9400024414062,837.2949829101562
1789859573.9222758,1,0,863.6146850585938,825.7801513671875,838.9400024414062,837.2949829101562
1789859573.9329762,1,0,863.6146850585938,825.7801513671875,838.9400024414062,837.2949829101562
1789859573.9434927,1,0,863.6146850585938,825.7801513671875,838.9400024414062,837.2949829101562
1789859573.9541721,1,0,866.9046630859375,732.0162353515625,835.6500244140625,840.5849609375
1789859573.9648793,1,0,857.0347290039062,758.3359375,843.8749389648438,838.9400024414062
1789859573.9757948,1,0,857.0347290039062,758.3359375,843.8749389648438,838.9400024414062
1789859573.986348,1,0,857.0347290039062,758.3359375,843.8749389648438,838.9400024414062
1789859573.9969707,1,0,857.0347290039062,758.3359375,843.8749389648438,838.9400024414062
1789859574.0081558,1,0,857.0347290039062,758.3359375,843.8749389648438,838.9400024414062
1789859574.019169,1,0,857.0347290039062,758.3359375,843.8749389648438,838.9400024414062
1789859574.0298817,1,0,857.0347290039062,758.3359375,843.8749389648438,838.9400024414062
1789859574.0409727,1,0,857.0347290039062,758.3359375,843.8749389648438,838.9400024414062
1789859574.0518835,1,0,857.0347290039062,758.3359375,843.8749389648438,838.9400024414062
1789859574.0625513,1,0,857.0347290039062,758.3359375,843.8749389648438,838.9400024414062
1789859574.0735936,1,0,857.0347290039062,758.3359375,843.8749389648438,838.9400024414062
1789859574.0846627,1,0,848.8098754882812,748.466064453125,837.2949829101562,845.5198974609375
1789859574.0952632,1,0,863.6146850585938,763.2708740234375,843.8749389648438,852.0997924804688
1789859574.106272,1,0,861.9697265625,764.9158325195312,845.5198974609375,829.070068359375
1789859574.1174927,1,0,855.3897705078125,771.4957885742188,842.2299194335938,837.2949829101562
1789859574.1287236,1,0,853.7448120117188,776.4307250976562,848.8098754882812,850.454833984375
1789859574.1397903,1,0,858.6797485351562,766.5608520507812,845.5198974609375,843.8749389648438
1789859574.1507254,1,0,858.6797485351562,766.5608520507812,845.5198974609375,843.8749389648438
1789859574.1616168,1,0,848.8098754882812,771.4957885742188,843.8749389648438,842.2299194335938
1789859574.1729038,1,0,858.6797485351562,759.9808959960938,842.2299194335938,863.6146850585938
1789859574.183617,0,0,857.0347290039062,764.9158325195312,842.2299194335938,832.3600463867188
1789859574.1945953,0,0,857.0347290039062,764.9158325195312,842.2299194335938,832.3600463867188
1789859574.2054725,0,0,857.0347290039062,764.9158325195312,842.2299194335938,832.3600463867188
1789859574.2161493,0,0,857.0347290039062,764.9158325195312,842.2299194335938,832.3600463867188
1789859574.227064,0,0,857.0347290039062,764.9158325195312,842.2299194335938,832.3600463867188
1789859574.2380538,0,0,857.0347290039062,764.9158325195312,842.2299194335938,832.3600463867188
1789859574.2486963,0,0,857.0347290039062,764.9158325195312,842.2299194335938,832.3600463867188
1789859574.259402,0,0,857.0347290039062,764.9158325195312,842.2299194335938,832.3600463867188
1789859574.2701797,0,0,857.0347290039062,764.9158325195312,842.2299194335938,832.3600463867188
1789859574.2811742,0,0,857.0347290039062,764.9158325195312,842.2299194335938,832.3600463867188
1789859574.292001,0,0,857.0347290039062,764.9158325195312,842.2299194335938,832.3600463867188
1789859574.302862,0,0,857.0347290039062,764.9158325195312,842.2299194335938,832.3600463867188
1789859574.3134408,0,0,857.0347290039062,764.9158325195312,842.2299194335938,832.3600463867188
1789859574.324214,0,0,857.0347290039062,764.9158325195312,842.2299194335938,832.3600463867188
1789859574.3350816,0,0,857.0347290039062,764.9158325195312,842.2299194335938,832.3600463867188
1789859574.346091,0,0,857.0347290039062,764.9158325195312,842.2299194335938,832.3600463867188
1789859574.356977,0,0,857.0347290039062,764.9158325195312,842.2299194335938,832.3600463867188
1789859574.3679087,0,0,857.0347290039062,764.9158325195312,842.2299194335938,832.3600463867188
1789859574.3791122,0,0,855.3897705078125,768.205810546875,840.5849609375,834.0050048828125
1789859574.3901556,0,0,870.194580078125,768.205810546875,842.2299194335938,853.7448120117188
1789859574.4017866,0,0,853.7448120117188,773.1407470703125,843.8749389648438,832.3600463867188
1789859574.4130485,0,0,853.7448120117188,773.1407470703125,843.8749389648438,832.3600463867188
1789859574.424689,0,0,784.6556396484375,834.0050048828125,852.0997924804688,740.2411499023438
1789859574.4359643,0,0,766.5608520507812,850.454833984375,838.9400024414062,666.217041015625
1789859574.446626,0,0,766.5608520507812,850.454833984375,838.9400024414062,666.217041015625
1789859574.4575968,0,0,766.5608520507812,850.454833984375,838.9400024414062,666.217041015625
1789859574.4681697,0,0,766.5608520507812,850.454833984375,838.9400024414062,666.217041015625
1789859574.4795737,0,0,766.5608520507812,850.454833984375,838.9400024414062,666.217041015625
1789859574.4906607,0,0,746.8211059570312,865.2596435546875,812.6203002929688,677.7318725585938
1789859574.501854,0,0,746.8211059570312,865.2596435546875,812.6203002929688,677.7318725585938
1789859574.5125852,0,0,746.8211059570312,865.2596435546875,812.6203002929688,677.7318725585938
1789859574.5231602,0,0,746.8211059570312,865.2596435546875,812.6203002929688,677.7318725585938
1789859574.5341067,0,0,746.8211059570312,865.2596435546875,812.6203002929688,677.7318725585938
1789859574.5451365,0,0,746.8211059570312,865.2596435546875,812.6203002929688,677.7318725585938
1789859574.5557363,0,0,746.8211059570312,865.2596435546875,812.6203002929688,677.7318725585938
1789859574.5664246,0,0,746.8211059570312,865.2596435546875,812.6203002929688,677.7318725585938
1789859574.57704,0,0,761.6259155273438,870.194580078125,796.1704711914062,682.6668701171875
1789859574.5880873,0,0,903.09423828125,853.7448120117188,732.0162353515625,802.7504272460938
1789859574.5990186,0,0,903.09423828125,853.7448120117188,732.0162353515625,802.7504272460938
1789859574.6095786,0,0,903.09423828125,853.7448120117188,732.0162353515625,802.7504272460938
1789859574.6204517,0,0,903.09423828125,853.7448120117188,732.0162353515625,802.7504272460938
1789859574.6314187,0,0,924.4789428710938,787.945556640625,773.1407470703125,868.5496215820312
1789859574.6426992,0,0,924.4789428710938,787.945556640625,773.1407470703125,868.5496215820312
1789859574.6537147,0,0,924.4789428710938,787.945556640625,773.1407470703125,868.5496215820312
1789859574.6645148,0,0,924.4789428710938,787.945556640625,773.1407470703125,868.5496215820312
1789859574.675346,0,0,924.4789428710938,787.945556640625,773.1407470703125,868.5496215820312
1789859574.6862423,0,0,881.70947265625,776.4307250976562,784.6556396484375,883.3544311523438
1789859574.6976407,0,0,876.7745361328125,776.4307250976562,810.9752807617188,863.6146850585938
1789859574.7085154,0,0,889.9343872070312,774.7857666015625,820.84521484375,853.7448120117188
1789859574.719797,0,0,896.5142822265625,774.7857666015625,824.1351318359375,868.5496215820312
1789859574.730501,0,0,847.1648559570312,781.3656616210938,830.715087890625,857.0347290039062
1789859574.74115,0,0,847.1648559570312,781.3656616210938,830.715087890625,857.0347290039062
1789859574.7518,0,0,847.1648559570312,781.3656616210938,830.715087890625,857.0347290039062
1789859574.7623773,0,0,847.1648559570312,781.3656616210938,830.715087890625,857.0347290039062
1789859574.7734895,0,0,847.1648559570312,778.07568359375,837.2949829101562,866.9046630859375
1789859574.7849767,0,0,842.2299194335938,797.8154907226562,847.1648559570312,858.6797485351562
1789859574.7956107,0,0,842.2299194335938,797.8154907226562,847.1648559570312,858.6797485351562
1789859574.8067203,0,0,842.2299194335938,797.8154907226562,847.1648559570312,858.6797485351562
1789859574.8180401,0,0,842.2299194335938,797.8154907226562,847.1648559570312,858.6797485351562
1789859574.828752,0,0,834.0050048828125,799.46044921875,852.0997924804688,848.8098754882812
1789859574.8397036,0,0,834.0050048828125,799.46044921875,852.0997924804688,848.8098754882812
1789859574.8502536,0,0,834.0050048828125,799.46044921875,852.0997924804688,848.8098754882812
1789859574.860785,0,0,834.0050048828125,799.46044921875,852.0997924804688,848.8098754882812
1789859574.8717675,0,0,850.454833984375,799.46044921875,845.5198974609375,860.32470703125
1789859574.8828287,0,0,853.7448120117188,796.1704711914062,843.8749389648438,829.070068359375
1789859574.893733,0,0,863.6146850585938,791.2355346679688,845.5198974609375,838.9400024414062
1789859574.904543,0,0,863.6146850585938,791.2355346679688,845.5198974609375,838.9400024414062
1789859574.915312,0,0,863.6146850585938,791.2355346679688,845.5198974609375,838.9400024414062
1789859574.926288,0,0,853.7448120117188,794.5255126953125,840.5849609375,840.5849609375
1789859574.9373622,0,0,853.7448120117188,794.5255126953125,840.5849609375,840.5849609375
1789859574.9482143,0,0,853.7448120117188,794.5255126953125,840.5849609375,840.5849609375
1789859574.9587405,0,0,853.7448120117188,794.5255126953125,840.5849609375,840.5849609375
1789859574.9693062,0,0,853.7448120117188,794.5255126953125,840.5849609375,840.5849609375
1789859574.9798427,0,0,853.7448120117188,794.5255126953125,840.5849609375,840.5849609375
1789859574.9910285,0,0,853.7448120117188,794.5255126953125,840.5849609375,840.5849609375
1789859575.0023978,0,0,853.7448120117188,776.4307250976562,842.2299194335938,857.0347290039062
1789859575.0134082,0,0,853.7448120117188,776.4307250976562,842.2299194335938,857.0347290039062
1789859575.0244303,0,0,853.7448120117188,776.4307250976562,842.2299194335938,857.0347290039062
1789859575.035005,0,0,866.9046630859375,796.1704711914062,840.5849609375,857.0347290039062
1789859575.0460384,0,0,860.32470703125,799.46044921875,845.5198974609375,845.5198974609375
1789859575.0570686,0,0,860.32470703125,799.46044921875,845.5198974609375,845.5198974609375
1789859575.068018,0,0,860.32470703125,799.46044921875,845.5198974609375,845.5198974609375
1789859575.07864,1,0,860.32470703125,799.46044921875,845.5198974609375,845.5198974609375
1789859575.0896733,1,0,860.32470703125,799.46044921875,845.5198974609375,845.5198974609375
1789859575.1006467,1,0,860.32470703125,801.1054077148438,837.2949829101562,820.84521484375
1789859575.112161,1,0,860.32470703125,794.5255126953125,840.5849609375,832.3600463867188
1789859575.1231613,1,0,860.32470703125,794.5255126953125,840.5849609375,832.3600463867188
1789859575.1341822,1,0,860.32470703125,794.5255126953125,840.5849609375,832.3600463867188
1789859575.1447573,1,0,860.32470703125,794.5255126953125,840.5849609375,832.3600463867188
1789859575.1557498,1,0,852.0997924804688,787.945556640625,845.5198974609375,840.5849609375
1789859575.1668298,1,0,852.0997924804688,787.945556640625,845.5198974609375,840.5849609375
1789859575.1778836,1,0,852.0997924804688,787.945556640625,845.5198974609375,840.5849609375
1789859575.1888642,1,0,852.0997924804688,787.945556640625,845.5198974609375,840.5849609375
1789859575.1998515,1,0,852.0997924804688,787.945556640625,845.5198974609375,840.5849609375
1789859575.2104075,1,0,852.0997924804688,787.945556640625,845.5198974609375,840.5849609375
1789859575.2214959,1,0,852.0997924804688,787.945556640625,845.5198974609375,840.5849609375
1789859575.2329352,1,0,852.0997924804688,787.945556640625,845.5198974609375,840.5849609375
1789859575.2440598,1,0,852.0997924804688,787.945556640625,845.5198974609375,840.5849609375
1789859575.2550066,1,0,852.0997924804688,787.945556640625,845.5198974609375,840.5849609375
1789859575.2662258,1,0,873.4845581054688,802.7504272460938,840.5849609375,848.8098754882812
1789859575.2776117,1,0,847.1648559570312,804.3953857421875,845.5198974609375,840.5849609375
1789859575.2885494,1,0,847.1648559570312,804.3953857421875,845.5198974609375,840.5849609375
1789859575.2996118,1,0,845.5198974609375,802.7504272460938,847.1648559570312,852.0997924804688
1789859575.3105419,1,0,857.0347290039062,802.7504272460938,842.2299194335938,850.454833984375
1789859575.3214734,1,0,857.0347290039062,802.7504272460938,842.2299194335938,850.454833984375
1789859575.3326044,1,0,857.0347290039062,802.7504272460938,842.2299194335938,850.454833984375
1789859575.3439114,1,0,857.0347290039062,802.7504272460938,842.2299194335938,850.454833984375
1789859575.3546417,1,0,857.0347290039062,802.7504272460938,842.2299194335938,850.454833984375
1789859575.3651648,1,0,857.0347290039062,802.7504272460938,842.2299194335938,850.454833984375
1789859575.3761246,1,0,857.0347290039062,802.7504272460938,842.2299194335938,850.454833984375
1789859575.3874042,1,0,741.8861083984375,802.7504272460938,875.1295166015625,727.081298828125
1789859575.3983316,1,0,741.8861083984375,802.7504272460938,875.1295166015625,727.081298828125
1789859575.4091449,1,0,741.8861083984375,802.7504272460938,875.1295166015625,727.081298828125
1789859575.4201849,1,0,741.8861083984375,802.7504272460938,875.1295166015625,727.081298828125
1789859575.431229,1,0,741.8861083984375,802.7504272460938,875.1295166015625,727.081298828125
1789859575.4423513,1,0,741.8861083984375,802.7504272460938,875.1295166015625,727.081298828125
1789859575.453034,1,0,741.8861083984375,802.7504272460938,875.1295166015625,727.081298828125
1789859575.4640338,1,0,741.8861083984375,802.7504272460938,875.1295166015625,727.081298828125
1789859575.4748127,1,0,741.8861083984375,802.7504272460938,875.1295166015625,727.081298828125
1789859575.485742,1,0,741.8861083984375,802.7504272460938,875.1295166015625,727.081298828125
1789859575.4964201,1,0,741.8861083984375,802.7504272460938,875.1295166015625,727.081298828125
1789859575.507301,1,0,713.9214477539062,802.7504272460938,893.2243041992188,728.726318359375
1789859575.5184596,1,0,740.2411499023438,783.0106201171875,893.2243041992188,755.0459594726562
1789859575.5294986,1,0,740.2411499023438,783.0106201171875,893.2243041992188,755.0459594726562
1789859575.5408711,1,0,740.2411499023438,783.0106201171875,893.2243041992188,755.0459594726562
1789859575.5519571,1,0,740.2411499023438,783.0106201171875,893.2243041992188,755.0459594726562
1789859575.562947,1,0,740.2411499023438,783.0106201171875,893.2243041992188,755.0459594726562
1789859575.5737371,1,0,740.2411499023438,783.0106201171875,893.2243041992188,755.0459594726562
1789859575.5847692,1,0,740.2411499023438,783.0106201171875,893.2243041992188,755.0459594726562
1789859575.5952914,1,0,740.2411499023438,783.0106201171875,893.2243041992188,755.0459594726562
1789859575.6058867,1,0,740.2411499023438,783.0106201171875,893.2243041992188,755.0459594726562
1789859575.6169064,1,0,740.2411499023438,783.0106201171875,893.2243041992188,755.0459594726562
1789859575.6275773,1,0,740.2411499023438,783.0106201171875,893.2243041992188,755.0459594726562
1789859575.6382422,1,0,740.2411499023438,783.0106201171875,893.2243041992188,755.0459594726562
1789859575.6491685,1,0,740.2411499023438,783.0106201171875,893.2243041992188,755.0459594726562
1789859575.660409,1,0,764.9158325195312,783.0106201171875,893.2243041992188,779.720703125
1789859575.671555,1,0,842.2299194335938,786.3005981445312,861.9697265625,830.715087890625
1789859575.6826873,1,0,861.9697265625,786.3005981445312,845.5198974609375,848.8098754882812
1789859575.6936224,1,0,868.5496215820312,778.07568359375,847.1648559570312,863.6146850585938
1789859575.7046373,1,0,850.454833984375,764.9158325195312,819.2001953125,838.9400024414062
1789859575.7155325,1,0,837.2949829101562,755.0459594726562,809.330322265625,832.3600463867188
1789859575.7269685,1,0,837.2949829101562,755.0459594726562,809.330322265625,832.3600463867188
1789859575.738265,1,0,787.945556640625,1016.5978393554688,759.9808959960938,769.850830078125
1789859575.7493181,1,0,797.8154907226562,1468.9674072265625,817.5552368164062,771.4957885742188
1789859575.7603815,1,0,797.8154907226562,1468.9674072265625,817.5552368164062,771.4957885742188
1789859575.7720025,1,0,797.8154907226562,1468.9674072265625,817.5552368164062,771.4957885742188
1789859575.783039,1,0,810.9752807617188,1487.062255859375,820.84521484375,783.0106201171875
1789859575.7940054,1,0,781.3656616210938,1491.9971923828125,766.5608520507812,763.2708740234375
1789859575.8049178,1,0,781.3656616210938,1491.9971923828125,766.5608520507812,763.2708740234375
1789859575.8157792,1,0,781.3656616210938,1491.9971923828125,766.5608520507812,763.2708740234375
1789859575.8264837,1,0,830.715087890625,1473.90234375,801.1054077148438,792.8805541992188
1789859575.837504,1,0,883.3544311523438,1381.783447265625,858.6797485351562,858.6797485351562
1789859575.8483872,1,0,883.3544311523438,1381.783447265625,858.6797485351562,858.6797485351562
1789859575.858944,1,0,883.3544311523438,1381.783447265625,858.6797485351562,858.6797485351562
1789859575.8694508,1,0,883.3544311523438,1381.783447265625,858.6797485351562,858.6797485351562
1789859575.8800447,1,0,748.466064453125,1309.404296875,756.6909790039062,720.5014038085938
1789859575.8908772,1,0,863.6146850585938,1207.41552734375,845.5198974609375,822.4901733398438
1789859575.9018002,1,0,732.0162353515625,1141.6163330078125,759.9808959960938,717.21142578125
1789859575.912531,1,0,732.0162353515625,1141.6163330078125,759.9808959960938,717.21142578125
1789859575.9232366,1,0,732.0162353515625,1141.6163330078125,759.9808959960938,717.21142578125
1789859575.9349117,1,0,732.0162353515625,1141.6163330078125,759.9808959960938,717.21142578125
1789859575.9457352,1,0,732.0162353515625,1141.6163330078125,759.9808959960938,717.21142578125
1789859575.9563274,1,0,732.0162353515625,1141.6163330078125,759.9808959960938,717.21142578125
1789859575.9672623,1,0,863.6146850585938,1161.3560791015625,855.3897705078125,829.070068359375
1789859575.9785247,1,0,743.5311279296875,1167.93603515625,779.720703125,750.1110229492188
1789859575.989427,1,0,743.5311279296875,1167.93603515625,779.720703125,750.1110229492188
1789859576.000423,1,0,743.5311279296875,1167.93603515625,779.720703125,750.1110229492188
1789859576.0117784,1,0,743.5311279296875,1167.93603515625,779.720703125,750.1110229492188
1789859576.0225139,1,0,743.5311279296875,1167.93603515625,779.720703125,750.1110229492188
1789859576.0331788,1,0,743.5311279296875,1167.93603515625,779.720703125,750.1110229492188
1789859576.0446577,1,0,825.7801513671875,1034.692626953125,855.3897705078125,822.4901733398438
1789859576.0560014,1,0,825.7801513671875,1034.692626953125,855.3897705078125,822.4901733398438
1789859576.0665524,1,0,825.7801513671875,1034.692626953125,855.3897705078125,822.4901733398438
1789859576.0771482,1,0,825.7801513671875,1034.692626953125,855.3897705078125,822.4901733398438
1789859576.0881596,1,0,825.7801513671875,1034.692626953125,855.3897705078125,822.4901733398438
1789859576.0987012,1,0,778.07568359375,998.5030517578125,814.2652587890625,787.945556640625
1789859576.1098416,1,0,802.7504272460938,759.9808959960938,876.7745361328125,819.2001953125
1789859576.1206346,1,0,802.7504272460938,759.9808959960938,876.7745361328125,819.2001953125
1789859576.1317077,1,0,802.7504272460938,759.9808959960938,876.7745361328125,819.2001953125
1789859576.1424534,1,0,802.7504272460938,759.9808959960938,876.7745361328125,819.2001953125
1789859576.153238,1,0,802.7504272460938,759.9808959960938,876.7745361328125,819.2001953125
1789859576.1640158,1,0,802.7504272460938,759.9808959960938,876.7745361328125,819.2001953125
1789859576.175048,1,0,802.7504272460938,759.9808959960938,876.7745361328125,819.2001953125
1789859576.1861236,1,0,850.454833984375,523.103759765625,865.2596435546875,827.4251098632812
1789859576.197301,1,0,850.454833984375,523.103759765625,865.2596435546875,827.4251098632812
1789859576.2080708,1,0,947.5086669921875,404.6651611328125,806.0403442382812,917.8990478515625
1789859576.2187877,1,0,934.3488159179688,404.6651611328125,806.0403442382812,904.7391967773438
1789859576.2303953,1,0,934.3488159179688,404.6651611328125,806.0403442382812,904.7391967773438
1789859576.2410948,1,0,934.3488159179688,404.6651611328125,806.0403442382812,904.7391967773438
1789859576.2516809,1,0,934.3488159179688,404.6651611328125,806.0403442382812,904.7391967773438
1789859576.2624376,1,0,934.3488159179688,404.6651611328125,806.0403442382812,904.7391967773438
1789859576.2733688,1,0,934.3488159179688,404.6651611328125,806.0403442382812,904.7391967773438
1789859576.2845912,1,0,932.703857421875,457.3045349121094,794.5255126953125,899.8042602539062
1789859576.2957337,1,0,916.2540283203125,516.5238037109375,794.5255126953125,889.9343872070312
1789859576.306806,1,0,917.8990478515625,393.1502990722656,806.0403442382812,898.1592407226562
1789859576.317419,1,0,917.8990478515625,393.1502990722656,806.0403442382812,898.1592407226562
1789859576.3280725,1,0,917.8990478515625,393.1502990722656,806.0403442382812,898.1592407226562
1789859576.3391838,1,0,917.8990478515625,393.1502990722656,806.0403442382812,898.1592407226562
1789859576.3504035,1,0,917.8990478515625,393.1502990722656,806.0403442382812,898.1592407226562
1789859576.3614113,1,0,917.8990478515625,393.1502990722656,806.0403442382812,898.1592407226562
1789859576.372169,1,0,917.8990478515625,393.1502990722656,806.0403442382812,898.1592407226562
1789859576.3832664,1,0,917.8990478515625,393.1502990722656,806.0403442382812,898.1592407226562
1789859576.3941464,1,0,917.8990478515625,393.1502990722656,806.0403442382812,898.1592407226562
1789859576.4050703,1,0,917.8990478515625,393.1502990722656,806.0403442382812,898.1592407226562
1789859576.4161499,1,0,917.8990478515625,393.1502990722656,806.0403442382812,898.1592407226562
1789859576.4274297,1,0,916.2540283203125,411.2450866699219,830.715087890625,896.5142822265625
1789859576.4383497,1,0,880.064453125,440.854736328125,843.8749389648438,858.6797485351562
1789859576.4496546,1,0,880.064453125,440.854736328125,843.8749389648438,858.6797485351562
1789859576.4607708,1,0,880.064453125,440.854736328125,843.8749389648438,858.6797485351562
1789859576.4717999,1,0,880.064453125,440.854736328125,843.8749389648438,858.6797485351562
1789859576.4827054,1,0,880.064453125,440.854736328125,843.8749389648438,858.6797485351562
1789859576.4938214,1,0,883.3544311523438,467.1744079589844,837.2949829101562,863.6146850585938
1789859576.5045676,1,0,883.3544311523438,467.1744079589844,837.2949829101562,863.6146850585938
1789859576.5153382,1,0,883.3544311523438,467.1744079589844,837.2949829101562,863.6146850585938
1789859576.526092,1,0,883.3544311523438,467.1744079589844,837.2949829101562,863.6146850585938
1789859576.5369754,1,0,870.194580078125,500.07403564453125,842.2299194335938,852.0997924804688
1789859576.548352,1,0,866.9046630859375,583.968017578125,838.9400024414062,847.1648559570312
1789859576.5594893,1,0,866.9046630859375,583.968017578125,838.9400024414062,847.1648559570312
1789859576.5703328,1,0,866.9046630859375,583.968017578125,838.9400024414062,847.1648559570312
1789859576.5811753,1,0,866.9046630859375,583.968017578125,838.9400024414062,847.1648559570312
1789859576.5918524,1,0,866.9046630859375,583.968017578125,838.9400024414062,847.1648559570312
1789859576.6031086,1,0,866.9046630859375,583.968017578125,838.9400024414062,847.1648559570312
1789859576.6146173,1,0,858.6797485351562,611.9326782226562,847.1648559570312,847.1648559570312
1789859576.6257937,1,0,863.6146850585938,659.6371459960938,834.0050048828125,857.0347290039062
1789859576.6364396,1,0,863.6146850585938,659.6371459960938,834.0050048828125,857.0347290039062
1789859576.647377,1,0,863.6146850585938,659.6371459960938,834.0050048828125,857.0347290039062
1789859576.6584384,1,0,863.6146850585938,659.6371459960938,834.0050048828125,857.0347290039062
1789859576.669535,1,0,847.1648559570312,666.217041015625,834.0050048828125,835.6500244140625
1789859576.6807926,1,0,847.1648559570312,666.217041015625,834.0050048828125,835.6500244140625
1789859576.6917045,1,0,847.1648559570312,666.217041015625,834.0050048828125,835.6500244140625
1789859576.7022493,1,0,847.1648559570312,666.217041015625,834.0050048828125,835.6500244140625
1789859576.7130373,1,0,847.1648559570312,666.217041015625,834.0050048828125,835.6500244140625
1789859576.7243192,1,0,847.1648559570312,666.217041015625,834.0050048828125,835.6500244140625
1789859576.7353966,1,0,847.1648559570312,666.217041015625,834.0050048828125,835.6500244140625
1789859576.746176,1,0,847.1648559570312,666.217041015625,834.0050048828125,835.6500244140625
1789859576.7571678,1,0,847.1648559570312,666.217041015625,834.0050048828125,835.6500244140625
1789859576.76829,1,0,847.1648559570312,666.217041015625,834.0050048828125,835.6500244140625
1789859576.778954,1,0,847.1648559570312,666.217041015625,834.0050048828125,835.6500244140625
1789859576.7898495,1,0,847.1648559570312,666.217041015625,834.0050048828125,835.6500244140625
1789859576.8009138,1,0,847.1648559570312,666.217041015625,834.0050048828125,835.6500244140625
1789859576.8116202,1,0,847.1648559570312,666.217041015625,834.0050048828125,835.6500244140625
1789859576.8223367,1,0,847.1648559570312,666.217041015625,834.0050048828125,835.6500244140625
1789859576.8332324,1,0,847.1648559570312,666.217041015625,834.0050048828125,835.6500244140625
1789859576.8440218,1,0,847.1648559570312,666.217041015625,834.0050048828125,835.6500244140625
1789859576.8551602,1,0,847.1648559570312,666.217041015625,834.0050048828125,835.6500244140625
1789859576.8668993,1,0,858.6797485351562,677.7318725585938,835.6500244140625,853.7448120117188
1789859576.8779225,1,0,866.9046630859375,712.2764892578125,838.9400024414062,842.2299194335938
1789859576.8888483,1,0,866.9046630859375,712.2764892578125,838.9400024414062,842.2299194335938
1789859576.899755,0,0,866.9046630859375,712.2764892578125,838.9400024414062,842.2299194335938
1789859576.9104764,0,0,860.32470703125,722.1463623046875,830.715087890625,822.4901733398438
1789859576.9215972,0,0,850.454833984375,727.081298828125,834.0050048828125,830.715087890625
1789859576.932202,0,0,850.454833984375,727.081298828125,834.0050048828125,830.715087890625
1789859576.9431684,0,0,853.7448120117188,735.3062133789062,832.3600463867188,843.8749389648438
1789859576.9541752,0,0,847.1648559570312,755.0459594726562,830.715087890625,829.070068359375
1789859576.9650426,0,0,847.1648559570312,755.0459594726562,830.715087890625,829.070068359375
1789859576.9759855,0,0,847.1648559570312,755.0459594726562,830.715087890625,829.070068359375
1789859576.987005,0,0,847.1648559570312,755.0459594726562,830.715087890625,829.070068359375
1789859576.998195,0,0,857.0347290039062,756.6909790039062,829.070068359375,840.5849609375
1789859577.0088675,0,0,857.0347290039062,756.6909790039062,829.070068359375,840.5849609375
1789859577.0198987,0,0,857.0347290039062,756.6909790039062,829.070068359375,840.5849609375
1789859577.030755,0,0,847.1648559570312,756.6909790039062,837.2949829101562,840.5849609375
1789859577.0422082,0,0,852.0997924804688,759.9808959960938,835.6500244140625,834.0050048828125
1789859577.0531662,0,0,852.0997924804688,759.9808959960938,835.6500244140625,834.0050048828125
1789859577.063749,0,0,852.0997924804688,759.9808959960938,835.6500244140625,834.0050048828125
1789859577.0744972,0,0,852.0997924804688,759.9808959960938,835.6500244140625,834.0050048828125
1789859577.0852387,0,0,852.0997924804688,759.9808959960938,835.6500244140625,834.0050048828125
1789859577.0960789,0,0,852.0997924804688,759.9808959960938,835.6500244140625,834.0050048828125
1789859577.107066,0,0,853.7448120117188,773.1407470703125,842.2299194335938,835.6500244140625
1789859577.1181872,0,0,853.7448120117188,773.1407470703125,842.2299194335938,835.6500244140625
1789859577.1291108,0,0,838.9400024414062,774.7857666015625,835.6500244140625,830.715087890625
1789859577.139864,0,0,838.9400024414062,774.7857666015625,835.6500244140625,830.715087890625
1789859577.1511166,0,0,838.9400024414062,774.7857666015625,835.6500244140625,830.715087890625
1789859577.161758,0,0,838.9400024414062,774.7857666015625,835.6500244140625,830.715087890625
1789859577.1725948,0,0,838.9400024414062,774.7857666015625,835.6500244140625,830.715087890625
1789859577.1833227,0,0,838.9400024414062,774.7857666015625,835.6500244140625,830.715087890625
1789859577.19406,0,0,838.9400024414062,774.7857666015625,835.6500244140625,830.715087890625
1789859577.2054362,0,0,838.9400024414062,774.7857666015625,835.6500244140625,830.715087890625
1789859577.2161443,0,0,838.9400024414062,774.7857666015625,835.6500244140625,830.715087890625
1789859577.2271676,0,0,861.9697265625,787.945556640625,834.0050048828125,847.1648559570312
1789859577.2379646,0,0,853.7448120117188,784.6556396484375,840.5849609375,838.9400024414062
1789859577.2494028,0,0,853.7448120117188,784.6556396484375,840.5849609375,838.9400024414062
1789859577.260383,0,0,853.7448120117188,784.6556396484375,840.5849609375,838.9400024414062
1789859577.2715518,0,0,853.7448120117188,784.6556396484375,840.5849609375,838.9400024414062
1789859577.2833922,0,0,852.0997924804688,781.3656616210938,837.2949829101562,835.6500244140625
1789859577.2944357,0,0,852.0997924804688,781.3656616210938,837.2949829101562,835.6500244140625
1789859577.3051722,0,0,860.32470703125,783.0106201171875,843.8749389648438,852.0997924804688
1789859577.3160162,0,0,858.6797485351562,796.1704711914062,837.2949829101562,842.2299194335938
1789859577.3267298,0,0,852.0997924804688,796.1704711914062,842.2299194335938,840.5849609375
1789859577.337464,0,0,852.0997924804688,796.1704711914062,842.2299194335938,840.5849609375
1789859577.3483036,0,0,852.0997924804688,796.1704711914062,842.2299194335938,840.5849609375
1789859577.3589952,0,0,852.0997924804688,796.1704711914062,842.2299194335938,840.5849609375
1789859577.3699718,0,0,853.7448120117188,801.1054077148438,838.9400024414062,835.6500244140625
1789859577.3813648,0,0,853.7448120117188,801.1054077148438,838.9400024414062,835.6500244140625
1789859577.3922148,0,0,853.7448120117188,801.1054077148438,838.9400024414062,835.6500244140625
1789859577.4034972,0,0,853.7448120117188,801.1054077148438,838.9400024414062,835.6500244140625
1789859577.4142063,0,0,853.7448120117188,801.1054077148438,838.9400024414062,835.6500244140625
1789859577.4251053,0,0,865.2596435546875,791.2355346679688,842.2299194335938,850.454833984375
1789859577.4361591,0,0,850.454833984375,797.8154907226562,845.5198974609375,858.6797485351562
1789859577.4467082,0,0,850.454833984375,797.8154907226562,845.5198974609375,858.6797485351562
1789859577.4572818,0,0,850.454833984375,797.8154907226562,845.5198974609375,858.6797485351562
1789859577.4682636,0,0,850.454833984375,797.8154907226562,845.5198974609375,858.6797485351562
1789859577.4789526,0,0,850.454833984375,797.8154907226562,845.5198974609375,858.6797485351562
1789859577.4897287,0,0,863.6146850585938,796.1704711914062,845.5198974609375,848.8098754882812
1789859577.500472,0,0,861.9697265625,802.7504272460938,840.5849609375,843.8749389648438
1789859577.511711,0,0,847.1648559570312,799.46044921875,843.8749389648438,822.4901733398438
1789859577.5228422,0,0,847.1648559570312,799.46044921875,843.8749389648438,822.4901733398438
1789859577.53429,0,0,852.0997924804688,804.3953857421875,845.5198974609375,842.2299194335938
1789859577.5453315,0,0,852.0997924804688,804.3953857421875,845.5198974609375,842.2299194335938
1789859577.5563445,0,0,852.0997924804688,804.3953857421875,845.5198974609375,842.2299194335938
1789859577.5668378,0,0,855.3897705078125,802.7504272460938,842.2299194335938,847.1648559570312
1789859577.5781612,0,0,855.3897705078125,806.0403442382812,838.9400024414062,835.6500244140625
1789859577.5898693,0,0,848.8098754882812,801.1054077148438,837.2949829101562,838.9400024414062
1789859577.6006312,1,0,848.8098754882812,801.1054077148438,837.2949829101562,838.9400024414062
1789859577.6117623,1,0,848.8098754882812,801.1054077148438,837.2949829101562,838.9400024414062
1789859577.6229975,1,0,848.8098754882812,801.1054077148438,837.2949829101562,838.9400024414062
1789859577.6338303,1,0,858.6797485351562,804.3953857421875,842.2299194335938,852.0997924804688
1789859577.6445894,1,0,858.6797485351562,804.3953857421875,842.2299194335938,852.0997924804688
1789859577.6555023,1,0,858.6797485351562,804.3953857421875,842.2299194335938,852.0997924804688
1789859577.6663923,1,0,848.8098754882812,806.0403442382812,845.5198974609375,847.1648559570312
1789859577.6776674,1,0,728.726318359375,848.8098754882812,827.4251098632812,704.0515747070312
1789859577.6884105,1,0,728.726318359375,848.8098754882812,827.4251098632812,704.0515747070312
1789859577.699357,1,0,728.726318359375,848.8098754882812,827.4251098632812,704.0515747070312
1789859577.7100487,1,0,728.726318359375,848.8098754882812,827.4251098632812,704.0515747070312
1789859577.721102,1,0,728.726318359375,848.8098754882812,827.4251098632812,704.0515747070312
1789859577.7322397,1,0,728.726318359375,848.8098754882812,827.4251098632812,704.0515747070312
1789859577.7434113,1,0,741.8861083984375,848.8098754882812,814.2652587890625,690.8917236328125
1789859577.7540781,1,0,741.8861083984375,848.8098754882812,814.2652587890625,690.8917236328125
1789859577.7646792,1,0,741.8861083984375,848.8098754882812,814.2652587890625,690.8917236328125
1789859577.7755148,1,0,741.8861083984375,848.8098754882812,814.2652587890625,690.8917236328125
1789859577.7861228,1,0,741.8861083984375,848.8098754882812,814.2652587890625,690.8917236328125
1789859577.7968383,1,0,761.6259155273438,852.0997924804688,812.6203002929688,715.5664672851562
1789859577.8076785,1,0,850.454833984375,810.9752807617188,797.8154907226562,797.8154907226562
1789859577.8187342,1,0,850.454833984375,810.9752807617188,797.8154907226562,797.8154907226562
1789859577.8294098,1,0,850.454833984375,810.9752807617188,797.8154907226562,797.8154907226562
1789859577.840095,1,0,850.454833984375,810.9752807617188,797.8154907226562,797.8154907226562
1789859577.8510711,1,0,850.454833984375,799.46044921875,806.0403442382812,824.1351318359375
1789859577.8621216,1,0,865.2596435546875,794.5255126953125,820.84521484375,837.2949829101562
1789859577.8728,1,0,865.2596435546875,794.5255126953125,820.84521484375,837.2949829101562
1789859577.8838997,1,0,865.2596435546875,794.5255126953125,820.84521484375,837.2949829101562
1789859577.8949213,1,0,865.2596435546875,794.5255126953125,820.84521484375,837.2949829101562
1789859577.9057438,1,0,860.32470703125,789.590576171875,827.4251098632812,857.0347290039062
1789859577.9168198,1,0,858.6797485351562,799.46044921875,827.4251098632812,861.9697265625
1789859577.9278443,1,0,868.5496215820312,789.590576171875,843.8749389648438,871.839599609375
1789859577.9388642,1,0,868.5496215820312,789.590576171875,843.8749389648438,871.839599609375
1789859577.950012,1,0,868.5496215820312,789.590576171875,843.8749389648438,871.839599609375
1789859577.9609613,1,0,868.5496215820312,789.590576171875,843.8749389648438,871.839599609375
1789859577.9724982,1,0,855.3897705078125,783.0106201171875,819.2001953125,838.9400024414062
1789859577.9835253,1,0,855.3897705078125,783.0106201171875,819.2001953125,838.9400024414062
1789859577.9942143,1,0,855.3897705078125,783.0106201171875,819.2001953125,838.9400024414062
1789859578.005176,1,0,855.3897705078125,783.0106201171875,819.2001953125,838.9400024414062
1789859578.015745,1,0,855.3897705078125,783.0106201171875,819.2001953125,838.9400024414062
1789859578.0274222,1,0,855.3897705078125,783.0106201171875,819.2001953125,838.9400024414062
1789859578.0389998,1,0,875.1295166015625,797.8154907226562,812.6203002929688,855.3897705078125
1789859578.0508864,1,0,944.2186889648438,855.3897705078125,894.8693237304688,886.6444091796875
1789859578.0617428,1,0,944.2186889648438,855.3897705078125,894.8693237304688,886.6444091796875
1789859578.0725205,1,0,944.2186889648438,855.3897705078125,894.8693237304688,886.6444091796875
1789859578.0835397,1,0,944.2186889648438,855.3897705078125,894.8693237304688,886.6444091796875
1789859578.0945494,1,0,865.2596435546875,1026.4677734375,829.070068359375,850.454833984375
1789859578.105782,1,0,865.2596435546875,1026.4677734375,829.070068359375,850.454833984375
1789859578.1165514,1,0,865.2596435546875,1026.4677734375,829.070068359375,850.454833984375
1789859578.127153,1,0,865.2596435546875,1026.4677734375,829.070068359375,850.454833984375
1789859578.138005,1,0,865.2596435546875,1026.4677734375,829.070068359375,850.454833984375
1789859578.1491592,1,0,865.2596435546875,1026.4677734375,829.070068359375,850.454833984375
1789859578.1607707,1,0,852.0997924804688,1072.5272216796875,868.5496215820312,764.9158325195312
1789859578.1721358,1,0,852.0997924804688,1302.824462890625,868.5496215820312,781.3656616210938
1789859578.1830657,1,0,927.7689208984375,1375.20361328125,917.8990478515625,847.1648559570312
1789859578.1941063,1,0,927.7689208984375,1375.20361328125,917.8990478515625,847.1648559570312
1789859578.2049818,1,0,927.7689208984375,1375.20361328125,917.8990478515625,847.1648559570312
1789859578.21599,1,0,855.3897705078125,1533.1217041015625,865.2596435546875,738.59619140625
1789859578.2270734,1,0,904.7391967773438,1585.7611083984375,901.44921875,794.5255126953125
1789859578.2381797,1,0,904.7391967773438,1585.7611083984375,901.44921875,794.5255126953125
1789859578.2491128,1,0,904.7391967773438,1585.7611083984375,901.44921875,794.5255126953125
1789859578.2599697,1,0,904.7391967773438,1585.7611083984375,901.44921875,794.5255126953125
1789859578.27122,1,0,858.6797485351562,1569.311279296875,901.44921875,801.1054077148438
1789859578.2821095,1,0,858.6797485351562,1569.311279296875,901.44921875,801.1054077148438
1789859578.2933679,1,0,858.6797485351562,1569.311279296875,901.44921875,801.1054077148438
1789859578.3042202,1,0,911.319091796875,1475.54736328125,894.8693237304688,880.064453125
1789859578.3148968,1,0,819.2001953125,1464.032470703125,812.6203002929688,787.945556640625
1789859578.3258266,1,0,819.2001953125,1464.032470703125,812.6203002929688,787.945556640625
1789859578.3365142,1,0,819.2001953125,1464.032470703125,812.6203002929688,787.945556640625
1789859578.347306,1,0,819.2001953125,1464.032470703125,812.6203002929688,787.945556640625
1789859578.3584268,1,0,957.3785400390625,1434.4228515625,894.8693237304688,906.3841552734375
1789859578.3691542,1,0,957.3785400390625,1434.4228515625,894.8693237304688,906.3841552734375
1789859578.3799021,1,0,957.3785400390625,1434.4228515625,894.8693237304688,906.3841552734375
1789859578.3906033,1,0,957.3785400390625,1434.4228515625,894.8693237304688,906.3841552734375
1789859578.4017525,1,0,878.4194946289062,1401.523193359375,815.9102783203125,820.84521484375
1789859578.4126134,1,0,950.7986450195312,1401.523193359375,871.839599609375,899.8042602539062
1789859578.423737,1,0,950.7986450195312,1401.523193359375,871.839599609375,899.8042602539062
1789859578.4343278,1,0,950.7986450195312,1401.523193359375,871.839599609375,899.8042602539062
1789859578.445324,1,0,950.7986450195312,1401.523193359375,871.839599609375,899.8042602539062
1789859578.456146,1,0,950.7986450195312,1401.523193359375,871.839599609375,899.8042602539062
1789859578.466731,1,0,950.7986450195312,1189.32080078125,853.7448120117188,916.2540283203125
1789859578.4779944,1,0,935.9938354492188,1072.5272216796875,861.9697265625,919.5440063476562
1789859578.488755,1,0,935.9938354492188,1072.5272216796875,861.9697265625,919.5440063476562
1789859578.499728,1,0,935.9938354492188,1072.5272216796875,861.9697265625,919.5440063476562
1789859578.510638,1,0,935.9938354492188,1072.5272216796875,861.9697265625,919.5440063476562
1789859578.521671,1,0,935.9938354492188,1072.5272216796875,861.9697265625,919.5440063476562
1789859578.5326173,1,0,935.9938354492188,1072.5272216796875,861.9697265625,919.5440063476562
1789859578.543351,1,0,935.9938354492188,1072.5272216796875,861.9697265625,919.5440063476562
1789859578.5543466,1,0,935.9938354492188,1072.5272216796875,861.9697265625,919.5440063476562
1789859578.5653822,1,0,935.9938354492188,1072.5272216796875,861.9697265625,919.5440063476562
1789859578.5761127,1,0,950.7986450195312,741.8861083984375,835.6500244140625,926.1239624023438
1789859578.5871115,1,0,921.18896484375,481.979248046875,809.330322265625,909.6741333007812
1789859578.5983572,1,0,921.18896484375,481.979248046875,809.330322265625,909.6741333007812
1789859578.6089218,1,0,921.18896484375,481.979248046875,809.330322265625,909.6741333007812
1789859578.6194367,1,0,921.18896484375,481.979248046875,809.330322265625,909.6741333007812
1789859578.6306386,1,0,870.194580078125,462.2394714355469,829.070068359375,857.0347290039062
1789859578.6421385,1,0,858.6797485351562,383.2804260253906,834.0050048828125,850.454833984375
1789859578.6528242,1,0,858.6797485351562,383.2804260253906,834.0050048828125,850.454833984375
1789859578.663643,1,0,858.6797485351562,389.8603515625,832.3600463867188,860.32470703125
1789859578.6744041,1,0,865.2596435546875,444.1446838378906,824.1351318359375,853.7448120117188
1789859578.6858983,1,0,868.5496215820312,491.84912109375,824.1351318359375,861.9697265625
1789859578.6968842,1,0,866.9046630859375,485.2691955566406,820.84521484375,860.32470703125
1789859578.7075176,1,0,866.9046630859375,485.2691955566406,820.84521484375,860.32470703125
1789859578.7182348,1,0,866.9046630859375,485.2691955566406,820.84521484375,860.32470703125
1789859578.7294252,1,0,866.9046630859375,485.2691955566406,820.84521484375,860.32470703125
1789859578.7404165,1,0,850.454833984375,442.4997253417969,829.070068359375,860.32470703125
1789859578.7515085,1,0,850.454833984375,442.4997253417969,829.070068359375,860.32470703125
1789859578.762288,1,0,850.454833984375,442.4997253417969,829.070068359375,860.32470703125
1789859578.773412,1,0,850.454833984375,442.4997253417969,829.070068359375,860.32470703125
1789859578.7841113,1,0,863.6146850585938,450.724609375,829.070068359375,850.454833984375
1789859578.795012,1,0,858.6797485351562,452.3695983886719,827.4251098632812,855.3897705078125
1789859578.8070798,1,0,855.3897705078125,460.594482421875,827.4251098632812,850.454833984375
1789859578.818064,1,0,855.3897705078125,460.594482421875,827.4251098632812,850.454833984375
1789859578.8288414,1,0,847.1648559570312,516.5238037109375,838.9400024414062,858.6797485351562
1789859578.8400779,1,0,873.4845581054688,529.6836547851562,843.8749389648438,860.32470703125
1789859578.8510842,1,0,873.4845581054688,529.6836547851562,843.8749389648438,860.32470703125
1789859578.8621325,1,0,873.4845581054688,529.6836547851562,843.8749389648438,860.32470703125
1789859578.8728595,1,0,873.4845581054688,529.6836547851562,843.8749389648438,860.32470703125
1789859578.8838482,1,0,873.4845581054688,529.6836547851562,843.8749389648438,860.32470703125
1789859578.8948424,1,0,873.4845581054688,529.6836547851562,843.8749389648438,860.32470703125
1789859578.906043,1,0,868.5496215820312,593.837890625,822.4901733398438,847.1648559570312
1789859578.917198,1,0,853.7448120117188,615.22265625,824.1351318359375,834.0050048828125
1789859578.927904,1,0,853.7448120117188,615.22265625,824.1351318359375,834.0050048828125
1789859578.938556,1,0,853.7448120117188,615.22265625,824.1351318359375,834.0050048828125
1789859578.9493425,1,0,853.7448120117188,615.22265625,824.1351318359375,834.0050048828125
1789859578.9605641,1,0,853.7448120117188,615.22265625,824.1351318359375,834.0050048828125
1789859578.9714246,1,0,853.7448120117188,615.22265625,824.1351318359375,834.0050048828125
1789859578.9821675,1,0,853.7448120117188,615.22265625,824.1351318359375,834.0050048828125
1789859578.9927437,1,0,853.7448120117188,615.22265625,824.1351318359375,834.0050048828125
1789859579.0034251,1,0,853.7448120117188,615.22265625,824.1351318359375,834.0050048828125
1789859579.014089,1,0,857.0347290039062,630.0274658203125,822.4901733398438,837.2949829101562
1789859579.024943,1,0,835.6500244140625,674.4419555664062,835.6500244140625,825.7801513671875
1789859579.0355694,1,0,835.6500244140625,674.4419555664062,835.6500244140625,825.7801513671875
1789859579.0463912,1,0,778.07568359375,690.8917236328125,855.3897705078125,779.720703125
1789859579.057377,1,0,694.1817016601562,743.5311279296875,934.3488159179688,725.4363403320312
1789859579.0681717,1,0,694.1817016601562,743.5311279296875,934.3488159179688,725.4363403320312
1789859579.0789084,1,0,694.1817016601562,743.5311279296875,934.3488159179688,725.4363403320312
1789859579.0898035,1,0,694.1817016601562,743.5311279296875,934.3488159179688,725.4363403320312
1789859579.100881,1,0,694.1817016601562,743.5311279296875,934.3488159179688,725.4363403320312
1789859579.1120186,1,0,687.601806640625,738.59619140625,949.1536865234375,733.6612548828125
1789859579.1228843,1,0,662.9270629882812,759.9808959960938,986.9882202148438,725.4363403320312
1789859579.1335857,1,0,662.9270629882812,759.9808959960938,986.9882202148438,725.4363403320312
1789859579.1447625,1,0,662.9270629882812,759.9808959960938,986.9882202148438,725.4363403320312
1789859579.1559076,1,0,662.9270629882812,759.9808959960938,986.9882202148438,725.4363403320312
1789859579.1666486,1,0,662.9270629882812,759.9808959960938,986.9882202148438,725.4363403320312
1789859579.1778693,1,0,858.6797485351562,705.6965942382812,881.70947265625,891.579345703125
1789859579.1888306,1,0,858.6797485351562,705.6965942382812,881.70947265625,891.579345703125
1789859579.1995683,1,0,912.964111328125,700.7615966796875,850.454833984375,937.6387939453125
1789859579.2106218,1,0,921.18896484375,708.9865112304688,842.2299194335938,912.964111328125
1789859579.2215812,1,0,921.18896484375,708.9865112304688,842.2299194335938,912.964111328125
1789859579.2323964,1,0,929.4138793945312,718.8563842773438,829.070068359375,926.1239624023438
1789859579.243636,1,0,916.2540283203125,735.3062133789062,820.84521484375,912.964111328125
1789859579.254667,1,0,916.2540283203125,735.3062133789062,820.84521484375,912.964111328125
1789859579.2654665,1,0,916.2540283203125,735.3062133789062,820.84521484375,912.964111328125
1789859579.2764544,1,0,916.2540283203125,735.3062133789062,820.84521484375,912.964111328125
1789859579.2875938,1,0,916.2540283203125,735.3062133789062,820.84521484375,912.964111328125
1789859579.2986057,1,0,916.2540283203125,735.3062133789062,820.84521484375,912.964111328125
1789859579.309518,1,0,916.2540283203125,735.3062133789062,820.84521484375,912.964111328125
1789859579.320548,1,0,916.2540283203125,735.3062133789062,820.84521484375,912.964111328125
1789859579.3310122,1,0,916.2540283203125,735.3062133789062,820.84521484375,912.964111328125
1789859579.341649,1,0,916.2540283203125,735.3062133789062,820.84521484375,912.964111328125
1789859579.3524344,1,0,914.6090698242188,736.951171875,822.4901733398438,914.6090698242188
1789859579.3637574,1,0,909.6741333007812,748.466064453125,822.4901733398438,898.1592407226562
1789859579.3748753,1,0,880.064453125,778.07568359375,825.7801513671875,868.5496215820312
1789859579.3855922,1,0,883.3544311523438,794.5255126953125,814.2652587890625,861.9697265625
1789859579.3967881,1,0,883.3544311523438,794.5255126953125,814.2652587890625,861.9697265625
1789859579.4079802,1,0,883.3544311523438,794.5255126953125,814.2652587890625,861.9697265625
1789859579.4190784,0,0,883.3544311523438,794.5255126953125,814.2652587890625,861.9697265625
1789859579.429677,0,0,894.8693237304688,799.46044921875,815.9102783203125,870.194580078125
1789859579.4406393,0,0,904.7391967773438,799.46044921875,820.84521484375,889.9343872070312
1789859579.451633,0,0,886.6444091796875,796.1704711914062,825.7801513671875,871.839599609375
1789859579.462631,0,0,889.9343872070312,797.8154907226562,832.3600463867188,876.7745361328125
1789859579.4731386,0,0,878.4194946289062,799.46044921875,834.0050048828125,855.3897705078125
1789859579.4838727,0,0,878.4194946289062,799.46044921875,834.0050048828125,855.3897705078125
1789859579.4946058,0,0,878.4194946289062,799.46044921875,834.0050048828125,855.3897705078125
1789859579.5053895,0,0,878.4194946289062,799.46044921875,834.0050048828125,855.3897705078125
1789859579.5166156,0,0,878.4194946289062,799.46044921875,834.0050048828125,855.3897705078125
1789859579.5281334,0,0,878.4194946289062,799.46044921875,834.0050048828125,855.3897705078125
1789859579.538906,0,0,878.4194946289062,799.46044921875,834.0050048828125,855.3897705078125
1789859579.5495398,0,0,878.4194946289062,799.46044921875,834.0050048828125,855.3897705078125
1789859579.5604742,0,0,878.4194946289062,799.46044921875,834.0050048828125,855.3897705078125
1789859579.5719464,0,0,875.1295166015625,802.7504272460938,830.715087890625,866.9046630859375
1789859579.5830202,0,0,853.7448120117188,807.6853637695312,832.3600463867188,843.8749389648438
1789859579.5937166,0,0,853.7448120117188,807.6853637695312,832.3600463867188,843.8749389648438
1789859579.6047347,0,0,853.7448120117188,807.6853637695312,832.3600463867188,843.8749389648438
1789859579.616007,0,0,858.6797485351562,804.3953857421875,832.3600463867188,843.8749389648438
1789859579.627049,0,0,857.0347290039062,806.0403442382812,829.070068359375,832.3600463867188
1789859579.6377301,0,0,857.0347290039062,806.0403442382812,829.070068359375,832.3600463867188
1789859579.6484556,0,0,857.0347290039062,806.0403442382812,829.070068359375,832.3600463867188
1789859579.6592448,0,0,857.0347290039062,806.0403442382812,829.070068359375,832.3600463867188
1789859579.6697772,0,0,852.0997924804688,796.1704711914062,832.3600463867188,840.5849609375
1789859579.6808045,0,0,857.0347290039062,812.6203002929688,824.1351318359375,837.2949829101562
1789859579.6920571,0,0,857.0347290039062,812.6203002929688,824.1351318359375,837.2949829101562
1789859579.7028189,0,0,857.0347290039062,812.6203002929688,824.1351318359375,837.2949829101562
1789859579.7134154,0,0,857.0347290039062,812.6203002929688,824.1351318359375,837.2949829101562
1789859579.72396,0,0,857.0347290039062,812.6203002929688,824.1351318359375,837.2949829101562
1789859579.7350292,0,0,868.5496215820312,810.9752807617188,829.070068359375,842.2299194335938
1789859579.7459273,0,0,858.6797485351562,814.2652587890625,830.715087890625,837.2949829101562
1789859579.7564847,0,0,858.6797485351562,814.2652587890625,830.715087890625,837.2949829101562
1789859579.7673018,0,0,858.6797485351562,814.2652587890625,830.715087890625,837.2949829101562
1789859579.7780726,0,0,858.6797485351562,814.2652587890625,830.715087890625,837.2949829101562
1789859579.7891946,0,0,858.6797485351562,814.2652587890625,830.715087890625,837.2949829101562
1789859579.800225,0,0,855.3897705078125,812.6203002929688,837.2949829101562,838.9400024414062
1789859579.8110814,0,0,855.3897705078125,814.2652587890625,837.2949829101562,843.8749389648438
1789859579.8221335,0,0,855.3897705078125,814.2652587890625,837.2949829101562,843.8749389648438
1789859579.8328962,0,0,855.3897705078125,814.2652587890625,837.2949829101562,843.8749389648438
1789859579.844321,0,0,855.3897705078125,814.2652587890625,837.2949829101562,843.8749389648438
1789859579.8550966,0,0,855.3897705078125,814.2652587890625,837.2949829101562,843.8749389648438
1789859579.8665986,0,0,855.3897705078125,814.2652587890625,837.2949829101562,843.8749389648438
1789859579.8774977,0,0,860.32470703125,809.330322265625,835.6500244140625,848.8098754882812
1789859579.8889852,0,0,866.9046630859375,812.6203002929688,834.0050048828125,842.2299194335938
1789859579.8996136,0,0,852.0997924804688,809.330322265625,834.0050048828125,837.2949829101562
1789859579.9102802,0,0,853.7448120117188,807.6853637695312,825.7801513671875,832.3600463867188
1789859579.9214058,0,0,853.7448120117188,807.6853637695312,825.7801513671875,832.3600463867188
1789859579.9325395,0,0,853.7448120117188,807.6853637695312,825.7801513671875,832.3600463867188
1789859579.9435396,0,0,853.7448120117188,807.6853637695312,825.7801513671875,832.3600463867188
1789859579.9541745,0,0,853.7448120117188,807.6853637695312,825.7801513671875,832.3600463867188
1789859579.965115,0,0,853.7448120117188,807.6853637695312,825.7801513671875,832.3600463867188
1789859579.9755955,0,0,842.2299194335938,804.3953857421875,825.7801513671875,827.4251098632812
1789859579.9861507,0,0,848.8098754882812,804.3953857421875,822.4901733398438,834.0050048828125
1789859579.9971354,0,0,850.454833984375,807.6853637695312,825.7801513671875,847.1648559570312
1789859580.0087984,0,0,850.454833984375,810.9752807617188,829.070068359375,832.3600463867188
1789859580.0202446,0,0,850.454833984375,810.9752807617188,829.070068359375,832.3600463867188
1789859580.0312457,0,0,850.454833984375,810.9752807617188,829.070068359375,832.3600463867188
1789859580.0419736,0,0,850.454833984375,810.9752807617188,829.070068359375,832.3600463867188
1789859580.052677,0,0,855.3897705078125,806.0403442382812,827.4251098632812,830.715087890625
1789859580.0638852,1,0,855.3897705078125,806.0403442382812,827.4251098632812,830.715087890625
1789859580.074947,1,0,855.3897705078125,806.0403442382812,827.4251098632812,830.715087890625
1789859580.0859048,1,0,855.3897705078125,806.0403442382812,827.4251098632812,830.715087890625
1789859580.0965497,1,0,855.3897705078125,806.0403442382812,827.4251098632812,830.715087890625
1789859580.107591,1,0,855.3897705078125,815.9102783203125,820.84521484375,832.3600463867188
1789859580.1185741,1,0,797.8154907226562,815.9102783203125,858.6797485351562,799.46044921875
1789859580.1294675,1,0,797.8154907226562,815.9102783203125,858.6797485351562,799.46044921875
1789859580.1403046,1,0,797.8154907226562,815.9102783203125,858.6797485351562,799.46044921875
1789859580.1509418,1,0,797.8154907226562,815.9102783203125,858.6797485351562,799.46044921875
1789859580.161848,1,0,641.5423583984375,827.4251098632812,937.6387939453125,662.9270629882812
1789859580.1732538,1,0,657.9921264648438,824.1351318359375,950.7986450195312,679.3768920898438
1789859580.1839087,1,0,657.9921264648438,824.1351318359375,950.7986450195312,679.3768920898438
1789859580.195029,1,0,657.9921264648438,824.1351318359375,950.7986450195312,679.3768920898438
1789859580.2059174,1,0,657.9921264648438,824.1351318359375,950.7986450195312,679.3768920898438
1789859580.2167206,1,0,657.9921264648438,824.1351318359375,950.7986450195312,679.3768920898438
1789859580.2277322,1,0,657.9921264648438,824.1351318359375,950.7986450195312,679.3768920898438
1789859580.2389185,1,0,657.9921264648438,824.1351318359375,950.7986450195312,679.3768920898438
1789859580.2502007,1,0,657.9921264648438,824.1351318359375,950.7986450195312,679.3768920898438
1789859580.2610912,1,0,657.9921264648438,824.1351318359375,950.7986450195312,679.3768920898438
1789859580.2721207,1,0,657.9921264648438,824.1351318359375,950.7986450195312,679.3768920898438
1789859580.283394,1,0,664.5720825195312,825.7801513671875,947.5086669921875,708.9865112304688
1789859580.2947009,1,0,820.84521484375,860.32470703125,896.5142822265625,837.2949829101562
1789859580.30618,1,0,861.9697265625,860.32470703125,868.5496215820312,861.9697265625
1789859580.3170803,1,0,861.9697265625,860.32470703125,868.5496215820312,861.9697265625
1789859580.3281357,1,0,861.9697265625,860.32470703125,868.5496215820312,861.9697265625
1789859580.339044,1,0,861.9697265625,860.32470703125,868.5496215820312,861.9697265625
1789859580.3501556,1,0,861.9697265625,860.32470703125,868.5496215820312,861.9697265625
1789859580.361745,1,0,896.5142822265625,829.070068359375,834.0050048828125,912.964111328125
1789859580.3726761,1,0,896.5142822265625,829.070068359375,834.0050048828125,912.964111328125
1789859580.3836563,1,0,896.5142822265625,829.070068359375,834.0050048828125,912.964111328125
1789859580.3949018,1,0,904.7391967773438,810.9752807617188,814.2652587890625,881.70947265625
1789859580.4062886,1,0,912.964111328125,787.945556640625,807.6853637695312,914.6090698242188
1789859580.4176266,1,0,912.964111328125,787.945556640625,807.6853637695312,914.6090698242188
1789859580.4286447,1,0,912.964111328125,787.945556640625,807.6853637695312,914.6090698242188
1789859580.4393525,1,0,912.964111328125,787.945556640625,807.6853637695312,914.6090698242188
1789859580.4499025,1,0,912.964111328125,787.945556640625,807.6853637695312,914.6090698242188
1789859580.461113,1,0,912.964111328125,787.945556640625,807.6853637695312,914.6090698242188
1789859580.472231,1,0,912.964111328125,787.945556640625,807.6853637695312,914.6090698242188
1789859580.4829965,1,0,912.964111328125,787.945556640625,807.6853637695312,914.6090698242188
1789859580.4941344,1,0,912.964111328125,787.945556640625,807.6853637695312,914.6090698242188
1789859580.5052686,1,0,912.964111328125,787.945556640625,807.6853637695312,914.6090698242188
1789859580.5160663,1,0,912.964111328125,787.945556640625,807.6853637695312,914.6090698242188
1789859580.5271716,1,0,894.8693237304688,759.9808959960938,810.9752807617188,889.9343872070312
1789859580.5382578,1,0,893.2243041992188,750.1110229492188,819.2001953125,883.3544311523438
1789859580.5490034,1,0,886.6444091796875,751.7560424804688,819.2001953125,880.064453125
1789859580.5606315,1,0,878.4194946289062,755.0459594726562,820.84521484375,861.9697265625
1789859580.5720844,1,0,866.9046630859375,766.5608520507812,824.1351318359375,855.3897705078125
1789859580.5829418,1,0,866.9046630859375,766.5608520507812,824.1351318359375,855.3897705078125
1789859580.5938902,1,0,866.9046630859375,766.5608520507812,824.1351318359375,855.3897705078125
1789859580.6048164,1,0,866.9046630859375,766.5608520507812,824.1351318359375,855.3897705078125
1789859580.6153464,1,0,866.9046630859375,766.5608520507812,824.1351318359375,855.3897705078125
1789859580.625931,1,0,866.9046630859375,766.5608520507812,824.1351318359375,855.3897705078125
1789859580.636783,1,0,866.9046630859375,766.5608520507812,824.1351318359375,855.3897705078125
1789859580.647572,1,0,866.9046630859375,766.5608520507812,824.1351318359375,855.3897705078125
1789859580.658261,1,0,866.9046630859375,766.5608520507812,824.1351318359375,855.3897705078125
1789859580.669421,1,0,866.9046630859375,766.5608520507812,824.1351318359375,855.3897705078125
1789859580.6804268,1,0,866.9046630859375,766.5608520507812,824.1351318359375,855.3897705078125
1789859580.6915028,1,0,866.9046630859375,766.5608520507812,824.1351318359375,855.3897705078125
1789859580.7026105,1,0,866.9046630859375,766.5608520507812,824.1351318359375,855.3897705078125
1789859580.7137318,1,0,866.9046630859375,766.5608520507812,824.1351318359375,855.3897705078125
1789859580.7249033,1,0,863.6146850585938,779.720703125,820.84521484375,845.5198974609375
1789859580.7359762,1,0,705.6965942382812,845.5198974609375,748.466064453125,687.601806640625
1789859580.7471519,1,0,705.6965942382812,845.5198974609375,748.466064453125,687.601806640625
1789859580.7579892,1,0,662.9270629882812,1148.1962890625,880.064453125,648.1222534179688
1789859580.7686577,1,0,662.9270629882812,1148.1962890625,880.064453125,648.1222534179688
1789859580.7796013,1,0,587.2579956054688,1345.5938720703125,889.9343872070312,556.0033569335938
1789859580.7910047,1,0,646.477294921875,1506.802001953125,804.3953857421875,623.4475708007812
1789859580.8022156,1,0,646.477294921875,1506.802001953125,804.3953857421875,623.4475708007812
1789859580.8129005,1,0,646.477294921875,1506.802001953125,804.3953857421875,623.4475708007812
1789859580.8237243,1,0,646.477294921875,1506.802001953125,804.3953857421875,623.4475708007812
1789859580.8346367,1,0,646.477294921875,1506.802001953125,804.3953857421875,623.4475708007812
1789859580.8453321,1,0,784.6556396484375,1496.93212890625,774.7857666015625,735.3062133789062
1789859580.8558683,1,0,784.6556396484375,1496.93212890625,774.7857666015625,735.3062133789062
1789859580.866399,1,0,784.6556396484375,1496.93212890625,774.7857666015625,735.3062133789062
1789859580.8771195,1,0,784.6556396484375,1496.93212890625,774.7857666015625,735.3062133789062
1789859580.888131,1,0,784.6556396484375,1496.93212890625,774.7857666015625,735.3062133789062
1789859580.898851,1,0,827.4251098632812,1562.7313232421875,779.720703125,797.8154907226562
1789859580.910026,1,0,873.4845581054688,1465.677490234375,763.2708740234375,814.2652587890625
1789859580.9210346,1,0,873.4845581054688,1465.677490234375,763.2708740234375,814.2652587890625
1789859580.9316723,1,0,873.4845581054688,1465.677490234375,763.2708740234375,814.2652587890625
1789859580.94226,1,0,873.4845581054688,1465.677490234375,763.2708740234375,814.2652587890625
1789859580.9532468,1,0,873.4845581054688,1465.677490234375,763.2708740234375,814.2652587890625
1789859580.9642665,1,0,906.3841552734375,1386.7183837890625,786.3005981445312,843.8749389648438
1789859580.9753804,1,0,860.32470703125,1353.81884765625,769.850830078125,857.0347290039062
1789859580.9862318,1,0,860.32470703125,1353.81884765625,769.850830078125,857.0347290039062
1789859580.997534,1,0,860.32470703125,1353.81884765625,769.850830078125,857.0347290039062
1789859581.0083082,1,0,853.7448120117188,1360.3988037109375,802.7504272460938,843.8749389648438
1789859581.0190165,1,0,853.7448120117188,1281.439697265625,792.8805541992188,873.4845581054688
1789859581.0299656,1,0,853.7448120117188,1281.439697265625,792.8805541992188,873.4845581054688
1789859581.0405464,1,0,853.7448120117188,1281.439697265625,792.8805541992188,873.4845581054688
1789859581.0516925,1,0,853.7448120117188,1281.439697265625,792.8805541992188,873.4845581054688
1789859581.0630393,1,0,853.7448120117188,1281.439697265625,792.8805541992188,873.4845581054688
1789859581.0740333,1,0,853.7448120117188,1281.439697265625,792.8805541992188,873.4845581054688
1789859581.0849917,1,0,837.2949829101562,1340.658935546875,809.330322265625,870.194580078125
1789859581.096001,1,0,860.32470703125,1116.941650390625,829.070068359375,863.6146850585938
1789859581.107133,1,0,860.32470703125,1116.941650390625,829.070068359375,863.6146850585938
1789859581.1182148,1,0,860.32470703125,1116.941650390625,829.070068359375,863.6146850585938
1789859581.1295788,1,0,843.8749389648438,906.3841552734375,829.070068359375,863.6146850585938
1789859581.1406796,1,0,843.8749389648438,906.3841552734375,829.070068359375,863.6146850585938
1789859581.152019,1,0,843.8749389648438,906.3841552734375,829.070068359375,863.6146850585938
1789859581.1630936,1,0,843.8749389648438,906.3841552734375,829.070068359375,863.6146850585938
1789859581.1738493,1,0,843.8749389648438,906.3841552734375,829.070068359375,863.6146850585938
1789859581.1845925,1,0,843.8749389648438,906.3841552734375,829.070068359375,863.6146850585938
1789859581.196278,1,0,843.8749389648438,906.3841552734375,829.070068359375,863.6146850585938
1789859581.2078547,1,0,814.2652587890625,610.2877197265625,817.5552368164062,829.070068359375
1789859581.2189636,1,0,792.8805541992188,511.5888977050781,822.4901733398438,814.2652587890625
1789859581.229879,1,0,792.8805541992188,511.5888977050781,822.4901733398438,814.2652587890625
1789859581.240865,1,0,787.945556640625,394.7952880859375,834.0050048828125,822.4901733398438
1789859581.252054,1,0,863.6146850585938,463.88446044921875,801.1054077148438,906.3841552734375
1789859581.2629867,1,0,863.6146850585938,463.88446044921875,801.1054077148438,906.3841552734375
1789859581.2737398,1,0,863.6146850585938,463.88446044921875,801.1054077148438,906.3841552734375
1789859581.2845738,1,0,863.6146850585938,463.88446044921875,801.1054077148438,906.3841552734375
1789859581.2957003,1,0,860.32470703125,495.1390686035156,829.070068359375,888.2893676757812
1789859581.3070216,1,0,860.32470703125,495.1390686035156,829.070068359375,888.2893676757812
1789859581.318135,1,0,860.32470703125,495.1390686035156,829.070068359375,888.2893676757812
1789859581.329258,0,0,860.32470703125,495.1390686035156,829.070068359375,888.2893676757812
1789859581.340354,0,0,860.32470703125,495.1390686035156,829.070068359375,888.2893676757812
1789859581.351426,0,0,860.32470703125,495.1390686035156,829.070068359375,888.2893676757812
1789859581.3625915,0,0,845.5198974609375,597.1278686523438,835.6500244140625,880.064453125
1789859581.3738215,0,0,830.715087890625,679.3768920898438,840.5849609375,853.7448120117188
1789859581.384824,0,0,830.715087890625,679.3768920898438,840.5849609375,853.7448120117188
1789859581.3960254,0,0,830.715087890625,679.3768920898438,840.5849609375,853.7448120117188
1789859581.4067225,0,0,830.715087890625,679.3768920898438,840.5849609375,853.7448120117188
1789859581.417927,0,0,830.715087890625,679.3768920898438,840.5849609375,853.7448120117188
1789859581.4286153,0,0,830.715087890625,679.3768920898438,840.5849609375,853.7448120117188
1789859581.4392865,0,0,830.715087890625,679.3768920898438,840.5849609375,853.7448120117188
1789859581.4499772,0,0,830.715087890625,679.3768920898438,840.5849609375,853.7448120117188
1789859581.4615498,0,0,886.6444091796875,582.3230590820312,852.0997924804688,871.839599609375
1789859581.4730954,0,0,881.70947265625,605.352783203125,852.0997924804688,861.9697265625
1789859581.4841862,0,0,881.70947265625,605.352783203125,852.0997924804688,861.9697265625
1789859581.4951768,0,0,881.70947265625,605.352783203125,852.0997924804688,861.9697265625
1789859581.505898,0,0,878.4194946289062,605.352783203125,848.8098754882812,858.6797485351562
1789859581.5171914,0,0,878.4194946289062,605.352783203125,848.8098754882812,858.6797485351562
1789859581.5287392,0,0,884.9994506835938,608.6427001953125,852.0997924804688,861.9697265625
1789859581.5395,0,0,884.9994506835938,608.6427001953125,852.0997924804688,861.9697265625
1789859581.550793,0,0,884.9994506835938,608.6427001953125,852.0997924804688,861.9697265625
1789859581.5616844,0,0,884.9994506835938,608.6427001953125,852.0997924804688,861.9697265625
1789859581.5723343,0,0,884.9994506835938,608.6427001953125,852.0997924804688,861.9697265625
1789859581.5837,0,0,884.9994506835938,608.6427001953125,852.0997924804688,861.9697265625
1789859581.5946996,0,0,884.9994506835938,608.6427001953125,852.0997924804688,861.9697265625
1789859581.6058002,0,0,884.9994506835938,608.6427001953125,852.0997924804688,861.9697265625
1789859581.6172624,0,0,876.7745361328125,638.2523803710938,842.2299194335938,860.32470703125
1789859581.6287754,0,0,865.2596435546875,681.0218505859375,840.5849609375,847.1648559570312
1789859581.6399133,0,0,871.839599609375,667.8619995117188,842.2299194335938,852.0997924804688
1789859581.6507013,0,0,871.839599609375,667.8619995117188,842.2299194335938,852.0997924804688
1789859581.6613336,0,0,871.839599609375,667.8619995117188,842.2299194335938,852.0997924804688
1789859581.6721926,0,0,871.839599609375,667.8619995117188,842.2299194335938,852.0997924804688
1789859581.6830192,0,0,871.839599609375,667.8619995117188,842.2299194335938,852.0997924804688
1789859581.6941445,0,0,871.839599609375,667.8619995117188,842.2299194335938,852.0997924804688
1789859581.7047915,0,0,871.839599609375,667.8619995117188,842.2299194335938,852.0997924804688
1789859581.7156956,0,0,868.5496215820312,685.956787109375,835.6500244140625,842.2299194335938
1789859581.7269971,0,0,866.9046630859375,720.5014038085938,842.2299194335938,866.9046630859375
1789859581.73815,0,0,866.9046630859375,728.726318359375,837.2949829101562,847.1648559570312
1789859581.7491224,0,0,871.839599609375,730.3712768554688,832.3600463867188,835.6500244140625
1789859581.7601829,0,0,883.3544311523438,727.081298828125,834.0050048828125,843.8749389648438
1789859581.7714663,0,0,870.194580078125,718.8563842773438,837.2949829101562,850.454833984375
1789859581.782068,0,0,870.194580078125,718.8563842773438,837.2949829101562,850.454833984375
1789859581.7928698,0,0,870.194580078125,718.8563842773438,837.2949829101562,850.454833984375
1789859581.8035197,0,0,870.194580078125,718.8563842773438,837.2949829101562,850.454833984375
1789859581.814242,0,0,870.194580078125,718.8563842773438,837.2949829101562,850.454833984375
1789859581.8247192,0,0,870.194580078125,718.8563842773438,837.2949829101562,850.454833984375
1789859581.8354998,0,0,870.194580078125,718.8563842773438,837.2949829101562,850.454833984375
1789859581.8463423,0,0,870.194580078125,718.8563842773438,837.2949829101562,850.454833984375
1789859581.8575902,0,0,870.194580078125,718.8563842773438,837.2949829101562,850.454833984375
1789859581.8683124,0,0,870.194580078125,718.8563842773438,837.2949829101562,850.454833984375
1789859581.8793094,0,0,870.194580078125,718.8563842773438,837.2949829101562,850.454833984375
1789859581.8902318,0,0,870.194580078125,718.8563842773438,837.2949829101562,850.454833984375
1789859581.9008453,0,0,870.194580078125,718.8563842773438,837.2949829101562,850.454833984375
1789859581.9119048,0,0,870.194580078125,718.8563842773438,837.2949829101562,850.454833984375
1789859581.9227586,0,0,870.194580078125,718.8563842773438,837.2949829101562,850.454833984375
1789859581.9335449,0,0,870.194580078125,718.8563842773438,837.2949829101562,850.454833984375
1789859581.944743,0,0,870.194580078125,718.8563842773438,837.2949829101562,850.454833984375
1789859581.9558604,0,0,870.194580078125,718.8563842773438,837.2949829101562,850.454833984375
1789859581.967467,0,0,870.194580078125,718.8563842773438,837.2949829101562,850.454833984375
1789859581.9781752,0,0,870.194580078125,718.8563842773438,837.2949829101562,850.454833984375
1789859581.9888654,0,0,870.194580078125,718.8563842773438,837.2949829101562,850.454833984375
1789859582.000055,0,0,863.6146850585938,732.0162353515625,845.5198974609375,855.3897705078125
1789859582.011459,0,0,855.3897705078125,746.8211059570312,830.715087890625,837.2949829101562
1789859582.022518,0,0,860.32470703125,764.9158325195312,825.7801513671875,820.84521484375
1789859582.033294,0,0,860.32470703125,764.9158325195312,825.7801513671875,820.84521484375
1789859582.0440428,0,0,860.32470703125,764.9158325195312,825.7801513671875,820.84521484375
1789859582.0548723,0,0,860.32470703125,764.9158325195312,825.7801513671875,820.84521484375
1789859582.0653892,0,0,852.0997924804688,766.5608520507812,829.070068359375,845.5198974609375
1789859582.076627,0,0,852.0997924804688,766.5608520507812,829.070068359375,845.5198974609375
1789859582.0874405,0,0,852.0997924804688,766.5608520507812,829.070068359375,845.5198974609375
1789859582.0979989,0,0,852.0997924804688,766.5608520507812,829.070068359375,845.5198974609375
1789859582.1089268,0,0,852.0997924804688,766.5608520507812,829.070068359375,845.5198974609375
1789859582.1198308,0,0,852.0997924804688,766.5608520507812,829.070068359375,845.5198974609375
1789859582.130421,0,0,852.0997924804688,766.5608520507812,829.070068359375,845.5198974609375
1789859582.1411903,0,0,852.0997924804688,766.5608520507812,829.070068359375,845.5198974609375
1789859582.1521518,0,0,852.0997924804688,766.5608520507812,829.070068359375,845.5198974609375
1789859582.162797,0,0,852.0997924804688,766.5608520507812,829.070068359375,845.5198974609375
1789859582.1735983,0,0,852.0997924804688,766.5608520507812,829.070068359375,845.5198974609375
1789859582.184708,0,0,852.0997924804688,766.5608520507812,829.070068359375,845.5198974609375
1789859582.1954062,0,0,852.0997924804688,766.5608520507812,829.070068359375,845.5198974609375
1789859582.2064407,0,0,852.0997924804688,766.5608520507812,829.070068359375,845.5198974609375
1789859582.217914,0,0,852.0997924804688,766.5608520507812,829.070068359375,845.5198974609375
1789859582.2286556,0,0,852.0997924804688,766.5608520507812,829.070068359375,845.5198974609375
1789859582.2396219,0,0,852.0997924804688,766.5608520507812,829.070068359375,845.5198974609375
1789859582.2506595,0,0,852.0997924804688,766.5608520507812,829.070068359375,845.5198974609375
1789859582.2617393,0,0,850.454833984375,771.4957885742188,827.4251098632812,830.715087890625
1789859582.2729778,0,0,852.0997924804688,776.4307250976562,827.4251098632812,852.0997924804688
1789859582.2839973,0,0,863.6146850585938,784.6556396484375,825.7801513671875,835.6500244140625
1789859582.2948096,0,0,853.7448120117188,796.1704711914062,812.6203002929688,809.330322265625
1789859582.3060327,0,0,847.1648559570312,799.46044921875,812.6203002929688,825.7801513671875
1789859582.3173194,0,0,848.8098754882812,776.4307250976562,820.84521484375,820.84521484375
1789859582.328201,0,0,825.7801513671875,792.8805541992188,829.070068359375,824.1351318359375
1789859582.3395743,0,0,825.7801513671875,792.8805541992188,829.070068359375,824.1351318359375
1789859582.3507586,0,0,751.7560424804688,802.7504272460938,937.6387939453125,769.850830078125
1789859582.361432,1,0,779.720703125,787.945556640625,944.2186889648438,812.6203002929688
1789859582.3725493,1,0,802.7504272460938,786.3005981445312,935.9938354492188,822.4901733398438
1789859582.3835268,1,0,875.1295166015625,758.3359375,896.5142822265625,893.2243041992188
1789859582.3947275,1,0,889.9343872070312,758.3359375,863.6146850585938,906.3841552734375
1789859582.405993,1,0,888.2893676757812,781.3656616210938,845.5198974609375,899.8042602539062
1789859582.416802,1,0,880.064453125,794.5255126953125,842.2299194335938,868.5496215820312
1789859582.4275956,1,0,880.064453125,794.5255126953125,842.2299194335938,868.5496215820312
1789859582.4385338,1,0,880.064453125,794.5255126953125,842.2299194335938,868.5496215820312
1789859582.4491081,1,0,880.064453125,794.5255126953125,842.2299194335938,868.5496215820312
1789859582.4596999,1,0,880.064453125,794.5255126953125,842.2299194335938,868.5496215820312
1789859582.4707892,1,0,873.4845581054688,794.5255126953125,835.6500244140625,860.32470703125
1789859582.4816868,1,0,886.6444091796875,792.8805541992188,832.3600463867188,866.9046630859375
1789859582.4927416,1,0,886.6444091796875,792.8805541992188,832.3600463867188,866.9046630859375
1789859582.5037317,1,0,886.6444091796875,792.8805541992188,832.3600463867188,866.9046630859375
1789859582.5147667,1,0,886.6444091796875,792.8805541992188,832.3600463867188,866.9046630859375
1789859582.5253336,1,0,886.6444091796875,792.8805541992188,832.3600463867188,866.9046630859375
1789859582.5360794,1,0,886.6444091796875,792.8805541992188,832.3600463867188,866.9046630859375
1789859582.5467403,1,0,886.6444091796875,792.8805541992188,832.3600463867188,866.9046630859375
1789859582.5576932,1,0,886.6444091796875,792.8805541992188,832.3600463867188,866.9046630859375
1789859582.5683124,1,0,886.6444091796875,792.8805541992188,832.3600463867188,866.9046630859375
1789859582.5790005,1,0,875.1295166015625,789.590576171875,830.715087890625,861.9697265625
1789859582.5900884,1,0,875.1295166015625,789.590576171875,830.715087890625,861.9697265625
1789859582.6011605,1,0,875.1295166015625,789.590576171875,830.715087890625,861.9697265625
1789859582.6121902,1,0,875.1295166015625,789.590576171875,830.715087890625,861.9697265625
1789859582.6231353,1,0,871.839599609375,792.8805541992188,832.3600463867188,853.7448120117188
1789859582.6341527,1,0,866.9046630859375,801.1054077148438,834.0050048828125,858.6797485351562
1789859582.6452024,1,0,866.9046630859375,801.1054077148438,834.0050048828125,858.6797485351562
1789859582.6559534,1,0,866.9046630859375,801.1054077148438,834.0050048828125,858.6797485351562
1789859582.6666987,1,0,866.9046630859375,801.1054077148438,834.0050048828125,858.6797485351562
1789859582.6778796,1,0,873.4845581054688,792.8805541992188,840.5849609375,857.0347290039062
1789859582.6888387,1,0,873.4845581054688,792.8805541992188,840.5849609375,857.0347290039062
1789859582.6995466,1,0,873.4845581054688,792.8805541992188,840.5849609375,857.0347290039062
1789859582.7104185,1,0,873.4845581054688,792.8805541992188,840.5849609375,857.0347290039062
1789859582.7215843,1,0,873.4845581054688,792.8805541992188,840.5849609375,857.0347290039062
1789859582.7328005,1,0,860.32470703125,797.8154907226562,840.5849609375,845.5198974609375
1789859582.743989,1,0,852.0997924804688,802.7504272460938,837.2949829101562,853.7448120117188
1789859582.7549765,1,0,858.6797485351562,801.1054077148438,834.0050048828125,834.0050048828125
1789859582.7657175,1,0,858.6797485351562,801.1054077148438,834.0050048828125,834.0050048828125
1789859582.7769744,1,0,860.32470703125,797.8154907226562,834.0050048828125,860.32470703125
1789859582.7878633,1,0,860.32470703125,797.8154907226562,834.0050048828125,860.32470703125
1789859582.7988024,1,0,860.32470703125,797.8154907226562,834.0050048828125,860.32470703125
1789859582.8096523,1,0,860.32470703125,797.8154907226562,834.0050048828125,860.32470703125
1789859582.8206158,1,0,860.32470703125,797.8154907226562,834.0050048828125,860.32470703125
1789859582.83129,1,0,868.5496215820312,806.0403442382812,837.2949829101562,842.2299194335938
1789859582.8417733,1,0,845.5198974609375,796.1704711914062,838.9400024414062,852.0997924804688
1789859582.8530405,1,0,845.5198974609375,796.1704711914062,838.9400024414062,852.0997924804688
1789859582.8640213,1,0,845.5198974609375,796.1704711914062,838.9400024414062,852.0997924804688
1789859582.8753042,1,0,845.5198974609375,796.1704711914062,838.9400024414062,852.0997924804688
1789859582.8860533,1,0,845.5198974609375,796.1704711914062,838.9400024414062,852.0997924804688
1789859582.8968432,1,0,845.5198974609375,796.1704711914062,838.9400024414062,852.0997924804688
1789859582.9080625,1,0,845.5198974609375,796.1704711914062,838.9400024414062,852.0997924804688
1789859582.918734,1,0,845.5198974609375,796.1704711914062,838.9400024414062,852.0997924804688
1789859582.9294925,1,0,845.5198974609375,796.1704711914062,838.9400024414062,852.0997924804688
1789859582.9406054,1,0,845.5198974609375,796.1704711914062,838.9400024414062,852.0997924804688
1789859582.9515834,1,0,845.5198974609375,796.1704711914062,838.9400024414062,852.0997924804688
1789859582.9624481,1,0,845.5198974609375,796.1704711914062,838.9400024414062,852.0997924804688
1789859582.9731357,1,0,845.5198974609375,796.1704711914062,838.9400024414062,852.0997924804688
1789859582.9839768,1,0,845.5198974609375,796.1704711914062,838.9400024414062,852.0997924804688
1789859582.9949267,1,0,845.5198974609375,796.1704711914062,838.9400024414062,852.0997924804688
1789859583.0059166,1,0,845.5198974609375,796.1704711914062,838.9400024414062,852.0997924804688
1789859583.0168428,1,0,845.5198974609375,796.1704711914062,838.9400024414062,852.0997924804688
1789859583.027755,1,0,853.7448120117188,797.8154907226562,842.2299194335938,850.454833984375
1789859583.038952,1,0,852.0997924804688,806.0403442382812,834.0050048828125,855.3897705078125
1789859583.0497713,1,0,852.0997924804688,806.0403442382812,834.0050048828125,855.3897705078125
1789859583.0607226,1,0,852.0997924804688,806.0403442382812,834.0050048828125,855.3897705078125
1789859583.0715768,1,0,852.0997924804688,806.0403442382812,834.0050048828125,855.3897705078125
1789859583.0823698,1,0,852.0997924804688,806.0403442382812,834.0050048828125,855.3897705078125
1789859583.092913,1,0,852.0997924804688,806.0403442382812,834.0050048828125,855.3897705078125
1789859583.1037312,1,0,852.0997924804688,806.0403442382812,834.0050048828125,855.3897705078125
1789859583.1146789,1,0,852.0997924804688,806.0403442382812,834.0050048828125,855.3897705078125
1789859583.125224,1,0,852.0997924804688,806.0403442382812,834.0050048828125,855.3897705078125
1789859583.1359348,1,0,852.0997924804688,806.0403442382812,834.0050048828125,855.3897705078125
1789859583.1466727,1,0,852.0997924804688,806.0403442382812,834.0050048828125,855.3897705078125
1789859583.1575153,1,0,852.0997924804688,806.0403442382812,834.0050048828125,855.3897705078125
1789859583.1682863,1,0,852.0997924804688,806.0403442382812,834.0050048828125,855.3897705078125
1789859583.1790876,1,0,852.0997924804688,806.0403442382812,834.0050048828125,855.3897705078125
1789859583.1902697,1,0,852.0997924804688,806.0403442382812,834.0050048828125,855.3897705078125
1789859583.2014167,1,0,852.0997924804688,806.0403442382812,834.0050048828125,855.3897705078125
1789859583.2121122,1,0,852.0997924804688,806.0403442382812,834.0050048828125,855.3897705078125
1789859583.2227755,1,0,852.0997924804688,806.0403442382812,834.0050048828125,855.3897705078125
1789859583.2335777,1,0,852.0997924804688,806.0403442382812,834.0050048828125,855.3897705078125
1789859583.2443206,1,0,852.0997924804688,806.0403442382812,834.0050048828125,855.3897705078125
1789859583.2550414,1,0,852.0997924804688,806.0403442382812,834.0050048828125,855.3897705078125
1789859583.2661288,1,0,852.0997924804688,806.0403442382812,834.0050048828125,855.3897705078125
1789859583.2771695,1,0,852.0997924804688,806.0403442382812,834.0050048828125,855.3897705078125
1789859583.2878258,1,0,852.0997924804688,806.0403442382812,834.0050048828125,855.3897705078125
1789859583.298513,1,0,852.0997924804688,806.0403442382812,834.0050048828125,855.3897705078125
1789859583.3100882,1,0,853.7448120117188,796.1704711914062,834.0050048828125,860.32470703125
1789859583.321212,1,0,837.2949829101562,783.0106201171875,802.7504272460938,822.4901733398438
1789859583.3326797,1,0,835.6500244140625,796.1704711914062,820.84521484375,829.070068359375
1789859583.3435204,1,0,842.2299194335938,807.6853637695312,827.4251098632812,858.6797485351562
1789859583.3546705,1,0,807.6853637695312,842.2299194335938,789.590576171875,768.205810546875
1789859583.3653302,1,0,860.32470703125,983.6982421875,894.8693237304688,899.8042602539062
1789859583.3761656,1,0,781.3656616210938,1608.790771484375,763.2708740234375,715.5664672851562
1789859583.386936,1,0,733.6612548828125,1653.2052001953125,753.4010009765625,712.2764892578125
1789859583.3977773,1,0,886.6444091796875,1635.1104736328125,842.2299194335938,834.0050048828125
1789859583.4088466,1,0,891.579345703125,1654.8502197265625,806.0403442382812,817.5552368164062
1789859583.419811,1,0,934.3488159179688,1653.2052001953125,829.070068359375,840.5849609375
1789859583.4311597,1,0,934.3488159179688,1653.2052001953125,829.070068359375,840.5849609375
1789859583.4427931,1,0,940.9287719726562,1651.560302734375,830.715087890625,835.6500244140625
1789859583.4537816,1,0,914.6090698242188,1475.54736328125,857.0347290039062,835.6500244140625
1789859583.4647448,1,0,914.6090698242188,1475.54736328125,857.0347290039062,835.6500244140625
1789859583.4757445,1,0,914.6090698242188,1475.54736328125,857.0347290039062,835.6500244140625
1789859583.487392,1,0,875.1295166015625,1325.8541259765625,850.454833984375,730.3712768554688
1789859583.4982944,1,0,967.2484130859375,1125.16650390625,850.454833984375,783.0106201171875
1789859583.5088882,1,0,967.2484130859375,1125.16650390625,850.454833984375,783.0106201171875
1789859583.5195565,1,0,967.2484130859375,1125.16650390625,850.454833984375,783.0106201171875
1789859583.5305192,1,0,967.2484130859375,1125.16650390625,850.454833984375,783.0106201171875
1789859583.5413582,1,0,967.2484130859375,1125.16650390625,850.454833984375,783.0106201171875
1789859583.552353,1,0,967.2484130859375,1125.16650390625,850.454833984375,783.0106201171875
1789859583.563416,1,0,967.2484130859375,1125.16650390625,850.454833984375,783.0106201171875
1789859583.574501,1,0,967.2484130859375,1125.16650390625,850.454833984375,783.0106201171875
1789859583.5851378,1,0,967.2484130859375,1125.16650390625,850.454833984375,783.0106201171875
1789859583.596123,1,0,967.2484130859375,1125.16650390625,850.454833984375,783.0106201171875
1789859583.6074283,1,0,924.4789428710938,1057.722412109375,847.1648559570312,735.3062133789062
1789859583.6184788,1,0,980.4082641601562,1082.3970947265625,921.18896484375,786.3005981445312
1789859583.6295528,1,0,931.0588989257812,1028.1126708984375,909.6741333007812,769.850830078125
1789859583.6402712,1,0,931.0588989257812,1028.1126708984375,909.6741333007812,769.850830078125
1789859583.6512883,1,0,931.0588989257812,1028.1126708984375,909.6741333007812,769.850830078125
1789859583.6618953,1,0,988.6331787109375,786.3005981445312,894.8693237304688,799.46044921875
1789859583.6729271,1,0,1024.82275390625,598.7728271484375,863.6146850585938,835.6500244140625
1789859583.684129,1,0,1024.82275390625,598.7728271484375,863.6146850585938,835.6500244140625
1789859583.6949623,1,0,1013.307861328125,638.2523803710938,871.839599609375,838.9400024414062
1789859583.7058537,1,0,1051.1424560546875,444.1446838378906,843.8749389648438,855.3897705078125
1789859583.7169209,1,0,1037.9825439453125,370.1205749511719,835.6500244140625,868.5496215820312
1789859583.7279692,1,0,1037.9825439453125,370.1205749511719,835.6500244140625,868.5496215820312
1789859583.7388816,1,0,1037.9825439453125,370.1205749511719,835.6500244140625,868.5496215820312
1789859583.7495756,1,0,1037.9825439453125,370.1205749511719,835.6500244140625,868.5496215820312
1789859583.760496,1,0,1037.9825439453125,370.1205749511719,835.6500244140625,868.5496215820312
1789859583.7715027,1,0,1037.9825439453125,370.1205749511719,835.6500244140625,868.5496215820312
1789859583.7823052,1,0,1037.9825439453125,370.1205749511719,835.6500244140625,868.5496215820312
1789859583.7934237,1,0,1037.9825439453125,370.1205749511719,835.6500244140625,868.5496215820312
1789859583.8039982,1,0,1037.9825439453125,370.1205749511719,835.6500244140625,868.5496215820312
1789859583.8149118,1,0,1037.9825439453125,370.1205749511719,835.6500244140625,868.5496215820312
1789859583.8257847,1,0,1037.9825439453125,370.1205749511719,835.6500244140625,868.5496215820312
1789859583.836554,1,0,1037.9825439453125,370.1205749511719,835.6500244140625,868.5496215820312
1789859583.8475392,1,0,1037.9825439453125,370.1205749511719,835.6500244140625,868.5496215820312
1789859583.8582687,1,0,1037.9825439453125,370.1205749511719,835.6500244140625,868.5496215820312
1789859583.8692331,1,0,1037.9825439453125,370.1205749511719,835.6500244140625,868.5496215820312
1789859583.8798454,1,0,1037.9825439453125,370.1205749511719,835.6500244140625,868.5496215820312
1789859583.8906593,1,0,1046.20751953125,159.56309509277344,815.9102783203125,873.4845581054688
1789859583.9018307,1,0,1046.20751953125,159.56309509277344,815.9102783203125,873.4845581054688
1789859583.9128938,1,0,1059.3673095703125,217.1374053955078,824.1351318359375,873.4845581054688
1789859583.9237514,1,0,908.0291748046875,250.03701782226562,860.32470703125,896.5142822265625
1789859583.9347975,1,0,908.0291748046875,250.03701782226562,860.32470703125,896.5142822265625
1789859583.9458804,1,0,906.3841552734375,352.0257873535156,855.3897705078125,896.5142822265625
1789859583.957479,1,0,891.579345703125,394.7952880859375,857.0347290039062,888.2893676757812
1789859583.9683125,1,0,891.579345703125,394.7952880859375,857.0347290039062,888.2893676757812
1789859583.9789424,1,0,899.8042602539062,445.7896728515625,847.1648559570312,865.2596435546875
1789859583.989717,1,0,899.8042602539062,445.7896728515625,847.1648559570312,865.2596435546875
1789859584.0003953,1,0,899.8042602539062,445.7896728515625,847.1648559570312,865.2596435546875
1789859584.011052,1,0,899.8042602539062,445.7896728515625,847.1648559570312,865.2596435546875
1789859584.0217052,1,0,899.8042602539062,445.7896728515625,847.1648559570312,865.2596435546875
1789859584.0322523,1,0,899.8042602539062,445.7896728515625,847.1648559570312,865.2596435546875
1789859584.0429368,1,0,899.8042602539062,445.7896728515625,847.1648559570312,865.2596435546875
1789859584.053864,1,0,899.8042602539062,445.7896728515625,847.1648559570312,865.2596435546875
1789859584.064881,1,0,899.8042602539062,445.7896728515625,847.1648559570312,865.2596435546875
1789859584.0755632,1,0,899.8042602539062,445.7896728515625,847.1648559570312,865.2596435546875
1789859584.086574,1,0,899.8042602539062,445.7896728515625,847.1648559570312,865.2596435546875
1789859584.0971532,1,0,899.8042602539062,445.7896728515625,847.1648559570312,865.2596435546875
1789859584.1078074,1,0,899.8042602539062,445.7896728515625,847.1648559570312,865.2596435546875
1789859584.1184597,1,0,899.8042602539062,445.7896728515625,847.1648559570312,865.2596435546875
1789859584.129446,1,0,899.8042602539062,445.7896728515625,847.1648559570312,865.2596435546875
1789859584.1402495,1,0,899.8042602539062,445.7896728515625,847.1648559570312,865.2596435546875
1789859584.151209,1,0,899.8042602539062,445.7896728515625,847.1648559570312,865.2596435546875
1789859584.1620412,1,0,899.8042602539062,445.7896728515625,847.1648559570312,865.2596435546875
1789859584.1728766,1,0,899.8042602539062,445.7896728515625,847.1648559570312,865.2596435546875
1789859584.1837626,1,0,899.8042602539062,445.7896728515625,847.1648559570312,865.2596435546875
1789859584.1945448,1,0,899.8042602539062,445.7896728515625,847.1648559570312,865.2596435546875
1789859584.2057421,1,0,899.8042602539062,445.7896728515625,847.1648559570312,865.2596435546875
1789859584.2167904,1,0,865.2596435546875,505.00897216796875,832.3600463867188,881.70947265625
1789859584.2277503,1,0,870.194580078125,508.2989196777344,825.7801513671875,866.9046630859375
1789859584.2387083,1,0,857.0347290039062,557.6483154296875,835.6500244140625,858.6797485351562
1789859584.2500813,1,0,848.8098754882812,608.6427001953125,832.3600463867188,860.32470703125
1789859584.2617612,1,0,848.8098754882812,608.6427001953125,832.3600463867188,860.32470703125
1789859584.272607,1,0,875.1295166015625,654.7021484375,835.6500244140625,837.2949829101562
1789859584.2836852,1,0,857.0347290039062,687.601806640625,835.6500244140625,855.3897705078125
1789859584.2948418,1,0,857.0347290039062,687.601806640625,835.6500244140625,855.3897705078125
1789859584.3058257,1,0,863.6146850585938,702.4066162109375,834.0050048828125,834.0050048828125
1789859584.3165002,1,0,860.32470703125,720.5014038085938,843.8749389648438,871.839599609375
1789859584.3278582,1,0,850.454833984375,732.0162353515625,840.5849609375,855.3897705078125
1789859584.338869,1,0,850.454833984375,732.0162353515625,840.5849609375,855.3897705078125
1789859584.349723,1,0,850.454833984375,732.0162353515625,840.5849609375,855.3897705078125
1789859584.360819,1,0,858.6797485351562,771.4957885742188,824.1351318359375,796.1704711914062
1789859584.3717813,1,0,858.6797485351562,771.4957885742188,824.1351318359375,796.1704711914062
1789859584.3828473,1,0,858.6797485351562,771.4957885742188,824.1351318359375,796.1704711914062
1789859584.3938744,1,0,858.6797485351562,771.4957885742188,824.1351318359375,796.1704711914062
1789859584.4056137,1,0,784.6556396484375,814.2652587890625,824.1351318359375,735.3062133789062
1789859584.4168391,1,0,774.7857666015625,855.3897705078125,796.1704711914062,707.341552734375
1789859584.427597,1,0,774.7857666015625,855.3897705078125,796.1704711914062,707.341552734375
1789859584.4385865,1,0,774.7857666015625,855.3897705078125,796.1704711914062,707.341552734375
1789859584.4492505,1,0,774.7857666015625,855.3897705078125,796.1704711914062,707.341552734375
1789859584.4598897,1,0,774.7857666015625,855.3897705078125,796.1704711914062,707.341552734375
1789859584.470632,1,0,822.4901733398438,845.5198974609375,779.720703125,723.7913208007812
1789859584.481746,1,0,855.3897705078125,834.0050048828125,759.9808959960938,768.205810546875
1789859584.4923306,1,0,855.3897705078125,834.0050048828125,759.9808959960938,768.205810546875
1789859584.5029051,1,0,855.3897705078125,834.0050048828125,759.9808959960938,768.205810546875
1789859584.5135694,1,0,866.9046630859375,822.4901733398438,756.6909790039062,801.1054077148438
1789859584.5244114,1,0,967.2484130859375,776.4307250976562,746.8211059570312,904.7391967773438
1789859584.5356038,1,0,967.2484130859375,776.4307250976562,746.8211059570312,904.7391967773438
1789859584.5461907,1,0,967.2484130859375,776.4307250976562,746.8211059570312,904.7391967773438
1789859584.557302,1,0,967.2484130859375,776.4307250976562,746.8211059570312,904.7391967773438
1789859584.568198,1,0,967.2484130859375,776.4307250976562,746.8211059570312,904.7391967773438
1789859584.5792432,1,0,967.2484130859375,776.4307250976562,746.8211059570312,904.7391967773438
1789859584.590256,1,0,945.8637084960938,773.1407470703125,753.4010009765625,927.7689208984375
1789859584.6011748,1,0,945.8637084960938,773.1407470703125,753.4010009765625,927.7689208984375
1789859584.6119237,1,0,955.7335815429688,769.850830078125,796.1704711914062,876.7745361328125
1789859584.6230752,1,0,876.7745361328125,758.3359375,819.2001953125,884.9994506835938
1789859584.6338303,1,0,876.7745361328125,758.3359375,819.2001953125,884.9994506835938
1789859584.6445606,1,0,876.7745361328125,758.3359375,819.2001953125,884.9994506835938
1789859584.6555183,1,0,876.7745361328125,758.3359375,819.2001953125,884.9994506835938
1789859584.666707,1,0,881.70947265625,766.5608520507812,820.84521484375,888.2893676757812
1789859584.6779146,1,0,860.32470703125,776.4307250976562,829.070068359375,889.9343872070312
1789859584.6890082,1,0,860.32470703125,776.4307250976562,829.070068359375,889.9343872070312
1789859584.6996348,1,0,860.32470703125,776.4307250976562,829.070068359375,889.9343872070312
1789859584.7102022,1,0,860.32470703125,776.4307250976562,829.070068359375,889.9343872070312
1789859584.721373,1,0,860.32470703125,776.4307250976562,829.070068359375,889.9343872070312
1789859584.7326486,1,0,866.9046630859375,786.3005981445312,848.8098754882812,876.7745361328125
1789859584.7435524,1,0,866.9046630859375,786.3005981445312,848.8098754882812,876.7745361328125
1789859584.7544858,1,0,866.9046630859375,786.3005981445312,848.8098754882812,876.7745361328125
1789859584.7651455,1,0,866.9046630859375,786.3005981445312,848.8098754882812,876.7745361328125
1789859584.7758987,1,0,871.839599609375,796.1704711914062,847.1648559570312,888.2893676757812
1789859584.7872899,1,0,855.3897705078125,789.590576171875,860.32470703125,865.2596435546875
1789859584.7981448,1,0,871.839599609375,792.8805541992188,845.5198974609375,853.7448120117188
1789859584.8093712,1,0,857.0347290039062,791.2355346679688,852.0997924804688,863.6146850585938
1789859584.8202426,1,0,857.0347290039062,791.2355346679688,852.0997924804688,863.6146850585938
1789859584.8312502,1,0,857.0347290039062,791.2355346679688,852.0997924804688,863.6146850585938
1789859584.842157,1,0,857.0347290039062,791.2355346679688,852.0997924804688,863.6146850585938
1789859584.8528306,1,0,857.0347290039062,791.2355346679688,852.0997924804688,863.6146850585938
1789859584.863973,1,0,857.0347290039062,791.2355346679688,852.0997924804688,863.6146850585938
1789859584.8750615,1,0,857.0347290039062,791.2355346679688,852.0997924804688,863.6146850585938
1789859584.8860292,1,0,857.0347290039062,791.2355346679688,852.0997924804688,863.6146850585938
1789859584.8972504,1,0,857.0347290039062,791.2355346679688,855.3897705078125,852.0997924804688
1789859584.9081292,1,0,857.0347290039062,791.2355346679688,855.3897705078125,852.0997924804688
1789859584.9190478,1,0,870.194580078125,792.8805541992188,845.5198974609375,848.8098754882812
1789859584.930209,1,0,855.3897705078125,787.945556640625,848.8098754882812,853.7448120117188
1789859584.9411623,1,0,855.3897705078125,787.945556640625,848.8098754882812,853.7448120117188
1789859584.9521153,1,0,855.3897705078125,787.945556640625,848.8098754882812,853.7448120117188
1789859584.9631658,1,0,855.3897705078125,787.945556640625,848.8098754882812,853.7448120117188
1789859584.974026,1,0,855.3897705078125,787.945556640625,848.8098754882812,853.7448120117188
1789859584.9845893,0,0,855.3897705078125,787.945556640625,848.8098754882812,853.7448120117188
1789859584.995479,0,0,855.3897705078125,787.945556640625,848.8098754882812,853.7448120117188
1789859585.0063727,0,0,855.3897705078125,787.945556640625,848.8098754882812,853.7448120117188
1789859585.0172563,0,0,855.3897705078125,787.945556640625,848.8098754882812,853.7448120117188
1789859585.028553,0,0,855.3897705078125,787.945556640625,848.8098754882812,853.7448120117188
1789859585.039861,0,0,853.7448120117188,783.0106201171875,848.8098754882812,837.2949829101562
1789859585.0507762,0,0,853.7448120117188,783.0106201171875,848.8098754882812,837.2949829101562
1789859585.0613775,0,0,853.7448120117188,783.0106201171875,848.8098754882812,837.2949829101562
1789859585.0725465,0,0,853.7448120117188,783.0106201171875,848.8098754882812,837.2949829101562
1789859585.0833523,0,0,853.7448120117188,783.0106201171875,848.8098754882812,837.2949829101562
1789859585.0940642,0,0,853.7448120117188,783.0106201171875,848.8098754882812,837.2949829101562
1789859585.1047184,0,0,853.7448120117188,783.0106201171875,848.8098754882812,837.2949829101562
1789859585.1154191,0,0,853.7448120117188,783.0106201171875,848.8098754882812,837.2949829101562
1789859585.1260152,0,0,853.7448120117188,783.0106201171875,848.8098754882812,837.2949829101562
1789859585.1367497,0,0,853.7448120117188,783.0106201171875,848.8098754882812,837.2949829101562
1789859585.1474962,0,0,853.7448120117188,783.0106201171875,848.8098754882812,837.2949829101562
1789859585.1583004,0,0,853.7448120117188,783.0106201171875,848.8098754882812,837.2949829101562
1789859585.1694906,0,0,853.7448120117188,783.0106201171875,848.8098754882812,837.2949829101562
1789859585.1801982,0,0,853.7448120117188,783.0106201171875,848.8098754882812,837.2949829101562
1789859585.1909604,0,0,853.7448120117188,783.0106201171875,848.8098754882812,837.2949829101562
1789859585.2018318,0,0,853.7448120117188,783.0106201171875,848.8098754882812,837.2949829101562
1789859585.212905,0,0,853.7448120117188,783.0106201171875,848.8098754882812,837.2949829101562
1789859585.2237797,0,0,853.7448120117188,783.0106201171875,848.8098754882812,837.2949829101562
1789859585.2347958,0,0,853.7448120117188,778.07568359375,847.1648559570312,848.8098754882812
1789859585.2454462,0,0,850.454833984375,771.4957885742188,847.1648559570312,847.1648559570312
1789859585.256456,0,0,855.3897705078125,773.1407470703125,845.5198974609375,845.5198974609375
1789859585.2674935,0,0,845.5198974609375,768.205810546875,835.6500244140625,845.5198974609375
1789859585.2787638,0,0,855.3897705078125,769.850830078125,832.3600463867188,827.4251098632812
1789859585.2896655,0,0,855.3897705078125,769.850830078125,832.3600463867188,827.4251098632812
1789859585.3004456,0,0,850.454833984375,776.4307250976562,834.0050048828125,840.5849609375
1789859585.3122745,0,0,850.454833984375,776.4307250976562,834.0050048828125,840.5849609375
1789859585.3233008,0,0,842.2299194335938,781.3656616210938,835.6500244140625,840.5849609375
1789859585.334416,0,0,855.3897705078125,794.5255126953125,830.715087890625,845.5198974609375
1789859585.3454435,0,0,855.3897705078125,794.5255126953125,830.715087890625,845.5198974609375
1789859585.3565998,0,0,855.3897705078125,794.5255126953125,830.715087890625,845.5198974609375
1789859585.3676789,0,0,855.3897705078125,773.1407470703125,838.9400024414062,837.2949829101562
1789859585.3787568,0,0,857.0347290039062,783.0106201171875,837.2949829101562,842.2299194335938
1789859585.3898396,0,0,857.0347290039062,783.0106201171875,837.2949829101562,842.2299194335938
1789859585.400454,0,0,857.0347290039062,783.0106201171875,837.2949829101562,842.2299194335938
1789859585.4113214,0,0,857.0347290039062,783.0106201171875,837.2949829101562,842.2299194335938
1789859585.4224496,0,0,845.5198974609375,797.8154907226562,832.3600463867188,838.9400024414062
1789859585.4331658,0,0,860.32470703125,802.7504272460938,832.3600463867188,848.8098754882812
1789859585.444166,0,0,860.32470703125,802.7504272460938,832.3600463867188,848.8098754882812
1789859585.4556277,0,0,860.32470703125,797.8154907226562,832.3600463867188,842.2299194335938
1789859585.4665372,0,0,860.32470703125,797.8154907226562,832.3600463867188,842.2299194335938
1789859585.4776585,0,0,860.32470703125,797.8154907226562,832.3600463867188,842.2299194335938
1789859585.4886594,0,0,860.32470703125,797.8154907226562,832.3600463867188,842.2299194335938
1789859585.4992507,0,0,860.32470703125,797.8154907226562,832.3600463867188,842.2299194335938
1789859585.5098596,0,0,860.32470703125,797.8154907226562,832.3600463867188,842.2299194335938
1789859585.5207222,0,0,860.32470703125,797.8154907226562,832.3600463867188,842.2299194335938
1789859585.5312994,0,0,860.32470703125,797.8154907226562,832.3600463867188,842.2299194335938
1789859585.5419943,0,0,860.32470703125,797.8154907226562,832.3600463867188,842.2299194335938
1789859585.5530634,0,0,860.32470703125,797.8154907226562,832.3600463867188,842.2299194335938
1789859585.5637734,0,0,860.32470703125,797.8154907226562,832.3600463867188,842.2299194335938
1789859585.5745232,0,0,860.32470703125,797.8154907226562,832.3600463867188,842.2299194335938
1789859585.585637,0,0,860.32470703125,797.8154907226562,832.3600463867188,842.2299194335938
1789859585.596278,0,0,860.32470703125,797.8154907226562,832.3600463867188,842.2299194335938
1789859585.6072261,0,0,857.0347290039062,791.2355346679688,837.2949829101562,838.9400024414062
1789859585.618402,0,0,860.32470703125,792.8805541992188,837.2949829101562,847.1648559570312
1789859585.629404,0,0,861.9697265625,787.945556640625,835.6500244140625,852.0997924804688
1789859585.640684,0,0,863.6146850585938,787.945556640625,837.2949829101562,852.0997924804688
1789859585.6519885,0,0,848.8098754882812,787.945556640625,842.2299194335938,843.8749389648438
1789859585.6631165,0,0,848.8098754882812,787.945556640625,842.2299194335938,843.8749389648438
1789859585.6738725,0,0,842.2299194335938,791.2355346679688,838.9400024414062,838.9400024414062
1789859585.6850908,0,0,855.3897705078125,784.6556396484375,838.9400024414062,843.8749389648438
1789859585.6959803,0,0,858.6797485351562,786.3005981445312,838.9400024414062,843.8749389648438
1789859585.706683,0,0,858.6797485351562,786.3005981445312,838.9400024414062,843.8749389648438
1789859585.7174702,0,0,857.0347290039062,791.2355346679688,840.5849609375,843.8749389648438
1789859585.7286491,0,0,857.0347290039062,791.2355346679688,840.5849609375,843.8749389648438
1789859585.7394755,0,0,857.0347290039062,791.2355346679688,840.5849609375,843.8749389648438
1789859585.7504208,0,0,857.0347290039062,791.2355346679688,840.5849609375,843.8749389648438
1789859585.7613018,0,0,857.0347290039062,791.2355346679688,840.5849609375,843.8749389648438
1789859585.7721188,0,0,857.0347290039062,771.4957885742188,838.9400024414062,843.8749389648438
1789859585.7831018,0,0,865.2596435546875,774.7857666015625,837.2949829101562,840.5849609375
1789859585.793934,0,0,865.2596435546875,774.7857666015625,837.2949829101562,840.5849609375
1789859585.8049545,0,0,865.2596435546875,774.7857666015625,837.2949829101562,840.5849609375
1789859585.8156745,0,0,865.2596435546875,774.7857666015625,837.2949829101562,840.5849609375
1789859585.8268194,0,0,857.0347290039062,773.1407470703125,837.2949829101562,838.9400024414062
1789859585.8378313,0,0,850.454833984375,789.590576171875,837.2949829101562,837.2949829101562
1789859585.8488379,0,0,842.2299194335938,789.590576171875,835.6500244140625,838.9400024414062
1789859585.8596272,0,0,842.2299194335938,789.590576171875,835.6500244140625,838.9400024414062
1789859585.870547,0,0,842.2299194335938,789.590576171875,835.6500244140625,838.9400024414062
1789859585.8810606,0,0,842.2299194335938,789.590576171875,835.6500244140625,838.9400024414062
1789859585.8917446,0,0,858.6797485351562,787.945556640625,835.6500244140625,840.5849609375
1789859585.9028218,0,0,858.6797485351562,787.945556640625,835.6500244140625,840.5849609375
1789859585.9138968,0,0,850.454833984375,791.2355346679688,837.2949829101562,840.5849609375
1789859585.9251018,0,0,850.454833984375,791.2355346679688,837.2949829101562,840.5849609375
1789859585.936259,0,0,850.454833984375,791.2355346679688,837.2949829101562,840.5849609375
1789859585.9473572,0,0,860.32470703125,797.8154907226562,837.2949829101562,850.454833984375
1789859585.958299,1,0,858.6797485351562,786.3005981445312,840.5849609375,858.6797485351562
1789859585.9690702,1,0,858.6797485351562,786.3005981445312,840.5849609375,858.6797485351562
1789859585.97973,1,0,858.6797485351562,786.3005981445312,840.5849609375,858.6797485351562
1789859585.9907289,1,0,858.6797485351562,786.3005981445312,840.5849609375,858.6797485351562
1789859586.0013976,1,0,866.9046630859375,784.6556396484375,845.5198974609375,842.2299194335938
1789859586.0124633,1,0,866.9046630859375,784.6556396484375,845.5198974609375,842.2299194335938
1789859586.023744,1,0,866.9046630859375,784.6556396484375,845.5198974609375,842.2299194335938
1789859586.0347495,1,0,866.9046630859375,784.6556396484375,845.5198974609375,842.2299194335938
1789859586.0453877,1,0,866.9046630859375,784.6556396484375,845.5198974609375,842.2299194335938
1789859586.0563617,1,0,866.9046630859375,784.6556396484375,845.5198974609375,842.2299194335938
1789859586.068472,1,0,861.9697265625,786.3005981445312,845.5198974609375,850.454833984375
1789859586.0793407,1,0,858.6797485351562,792.8805541992188,837.2949829101562,845.5198974609375
1789859586.090794,1,0,861.9697265625,794.5255126953125,832.3600463867188,835.6500244140625
1789859586.101836,1,0,861.9697265625,794.5255126953125,832.3600463867188,835.6500244140625
1789859586.1127727,1,0,861.9697265625,794.5255126953125,832.3600463867188,835.6500244140625
1789859586.1236854,1,0,866.9046630859375,794.5255126953125,832.3600463867188,838.9400024414062
1789859586.1348188,1,0,866.9046630859375,794.5255126953125,832.3600463867188,838.9400024414062
1789859586.1455808,1,0,866.9046630859375,794.5255126953125,832.3600463867188,838.9400024414062
1789859586.1570718,1,0,866.9046630859375,794.5255126953125,832.3600463867188,838.9400024414062
1789859586.168722,1,0,843.8749389648438,799.46044921875,829.070068359375,837.2949829101562
1789859586.179745,1,0,843.8749389648438,799.46044921875,829.070068359375,837.2949829101562
1789859586.19084,1,0,843.8749389648438,799.46044921875,829.070068359375,837.2949829101562
1789859586.201382,1,0,843.8749389648438,799.46044921875,829.070068359375,837.2949829101562
1789859586.2120967,1,0,843.8749389648438,799.46044921875,829.070068359375,837.2949829101562
1789859586.2238476,1,0,843.8749389648438,799.46044921875,829.070068359375,837.2949829101562
1789859586.2345855,1,0,843.8749389648438,799.46044921875,829.070068359375,837.2949829101562
1789859586.2453682,1,0,843.8749389648438,799.46044921875,829.070068359375,837.2949829101562
1789859586.2563684,1,0,866.9046630859375,802.7504272460938,832.3600463867188,842.2299194335938
1789859586.2675688,1,0,847.1648559570312,801.1054077148438,832.3600463867188,830.715087890625
1789859586.2786696,1,0,847.1648559570312,801.1054077148438,832.3600463867188,830.715087890625
1789859586.2897186,1,0,847.1648559570312,801.1054077148438,832.3600463867188,830.715087890625
1789859586.3006878,1,0,847.1648559570312,801.1054077148438,832.3600463867188,830.715087890625
1789859586.3116388,1,0,842.2299194335938,799.46044921875,832.3600463867188,840.5849609375
1789859586.3228009,1,0,842.2299194335938,799.46044921875,832.3600463867188,840.5849609375
1789859586.333463,1,0,842.2299194335938,799.46044921875,832.3600463867188,840.5849609375
1789859586.3446085,1,0,842.2299194335938,799.46044921875,832.3600463867188,840.5849609375
1789859586.355735,1,0,842.2299194335938,794.5255126953125,834.0050048828125,837.2949829101562
1789859586.366339,1,0,853.7448120117188,804.3953857421875,830.715087890625,830.715087890625
1789859586.3774896,1,0,853.7448120117188,804.3953857421875,830.715087890625,830.715087890625
1789859586.3883934,1,0,853.7448120117188,804.3953857421875,830.715087890625,830.715087890625
1789859586.399147,1,0,863.6146850585938,809.330322265625,834.0050048828125,835.6500244140625
1789859586.4102361,1,0,860.32470703125,806.0403442382812,834.0050048828125,837.2949829101562
1789859586.4212782,1,0,860.32470703125,806.0403442382812,834.0050048828125,837.2949829101562
1789859586.4323642,1,0,860.32470703125,806.0403442382812,834.0050048828125,837.2949829101562
1789859586.4436603,1,0,860.32470703125,806.0403442382812,834.0050048828125,837.2949829101562
1789859586.454555,1,0,860.32470703125,806.0403442382812,834.0050048828125,837.2949829101562
1789859586.4654188,1,0,860.32470703125,806.0403442382812,834.0050048828125,837.2949829101562
1789859586.476459,1,0,865.2596435546875,796.1704711914062,832.3600463867188,842.2299194335938
1789859586.4877567,1,0,861.9697265625,806.0403442382812,837.2949829101562,838.9400024414062
1789859586.4986117,1,0,861.9697265625,806.0403442382812,837.2949829101562,838.9400024414062
1789859586.5102963,1,0,861.9697265625,806.0403442382812,837.2949829101562,838.9400024414062
1789859586.5213175,1,0,881.70947265625,794.5255126953125,843.8749389648438,852.0997924804688
1789859586.5323372,1,0,881.70947265625,794.5255126953125,843.8749389648438,852.0997924804688
1789859586.543494,1,0,848.8098754882812,797.8154907226562,820.84521484375,829.070068359375
1789859586.5545323,1,0,848.8098754882812,797.8154907226562,820.84521484375,829.070068359375
1789859586.5655394,1,0,840.5849609375,796.1704711914062,822.4901733398438,832.3600463867188
1789859586.5763109,1,0,865.2596435546875,822.4901733398438,855.3897705078125,853.7448120117188
1789859586.5870523,1,0,799.46044921875,809.330322265625,802.7504272460938,801.1054077148438
1789859586.598093,1,0,746.8211059570312,875.1295166015625,815.9102783203125,708.9865112304688
1789859586.60912,1,0,746.8211059570312,954.088623046875,802.7504272460938,722.1463623046875
1789859586.6196306,1,0,746.8211059570312,954.088623046875,802.7504272460938,722.1463623046875
1789859586.6302924,1,0,746.8211059570312,954.088623046875,802.7504272460938,722.1463623046875
1789859586.64132,1,0,746.8211059570312,954.088623046875,802.7504272460938,722.1463623046875
1789859586.6522784,1,0,746.8211059570312,954.088623046875,802.7504272460938,722.1463623046875
1789859586.6633563,1,0,746.8211059570312,954.088623046875,802.7504272460938,722.1463623046875
1789859586.6739485,1,0,746.8211059570312,954.088623046875,802.7504272460938,722.1463623046875
1789859586.6844604,1,0,746.8211059570312,954.088623046875,802.7504272460938,722.1463623046875
1789859586.69507,1,0,746.8211059570312,954.088623046875,802.7504272460938,722.1463623046875
1789859586.7062972,1,0,641.5423583984375,1572.6011962890625,756.6909790039062,616.8676147460938
1789859586.7171183,1,0,852.0997924804688,1557.79638671875,829.070068359375,840.5849609375
1789859586.7281554,1,0,852.0997924804688,1557.79638671875,829.070068359375,840.5849609375
1789859586.7392154,1,0,852.0997924804688,1557.79638671875,829.070068359375,840.5849609375
1789859586.7501476,1,0,852.0997924804688,1557.79638671875,829.070068359375,840.5849609375
1789859586.7614012,1,0,825.7801513671875,1557.79638671875,809.330322265625,814.2652587890625
1789859586.7729108,1,0,873.4845581054688,1598.9208984375,852.0997924804688,848.8098754882812
1789859586.7838156,1,0,883.3544311523438,1547.926513671875,860.32470703125,858.6797485351562
1789859586.7944202,1,0,883.3544311523438,1547.926513671875,860.32470703125,858.6797485351562
1789859586.8053718,1,0,883.3544311523438,1547.926513671875,860.32470703125,858.6797485351562
1789859586.816077,1,0,830.715087890625,1531.4766845703125,812.6203002929688,809.330322265625
1789859586.8272831,1,0,848.8098754882812,1334.0791015625,829.070068359375,832.3600463867188
1789859586.8381927,1,0,848.8098754882812,1334.0791015625,829.070068359375,832.3600463867188
1789859586.8487196,1,0,848.8098754882812,1334.0791015625,829.070068359375,832.3600463867188
1789859586.8592849,1,0,848.8098754882812,1334.0791015625,829.070068359375,832.3600463867188
1789859586.8698113,1,0,848.8098754882812,1334.0791015625,829.070068359375,832.3600463867188
1789859586.8809206,1,0,899.8042602539062,1306.1143798828125,861.9697265625,886.6444091796875
1789859586.891937,1,0,848.8098754882812,1264.9898681640625,834.0050048828125,825.7801513671875
1789859586.9024773,1,0,843.8749389648438,1194.2557373046875,820.84521484375,814.2652587890625
1789859586.913024,1,0,843.8749389648438,1194.2557373046875,820.84521484375,814.2652587890625
1789859586.9236808,1,0,843.8749389648438,1194.2557373046875,820.84521484375,814.2652587890625
1789859586.934788,1,0,843.8749389648438,1194.2557373046875,820.84521484375,814.2652587890625
1789859586.9456916,1,0,843.8749389648438,1194.2557373046875,820.84521484375,814.2652587890625
1789859586.9563344,1,0,843.8749389648438,1194.2557373046875,820.84521484375,814.2652587890625
1789859586.9670212,1,0,842.2299194335938,1116.941650390625,820.84521484375,842.2299194335938
1789859586.9780204,1,0,914.6090698242188,1084.0419921875,881.70947265625,901.44921875
1789859586.9889045,1,0,914.6090698242188,1084.0419921875,881.70947265625,901.44921875
1789859586.9998496,1,0,914.6090698242188,1084.0419921875,881.70947265625,901.44921875
1789859587.010699,1,0,914.6090698242188,1084.0419921875,881.70947265625,901.44921875
1789859587.0218925,1,0,914.6090698242188,1084.0419921875,881.70947265625,901.44921875
1789859587.0327802,1,0,914.6090698242188,1084.0419921875,881.70947265625,901.44921875
1789859587.044055,1,0,914.6090698242188,1084.0419921875,881.70947265625,901.44921875
1789859587.0553775,1,0,914.6090698242188,1084.0419921875,881.70947265625,901.44921875
1789859587.0665789,1,0,908.0291748046875,786.3005981445312,857.0347290039062,891.579345703125
1789859587.0779436,1,0,899.8042602539062,615.22265625,842.2299194335938,886.6444091796875
1789859587.089071,1,0,899.8042602539062,615.22265625,842.2299194335938,886.6444091796875
1789859587.1000595,1,0,899.8042602539062,615.22265625,842.2299194335938,886.6444091796875
1789859587.110778,1,0,899.8042602539062,615.22265625,842.2299194335938,886.6444091796875
1789859587.1216092,1,0,899.8042602539062,615.22265625,842.2299194335938,886.6444091796875
1789859587.1321855,1,0,899.8042602539062,615.22265625,842.2299194335938,886.6444091796875
1789859587.1428454,1,0,899.8042602539062,615.22265625,842.2299194335938,886.6444091796875
1789859587.1534655,1,0,899.8042602539062,615.22265625,842.2299194335938,886.6444091796875
1789859587.1640184,1,0,899.8042602539062,615.22265625,842.2299194335938,886.6444091796875
1789859587.174727,1,0,901.44921875,588.9029541015625,842.2299194335938,884.9994506835938
1789859587.185575,1,0,896.5142822265625,472.1093444824219,837.2949829101562,883.3544311523438
1789859587.1968203,1,0,888.2893676757812,383.2804260253906,840.5849609375,893.2243041992188
1789859587.2076738,1,0,898.1592407226562,368.4755859375,842.2299194335938,889.9343872070312
1789859587.2187579,1,0,899.8042602539062,379.9904479980469,835.6500244140625,896.5142822265625
1789859587.229972,1,0,903.09423828125,450.724609375,848.8098754882812,904.7391967773438
1789859587.2410889,1,0,881.70947265625,454.01458740234375,870.194580078125,886.6444091796875
1789859587.2520893,1,0,866.9046630859375,458.94952392578125,857.0347290039062,886.6444091796875
1789859587.2627327,1,0,866.9046630859375,458.94952392578125,857.0347290039062,886.6444091796875
1789859587.2735505,1,0,866.9046630859375,458.94952392578125,857.0347290039062,886.6444091796875
1789859587.28414,1,0,866.9046630859375,458.94952392578125,857.0347290039062,886.6444091796875
1789859587.2950962,1,0,866.9046630859375,458.94952392578125,857.0347290039062,886.6444091796875
1789859587.305988,1,0,866.9046630859375,458.94952392578125,857.0347290039062,886.6444091796875
1789859587.317048,1,0,866.9046630859375,458.94952392578125,857.0347290039062,886.6444091796875
1789859587.3279548,1,0,866.9046630859375,458.94952392578125,857.0347290039062,886.6444091796875
1789859587.3390403,1,0,861.9697265625,490.2041320800781,845.5198974609375,850.454833984375
1789859587.3500302,1,0,861.9697265625,490.2041320800781,845.5198974609375,850.454833984375
1789859587.3610637,1,0,857.0347290039062,500.07403564453125,843.8749389648438,842.2299194335938
1789859587.3721025,1,0,857.0347290039062,500.07403564453125,843.8749389648438,842.2299194335938
1789859587.382907,1,0,857.0347290039062,500.07403564453125,843.8749389648438,842.2299194335938
1789859587.3937323,1,0,857.0347290039062,500.07403564453125,843.8749389648438,842.2299194335938
1789859587.4064634,1,0,866.9046630859375,564.228271484375,840.5849609375,860.32470703125
1789859587.4175398,1,0,868.5496215820312,600.4178466796875,845.5198974609375,847.1648559570312
1789859587.4288855,1,0,857.0347290039062,611.9326782226562,842.2299194335938,829.070068359375
1789859587.4395704,1,0,857.0347290039062,611.9326782226562,842.2299194335938,829.070068359375
1789859587.4503553,1,0,857.0347290039062,611.9326782226562,842.2299194335938,829.070068359375
1789859587.4619014,1,0,857.0347290039062,611.9326782226562,842.2299194335938,829.070068359375
1789859587.473249,1,0,861.9697265625,623.4475708007812,840.5849609375,840.5849609375
1789859587.484396,1,0,861.9697265625,623.4475708007812,840.5849609375,840.5849609375
1789859587.4957573,1,0,861.9697265625,623.4475708007812,840.5849609375,840.5849609375
1789859587.5066674,1,0,861.9697265625,623.4475708007812,840.5849609375,840.5849609375
1789859587.5176077,1,0,861.9697265625,623.4475708007812,840.5849609375,840.5849609375
1789859587.5286646,1,0,861.9697265625,623.4475708007812,840.5849609375,840.5849609375
1789859587.5396397,1,0,861.9697265625,623.4475708007812,840.5849609375,840.5849609375
1789859587.5504277,0,0,861.9697265625,623.4475708007812,840.5849609375,840.5849609375
1789859587.5615513,0,0,861.9697265625,648.1222534179688,842.2299194335938,848.8098754882812
1789859587.5727718,0,0,865.2596435546875,672.7969360351562,842.2299194335938,855.3897705078125
1789859587.5840807,0,0,870.194580078125,692.5367431640625,838.9400024414062,845.5198974609375
1789859587.5947094,0,0,870.194580078125,692.5367431640625,838.9400024414062,845.5198974609375
1789859587.605816,0,0,870.194580078125,692.5367431640625,838.9400024414062,845.5198974609375
1789859587.6169114,0,0,855.3897705078125,715.5664672851562,835.6500244140625,830.715087890625
1789859587.6280816,0,0,850.454833984375,718.8563842773438,838.9400024414062,827.4251098632812
1789859587.6391413,0,0,850.454833984375,718.8563842773438,838.9400024414062,827.4251098632812
1789859587.6498065,0,0,850.454833984375,718.8563842773438,838.9400024414062,827.4251098632812
1789859587.6605802,0,0,850.454833984375,718.8563842773438,838.9400024414062,827.4251098632812
1789859587.6718538,0,0,850.454833984375,718.8563842773438,838.9400024414062,827.4251098632812
1789859587.6829388,0,0,842.2299194335938,732.0162353515625,842.2299194335938,812.6203002929688
1789859587.6938007,0,0,842.2299194335938,732.0162353515625,842.2299194335938,812.6203002929688
1789859587.7047913,0,0,842.2299194335938,732.0162353515625,842.2299194335938,812.6203002929688
1789859587.7155101,0,0,842.2299194335938,732.0162353515625,842.2299194335938,812.6203002929688
1789859587.7265098,0,0,842.2299194335938,732.0162353515625,842.2299194335938,812.6203002929688
1789859587.7374542,0,0,835.6500244140625,738.59619140625,847.1648559570312,815.9102783203125
1789859587.7483811,0,0,807.6853637695312,761.6259155273438,870.194580078125,794.5255126953125
1789859587.7591686,0,0,807.6853637695312,761.6259155273438,870.194580078125,794.5255126953125
1789859587.770122,0,0,807.6853637695312,761.6259155273438,870.194580078125,794.5255126953125
1789859587.7808018,0,0,807.6853637695312,761.6259155273438,870.194580078125,794.5255126953125
1789859587.7914474,0,0,807.6853637695312,761.6259155273438,870.194580078125,794.5255126953125
1789859587.802334,0,0,807.6853637695312,761.6259155273438,870.194580078125,794.5255126953125
1789859587.813169,0,0,834.0050048828125,774.7857666015625,845.5198974609375,827.4251098632812
1789859587.8246193,0,0,834.0050048828125,774.7857666015625,845.5198974609375,827.4251098632812
1789859587.8352926,0,0,842.2299194335938,771.4957885742188,842.2299194335938,834.0050048828125
1789859587.846685,0,0,852.0997924804688,774.7857666015625,842.2299194335938,838.9400024414062
1789859587.8576038,0,0,861.9697265625,766.5608520507812,843.8749389648438,850.454833984375
1789859587.8684955,0,0,861.9697265625,766.5608520507812,843.8749389648438,850.454833984375
1789859587.8793502,0,0,861.9697265625,766.5608520507812,843.8749389648438,850.454833984375
1789859587.8901346,0,0,863.6146850585938,761.6259155273438,842.2299194335938,835.6500244140625
1789859587.9015286,0,0,875.1295166015625,768.205810546875,840.5849609375,857.0347290039062
1789859587.912594,0,0,873.4845581054688,774.7857666015625,842.2299194335938,865.2596435546875
1789859587.9236124,0,0,873.4845581054688,774.7857666015625,842.2299194335938,865.2596435546875
1789859587.9346025,0,0,873.4845581054688,774.7857666015625,842.2299194335938,865.2596435546875
1789859587.9456248,0,0,873.4845581054688,774.7857666015625,842.2299194335938,865.2596435546875
1789859587.9562073,0,0,865.2596435546875,774.7857666015625,838.9400024414062,860.32470703125
1789859587.9669335,0,0,865.2596435546875,774.7857666015625,838.9400024414062,860.32470703125
1789859587.9783714,0,0,873.4845581054688,792.8805541992188,837.2949829101562,857.0347290039062
1789859587.98997,0,0,875.1295166015625,796.1704711914062,840.5849609375,857.0347290039062
1789859588.0008256,0,0,875.1295166015625,796.1704711914062,840.5849609375,857.0347290039062
1789859588.0117998,0,0,870.194580078125,794.5255126953125,840.5849609375,857.0347290039062
1789859588.0233116,0,0,870.194580078125,794.5255126953125,840.5849609375,857.0347290039062
1789859588.034548,0,0,870.194580078125,794.5255126953125,840.5849609375,857.0347290039062
1789859588.0454617,0,0,870.194580078125,794.5255126953125,840.5849609375,857.0347290039062
1789859588.0562098,0,0,865.2596435546875,796.1704711914062,840.5849609375,863.6146850585938
1789859588.0669947,0,0,866.9046630859375,812.6203002929688,792.8805541992188,812.6203002929688
1789859588.078186,0,0,868.5496215820312,812.6203002929688,797.8154907226562,825.7801513671875
1789859588.0889895,0,0,868.5496215820312,812.6203002929688,797.8154907226562,825.7801513671875
1789859588.0997412,0,0,861.9697265625,802.7504272460938,802.7504272460938,825.7801513671875
1789859588.1107385,0,0,861.9697265625,802.7504272460938,802.7504272460938,825.7801513671875
1789859588.121952,0,0,861.9697265625,802.7504272460938,802.7504272460938,825.7801513671875
1789859588.1329303,0,0,861.9697265625,802.7504272460938,802.7504272460938,825.7801513671875
1789859588.143798,0,0,861.9697265625,802.7504272460938,802.7504272460938,825.7801513671875
1789859588.1546865,0,0,861.9697265625,802.7504272460938,802.7504272460938,825.7801513671875
1789859588.1659467,0,0,861.9697265625,802.7504272460938,802.7504272460938,825.7801513671875
1789859588.176917,0,0,861.9697265625,799.46044921875,817.5552368164062,848.8098754882812
1789859588.1879349,0,0,861.9697265625,799.46044921875,817.5552368164062,848.8098754882812
1789859588.1986187,0,0,861.9697265625,799.46044921875,817.5552368164062,848.8098754882812
1789859588.2094247,0,0,863.6146850585938,792.8805541992188,825.7801513671875,855.3897705078125
1789859588.2203755,0,0,858.6797485351562,794.5255126953125,830.715087890625,838.9400024414062
1789859588.2314928,0,0,858.6797485351562,794.5255126953125,830.715087890625,838.9400024414062
1789859588.2422853,0,0,858.6797485351562,794.5255126953125,830.715087890625,838.9400024414062
1789859588.2529292,0,0,858.6797485351562,794.5255126953125,830.715087890625,838.9400024414062
1789859588.2639308,0,0,858.6797485351562,794.5255126953125,830.715087890625,838.9400024414062
1789859588.2748368,0,0,858.6797485351562,794.5255126953125,830.715087890625,838.9400024414062
1789859588.2861588,0,0,861.9697265625,799.46044921875,827.4251098632812,845.5198974609375
1789859588.2969422,0,0,861.9697265625,799.46044921875,827.4251098632812,845.5198974609375
1789859588.307824,0,0,861.9697265625,799.46044921875,827.4251098632812,845.5198974609375
1789859588.3189764,0,0,861.9697265625,799.46044921875,827.4251098632812,845.5198974609375
1789859588.329626,0,0,858.6797485351562,794.5255126953125,832.3600463867188,834.0050048828125
1789859588.3408425,0,0,858.6797485351562,794.5255126953125,832.3600463867188,834.0050048828125
1789859588.3519435,0,0,858.6797485351562,794.5255126953125,832.3600463867188,834.0050048828125
1789859588.363051,0,0,858.6797485351562,794.5255126953125,832.3600463867188,834.0050048828125
1789859588.3740125,0,0,858.6797485351562,794.5255126953125,832.3600463867188,834.0050048828125
1789859588.3849883,0,0,870.194580078125,801.1054077148438,832.3600463867188,853.7448120117188
1789859588.3961456,0,0,860.32470703125,804.3953857421875,830.715087890625,848.8098754882812
1789859588.407212,0,0,848.8098754882812,799.46044921875,830.715087890625,842.2299194335938
1789859588.4179804,0,0,848.8098754882812,799.46044921875,830.715087890625,842.2299194335938
1789859588.4289677,0,0,870.194580078125,797.8154907226562,820.84521484375,835.6500244140625
1789859588.4401,0,0,866.9046630859375,796.1704711914062,822.4901733398438,830.715087890625
1789859588.4513454,0,0,866.9046630859375,796.1704711914062,822.4901733398438,830.715087890625
1789859588.4623992,0,0,866.9046630859375,796.1704711914062,822.4901733398438,830.715087890625
1789859588.4731915,0,0,866.9046630859375,796.1704711914062,822.4901733398438,830.715087890625
1789859588.4841585,0,0,866.9046630859375,796.1704711914062,822.4901733398438,830.715087890625
1789859588.4948766,0,0,866.9046630859375,796.1704711914062,822.4901733398438,830.715087890625
1789859588.5059602,0,0,866.9046630859375,796.1704711914062,822.4901733398438,830.715087890625
1789859588.5172913,0,0,866.9046630859375,796.1704711914062,822.4901733398438,830.715087890625
1789859588.5287218,0,0,866.9046630859375,796.1704711914062,822.4901733398438,830.715087890625
1789859588.5398347,0,0,855.3897705078125,801.1054077148438,830.715087890625,845.5198974609375
1789859588.5512576,0,0,850.454833984375,807.6853637695312,829.070068359375,820.84521484375
1789859588.5618653,0,0,853.7448120117188,802.7504272460938,830.715087890625,830.715087890625
1789859588.5734205,0,0,850.454833984375,806.0403442382812,830.715087890625,829.070068359375
1789859588.5840964,0,0,850.454833984375,806.0403442382812,830.715087890625,829.070068359375
1789859588.5948355,0,0,850.454833984375,806.0403442382812,830.715087890625,829.070068359375
1789859588.6057985,0,0,848.8098754882812,804.3953857421875,832.3600463867188,840.5849609375
1789859588.6169116,0,0,848.8098754882812,804.3953857421875,832.3600463867188,840.5849609375
1789859588.628348,0,0,848.8098754882812,815.9102783203125,834.0050048828125,842.2299194335938
1789859588.6392646,0,0,848.8098754882812,815.9102783203125,834.0050048828125,842.2299194335938
1789859588.6503878,0,0,852.0997924804688,802.7504272460938,837.2949829101562,848.8098754882812
1789859588.661654,0,0,850.454833984375,807.6853637695312,837.2949829101562,842.2299194335938
1789859588.6730793,0,0,850.454833984375,807.6853637695312,837.2949829101562,842.2299194335938
1789859588.684037,0,0,850.454833984375,807.6853637695312,837.2949829101562,842.2299194335938
1789859588.694766,0,0,850.454833984375,807.6853637695312,837.2949829101562,842.2299194335938
1789859588.7064505,0,0,850.454833984375,807.6853637695312,837.2949829101562,842.2299194335938
1789859588.7171292,0,0,850.454833984375,807.6853637695312,837.2949829101562,842.2299194335938
1789859588.7281053,0,0,850.454833984375,812.6203002929688,834.0050048828125,830.715087890625
1789859588.738999,0,0,853.7448120117188,817.5552368164062,835.6500244140625,832.3600463867188
1789859588.7498355,0,0,853.7448120117188,817.5552368164062,835.6500244140625,832.3600463867188
1789859588.7610369,0,0,853.7448120117188,817.5552368164062,835.6500244140625,832.3600463867188
1789859588.7721906,0,0,852.0997924804688,819.2001953125,835.6500244140625,824.1351318359375
1789859588.7832193,0,0,853.7448120117188,807.6853637695312,838.9400024414062,850.454833984375
1789859588.794303,0,0,850.454833984375,820.84521484375,837.2949829101562,843.8749389648438
1789859588.805397,0,0,850.454833984375,820.84521484375,837.2949829101562,843.8749389648438
1789859588.816088,0,0,850.454833984375,820.84521484375,837.2949829101562,843.8749389648438
1789859588.827009,0,0,850.454833984375,820.84521484375,837.2949829101562,843.8749389648438
1789859588.838043,0,0,850.454833984375,820.84521484375,837.2949829101562,843.8749389648438
1789859588.8489034,0,0,853.7448120117188,827.4251098632812,843.8749389648438,843.8749389648438
1789859588.8595982,0,0,832.3600463867188,837.2949829101562,848.8098754882812,810.9752807617188
1789859588.8703794,0,0,832.3600463867188,837.2949829101562,848.8098754882812,810.9752807617188
1789859588.8813906,0,0,832.3600463867188,837.2949829101562,848.8098754882812,810.9752807617188
1789859588.8921766,0,0,832.3600463867188,837.2949829101562,848.8098754882812,810.9752807617188
1789859588.9030108,0,0,832.3600463867188,837.2949829101562,848.8098754882812,810.9752807617188
1789859588.913665,0,0,832.3600463867188,837.2949829101562,848.8098754882812,810.9752807617188
1789859588.9246812,0,0,832.3600463867188,837.2949829101562,848.8098754882812,810.9752807617188
1789859588.9357357,0,0,771.4957885742188,853.7448120117188,857.0347290039062,753.4010009765625
1789859588.9462795,0,0,771.4957885742188,853.7448120117188,857.0347290039062,753.4010009765625
1789859588.9573057,0,0,771.4957885742188,853.7448120117188,857.0347290039062,753.4010009765625
1789859588.9690194,0,0,771.4957885742188,853.7448120117188,857.0347290039062,753.4010009765625
1789859588.9797215,0,0,871.839599609375,815.9102783203125,827.4251098632812,855.3897705078125
1789859588.990924,0,0,875.1295166015625,804.3953857421875,838.9400024414062,863.6146850585938
1789859589.0019429,0,0,875.1295166015625,804.3953857421875,838.9400024414062,863.6146850585938
1789859589.012836,0,0,875.1295166015625,804.3953857421875,838.9400024414062,863.6146850585938
1789859589.0237157,0,0,875.1295166015625,804.3953857421875,838.9400024414062,863.6146850585938
1789859589.034455,0,0,875.1295166015625,804.3953857421875,838.9400024414062,863.6146850585938
1789859589.0455182,0,0,865.2596435546875,812.6203002929688,848.8098754882812,852.0997924804688
1789859589.0567603,0,0,863.6146850585938,812.6203002929688,847.1648559570312,860.32470703125
1789859589.0677068,0,0,850.454833984375,819.2001953125,852.0997924804688,835.6500244140625
1789859589.0786169,0,0,850.454833984375,819.2001953125,852.0997924804688,835.6500244140625
1789859589.0892947,0,0,850.454833984375,819.2001953125,852.0997924804688,835.6500244140625
1789859589.0998142,0,0,850.454833984375,819.2001953125,852.0997924804688,835.6500244140625
1789859589.111244,0,0,850.454833984375,819.2001953125,852.0997924804688,835.6500244140625
1789859589.1220672,0,0,861.9697265625,825.7801513671875,852.0997924804688,842.2299194335938
1789859589.1327837,0,0,863.6146850585938,824.1351318359375,852.0997924804688,842.2299194335938
1789859589.1438055,0,0,863.6146850585938,824.1351318359375,852.0997924804688,842.2299194335938
1789859589.154798,0,0,863.6146850585938,824.1351318359375,852.0997924804688,842.2299194335938
1789859589.1654115,0,0,868.5496215820312,829.070068359375,857.0347290039062,848.8098754882812
1789859589.1763797,0,0,860.32470703125,820.84521484375,857.0347290039062,845.5198974609375
1789859589.1872663,0,0,860.32470703125,820.84521484375,857.0347290039062,845.5198974609375
1789859589.1984754,0,0,860.32470703125,820.84521484375,857.0347290039062,845.5198974609375
1789859589.2090728,0,0,860.32470703125,820.84521484375,857.0347290039062,845.5198974609375
1789859589.2198186,0,0,860.32470703125,820.84521484375,857.0347290039062,845.5198974609375
1789859589.2306128,0,0,873.4845581054688,815.9102783203125,852.0997924804688,852.0997924804688
1789859589.2415395,0,0,866.9046630859375,820.84521484375,853.7448120117188,838.9400024414062
1789859589.252144,0,0,866.9046630859375,820.84521484375,853.7448120117188,838.9400024414062
1789859589.2628644,0,0,871.839599609375,819.2001953125,852.0997924804688,850.454833984375
1789859589.274315,0,0,865.2596435546875,817.5552368164062,850.454833984375,855.3897705078125
1789859589.2851572,0,0,865.2596435546875,817.5552368164062,850.454833984375,855.3897705078125
1789859589.2958922,0,0,865.2596435546875,817.5552368164062,850.454833984375,855.3897705078125
1789859589.307137,0,0,865.2596435546875,817.5552368164062,850.454833984375,855.3897705078125
1789859589.318256,0,0,865.2596435546875,817.5552368164062,850.454833984375,855.3897705078125
1789859589.3291368,0,0,868.5496215820312,815.9102783203125,845.5198974609375,837.2949829101562
1789859589.339884,0,0,868.5496215820312,815.9102783203125,845.5198974609375,837.2949829101562
1789859589.3510358,0,0,868.5496215820312,815.9102783203125,845.5198974609375,837.2949829101562
1789859589.3619323,0,0,884.9994506835938,814.2652587890625,845.5198974609375,861.9697265625
1789859589.3732464,0,0,860.32470703125,806.0403442382812,843.8749389648438,845.5198974609375
1789859589.3839276,0,0,866.9046630859375,804.3953857421875,843.8749389648438,850.454833984375
1789859589.3946717,0,0,866.9046630859375,804.3953857421875,843.8749389648438,850.454833984375
1789859589.405748,0,0,866.9046630859375,804.3953857421875,843.8749389648438,850.454833984375
1789859589.4168296,0,0,866.9046630859375,804.3953857421875,843.8749389648438,850.454833984375
1789859589.4274943,0,0,866.9046630859375,804.3953857421875,843.8749389648438,850.454833984375
1789859589.4381595,0,0,866.9046630859375,804.3953857421875,843.8749389648438,850.454833984375
1789859589.449329,0,0,866.9046630859375,804.3953857421875,843.8749389648438,850.454833984375
1789859589.4598508,0,0,866.9046630859375,792.8805541992188,838.9400024414062,837.2949829101562
1789859589.4711041,0,0,850.454833984375,787.945556640625,825.7801513671875,848.8098754882812
1789859589.481637,0,0,850.454833984375,787.945556640625,825.7801513671875,848.8098754882812
1789859589.4924061,0,0,843.8749389648438,787.945556640625,824.1351318359375,848.8098754882812
1789859589.5031219,0,0,834.0050048828125,794.5255126953125,822.4901733398438,827.4251098632812
1789859589.5140944,0,0,834.0050048828125,794.5255126953125,822.4901733398438,827.4251098632812
1789859589.5248737,0,0,834.0050048828125,794.5255126953125,822.4901733398438,827.4251098632812
1789859589.5360284,0,0,834.0050048828125,794.5255126953125,822.4901733398438,827.4251098632812
1789859589.5466452,0,0,834.0050048828125,794.5255126953125,822.4901733398438,827.4251098632812
1789859589.5574372,0,0,837.2949829101562,810.9752807617188,824.1351318359375,814.2652587890625
1789859589.5684357,0,0,845.5198974609375,820.84521484375,825.7801513671875,827.4251098632812
1789859589.5793612,0,0,845.5198974609375,820.84521484375,825.7801513671875,827.4251098632812
1789859589.5902324,0,0,845.5198974609375,820.84521484375,825.7801513671875,827.4251098632812
1789859589.6014476,0,0,845.5198974609375,820.84521484375,825.7801513671875,827.4251098632812
1789859589.6120174,0,0,845.5198974609375,820.84521484375,825.7801513671875,827.4251098632812
1789859589.622654,0,0,845.5198974609375,820.84521484375,825.7801513671875,827.4251098632812
1789859589.633363,0,0,845.5198974609375,820.84521484375,825.7801513671875,827.4251098632812
1789859589.6439764,0,0,845.5198974609375,820.84521484375,825.7801513671875,827.4251098632812
1789859589.6549993,0,0,845.5198974609375,820.84521484375,825.7801513671875,827.4251098632812
1789859589.6693053,0,0,845.5198974609375,820.84521484375,825.7801513671875,827.4251098632812
1789859589.6805737,0,0,845.5198974609375,820.84521484375,825.7801513671875,827.4251098632812
1789859589.6915483,0,0,845.5198974609375,820.84521484375,825.7801513671875,827.4251098632812
1789859589.7024205,0,0,845.5198974609375,820.84521484375,825.7801513671875,827.4251098632812
1789859589.7138727,0,0,845.5198974609375,820.84521484375,825.7801513671875,827.4251098632812
1789859589.7265637,0,0,845.5198974609375,820.84521484375,825.7801513671875,827.4251098632812
1789859589.7388089,0,0,845.5198974609375,820.84521484375,825.7801513671875,827.4251098632812
1789859589.7497728,0,0,845.5198974609375,820.84521484375,825.7801513671875,827.4251098632812
1789859589.7610402,0,0,845.5198974609375,820.84521484375,825.7801513671875,827.4251098632812
1789859589.7723987,0,0,845.5198974609375,820.84521484375,825.7801513671875,827.4251098632812
1789859589.7834585,0,0,845.5198974609375,820.84521484375,825.7801513671875,827.4251098632812
1789859589.794436,0,0,845.5198974609375,820.84521484375,825.7801513671875,827.4251098632812
1789859589.805253,0,0,845.5198974609375,820.84521484375,825.7801513671875,827.4251098632812
1789859589.8173182,0,0,845.5198974609375,820.84521484375,825.7801513671875,827.4251098632812
1789859589.8286364,0,0,845.5198974609375,820.84521484375,825.7801513671875,827.4251098632812
1789859589.839478,0,0,845.5198974609375,820.84521484375,825.7801513671875,827.4251098632812
1789859589.851228,0,0,845.5198974609375,820.84521484375,825.7801513671875,827.4251098632812
1789859589.8637784,0,0,837.2949829101562,824.1351318359375,827.4251098632812,812.6203002929688
1789859589.8782098,0,0,837.2949829101562,824.1351318359375,827.4251098632812,812.6203002929688
1789859589.8904548,0,0,837.2949829101562,824.1351318359375,827.4251098632812,812.6203002929688
1789859589.902007,0,0,837.2949829101562,824.1351318359375,827.4251098632812,812.6203002929688
1789859589.9130857,0,0,847.1648559570312,819.2001953125,834.0050048828125,834.0050048828125
1789859589.924833,0,0,845.5198974609375,827.4251098632812,835.6500244140625,827.4251098632812
1789859589.936107,0,0,850.454833984375,822.4901733398438,838.9400024414062,812.6203002929688
1789859589.9472506,0,0,848.8098754882812,820.84521484375,840.5849609375,824.1351318359375
1789859589.9593363,0,0,848.8098754882812,820.84521484375,840.5849609375,824.1351318359375
1789859589.9707663,0,0,842.2299194335938,817.5552368164062,842.2299194335938,815.9102783203125
1789859589.9823813,0,0,776.4307250976562,855.3897705078125,860.32470703125,743.5311279296875
1789859589.9943984,0,0,740.2411499023438,865.2596435546875,881.70947265625,722.1463623046875
1789859590.0058851,0,0,740.2411499023438,865.2596435546875,881.70947265625,722.1463623046875
1789859590.0173914,0,0,740.2411499023438,865.2596435546875,881.70947265625,722.1463623046875
1789859590.0284154,0,0,690.8917236328125,876.7745361328125,896.5142822265625,676.0869140625
1789859590.0396376,0,0,820.84521484375,842.2299194335938,861.9697265625,809.330322265625
1789859590.0513034,0,0,873.4845581054688,814.2652587890625,842.2299194335938,852.0997924804688
1789859590.0625045,0,0,873.4845581054688,814.2652587890625,842.2299194335938,852.0997924804688
1789859590.07339,0,0,909.6741333007812,797.8154907226562,837.2949829101562,906.3841552734375
1789859590.0841079,0,0,901.44921875,804.3953857421875,840.5849609375,886.6444091796875
1789859590.0948336,0,0,898.1592407226562,809.330322265625,838.9400024414062,891.579345703125
1789859590.1057062,0,0,881.70947265625,806.0403442382812,840.5849609375,855.3897705078125
1789859590.1168997,0,0,881.70947265625,806.0403442382812,840.5849609375,855.3897705078125
1789859590.127659,0,0,880.064453125,806.0403442382812,842.2299194335938,857.0347290039062
1789859590.1385293,0,0,871.839599609375,810.9752807617188,837.2949829101562,861.9697265625
1789859590.149084,0,0,884.9994506835938,810.9752807617188,840.5849609375,880.064453125
1789859590.1598349,0,0,875.1295166015625,812.6203002929688,840.5849609375,865.2596435546875
1789859590.1710033,0,0,883.3544311523438,802.7504272460938,838.9400024414062,876.7745361328125
1789859590.181587,0,0,883.3544311523438,802.7504272460938,838.9400024414062,876.7745361328125
1789859590.192376,0,0,868.5496215820312,806.0403442382812,835.6500244140625,852.0997924804688
1789859590.203151,0,0,868.5496215820312,806.0403442382812,835.6500244140625,852.0997924804688
1789859590.214058,0,0,868.5496215820312,806.0403442382812,835.6500244140625,852.0997924804688
1789859590.2251236,0,0,868.5496215820312,806.0403442382812,835.6500244140625,852.0997924804688
1789859590.2365704,0,0,868.5496215820312,806.0403442382812,835.6500244140625,852.0997924804688
1789859590.2472453,0,0,868.5496215820312,806.0403442382812,835.6500244140625,852.0997924804688
1789859590.2577472,0,0,868.5496215820312,806.0403442382812,835.6500244140625,852.0997924804688
1789859590.2684622,0,0,868.5496215820312,806.0403442382812,835.6500244140625,852.0997924804688
1789859590.2794027,0,0,868.5496215820312,806.0403442382812,835.6500244140625,852.0997924804688
1789859590.2903001,0,0,868.5496215820312,806.0403442382812,835.6500244140625,852.0997924804688
1789859590.3011136,0,0,868.5496215820312,806.0403442382812,835.6500244140625,852.0997924804688
1789859590.3117087,0,0,868.5496215820312,806.0403442382812,835.6500244140625,852.0997924804688
1789859590.322708,0,0,868.5496215820312,806.0403442382812,835.6500244140625,852.0997924804688
1789859590.3334649,0,0,868.5496215820312,806.0403442382812,835.6500244140625,852.0997924804688
1789859590.344255,0,0,868.5496215820312,806.0403442382812,835.6500244140625,852.0997924804688
1789859590.3548956,0,0,868.5496215820312,806.0403442382812,835.6500244140625,852.0997924804688
1789859590.365539,0,0,868.5496215820312,806.0403442382812,835.6500244140625,852.0997924804688
1789859590.3767288,0,0,868.5496215820312,806.0403442382812,835.6500244140625,852.0997924804688
1789859590.3877523,0,0,868.5496215820312,806.0403442382812,835.6500244140625,852.0997924804688
1789859590.3986933,0,0,868.5496215820312,806.0403442382812,835.6500244140625,852.0997924804688
1789859590.4098291,0,0,868.5496215820312,806.0403442382812,835.6500244140625,852.0997924804688
1789859590.420938,0,0,868.5496215820312,806.0403442382812,835.6500244140625,852.0997924804688
1789859590.431751,0,0,868.5496215820312,806.0403442382812,835.6500244140625,852.0997924804688
1789859590.442358,0,0,868.5496215820312,806.0403442382812,835.6500244140625,852.0997924804688
1789859590.4531987,0,0,868.5496215820312,806.0403442382812,835.6500244140625,852.0997924804688
1789859590.4637487,0,0,868.5496215820312,806.0403442382812,835.6500244140625,852.0997924804688
1789859590.4743967,0,0,868.5496215820312,806.0403442382812,835.6500244140625,852.0997924804688
1789859590.4851513,0,0,868.5496215820312,806.0403442382812,835.6500244140625,852.0997924804688
1789859590.4959104,0,0,863.6146850585938,810.9752807617188,837.2949829101562,860.32470703125
1789859590.5070744,0,0,865.2596435546875,819.2001953125,838.9400024414062,847.1648559570312
1789859590.5177822,0,0,865.2596435546875,819.2001953125,838.9400024414062,847.1648559570312
1789859590.5284514,0,0,865.2596435546875,819.2001953125,838.9400024414062,847.1648559570312
1789859590.5392659,0,0,865.2596435546875,819.2001953125,838.9400024414062,847.1648559570312
1789859590.5506299,0,0,865.2596435546875,819.2001953125,838.9400024414062,847.1648559570312
1789859590.561454,0,0,865.2596435546875,819.2001953125,838.9400024414062,847.1648559570312
1789859590.5721242,0,0,865.2596435546875,819.2001953125,838.9400024414062,847.1648559570312
1789859590.5830977,0,0,865.2596435546875,819.2001953125,838.9400024414062,847.1648559570312
1789859590.5938354,0,0,865.2596435546875,819.2001953125,838.9400024414062,847.1648559570312
1789859590.604988,0,0,865.2596435546875,819.2001953125,838.9400024414062,847.1648559570312
1789859590.615899,0,0,865.2596435546875,819.2001953125,838.9400024414062,847.1648559570312
1789859590.627145,0,0,865.2596435546875,819.2001953125,838.9400024414062,847.1648559570312
1789859590.6378882,0,0,865.2596435546875,819.2001953125,838.9400024414062,847.1648559570312
1789859590.648899,0,0,865.2596435546875,819.2001953125,838.9400024414062,847.1648559570312
1789859590.6603265,0,0,865.2596435546875,819.2001953125,838.9400024414062,847.1648559570312
1789859590.6715717,0,0,865.2596435546875,819.2001953125,838.9400024414062,847.1648559570312
1789859590.6824076,0,0,865.2596435546875,819.2001953125,838.9400024414062,847.1648559570312
1789859590.693706,0,0,865.2596435546875,819.2001953125,838.9400024414062,847.1648559570312
1789859590.7051427,0,0,865.2596435546875,819.2001953125,838.9400024414062,847.1648559570312
1789859590.71623,0,0,865.2596435546875,819.2001953125,838.9400024414062,847.1648559570312
1789859590.7271,0,0,865.2596435546875,819.2001953125,838.9400024414062,847.1648559570312
1789859590.7383733,0,0,865.2596435546875,819.2001953125,838.9400024414062,847.1648559570312
1789859590.74939,0,0,865.2596435546875,819.2001953125,838.9400024414062,847.1648559570312
1789859590.7600472,0,0,865.2596435546875,819.2001953125,838.9400024414062,847.1648559570312
1789859590.7708843,0,0,865.2596435546875,819.2001953125,838.9400024414062,847.1648559570312
1789859590.782117,0,0,865.2596435546875,819.2001953125,838.9400024414062,847.1648559570312
1789859590.7932348,0,0,865.2596435546875,819.2001953125,838.9400024414062,847.1648559570312
1789859590.8064868,0,0,865.2596435546875,819.2001953125,838.9400024414062,847.1648559570312
1789859590.8172007,0,0,865.2596435546875,819.2001953125,838.9400024414062,847.1648559570312
1789859590.830194,0,0,865.2596435546875,819.2001953125,838.9400024414062,847.1648559570312
1789859590.842587,0,0,865.2596435546875,819.2001953125,838.9400024414062,847.1648559570312
1789859590.8533108,0,0,865.2596435546875,819.2001953125,838.9400024414062,847.1648559570312
1789859590.8643801,0,0,865.2596435546875,819.2001953125,838.9400024414062,847.1648559570312
1789859590.875274,0,0,865.2596435546875,819.2001953125,838.9400024414062,847.1648559570312
1789859590.8860886,0,0,865.2596435546875,819.2001953125,838.9400024414062,847.1648559570312
1789859590.8972025,0,0,865.2596435546875,819.2001953125,838.9400024414062,847.1648559570312
1789859590.9083745,0,0,865.2596435546875,819.2001953125,838.9400024414062,847.1648559570312
1789859590.9191937,0,0,865.2596435546875,819.2001953125,838.9400024414062,847.1648559570312
1789859590.930141,0,0,865.2596435546875,819.2001953125,838.9400024414062,847.1648559570312
1789859590.9409392,0,0,865.2596435546875,819.2001953125,838.9400024414062,847.1648559570312
1789859590.95211,0,0,865.2596435546875,819.2001953125,838.9400024414062,847.1648559570312
1789859590.963281,0,0,865.2596435546875,819.2001953125,838.9400024414062,847.1648559570312
1789859590.9739144,0,0,865.2596435546875,819.2001953125,838.9400024414062,847.1648559570312
1789859590.9845455,0,0,865.2596435546875,819.2001953125,838.9400024414062,847.1648559570312
1789859590.9956932,0,0,865.2596435546875,819.2001953125,838.9400024414062,847.1648559570312
1789859591.00678,0,0,865.2596435546875,819.2001953125,838.9400024414062,847.1648559570312
1789859591.0184155,0,0,865.2596435546875,819.2001953125,838.9400024414062,847.1648559570312
1789859591.0299041,0,0,866.9046630859375,815.9102783203125,837.2949829101562,850.454833984375
1789859591.041887,0,0,853.7448120117188,822.4901733398438,834.0050048828125,825.7801513671875
1789859591.0533087,0,0,860.32470703125,822.4901733398438,824.1351318359375,819.2001953125
1789859591.0648637,0,0,873.4845581054688,815.9102783203125,835.6500244140625,860.32470703125
1789859591.076491,0,0,860.32470703125,815.9102783203125,837.2949829101562,837.2949829101562
1789859591.0879476,0,0,860.32470703125,815.9102783203125,837.2949829101562,837.2949829101562
1789859591.0996754,0,0,873.4845581054688,815.9102783203125,838.9400024414062,848.8098754882812
1789859591.1116762,0,0,863.6146850585938,809.330322265625,835.6500244140625,850.454833984375
1789859591.1237962,0,0,865.2596435546875,815.9102783203125,835.6500244140625,848.8098754882812
1789859591.1352317,0,0,863.6146850585938,820.84521484375,824.1351318359375,848.8098754882812
1789859591.1462898,0,0,858.6797485351562,819.2001953125,822.4901733398438,832.3600463867188
1789859591.1578557,0,0,852.0997924804688,817.5552368164062,832.3600463867188,840.5849609375
1789859591.1690454,0,0,837.2949829101562,820.84521484375,832.3600463867188,824.1351318359375
1789859591.179813,0,0,838.9400024414062,834.0050048828125,843.8749389648438,832.3600463867188
1789859591.1910574,0,0,789.590576171875,837.2949829101562,866.9046630859375,778.07568359375
1789859591.2018547,0,0,789.590576171875,837.2949829101562,866.9046630859375,778.07568359375
1789859591.2131588,0,0,875.1295166015625,802.7504272460938,832.3600463867188,873.4845581054688
1789859591.2241163,0,0,880.064453125,810.9752807617188,830.715087890625,866.9046630859375
1789859591.2352614,0,0,880.064453125,810.9752807617188,830.715087890625,866.9046630859375
1789859591.24632,0,0,880.064453125,810.9752807617188,830.715087890625,866.9046630859375
1789859591.2571733,0,0,880.064453125,810.9752807617188,830.715087890625,866.9046630859375
1789859591.2683794,0,0,880.064453125,810.9752807617188,830.715087890625,866.9046630859375
1789859591.2797043,0,0,880.064453125,810.9752807617188,830.715087890625,866.9046630859375
1789859591.2906082,0,0,880.064453125,810.9752807617188,830.715087890625,866.9046630859375
1789859591.30143,0,0,880.064453125,810.9752807617188,830.715087890625,866.9046630859375
1789859591.3125567,0,0,880.064453125,810.9752807617188,830.715087890625,866.9046630859375
1789859591.3236265,0,0,880.064453125,810.9752807617188,830.715087890625,866.9046630859375
1789859591.3347998,0,0,880.064453125,810.9752807617188,830.715087890625,866.9046630859375
1789859591.3460462,0,0,880.064453125,815.9102783203125,832.3600463867188,888.2893676757812
1789859591.3572037,0,0,880.064453125,815.9102783203125,832.3600463867188,888.2893676757812
1789859591.3683577,0,0,875.1295166015625,810.9752807617188,834.0050048828125,876.7745361328125
1789859591.3797572,0,0,875.1295166015625,820.84521484375,832.3600463867188,881.70947265625
1789859591.3909101,0,0,875.1295166015625,820.84521484375,832.3600463867188,881.70947265625
1789859591.4018366,0,0,875.1295166015625,820.84521484375,832.3600463867188,881.70947265625
1789859591.4129484,0,0,875.1295166015625,820.84521484375,832.3600463867188,881.70947265625
1789859591.4240696,0,0,876.7745361328125,825.7801513671875,830.715087890625,863.6146850585938
1789859591.4352305,0,0,876.7745361328125,825.7801513671875,830.715087890625,863.6146850585938
1789859591.4462876,0,0,876.7745361328125,825.7801513671875,830.715087890625,863.6146850585938
1789859591.4573445,0,0,876.7745361328125,825.7801513671875,830.715087890625,863.6146850585938
1789859591.4680533,0,0,876.7745361328125,825.7801513671875,830.715087890625,863.6146850585938
1789859591.4788947,0,0,876.7745361328125,825.7801513671875,830.715087890625,863.6146850585938
1789859591.4900513,0,0,876.7745361328125,825.7801513671875,830.715087890625,863.6146850585938
1789859591.5011787,0,0,876.7745361328125,825.7801513671875,830.715087890625,863.6146850585938
1789859591.5119808,0,0,876.7745361328125,825.7801513671875,830.715087890625,863.6146850585938
1789859591.5227263,0,0,876.7745361328125,825.7801513671875,830.715087890625,863.6146850585938
1789859591.5334148,0,0,876.7745361328125,825.7801513671875,830.715087890625,863.6146850585938
1789859591.544881,0,0,876.7745361328125,825.7801513671875,830.715087890625,863.6146850585938
1789859591.5562892,0,0,870.194580078125,815.9102783203125,838.9400024414062,858.6797485351562
1789859591.5676188,0,0,870.194580078125,815.9102783203125,838.9400024414062,858.6797485351562
1789859591.57845,0,0,870.194580078125,815.9102783203125,838.9400024414062,858.6797485351562
1789859591.5893097,0,0,870.194580078125,815.9102783203125,838.9400024414062,858.6797485351562
1789859591.600063,0,0,870.194580078125,815.9102783203125,838.9400024414062,858.6797485351562
1789859591.6109853,0,0,870.194580078125,815.9102783203125,838.9400024414062,858.6797485351562
1789859591.6220772,0,0,870.194580078125,815.9102783203125,838.9400024414062,858.6797485351562
1789859591.633157,0,0,870.194580078125,815.9102783203125,838.9400024414062,858.6797485351562
1789859591.6443887,0,0,870.194580078125,815.9102783203125,838.9400024414062,858.6797485351562
1789859591.655257,0,0,870.194580078125,815.9102783203125,838.9400024414062,858.6797485351562
1789859591.666457,0,0,870.194580078125,815.9102783203125,838.9400024414062,858.6797485351562
1789859591.6773796,0,0,865.2596435546875,810.9752807617188,840.5849609375,855.3897705078125
1789859591.6882381,0,0,865.2596435546875,810.9752807617188,840.5849609375,855.3897705078125
1789859591.6994772,0,0,863.6146850585938,806.0403442382812,837.2949829101562,865.2596435546875
1789859591.710539,0,0,863.6146850585938,806.0403442382812,837.2949829101562,865.2596435546875
1789859591.7215536,0,0,863.6146850585938,806.0403442382812,837.2949829101562,865.2596435546875
1789859591.7323163,0,0,863.6146850585938,806.0403442382812,837.2949829101562,865.2596435546875
1789859591.743252,0,0,863.6146850585938,806.0403442382812,837.2949829101562,865.2596435546875
1789859591.7540426,0,0,863.6146850585938,806.0403442382812,837.2949829101562,865.2596435546875
1789859591.765093,0,0,863.6146850585938,806.0403442382812,837.2949829101562,865.2596435546875
1789859591.775781,0,0,863.6146850585938,806.0403442382812,837.2949829101562,865.2596435546875
1789859591.7866046,0,0,863.6146850585938,806.0403442382812,837.2949829101562,865.2596435546875
1789859591.7977934,0,0,863.6146850585938,806.0403442382812,837.2949829101562,865.2596435546875
1789859591.8090658,0,0,863.6146850585938,806.0403442382812,837.2949829101562,865.2596435546875
1789859591.8198743,0,0,863.6146850585938,806.0403442382812,837.2949829101562,865.2596435546875
1789859591.8309586,0,0,873.4845581054688,819.2001953125,825.7801513671875,860.32470703125
1789859591.841784,0,0,860.32470703125,815.9102783203125,827.4251098632812,855.3897705078125
1789859591.8523762,0,0,860.32470703125,815.9102783203125,827.4251098632812,855.3897705078125
1789859591.8634095,0,0,860.32470703125,815.9102783203125,827.4251098632812,855.3897705078125
1789859591.8742516,0,0,860.32470703125,815.9102783203125,827.4251098632812,855.3897705078125
1789859591.8849401,0,0,860.32470703125,815.9102783203125,827.4251098632812,855.3897705078125
1789859591.8957858,0,0,860.32470703125,815.9102783203125,827.4251098632812,855.3897705078125
1789859591.9066784,0,0,860.32470703125,815.9102783203125,827.4251098632812,855.3897705078125
1789859591.9179237,0,0,865.2596435546875,817.5552368164062,824.1351318359375,861.9697265625
1789859591.9292467,0,0,865.2596435546875,814.2652587890625,825.7801513671875,843.8749389648438
1789859591.940621,0,0,863.6146850585938,815.9102783203125,815.9102783203125,848.8098754882812
1789859591.9517493,0,0,848.8098754882812,814.2652587890625,812.6203002929688,837.2949829101562
1789859591.9628506,0,0,848.8098754882812,814.2652587890625,812.6203002929688,837.2949829101562
1789859591.9734485,0,0,848.8098754882812,814.2652587890625,812.6203002929688,837.2949829101562
1789859591.9840086,0,0,848.8098754882812,814.2652587890625,812.6203002929688,837.2949829101562
1789859591.9947665,0,0,848.8098754882812,814.2652587890625,812.6203002929688,837.2949829101562
1789859592.0058434,0,0,848.8098754882812,814.2652587890625,812.6203002929688,837.2949829101562
1789859592.0173016,0,0,848.8098754882812,814.2652587890625,812.6203002929688,837.2949829101562
1789859592.0282335,0,0,848.8098754882812,814.2652587890625,812.6203002929688,837.2949829101562
1789859592.0393522,0,0,848.8098754882812,814.2652587890625,812.6203002929688,837.2949829101562
1789859592.0504954,0,0,848.8098754882812,814.2652587890625,812.6203002929688,837.2949829101562
1789859592.0613697,0,0,848.8098754882812,814.2652587890625,812.6203002929688,837.2949829101562
1789859592.0721242,0,0,847.1648559570312,801.1054077148438,829.070068359375,848.8098754882812
1789859592.082937,0,0,847.1648559570312,801.1054077148438,829.070068359375,848.8098754882812
1789859592.0936527,0,0,847.1648559570312,801.1054077148438,829.070068359375,848.8098754882812
1789859592.1048493,0,0,847.1648559570312,801.1054077148438,829.070068359375,848.8098754882812
1789859592.1159089,0,0,847.1648559570312,801.1054077148438,829.070068359375,848.8098754882812
1789859592.1269982,0,0,853.7448120117188,809.330322265625,829.070068359375,843.8749389648438
1789859592.137634,0,0,847.1648559570312,807.6853637695312,824.1351318359375,838.9400024414062
1789859592.14819,0,0,847.1648559570312,807.6853637695312,824.1351318359375,838.9400024414062
1789859592.158884,0,0,847.1648559570312,807.6853637695312,824.1351318359375,838.9400024414062
1789859592.16945,0,0,847.1648559570312,807.6853637695312,824.1351318359375,838.9400024414062
1789859592.180462,0,0,847.1648559570312,807.6853637695312,824.1351318359375,838.9400024414062
1789859592.191164,0,0,848.8098754882812,809.330322265625,825.7801513671875,834.0050048828125
1789859592.2019956,0,0,848.8098754882812,809.330322265625,825.7801513671875,834.0050048828125
1789859592.2132406,0,0,848.8098754882812,809.330322265625,825.7801513671875,834.0050048828125
1789859592.224545,0,0,852.0997924804688,802.7504272460938,830.715087890625,834.0050048828125
1789859592.2351146,0,0,852.0997924804688,802.7504272460938,830.715087890625,834.0050048828125
1789859592.245932,0,0,852.0997924804688,802.7504272460938,830.715087890625,834.0050048828125
1789859592.2568364,0,0,861.9697265625,807.6853637695312,832.3600463867188,845.5198974609375
1789859592.2676713,0,0,857.0347290039062,804.3953857421875,834.0050048828125,834.0050048828125
1789859592.2788296,0,0,857.0347290039062,804.3953857421875,834.0050048828125,834.0050048828125
1789859592.289877,0,0,857.0347290039062,804.3953857421875,834.0050048828125,834.0050048828125
1789859592.300781,0,0,857.0347290039062,804.3953857421875,834.0050048828125,834.0050048828125
1789859592.3118055,0,0,857.0347290039062,804.3953857421875,834.0050048828125,834.0050048828125
1789859592.3231733,0,0,857.0347290039062,804.3953857421875,834.0050048828125,834.0050048828125
1789859592.3338335,0,0,857.0347290039062,804.3953857421875,834.0050048828125,834.0050048828125
1789859592.3445485,0,0,857.0347290039062,804.3953857421875,834.0050048828125,834.0050048828125
1789859592.3556533,0,0,857.0347290039062,804.3953857421875,834.0050048828125,834.0050048828125
1789859592.3664808,0,0,857.0347290039062,804.3953857421875,834.0050048828125,834.0050048828125
1789859592.3774812,0,0,857.0347290039062,804.3953857421875,834.0050048828125,834.0050048828125
1789859592.3885686,0,0,857.0347290039062,804.3953857421875,834.0050048828125,834.0050048828125
1789859592.3997252,0,0,857.0347290039062,804.3953857421875,834.0050048828125,834.0050048828125
1789859592.4107752,0,0,857.0347290039062,804.3953857421875,834.0050048828125,834.0050048828125
1789859592.4217348,0,0,857.0347290039062,804.3953857421875,834.0050048828125,834.0050048828125
1789859592.432426,0,0,857.0347290039062,804.3953857421875,834.0050048828125,834.0050048828125
1789859592.4430296,0,0,857.0347290039062,804.3953857421875,834.0050048828125,834.0050048828125
1789859592.4540837,0,0,857.0347290039062,804.3953857421875,834.0050048828125,834.0050048828125
1789859592.4647763,0,0,857.0347290039062,804.3953857421875,834.0050048828125,834.0050048828125
1789859592.4753504,0,0,857.0347290039062,804.3953857421875,834.0050048828125,834.0050048828125
1789859592.4867866,0,0,860.32470703125,814.2652587890625,832.3600463867188,842.2299194335938
1789859592.4978683,0,0,857.0347290039062,815.9102783203125,834.0050048828125,834.0050048828125
1789859592.5091832,0,0,857.0347290039062,809.330322265625,832.3600463867188,835.6500244140625
1789859592.5200179,0,0,857.0347290039062,809.330322265625,832.3600463867188,835.6500244140625
1789859592.5305722,0,0,857.0347290039062,809.330322265625,832.3600463867188,835.6500244140625
1789859592.5412135,0,0,857.0347290039062,809.330322265625,832.3600463867188,835.6500244140625
1789859592.5523434,0,0,857.0347290039062,809.330322265625,832.3600463867188,835.6500244140625
1789859592.563443,0,0,857.0347290039062,809.330322265625,832.3600463867188,835.6500244140625
1789859592.5744088,0,0,857.0347290039062,809.330322265625,832.3600463867188,835.6500244140625
1789859592.5855122,0,0,857.0347290039062,809.330322265625,832.3600463867188,835.6500244140625
1789859592.596497,0,0,857.0347290039062,809.330322265625,832.3600463867188,835.6500244140625
1789859592.6075866,0,0,857.0347290039062,809.330322265625,832.3600463867188,835.6500244140625
1789859592.6185598,0,0,857.0347290039062,809.330322265625,832.3600463867188,835.6500244140625
1789859592.6295743,0,0,857.0347290039062,809.330322265625,832.3600463867188,835.6500244140625
1789859592.640157,0,0,857.0347290039062,809.330322265625,832.3600463867188,835.6500244140625
1789859592.651454,0,0,857.0347290039062,809.330322265625,832.3600463867188,835.6500244140625
1789859592.6623762,0,0,857.0347290039062,809.330322265625,832.3600463867188,835.6500244140625
1789859592.6729581,0,0,857.0347290039062,809.330322265625,832.3600463867188,835.6500244140625
1789859592.6835878,0,0,857.0347290039062,809.330322265625,832.3600463867188,835.6500244140625
1789859592.6947904,0,0,857.0347290039062,809.330322265625,832.3600463867188,835.6500244140625
1789859592.7056816,0,0,857.0347290039062,809.330322265625,832.3600463867188,835.6500244140625
1789859592.7166479,0,0,857.0347290039062,809.330322265625,832.3600463867188,835.6500244140625
1789859592.7277226,0,0,857.0347290039062,809.330322265625,832.3600463867188,835.6500244140625
1789859592.7387114,0,0,855.3897705078125,810.9752807617188,834.0050048828125,837.2949829101562
1789859592.7492537,0,0,855.3897705078125,810.9752807617188,834.0050048828125,837.2949829101562
1789859592.7598796,0,0,855.3897705078125,810.9752807617188,834.0050048828125,837.2949829101562
1789859592.7710154,0,0,848.8098754882812,819.2001953125,835.6500244140625,827.4251098632812
1789859592.781932,0,0,853.7448120117188,810.9752807617188,837.2949829101562,843.8749389648438
1789859592.7930002,0,0,852.0997924804688,815.9102783203125,838.9400024414062,845.5198974609375
1789859592.8040578,0,0,850.454833984375,812.6203002929688,837.2949829101562,842.2299194335938
1789859592.8147664,0,0,866.9046630859375,810.9752807617188,837.2949829101562,861.9697265625
1789859592.825457,0,0,847.1648559570312,802.7504272460938,827.4251098632812,830.715087890625
1789859592.8366103,0,0,848.8098754882812,806.0403442382812,829.070068359375,842.2299194335938
1789859592.8478296,0,0,848.8098754882812,806.0403442382812,829.070068359375,842.2299194335938
1789859592.8587818,0,0,848.8098754882812,806.0403442382812,829.070068359375,842.2299194335938
1789859592.869726,0,0,848.8098754882812,806.0403442382812,829.070068359375,842.2299194335938
1789859592.8808675,0,0,848.8098754882812,806.0403442382812,829.070068359375,842.2299194335938
1789859592.89188,0,0,848.8098754882812,806.0403442382812,829.070068359375,842.2299194335938
1789859592.9030445,0,0,848.8098754882812,806.0403442382812,829.070068359375,842.2299194335938
1789859592.9135725,0,0,848.8098754882812,806.0403442382812,829.070068359375,842.2299194335938
1789859592.9240966,0,0,848.8098754882812,806.0403442382812,829.070068359375,842.2299194335938
1789859592.934644,0,0,848.8098754882812,806.0403442382812,829.070068359375,842.2299194335938
1789859592.9452426,0,0,848.8098754882812,806.0403442382812,829.070068359375,842.2299194335938
1789859592.956353,0,0,848.8098754882812,806.0403442382812,829.070068359375,842.2299194335938
1789859592.9669206,0,0,848.8098754882812,806.0403442382812,829.070068359375,842.2299194335938
1789859592.977548,0,0,848.8098754882812,806.0403442382812,829.070068359375,842.2299194335938
1789859592.9886076,0,0,848.8098754882812,806.0403442382812,829.070068359375,842.2299194335938
1789859592.9995236,0,0,848.8098754882812,806.0403442382812,829.070068359375,842.2299194335938
1789859593.0105958,0,0,848.8098754882812,806.0403442382812,829.070068359375,842.2299194335938
1789859593.0217915,0,0,848.8098754882812,806.0403442382812,829.070068359375,842.2299194335938
1789859593.032773,0,0,848.8098754882812,806.0403442382812,829.070068359375,842.2299194335938
1789859593.043307,0,0,848.8098754882812,806.0403442382812,829.070068359375,842.2299194335938
1789859593.0546083,0,0,848.8098754882812,806.0403442382812,829.070068359375,842.2299194335938
1789859593.065362,0,0,848.8098754882812,806.0403442382812,829.070068359375,842.2299194335938
1789859593.0764759,0,0,848.8098754882812,806.0403442382812,829.070068359375,842.2299194335938
1789859593.088001,0,0,848.8098754882812,806.0403442382812,829.070068359375,842.2299194335938
1789859593.0990112,0,0,848.8098754882812,806.0403442382812,829.070068359375,842.2299194335938
1789859593.1095605,0,0,848.8098754882812,806.0403442382812,829.070068359375,842.2299194335938
1789859593.1200688,0,0,848.8098754882812,806.0403442382812,829.070068359375,842.2299194335938
1789859593.1311574,0,0,866.9046630859375,814.2652587890625,829.070068359375,842.2299194335938
1789859593.1421933,0,0,855.3897705078125,814.2652587890625,832.3600463867188,840.5849609375
1789859593.1531885,0,0,855.3897705078125,814.2652587890625,832.3600463867188,840.5849609375
1789859593.1642318,0,0,865.2596435546875,814.2652587890625,832.3600463867188,852.0997924804688
1789859593.1748633,0,0,865.2596435546875,814.2652587890625,832.3600463867188,852.0997924804688
1789859593.1858263,0,0,865.2596435546875,814.2652587890625,832.3600463867188,852.0997924804688
1789859593.1970468,0,0,857.0347290039062,830.715087890625,819.2001953125,834.0050048828125
1789859593.207955,0,0,857.0347290039062,832.3600463867188,822.4901733398438,848.8098754882812
1789859593.2191463,0,0,857.0347290039062,832.3600463867188,822.4901733398438,848.8098754882812
1789859593.2303429,0,0,857.0347290039062,832.3600463867188,822.4901733398438,848.8098754882812
1789859593.241336,0,0,865.2596435546875,835.6500244140625,820.84521484375,834.0050048828125
1789859593.2523012,0,0,865.2596435546875,835.6500244140625,820.84521484375,834.0050048828125
1789859593.262842,0,0,865.2596435546875,835.6500244140625,820.84521484375,834.0050048828125
1789859593.2737381,0,0,865.2596435546875,835.6500244140625,820.84521484375,834.0050048828125
1789859593.284823,0,0,865.2596435546875,835.6500244140625,820.84521484375,834.0050048828125
1789859593.295333,0,0,865.2596435546875,835.6500244140625,820.84521484375,834.0050048828125
1789859593.3060155,0,0,870.194580078125,829.070068359375,822.4901733398438,845.5198974609375
1789859593.316545,0,0,870.194580078125,829.070068359375,822.4901733398438,845.5198974609375
1789859593.3272557,0,0,870.194580078125,829.070068359375,822.4901733398438,845.5198974609375
1789859593.3381646,0,0,870.194580078125,829.070068359375,822.4901733398438,845.5198974609375
1789859593.3487573,0,0,861.9697265625,830.715087890625,815.9102783203125,830.715087890625
1789859593.3594832,0,0,861.9697265625,832.3600463867188,817.5552368164062,845.5198974609375
1789859593.3701837,0,0,861.9697265625,832.3600463867188,817.5552368164062,845.5198974609375
1789859593.380992,0,0,861.9697265625,832.3600463867188,817.5552368164062,845.5198974609375
1789859593.3917248,0,0,861.9697265625,832.3600463867188,817.5552368164062,845.5198974609375
1789859593.4023898,0,0,861.9697265625,832.3600463867188,817.5552368164062,845.5198974609375
1789859593.4130573,0,0,861.9697265625,832.3600463867188,817.5552368164062,845.5198974609375
1789859593.423861,0,0,861.9697265625,832.3600463867188,817.5552368164062,845.5198974609375
1789859593.4348922,0,0,861.9697265625,832.3600463867188,817.5552368164062,845.5198974609375
1789859593.445757,0,0,861.9697265625,832.3600463867188,817.5552368164062,845.5198974609375
1789859593.4565895,0,0,861.9697265625,832.3600463867188,817.5552368164062,845.5198974609375
1789859593.467289,0,0,865.2596435546875,829.070068359375,820.84521484375,858.6797485351562
1789859593.478332,0,0,865.2596435546875,829.070068359375,820.84521484375,858.6797485351562
1789859593.489374,0,0,865.2596435546875,829.070068359375,820.84521484375,858.6797485351562
1789859593.5001984,0,0,659.6371459960938,819.2001953125,954.088623046875,684.3118286132812
1789859593.5109782,0,0,620.1575927734375,802.7504272460938,991.9231567382812,684.3118286132812
1789859593.521841,0,0,618.5126342773438,809.330322265625,993.568115234375,695.82666015625
1789859593.5324795,0,0,618.5126342773438,809.330322265625,993.568115234375,695.82666015625
1789859593.5432456,0,0,618.5126342773438,809.330322265625,993.568115234375,695.82666015625
1789859593.5542657,0,0,681.0218505859375,792.8805541992188,990.2781372070312,727.081298828125
1789859593.5651672,0,0,720.5014038085938,781.3656616210938,977.1183471679688,748.466064453125
1789859593.576039,0,0,720.5014038085938,781.3656616210938,977.1183471679688,748.466064453125
1789859593.5868485,0,0,720.5014038085938,781.3656616210938,977.1183471679688,748.466064453125
1789859593.5978563,0,0,720.5014038085938,781.3656616210938,977.1183471679688,748.466064453125
1789859593.6090078,0,0,720.5014038085938,781.3656616210938,977.1183471679688,748.466064453125
1789859593.6199021,0,0,720.5014038085938,781.3656616210938,977.1183471679688,748.466064453125
1789859593.6308975,0,0,720.5014038085938,781.3656616210938,977.1183471679688,748.466064453125
1789859593.6419597,0,0,720.5014038085938,781.3656616210938,977.1183471679688,748.466064453125
1789859593.6526508,0,0,720.5014038085938,781.3656616210938,977.1183471679688,748.466064453125
1789859593.6637938,0,0,876.7745361328125,745.1760864257812,893.2243041992188,881.70947265625
1789859593.6750133,0,0,870.194580078125,748.466064453125,884.9994506835938,889.9343872070312
1789859593.6862986,0,0,871.839599609375,748.466064453125,868.5496215820312,884.9994506835938
1789859593.6973598,0,0,871.839599609375,748.466064453125,868.5496215820312,884.9994506835938
1789859593.7081902,0,0,871.839599609375,748.466064453125,868.5496215820312,884.9994506835938
1789859593.7193308,0,0,871.839599609375,748.466064453125,868.5496215820312,884.9994506835938
1789859593.7303195,0,0,871.839599609375,748.466064453125,868.5496215820312,884.9994506835938
1789859593.7409832,0,0,871.839599609375,748.466064453125,868.5496215820312,884.9994506835938
1789859593.7515352,0,0,871.839599609375,748.466064453125,868.5496215820312,884.9994506835938
1789859593.7622464,0,0,871.839599609375,748.466064453125,868.5496215820312,884.9994506835938
1789859593.7735348,0,0,871.839599609375,748.466064453125,868.5496215820312,884.9994506835938
1789859593.7848437,0,0,888.2893676757812,759.9808959960938,852.0997924804688,894.8693237304688
1789859593.796205,0,0,875.1295166015625,778.07568359375,819.2001953125,884.9994506835938
1789859593.8069944,0,0,875.1295166015625,778.07568359375,819.2001953125,884.9994506835938
1789859593.817558,0,0,875.1295166015625,778.07568359375,819.2001953125,884.9994506835938
1789859593.8283608,0,0,875.1295166015625,778.07568359375,819.2001953125,884.9994506835938
1789859593.839059,0,0,875.1295166015625,778.07568359375,819.2001953125,884.9994506835938
1789859593.84992,0,0,865.2596435546875,769.850830078125,814.2652587890625,876.7745361328125
1789859593.861145,0,0,871.839599609375,769.850830078125,819.2001953125,861.9697265625
1789859593.872224,0,0,871.839599609375,769.850830078125,819.2001953125,861.9697265625
1789859593.8828855,0,0,871.839599609375,769.850830078125,819.2001953125,861.9697265625
1789859593.893535,0,0,871.839599609375,769.850830078125,819.2001953125,861.9697265625
1789859593.904815,0,0,871.839599609375,769.850830078125,819.2001953125,861.9697265625
1789859593.9155655,0,0,871.839599609375,769.850830078125,819.2001953125,861.9697265625
1789859593.926818,0,0,871.839599609375,769.850830078125,819.2001953125,861.9697265625
1789859593.9378521,0,0,857.0347290039062,783.0106201171875,819.2001953125,850.454833984375
1789859593.94855,0,0,857.0347290039062,783.0106201171875,819.2001953125,850.454833984375
1789859593.9592083,0,0,857.0347290039062,783.0106201171875,819.2001953125,850.454833984375
1789859593.970081,1,0,863.6146850585938,779.720703125,834.0050048828125,857.0347290039062
1789859593.980955,1,0,863.6146850585938,779.720703125,834.0050048828125,857.0347290039062
1789859593.9919393,1,0,863.6146850585938,779.720703125,834.0050048828125,857.0347290039062
1789859594.0029995,1,0,863.6146850585938,779.720703125,834.0050048828125,857.0347290039062
1789859594.013955,1,0,863.6146850585938,779.720703125,834.0050048828125,857.0347290039062
1789859594.0252225,1,0,863.6146850585938,779.720703125,834.0050048828125,857.0347290039062
1789859594.0359838,1,0,863.6146850585938,779.720703125,834.0050048828125,857.0347290039062
1789859594.0469723,1,0,863.6146850585938,779.720703125,834.0050048828125,857.0347290039062
1789859594.0579956,1,0,863.6146850585938,779.720703125,834.0050048828125,857.0347290039062
1789859594.0690436,1,0,868.5496215820312,776.4307250976562,834.0050048828125,848.8098754882812
1789859594.0801175,1,0,870.194580078125,792.8805541992188,835.6500244140625,840.5849609375
1789859594.0913327,1,0,870.194580078125,792.8805541992188,835.6500244140625,840.5849609375
1789859594.1021194,1,0,870.194580078125,792.8805541992188,835.6500244140625,840.5849609375
1789859594.1132748,1,0,870.194580078125,792.8805541992188,835.6500244140625,840.5849609375
1789859594.123964,1,0,870.194580078125,792.8805541992188,835.6500244140625,840.5849609375
1789859594.1351593,1,0,870.194580078125,792.8805541992188,835.6500244140625,840.5849609375
1789859594.1459925,1,0,870.194580078125,792.8805541992188,835.6500244140625,840.5849609375
1789859594.1573155,1,0,870.194580078125,792.8805541992188,835.6500244140625,840.5849609375
1789859594.1681085,1,0,870.194580078125,792.8805541992188,835.6500244140625,840.5849609375
1789859594.178851,1,0,870.194580078125,792.8805541992188,835.6500244140625,840.5849609375
1789859594.190308,1,0,870.194580078125,792.8805541992188,835.6500244140625,840.5849609375
1789859594.2011096,1,0,870.194580078125,792.8805541992188,835.6500244140625,840.5849609375
1789859594.2117646,1,0,870.194580078125,792.8805541992188,835.6500244140625,840.5849609375
1789859594.2224205,1,0,870.194580078125,792.8805541992188,835.6500244140625,840.5849609375
1789859594.2332778,1,0,819.2001953125,797.8154907226562,834.0050048828125,829.070068359375
1789859594.244479,1,0,868.5496215820312,801.1054077148438,832.3600463867188,850.454833984375
1789859594.2556524,1,0,796.1704711914062,807.6853637695312,829.070068359375,794.5255126953125
1789859594.2668622,1,0,796.1704711914062,807.6853637695312,829.070068359375,794.5255126953125
1789859594.2777317,1,0,796.1704711914062,807.6853637695312,829.070068359375,794.5255126953125
1789859594.288528,1,0,796.1704711914062,807.6853637695312,829.070068359375,794.5255126953125
1789859594.299584,1,0,796.1704711914062,807.6853637695312,829.070068359375,794.5255126953125
1789859594.3104599,1,0,858.6797485351562,814.2652587890625,829.070068359375,861.9697265625
1789859594.321394,1,0,858.6797485351562,814.2652587890625,829.070068359375,861.9697265625
1789859594.332042,1,0,858.6797485351562,814.2652587890625,829.070068359375,861.9697265625
1789859594.3430629,1,0,858.6797485351562,814.2652587890625,829.070068359375,861.9697265625
1789859594.353898,1,0,858.6797485351562,814.2652587890625,829.070068359375,861.9697265625
1789859594.3644564,1,0,858.6797485351562,814.2652587890625,829.070068359375,861.9697265625
1789859594.3754177,1,0,858.6797485351562,814.2652587890625,829.070068359375,861.9697265625
1789859594.3863432,1,0,858.6797485351562,814.2652587890625,829.070068359375,861.9697265625
1789859594.397008,1,0,858.6797485351562,814.2652587890625,829.070068359375,861.9697265625
1789859594.407923,1,0,858.6797485351562,814.2652587890625,829.070068359375,861.9697265625
1789859594.4186938,1,0,858.6797485351562,814.2652587890625,829.070068359375,861.9697265625
1789859594.4298985,1,0,858.6797485351562,814.2652587890625,829.070068359375,861.9697265625
1789859594.4410465,1,0,855.3897705078125,809.330322265625,830.715087890625,843.8749389648438
1789859594.4520319,1,0,855.3897705078125,809.330322265625,830.715087890625,843.8749389648438
1789859594.4629745,1,0,863.6146850585938,810.9752807617188,838.9400024414062,838.9400024414062
1789859594.4738517,1,0,855.3897705078125,830.715087890625,820.84521484375,824.1351318359375
1789859594.4847443,1,0,838.9400024414062,871.839599609375,827.4251098632812,824.1351318359375
1789859594.4959097,1,0,838.9400024414062,871.839599609375,827.4251098632812,824.1351318359375
1789859594.50713,1,0,838.9400024414062,871.839599609375,827.4251098632812,824.1351318359375
1789859594.5180392,1,0,838.9400024414062,871.839599609375,827.4251098632812,824.1351318359375
1789859594.5294366,1,0,814.2652587890625,916.2540283203125,817.5552368164062,812.6203002929688
1789859594.5404165,1,0,695.82666015625,1406.458251953125,845.5198974609375,634.96240234375
1789859594.551392,1,0,695.82666015625,1406.458251953125,845.5198974609375,634.96240234375
1789859594.562264,1,0,695.82666015625,1406.458251953125,845.5198974609375,634.96240234375
1789859594.573346,1,0,695.82666015625,1406.458251953125,845.5198974609375,634.96240234375
1789859594.584503,1,0,695.82666015625,1406.458251953125,845.5198974609375,634.96240234375
1789859594.5952015,1,0,695.82666015625,1406.458251953125,845.5198974609375,634.96240234375
1789859594.6063354,1,0,695.82666015625,1406.458251953125,845.5198974609375,634.96240234375
1789859594.6171987,1,0,695.82666015625,1406.458251953125,845.5198974609375,634.96240234375
1789859594.628026,1,0,695.82666015625,1406.458251953125,845.5198974609375,634.96240234375
1789859594.6389244,1,0,695.82666015625,1406.458251953125,845.5198974609375,634.96240234375
1789859594.649988,1,0,741.8861083984375,1582.4710693359375,809.330322265625,667.8619995117188
1789859594.6607711,1,0,741.8861083984375,1399.8782958984375,740.2411499023438,674.4419555664062
1789859594.6719875,1,0,741.8861083984375,1399.8782958984375,740.2411499023438,674.4419555664062
1789859594.6838498,1,0,741.8861083984375,1399.8782958984375,740.2411499023438,674.4419555664062
1789859594.6948807,1,0,741.8861083984375,1399.8782958984375,740.2411499023438,674.4419555664062
1789859594.7057035,1,0,741.8861083984375,1399.8782958984375,740.2411499023438,674.4419555664062
1789859594.716525,1,0,741.8861083984375,1399.8782958984375,740.2411499023438,674.4419555664062
1789859594.7272434,1,0,827.4251098632812,1329.1441650390625,786.3005981445312,779.720703125
1789859594.738246,1,0,873.4845581054688,1225.5103759765625,832.3600463867188,855.3897705078125
1789859594.7491074,1,0,891.579345703125,929.4138793945312,835.6500244140625,865.2596435546875
1789859594.7599196,1,0,891.579345703125,929.4138793945312,835.6500244140625,865.2596435546875
1789859594.770685,1,0,891.579345703125,929.4138793945312,835.6500244140625,865.2596435546875
1789859594.7813673,1,0,855.3897705078125,643.1873168945312,817.5552368164062,857.0347290039062
1789859594.792126,1,0,847.1648559570312,444.1446838378906,820.84521484375,866.9046630859375
1789859594.8026674,1,0,847.1648559570312,444.1446838378906,820.84521484375,866.9046630859375
1789859594.813349,1,0,847.1648559570312,444.1446838378906,820.84521484375,866.9046630859375
1789859594.8243146,1,0,852.0997924804688,421.1149597167969,822.4901733398438,866.9046630859375
1789859594.8352196,1,0,865.2596435546875,378.3454895019531,824.1351318359375,861.9697265625
1789859594.8460298,1,0,865.2596435546875,378.3454895019531,824.1351318359375,861.9697265625
1789859594.856889,1,0,865.2596435546875,378.3454895019531,824.1351318359375,861.9697265625
1789859594.8674662,1,0,865.2596435546875,378.3454895019531,824.1351318359375,861.9697265625
1789859594.8781567,1,0,865.2596435546875,378.3454895019531,824.1351318359375,861.9697265625
1789859594.8891423,1,0,865.2596435546875,378.3454895019531,824.1351318359375,861.9697265625
1789859594.90084,1,0,865.2596435546875,378.3454895019531,824.1351318359375,861.9697265625
1789859594.9117744,1,0,860.32470703125,373.4105529785156,840.5849609375,889.9343872070312
1789859594.9229476,1,0,853.7448120117188,434.2748107910156,850.454833984375,868.5496215820312
1789859594.9337547,1,0,861.9697265625,435.9197998046875,848.8098754882812,875.1295166015625
1789859594.9444249,1,0,861.9697265625,435.9197998046875,848.8098754882812,875.1295166015625
1789859594.9551048,1,0,861.9697265625,435.9197998046875,848.8098754882812,875.1295166015625
1789859594.9660618,1,0,861.9697265625,435.9197998046875,848.8098754882812,875.1295166015625
1789859594.9767332,1,0,861.9697265625,435.9197998046875,848.8098754882812,875.1295166015625
1789859594.9873884,1,0,861.9697265625,435.9197998046875,848.8098754882812,875.1295166015625
1789859594.9979498,1,0,861.9697265625,435.9197998046875,848.8098754882812,875.1295166015625
1789859595.0086617,1,0,861.9697265625,435.9197998046875,848.8098754882812,875.1295166015625
1789859595.019737,1,0,861.9697265625,435.9197998046875,848.8098754882812,875.1295166015625
1789859595.03065,1,0,861.9697265625,435.9197998046875,848.8098754882812,875.1295166015625
1789859595.0417638,1,0,861.9697265625,435.9197998046875,848.8098754882812,875.1295166015625
1789859595.0525625,1,0,861.9697265625,435.9197998046875,848.8098754882812,875.1295166015625
1789859595.063366,1,0,861.9697265625,435.9197998046875,848.8098754882812,875.1295166015625
1789859595.07455,1,0,861.9697265625,435.9197998046875,848.8098754882812,875.1295166015625
1789859595.0855818,1,0,898.1592407226562,514.8788452148438,853.7448120117188,866.9046630859375
1789859595.0963914,1,0,870.194580078125,620.1575927734375,850.454833984375,850.454833984375
1789859595.1075218,1,0,870.194580078125,620.1575927734375,850.454833984375,850.454833984375
1789859595.1186547,1,0,870.194580078125,620.1575927734375,850.454833984375,850.454833984375
1789859595.129465,1,0,857.0347290039062,681.0218505859375,843.8749389648438,852.0997924804688
1789859595.140622,1,0,865.2596435546875,705.6965942382812,847.1648559570312,832.3600463867188
1789859595.1516142,1,0,865.2596435546875,705.6965942382812,847.1648559570312,832.3600463867188
1789859595.16253,1,0,865.2596435546875,705.6965942382812,847.1648559570312,832.3600463867188
1789859595.1733766,1,0,865.2596435546875,705.6965942382812,847.1648559570312,832.3600463867188
1789859595.1843824,1,0,853.7448120117188,748.466064453125,847.1648559570312,835.6500244140625
1789859595.1955037,1,0,820.84521484375,774.7857666015625,820.84521484375,822.4901733398438
1789859595.2064471,1,0,820.84521484375,774.7857666015625,820.84521484375,822.4901733398438
1789859595.2170048,1,0,835.6500244140625,764.9158325195312,827.4251098632812,835.6500244140625
1789859595.2277052,1,0,728.726318359375,750.1110229492188,727.081298828125,700.7615966796875
1789859595.2388947,1,0,728.726318359375,750.1110229492188,727.081298828125,700.7615966796875
1789859595.2497752,1,0,728.726318359375,750.1110229492188,727.081298828125,700.7615966796875
1789859595.2606413,1,0,728.726318359375,750.1110229492188,727.081298828125,700.7615966796875
1789859595.2724967,1,0,753.4010009765625,664.5720825195312,717.21142578125,699.1166381835938
1789859595.2833447,1,0,766.5608520507812,1039.6275634765625,812.6203002929688,718.8563842773438
1789859595.294442,1,0,766.5608520507812,1039.6275634765625,812.6203002929688,718.8563842773438
1789859595.3054454,1,0,766.5608520507812,1039.6275634765625,812.6203002929688,718.8563842773438
1789859595.3159976,1,0,766.5608520507812,1039.6275634765625,812.6203002929688,718.8563842773438
1789859595.3267026,1,0,766.5608520507812,1039.6275634765625,812.6203002929688,718.8563842773438
1789859595.3374395,1,0,792.8805541992188,1260.054931640625,835.6500244140625,712.2764892578125
1789859595.3481474,1,0,792.8805541992188,1260.054931640625,835.6500244140625,712.2764892578125
1789859595.3588412,1,0,792.8805541992188,1260.054931640625,835.6500244140625,712.2764892578125
1789859595.3698146,1,0,753.4010009765625,1467.322509765625,832.3600463867188,705.6965942382812
1789859595.3809986,1,0,753.4010009765625,1467.322509765625,832.3600463867188,705.6965942382812
1789859595.3917031,1,0,753.4010009765625,1467.322509765625,832.3600463867188,705.6965942382812
1789859595.4029484,1,0,753.4010009765625,1467.322509765625,832.3600463867188,705.6965942382812
1789859595.4139082,1,0,753.4010009765625,1467.322509765625,832.3600463867188,705.6965942382812
1789859595.4244754,1,0,753.4010009765625,1467.322509765625,832.3600463867188,705.6965942382812
1789859595.4351647,1,0,753.4010009765625,1467.322509765625,832.3600463867188,705.6965942382812
1789859595.4463172,1,0,753.4010009765625,1467.322509765625,832.3600463867188,705.6965942382812
1789859595.457646,1,0,753.4010009765625,1467.322509765625,832.3600463867188,705.6965942382812
1789859595.4683454,1,0,753.4010009765625,1467.322509765625,832.3600463867188,705.6965942382812
1789859595.479581,1,0,753.4010009765625,1467.322509765625,832.3600463867188,705.6965942382812
1789859595.4908466,1,0,904.7391967773438,1386.7183837890625,848.8098754882812,881.70947265625
1789859595.5016663,1,0,912.964111328125,1378.4935302734375,855.3897705078125,861.9697265625
1789859595.512466,1,0,912.964111328125,1378.4935302734375,855.3897705078125,861.9697265625
1789859595.523688,1,0,876.7745361328125,1268.27978515625,825.7801513671875,829.070068359375
1789859595.5347135,1,0,927.7689208984375,1107.07177734375,842.2299194335938,881.70947265625
1789859595.5456972,1,0,927.7689208984375,1107.07177734375,842.2299194335938,881.70947265625
1789859595.5565243,1,0,927.7689208984375,1107.07177734375,842.2299194335938,881.70947265625
1789859595.5672486,1,0,927.7689208984375,1107.07177734375,842.2299194335938,881.70947265625
1789859595.5782511,1,0,927.7689208984375,1107.07177734375,842.2299194335938,881.70947265625
1789859595.5889277,1,0,927.7689208984375,1107.07177734375,842.2299194335938,881.70947265625
1789859595.6000128,1,0,927.7689208984375,1107.07177734375,842.2299194335938,881.70947265625
1789859595.6106908,1,0,927.7689208984375,1107.07177734375,842.2299194335938,881.70947265625
1789859595.6217034,1,0,881.70947265625,1110.3616943359375,858.6797485351562,852.0997924804688
1789859595.6325889,1,0,927.7689208984375,1005.0830078125,870.194580078125,871.839599609375
1789859595.6436508,1,0,927.7689208984375,1005.0830078125,870.194580078125,871.839599609375
1789859595.6547358,1,0,927.7689208984375,1005.0830078125,870.194580078125,871.839599609375
1789859595.6654737,1,0,940.9287719726562,1052.7874755859375,886.6444091796875,894.8693237304688
1789859595.6767206,1,0,932.703857421875,909.6741333007812,891.579345703125,896.5142822265625
1789859595.6875176,1,0,909.6741333007812,898.1592407226562,871.839599609375,873.4845581054688
1789859595.6985302,1,0,909.6741333007812,898.1592407226562,871.839599609375,873.4845581054688
1789859595.709686,1,0,911.319091796875,852.0997924804688,870.194580078125,884.9994506835938
1789859595.720772,1,0,868.5496215820312,514.8788452148438,838.9400024414062,845.5198974609375
1789859595.7316024,1,0,868.5496215820312,514.8788452148438,838.9400024414062,845.5198974609375
1789859595.7427483,1,0,868.5496215820312,514.8788452148438,838.9400024414062,845.5198974609375
1789859595.753523,1,0,868.5496215820312,514.8788452148438,838.9400024414062,845.5198974609375
1789859595.7641613,1,0,868.5496215820312,514.8788452148438,838.9400024414062,845.5198974609375
1789859595.7749474,1,0,880.064453125,414.5350341796875,837.2949829101562,855.3897705078125
1789859595.7862194,1,0,863.6146850585938,406.3101501464844,837.2949829101562,857.0347290039062
1789859595.7971377,1,0,863.6146850585938,406.3101501464844,837.2949829101562,857.0347290039062
1789859595.807929,1,0,863.6146850585938,406.3101501464844,837.2949829101562,857.0347290039062
1789859595.819425,1,0,888.2893676757812,422.75994873046875,845.5198974609375,876.7745361328125
1789859595.8306735,1,0,886.6444091796875,452.3695983886719,848.8098754882812,860.32470703125
1789859595.8420045,1,0,886.6444091796875,452.3695983886719,848.8098754882812,860.32470703125
1789859595.8528438,1,0,886.6444091796875,452.3695983886719,848.8098754882812,860.32470703125
1789859595.8640885,1,0,886.6444091796875,452.3695983886719,848.8098754882812,860.32470703125
1789859595.875211,1,0,886.6444091796875,452.3695983886719,848.8098754882812,860.32470703125
1789859595.8859253,1,0,886.6444091796875,452.3695983886719,848.8098754882812,860.32470703125
1789859595.897165,1,0,886.6444091796875,452.3695983886719,848.8098754882812,860.32470703125
1789859595.908463,1,0,886.6444091796875,452.3695983886719,848.8098754882812,860.32470703125
1789859595.9192402,1,0,886.6444091796875,452.3695983886719,848.8098754882812,860.32470703125
1789859595.9299126,1,0,886.6444091796875,452.3695983886719,848.8098754882812,860.32470703125
1789859595.9406743,1,0,886.6444091796875,452.3695983886719,848.8098754882812,860.32470703125
1789859595.951756,1,0,886.6444091796875,452.3695983886719,848.8098754882812,860.32470703125
1789859595.9632103,1,0,884.9994506835938,455.6595458984375,850.454833984375,876.7745361328125
1789859595.9743435,1,0,868.5496215820312,551.0684204101562,848.8098754882812,888.2893676757812
1789859595.985377,1,0,884.9994506835938,562.583251953125,850.454833984375,865.2596435546875
1789859595.9966576,1,0,884.9994506835938,562.583251953125,850.454833984375,865.2596435546875
1789859596.0079372,1,0,873.4845581054688,616.8676147460938,845.5198974609375,870.194580078125
1789859596.0191877,1,0,875.1295166015625,625.092529296875,848.8098754882812,850.454833984375
1789859596.0299473,1,0,875.1295166015625,625.092529296875,848.8098754882812,850.454833984375
1789859596.0409806,1,0,873.4845581054688,638.2523803710938,847.1648559570312,858.6797485351562
1789859596.0519197,1,0,875.1295166015625,662.9270629882812,843.8749389648438,871.839599609375
1789859596.063254,1,0,873.4845581054688,674.4419555664062,843.8749389648438,853.7448120117188
1789859596.07461,1,0,863.6146850585938,682.6668701171875,842.2299194335938,853.7448120117188
1789859596.0851712,1,0,863.6146850585938,682.6668701171875,842.2299194335938,853.7448120117188
1789859596.0960884,1,0,863.6146850585938,682.6668701171875,842.2299194335938,853.7448120117188
1789859596.106693,1,0,863.6146850585938,682.6668701171875,842.2299194335938,853.7448120117188
1789859596.1176102,1,0,863.6146850585938,692.5367431640625,842.2299194335938,848.8098754882812
1789859596.128814,1,0,861.9697265625,733.6612548828125,850.454833984375,857.0347290039062
1789859596.1397765,1,0,857.0347290039062,756.6909790039062,845.5198974609375,824.1351318359375
1789859596.1505435,1,0,857.0347290039062,756.6909790039062,845.5198974609375,824.1351318359375
1789859596.161516,1,0,857.0347290039062,756.6909790039062,845.5198974609375,824.1351318359375
1789859596.1727033,1,0,857.0347290039062,756.6909790039062,845.5198974609375,824.1351318359375
1789859596.1841335,1,0,857.0347290039062,756.6909790039062,845.5198974609375,824.1351318359375
1789859596.1953793,1,0,824.1351318359375,779.720703125,848.8098754882812,786.3005981445312
1789859596.2063558,1,0,824.1351318359375,779.720703125,848.8098754882812,786.3005981445312
1789859596.2173133,1,0,824.1351318359375,779.720703125,848.8098754882812,786.3005981445312
1789859596.2285542,1,0,824.1351318359375,779.720703125,848.8098754882812,786.3005981445312
1789859596.2400572,1,0,853.7448120117188,810.9752807617188,796.1704711914062,753.4010009765625
1789859596.2510736,1,0,853.7448120117188,810.9752807617188,796.1704711914062,753.4010009765625
1789859596.2623706,1,0,853.7448120117188,810.9752807617188,796.1704711914062,753.4010009765625
1789859596.27305,1,0,853.7448120117188,810.9752807617188,796.1704711914062,753.4010009765625
1789859596.2842364,1,0,947.5086669921875,778.07568359375,768.205810546875,876.7745361328125
1789859596.2951553,1,0,967.2484130859375,763.2708740234375,769.850830078125,927.7689208984375
1789859596.3059363,1,0,967.2484130859375,763.2708740234375,769.850830078125,927.7689208984375
1789859596.3166637,1,0,967.2484130859375,763.2708740234375,769.850830078125,927.7689208984375
1789859596.3279908,1,0,968.8934326171875,758.3359375,781.3656616210938,919.5440063476562
1789859596.338859,1,0,968.8934326171875,758.3359375,781.3656616210938,919.5440063476562
1789859596.3497028,1,0,968.8934326171875,758.3359375,781.3656616210938,919.5440063476562
1789859596.360516,1,0,968.8934326171875,758.3359375,781.3656616210938,919.5440063476562
1789859596.371374,1,0,968.8934326171875,758.3359375,781.3656616210938,919.5440063476562
1789859596.3821166,1,0,922.833984375,769.850830078125,794.5255126953125,921.18896484375
1789859596.392793,1,0,894.8693237304688,807.6853637695312,827.4251098632812,894.8693237304688
1789859596.4034545,1,0,894.8693237304688,807.6853637695312,827.4251098632812,894.8693237304688
1789859596.4142725,1,0,894.8693237304688,807.6853637695312,827.4251098632812,894.8693237304688
1789859596.4251428,1,0,889.9343872070312,812.6203002929688,834.0050048828125,868.5496215820312
1789859596.4360197,1,0,889.9343872070312,814.2652587890625,840.5849609375,871.839599609375
1789859596.4472268,1,0,889.9343872070312,814.2652587890625,840.5849609375,871.839599609375
1789859596.4577432,1,0,889.9343872070312,814.2652587890625,840.5849609375,871.839599609375
1789859596.468652,1,0,889.9343872070312,814.2652587890625,840.5849609375,871.839599609375
1789859596.479244,1,0,889.9343872070312,814.2652587890625,840.5849609375,871.839599609375
1789859596.490418,1,0,863.6146850585938,802.7504272460938,858.6797485351562,855.3897705078125
1789859596.5014288,1,0,863.6146850585938,802.7504272460938,858.6797485351562,866.9046630859375
1789859596.5126297,1,0,863.6146850585938,802.7504272460938,858.6797485351562,866.9046630859375
1789859596.5236263,1,0,863.6146850585938,802.7504272460938,858.6797485351562,866.9046630859375
1789859596.5343707,1,0,863.6146850585938,802.7504272460938,858.6797485351562,866.9046630859375
1789859596.5451295,1,0,863.6146850585938,802.7504272460938,858.6797485351562,866.9046630859375
1789859596.5561051,1,0,883.3544311523438,804.3953857421875,834.0050048828125,871.839599609375
1789859596.5668426,1,0,883.3544311523438,801.1054077148438,835.6500244140625,855.3897705078125
1789859596.5775237,1,0,883.3544311523438,801.1054077148438,835.6500244140625,855.3897705078125
1789859596.588708,1,0,883.3544311523438,801.1054077148438,835.6500244140625,855.3897705078125
1789859596.600033,1,0,855.3897705078125,791.2355346679688,845.5198974609375,855.3897705078125
1789859596.6110604,1,0,847.1648559570312,787.945556640625,843.8749389648438,842.2299194335938
1789859596.6223307,1,0,847.1648559570312,787.945556640625,843.8749389648438,842.2299194335938
1789859596.6329105,1,0,847.1648559570312,787.945556640625,843.8749389648438,842.2299194335938
1789859596.643931,1,0,847.1648559570312,787.945556640625,843.8749389648438,842.2299194335938
1789859596.6546712,1,0,847.1648559570312,787.945556640625,843.8749389648438,842.2299194335938
1789859596.6658704,1,0,863.6146850585938,791.2355346679688,842.2299194335938,861.9697265625
1789859596.6766026,1,0,866.9046630859375,786.3005981445312,842.2299194335938,850.454833984375
1789859596.687257,1,0,866.9046630859375,786.3005981445312,842.2299194335938,850.454833984375
1789859596.698528,1,0,866.9046630859375,786.3005981445312,842.2299194335938,850.454833984375
1789859596.7093086,1,0,840.5849609375,792.8805541992188,850.454833984375,835.6500244140625
1789859596.7203999,1,0,840.5849609375,792.8805541992188,850.454833984375,835.6500244140625
1789859596.7309556,1,0,840.5849609375,792.8805541992188,850.454833984375,835.6500244140625
1789859596.7416294,1,0,840.5849609375,792.8805541992188,850.454833984375,835.6500244140625
1789859596.75223,1,0,840.5849609375,792.8805541992188,850.454833984375,835.6500244140625
1789859596.7632625,1,0,847.1648559570312,797.8154907226562,850.454833984375,838.9400024414062
1789859596.7748663,1,0,858.6797485351562,786.3005981445312,847.1648559570312,825.7801513671875
1789859596.78585,1,0,858.6797485351562,786.3005981445312,847.1648559570312,825.7801513671875
1789859596.7968814,1,0,858.6797485351562,786.3005981445312,847.1648559570312,825.7801513671875
1789859596.8078277,1,0,834.0050048828125,791.2355346679688,845.5198974609375,837.2949829101562
1789859596.818798,1,0,834.0050048828125,791.2355346679688,845.5198974609375,837.2949829101562
1789859596.8296196,1,0,834.0050048828125,791.2355346679688,845.5198974609375,837.2949829101562
1789859596.8406117,1,0,834.0050048828125,791.2355346679688,845.5198974609375,837.2949829101562
1789859596.8519788,1,0,834.0050048828125,791.2355346679688,845.5198974609375,837.2949829101562
1789859596.8631043,1,0,845.5198974609375,796.1704711914062,842.2299194335938,843.8749389648438
1789859596.8738945,1,0,853.7448120117188,791.2355346679688,840.5849609375,845.5198974609375
1789859596.884497,1,0,853.7448120117188,791.2355346679688,840.5849609375,845.5198974609375
1789859596.89543,1,0,853.7448120117188,791.2355346679688,840.5849609375,845.5198974609375
1789859596.9063704,1,0,852.0997924804688,799.46044921875,837.2949829101562,842.2299194335938
1789859596.9172645,1,0,847.1648559570312,797.8154907226562,829.070068359375,822.4901733398438
1789859596.928987,1,0,847.1648559570312,797.8154907226562,829.070068359375,822.4901733398438
1789859596.9400318,1,0,847.1648559570312,797.8154907226562,829.070068359375,822.4901733398438
1789859596.9506927,1,0,847.1648559570312,797.8154907226562,829.070068359375,822.4901733398438
1789859596.9615707,1,0,847.1648559570312,797.8154907226562,829.070068359375,822.4901733398438
1789859596.9725044,1,0,847.1648559570312,797.8154907226562,829.070068359375,822.4901733398438
1789859596.9836223,1,0,832.3600463867188,796.1704711914062,829.070068359375,822.4901733398438
1789859596.9949195,1,0,838.9400024414062,799.46044921875,825.7801513671875,825.7801513671875
1789859597.0061162,1,0,838.9400024414062,802.7504272460938,835.6500244140625,814.2652587890625
1789859597.0169983,1,0,842.2299194335938,806.0403442382812,837.2949829101562,814.2652587890625
1789859597.028491,1,0,842.2299194335938,806.0403442382812,837.2949829101562,814.2652587890625
1789859597.0395565,1,0,842.2299194335938,806.0403442382812,837.2949829101562,814.2652587890625
1789859597.0505247,1,0,842.2299194335938,806.0403442382812,837.2949829101562,814.2652587890625
1789859597.061113,1,0,842.2299194335938,806.0403442382812,837.2949829101562,814.2652587890625
1789859597.071955,1,0,842.2299194335938,806.0403442382812,837.2949829101562,814.2652587890625
1789859597.0829263,1,0,848.8098754882812,799.46044921875,840.5849609375,837.2949829101562
1789859597.0938587,1,0,848.8098754882812,799.46044921875,840.5849609375,837.2949829101562
1789859597.1048677,1,0,829.070068359375,802.7504272460938,845.5198974609375,827.4251098632812
1789859597.116246,1,0,843.8749389648438,812.6203002929688,842.2299194335938,837.2949829101562
1789859597.1275456,1,0,843.8749389648438,812.6203002929688,842.2299194335938,837.2949829101562
1789859597.1430142,1,0,843.8749389648438,812.6203002929688,842.2299194335938,837.2949829101562
1789859597.1540744,1,0,843.8749389648438,812.6203002929688,842.2299194335938,837.2949829101562
1789859597.1660614,1,0,843.8749389648438,809.330322265625,840.5849609375,834.0050048828125
1789859597.1773646,1,0,843.8749389648438,809.330322265625,840.5849609375,834.0050048828125
1789859597.1898122,1,0,843.8749389648438,809.330322265625,840.5849609375,834.0050048828125
1789859597.2007267,0,0,848.8098754882812,802.7504272460938,843.8749389648438,843.8749389648438
1789859597.2120059,0,0,866.9046630859375,804.3953857421875,843.8749389648438,848.8098754882812
1789859597.223539,0,0,853.7448120117188,799.46044921875,842.2299194335938,838.9400024414062
1789859597.2346063,0,0,853.7448120117188,799.46044921875,842.2299194335938,838.9400024414062
1789859597.2454827,0,0,853.7448120117188,799.46044921875,842.2299194335938,838.9400024414062
1789859597.2565084,0,0,853.7448120117188,799.46044921875,842.2299194335938,838.9400024414062
1789859597.2672212,0,0,853.7448120117188,799.46044921875,842.2299194335938,838.9400024414062
1789859597.2787325,0,0,853.7448120117188,799.46044921875,842.2299194335938,838.9400024414062
1789859597.2905884,0,0,855.3897705078125,796.1704711914062,842.2299194335938,847.1648559570312
1789859597.3016634,0,0,847.1648559570312,801.1054077148438,843.8749389648438,848.8098754882812
1789859597.312336,0,0,847.1648559570312,801.1054077148438,843.8749389648438,848.8098754882812
1789859597.3230903,0,0,860.32470703125,804.3953857421875,837.2949829101562,834.0050048828125
1789859597.333913,0,0,860.32470703125,804.3953857421875,837.2949829101562,834.0050048828125
1789859597.3446054,0,0,860.32470703125,804.3953857421875,837.2949829101562,834.0050048828125
1789859597.355592,0,0,860.32470703125,812.6203002929688,843.8749389648438,852.0997924804688
1789859597.3663518,0,0,860.32470703125,809.330322265625,842.2299194335938,861.9697265625
1789859597.377332,0,0,850.454833984375,815.9102783203125,840.5849609375,838.9400024414062
1789859597.3884373,0,0,850.454833984375,815.9102783203125,840.5849609375,838.9400024414062
1789859597.3991473,0,0,850.454833984375,815.9102783203125,840.5849609375,838.9400024414062
1789859597.409808,0,0,860.32470703125,815.9102783203125,842.2299194335938,843.8749389648438
1789859597.4207208,0,0,860.32470703125,815.9102783203125,842.2299194335938,843.8749389648438
1789859597.4314473,0,0,860.32470703125,815.9102783203125,842.2299194335938,843.8749389648438
1789859597.4423268,0,0,860.32470703125,815.9102783203125,842.2299194335938,843.8749389648438
1789859597.4529524,0,0,860.32470703125,815.9102783203125,842.2299194335938,843.8749389648438
1789859597.4643133,0,0,848.8098754882812,810.9752807617188,843.8749389648438,843.8749389648438
1789859597.4755604,0,0,857.0347290039062,817.5552368164062,842.2299194335938,847.1648559570312
1789859597.4866967,0,0,857.0347290039062,817.5552368164062,842.2299194335938,847.1648559570312
1789859597.4977915,0,0,857.0347290039062,817.5552368164062,842.2299194335938,847.1648559570312
1789859597.509143,0,0,852.0997924804688,817.5552368164062,837.2949829101562,847.1648559570312
1789859597.5199778,0,0,852.0997924804688,817.5552368164062,837.2949829101562,847.1648559570312
1789859597.5309117,0,0,852.0997924804688,817.5552368164062,837.2949829101562,847.1648559570312
1789859597.5416698,0,0,852.0997924804688,817.5552368164062,837.2949829101562,847.1648559570312
1789859597.5525768,0,0,852.0997924804688,817.5552368164062,837.2949829101562,847.1648559570312
1789859597.5631838,0,0,866.9046630859375,815.9102783203125,837.2949829101562,850.454833984375
1789859597.574132,0,0,857.0347290039062,817.5552368164062,838.9400024414062,845.5198974609375
1789859597.584884,0,0,857.0347290039062,817.5552368164062,838.9400024414062,845.5198974609375
1789859597.5957134,0,0,857.0347290039062,817.5552368164062,838.9400024414062,845.5198974609375
1789859597.6066577,0,0,847.1648559570312,815.9102783203125,840.5849609375,834.0050048828125
1789859597.6178446,0,0,847.1648559570312,815.9102783203125,840.5849609375,834.0050048828125
1789859597.6286938,0,0,847.1648559570312,815.9102783203125,840.5849609375,834.0050048828125
1789859597.63953,0,0,847.1648559570312,815.9102783203125,840.5849609375,834.0050048828125
1789859597.65068,0,0,847.1648559570312,815.9102783203125,840.5849609375,834.0050048828125
1789859597.661473,0,0,847.1648559570312,815.9102783203125,840.5849609375,834.0050048828125
1789859597.672398,0,0,847.1648559570312,815.9102783203125,840.5849609375,834.0050048828125
1789859597.6832535,0,0,866.9046630859375,804.3953857421875,840.5849609375,853.7448120117188
1789859597.6938643,0,0,866.9046630859375,804.3953857421875,843.8749389648438,850.454833984375
1789859597.7050655,0,0,871.839599609375,802.7504272460938,843.8749389648438,855.3897705078125
1789859597.716414,0,0,850.454833984375,812.6203002929688,834.0050048828125,834.0050048828125
1789859597.7271872,0,0,850.454833984375,812.6203002929688,834.0050048828125,834.0050048828125
1789859597.737983,0,0,850.454833984375,812.6203002929688,834.0050048828125,834.0050048828125
1789859597.7487712,0,0,850.454833984375,812.6203002929688,834.0050048828125,834.0050048828125
1789859597.7594829,0,0,860.32470703125,809.330322265625,838.9400024414062,843.8749389648438
1789859597.7707043,0,0,858.6797485351562,807.6853637695312,832.3600463867188,845.5198974609375
1789859597.7814796,0,0,852.0997924804688,814.2652587890625,835.6500244140625,850.454833984375
1789859597.7921972,0,0,852.0997924804688,814.2652587890625,835.6500244140625,850.454833984375
1789859597.8028722,0,0,852.0997924804688,814.2652587890625,835.6500244140625,850.454833984375
1789859597.813968,0,0,853.7448120117188,814.2652587890625,837.2949829101562,842.2299194335938
1789859597.824891,0,0,858.6797485351562,815.9102783203125,838.9400024414062,834.0050048828125
1789859597.8355656,0,0,858.6797485351562,815.9102783203125,838.9400024414062,834.0050048828125
1789859597.846418,0,0,858.6797485351562,815.9102783203125,838.9400024414062,834.0050048828125
1789859597.8573394,0,0,858.6797485351562,815.9102783203125,838.9400024414062,834.0050048828125
1789859597.8682885,0,0,858.6797485351562,815.9102783203125,838.9400024414062,834.0050048828125
1789859597.8791456,0,0,858.6797485351562,814.2652587890625,835.6500244140625,845.5198974609375
1789859597.8900113,0,0,858.6797485351562,814.2652587890625,835.6500244140625,845.5198974609375
1789859597.9006965,0,0,858.6797485351562,814.2652587890625,835.6500244140625,845.5198974609375
1789859597.9118726,0,0,855.3897705078125,814.2652587890625,835.6500244140625,842.2299194335938
1789859597.9229054,0,0,855.3897705078125,814.2652587890625,835.6500244140625,842.2299194335938
1789859597.9336233,0,0,855.3897705078125,814.2652587890625,835.6500244140625,842.2299194335938
1789859597.9443603,0,0,855.3897705078125,814.2652587890625,835.6500244140625,842.2299194335938
1789859597.9555304,0,0,855.3897705078125,814.2652587890625,835.6500244140625,842.2299194335938
1789859597.9660861,0,0,857.0347290039062,815.9102783203125,832.3600463867188,838.9400024414062
1789859597.9767709,0,0,847.1648559570312,809.330322265625,829.070068359375,835.6500244140625
1789859597.9878674,0,0,852.0997924804688,819.2001953125,829.070068359375,829.070068359375
1789859597.9987302,0,0,852.0997924804688,819.2001953125,829.070068359375,829.070068359375
1789859598.009334,0,0,857.0347290039062,810.9752807617188,827.4251098632812,840.5849609375
1789859598.0200472,0,0,845.5198974609375,810.9752807617188,827.4251098632812,829.070068359375
1789859598.0310593,0,0,845.5198974609375,810.9752807617188,827.4251098632812,829.070068359375
1789859598.0421185,0,0,845.5198974609375,810.9752807617188,827.4251098632812,829.070068359375
1789859598.0530217,0,0,845.5198974609375,810.9752807617188,827.4251098632812,829.070068359375
1789859598.0636945,0,0,845.5198974609375,810.9752807617188,827.4251098632812,829.070068359375
1789859598.0746722,0,0,845.5198974609375,810.9752807617188,829.070068359375,838.9400024414062
1789859598.0853465,0,0,848.8098754882812,804.3953857421875,834.0050048828125,838.9400024414062
1789859598.0963812,0,0,848.8098754882812,804.3953857421875,834.0050048828125,838.9400024414062
1789859598.1072824,0,0,848.8098754882812,804.3953857421875,834.0050048828125,838.9400024414062
1789859598.1181834,0,0,848.8098754882812,806.0403442382812,835.6500244140625,847.1648559570312
1789859598.1292357,0,0,848.8098754882812,806.0403442382812,835.6500244140625,847.1648559570312
1789859598.1400788,1,0,848.8098754882812,806.0403442382812,835.6500244140625,847.1648559570312
1789859598.1506684,1,0,848.8098754882812,806.0403442382812,835.6500244140625,847.1648559570312
1789859598.1615403,1,0,866.9046630859375,809.330322265625,840.5849609375,853.7448120117188
1789859598.173099,1,0,858.6797485351562,810.9752807617188,842.2299194335938,861.9697265625
1789859598.184082,1,0,860.32470703125,807.6853637695312,840.5849609375,850.454833984375
1789859598.1947696,1,0,860.32470703125,807.6853637695312,840.5849609375,850.454833984375
1789859598.2054894,1,0,860.32470703125,807.6853637695312,840.5849609375,850.454833984375
1789859598.216122,1,0,838.9400024414062,827.4251098632812,832.3600463867188,819.2001953125
1789859598.2267725,1,0,837.2949829101562,824.1351318359375,830.715087890625,806.0403442382812
1789859598.237754,1,0,837.2949829101562,824.1351318359375,830.715087890625,806.0403442382812
1789859598.2487824,1,0,837.2949829101562,824.1351318359375,830.715087890625,806.0403442382812
1789859598.2593882,1,0,837.2949829101562,824.1351318359375,830.715087890625,806.0403442382812
1789859598.2703946,1,0,837.2949829101562,824.1351318359375,830.715087890625,806.0403442382812
1789859598.2814507,1,0,796.1704711914062,837.2949829101562,819.2001953125,763.2708740234375
1789859598.2923088,1,0,830.715087890625,829.070068359375,810.9752807617188,786.3005981445312
1789859598.3030217,1,0,830.715087890625,829.070068359375,810.9752807617188,786.3005981445312
1789859598.3140314,1,0,830.715087890625,829.070068359375,810.9752807617188,786.3005981445312
1789859598.3251736,1,0,830.715087890625,829.070068359375,810.9752807617188,786.3005981445312
1789859598.3362055,1,0,830.715087890625,829.070068359375,810.9752807617188,786.3005981445312
1789859598.347113,1,0,832.3600463867188,832.3600463867188,809.330322265625,792.8805541992188
1789859598.358113,1,0,832.3600463867188,832.3600463867188,809.330322265625,792.8805541992188
1789859598.3692462,1,0,832.3600463867188,832.3600463867188,809.330322265625,792.8805541992188
1789859598.3802624,1,0,832.3600463867188,832.3600463867188,809.330322265625,792.8805541992188
1789859598.3909335,1,0,832.3600463867188,832.3600463867188,809.330322265625,792.8805541992188
1789859598.4017227,1,0,832.3600463867188,832.3600463867188,809.330322265625,792.8805541992188
1789859598.412671,1,0,832.3600463867188,832.3600463867188,809.330322265625,792.8805541992188
1789859598.4235914,1,0,861.9697265625,802.7504272460938,834.0050048828125,837.2949829101562
1789859598.4348104,1,0,858.6797485351562,807.6853637695312,832.3600463867188,848.8098754882812
1789859598.4455044,1,0,858.6797485351562,807.6853637695312,832.3600463867188,848.8098754882812
1789859598.4565165,1,0,858.6797485351562,807.6853637695312,832.3600463867188,848.8098754882812
1789859598.4672842,1,0,863.6146850585938,801.1054077148438,835.6500244140625,852.0997924804688
1789859598.4783885,1,0,865.2596435546875,806.0403442382812,835.6500244140625,842.2299194335938
1789859598.4893866,1,0,870.194580078125,810.9752807617188,835.6500244140625,850.454833984375
1789859598.5002162,1,0,870.194580078125,810.9752807617188,835.6500244140625,850.454833984375
1789859598.511064,1,0,863.6146850585938,807.6853637695312,837.2949829101562,847.1648559570312
1789859598.522197,1,0,863.6146850585938,807.6853637695312,837.2949829101562,847.1648559570312
1789859598.5334258,1,0,863.6146850585938,807.6853637695312,837.2949829101562,847.1648559570312
1789859598.5443258,1,0,863.6146850585938,807.6853637695312,837.2949829101562,847.1648559570312
1789859598.5554829,1,0,863.6146850585938,807.6853637695312,837.2949829101562,847.1648559570312
1789859598.5663786,1,0,866.9046630859375,809.330322265625,835.6500244140625,852.0997924804688
1789859598.5777469,1,0,858.6797485351562,807.6853637695312,834.0050048828125,840.5849609375
1789859598.5884771,1,0,858.6797485351562,807.6853637695312,834.0050048828125,840.5849609375
1789859598.599403,1,0,858.6797485351562,807.6853637695312,834.0050048828125,840.5849609375
1789859598.6102011,1,0,858.6797485351562,807.6853637695312,834.0050048828125,840.5849609375
1789859598.6211886,1,0,848.8098754882812,812.6203002929688,834.0050048828125,830.715087890625
1789859598.6322172,1,0,848.8098754882812,812.6203002929688,834.0050048828125,830.715087890625
1789859598.6427288,1,0,848.8098754882812,812.6203002929688,834.0050048828125,830.715087890625
1789859598.653727,1,0,848.8098754882812,812.6203002929688,834.0050048828125,830.715087890625
1789859598.6646004,1,0,848.8098754882812,812.6203002929688,834.0050048828125,830.715087890625
1789859598.6759043,1,0,848.8098754882812,809.330322265625,834.0050048828125,835.6500244140625
1789859598.686962,1,0,861.9697265625,812.6203002929688,837.2949829101562,848.8098754882812
1789859598.6981738,1,0,861.9697265625,812.6203002929688,837.2949829101562,848.8098754882812
1789859598.709241,1,0,861.9697265625,812.6203002929688,837.2949829101562,848.8098754882812
1789859598.720112,1,0,852.0997924804688,810.9752807617188,835.6500244140625,834.0050048828125
1789859598.7310565,1,0,852.0997924804688,810.9752807617188,835.6500244140625,834.0050048828125
1789859598.7416844,1,0,852.0997924804688,810.9752807617188,835.6500244140625,834.0050048828125
1789859598.752422,1,0,852.0997924804688,810.9752807617188,835.6500244140625,834.0050048828125
1789859598.7633195,1,0,852.0997924804688,810.9752807617188,835.6500244140625,834.0050048828125
1789859598.7739038,1,0,852.0997924804688,810.9752807617188,835.6500244140625,834.0050048828125
1789859598.7847762,1,0,852.0997924804688,810.9752807617188,835.6500244140625,834.0050048828125
1789859598.7957244,1,0,852.0997924804688,810.9752807617188,835.6500244140625,834.0050048828125
1789859598.806485,1,0,852.0997924804688,810.9752807617188,835.6500244140625,834.0050048828125
1789859598.8175209,1,0,852.0997924804688,810.9752807617188,835.6500244140625,834.0050048828125
1789859598.8281226,1,0,852.0997924804688,810.9752807617188,835.6500244140625,834.0050048828125
1789859598.8390925,1,0,852.0997924804688,810.9752807617188,835.6500244140625,834.0050048828125
1789859598.850403,1,0,852.0997924804688,810.9752807617188,835.6500244140625,834.0050048828125
1789859598.8619812,1,0,845.5198974609375,824.1351318359375,827.4251098632812,824.1351318359375
1789859598.8732667,1,0,807.6853637695312,903.09423828125,834.0050048828125,819.2001953125
1789859598.8839157,1,0,807.6853637695312,903.09423828125,834.0050048828125,819.2001953125
1789859598.8946948,1,0,807.6853637695312,903.09423828125,834.0050048828125,819.2001953125
1789859598.9053993,1,0,807.6853637695312,903.09423828125,834.0050048828125,819.2001953125
1789859598.9165378,1,0,807.6853637695312,903.09423828125,834.0050048828125,819.2001953125
1789859598.9273877,1,0,807.6853637695312,903.09423828125,834.0050048828125,819.2001953125
1789859598.9383173,1,0,807.6853637695312,903.09423828125,834.0050048828125,819.2001953125
1789859598.9495103,1,0,789.590576171875,853.7448120117188,789.590576171875,756.6909790039062
1789859598.960506,1,0,819.2001953125,1567.666259765625,850.454833984375,825.7801513671875
1789859598.9718888,1,0,778.07568359375,1584.1160888671875,827.4251098632812,766.5608520507812
1789859598.9830496,1,0,778.07568359375,1584.1160888671875,827.4251098632812,766.5608520507812
1789859598.9943886,1,0,778.07568359375,1584.1160888671875,827.4251098632812,766.5608520507812
1789859599.0059724,1,0,845.5198974609375,1577.5361328125,843.8749389648438,835.6500244140625
1789859599.0166998,1,0,845.5198974609375,1577.5361328125,843.8749389648438,835.6500244140625
1789859599.0276089,1,0,797.8154907226562,1572.6011962890625,784.6556396484375,792.8805541992188
1789859599.038424,1,0,894.8693237304688,1574.2462158203125,817.5552368164062,842.2299194335938
1789859599.0494618,1,0,835.6500244140625,1574.2462158203125,784.6556396484375,789.590576171875
1789859599.0600297,1,0,835.6500244140625,1574.2462158203125,784.6556396484375,789.590576171875
1789859599.0712545,1,0,835.6500244140625,1574.2462158203125,784.6556396484375,789.590576171875
1789859599.0822997,1,0,835.6500244140625,1574.2462158203125,784.6556396484375,789.590576171875
1789859599.0935285,1,0,868.5496215820312,1529.8316650390625,797.8154907226562,815.9102783203125
1789859599.1048818,1,0,855.3897705078125,1538.056640625,791.2355346679688,809.330322265625
1789859599.1159365,1,0,855.3897705078125,1538.056640625,791.2355346679688,809.330322265625
1789859599.1266432,1,0,858.6797485351562,1592.3409423828125,817.5552368164062,838.9400024414062
1789859599.1379552,1,0,871.839599609375,1350.52880859375,852.0997924804688,863.6146850585938
1789859599.1491492,1,0,845.5198974609375,1343.948974609375,843.8749389648438,838.9400024414062
1789859599.1601424,1,0,845.5198974609375,1343.948974609375,843.8749389648438,838.9400024414062
1789859599.1711855,1,0,845.5198974609375,1343.948974609375,843.8749389648438,838.9400024414062
1789859599.1818216,1,0,845.5198974609375,1343.948974609375,843.8749389648438,838.9400024414062
1789859599.1925256,1,0,845.5198974609375,1343.948974609375,843.8749389648438,838.9400024414062
1789859599.2034192,1,0,786.3005981445312,1301.179443359375,786.3005981445312,773.1407470703125
1789859599.214327,1,0,786.3005981445312,1301.179443359375,786.3005981445312,773.1407470703125
1789859599.2251027,1,0,878.4194946289062,1301.179443359375,848.8098754882812,865.2596435546875
1789859599.2360268,1,0,889.9343872070312,1148.1962890625,883.3544311523438,899.8042602539062
1789859599.2472017,1,0,889.9343872070312,1148.1962890625,883.3544311523438,899.8042602539062
1789859599.258025,1,0,889.9343872070312,1148.1962890625,883.3544311523438,899.8042602539062
1789859599.2689822,1,0,889.9343872070312,1148.1962890625,883.3544311523438,899.8042602539062
1789859599.279659,1,0,889.9343872070312,1148.1962890625,883.3544311523438,899.8042602539062
1789859599.2908971,1,0,888.2893676757812,1049.4974365234375,881.70947265625,893.2243041992188
1789859599.3017693,1,0,868.5496215820312,1033.047607421875,857.0347290039062,868.5496215820312
1789859599.3126383,1,0,868.5496215820312,1008.3729248046875,871.839599609375,865.2596435546875
1789859599.3235712,1,0,866.9046630859375,837.2949829101562,842.2299194335938,863.6146850585938
1789859599.3345833,1,0,857.0347290039062,825.7801513671875,850.454833984375,847.1648559570312
1789859599.3453846,1,0,857.0347290039062,825.7801513671875,850.454833984375,847.1648559570312
1789859599.3563254,1,0,857.0347290039062,825.7801513671875,850.454833984375,847.1648559570312
1789859599.367204,1,0,855.3897705078125,689.2467651367188,834.0050048828125,855.3897705078125
1789859599.3778012,1,0,835.6500244140625,656.34716796875,838.9400024414062,843.8749389648438
1789859599.3888967,1,0,835.6500244140625,656.34716796875,838.9400024414062,843.8749389648438
1789859599.3997107,1,0,835.6500244140625,656.34716796875,838.9400024414062,843.8749389648438
1789859599.4104223,1,0,835.6500244140625,656.34716796875,838.9400024414062,843.8749389648438
1789859599.42143,1,0,873.4845581054688,638.2523803710938,847.1648559570312,863.6146850585938
1789859599.4323108,1,0,837.2949829101562,886.6444091796875,825.7801513671875,847.1648559570312
1789859599.4433782,1,0,837.2949829101562,886.6444091796875,825.7801513671875,847.1648559570312
1789859599.4539766,1,0,837.2949829101562,886.6444091796875,825.7801513671875,847.1648559570312
1789859599.4650385,1,0,847.1648559570312,837.2949829101562,819.2001953125,840.5849609375
1789859599.476001,1,0,847.1648559570312,837.2949829101562,819.2001953125,840.5849609375
1789859599.4866178,1,0,847.1648559570312,837.2949829101562,819.2001953125,840.5849609375
1789859599.4975512,1,0,847.1648559570312,837.2949829101562,819.2001953125,840.5849609375
1789859599.5085146,1,0,847.1648559570312,837.2949829101562,819.2001953125,840.5849609375
1789859599.5193994,1,0,857.0347290039062,580.6780395507812,825.7801513671875,850.454833984375
1789859599.5300756,1,0,857.0347290039062,580.6780395507812,825.7801513671875,850.454833984375
1789859599.5406723,1,0,845.5198974609375,554.3583984375,825.7801513671875,843.8749389648438
1789859599.5517335,1,0,845.5198974609375,554.3583984375,825.7801513671875,843.8749389648438
1789859599.562567,1,0,835.6500244140625,363.5406494140625,840.5849609375,848.8098754882812
1789859599.573906,1,0,832.3600463867188,355.3157653808594,843.8749389648438,848.8098754882812
1789859599.5845323,1,0,832.3600463867188,355.3157653808594,843.8749389648438,848.8098754882812
1789859599.5955124,1,0,832.3600463867188,355.3157653808594,843.8749389648438,848.8098754882812
1789859599.606268,1,0,832.3600463867188,355.3157653808594,843.8749389648438,848.8098754882812
1789859599.6172686,1,0,832.3600463867188,355.3157653808594,843.8749389648438,848.8098754882812
1789859599.6282563,1,0,863.6146850585938,307.611328125,845.5198974609375,855.3897705078125
1789859599.6391814,1,0,863.6146850585938,307.611328125,845.5198974609375,855.3897705078125
1789859599.650181,1,0,863.6146850585938,307.611328125,845.5198974609375,855.3897705078125
1789859599.6613734,1,0,870.194580078125,305.9663391113281,848.8098754882812,875.1295166015625
1789859599.672352,1,0,866.9046630859375,350.38079833984375,853.7448120117188,855.3897705078125
1789859599.683226,1,0,866.9046630859375,350.38079833984375,853.7448120117188,855.3897705078125
1789859599.6942718,1,0,866.9046630859375,350.38079833984375,853.7448120117188,855.3897705078125
1789859599.7052784,1,0,866.9046630859375,350.38079833984375,853.7448120117188,855.3897705078125
1789859599.7162735,1,0,866.9046630859375,350.38079833984375,853.7448120117188,855.3897705078125
1789859599.727116,1,0,866.9046630859375,350.38079833984375,853.7448120117188,855.3897705078125
1789859599.7384384,1,0,866.9046630859375,350.38079833984375,853.7448120117188,855.3897705078125
1789859599.749133,1,0,870.194580078125,391.50531005859375,853.7448120117188,857.0347290039062
1789859599.760276,1,0,870.194580078125,391.50531005859375,853.7448120117188,857.0347290039062
1789859599.771462,1,0,870.194580078125,391.50531005859375,853.7448120117188,857.0347290039062
1789859599.7823126,1,0,870.194580078125,391.50531005859375,853.7448120117188,857.0347290039062
1789859599.7930903,1,0,870.194580078125,391.50531005859375,853.7448120117188,857.0347290039062
1789859599.8037944,1,0,875.1295166015625,394.7952880859375,853.7448120117188,855.3897705078125
1789859599.8147712,1,0,875.1295166015625,394.7952880859375,853.7448120117188,855.3897705078125
1789859599.8261857,1,0,865.2596435546875,439.2097473144531,848.8098754882812,842.2299194335938
1789859599.8375127,1,0,865.2596435546875,439.2097473144531,848.8098754882812,842.2299194335938
1789859599.8482025,1,0,865.2596435546875,439.2097473144531,848.8098754882812,842.2299194335938
1789859599.8589313,1,0,878.4194946289062,455.6595458984375,852.0997924804688,858.6797485351562
1789859599.8697603,1,0,868.5496215820312,495.1390686035156,848.8098754882812,857.0347290039062
1789859599.8811367,1,0,865.2596435546875,503.3639831542969,850.454833984375,850.454833984375
1789859599.8921354,1,0,865.2596435546875,503.3639831542969,850.454833984375,850.454833984375
1789859599.9030159,1,0,865.2596435546875,503.3639831542969,850.454833984375,850.454833984375
1789859599.9136043,1,0,865.2596435546875,503.3639831542969,850.454833984375,850.454833984375
1789859599.9245245,1,0,866.9046630859375,549.4234619140625,845.5198974609375,853.7448120117188
1789859599.9355524,1,0,852.0997924804688,564.228271484375,843.8749389648438,837.2949829101562
1789859599.9464302,1,0,853.7448120117188,625.092529296875,843.8749389648438,840.5849609375
1789859599.9575286,1,0,853.7448120117188,625.092529296875,843.8749389648438,840.5849609375
1789859599.9684901,1,0,861.9697265625,630.0274658203125,847.1648559570312,847.1648559570312
1789859599.9792385,1,0,855.3897705078125,671.1519775390625,840.5849609375,845.5198974609375
1789859599.990048,1,0,855.3897705078125,671.1519775390625,840.5849609375,845.5198974609375
1789859600.0008576,1,0,855.3897705078125,671.1519775390625,840.5849609375,845.5198974609375
1789859600.012156,1,0,855.3897705078125,671.1519775390625,840.5849609375,845.5198974609375
1789859600.023198,1,0,855.3897705078125,671.1519775390625,840.5849609375,845.5198974609375
1789859600.034396,1,0,855.3897705078125,671.1519775390625,840.5849609375,845.5198974609375
1789859600.045096,1,0,855.3897705078125,671.1519775390625,840.5849609375,845.5198974609375
1789859600.0559647,1,0,855.3897705078125,671.1519775390625,840.5849609375,845.5198974609375
1789859600.0665054,1,0,855.3897705078125,671.1519775390625,840.5849609375,845.5198974609375
1789859600.077212,1,0,855.3897705078125,671.1519775390625,840.5849609375,845.5198974609375
1789859600.08813,1,0,860.32470703125,669.5070190429688,838.9400024414062,855.3897705078125
1789859600.0988128,1,0,847.1648559570312,659.6371459960938,834.0050048828125,835.6500244140625
1789859600.109583,1,0,847.1648559570312,659.6371459960938,834.0050048828125,835.6500244140625
1789859600.120455,1,0,847.1648559570312,659.6371459960938,834.0050048828125,835.6500244140625
1789859600.131152,1,0,847.1648559570312,659.6371459960938,834.0050048828125,835.6500244140625
1789859600.1419857,1,0,847.1648559570312,659.6371459960938,834.0050048828125,835.6500244140625
1789859600.1532967,1,0,847.1648559570312,659.6371459960938,834.0050048828125,835.6500244140625
1789859600.1642685,1,0,847.1648559570312,659.6371459960938,834.0050048828125,835.6500244140625
1789859600.1752162,1,0,847.1648559570312,659.6371459960938,834.0050048828125,835.6500244140625
1789859600.1862497,1,0,852.0997924804688,690.8917236328125,825.7801513671875,829.070068359375
1789859600.197418,1,0,852.0997924804688,690.8917236328125,825.7801513671875,829.070068359375
1789859600.2083068,1,0,852.0997924804688,690.8917236328125,825.7801513671875,829.070068359375
1789859600.2195954,1,0,853.7448120117188,697.4716796875,834.0050048828125,847.1648559570312
1789859600.2307239,1,0,857.0347290039062,700.7615966796875,837.2949829101562,842.2299194335938
1789859600.242306,1,0,848.8098754882812,708.9865112304688,835.6500244140625,838.9400024414062
1789859600.2531757,1,0,863.6146850585938,695.82666015625,834.0050048828125,855.3897705078125
1789859600.2640603,1,0,852.0997924804688,715.5664672851562,835.6500244140625,845.5198974609375
1789859600.2749755,1,0,842.2299194335938,720.5014038085938,837.2949829101562,834.0050048828125
1789859600.2858567,1,0,847.1648559570312,735.3062133789062,838.9400024414062,834.0050048828125
1789859600.2972,1,0,843.8749389648438,738.59619140625,837.2949829101562,834.0050048828125
1789859600.308304,1,0,843.8749389648438,738.59619140625,837.2949829101562,834.0050048828125
1789859600.3196876,1,0,843.8749389648438,738.59619140625,837.2949829101562,834.0050048828125
1789859600.3304348,1,0,843.8749389648438,738.59619140625,837.2949829101562,834.0050048828125
1789859600.3415601,1,0,843.8749389648438,738.59619140625,837.2949829101562,834.0050048828125
1789859600.3526585,1,0,852.0997924804688,743.5311279296875,837.2949829101562,832.3600463867188
1789859600.3637226,1,0,857.0347290039062,756.6909790039062,837.2949829101562,845.5198974609375
1789859600.3752046,1,0,855.3897705078125,753.4010009765625,838.9400024414062,842.2299194335938
1789859600.386074,1,0,855.3897705078125,753.4010009765625,838.9400024414062,842.2299194335938
1789859600.396788,1,0,855.3897705078125,753.4010009765625,838.9400024414062,842.2299194335938
1789859600.4076226,1,0,852.0997924804688,751.7560424804688,840.5849609375,837.2949829101562
1789859600.4188142,1,0,852.0997924804688,751.7560424804688,840.5849609375,837.2949829101562
1789859600.42969,1,0,852.0997924804688,751.7560424804688,840.5849609375,837.2949829101562
1789859600.440716,1,0,852.0997924804688,751.7560424804688,840.5849609375,837.2949829101562
1789859600.4515402,1,0,852.0997924804688,751.7560424804688,840.5849609375,837.2949829101562
1789859600.4625633,1,0,852.0997924804688,751.7560424804688,840.5849609375,837.2949829101562
1789859600.473535,1,0,860.32470703125,758.3359375,832.3600463867188,840.5849609375
1789859600.4849188,1,0,853.7448120117188,763.2708740234375,842.2299194335938,845.5198974609375
1789859600.495772,1,0,853.7448120117188,763.2708740234375,842.2299194335938,845.5198974609375
1789859600.5065305,1,0,853.7448120117188,763.2708740234375,842.2299194335938,845.5198974609375
1789859600.5172944,1,0,853.7448120117188,763.2708740234375,842.2299194335938,845.5198974609375
1789859600.5282032,1,0,853.7448120117188,763.2708740234375,842.2299194335938,845.5198974609375
1789859600.539605,1,0,853.7448120117188,763.2708740234375,842.2299194335938,845.5198974609375
1789859600.551071,1,0,863.6146850585938,761.6259155273438,840.5849609375,855.3897705078125
1789859600.5624223,1,0,861.9697265625,773.1407470703125,842.2299194335938,837.2949829101562
1789859600.5734792,1,0,868.5496215820312,771.4957885742188,843.8749389648438,845.5198974609375
1789859600.5842571,1,0,868.5496215820312,771.4957885742188,843.8749389648438,845.5198974609375
1789859600.595514,1,0,855.3897705078125,773.1407470703125,843.8749389648438,840.5849609375
1789859600.6061926,1,0,857.0347290039062,781.3656616210938,845.5198974609375,840.5849609375
1789859600.6174755,1,0,857.0347290039062,781.3656616210938,845.5198974609375,840.5849609375
1789859600.6282191,1,0,857.0347290039062,781.3656616210938,845.5198974609375,840.5849609375
1789859600.6389127,1,0,857.0347290039062,781.3656616210938,845.5198974609375,840.5849609375
1789859600.6497378,1,0,871.839599609375,781.3656616210938,840.5849609375,860.32470703125
1789859600.6604517,1,0,855.3897705078125,776.4307250976562,842.2299194335938,850.454833984375
1789859600.6714919,1,0,845.5198974609375,779.720703125,843.8749389648438,838.9400024414062
1789859600.682431,1,0,845.5198974609375,779.720703125,843.8749389648438,838.9400024414062
1789859600.6937494,1,0,845.5198974609375,779.720703125,843.8749389648438,838.9400024414062
1789859600.7048528,1,0,847.1648559570312,786.3005981445312,842.2299194335938,835.6500244140625
1789859600.7159116,1,0,847.1648559570312,786.3005981445312,842.2299194335938,835.6500244140625
1789859600.7266304,1,0,847.1648559570312,786.3005981445312,842.2299194335938,835.6500244140625
1789859600.7373626,1,0,858.6797485351562,784.6556396484375,840.5849609375,843.8749389648438
1789859600.7483106,1,0,858.6797485351562,778.07568359375,842.2299194335938,858.6797485351562
1789859600.7599847,1,0,852.0997924804688,786.3005981445312,842.2299194335938,840.5849609375
1789859600.7710428,1,0,852.0997924804688,786.3005981445312,842.2299194335938,840.5849609375
1789859600.781638,1,0,852.0997924804688,786.3005981445312,842.2299194335938,840.5849609375
1789859600.7926338,1,0,861.9697265625,784.6556396484375,840.5849609375,853.7448120117188
1789859600.804001,1,0,857.0347290039062,787.945556640625,842.2299194335938,853.7448120117188
1789859600.8150022,1,0,857.0347290039062,787.945556640625,842.2299194335938,853.7448120117188
1789859600.826043,1,0,857.0347290039062,787.945556640625,842.2299194335938,853.7448120117188
1789859600.8368185,1,0,857.0347290039062,787.945556640625,842.2299194335938,853.7448120117188
1789859600.8476868,1,0,857.0347290039062,787.945556640625,842.2299194335938,853.7448120117188
1789859600.8585546,1,0,857.0347290039062,787.945556640625,842.2299194335938,853.7448120117188
1789859600.86941,1,0,857.0347290039062,787.945556640625,842.2299194335938,853.7448120117188
1789859600.880161,1,0,857.0347290039062,787.945556640625,842.2299194335938,853.7448120117188
1789859600.8909838,1,0,857.0347290039062,787.945556640625,842.2299194335938,853.7448120117188
1789859600.901979,0,0,857.0347290039062,787.945556640625,842.2299194335938,853.7448120117188
1789859600.9127517,0,0,857.0347290039062,787.945556640625,842.2299194335938,853.7448120117188
1789859600.9243193,0,0,857.0347290039062,787.945556640625,842.2299194335938,853.7448120117188
1789859600.9355993,0,0,860.32470703125,786.3005981445312,838.9400024414062,835.6500244140625
1789859600.9464197,0,0,853.7448120117188,789.590576171875,842.2299194335938,835.6500244140625
1789859600.9570923,0,0,853.7448120117188,789.590576171875,842.2299194335938,835.6500244140625
1789859600.9680305,0,0,853.7448120117188,791.2355346679688,842.2299194335938,847.1648559570312
1789859600.9793987,0,0,853.7448120117188,791.2355346679688,842.2299194335938,847.1648559570312
1789859600.9908328,0,0,857.0347290039062,779.720703125,861.9697265625,861.9697265625
1789859601.0018125,0,0,868.5496215820312,781.3656616210938,858.6797485351562,870.194580078125
1789859601.0126803,0,0,868.5496215820312,781.3656616210938,858.6797485351562,870.194580078125
1789859601.023359,0,0,868.5496215820312,781.3656616210938,858.6797485351562,870.194580078125
1789859601.0346467,0,0,857.0347290039062,776.4307250976562,853.7448120117188,868.5496215820312
1789859601.0454686,0,0,850.454833984375,781.3656616210938,837.2949829101562,845.5198974609375
1789859601.0564125,0,0,850.454833984375,781.3656616210938,837.2949829101562,845.5198974609375
1789859601.0675218,0,0,850.454833984375,781.3656616210938,837.2949829101562,845.5198974609375
1789859601.0784874,0,0,850.454833984375,781.3656616210938,837.2949829101562,845.5198974609375
1789859601.0893762,0,0,850.454833984375,787.945556640625,837.2949829101562,843.8749389648438
1789859601.100188,0,0,860.32470703125,783.0106201171875,838.9400024414062,848.8098754882812
1789859601.1111739,0,0,860.32470703125,783.0106201171875,838.9400024414062,848.8098754882812
1789859601.1221104,0,0,858.6797485351562,783.0106201171875,838.9400024414062,855.3897705078125
1789859601.1330333,0,0,848.8098754882812,794.5255126953125,837.2949829101562,829.070068359375
1789859601.1438875,0,0,848.8098754882812,801.1054077148438,847.1648559570312,832.3600463867188
1789859601.1552773,0,0,845.5198974609375,814.2652587890625,850.454833984375,824.1351318359375
1789859601.1662767,0,0,824.1351318359375,801.1054077148438,838.9400024414062,806.0403442382812
1789859601.1772835,0,0,824.1351318359375,801.1054077148438,838.9400024414062,806.0403442382812
1789859601.1886992,0,0,824.1351318359375,801.1054077148438,838.9400024414062,806.0403442382812
1789859601.1993618,0,0,824.1351318359375,801.1054077148438,838.9400024414062,806.0403442382812
1789859601.2105668,0,0,824.1351318359375,801.1054077148438,838.9400024414062,806.0403442382812
1789859601.2216544,0,0,778.07568359375,817.5552368164062,871.839599609375,779.720703125
1789859601.2323658,0,0,743.5311279296875,827.4251098632812,893.2243041992188,755.0459594726562
1789859601.2432353,0,0,743.5311279296875,827.4251098632812,893.2243041992188,755.0459594726562
1789859601.2540498,0,0,743.5311279296875,827.4251098632812,893.2243041992188,755.0459594726562
1789859601.2647102,0,0,743.5311279296875,827.4251098632812,893.2243041992188,755.0459594726562
1789859601.2756526,0,0,832.3600463867188,806.0403442382812,853.7448120117188,810.9752807617188
1789859601.286468,0,0,832.3600463867188,806.0403442382812,853.7448120117188,810.9752807617188
1789859601.2971377,0,0,832.3600463867188,806.0403442382812,853.7448120117188,810.9752807617188
1789859601.3084826,0,0,832.3600463867188,806.0403442382812,853.7448120117188,810.9752807617188
1789859601.3191345,0,0,832.3600463867188,806.0403442382812,853.7448120117188,810.9752807617188
1789859601.3308456,0,0,832.3600463867188,806.0403442382812,853.7448120117188,810.9752807617188
1789859601.3417394,0,0,858.6797485351562,786.3005981445312,843.8749389648438,860.32470703125
1789859601.35258,0,0,858.6797485351562,786.3005981445312,843.8749389648438,860.32470703125
1789859601.3634975,0,0,858.6797485351562,786.3005981445312,843.8749389648438,860.32470703125
1789859601.374337,0,0,858.6797485351562,786.3005981445312,843.8749389648438,860.32470703125
1789859601.3852794,0,0,871.839599609375,791.2355346679688,834.0050048828125,855.3897705078125
1789859601.3965352,0,0,861.9697265625,791.2355346679688,832.3600463867188,842.2299194335938
1789859601.4075637,0,0,861.9697265625,791.2355346679688,832.3600463867188,842.2299194335938
1789859601.4186323,0,0,861.9697265625,791.2355346679688,832.3600463867188,842.2299194335938
1789859601.430234,0,0,861.9697265625,791.2355346679688,832.3600463867188,842.2299194335938
1789859601.4409251,0,0,861.9697265625,791.2355346679688,832.3600463867188,842.2299194335938
1789859601.4517233,0,0,861.9697265625,791.2355346679688,832.3600463867188,842.2299194335938
1789859601.4624407,0,0,861.9697265625,791.2355346679688,832.3600463867188,842.2299194335938
1789859601.473084,0,0,861.9697265625,791.2355346679688,832.3600463867188,842.2299194335938
1789859601.483972,0,0,861.9697265625,791.2355346679688,832.3600463867188,842.2299194335938
1789859601.4947453,0,0,861.9697265625,791.2355346679688,832.3600463867188,842.2299194335938
1789859601.5057673,0,0,868.5496215820312,796.1704711914062,837.2949829101562,863.6146850585938
1789859601.5168188,0,0,865.2596435546875,797.8154907226562,832.3600463867188,848.8098754882812
1789859601.5277696,0,0,865.2596435546875,797.8154907226562,832.3600463867188,848.8098754882812
1789859601.5387108,0,0,858.6797485351562,796.1704711914062,835.6500244140625,848.8098754882812
1789859601.5496426,0,0,858.6797485351562,796.1704711914062,835.6500244140625,848.8098754882812
1789859601.56053,0,0,858.6797485351562,796.1704711914062,835.6500244140625,848.8098754882812
1789859601.5715892,1,0,858.6797485351562,796.1704711914062,835.6500244140625,848.8098754882812
1789859601.582696,1,0,858.6797485351562,796.1704711914062,835.6500244140625,848.8098754882812
1789859601.593692,1,0,857.0347290039062,801.1054077148438,834.0050048828125,843.8749389648438
1789859601.6046524,1,0,852.0997924804688,792.8805541992188,838.9400024414062,852.0997924804688
1789859601.6152256,1,0,852.0997924804688,792.8805541992188,838.9400024414062,852.0997924804688
1789859601.6259766,1,0,852.0997924804688,792.8805541992188,838.9400024414062,852.0997924804688
1789859601.6369374,1,0,850.454833984375,791.2355346679688,837.2949829101562,845.5198974609375
1789859601.6479442,1,0,861.9697265625,804.3953857421875,837.2949829101562,838.9400024414062
1789859601.6591225,1,0,861.9697265625,804.3953857421875,837.2949829101562,838.9400024414062
1789859601.6699903,1,0,861.9697265625,804.3953857421875,837.2949829101562,838.9400024414062
1789859601.6808891,1,0,861.9697265625,804.3953857421875,837.2949829101562,838.9400024414062
1789859601.6916447,1,0,861.9697265625,804.3953857421875,837.2949829101562,838.9400024414062
1789859601.7025456,1,0,863.6146850585938,806.0403442382812,840.5849609375,855.3897705078125
1789859601.7132547,1,0,863.6146850585938,806.0403442382812,840.5849609375,855.3897705078125
1789859601.724115,1,0,863.6146850585938,806.0403442382812,840.5849609375,855.3897705078125
1789859601.735131,1,0,863.6146850585938,806.0403442382812,840.5849609375,855.3897705078125
1789859601.7465496,1,0,861.9697265625,809.330322265625,842.2299194335938,847.1648559570312
1789859601.7579377,1,0,866.9046630859375,807.6853637695312,840.5849609375,845.5198974609375
1789859601.7685778,1,0,866.9046630859375,807.6853637695312,840.5849609375,845.5198974609375
1789859601.7794294,1,0,866.9046630859375,807.6853637695312,840.5849609375,845.5198974609375
1789859601.7905185,1,0,866.9046630859375,807.6853637695312,840.5849609375,845.5198974609375
1789859601.8013394,1,0,857.0347290039062,802.7504272460938,845.5198974609375,842.2299194335938
1789859601.8121457,1,0,857.0347290039062,802.7504272460938,845.5198974609375,842.2299194335938
1789859601.8233485,1,0,857.0347290039062,802.7504272460938,845.5198974609375,842.2299194335938
1789859601.8339777,1,0,857.0347290039062,802.7504272460938,845.5198974609375,842.2299194335938
1789859601.8446007,1,0,857.0347290039062,802.7504272460938,843.8749389648438,861.9697265625
1789859601.8555608,1,0,860.32470703125,806.0403442382812,843.8749389648438,853.7448120117188
1789859601.8664196,1,0,860.32470703125,806.0403442382812,843.8749389648438,853.7448120117188
1789859601.8777704,1,0,855.3897705078125,817.5552368164062,835.6500244140625,847.1648559570312
1789859601.8888414,1,0,850.454833984375,809.330322265625,842.2299194335938,840.5849609375
1789859601.8996322,1,0,850.454833984375,809.330322265625,842.2299194335938,840.5849609375
1789859601.910325,1,0,850.454833984375,809.330322265625,842.2299194335938,840.5849609375
1789859601.920965,1,0,847.1648559570312,814.2652587890625,840.5849609375,837.2949829101562
1789859601.9317493,1,0,848.8098754882812,815.9102783203125,840.5849609375,840.5849609375
1789859601.9426708,1,0,848.8098754882812,815.9102783203125,840.5849609375,840.5849609375
1789859601.953514,1,0,848.8098754882812,815.9102783203125,840.5849609375,840.5849609375
1789859601.9643462,1,0,848.8098754882812,815.9102783203125,840.5849609375,840.5849609375
1789859601.975093,1,0,848.8098754882812,815.9102783203125,840.5849609375,840.5849609375
1789859601.9860525,1,0,855.3897705078125,817.5552368164062,837.2949829101562,832.3600463867188
1789859601.996757,1,0,855.3897705078125,817.5552368164062,837.2949829101562,832.3600463867188
1789859602.0078416,1,0,855.3897705078125,817.5552368164062,837.2949829101562,832.3600463867188
1789859602.0188951,1,0,855.3897705078125,817.5552368164062,837.2949829101562,832.3600463867188
1789859602.0300827,1,0,855.3897705078125,817.5552368164062,837.2949829101562,832.3600463867188
1789859602.041264,1,0,865.2596435546875,814.2652587890625,837.2949829101562,842.2299194335938
1789859602.0523663,1,0,865.2596435546875,814.2652587890625,837.2949829101562,842.2299194335938
1789859602.0629892,1,0,865.2596435546875,814.2652587890625,837.2949829101562,842.2299194335938
1789859602.0740604,1,0,857.0347290039062,814.2652587890625,837.2949829101562,840.5849609375
1789859602.0852835,1,0,842.2299194335938,804.3953857421875,829.070068359375,822.4901733398438
1789859602.096886,1,0,842.2299194335938,804.3953857421875,829.070068359375,822.4901733398438
1789859602.1079626,1,0,842.2299194335938,804.3953857421875,829.070068359375,822.4901733398438
1789859602.1187854,1,0,842.2299194335938,804.3953857421875,829.070068359375,822.4901733398438
1789859602.1298525,1,0,842.2299194335938,804.3953857421875,829.070068359375,822.4901733398438
1789859602.1409466,1,0,847.1648559570312,806.0403442382812,829.070068359375,832.3600463867188
1789859602.151792,1,0,847.1648559570312,806.0403442382812,829.070068359375,832.3600463867188
1789859602.162869,1,0,847.1648559570312,806.0403442382812,829.070068359375,832.3600463867188
1789859602.1738524,1,0,847.1648559570312,806.0403442382812,829.070068359375,832.3600463867188
1789859602.1850085,1,0,852.0997924804688,806.0403442382812,827.4251098632812,842.2299194335938
1789859602.1958656,1,0,850.454833984375,807.6853637695312,834.0050048828125,835.6500244140625
1789859602.2067246,1,0,850.454833984375,807.6853637695312,834.0050048828125,835.6500244140625
1789859602.2174413,1,0,850.454833984375,807.6853637695312,834.0050048828125,835.6500244140625
1789859602.228409,1,0,810.9752807617188,819.2001953125,799.46044921875,801.1054077148438
1789859602.2394283,1,0,810.9752807617188,819.2001953125,799.46044921875,801.1054077148438
1789859602.250579,1,0,810.9752807617188,819.2001953125,799.46044921875,801.1054077148438
1789859602.2614417,1,0,810.9752807617188,819.2001953125,799.46044921875,801.1054077148438
1789859602.2723408,1,0,810.9752807617188,819.2001953125,799.46044921875,801.1054077148438
1789859602.2834077,1,0,804.3953857421875,888.2893676757812,797.8154907226562,761.6259155273438
1789859602.2944665,1,0,804.3953857421875,888.2893676757812,797.8154907226562,761.6259155273438
1789859602.3054705,1,0,804.3953857421875,888.2893676757812,797.8154907226562,761.6259155273438
1789859602.3163702,1,0,751.7560424804688,914.6090698242188,778.07568359375,715.5664672851562
1789859602.3278205,1,0,889.9343872070312,1085.68701171875,868.5496215820312,827.4251098632812
1789859602.3384411,1,0,889.9343872070312,1085.68701171875,868.5496215820312,827.4251098632812
1789859602.3491142,1,0,889.9343872070312,1085.68701171875,868.5496215820312,827.4251098632812
1789859602.3600416,1,0,889.9343872070312,1085.68701171875,868.5496215820312,827.4251098632812
1789859602.3707776,1,0,778.07568359375,1362.043701171875,802.7504272460938,741.8861083984375
1789859602.3814793,1,0,824.1351318359375,1595.6309814453125,809.330322265625,755.0459594726562
1789859602.3926842,1,0,863.6146850585938,1562.7313232421875,842.2299194335938,797.8154907226562
1789859602.4035213,1,0,863.6146850585938,1562.7313232421875,842.2299194335938,797.8154907226562
1789859602.414352,1,0,863.6146850585938,1562.7313232421875,842.2299194335938,797.8154907226562
1789859602.4255059,1,0,791.2355346679688,1566.021240234375,774.7857666015625,741.8861083984375
1789859602.4366117,1,0,791.2355346679688,1566.021240234375,774.7857666015625,741.8861083984375
1789859602.4472024,1,0,791.2355346679688,1566.021240234375,774.7857666015625,741.8861083984375
1789859602.4582849,1,0,791.2355346679688,1566.021240234375,774.7857666015625,741.8861083984375
1789859602.4690835,1,0,791.2355346679688,1566.021240234375,774.7857666015625,741.8861083984375
1789859602.480095,1,0,988.6331787109375,1561.0863037109375,842.2299194335938,866.9046630859375
1789859602.4912925,1,0,975.4733276367188,1561.0863037109375,847.1648559570312,850.454833984375
1789859602.5023317,1,0,975.4733276367188,1561.0863037109375,847.1648559570312,850.454833984375
1789859602.5135136,1,0,975.4733276367188,1561.0863037109375,847.1648559570312,850.454833984375
1789859602.5247624,1,0,975.4733276367188,1561.0863037109375,847.1648559570312,850.454833984375
1789859602.5359678,1,0,1021.5327758789062,1561.0863037109375,868.5496215820312,889.9343872070312
1789859602.5467458,1,0,1021.5327758789062,1561.0863037109375,868.5496215820312,889.9343872070312
1789859602.5575137,1,0,1021.5327758789062,1561.0863037109375,868.5496215820312,889.9343872070312
1789859602.5684817,1,0,837.2949829101562,1584.1160888671875,825.7801513671875,812.6203002929688
1789859602.5796971,1,0,824.1351318359375,1264.9898681640625,825.7801513671875,799.46044921875
1789859602.590482,1,0,824.1351318359375,1264.9898681640625,825.7801513671875,799.46044921875
1789859602.601474,1,0,824.1351318359375,1264.9898681640625,825.7801513671875,799.46044921875
1789859602.612473,1,0,824.1351318359375,1264.9898681640625,825.7801513671875,799.46044921875
1789859602.6235206,1,0,824.1351318359375,1264.9898681640625,825.7801513671875,799.46044921875
1789859602.6342325,1,0,883.3544311523438,1227.1553955078125,881.70947265625,858.6797485351562
1789859602.6451526,1,0,850.454833984375,1108.716796875,842.2299194335938,817.5552368164062
1789859602.6562457,1,0,850.454833984375,1108.716796875,842.2299194335938,817.5552368164062
1789859602.6673367,1,0,850.454833984375,1108.716796875,842.2299194335938,817.5552368164062
1789859602.678288,1,0,922.833984375,1069.2371826171875,899.8042602539062,899.8042602539062
1789859602.6895583,1,0,922.833984375,1069.2371826171875,899.8042602539062,899.8042602539062
1789859602.7002654,1,0,922.833984375,1069.2371826171875,899.8042602539062,899.8042602539062
1789859602.7108262,1,0,922.833984375,1069.2371826171875,899.8042602539062,899.8042602539062
1789859602.7218378,1,0,922.833984375,1069.2371826171875,899.8042602539062,899.8042602539062
1789859602.732554,1,0,884.9994506835938,394.7952880859375,835.6500244140625,866.9046630859375
1789859602.7431092,1,0,896.5142822265625,266.48681640625,830.715087890625,878.4194946289062
1789859602.7541227,1,0,896.5142822265625,266.48681640625,830.715087890625,878.4194946289062
1789859602.7651393,1,0,896.5142822265625,266.48681640625,830.715087890625,878.4194946289062
1789859602.7762635,1,0,881.70947265625,223.7173309326172,832.3600463867188,875.1295166015625
1789859602.787315,1,0,881.70947265625,223.7173309326172,832.3600463867188,875.1295166015625
1789859602.798085,1,0,881.70947265625,223.7173309326172,832.3600463867188,875.1295166015625
1789859602.8087645,1,0,881.70947265625,223.7173309326172,832.3600463867188,875.1295166015625
1789859602.8192947,1,0,881.70947265625,223.7173309326172,832.3600463867188,875.1295166015625
1789859602.8302715,1,0,889.9343872070312,194.10768127441406,837.2949829101562,880.064453125
1789859602.8412085,1,0,891.579345703125,227.00729370117188,860.32470703125,889.9343872070312
1789859602.8521385,1,0,891.579345703125,227.00729370117188,860.32470703125,889.9343872070312
1789859602.863123,1,0,881.70947265625,276.356689453125,861.9697265625,871.839599609375
1789859602.8740003,1,0,881.70947265625,276.356689453125,861.9697265625,871.839599609375
1789859602.8847475,1,0,881.70947265625,276.356689453125,861.9697265625,871.839599609375
1789859602.8957398,1,0,881.70947265625,276.356689453125,861.9697265625,871.839599609375
1789859602.906352,1,0,881.70947265625,276.356689453125,861.9697265625,871.839599609375
1789859602.9171777,1,0,881.70947265625,276.356689453125,861.9697265625,871.839599609375
1789859602.9281404,1,0,878.4194946289062,348.73583984375,858.6797485351562,873.4845581054688
1789859602.9391675,1,0,878.4194946289062,348.73583984375,858.6797485351562,873.4845581054688
1789859602.9502792,1,0,878.4194946289062,348.73583984375,858.6797485351562,873.4845581054688
1789859602.9612935,1,0,878.4194946289062,348.73583984375,858.6797485351562,873.4845581054688
1789859602.972463,1,0,876.7745361328125,450.724609375,858.6797485351562,881.70947265625
1789859602.9832091,1,0,876.7745361328125,450.724609375,858.6797485351562,881.70947265625
1789859602.9942315,1,0,876.7745361328125,450.724609375,858.6797485351562,881.70947265625
1789859603.0052285,1,0,876.7745361328125,450.724609375,858.6797485351562,881.70947265625
1789859603.0159304,1,0,876.7745361328125,450.724609375,858.6797485351562,881.70947265625
1789859603.0272627,1,0,881.70947265625,501.718994140625,857.0347290039062,878.4194946289062
1789859603.038198,1,0,880.064453125,552.71337890625,850.454833984375,860.32470703125
1789859603.0490363,1,0,880.064453125,552.71337890625,850.454833984375,860.32470703125
1789859603.060062,1,0,880.064453125,552.71337890625,850.454833984375,860.32470703125
1789859603.0712087,1,0,883.3544311523438,575.7431030273438,848.8098754882812,850.454833984375
1789859603.0819159,1,0,863.6146850585938,641.5423583984375,843.8749389648438,845.5198974609375
1789859603.0928924,1,0,863.6146850585938,641.5423583984375,843.8749389648438,845.5198974609375
1789859603.1037135,1,0,863.6146850585938,641.5423583984375,843.8749389648438,845.5198974609375
1789859603.1144361,1,0,863.6146850585938,641.5423583984375,843.8749389648438,845.5198974609375
1789859603.1255872,1,0,863.6146850585938,641.5423583984375,843.8749389648438,845.5198974609375
1789859603.1365788,1,0,861.9697265625,639.8973388671875,834.0050048828125,848.8098754882812
1789859603.1473756,1,0,861.9697265625,639.8973388671875,834.0050048828125,848.8098754882812
1789859603.1582134,1,0,861.9697265625,639.8973388671875,834.0050048828125,848.8098754882812
1789859603.1688218,1,0,852.0997924804688,636.607421875,837.2949829101562,848.8098754882812
1789859603.1800342,1,0,850.454833984375,641.5423583984375,832.3600463867188,835.6500244140625
1789859603.1913142,1,0,850.454833984375,641.5423583984375,832.3600463867188,835.6500244140625
1789859603.2023628,1,0,850.454833984375,641.5423583984375,832.3600463867188,835.6500244140625
1789859603.2131314,1,0,850.454833984375,641.5423583984375,832.3600463867188,835.6500244140625
1789859603.2239301,1,0,850.454833984375,641.5423583984375,832.3600463867188,835.6500244140625
1789859603.235433,1,0,848.8098754882812,646.477294921875,832.3600463867188,832.3600463867188
1789859603.246755,1,0,860.32470703125,656.34716796875,829.070068359375,852.0997924804688
1789859603.2575243,1,0,860.32470703125,656.34716796875,829.070068359375,852.0997924804688
1789859603.2684338,1,0,850.454833984375,664.5720825195312,825.7801513671875,838.9400024414062
1789859603.2794578,1,0,848.8098754882812,713.9214477539062,834.0050048828125,848.8098754882812
1789859603.2904816,1,0,840.5849609375,710.6315307617188,835.6500244140625,837.2949829101562
1789859603.3012836,1,0,840.5849609375,710.6315307617188,835.6500244140625,837.2949829101562
1789859603.3121235,1,0,840.5849609375,710.6315307617188,835.6500244140625,837.2949829101562
1789859603.3230088,1,0,840.5849609375,710.6315307617188,835.6500244140625,837.2949829101562
1789859603.3343208,1,0,840.5849609375,710.6315307617188,835.6500244140625,837.2949829101562
1789859603.34552,1,0,852.0997924804688,718.8563842773438,835.6500244140625,842.2299194335938
1789859603.3564725,1,0,852.0997924804688,718.8563842773438,835.6500244140625,842.2299194335938
1789859603.367439,1,0,852.0997924804688,718.8563842773438,835.6500244140625,842.2299194335938
1789859603.3787618,1,0,853.7448120117188,720.5014038085938,830.715087890625,850.454833984375
1789859603.389853,1,0,855.3897705078125,741.8861083984375,840.5849609375,837.2949829101562
1789859603.400469,1,0,855.3897705078125,741.8861083984375,840.5849609375,837.2949829101562
1789859603.4115086,1,0,855.3897705078125,741.8861083984375,840.5849609375,837.2949829101562
1789859603.422231,1,0,855.3897705078125,741.8861083984375,840.5849609375,837.2949829101562
1789859603.4334857,1,0,855.3897705078125,741.8861083984375,840.5849609375,837.2949829101562
1789859603.4447994,1,0,868.5496215820312,745.1760864257812,837.2949829101562,848.8098754882812
1789859603.4554613,1,0,868.5496215820312,745.1760864257812,837.2949829101562,848.8098754882812
1789859603.4662895,1,0,868.5496215820312,745.1760864257812,837.2949829101562,848.8098754882812
1789859603.4775703,1,0,858.6797485351562,758.3359375,838.9400024414062,840.5849609375
1789859603.4886968,1,0,848.8098754882812,768.205810546875,840.5849609375,835.6500244140625
1789859603.4992092,1,0,848.8098754882812,768.205810546875,840.5849609375,835.6500244140625
1789859603.5097504,1,0,848.8098754882812,768.205810546875,840.5849609375,835.6500244140625
1789859603.5205815,1,0,848.8098754882812,768.205810546875,840.5849609375,835.6500244140625
1789859603.5313811,1,0,857.0347290039062,771.4957885742188,838.9400024414062,843.8749389648438
1789859603.5419335,1,0,857.0347290039062,771.4957885742188,838.9400024414062,843.8749389648438
1789859603.552897,1,0,857.0347290039062,771.4957885742188,838.9400024414062,843.8749389648438
1789859603.5637167,1,0,857.0347290039062,771.4957885742188,838.9400024414062,843.8749389648438
1789859603.5748234,1,0,855.3897705078125,750.1110229492188,842.2299194335938,843.8749389648438
1789859603.5856645,1,0,847.1648559570312,759.9808959960938,840.5849609375,832.3600463867188
1789859603.5965989,1,0,847.1648559570312,759.9808959960938,840.5849609375,832.3600463867188
1789859603.6075444,1,0,847.1648559570312,759.9808959960938,840.5849609375,832.3600463867188
1789859603.6188571,1,0,847.1648559570312,759.9808959960938,840.5849609375,832.3600463867188
1789859603.6298916,1,0,855.3897705078125,774.7857666015625,840.5849609375,842.2299194335938
1789859603.6410024,1,0,866.9046630859375,776.4307250976562,843.8749389648438,850.454833984375
1789859603.6521404,1,0,866.9046630859375,776.4307250976562,843.8749389648438,850.454833984375
1789859603.6628203,1,0,866.9046630859375,776.4307250976562,843.8749389648438,850.454833984375
1789859603.6735823,1,0,858.6797485351562,771.4957885742188,837.2949829101562,843.8749389648438
1789859603.6844985,1,0,858.6797485351562,771.4957885742188,837.2949829101562,843.8749389648438
1789859603.6956267,1,0,858.6797485351562,771.4957885742188,837.2949829101562,843.8749389648438
1789859603.7066457,1,0,858.6797485351562,771.4957885742188,837.2949829101562,843.8749389648438
1789859603.7173917,1,0,868.5496215820312,769.850830078125,837.2949829101562,852.0997924804688
1789859603.7284324,1,0,860.32470703125,768.205810546875,845.5198974609375,852.0997924804688
1789859603.7391593,1,0,852.0997924804688,781.3656616210938,842.2299194335938,848.8098754882812
1789859603.7500286,1,0,852.0997924804688,781.3656616210938,842.2299194335938,848.8098754882812
1789859603.7613707,1,0,852.0997924804688,781.3656616210938,842.2299194335938,848.8098754882812
1789859603.7722676,0,0,850.454833984375,801.1054077148438,842.2299194335938,847.1648559570312
1789859603.7833366,0,0,850.454833984375,801.1054077148438,842.2299194335938,847.1648559570312
1789859603.7942514,0,0,850.454833984375,801.1054077148438,842.2299194335938,847.1648559570312
1789859603.8054621,0,0,850.454833984375,801.1054077148438,842.2299194335938,847.1648559570312
1789859603.816257,0,0,850.454833984375,801.1054077148438,842.2299194335938,847.1648559570312
1789859603.8268068,0,0,850.454833984375,801.1054077148438,842.2299194335938,847.1648559570312
1789859603.8379989,0,0,850.454833984375,801.1054077148438,842.2299194335938,847.1648559570312
1789859603.8486953,0,0,850.454833984375,801.1054077148438,842.2299194335938,847.1648559570312
1789859603.859342,0,0,863.6146850585938,802.7504272460938,832.3600463867188,847.1648559570312
1789859603.870608,0,0,861.9697265625,796.1704711914062,843.8749389648438,848.8098754882812
1789859603.8815002,0,0,857.0347290039062,797.8154907226562,842.2299194335938,843.8749389648438
1789859603.8924959,0,0,857.0347290039062,797.8154907226562,842.2299194335938,843.8749389648438
1789859603.903613,0,0,857.0347290039062,797.8154907226562,842.2299194335938,843.8749389648438
1789859603.9142127,0,0,857.0347290039062,797.8154907226562,842.2299194335938,843.8749389648438
1789859603.9252298,0,0,857.0347290039062,797.8154907226562,842.2299194335938,843.8749389648438
1789859603.9360962,0,0,857.0347290039062,797.8154907226562,842.2299194335938,843.8749389648438
1789859603.9472067,0,0,857.0347290039062,797.8154907226562,842.2299194335938,843.8749389648438
1789859603.9583158,0,0,853.7448120117188,791.2355346679688,845.5198974609375,842.2299194335938
1789859603.9694886,0,0,868.5496215820312,799.46044921875,838.9400024414062,843.8749389648438
1789859603.9803412,0,0,863.6146850585938,802.7504272460938,842.2299194335938,847.1648559570312
1789859603.99105,0,0,863.6146850585938,802.7504272460938,842.2299194335938,847.1648559570312
1789859604.0018027,0,0,863.6146850585938,802.7504272460938,842.2299194335938,847.1648559570312
1789859604.012715,0,0,863.6146850585938,802.7504272460938,842.2299194335938,847.1648559570312
1789859604.0235808,0,0,863.6146850585938,802.7504272460938,842.2299194335938,847.1648559570312
1789859604.0343204,0,0,863.6146850585938,802.7504272460938,842.2299194335938,847.1648559570312
1789859604.0449455,0,0,863.6146850585938,802.7504272460938,842.2299194335938,847.1648559570312
1789859604.055848,0,0,865.2596435546875,801.1054077148438,843.8749389648438,852.0997924804688
1789859604.0665786,0,0,857.0347290039062,791.2355346679688,840.5849609375,842.2299194335938
1789859604.0775409,0,0,861.9697265625,794.5255126953125,840.5849609375,845.5198974609375
1789859604.088608,0,0,861.9697265625,794.5255126953125,840.5849609375,845.5198974609375
1789859604.099569,0,0,861.9697265625,794.5255126953125,840.5849609375,845.5198974609375
1789859604.1107545,0,0,850.454833984375,792.8805541992188,835.6500244140625,840.5849609375
1789859604.1216419,0,0,850.454833984375,792.8805541992188,835.6500244140625,840.5849609375
1789859604.1323702,0,0,850.454833984375,792.8805541992188,835.6500244140625,840.5849609375
1789859604.1432703,0,0,850.454833984375,792.8805541992188,835.6500244140625,840.5849609375
1789859604.1544356,0,0,850.454833984375,792.8805541992188,835.6500244140625,840.5849609375
1789859604.1656182,0,0,860.32470703125,794.5255126953125,837.2949829101562,842.2299194335938
1789859604.1766264,0,0,855.3897705078125,802.7504272460938,835.6500244140625,837.2949829101562
1789859604.1873398,0,0,855.3897705078125,802.7504272460938,835.6500244140625,837.2949829101562
1789859604.1979609,0,0,855.3897705078125,802.7504272460938,835.6500244140625,837.2949829101562
1789859604.2087657,0,0,863.6146850585938,802.7504272460938,835.6500244140625,843.8749389648438
1789859604.219552,0,0,850.454833984375,801.1054077148438,832.3600463867188,829.070068359375
1789859604.2303379,0,0,850.454833984375,801.1054077148438,832.3600463867188,829.070068359375
1789859604.2418287,0,0,850.454833984375,801.1054077148438,832.3600463867188,829.070068359375
1789859604.253177,0,0,850.454833984375,801.1054077148438,832.3600463867188,829.070068359375
1789859604.2646108,0,0,850.454833984375,802.7504272460938,827.4251098632812,829.070068359375
1789859604.2757554,0,0,845.5198974609375,801.1054077148438,832.3600463867188,829.070068359375
1789859604.2864113,0,0,845.5198974609375,801.1054077148438,832.3600463867188,829.070068359375
1789859604.2971258,0,0,845.5198974609375,801.1054077148438,832.3600463867188,829.070068359375
1789859604.3083863,0,0,845.5198974609375,801.1054077148438,832.3600463867188,829.070068359375
1789859604.3193657,0,0,848.8098754882812,802.7504272460938,830.715087890625,832.3600463867188
1789859604.3299866,0,0,848.8098754882812,802.7504272460938,830.715087890625,832.3600463867188
1789859604.3409293,0,0,848.8098754882812,802.7504272460938,830.715087890625,832.3600463867188
1789859604.3516986,0,0,848.8098754882812,802.7504272460938,830.715087890625,832.3600463867188
1789859604.3625739,0,0,850.454833984375,799.46044921875,835.6500244140625,835.6500244140625
1789859604.373553,0,0,850.454833984375,804.3953857421875,838.9400024414062,835.6500244140625
1789859604.3844595,0,0,850.454833984375,804.3953857421875,838.9400024414062,835.6500244140625
1789859604.3953445,0,0,850.454833984375,804.3953857421875,838.9400024414062,835.6500244140625
1789859604.4063034,0,0,837.2949829101562,801.1054077148438,835.6500244140625,829.070068359375
1789859604.4173102,0,0,837.2949829101562,801.1054077148438,835.6500244140625,829.070068359375
1789859604.4280508,0,0,837.2949829101562,801.1054077148438,835.6500244140625,829.070068359375
1789859604.4386876,0,0,837.2949829101562,801.1054077148438,835.6500244140625,829.070068359375
1789859604.4495687,0,0,837.2949829101562,801.1054077148438,835.6500244140625,829.070068359375
1789859604.4604368,0,0,843.8749389648438,797.8154907226562,838.9400024414062,834.0050048828125
1789859604.4713588,0,0,858.6797485351562,809.330322265625,835.6500244140625,834.0050048828125
1789859604.482011,0,0,853.7448120117188,810.9752807617188,835.6500244140625,837.2949829101562
1789859604.4928894,0,0,853.7448120117188,810.9752807617188,835.6500244140625,837.2949829101562
1789859604.5036316,0,0,853.7448120117188,810.9752807617188,835.6500244140625,837.2949829101562
1789859604.5141895,0,0,853.7448120117188,810.9752807617188,835.6500244140625,837.2949829101562
1789859604.5252814,0,0,853.7448120117188,810.9752807617188,835.6500244140625,837.2949829101562
1789859604.5359287,0,0,853.7448120117188,807.6853637695312,834.0050048828125,848.8098754882812
1789859604.5466583,0,0,853.7448120117188,807.6853637695312,834.0050048828125,848.8098754882812
1789859604.5574706,0,0,853.7448120117188,807.6853637695312,834.0050048828125,848.8098754882812
1789859604.56832,0,0,865.2596435546875,807.6853637695312,835.6500244140625,843.8749389648438
1789859604.5795448,0,0,852.0997924804688,806.0403442382812,840.5849609375,830.715087890625
1789859604.591391,0,0,852.0997924804688,806.0403442382812,840.5849609375,830.715087890625
1789859604.602473,0,0,852.0997924804688,806.0403442382812,840.5849609375,830.715087890625
1789859604.6132762,0,0,852.0997924804688,806.0403442382812,840.5849609375,830.715087890625
1789859604.624455,0,0,852.0997924804688,806.0403442382812,840.5849609375,830.715087890625
1789859604.635019,0,0,852.0997924804688,806.0403442382812,840.5849609375,830.715087890625
1789859604.6459186,0,0,852.0997924804688,806.0403442382812,840.5849609375,830.715087890625
1789859604.6568446,0,0,852.0997924804688,806.0403442382812,840.5849609375,830.715087890625
1789859604.6677172,0,0,861.9697265625,806.0403442382812,840.5849609375,847.1648559570312
1789859604.678697,0,0,860.32470703125,802.7504272460938,838.9400024414062,845.5198974609375
1789859604.6895175,0,0,850.454833984375,804.3953857421875,842.2299194335938,837.2949829101562
1789859604.7000854,0,0,850.454833984375,804.3953857421875,842.2299194335938,837.2949829101562
1789859604.7112796,0,0,850.454833984375,804.3953857421875,842.2299194335938,837.2949829101562
1789859604.7223752,0,0,850.454833984375,804.3953857421875,842.2299194335938,837.2949829101562
1789859604.7333024,0,0,850.454833984375,804.3953857421875,842.2299194335938,837.2949829101562
1789859604.743997,0,0,850.454833984375,804.3953857421875,842.2299194335938,837.2949829101562
1789859604.7552114,0,0,850.454833984375,804.3953857421875,842.2299194335938,837.2949829101562
1789859604.766369,0,0,850.454833984375,804.3953857421875,842.2299194335938,837.2949829101562
1789859604.7775745,0,0,852.0997924804688,806.0403442382812,843.8749389648438,838.9400024414062
1789859604.7889104,0,0,852.0997924804688,806.0403442382812,843.8749389648438,838.9400024414062
1789859604.7994773,0,0,852.0997924804688,806.0403442382812,843.8749389648438,838.9400024414062
1789859604.8102093,0,0,852.0997924804688,806.0403442382812,843.8749389648438,838.9400024414062
1789859604.8211858,1,0,852.0997924804688,806.0403442382812,843.8749389648438,838.9400024414062
1789859604.8322995,1,0,861.9697265625,807.6853637695312,845.5198974609375,845.5198974609375
1789859604.8434887,1,0,853.7448120117188,806.0403442382812,840.5849609375,838.9400024414062
1789859604.8541703,1,0,853.7448120117188,806.0403442382812,840.5849609375,838.9400024414062
1789859604.8650584,1,0,853.7448120117188,806.0403442382812,840.5849609375,838.9400024414062
1789859604.8762906,1,0,857.0347290039062,804.3953857421875,838.9400024414062,848.8098754882812
1789859604.887378,1,0,847.1648559570312,802.7504272460938,840.5849609375,832.3600463867188
1789859604.89849,1,0,847.1648559570312,802.7504272460938,840.5849609375,832.3600463867188
1789859604.9094763,1,0,847.1648559570312,802.7504272460938,840.5849609375,832.3600463867188
1789859604.920599,1,0,847.1648559570312,802.7504272460938,840.5849609375,832.3600463867188
1789859604.93149,1,0,847.1648559570312,802.7504272460938,840.5849609375,832.3600463867188
1789859604.9429343,1,0,865.2596435546875,801.1054077148438,843.8749389648438,848.8098754882812
1789859604.9537654,1,0,865.2596435546875,801.1054077148438,843.8749389648438,848.8098754882812
1789859604.964403,1,0,865.2596435546875,801.1054077148438,843.8749389648438,848.8098754882812
1789859604.9750156,1,0,857.0347290039062,815.9102783203125,838.9400024414062,834.0050048828125
1789859604.9859924,1,0,858.6797485351562,814.2652587890625,838.9400024414062,848.8098754882812
1789859604.9969761,1,0,858.6797485351562,814.2652587890625,838.9400024414062,848.8098754882812
1789859605.0079885,1,0,858.6797485351562,814.2652587890625,838.9400024414062,848.8098754882812
1789859605.0190523,1,0,858.6797485351562,814.2652587890625,838.9400024414062,848.8098754882812
1789859605.0307288,1,0,858.6797485351562,814.2652587890625,838.9400024414062,848.8098754882812
1789859605.0421174,1,0,857.0347290039062,804.3953857421875,842.2299194335938,842.2299194335938
1789859605.0531745,1,0,857.0347290039062,804.3953857421875,842.2299194335938,842.2299194335938
1789859605.0639734,1,0,857.0347290039062,804.3953857421875,842.2299194335938,842.2299194335938
1789859605.0745614,1,0,858.6797485351562,806.0403442382812,843.8749389648438,847.1648559570312
1789859605.0859628,1,0,850.454833984375,814.2652587890625,835.6500244140625,824.1351318359375
1789859605.0969622,1,0,850.454833984375,814.2652587890625,835.6500244140625,824.1351318359375
1789859605.1077266,1,0,850.454833984375,814.2652587890625,835.6500244140625,824.1351318359375
1789859605.1184003,1,0,850.454833984375,814.2652587890625,835.6500244140625,824.1351318359375
1789859605.1290863,1,0,852.0997924804688,817.5552368164062,834.0050048828125,827.4251098632812
1789859605.1400447,1,0,848.8098754882812,804.3953857421875,837.2949829101562,843.8749389648438
1789859605.1509151,1,0,848.8098754882812,804.3953857421875,837.2949829101562,843.8749389648438
1789859605.1614904,1,0,848.8098754882812,804.3953857421875,837.2949829101562,843.8749389648438
1789859605.1722543,1,0,848.8098754882812,804.3953857421875,837.2949829101562,843.8749389648438
1789859605.183011,1,0,852.0997924804688,802.7504272460938,838.9400024414062,838.9400024414062
1789859605.193706,1,0,848.8098754882812,802.7504272460938,840.5849609375,834.0050048828125
1789859605.2045138,1,0,848.8098754882812,802.7504272460938,840.5849609375,834.0050048828125
1789859605.2155092,1,0,848.8098754882812,802.7504272460938,840.5849609375,834.0050048828125
1789859605.2263346,1,0,848.8098754882812,802.7504272460938,840.5849609375,834.0050048828125
1789859605.2372103,1,0,853.7448120117188,807.6853637695312,837.2949829101562,834.0050048828125
1789859605.2483392,1,0,863.6146850585938,799.46044921875,834.0050048828125,853.7448120117188
1789859605.2593067,1,0,863.6146850585938,799.46044921875,834.0050048828125,853.7448120117188
1789859605.2707171,1,0,863.6146850585938,799.46044921875,834.0050048828125,853.7448120117188
1789859605.2816799,1,0,853.7448120117188,807.6853637695312,827.4251098632812,840.5849609375
1789859605.2926412,1,0,840.5849609375,809.330322265625,829.070068359375,822.4901733398438
1789859605.3035293,1,0,840.5849609375,809.330322265625,829.070068359375,822.4901733398438
1789859605.314295,1,0,840.5849609375,809.330322265625,829.070068359375,822.4901733398438
1789859605.3250716,1,0,840.5849609375,809.330322265625,829.070068359375,822.4901733398438
1789859605.335665,1,0,840.5849609375,809.330322265625,829.070068359375,822.4901733398438
1789859605.3465772,1,0,847.1648559570312,806.0403442382812,829.070068359375,830.715087890625
1789859605.3573165,1,0,852.0997924804688,812.6203002929688,835.6500244140625,835.6500244140625
1789859605.368458,1,0,852.0997924804688,812.6203002929688,835.6500244140625,835.6500244140625
1789859605.379651,1,0,852.0997924804688,812.6203002929688,835.6500244140625,835.6500244140625
1789859605.39081,1,0,852.0997924804688,814.2652587890625,834.0050048828125,835.6500244140625
1789859605.4019623,1,0,852.0997924804688,814.2652587890625,834.0050048828125,835.6500244140625
1789859605.4126985,1,0,852.0997924804688,814.2652587890625,834.0050048828125,835.6500244140625
1789859605.4235625,1,0,852.0997924804688,814.2652587890625,834.0050048828125,835.6500244140625
1789859605.4342318,1,0,852.0997924804688,814.2652587890625,834.0050048828125,835.6500244140625
1789859605.445156,1,0,824.1351318359375,817.5552368164062,810.9752807617188,804.3953857421875
1789859605.456335,1,0,832.3600463867188,829.070068359375,810.9752807617188,810.9752807617188
1789859605.4675505,1,0,832.3600463867188,829.070068359375,810.9752807617188,810.9752807617188
1789859605.478347,1,0,832.3600463867188,829.070068359375,810.9752807617188,810.9752807617188
1789859605.4891524,1,0,750.1110229492188,812.6203002929688,753.4010009765625,738.59619140625
1789859605.5003223,1,0,758.3359375,927.7689208984375,835.6500244140625,771.4957885742188
1789859605.5114224,1,0,758.3359375,927.7689208984375,835.6500244140625,771.4957885742188
1789859605.5220995,1,0,758.3359375,927.7689208984375,835.6500244140625,771.4957885742188
1789859605.532903,1,0,758.3359375,927.7689208984375,835.6500244140625,771.4957885742188
1789859605.543663,1,0,758.3359375,927.7689208984375,835.6500244140625,771.4957885742188
1789859605.5547965,1,0,797.8154907226562,967.2484130859375,848.8098754882812,824.1351318359375
1789859605.5658076,1,0,764.9158325195312,1506.802001953125,881.70947265625,810.9752807617188
1789859605.5771797,1,0,764.9158325195312,1506.802001953125,881.70947265625,810.9752807617188
1789859605.5880063,1,0,764.9158325195312,1506.802001953125,881.70947265625,810.9752807617188
1789859605.5990298,1,0,764.9158325195312,1506.802001953125,881.70947265625,810.9752807617188
1789859605.609998,1,0,791.2355346679688,1644.9803466796875,868.5496215820312,784.6556396484375
1789859605.621511,1,0,817.5552368164062,1640.04541015625,868.5496215820312,784.6556396484375
1789859605.6326911,1,0,817.5552368164062,1640.04541015625,868.5496215820312,784.6556396484375
1789859605.6434424,1,0,817.5552368164062,1640.04541015625,868.5496215820312,784.6556396484375
1789859605.6543767,1,0,817.5552368164062,1640.04541015625,868.5496215820312,784.6556396484375
1789859605.6653879,1,0,817.5552368164062,1640.04541015625,868.5496215820312,784.6556396484375
1789859605.6759868,1,0,817.5552368164062,1640.04541015625,868.5496215820312,784.6556396484375
1789859605.6867092,1,0,817.5552368164062,1640.04541015625,868.5496215820312,784.6556396484375
1789859605.6975532,1,0,922.833984375,1640.04541015625,855.3897705078125,903.09423828125
1789859605.7088664,1,0,850.454833984375,1638.400390625,819.2001953125,837.2949829101562
1789859605.7199018,1,0,850.454833984375,1638.400390625,819.2001953125,837.2949829101562
1789859605.730508,1,0,850.454833984375,1638.400390625,819.2001953125,837.2949829101562
1789859605.7411916,1,0,850.454833984375,1638.400390625,819.2001953125,837.2949829101562
1789859605.7519853,1,0,912.964111328125,1640.04541015625,857.0347290039062,906.3841552734375
1789859605.7628777,1,0,912.964111328125,1640.04541015625,857.0347290039062,906.3841552734375
1789859605.773568,1,0,912.964111328125,1640.04541015625,857.0347290039062,906.3841552734375
1789859605.7844317,1,0,912.964111328125,1640.04541015625,857.0347290039062,906.3841552734375
1789859605.7950509,1,0,899.8042602539062,1636.7554931640625,850.454833984375,903.09423828125
1789859605.806231,1,0,965.6034545898438,1470.6124267578125,891.579345703125,965.6034545898438
1789859605.8171885,1,0,990.2781372070312,1352.173828125,914.6090698242188,986.9882202148438
1789859605.8281116,1,0,990.2781372070312,1352.173828125,914.6090698242188,986.9882202148438
1789859605.8390763,1,0,990.2781372070312,1352.173828125,914.6090698242188,986.9882202148438
1789859605.8499415,1,0,990.2781372070312,1352.173828125,914.6090698242188,986.9882202148438
1789859605.8611414,1,0,1008.3729248046875,996.8580932617188,921.18896484375,1016.5978393554688
1789859605.871902,1,0,1000.1480712890625,924.4789428710938,911.319091796875,1000.1480712890625
1789859605.8826969,1,0,1000.1480712890625,924.4789428710938,911.319091796875,1000.1480712890625
1789859605.893307,1,0,1000.1480712890625,924.4789428710938,911.319091796875,1000.1480712890625
1789859605.9046137,1,0,1000.1480712890625,924.4789428710938,911.319091796875,1000.1480712890625
1789859605.915767,1,0,1000.1480712890625,924.4789428710938,911.319091796875,1000.1480712890625
1789859605.9262993,1,0,1000.1480712890625,924.4789428710938,911.319091796875,1000.1480712890625
1789859605.9372385,1,0,1000.1480712890625,924.4789428710938,911.319091796875,1000.1480712890625
1789859605.9479377,1,0,983.6982421875,567.5181884765625,878.4194946289062,988.6331787109375
1789859605.9586785,1,0,980.4082641601562,394.7952880859375,860.32470703125,995.213134765625
1789859605.9694004,1,0,980.4082641601562,394.7952880859375,860.32470703125,995.213134765625
1789859605.9802268,1,0,980.4082641601562,394.7952880859375,860.32470703125,995.213134765625
1789859605.9909966,1,0,980.4082641601562,394.7952880859375,860.32470703125,995.213134765625
1789859606.002128,1,0,985.3432006835938,297.741455078125,861.9697265625,1001.7930297851562
1789859606.013143,1,0,985.3432006835938,297.741455078125,861.9697265625,1001.7930297851562
1789859606.023951,1,0,985.3432006835938,297.741455078125,861.9697265625,1001.7930297851562
1789859606.03457,1,0,985.3432006835938,297.741455078125,861.9697265625,1001.7930297851562
1789859606.0454233,1,0,985.3432006835938,297.741455078125,861.9697265625,1001.7930297851562
1789859606.0566795,1,0,995.213134765625,273.0667419433594,860.32470703125,1003.43798828125
1789859606.0672758,1,0,886.6444091796875,215.492431640625,842.2299194335938,881.70947265625
1789859606.0778666,1,0,886.6444091796875,215.492431640625,842.2299194335938,881.70947265625
1789859606.0886157,1,0,886.6444091796875,215.492431640625,842.2299194335938,881.70947265625
1789859606.0994706,1,0,894.8693237304688,246.74705505371094,840.5849609375,871.839599609375
1789859606.111237,1,0,894.8693237304688,246.74705505371094,840.5849609375,871.839599609375
1789859606.1227593,1,0,894.8693237304688,246.74705505371094,840.5849609375,871.839599609375
1789859606.1333652,1,0,894.8693237304688,246.74705505371094,840.5849609375,871.839599609375
1789859606.1441207,1,0,894.8693237304688,246.74705505371094,840.5849609375,871.839599609375
1789859606.1546004,1,0,886.6444091796875,287.8715515136719,842.2299194335938,866.9046630859375
1789859606.1656294,1,0,894.8693237304688,332.2860412597656,842.2299194335938,868.5496215820312
1789859606.176293,1,0,894.8693237304688,332.2860412597656,842.2299194335938,868.5496215820312
1789859606.1869173,1,0,894.8693237304688,332.2860412597656,842.2299194335938,868.5496215820312
1789859606.19769,1,0,894.8693237304688,332.2860412597656,842.2299194335938,868.5496215820312
1789859606.2088263,1,0,881.70947265625,411.2450866699219,843.8749389648438,875.1295166015625
1789859606.2199984,1,0,881.70947265625,411.2450866699219,843.8749389648438,875.1295166015625
1789859606.2306278,1,0,881.70947265625,411.2450866699219,843.8749389648438,875.1295166015625
1789859606.2413573,1,0,881.70947265625,411.2450866699219,843.8749389648438,875.1295166015625
1789859606.2522144,1,0,881.70947265625,411.2450866699219,843.8749389648438,875.1295166015625
1789859606.26325,1,0,878.4194946289062,447.4346618652344,842.2299194335938,861.9697265625
1789859606.273865,1,0,878.4194946289062,447.4346618652344,842.2299194335938,861.9697265625
1789859606.2846353,1,0,878.4194946289062,447.4346618652344,842.2299194335938,861.9697265625
1789859606.295523,1,0,878.4194946289062,447.4346618652344,842.2299194335938,861.9697265625
1789859606.306231,1,0,866.9046630859375,475.3993225097656,834.0050048828125,840.5849609375
1789859606.317486,1,0,860.32470703125,547.7784423828125,835.6500244140625,840.5849609375
1789859606.3285053,1,0,860.32470703125,547.7784423828125,835.6500244140625,840.5849609375
1789859606.3391738,1,0,860.32470703125,547.7784423828125,835.6500244140625,840.5849609375
1789859606.3501294,1,0,860.32470703125,547.7784423828125,835.6500244140625,840.5849609375
1789859606.361526,1,0,860.32470703125,547.7784423828125,835.6500244140625,840.5849609375
1789859606.3726006,1,0,852.0997924804688,554.3583984375,835.6500244140625,842.2299194335938
1789859606.3835034,1,0,852.0997924804688,554.3583984375,835.6500244140625,842.2299194335938
1789859606.394146,1,0,852.0997924804688,554.3583984375,835.6500244140625,842.2299194335938
1789859606.4052975,1,0,852.0997924804688,554.3583984375,835.6500244140625,842.2299194335938
1789859606.4167733,1,0,860.32470703125,648.1222534179688,837.2949829101562,852.0997924804688
1789859606.4276285,1,0,860.32470703125,648.1222534179688,837.2949829101562,852.0997924804688
1789859606.4382834,1,0,860.32470703125,648.1222534179688,837.2949829101562,852.0997924804688
1789859606.4488645,1,0,860.32470703125,648.1222534179688,837.2949829101562,852.0997924804688
1789859606.4595065,1,0,860.32470703125,648.1222534179688,837.2949829101562,852.0997924804688
1789859606.4704006,1,0,860.32470703125,648.1222534179688,837.2949829101562,852.0997924804688
1789859606.4811995,1,0,850.454833984375,667.8619995117188,838.9400024414062,838.9400024414062
1789859606.4920642,1,0,850.454833984375,667.8619995117188,838.9400024414062,838.9400024414062
1789859606.5027006,1,0,850.454833984375,667.8619995117188,838.9400024414062,838.9400024414062
1789859606.5138347,1,0,855.3897705078125,727.081298828125,843.8749389648438,845.5198974609375
1789859606.5250301,1,0,853.7448120117188,730.3712768554688,842.2299194335938,838.9400024414062
1789859606.5356276,1,0,853.7448120117188,730.3712768554688,842.2299194335938,838.9400024414062
1789859606.546497,1,0,853.7448120117188,730.3712768554688,842.2299194335938,838.9400024414062
1789859606.5579753,1,0,853.7448120117188,730.3712768554688,842.2299194335938,838.9400024414062
1789859606.5691106,1,0,863.6146850585938,730.3712768554688,845.5198974609375,860.32470703125
1789859606.5800815,1,0,845.5198974609375,730.3712768554688,843.8749389648438,847.1648559570312
1789859606.5911787,1,0,845.5198974609375,730.3712768554688,843.8749389648438,847.1648559570312
1789859606.602081,1,0,845.5198974609375,730.3712768554688,843.8749389648438,847.1648559570312
1789859606.612707,1,0,852.0997924804688,735.3062133789062,842.2299194335938,830.715087890625
1789859606.6239085,1,0,848.8098754882812,740.2411499023438,840.5849609375,837.2949829101562
1789859606.63451,1,0,848.8098754882812,740.2411499023438,840.5849609375,837.2949829101562
1789859606.645329,1,0,848.8098754882812,740.2411499023438,840.5849609375,837.2949829101562
1789859606.6560657,1,0,848.8098754882812,740.2411499023438,840.5849609375,837.2949829101562
1789859606.6673148,1,0,848.8098754882812,740.2411499023438,840.5849609375,837.2949829101562
1789859606.678971,1,0,858.6797485351562,753.4010009765625,837.2949829101562,845.5198974609375
1789859606.6900828,1,0,858.6797485351562,753.4010009765625,837.2949829101562,845.5198974609375
1789859606.7007546,1,0,858.6797485351562,753.4010009765625,837.2949829101562,845.5198974609375
1789859606.7117975,1,0,848.8098754882812,753.4010009765625,835.6500244140625,835.6500244140625
1789859606.72287,1,0,848.8098754882812,751.7560424804688,840.5849609375,829.070068359375
1789859606.7338579,1,0,848.8098754882812,751.7560424804688,840.5849609375,829.070068359375
1789859606.7446237,1,0,848.8098754882812,751.7560424804688,840.5849609375,829.070068359375
1789859606.7553225,1,0,848.8098754882812,751.7560424804688,840.5849609375,829.070068359375
1789859606.7667007,1,0,858.6797485351562,741.8861083984375,842.2299194335938,847.1648559570312
1789859606.7776368,1,0,858.6797485351562,741.8861083984375,842.2299194335938,847.1648559570312
1789859606.7882862,1,0,858.6797485351562,741.8861083984375,842.2299194335938,847.1648559570312
1789859606.7989876,1,0,858.6797485351562,741.8861083984375,842.2299194335938,847.1648559570312
1789859606.810116,1,0,861.9697265625,756.6909790039062,842.2299194335938,840.5849609375
1789859606.8214185,1,0,858.6797485351562,763.2708740234375,843.8749389648438,837.2949829101562
1789859606.8323534,1,0,858.6797485351562,763.2708740234375,843.8749389648438,837.2949829101562
1789859606.8431897,1,0,858.6797485351562,763.2708740234375,843.8749389648438,837.2949829101562
1789859606.8543189,1,0,858.6797485351562,763.2708740234375,843.8749389648438,837.2949829101562
1789859606.8653932,1,0,858.6797485351562,763.2708740234375,843.8749389648438,837.2949829101562
1789859606.876174,1,0,860.32470703125,766.5608520507812,843.8749389648438,840.5849609375
1789859606.8867085,1,0,860.32470703125,766.5608520507812,843.8749389648438,840.5849609375
1789859606.8977165,1,0,860.32470703125,766.5608520507812,843.8749389648438,840.5849609375
1789859606.9085276,1,0,865.2596435546875,779.720703125,842.2299194335938,835.6500244140625
1789859606.9195094,1,0,865.2596435546875,779.720703125,842.2299194335938,835.6500244140625
1789859606.9302666,1,0,865.2596435546875,779.720703125,842.2299194335938,835.6500244140625
1789859606.9407308,1,0,865.2596435546875,779.720703125,842.2299194335938,835.6500244140625
1789859606.951627,1,0,865.2596435546875,779.720703125,842.2299194335938,835.6500244140625
1789859606.9624588,1,0,866.9046630859375,792.8805541992188,834.0050048828125,842.2299194335938
1789859606.973627,1,0,866.9046630859375,794.5255126953125,830.715087890625,847.1648559570312
1789859606.9841902,1,0,866.9046630859375,794.5255126953125,830.715087890625,847.1648559570312
1789859606.9956214,1,0,861.9697265625,802.7504272460938,835.6500244140625,835.6500244140625
1789859607.0068836,1,0,861.9697265625,802.7504272460938,835.6500244140625,835.6500244140625
1789859607.017471,1,0,861.9697265625,802.7504272460938,835.6500244140625,835.6500244140625
1789859607.0282717,1,0,861.9697265625,802.7504272460938,835.6500244140625,835.6500244140625
1789859607.0391572,1,0,861.9697265625,802.7504272460938,835.6500244140625,835.6500244140625
1789859607.050554,1,0,866.9046630859375,804.3953857421875,830.715087890625,840.5849609375
1789859607.0616472,1,0,865.2596435546875,799.46044921875,837.2949829101562,860.32470703125
1789859607.0732195,1,0,865.2596435546875,799.46044921875,837.2949829101562,860.32470703125
1789859607.0842993,1,0,865.2596435546875,799.46044921875,837.2949829101562,860.32470703125
1789859607.0955832,1,0,868.5496215820312,801.1054077148438,838.9400024414062,830.715087890625
1789859607.1064973,1,0,868.5496215820312,801.1054077148438,838.9400024414062,830.715087890625
1789859607.1175451,1,0,868.5496215820312,801.1054077148438,838.9400024414062,830.715087890625
1789859607.1286194,1,0,868.5496215820312,801.1054077148438,838.9400024414062,830.715087890625
1789859607.1392896,1,0,868.5496215820312,801.1054077148438,838.9400024414062,830.715087890625
1789859607.1503925,1,0,860.32470703125,796.1704711914062,840.5849609375,848.8098754882812
1789859607.1610765,1,0,855.3897705078125,797.8154907226562,845.5198974609375,843.8749389648438
1789859607.1721199,1,0,855.3897705078125,797.8154907226562,845.5198974609375,843.8749389648438
1789859607.183157,1,0,855.3897705078125,797.8154907226562,845.5198974609375,843.8749389648438
1789859607.1938636,1,0,875.1295166015625,797.8154907226562,838.9400024414062,847.1648559570312
1789859607.2049859,1,0,855.3897705078125,809.330322265625,807.6853637695312,815.9102783203125
1789859607.2161818,1,0,855.3897705078125,809.330322265625,807.6853637695312,815.9102783203125
1789859607.2271636,1,0,855.3897705078125,809.330322265625,807.6853637695312,815.9102783203125
1789859607.2382324,1,0,855.3897705078125,809.330322265625,807.6853637695312,815.9102783203125
1789859607.2499824,1,0,852.0997924804688,814.2652587890625,796.1704711914062,807.6853637695312
1789859607.2605793,1,0,858.6797485351562,809.330322265625,801.1054077148438,827.4251098632812
1789859607.2714822,1,0,858.6797485351562,809.330322265625,801.1054077148438,827.4251098632812
1789859607.2823904,1,0,853.7448120117188,814.2652587890625,801.1054077148438,825.7801513671875
1789859607.2936854,1,0,865.2596435546875,824.1351318359375,815.9102783203125,830.715087890625
1789859607.3048966,0,0,850.454833984375,817.5552368164062,817.5552368164062,822.4901733398438
1789859607.3156462,0,0,850.454833984375,817.5552368164062,817.5552368164062,822.4901733398438
1789859607.3263834,0,0,850.454833984375,817.5552368164062,817.5552368164062,822.4901733398438
1789859607.337663,0,0,850.454833984375,817.5552368164062,817.5552368164062,822.4901733398438
1789859607.3486469,0,0,860.32470703125,817.5552368164062,817.5552368164062,827.4251098632812
1789859607.3592212,0,0,860.32470703125,817.5552368164062,817.5552368164062,827.4251098632812
1789859607.3707955,0,0,860.32470703125,817.5552368164062,817.5552368164062,827.4251098632812
1789859607.3814836,0,0,860.32470703125,817.5552368164062,817.5552368164062,827.4251098632812
1789859607.39258,0,0,842.2299194335938,815.9102783203125,814.2652587890625,824.1351318359375
1789859607.4037778,0,0,853.7448120117188,794.5255126953125,820.84521484375,829.070068359375
1789859607.414802,0,0,853.7448120117188,794.5255126953125,820.84521484375,829.070068359375
1789859607.4256957,0,0,853.7448120117188,794.5255126953125,820.84521484375,829.070068359375
1789859607.43658,0,0,850.454833984375,787.945556640625,819.2001953125,819.2001953125
1789859607.4477549,0,0,850.454833984375,787.945556640625,819.2001953125,819.2001953125
1789859607.458541,0,0,850.454833984375,787.945556640625,819.2001953125,819.2001953125
1789859607.469131,0,0,850.454833984375,787.945556640625,819.2001953125,819.2001953125
1789859607.4802315,0,0,850.454833984375,787.945556640625,819.2001953125,819.2001953125
1789859607.4913256,0,0,850.454833984375,802.7504272460938,827.4251098632812,824.1351318359375
1789859607.5024333,0,0,850.454833984375,802.7504272460938,827.4251098632812,824.1351318359375
1789859607.5130334,0,0,850.454833984375,802.7504272460938,827.4251098632812,824.1351318359375
1789859607.523825,0,0,850.454833984375,802.7504272460938,827.4251098632812,824.1351318359375
1789859607.5345216,0,0,850.454833984375,802.7504272460938,827.4251098632812,824.1351318359375
1789859607.545631,0,0,848.8098754882812,794.5255126953125,835.6500244140625,837.2949829101562
1789859607.5566857,0,0,848.8098754882812,794.5255126953125,835.6500244140625,837.2949829101562
1789859607.5673862,0,0,848.8098754882812,794.5255126953125,835.6500244140625,837.2949829101562
1789859607.5781431,0,0,848.8098754882812,794.5255126953125,835.6500244140625,837.2949829101562
1789859607.5890987,0,0,850.454833984375,796.1704711914062,832.3600463867188,834.0050048828125
1789859607.600262,0,0,850.454833984375,796.1704711914062,835.6500244140625,840.5849609375
1789859607.6109731,0,0,850.454833984375,796.1704711914062,835.6500244140625,840.5849609375
1789859607.622595,0,0,850.454833984375,796.1704711914062,835.6500244140625,840.5849609375
1789859607.6337366,0,0,850.454833984375,796.1704711914062,835.6500244140625,840.5849609375
1789859607.644922,0,0,853.7448120117188,787.945556640625,837.2949829101562,848.8098754882812
1789859607.6562965,0,0,852.0997924804688,796.1704711914062,837.2949829101562,834.0050048828125
1789859607.667053,0,0,852.0997924804688,796.1704711914062,837.2949829101562,834.0050048828125
1789859607.6778631,0,0,852.0997924804688,796.1704711914062,837.2949829101562,834.0050048828125
1789859607.6886575,0,0,861.9697265625,802.7504272460938,835.6500244140625,848.8098754882812
1789859607.6996725,0,0,861.9697265625,802.7504272460938,835.6500244140625,848.8098754882812
1789859607.710709,0,0,861.9697265625,802.7504272460938,835.6500244140625,848.8098754882812
1789859607.7213361,0,0,861.9697265625,802.7504272460938,835.6500244140625,848.8098754882812
1789859607.7320244,0,0,861.9697265625,802.7504272460938,835.6500244140625,848.8098754882812
1789859607.74268,0,0,861.9697265625,802.7504272460938,835.6500244140625,848.8098754882812
1789859607.753651,0,0,861.9697265625,802.7504272460938,835.6500244140625,848.8098754882812
1789859607.764376,0,0,855.3897705078125,810.9752807617188,840.5849609375,848.8098754882812
1789859607.774962,0,0,855.3897705078125,810.9752807617188,840.5849609375,848.8098754882812
1789859607.786007,0,0,850.454833984375,810.9752807617188,842.2299194335938,852.0997924804688
1789859607.7970526,0,0,847.1648559570312,825.7801513671875,840.5849609375,834.0050048828125
1789859607.8081954,0,0,847.1648559570312,825.7801513671875,840.5849609375,834.0050048828125
1789859607.8191998,0,0,847.1648559570312,825.7801513671875,840.5849609375,834.0050048828125
1789859607.8298037,0,0,847.1648559570312,825.7801513671875,840.5849609375,834.0050048828125
1789859607.84054,0,0,847.1648559570312,825.7801513671875,840.5849609375,834.0050048828125
1789859607.851942,0,0,848.8098754882812,824.1351318359375,840.5849609375,838.9400024414062
1789859607.8629663,0,0,852.0997924804688,824.1351318359375,840.5849609375,850.454833984375
1789859607.8739533,0,0,852.0997924804688,824.1351318359375,840.5849609375,850.454833984375
1789859607.8846169,0,0,852.0997924804688,824.1351318359375,840.5849609375,850.454833984375
1789859607.895685,0,0,853.7448120117188,817.5552368164062,842.2299194335938,842.2299194335938
1789859607.9069133,0,0,855.3897705078125,807.6853637695312,835.6500244140625,835.6500244140625
1789859607.9177916,0,0,855.3897705078125,807.6853637695312,835.6500244140625,835.6500244140625
1789859607.9286392,0,0,855.3897705078125,807.6853637695312,835.6500244140625,835.6500244140625
1789859607.9396107,0,0,855.3897705078125,807.6853637695312,835.6500244140625,835.6500244140625
1789859607.950688,0,0,857.0347290039062,807.6853637695312,838.9400024414062,845.5198974609375
1789859607.9617465,0,0,857.0347290039062,807.6853637695312,838.9400024414062,845.5198974609375
1789859607.9727042,0,0,857.0347290039062,807.6853637695312,838.9400024414062,845.5198974609375
1789859607.9834232,0,0,857.0347290039062,807.6853637695312,838.9400024414062,845.5198974609375
1789859607.9949603,0,0,857.0347290039062,807.6853637695312,838.9400024414062,845.5198974609375
1789859608.0058246,0,0,847.1648559570312,804.3953857421875,838.9400024414062,838.9400024414062
1789859608.016427,0,0,857.0347290039062,807.6853637695312,842.2299194335938,842.2299194335938
1789859608.0273333,0,0,857.0347290039062,807.6853637695312,842.2299194335938,842.2299194335938
1789859608.0380864,0,0,858.6797485351562,815.9102783203125,838.9400024414062,847.1648559570312
1789859608.0489538,0,0,855.3897705078125,812.6203002929688,840.5849609375,853.7448120117188
1789859608.059587,0,0,855.3897705078125,812.6203002929688,840.5849609375,853.7448120117188
1789859608.0706537,0,0,855.3897705078125,812.6203002929688,840.5849609375,853.7448120117188
1789859608.0817187,0,0,855.3897705078125,812.6203002929688,840.5849609375,853.7448120117188
1789859608.0922601,0,0,855.3897705078125,812.6203002929688,840.5849609375,853.7448120117188
1789859608.1033628,0,0,855.3897705078125,812.6203002929688,840.5849609375,853.7448120117188
1789859608.11431,0,0,855.3897705078125,812.6203002929688,840.5849609375,853.7448120117188
1789859608.1250365,0,0,855.3897705078125,812.6203002929688,840.5849609375,853.7448120117188
1789859608.1359446,0,0,850.454833984375,820.84521484375,837.2949829101562,825.7801513671875
1789859608.1471858,0,0,861.9697265625,814.2652587890625,840.5849609375,834.0050048828125
1789859608.1577053,1,0,861.9697265625,814.2652587890625,840.5849609375,834.0050048828125
1789859608.1685858,1,0,861.9697265625,814.2652587890625,840.5849609375,834.0050048828125
1789859608.1798596,1,0,861.9697265625,814.2652587890625,840.5849609375,834.0050048828125
1789859608.1907835,1,0,861.9697265625,814.2652587890625,840.5849609375,834.0050048828125
1789859608.2017863,1,0,861.9697265625,814.2652587890625,840.5849609375,834.0050048828125
1789859608.2123275,1,0,863.6146850585938,812.6203002929688,842.2299194335938,837.2949829101562
1789859608.222931,1,0,863.6146850585938,812.6203002929688,842.2299194335938,837.2949829101562
1789859608.2339225,1,0,863.6146850585938,812.6203002929688,842.2299194335938,837.2949829101562
1789859608.2445154,1,0,863.6146850585938,812.6203002929688,842.2299194335938,837.2949829101562
1789859608.2555928,1,0,858.6797485351562,819.2001953125,838.9400024414062,845.5198974609375
1789859608.2665577,1,0,850.454833984375,815.9102783203125,837.2949829101562,838.9400024414062
1789859608.277325,1,0,850.454833984375,815.9102783203125,837.2949829101562,838.9400024414062
1789859608.2882967,1,0,850.454833984375,815.9102783203125,837.2949829101562,838.9400024414062
1789859608.2992387,1,0,850.454833984375,817.5552368164062,838.9400024414062,838.9400024414062
1789859608.30996,1,0,850.454833984375,817.5552368164062,838.9400024414062,838.9400024414062
1789859608.320912,1,0,850.454833984375,817.5552368164062,838.9400024414062,838.9400024414062
1789859608.3315687,1,0,850.454833984375,817.5552368164062,838.9400024414062,838.9400024414062
1789859608.3422923,1,0,857.0347290039062,809.330322265625,842.2299194335938,842.2299194335938
1789859608.353007,1,0,857.0347290039062,809.330322265625,842.2299194335938,842.2299194335938
1789859608.3636346,1,0,857.0347290039062,809.330322265625,842.2299194335938,842.2299194335938
1789859608.3743527,1,0,857.0347290039062,809.330322265625,842.2299194335938,842.2299194335938
1789859608.385309,1,0,857.0347290039062,809.330322265625,842.2299194335938,842.2299194335938
1789859608.3959754,1,0,868.5496215820312,806.0403442382812,835.6500244140625,852.0997924804688
1789859608.4071846,1,0,857.0347290039062,810.9752807617188,834.0050048828125,840.5849609375
1789859608.418035,1,0,857.0347290039062,810.9752807617188,834.0050048828125,840.5849609375
1789859608.4286993,1,0,857.0347290039062,810.9752807617188,834.0050048828125,840.5849609375
1789859608.439381,1,0,860.32470703125,806.0403442382812,829.070068359375,853.7448120117188
1789859608.4501557,1,0,850.454833984375,806.0403442382812,829.070068359375,838.9400024414062
1789859608.4611008,1,0,842.2299194335938,806.0403442382812,830.715087890625,832.3600463867188
1789859608.472103,1,0,842.2299194335938,806.0403442382812,830.715087890625,832.3600463867188
1789859608.483061,1,0,842.2299194335938,806.0403442382812,830.715087890625,832.3600463867188
1789859608.4935284,1,0,843.8749389648438,807.6853637695312,830.715087890625,829.070068359375
1789859608.504602,1,0,843.8749389648438,807.6853637695312,830.715087890625,829.070068359375
1789859608.5152686,1,0,843.8749389648438,807.6853637695312,830.715087890625,829.070068359375
1789859608.5265133,1,0,843.8749389648438,807.6853637695312,830.715087890625,829.070068359375
1789859608.537177,1,0,843.8749389648438,807.6853637695312,830.715087890625,829.070068359375
1789859608.5482275,1,0,843.8749389648438,807.6853637695312,830.715087890625,829.070068359375
1789859608.5591905,1,0,860.32470703125,789.590576171875,834.0050048828125,848.8098754882812
1789859608.5702367,1,0,860.32470703125,789.590576171875,834.0050048828125,848.8098754882812
1789859608.5811667,1,0,860.32470703125,789.590576171875,834.0050048828125,848.8098754882812
1789859608.5919633,1,0,858.6797485351562,801.1054077148438,835.6500244140625,838.9400024414062
1789859608.6028516,1,0,848.8098754882812,789.590576171875,837.2949829101562,835.6500244140625
1789859608.613476,1,0,848.8098754882812,789.590576171875,837.2949829101562,835.6500244140625
1789859608.624017,1,0,848.8098754882812,789.590576171875,837.2949829101562,835.6500244140625
1789859608.6349304,1,0,848.8098754882812,789.590576171875,837.2949829101562,835.6500244140625
1789859608.6456735,1,0,852.0997924804688,804.3953857421875,835.6500244140625,842.2299194335938
1789859608.6572905,1,0,855.3897705078125,802.7504272460938,838.9400024414062,845.5198974609375
1789859608.6681185,1,0,855.3897705078125,802.7504272460938,838.9400024414062,845.5198974609375
1789859608.6793437,1,0,855.3897705078125,802.7504272460938,838.9400024414062,845.5198974609375
1789859608.6904202,1,0,840.5849609375,801.1054077148438,834.0050048828125,829.070068359375
1789859608.7014837,1,0,840.5849609375,801.1054077148438,834.0050048828125,829.070068359375
1789859608.7122185,1,0,840.5849609375,801.1054077148438,834.0050048828125,829.070068359375
1789859608.7232485,1,0,840.5849609375,801.1054077148438,834.0050048828125,829.070068359375
1789859608.7338204,1,0,840.5849609375,801.1054077148438,834.0050048828125,829.070068359375
1789859608.7451754,1,0,850.454833984375,815.9102783203125,832.3600463867188,832.3600463867188
1789859608.756118,1,0,850.454833984375,815.9102783203125,832.3600463867188,832.3600463867188
1789859608.7668188,1,0,850.454833984375,815.9102783203125,832.3600463867188,832.3600463867188
1789859608.7778127,1,0,832.3600463867188,829.070068359375,815.9102783203125,814.2652587890625
1789859608.7888324,1,0,835.6500244140625,855.3897705078125,802.7504272460938,807.6853637695312
1789859608.7999141,1,0,835.6500244140625,855.3897705078125,802.7504272460938,807.6853637695312
1789859608.8108685,1,0,835.6500244140625,855.3897705078125,802.7504272460938,807.6853637695312
1789859608.8218944,1,0,809.330322265625,855.3897705078125,812.6203002929688,787.945556640625
1789859608.833141,1,0,809.330322265625,855.3897705078125,812.6203002929688,787.945556640625
1789859608.8445382,1,0,809.330322265625,855.3897705078125,812.6203002929688,787.945556640625
1789859608.8552608,1,0,809.330322265625,855.3897705078125,812.6203002929688,787.945556640625
1789859608.8660834,1,0,809.330322265625,855.3897705078125,812.6203002929688,787.945556640625
1789859608.8769853,1,0,700.7615966796875,1366.9786376953125,763.2708740234375,676.0869140625
1789859608.8880587,1,0,787.945556640625,1646.6253662109375,815.9102783203125,728.726318359375
1789859608.8987691,1,0,787.945556640625,1646.6253662109375,815.9102783203125,728.726318359375
1789859608.9095845,1,0,787.945556640625,1646.6253662109375,815.9102783203125,728.726318359375
1789859608.9200892,1,0,787.945556640625,1646.6253662109375,815.9102783203125,728.726318359375
1789859608.9310255,1,0,787.945556640625,1646.6253662109375,815.9102783203125,728.726318359375
1789859608.9418397,1,0,745.1760864257812,1630.175537109375,786.3005981445312,718.8563842773438
1789859608.9527094,1,0,745.1760864257812,1630.175537109375,786.3005981445312,718.8563842773438
1789859608.9637477,1,0,745.1760864257812,1630.175537109375,786.3005981445312,718.8563842773438
1789859608.974735,1,0,715.5664672851562,1640.04541015625,743.5311279296875,684.3118286132812
1789859608.9858992,1,0,694.1817016601562,1653.2052001953125,720.5014038085938,671.1519775390625
1789859608.9970431,1,0,694.1817016601562,1653.2052001953125,720.5014038085938,671.1519775390625
1789859609.0078077,1,0,694.1817016601562,1653.2052001953125,720.5014038085938,671.1519775390625
1789859609.0184224,1,0,694.1817016601562,1653.2052001953125,720.5014038085938,671.1519775390625
1789859609.0290833,1,0,723.7913208007812,1653.2052001953125,761.6259155273438,700.7615966796875
1789859609.040141,1,0,723.7913208007812,1653.2052001953125,761.6259155273438,700.7615966796875
1789859609.051095,1,0,723.7913208007812,1653.2052001953125,761.6259155273438,700.7615966796875
1789859609.062165,1,0,723.7913208007812,1653.2052001953125,761.6259155273438,700.7615966796875
1789859609.0731804,1,0,822.4901733398438,1653.2052001953125,815.9102783203125,792.8805541992188
1789859609.0848987,1,0,822.4901733398438,1653.2052001953125,843.8749389648438,809.330322265625
1789859609.0958893,1,0,822.4901733398438,1653.2052001953125,843.8749389648438,822.4901733398438
1789859609.106717,1,0,822.4901733398438,1653.2052001953125,843.8749389648438,822.4901733398438
1789859609.1177769,1,0,848.8098754882812,1653.2052001953125,870.194580078125,822.4901733398438
1789859609.1289165,1,0,848.8098754882812,1653.2052001953125,870.194580078125,822.4901733398438
1789859609.14,1,0,848.8098754882812,1653.2052001953125,870.194580078125,822.4901733398438
1789859609.150848,1,0,848.8098754882812,1653.2052001953125,870.194580078125,822.4901733398438
1789859609.1618814,1,0,848.8098754882812,1653.2052001953125,870.194580078125,822.4901733398438
1789859609.1728644,1,0,845.5198974609375,1473.90234375,868.5496215820312,825.7801513671875
1789859609.1840062,1,0,860.32470703125,1163.0010986328125,888.2893676757812,858.6797485351562
1789859609.19536,1,0,860.32470703125,1163.0010986328125,888.2893676757812,858.6797485351562
1789859609.2059996,1,0,860.32470703125,1163.0010986328125,888.2893676757812,858.6797485351562
1789859609.2169373,1,0,860.32470703125,1163.0010986328125,888.2893676757812,858.6797485351562
1789859609.227698,1,0,860.32470703125,1163.0010986328125,888.2893676757812,858.6797485351562
1789859609.2390172,1,0,870.194580078125,1095.556884765625,886.6444091796875,871.839599609375
1789859609.2501447,1,0,878.4194946289062,967.2484130859375,893.2243041992188,865.2596435546875
1789859609.261093,1,0,878.4194946289062,967.2484130859375,893.2243041992188,865.2596435546875
1789859609.2716722,1,0,878.4194946289062,967.2484130859375,893.2243041992188,865.2596435546875
1789859609.2826452,1,0,871.839599609375,514.8788452148438,875.1295166015625,866.9046630859375
1789859609.2933989,1,0,868.5496215820312,490.2041320800781,878.4194946289062,852.0997924804688
1789859609.3041458,1,0,868.5496215820312,490.2041320800781,878.4194946289062,852.0997924804688
1789859609.3152125,1,0,868.5496215820312,490.2041320800781,878.4194946289062,852.0997924804688
1789859609.3258333,1,0,868.5496215820312,490.2041320800781,878.4194946289062,852.0997924804688
1789859609.3365464,1,0,868.5496215820312,490.2041320800781,878.4194946289062,852.0997924804688
1789859609.347816,1,0,812.6203002929688,231.94223022460938,845.5198974609375,819.2001953125
1789859609.3584983,1,0,812.6203002929688,231.94223022460938,845.5198974609375,819.2001953125
1789859609.3691506,1,0,812.6203002929688,231.94223022460938,845.5198974609375,819.2001953125
1789859609.3798323,1,0,820.84521484375,203.97756958007812,832.3600463867188,837.2949829101562
1789859609.390766,1,0,820.84521484375,203.97756958007812,832.3600463867188,837.2949829101562
1789859609.4015563,1,0,820.84521484375,203.97756958007812,832.3600463867188,837.2949829101562
1789859609.412679,1,0,820.84521484375,203.97756958007812,832.3600463867188,837.2949829101562
1789859609.4235108,1,0,820.84521484375,203.97756958007812,832.3600463867188,837.2949829101562
1789859609.434829,1,0,852.0997924804688,197.39764404296875,830.715087890625,842.2299194335938
1789859609.4461558,1,0,843.8749389648438,192.46270751953125,830.715087890625,838.9400024414062
1789859609.457237,1,0,843.8749389648438,192.46270751953125,830.715087890625,838.9400024414062
1789859609.468309,1,0,843.8749389648438,192.46270751953125,830.715087890625,838.9400024414062
1789859609.4793012,1,0,847.1648559570312,245.10206604003906,834.0050048828125,852.0997924804688
1789859609.4906523,1,0,852.0997924804688,264.8418273925781,842.2299194335938,845.5198974609375
1789859609.501777,1,0,852.0997924804688,264.8418273925781,842.2299194335938,845.5198974609375
1789859609.5128694,1,0,852.0997924804688,264.8418273925781,842.2299194335938,845.5198974609375
1789859609.5237002,1,0,852.0997924804688,264.8418273925781,842.2299194335938,845.5198974609375
1789859609.5351233,1,0,843.8749389648438,266.48681640625,837.2949829101562,825.7801513671875
1789859609.54619,1,0,843.8749389648438,266.48681640625,837.2949829101562,825.7801513671875
1789859609.5571237,1,0,843.8749389648438,266.48681640625,837.2949829101562,825.7801513671875
1789859609.5676892,1,0,843.8749389648438,266.48681640625,837.2949829101562,825.7801513671875
1789859609.578677,1,0,850.454833984375,394.7952880859375,842.2299194335938,850.454833984375
1789859609.5898707,1,0,876.7745361328125,371.76556396484375,837.2949829101562,866.9046630859375
1789859609.6005344,1,0,876.7745361328125,371.76556396484375,837.2949829101562,866.9046630859375
1789859609.6111019,1,0,876.7745361328125,371.76556396484375,837.2949829101562,866.9046630859375
1789859609.6218474,1,0,876.7745361328125,416.1800231933594,845.5198974609375,863.6146850585938
1789859609.6326075,1,0,876.7745361328125,416.1800231933594,845.5198974609375,863.6146850585938
1789859609.6436992,1,0,876.7745361328125,416.1800231933594,845.5198974609375,863.6146850585938
1789859609.6544223,1,0,876.7745361328125,416.1800231933594,845.5198974609375,863.6146850585938
1789859609.6656039,1,0,883.3544311523438,457.3045349121094,840.5849609375,861.9697265625
1789859609.676781,1,0,883.3544311523438,473.75433349609375,837.2949829101562,868.5496215820312
1789859609.6877487,1,0,883.3544311523438,473.75433349609375,837.2949829101562,868.5496215820312
1789859609.69851,1,0,883.3544311523438,473.75433349609375,837.2949829101562,868.5496215820312
1789859609.7099164,1,0,878.4194946289062,546.1334838867188,842.2299194335938,871.839599609375
1789859609.7206838,1,0,873.4845581054688,579.0330810546875,845.5198974609375,853.7448120117188
1789859609.7313402,1,0,873.4845581054688,579.0330810546875,845.5198974609375,853.7448120117188
1789859609.7425013,1,0,873.4845581054688,579.0330810546875,845.5198974609375,853.7448120117188
1789859609.7536461,1,0,873.4845581054688,579.0330810546875,845.5198974609375,853.7448120117188
1789859609.7645953,1,0,873.4845581054688,579.0330810546875,845.5198974609375,853.7448120117188
1789859609.775306,1,0,876.7745361328125,598.7728271484375,840.5849609375,848.8098754882812
1789859609.7861834,1,0,876.7745361328125,598.7728271484375,840.5849609375,848.8098754882812
1789859609.796684,1,0,876.7745361328125,598.7728271484375,840.5849609375,848.8098754882812
1789859609.8075004,1,0,865.2596435546875,634.96240234375,845.5198974609375,855.3897705078125
1789859609.8184576,1,0,858.6797485351562,651.4122314453125,842.2299194335938,843.8749389648438
1789859609.8290806,1,0,858.6797485351562,651.4122314453125,842.2299194335938,843.8749389648438
1789859609.8397958,1,0,858.6797485351562,651.4122314453125,842.2299194335938,843.8749389648438
1789859609.85067,1,0,858.6797485351562,651.4122314453125,842.2299194335938,843.8749389648438
1789859609.861797,1,0,858.6797485351562,651.4122314453125,842.2299194335938,843.8749389648438
1789859609.87286,1,0,858.6797485351562,651.4122314453125,842.2299194335938,843.8749389648438
1789859609.8835163,1,0,858.6797485351562,651.4122314453125,842.2299194335938,843.8749389648438
1789859609.894454,1,0,858.6797485351562,651.4122314453125,842.2299194335938,843.8749389648438
1789859609.9056573,1,0,858.6797485351562,715.5664672851562,843.8749389648438,840.5849609375
1789859609.9166584,1,0,858.6797485351562,715.5664672851562,843.8749389648438,840.5849609375
1789859609.927599,1,0,858.6797485351562,715.5664672851562,843.8749389648438,840.5849609375
1789859609.938701,1,0,858.6797485351562,715.5664672851562,843.8749389648438,840.5849609375
1789859609.949935,1,0,858.6797485351562,715.5664672851562,843.8749389648438,840.5849609375
1789859609.9607508,1,0,855.3897705078125,750.1110229492188,845.5198974609375,840.5849609375
1789859609.9717114,1,0,855.3897705078125,750.1110229492188,845.5198974609375,840.5849609375
1789859609.9822884,1,0,855.3897705078125,750.1110229492188,845.5198974609375,840.5849609375
1789859609.9935288,1,0,868.5496215820312,758.3359375,840.5849609375,832.3600463867188
1789859610.0043626,1,0,861.9697265625,756.6909790039062,838.9400024414062,834.0050048828125
1789859610.0154674,1,0,861.9697265625,756.6909790039062,838.9400024414062,834.0050048828125
1789859610.0267026,1,0,861.9697265625,756.6909790039062,838.9400024414062,834.0050048828125
1789859610.0377905,1,0,861.9697265625,756.6909790039062,838.9400024414062,834.0050048828125
1789859610.0489004,1,0,861.9697265625,756.6909790039062,838.9400024414062,834.0050048828125
1789859610.0600832,0,0,857.0347290039062,756.6909790039062,840.5849609375,835.6500244140625
1789859610.071185,0,0,855.3897705078125,771.4957885742188,840.5849609375,843.8749389648438
1789859610.0822291,0,0,855.3897705078125,771.4957885742188,840.5849609375,843.8749389648438
1789859610.0930965,0,0,857.0347290039062,768.205810546875,842.2299194335938,853.7448120117188
1789859610.1047306,0,0,863.6146850585938,766.5608520507812,840.5849609375,843.8749389648438
1789859610.1159515,0,0,863.6146850585938,766.5608520507812,840.5849609375,843.8749389648438
1789859610.1268725,0,0,863.6146850585938,766.5608520507812,840.5849609375,843.8749389648438
1789859610.1375067,0,0,863.6146850585938,766.5608520507812,840.5849609375,843.8749389648438
1789859610.1487014,0,0,863.6146850585938,766.5608520507812,840.5849609375,843.8749389648438
1789859610.1598635,0,0,863.6146850585938,766.5608520507812,840.5849609375,843.8749389648438
1789859610.171246,0,0,863.6146850585938,766.5608520507812,840.5849609375,843.8749389648438
1789859610.1820917,0,0,863.6146850585938,776.4307250976562,820.84521484375,845.5198974609375
1789859610.1926055,0,0,863.6146850585938,776.4307250976562,820.84521484375,845.5198974609375
1789859610.203314,0,0,863.6146850585938,761.6259155273438,832.3600463867188,837.2949829101562
1789859610.2145085,0,0,863.6146850585938,761.6259155273438,832.3600463867188,837.2949829101562
1789859610.2257469,0,0,863.6146850585938,761.6259155273438,832.3600463867188,837.2949829101562
1789859610.236324,0,0,863.6146850585938,761.6259155273438,832.3600463867188,837.2949829101562
1789859610.2476137,0,0,863.6146850585938,761.6259155273438,832.3600463867188,837.2949829101562
1789859610.2585058,0,0,855.3897705078125,756.6909790039062,837.2949829101562,850.454833984375
1789859610.2697098,0,0,865.2596435546875,768.205810546875,834.0050048828125,845.5198974609375
1789859610.280584,0,0,865.2596435546875,768.205810546875,834.0050048828125,845.5198974609375
1789859610.291583,0,0,865.2596435546875,768.205810546875,834.0050048828125,845.5198974609375
1789859610.3026052,0,0,857.0347290039062,774.7857666015625,840.5849609375,830.715087890625
1789859610.3134918,0,0,871.839599609375,768.205810546875,834.0050048828125,843.8749389648438
1789859610.3242276,0,0,871.839599609375,768.205810546875,834.0050048828125,843.8749389648438
1789859610.335088,0,0,871.839599609375,768.205810546875,834.0050048828125,843.8749389648438
1789859610.3462512,0,0,871.839599609375,768.205810546875,834.0050048828125,843.8749389648438
1789859610.3570664,0,0,871.839599609375,768.205810546875,834.0050048828125,843.8749389648438
1789859610.3679042,0,0,850.454833984375,779.720703125,843.8749389648438,834.0050048828125
1789859610.3789396,0,0,863.6146850585938,797.8154907226562,838.9400024414062,838.9400024414062
1789859610.3898866,0,0,863.6146850585938,797.8154907226562,838.9400024414062,838.9400024414062
1789859610.4004352,0,0,860.32470703125,815.9102783203125,840.5849609375,838.9400024414062
1789859610.411091,0,0,848.8098754882812,791.2355346679688,825.7801513671875,837.2949829101562
1789859610.4222977,0,0,848.8098754882812,791.2355346679688,825.7801513671875,837.2949829101562
1789859610.433272,0,0,848.8098754882812,791.2355346679688,825.7801513671875,837.2949829101562
1789859610.4438322,0,0,848.8098754882812,791.2355346679688,825.7801513671875,837.2949829101562
1789859610.454778,0,0,848.8098754882812,791.2355346679688,825.7801513671875,837.2949829101562
1789859610.4657545,0,0,848.8098754882812,791.2355346679688,825.7801513671875,837.2949829101562
1789859610.4769688,0,0,853.7448120117188,789.590576171875,825.7801513671875,835.6500244140625
1789859610.4876647,0,0,853.7448120117188,789.590576171875,825.7801513671875,835.6500244140625
1789859610.4983046,0,0,853.7448120117188,789.590576171875,825.7801513671875,835.6500244140625
1789859610.5089142,0,0,848.8098754882812,761.6259155273438,834.0050048828125,845.5198974609375
1789859610.51998,0,0,848.8098754882812,761.6259155273438,834.0050048828125,845.5198974609375
1789859610.5306296,0,0,848.8098754882812,761.6259155273438,834.0050048828125,845.5198974609375
1789859610.5416458,0,0,848.8098754882812,761.6259155273438,834.0050048828125,845.5198974609375
1789859610.5525334,0,0,848.8098754882812,761.6259155273438,834.0050048828125,845.5198974609375
1789859610.5636394,0,0,852.0997924804688,768.205810546875,832.3600463867188,835.6500244140625
1789859610.5746934,0,0,857.0347290039062,779.720703125,832.3600463867188,840.5849609375
1789859610.5854003,0,0,857.0347290039062,779.720703125,832.3600463867188,840.5849609375
1789859610.5960732,0,0,857.0347290039062,779.720703125,832.3600463867188,840.5849609375
1789859610.6067815,0,0,861.9697265625,779.720703125,835.6500244140625,843.8749389648438
1789859610.6178288,0,0,860.32470703125,796.1704711914062,834.0050048828125,843.8749389648438
1789859610.628456,0,0,860.32470703125,796.1704711914062,834.0050048828125,843.8749389648438
1789859610.6393647,0,0,860.32470703125,796.1704711914062,834.0050048828125,843.8749389648438
1789859610.6499963,0,0,860.32470703125,796.1704711914062,834.0050048828125,843.8749389648438
1789859610.6612937,0,0,860.32470703125,796.1704711914062,834.0050048828125,843.8749389648438
1789859610.672225,0,0,860.32470703125,815.9102783203125,837.2949829101562,838.9400024414062
1789859610.682863,0,0,860.32470703125,815.9102783203125,837.2949829101562,838.9400024414062
1789859610.6938655,0,0,860.32470703125,797.8154907226562,840.5849609375,838.9400024414062
1789859610.704718,0,0,861.9697265625,792.8805541992188,845.5198974609375,857.0347290039062
1789859610.715745,0,0,861.9697265625,792.8805541992188,845.5198974609375,857.0347290039062
1789859610.7265806,0,0,861.9697265625,792.8805541992188,845.5198974609375,857.0347290039062
1789859610.737504,0,0,861.9697265625,792.8805541992188,845.5198974609375,857.0347290039062
1789859610.748436,0,0,861.9697265625,792.8805541992188,845.5198974609375,857.0347290039062
1789859610.759152,0,0,861.9697265625,792.8805541992188,845.5198974609375,857.0347290039062
1789859610.770095,0,0,861.9697265625,792.8805541992188,845.5198974609375,857.0347290039062
1789859610.78105,0,0,861.9697265625,792.8805541992188,845.5198974609375,857.0347290039062
1789859610.791759,0,0,873.4845581054688,802.7504272460938,840.5849609375,858.6797485351562
1789859610.8028896,0,0,866.9046630859375,791.2355346679688,840.5849609375,852.0997924804688
1789859610.813867,0,0,866.9046630859375,791.2355346679688,840.5849609375,852.0997924804688
1789859610.8247964,0,0,866.9046630859375,791.2355346679688,840.5849609375,852.0997924804688
1789859610.8354144,0,0,866.9046630859375,791.2355346679688,840.5849609375,852.0997924804688
1789859610.846207,0,0,866.9046630859375,791.2355346679688,840.5849609375,852.0997924804688
1789859610.857151,0,0,866.9046630859375,791.2355346679688,840.5849609375,852.0997924804688
1789859610.8679767,0,0,866.9046630859375,791.2355346679688,840.5849609375,852.0997924804688
1789859610.8786106,0,0,866.9046630859375,791.2355346679688,840.5849609375,852.0997924804688
1789859610.8896146,0,0,861.9697265625,799.46044921875,840.5849609375,840.5849609375
1789859610.9009287,0,0,860.32470703125,797.8154907226562,838.9400024414062,850.454833984375
1789859610.9119341,0,0,860.32470703125,797.8154907226562,838.9400024414062,850.454833984375
1789859610.9227793,0,0,860.32470703125,797.8154907226562,838.9400024414062,850.454833984375
1789859610.9332795,0,0,860.32470703125,801.1054077148438,842.2299194335938,834.0050048828125
1789859610.9447849,0,0,873.4845581054688,799.46044921875,843.8749389648438,858.6797485351562
1789859610.9561682,0,0,873.4845581054688,799.46044921875,843.8749389648438,858.6797485351562
1789859610.9673529,0,0,873.4845581054688,799.46044921875,843.8749389648438,858.6797485351562
1789859610.9780104,0,0,873.4845581054688,799.46044921875,843.8749389648438,858.6797485351562
1789859610.9892435,0,0,873.4845581054688,799.46044921875,843.8749389648438,858.6797485351562
1789859611.0001554,0,0,873.4845581054688,806.0403442382812,840.5849609375,855.3897705078125
1789859611.0108967,0,0,873.4845581054688,806.0403442382812,840.5849609375,855.3897705078125
1789859611.0220098,0,0,873.4845581054688,806.0403442382812,840.5849609375,855.3897705078125
1789859611.032705,0,0,873.4845581054688,807.6853637695312,840.5849609375,857.0347290039062
1789859611.043599,0,0,868.5496215820312,814.2652587890625,842.2299194335938,843.8749389648438
1789859611.0546758,0,0,868.5496215820312,814.2652587890625,842.2299194335938,843.8749389648438
1789859611.065538,0,0,868.5496215820312,814.2652587890625,842.2299194335938,843.8749389648438
1789859611.0761373,0,0,868.5496215820312,814.2652587890625,842.2299194335938,843.8749389648438
1789859611.0867622,0,0,868.5496215820312,814.2652587890625,842.2299194335938,843.8749389648438
1789859611.0979078,0,0,871.839599609375,809.330322265625,842.2299194335938,853.7448120117188
1789859611.1090689,0,0,871.839599609375,809.330322265625,842.2299194335938,853.7448120117188
1789859611.119964,0,0,871.839599609375,809.330322265625,842.2299194335938,853.7448120117188
1789859611.1308022,0,0,871.839599609375,809.330322265625,842.2299194335938,853.7448120117188
1789859611.141686,0,0,861.9697265625,806.0403442382812,843.8749389648438,842.2299194335938
1789859611.1528044,0,0,861.9697265625,806.0403442382812,843.8749389648438,842.2299194335938
1789859611.1634638,0,0,861.9697265625,806.0403442382812,843.8749389648438,842.2299194335938
1789859611.1744082,0,0,866.9046630859375,807.6853637695312,842.2299194335938,845.5198974609375
1789859611.1852887,0,0,866.9046630859375,801.1054077148438,845.5198974609375,847.1648559570312
1789859611.1961346,0,0,866.9046630859375,801.1054077148438,845.5198974609375,847.1648559570312
1789859611.2071993,0,0,866.9046630859375,801.1054077148438,845.5198974609375,847.1648559570312
1789859611.2178235,0,0,866.9046630859375,801.1054077148438,845.5198974609375,847.1648559570312
1789859611.2285173,0,0,868.5496215820312,806.0403442382812,842.2299194335938,853.7448120117188
1789859611.2396424,0,0,860.32470703125,819.2001953125,840.5849609375,842.2299194335938
1789859611.250679,0,0,860.32470703125,819.2001953125,840.5849609375,842.2299194335938
1789859611.261638,0,0,860.32470703125,819.2001953125,840.5849609375,842.2299194335938
1789859611.2724595,0,0,852.0997924804688,824.1351318359375,837.2949829101562,835.6500244140625
1789859611.2833695,0,0,853.7448120117188,812.6203002929688,834.0050048828125,847.1648559570312
1789859611.2939503,0,0,853.7448120117188,812.6203002929688,834.0050048828125,847.1648559570312
1789859611.305221,0,0,853.7448120117188,812.6203002929688,834.0050048828125,847.1648559570312
1789859611.3157532,0,0,853.7448120117188,812.6203002929688,834.0050048828125,847.1648559570312
1789859611.32632,0,0,853.7448120117188,812.6203002929688,834.0050048828125,847.1648559570312
1789859611.337365,0,0,857.0347290039062,814.2652587890625,842.2299194335938,838.9400024414062
1789859611.3482301,0,0,850.454833984375,806.0403442382812,843.8749389648438,843.8749389648438
1789859611.3590982,0,0,850.454833984375,806.0403442382812,843.8749389648438,843.8749389648438
1789859611.3699102,0,0,847.1648559570312,806.0403442382812,842.2299194335938,852.0997924804688
1789859611.3805587,0,0,866.9046630859375,809.330322265625,845.5198974609375,845.5198974609375
1789859611.3917074,0,0,866.9046630859375,809.330322265625,845.5198974609375,845.5198974609375
1789859611.4024937,0,0,866.9046630859375,809.330322265625,845.5198974609375,845.5198974609375
1789859611.4131398,0,0,866.9046630859375,809.330322265625,845.5198974609375,845.5198974609375
1789859611.4239771,0,0,866.9046630859375,809.330322265625,845.5198974609375,845.5198974609375
1789859611.434824,0,0,778.07568359375,820.84521484375,894.8693237304688,771.4957885742188
1789859611.4457476,0,0,730.3712768554688,817.5552368164062,917.8990478515625,750.1110229492188
1789859611.4569917,0,0,730.3712768554688,817.5552368164062,917.8990478515625,750.1110229492188
1789859611.4683673,0,0,730.3712768554688,817.5552368164062,917.8990478515625,750.1110229492188
1789859611.4793136,0,0,699.1166381835938,801.1054077148438,980.4082641601562,736.951171875
1789859611.4904962,0,0,704.0515747070312,789.590576171875,973.828369140625,738.59619140625
1789859611.5013075,0,0,704.0515747070312,789.590576171875,973.828369140625,738.59619140625
1789859611.512209,0,0,704.0515747070312,789.590576171875,973.828369140625,738.59619140625
1789859611.5234432,0,0,704.0515747070312,789.590576171875,973.828369140625,738.59619140625
1789859611.5343118,0,0,712.2764892578125,784.6556396484375,968.8934326171875,740.2411499023438
1789859611.5451405,0,0,806.0403442382812,787.945556640625,929.4138793945312,865.2596435546875
1789859611.5559597,0,0,806.0403442382812,787.945556640625,929.4138793945312,865.2596435546875
1789859611.5670996,0,0,843.8749389648438,797.8154907226562,893.2243041992188,863.6146850585938
1789859611.5781717,0,0,861.9697265625,806.0403442382812,866.9046630859375,876.7745361328125
1789859611.5896132,0,0,861.9697265625,806.0403442382812,866.9046630859375,876.7745361328125
1789859611.6004016,0,0,861.9697265625,806.0403442382812,866.9046630859375,876.7745361328125
1789859611.6115313,0,0,861.9697265625,806.0403442382812,866.9046630859375,876.7745361328125
1789859611.6227224,0,0,857.0347290039062,802.7504272460938,858.6797485351562,871.839599609375
1789859611.6338565,0,0,870.194580078125,819.2001953125,838.9400024414062,871.839599609375
1789859611.6450953,0,0,870.194580078125,819.2001953125,838.9400024414062,871.839599609375
1789859611.6562982,0,0,870.194580078125,819.2001953125,838.9400024414062,871.839599609375
1789859611.6677139,0,0,889.9343872070312,789.590576171875,820.84521484375,858.6797485351562
1789859611.6790557,0,0,893.2243041992188,796.1704711914062,819.2001953125,868.5496215820312
1789859611.690608,0,0,884.9994506835938,791.2355346679688,817.5552368164062,875.1295166015625
1789859611.701734,0,0,884.9994506835938,786.3005981445312,809.330322265625,853.7448120117188
1789859611.7128525,0,0,881.70947265625,781.3656616210938,817.5552368164062,870.194580078125
1789859611.7237294,0,0,881.70947265625,781.3656616210938,817.5552368164062,870.194580078125
1789859611.7343585,0,0,881.70947265625,781.3656616210938,817.5552368164062,870.194580078125
1789859611.7452312,0,0,866.9046630859375,781.3656616210938,822.4901733398438,871.839599609375
1789859611.7564008,0,0,866.9046630859375,781.3656616210938,822.4901733398438,871.839599609375
1789859611.7673984,0,0,866.9046630859375,781.3656616210938,822.4901733398438,871.839599609375
1789859611.7782607,0,0,866.9046630859375,781.3656616210938,822.4901733398438,871.839599609375
1789859611.789313,0,0,866.9046630859375,781.3656616210938,822.4901733398438,871.839599609375
1789859611.800689,0,0,871.839599609375,792.8805541992188,827.4251098632812,852.0997924804688
1789859611.811739,0,0,873.4845581054688,815.9102783203125,829.070068359375,858.6797485351562
1789859611.8226504,0,0,873.4845581054688,815.9102783203125,829.070068359375,858.6797485351562
1789859611.8333876,0,0,873.4845581054688,815.9102783203125,829.070068359375,858.6797485351562
1789859611.8443003,0,0,861.9697265625,806.0403442382812,829.070068359375,860.32470703125
1789859611.8555894,0,0,861.9697265625,806.0403442382812,829.070068359375,860.32470703125
1789859611.8664856,0,0,861.9697265625,806.0403442382812,829.070068359375,860.32470703125
1789859611.8777006,0,0,861.9697265625,806.0403442382812,829.070068359375,860.32470703125
1789859611.8885517,0,0,861.9697265625,806.0403442382812,829.070068359375,860.32470703125
1789859611.899342,0,0,857.0347290039062,807.6853637695312,838.9400024414062,843.8749389648438
1789859611.9105053,0,0,899.8042602539062,786.3005981445312,853.7448120117188,894.8693237304688
1789859611.9218066,0,0,899.8042602539062,786.3005981445312,853.7448120117188,894.8693237304688
1789859611.9327447,0,0,899.8042602539062,786.3005981445312,853.7448120117188,894.8693237304688
1789859611.9435663,0,0,881.70947265625,792.8805541992188,852.0997924804688,901.44921875
1789859611.955127,0,0,881.70947265625,792.8805541992188,852.0997924804688,901.44921875
1789859611.9657211,0,0,881.70947265625,792.8805541992188,852.0997924804688,901.44921875
1789859611.9766445,1,0,881.70947265625,792.8805541992188,852.0997924804688,901.44921875
1789859611.9873605,1,0,881.70947265625,792.8805541992188,852.0997924804688,901.44921875
1789859611.998252,1,0,884.9994506835938,796.1704711914062,850.454833984375,868.5496215820312
1789859612.0090656,1,0,884.9994506835938,796.1704711914062,850.454833984375,868.5496215820312
1789859612.019659,1,0,884.9994506835938,796.1704711914062,850.454833984375,868.5496215820312
1789859612.0306864,1,0,884.9994506835938,804.3953857421875,847.1648559570312,861.9697265625
1789859612.0416126,1,0,855.3897705078125,799.46044921875,842.2299194335938,860.32470703125
1789859612.0522938,1,0,855.3897705078125,799.46044921875,842.2299194335938,860.32470703125
1789859612.063112,1,0,855.3897705078125,799.46044921875,842.2299194335938,860.32470703125
1789859612.073906,1,0,855.3897705078125,799.46044921875,842.2299194335938,860.32470703125
1789859612.0853124,1,0,870.194580078125,801.1054077148438,845.5198974609375,865.2596435546875
1789859612.0962243,1,0,870.194580078125,801.1054077148438,845.5198974609375,865.2596435546875
1789859612.1069906,1,0,870.194580078125,801.1054077148438,845.5198974609375,865.2596435546875
1789859612.1176627,1,0,870.194580078125,801.1054077148438,845.5198974609375,865.2596435546875
1789859612.128704,1,0,763.2708740234375,825.7801513671875,819.2001953125,732.0162353515625
1789859612.1400611,1,0,771.4957885742188,819.2001953125,815.9102783203125,766.5608520507812
1789859612.1513064,1,0,771.4957885742188,819.2001953125,815.9102783203125,766.5608520507812
1789859612.16199,1,0,771.4957885742188,819.2001953125,815.9102783203125,766.5608520507812
1789859612.1730182,1,0,771.4957885742188,819.2001953125,815.9102783203125,766.5608520507812
1789859612.183727,1,0,771.4957885742188,819.2001953125,815.9102783203125,766.5608520507812
1789859612.194293,1,0,771.4957885742188,819.2001953125,815.9102783203125,766.5608520507812
1789859612.2047915,1,0,792.8805541992188,820.84521484375,809.330322265625,761.6259155273438
1789859612.2156937,1,0,835.6500244140625,824.1351318359375,817.5552368164062,809.330322265625
1789859612.2263224,1,0,853.7448120117188,822.4901733398438,817.5552368164062,812.6203002929688
1789859612.2373347,1,0,853.7448120117188,822.4901733398438,817.5552368164062,812.6203002929688
1789859612.2484183,1,0,861.9697265625,824.1351318359375,807.6853637695312,842.2299194335938
1789859612.2591467,1,0,871.839599609375,807.6853637695312,819.2001953125,852.0997924804688
1789859612.27024,1,0,871.839599609375,807.6853637695312,819.2001953125,852.0997924804688
1789859612.280875,1,0,871.839599609375,807.6853637695312,819.2001953125,852.0997924804688
1789859612.2918868,1,0,871.839599609375,807.6853637695312,819.2001953125,852.0997924804688
1789859612.3029125,1,0,871.839599609375,807.6853637695312,819.2001953125,852.0997924804688
1789859612.3140924,1,0,875.1295166015625,810.9752807617188,825.7801513671875,843.8749389648438
1789859612.3254051,1,0,871.839599609375,809.330322265625,827.4251098632812,863.6146850585938
1789859612.3364625,1,0,871.839599609375,809.330322265625,827.4251098632812,863.6146850585938
1789859612.347853,1,0,861.9697265625,804.3953857421875,827.4251098632812,855.3897705078125
1789859612.3585865,1,0,858.6797485351562,804.3953857421875,832.3600463867188,863.6146850585938
1789859612.3694851,1,0,858.6797485351562,804.3953857421875,832.3600463867188,863.6146850585938
1789859612.3805432,1,0,858.6797485351562,804.3953857421875,832.3600463867188,863.6146850585938
1789859612.391545,1,0,858.6797485351562,804.3953857421875,832.3600463867188,863.6146850585938
1789859612.4022717,1,0,858.6797485351562,804.3953857421875,832.3600463867188,863.6146850585938
1789859612.413171,1,0,875.1295166015625,819.2001953125,832.3600463867188,830.715087890625
1789859612.423899,1,0,875.1295166015625,819.2001953125,832.3600463867188,830.715087890625
1789859612.4349024,1,0,875.1295166015625,819.2001953125,832.3600463867188,830.715087890625
1789859612.4459047,1,0,875.1295166015625,819.2001953125,832.3600463867188,830.715087890625
1789859612.4568133,1,0,858.6797485351562,812.6203002929688,819.2001953125,830.715087890625
1789859612.4676113,1,0,847.1648559570312,812.6203002929688,817.5552368164062,837.2949829101562
1789859612.4782953,1,0,847.1648559570312,812.6203002929688,817.5552368164062,837.2949829101562
1789859612.488834,1,0,847.1648559570312,812.6203002929688,817.5552368164062,837.2949829101562
1789859612.4997458,1,0,847.1648559570312,812.6203002929688,817.5552368164062,837.2949829101562
1789859612.511006,1,0,852.0997924804688,810.9752807617188,827.4251098632812,825.7801513671875
1789859612.5215366,1,0,843.8749389648438,806.0403442382812,827.4251098632812,837.2949829101562
1789859612.5322158,1,0,843.8749389648438,806.0403442382812,827.4251098632812,837.2949829101562
1789859612.5432432,1,0,843.8749389648438,806.0403442382812,827.4251098632812,837.2949829101562
1789859612.5542204,1,0,847.1648559570312,797.8154907226562,825.7801513671875,842.2299194335938
1789859612.5654764,1,0,850.454833984375,801.1054077148438,834.0050048828125,837.2949829101562
1789859612.5762718,1,0,850.454833984375,801.1054077148438,834.0050048828125,837.2949829101562
1789859612.5868785,1,0,850.454833984375,801.1054077148438,834.0050048828125,837.2949829101562
1789859612.5974634,1,0,850.454833984375,801.1054077148438,834.0050048828125,837.2949829101562
1789859612.6085143,1,0,865.2596435546875,804.3953857421875,838.9400024414062,825.7801513671875
1789859612.6193564,1,0,853.7448120117188,802.7504272460938,834.0050048828125,829.070068359375
1789859612.6304035,1,0,853.7448120117188,802.7504272460938,834.0050048828125,829.070068359375
1789859612.6415114,1,0,853.7448120117188,802.7504272460938,834.0050048828125,829.070068359375
1789859612.652587,1,0,834.0050048828125,819.2001953125,812.6203002929688,829.070068359375
1789859612.6639657,1,0,736.951171875,838.9400024414062,778.07568359375,764.9158325195312
1789859612.6750636,1,0,789.590576171875,835.6500244140625,807.6853637695312,810.9752807617188
1789859612.685844,1,0,789.590576171875,835.6500244140625,807.6853637695312,810.9752807617188
1789859612.6968668,1,0,789.590576171875,835.6500244140625,807.6853637695312,810.9752807617188
1789859612.707533,1,0,789.590576171875,835.6500244140625,807.6853637695312,810.9752807617188
1789859612.718069,1,0,750.1110229492188,878.4194946289062,755.0459594726562,738.59619140625
1789859612.7293804,1,0,750.1110229492188,878.4194946289062,755.0459594726562,738.59619140625
1789859612.7402604,1,0,750.1110229492188,878.4194946289062,755.0459594726562,738.59619140625
1789859612.751001,1,0,750.1110229492188,878.4194946289062,755.0459594726562,738.59619140625
1789859612.761914,1,0,783.0106201171875,1047.8525390625,819.2001953125,755.0459594726562
1789859612.773143,1,0,789.590576171875,1580.8260498046875,838.9400024414062,755.0459594726562
1789859612.7840123,1,0,789.590576171875,1580.8260498046875,838.9400024414062,755.0459594726562
1789859612.795232,1,0,789.590576171875,1580.8260498046875,838.9400024414062,755.0459594726562
1789859612.806114,1,0,789.590576171875,1580.8260498046875,838.9400024414062,755.0459594726562
1789859612.8168898,1,0,789.590576171875,1580.8260498046875,838.9400024414062,755.0459594726562
1789859612.827858,1,0,789.590576171875,1580.8260498046875,838.9400024414062,755.0459594726562
1789859612.8387835,1,0,690.8917236328125,1547.926513671875,741.8861083984375,649.7672119140625
1789859612.8496602,1,0,690.8917236328125,1547.926513671875,741.8861083984375,649.7672119140625
1789859612.8606482,1,0,768.205810546875,1523.2518310546875,778.07568359375,768.205810546875
1789859612.8716934,1,0,852.0997924804688,1399.8782958984375,827.4251098632812,853.7448120117188
1789859612.882756,1,0,792.8805541992188,1409.7481689453125,799.46044921875,802.7504272460938
1789859612.8937674,1,0,792.8805541992188,1409.7481689453125,799.46044921875,802.7504272460938
1789859612.9045863,1,0,822.4901733398438,1363.688720703125,824.1351318359375,829.070068359375
1789859612.9153056,1,0,835.6500244140625,1357.1087646484375,842.2299194335938,853.7448120117188
1789859612.925965,1,0,835.6500244140625,1357.1087646484375,842.2299194335938,853.7448120117188
1789859612.936946,1,0,835.6500244140625,1357.1087646484375,842.2299194335938,853.7448120117188
1789859612.947762,1,0,835.6500244140625,1357.1087646484375,842.2299194335938,853.7448120117188
1789859612.9588337,1,0,835.6500244140625,1357.1087646484375,842.2299194335938,853.7448120117188
1789859612.9697528,1,0,827.4251098632812,1314.3392333984375,825.7801513671875,820.84521484375
1789859612.9806976,1,0,912.964111328125,1204.1256103515625,878.4194946289062,909.6741333007812
1789859612.991359,1,0,912.964111328125,1204.1256103515625,878.4194946289062,909.6741333007812
1789859613.0023596,1,0,912.964111328125,1204.1256103515625,878.4194946289062,909.6741333007812
1789859613.0129495,1,0,912.964111328125,1204.1256103515625,878.4194946289062,909.6741333007812
1789859613.023986,1,0,912.964111328125,1204.1256103515625,878.4194946289062,909.6741333007812
1789859613.034853,1,0,912.964111328125,1204.1256103515625,878.4194946289062,909.6741333007812
1789859613.0454733,1,0,912.964111328125,1204.1256103515625,878.4194946289062,909.6741333007812
1789859613.0564415,1,0,912.964111328125,1204.1256103515625,878.4194946289062,909.6741333007812
1789859613.0673301,1,0,834.0050048828125,1135.036376953125,822.4901733398438,832.3600463867188
1789859613.0785542,1,0,894.8693237304688,1014.952880859375,868.5496215820312,881.70947265625
1789859613.0891745,1,0,894.8693237304688,1014.952880859375,868.5496215820312,881.70947265625
1789859613.1000407,1,0,894.8693237304688,1014.952880859375,868.5496215820312,881.70947265625
1789859613.111089,1,0,873.4845581054688,1014.952880859375,850.454833984375,861.9697265625
1789859613.1221435,1,0,873.4845581054688,1014.952880859375,850.454833984375,861.9697265625
1789859613.1332603,1,0,873.4845581054688,1014.952880859375,850.454833984375,861.9697265625
1789859613.143877,1,0,873.4845581054688,1014.952880859375,850.454833984375,861.9697265625
1789859613.154948,1,0,873.4845581054688,1014.952880859375,850.454833984375,861.9697265625
1789859613.1657698,1,0,873.4845581054688,1014.952880859375,850.454833984375,861.9697265625
1789859613.1766255,1,0,876.7745361328125,664.5720825195312,832.3600463867188,858.6797485351562
1789859613.1877115,1,0,876.7745361328125,664.5720825195312,832.3600463867188,858.6797485351562
1789859613.1982348,1,0,876.7745361328125,664.5720825195312,832.3600463867188,858.6797485351562
1789859613.2089157,1,0,876.7745361328125,664.5720825195312,832.3600463867188,858.6797485351562
1789859613.219948,1,0,876.7745361328125,664.5720825195312,832.3600463867188,858.6797485351562
1789859613.2309747,1,0,847.1648559570312,557.6483154296875,850.454833984375,865.2596435546875
1789859613.2421079,1,0,847.1648559570312,557.6483154296875,850.454833984375,865.2596435546875
1789859613.2531018,1,0,847.1648559570312,557.6483154296875,850.454833984375,865.2596435546875
1789859613.2637591,1,0,847.1648559570312,557.6483154296875,850.454833984375,865.2596435546875
1789859613.274501,1,0,847.1648559570312,557.6483154296875,850.454833984375,865.2596435546875
1789859613.2855394,1,0,837.2949829101562,414.5350341796875,861.9697265625,863.6146850585938
1789859613.2965307,1,0,880.064453125,350.38079833984375,876.7745361328125,891.579345703125
1789859613.3076463,1,0,880.064453125,350.38079833984375,876.7745361328125,891.579345703125
1789859613.3185267,1,0,880.064453125,350.38079833984375,876.7745361328125,891.579345703125
1789859613.329651,1,0,880.064453125,350.38079833984375,876.7745361328125,891.579345703125
1789859613.3406842,1,0,884.9994506835938,355.3157653808594,878.4194946289062,880.064453125
1789859613.351675,1,0,884.9994506835938,355.3157653808594,878.4194946289062,880.064453125
1789859613.3625507,1,0,884.9994506835938,355.3157653808594,878.4194946289062,880.064453125
1789859613.3740985,1,0,880.064453125,370.1205749511719,870.194580078125,898.1592407226562
1789859613.3854213,1,0,889.9343872070312,467.1744079589844,858.6797485351562,883.3544311523438
1789859613.39618,1,0,889.9343872070312,467.1744079589844,858.6797485351562,883.3544311523438
1789859613.4073558,1,0,889.9343872070312,467.1744079589844,858.6797485351562,883.3544311523438
1789859613.4180975,1,0,889.9343872070312,467.1744079589844,858.6797485351562,883.3544311523438
1789859613.4292662,1,0,888.2893676757812,478.68927001953125,871.839599609375,901.44921875
1789859613.4402752,1,0,888.2893676757812,478.68927001953125,871.839599609375,901.44921875
1789859613.451099,1,0,888.2893676757812,478.68927001953125,871.839599609375,901.44921875
1789859613.462214,1,0,888.2893676757812,478.68927001953125,871.839599609375,901.44921875
1789859613.4729517,1,0,888.2893676757812,478.68927001953125,871.839599609375,901.44921875
1789859613.4840088,1,0,878.4194946289062,513.23388671875,861.9697265625,893.2243041992188
1789859613.4951453,1,0,870.194580078125,633.3174438476562,852.0997924804688,873.4845581054688
1789859613.505843,1,0,870.194580078125,633.3174438476562,852.0997924804688,873.4845581054688
1789859613.5169463,1,0,870.194580078125,633.3174438476562,852.0997924804688,873.4845581054688
1789859613.5278628,1,0,870.194580078125,633.3174438476562,852.0997924804688,873.4845581054688
1789859613.5389967,1,0,870.194580078125,633.3174438476562,852.0997924804688,873.4845581054688
1789859613.550157,1,0,870.194580078125,633.3174438476562,852.0997924804688,873.4845581054688
1789859613.5609722,1,0,870.194580078125,633.3174438476562,852.0997924804688,873.4845581054688
1789859613.5722015,1,0,870.194580078125,633.3174438476562,852.0997924804688,873.4845581054688
1789859613.5832932,1,0,878.4194946289062,636.607421875,848.8098754882812,858.6797485351562
1789859613.5940158,1,0,858.6797485351562,608.6427001953125,834.0050048828125,866.9046630859375
1789859613.6050067,1,0,853.7448120117188,664.5720825195312,830.715087890625,852.0997924804688
1789859613.6161623,1,0,847.1648559570312,666.217041015625,827.4251098632812,855.3897705078125
1789859613.6274972,1,0,847.1648559570312,666.217041015625,827.4251098632812,855.3897705078125
1789859613.6386676,1,0,847.1648559570312,666.217041015625,827.4251098632812,855.3897705078125
1789859613.6501164,1,0,847.1648559570312,666.217041015625,827.4251098632812,855.3897705078125
1789859613.661142,1,0,847.1648559570312,666.217041015625,827.4251098632812,855.3897705078125
1789859613.6725197,1,0,850.454833984375,671.1519775390625,834.0050048828125,873.4845581054688
1789859613.683465,1,0,857.0347290039062,727.081298828125,840.5849609375,842.2299194335938
1789859613.6946995,1,0,842.2299194335938,727.081298828125,840.5849609375,843.8749389648438
1789859613.7058032,1,0,842.2299194335938,727.081298828125,840.5849609375,843.8749389648438
1789859613.7170384,1,0,842.2299194335938,727.081298828125,840.5849609375,843.8749389648438
1789859613.7286022,1,0,855.3897705078125,732.0162353515625,837.2949829101562,840.5849609375
1789859613.7394483,1,0,848.8098754882812,735.3062133789062,838.9400024414062,848.8098754882812
1789859613.7501426,1,0,848.8098754882812,735.3062133789062,838.9400024414062,848.8098754882812
1789859613.7611122,1,0,848.8098754882812,735.3062133789062,838.9400024414062,848.8098754882812
1789859613.7724879,1,0,843.8749389648438,748.466064453125,848.8098754882812,842.2299194335938
1789859613.7836297,1,0,776.4307250976562,814.2652587890625,835.6500244140625,759.9808959960938
1789859613.7948806,1,0,776.4307250976562,814.2652587890625,835.6500244140625,759.9808959960938
1789859613.8058398,1,0,776.4307250976562,814.2652587890625,835.6500244140625,759.9808959960938
1789859613.8168848,1,0,776.4307250976562,814.2652587890625,835.6500244140625,759.9808959960938
1789859613.8278763,1,0,783.0106201171875,832.3600463867188,837.2949829101562,735.3062133789062
1789859613.838936,1,0,781.3656616210938,845.5198974609375,827.4251098632812,745.1760864257812
1789859613.8500447,1,0,781.3656616210938,845.5198974609375,827.4251098632812,745.1760864257812
1789859613.8610334,1,0,781.3656616210938,845.5198974609375,827.4251098632812,745.1760864257812
1789859613.87173,1,0,837.2949829101562,830.715087890625,791.2355346679688,768.205810546875
1789859613.882908,1,0,917.8990478515625,766.5608520507812,774.7857666015625,845.5198974609375
1789859613.893488,1,0,917.8990478515625,766.5608520507812,774.7857666015625,845.5198974609375
1789859613.9042192,1,0,917.8990478515625,766.5608520507812,774.7857666015625,845.5198974609375
1789859613.9150493,1,0,917.8990478515625,766.5608520507812,774.7857666015625,845.5198974609375
1789859613.9266062,1,0,917.8990478515625,766.5608520507812,774.7857666015625,845.5198974609375
1789859613.9376333,1,0,931.0588989257812,761.6259155273438,776.4307250976562,860.32470703125
1789859613.9483073,1,0,931.0588989257812,761.6259155273438,776.4307250976562,860.32470703125
1789859613.9592197,1,0,931.0588989257812,761.6259155273438,776.4307250976562,860.32470703125
1789859613.9698148,1,0,909.6741333007812,736.951171875,796.1704711914062,893.2243041992188
1789859613.9806125,1,0,891.579345703125,751.7560424804688,830.715087890625,873.4845581054688
1789859613.9914262,1,0,891.579345703125,751.7560424804688,830.715087890625,873.4845581054688
1789859614.0021627,1,0,891.579345703125,751.7560424804688,830.715087890625,873.4845581054688
1789859614.0127406,1,0,891.579345703125,751.7560424804688,830.715087890625,873.4845581054688
1789859614.0233188,1,0,891.579345703125,751.7560424804688,830.715087890625,873.4845581054688
1789859614.0343895,1,0,868.5496215820312,766.5608520507812,848.8098754882812,863.6146850585938
1789859614.0452049,1,0,868.5496215820312,766.5608520507812,848.8098754882812,863.6146850585938
1789859614.055921,1,0,868.5496215820312,766.5608520507812,848.8098754882812,863.6146850585938
1789859614.067015,1,0,875.1295166015625,769.850830078125,848.8098754882812,871.839599609375
1789859614.0783875,1,0,884.9994506835938,806.0403442382812,847.1648559570312,868.5496215820312
1789859614.089395,1,0,884.9994506835938,806.0403442382812,847.1648559570312,868.5496215820312
1789859614.1006281,1,0,884.9994506835938,806.0403442382812,847.1648559570312,868.5496215820312
1789859614.1113195,1,0,884.9994506835938,806.0403442382812,847.1648559570312,868.5496215820312
1789859614.1220486,1,0,884.9994506835938,806.0403442382812,847.1648559570312,868.5496215820312
1789859614.1329167,1,0,871.839599609375,796.1704711914062,845.5198974609375,863.6146850585938
1789859614.1436012,1,0,871.839599609375,796.1704711914062,845.5198974609375,863.6146850585938
1789859614.1544511,1,0,871.839599609375,796.1704711914062,845.5198974609375,863.6146850585938
1789859614.165119,1,0,868.5496215820312,804.3953857421875,842.2299194335938,857.0347290039062
1789859614.1770236,1,0,863.6146850585938,796.1704711914062,848.8098754882812,863.6146850585938
1789859614.1878557,1,0,863.6146850585938,796.1704711914062,848.8098754882812,863.6146850585938
1789859614.1984477,1,0,863.6146850585938,796.1704711914062,848.8098754882812,863.6146850585938
1789859614.2091424,1,0,863.6146850585938,796.1704711914062,848.8098754882812,863.6146850585938
1789859614.2199342,1,0,863.6146850585938,796.1704711914062,848.8098754882812,863.6146850585938
1789859614.2308588,1,0,847.1648559570312,801.1054077148438,853.7448120117188,845.5198974609375
1789859614.241473,1,0,847.1648559570312,801.1054077148438,853.7448120117188,845.5198974609375
1789859614.2525706,1,0,847.1648559570312,801.1054077148438,853.7448120117188,845.5198974609375
1789859614.2635796,1,0,852.0997924804688,794.5255126953125,860.32470703125,866.9046630859375
1789859614.2747638,1,0,866.9046630859375,797.8154907226562,850.454833984375,845.5198974609375
1789859614.2857442,1,0,866.9046630859375,797.8154907226562,850.454833984375,845.5198974609375
1789859614.2963164,1,0,866.9046630859375,797.8154907226562,850.454833984375,845.5198974609375
1789859614.3073819,1,0,866.9046630859375,797.8154907226562,850.454833984375,845.5198974609375
1789859614.3184383,1,0,858.6797485351562,792.8805541992188,847.1648559570312,858.6797485351562
1789859614.3295987,1,0,858.6797485351562,792.8805541992188,847.1648559570312,858.6797485351562
1789859614.3402154,1,0,858.6797485351562,792.8805541992188,847.1648559570312,858.6797485351562
1789859614.3511078,0,0,858.6797485351562,792.8805541992188,847.1648559570312,858.6797485351562
1789859614.3625076,0,0,858.6797485351562,792.8805541992188,847.1648559570312,858.6797485351562
1789859614.3736897,0,0,886.6444091796875,792.8805541992188,848.8098754882812,858.6797485351562
1789859614.3846123,0,0,870.194580078125,794.5255126953125,852.0997924804688,837.2949829101562
1789859614.3953035,0,0,870.194580078125,794.5255126953125,852.0997924804688,837.2949829101562
1789859614.406673,0,0,870.194580078125,794.5255126953125,852.0997924804688,837.2949829101562
1789859614.417557,0,0,842.2299194335938,787.945556640625,850.454833984375,853.7448120117188
1789859614.4284775,0,0,842.2299194335938,787.945556640625,850.454833984375,853.7448120117188
1789859614.4397306,0,0,842.2299194335938,787.945556640625,850.454833984375,853.7448120117188
1789859614.4505105,0,0,842.2299194335938,787.945556640625,850.454833984375,853.7448120117188
1789859614.4614162,0,0,842.2299194335938,787.945556640625,850.454833984375,853.7448120117188
1789859614.4730694,0,0,848.8098754882812,791.2355346679688,848.8098754882812,845.5198974609375
1789859614.4840913,0,0,858.6797485351562,789.590576171875,848.8098754882812,840.5849609375
1789859614.4950907,0,0,858.6797485351562,789.590576171875,848.8098754882812,840.5849609375
1789859614.5061026,0,0,858.6797485351562,789.590576171875,848.8098754882812,840.5849609375
1789859614.5171735,0,0,860.32470703125,786.3005981445312,845.5198974609375,848.8098754882812
1789859614.528158,0,0,855.3897705078125,786.3005981445312,845.5198974609375,850.454833984375
1789859614.5391896,0,0,855.3897705078125,786.3005981445312,845.5198974609375,850.454833984375
1789859614.5501275,0,0,855.3897705078125,786.3005981445312,845.5198974609375,850.454833984375
1789859614.5607023,0,0,855.3897705078125,786.3005981445312,845.5198974609375,850.454833984375
1789859614.571878,0,0,857.0347290039062,794.5255126953125,847.1648559570312,845.5198974609375
1789859614.582774,0,0,857.0347290039062,794.5255126953125,847.1648559570312,845.5198974609375
1789859614.5938041,0,0,857.0347290039062,794.5255126953125,847.1648559570312,845.5198974609375
1789859614.604751,0,0,857.0347290039062,794.5255126953125,847.1648559570312,845.5198974609375
1789859614.6156194,0,0,842.2299194335938,801.1054077148438,827.4251098632812,845.5198974609375
1789859614.6264157,0,0,842.2299194335938,801.1054077148438,827.4251098632812,845.5198974609375
1789859614.637451,0,0,842.2299194335938,801.1054077148438,827.4251098632812,845.5198974609375
1789859614.6483967,0,0,842.2299194335938,801.1054077148438,827.4251098632812,845.5198974609375
1789859614.6591532,0,0,842.2299194335938,801.1054077148438,827.4251098632812,845.5198974609375
1789859614.6705072,0,0,840.5849609375,802.7504272460938,829.070068359375,822.4901733398438
1789859614.6815176,0,0,863.6146850585938,801.1054077148438,827.4251098632812,838.9400024414062
1789859614.692075,0,0,863.6146850585938,801.1054077148438,827.4251098632812,838.9400024414062
1789859614.7030885,0,0,863.6146850585938,801.1054077148438,827.4251098632812,838.9400024414062
1789859614.7136033,0,0,857.0347290039062,802.7504272460938,832.3600463867188,850.454833984375
1789859614.7247138,0,0,852.0997924804688,830.715087890625,802.7504272460938,827.4251098632812
1789859614.7361085,0,0,852.0997924804688,830.715087890625,802.7504272460938,827.4251098632812
1789859614.7469003,0,0,852.0997924804688,830.715087890625,802.7504272460938,827.4251098632812
1789859614.7578351,0,0,852.0997924804688,830.715087890625,802.7504272460938,827.4251098632812
1789859614.7692099,0,0,852.0997924804688,830.715087890625,802.7504272460938,827.4251098632812
1789859614.780289,0,0,853.7448120117188,834.0050048828125,794.5255126953125,810.9752807617188
1789859614.7908115,0,0,853.7448120117188,834.0050048828125,794.5255126953125,810.9752807617188
1789859614.8013794,0,0,853.7448120117188,834.0050048828125,794.5255126953125,810.9752807617188
1789859614.8125515,0,0,857.0347290039062,819.2001953125,820.84521484375,827.4251098632812
1789859614.8233929,0,0,861.9697265625,819.2001953125,819.2001953125,830.715087890625
1789859614.8339276,0,0,861.9697265625,819.2001953125,819.2001953125,830.715087890625
1789859614.8445578,0,0,861.9697265625,819.2001953125,819.2001953125,830.715087890625
1789859614.855561,0,0,861.9697265625,819.2001953125,819.2001953125,830.715087890625
1789859614.866193,0,0,858.6797485351562,815.9102783203125,820.84521484375,835.6500244140625
1789859614.8769236,0,0,863.6146850585938,814.2652587890625,819.2001953125,829.070068359375
1789859614.8878045,0,0,863.6146850585938,814.2652587890625,819.2001953125,829.070068359375
1789859614.898341,0,0,863.6146850585938,814.2652587890625,819.2001953125,829.070068359375
1789859614.9092731,0,0,865.2596435546875,815.9102783203125,827.4251098632812,838.9400024414062
1789859614.9197845,0,0,853.7448120117188,801.1054077148438,832.3600463867188,853.7448120117188
1789859614.9308589,0,0,853.7448120117188,801.1054077148438,832.3600463867188,853.7448120117188
1789859614.9418247,0,0,853.7448120117188,801.1054077148438,832.3600463867188,853.7448120117188
1789859614.9532998,0,0,853.7448120117188,801.1054077148438,832.3600463867188,853.7448120117188
1789859614.9645336,0,0,853.7448120117188,801.1054077148438,832.3600463867188,853.7448120117188
1789859614.9754255,0,0,861.9697265625,802.7504272460938,835.6500244140625,822.4901733398438
1789859614.9860835,0,0,861.9697265625,802.7504272460938,835.6500244140625,822.4901733398438
1789859614.9970343,0,0,861.9697265625,802.7504272460938,835.6500244140625,822.4901733398438
1789859615.0076206,0,0,861.9697265625,802.7504272460938,835.6500244140625,822.4901733398438
1789859615.0185611,0,0,838.9400024414062,787.945556640625,845.5198974609375,848.8098754882812
1789859615.0291982,0,0,837.2949829101562,802.7504272460938,838.9400024414062,835.6500244140625
1789859615.0403235,0,0,837.2949829101562,802.7504272460938,838.9400024414062,835.6500244140625
1789859615.0515914,0,0,837.2949829101562,802.7504272460938,838.9400024414062,835.6500244140625
1789859615.0623143,0,0,837.2949829101562,802.7504272460938,838.9400024414062,835.6500244140625
1789859615.0733447,0,0,857.0347290039062,804.3953857421875,845.5198974609375,845.5198974609375
1789859615.0844355,0,0,857.0347290039062,804.3953857421875,845.5198974609375,845.5198974609375
1789859615.0955434,0,0,857.0347290039062,804.3953857421875,845.5198974609375,845.5198974609375
1789859615.1066322,0,0,857.0347290039062,804.3953857421875,845.5198974609375,845.5198974609375
1789859615.117242,0,0,863.6146850585938,801.1054077148438,843.8749389648438,850.454833984375
1789859615.1282635,0,0,863.6146850585938,801.1054077148438,843.8749389648438,850.454833984375
1789859615.139192,0,0,863.6146850585938,801.1054077148438,843.8749389648438,850.454833984375
1789859615.150214,0,0,863.6146850585938,801.1054077148438,843.8749389648438,850.454833984375
1789859615.1614566,0,0,863.6146850585938,801.1054077148438,843.8749389648438,850.454833984375
1789859615.172746,0,0,861.9697265625,806.0403442382812,842.2299194335938,834.0050048828125
1789859615.1834302,0,0,861.9697265625,807.6853637695312,843.8749389648438,838.9400024414062
1789859615.1943796,0,0,861.9697265625,807.6853637695312,843.8749389648438,838.9400024414062
1789859615.2049868,0,0,861.9697265625,807.6853637695312,843.8749389648438,838.9400024414062
1789859615.21558,0,0,858.6797485351562,804.3953857421875,840.5849609375,832.3600463867188
1789859615.2267077,0,0,870.194580078125,812.6203002929688,842.2299194335938,850.454833984375
1789859615.23765,0,0,870.194580078125,812.6203002929688,842.2299194335938,850.454833984375
1789859615.2486906,0,0,870.194580078125,812.6203002929688,842.2299194335938,850.454833984375
1789859615.2593203,0,0,870.194580078125,812.6203002929688,842.2299194335938,850.454833984375
1789859615.2705653,0,0,870.194580078125,812.6203002929688,842.2299194335938,850.454833984375
1789859615.2813563,0,0,870.194580078125,812.6203002929688,842.2299194335938,850.454833984375
1789859615.292267,0,0,870.194580078125,812.6203002929688,842.2299194335938,850.454833984375
1789859615.3031275,0,0,870.194580078125,812.6203002929688,842.2299194335938,850.454833984375
1789859615.3141534,0,0,870.194580078125,812.6203002929688,842.2299194335938,850.454833984375
1789859615.3249493,0,0,860.32470703125,806.0403442382812,847.1648559570312,853.7448120117188
1789859615.3355467,0,0,853.7448120117188,819.2001953125,840.5849609375,845.5198974609375
1789859615.3461056,0,0,853.7448120117188,819.2001953125,840.5849609375,845.5198974609375
1789859615.3567672,0,0,853.7448120117188,819.2001953125,840.5849609375,845.5198974609375
1789859615.3673995,0,0,853.7448120117188,819.2001953125,840.5849609375,845.5198974609375
1789859615.3786917,0,0,853.7448120117188,819.2001953125,840.5849609375,845.5198974609375
1789859615.3898954,0,0,855.3897705078125,817.5552368164062,842.2299194335938,842.2299194335938
1789859615.4009895,0,0,855.3897705078125,817.5552368164062,842.2299194335938,842.2299194335938
1789859615.4119165,0,0,855.3897705078125,817.5552368164062,842.2299194335938,842.2299194335938
1789859615.4230893,0,0,847.1648559570312,809.330322265625,852.0997924804688,815.9102783203125
1789859615.4339921,0,0,848.8098754882812,799.46044921875,845.5198974609375,852.0997924804688
1789859615.4450307,0,0,848.8098754882812,799.46044921875,845.5198974609375,852.0997924804688
1789859615.4561567,0,0,848.8098754882812,799.46044921875,845.5198974609375,852.0997924804688
1789859615.4672577,0,0,848.8098754882812,799.46044921875,845.5198974609375,852.0997924804688
1789859615.47865,0,0,858.6797485351562,801.1054077148438,845.5198974609375,852.0997924804688
1789859615.4900205,0,0,857.0347290039062,799.46044921875,848.8098754882812,830.715087890625
1789859615.5006075,0,0,857.0347290039062,799.46044921875,848.8098754882812,830.715087890625
1789859615.511722,1,0,857.0347290039062,799.46044921875,848.8098754882812,830.715087890625
1789859615.5224833,1,0,855.3897705078125,807.6853637695312,843.8749389648438,835.6500244140625
1789859615.533487,1,0,860.32470703125,814.2652587890625,838.9400024414062,835.6500244140625
1789859615.5446208,1,0,870.194580078125,812.6203002929688,840.5849609375,848.8098754882812
1789859615.5556443,1,0,870.194580078125,812.6203002929688,840.5849609375,848.8098754882812
1789859615.5662172,1,0,870.194580078125,812.6203002929688,840.5849609375,848.8098754882812
1789859615.5773704,1,0,857.0347290039062,817.5552368164062,842.2299194335938,837.2949829101562
1789859615.5883973,1,0,850.454833984375,806.0403442382812,840.5849609375,840.5849609375
1789859615.598936,1,0,850.454833984375,806.0403442382812,840.5849609375,840.5849609375
1789859615.609525,1,0,850.454833984375,806.0403442382812,840.5849609375,840.5849609375
1789859615.6202526,1,0,850.454833984375,806.0403442382812,840.5849609375,840.5849609375
1789859615.6314363,1,0,850.454833984375,806.0403442382812,840.5849609375,840.5849609375
1789859615.6424613,1,0,842.2299194335938,807.6853637695312,838.9400024414062,829.070068359375
1789859615.6532025,1,0,842.2299194335938,807.6853637695312,838.9400024414062,829.070068359375
1789859615.6642675,1,0,842.2299194335938,807.6853637695312,838.9400024414062,829.070068359375
1789859615.675545,1,0,835.6500244140625,812.6203002929688,820.84521484375,806.0403442382812
1789859615.6866965,1,0,840.5849609375,812.6203002929688,822.4901733398438,809.330322265625
1789859615.697651,1,0,845.5198974609375,814.2652587890625,822.4901733398438,825.7801513671875
1789859615.7086308,1,0,845.5198974609375,814.2652587890625,822.4901733398438,825.7801513671875
1789859615.7193065,1,0,845.5198974609375,814.2652587890625,822.4901733398438,825.7801513671875
1789859615.730352,1,0,845.5198974609375,814.2652587890625,822.4901733398438,825.7801513671875
1789859615.7409925,1,0,848.8098754882812,815.9102783203125,825.7801513671875,832.3600463867188
1789859615.7521374,1,0,847.1648559570312,809.330322265625,827.4251098632812,829.070068359375
1789859615.7630806,1,0,855.3897705078125,819.2001953125,832.3600463867188,829.070068359375
1789859615.7740219,1,0,848.8098754882812,819.2001953125,834.0050048828125,824.1351318359375
1789859615.785185,1,0,848.8098754882812,819.2001953125,834.0050048828125,824.1351318359375
1789859615.7957675,1,0,848.8098754882812,819.2001953125,834.0050048828125,824.1351318359375
1789859615.8063445,1,0,848.8098754882812,819.2001953125,834.0050048828125,824.1351318359375
1789859615.817473,1,0,848.8098754882812,819.2001953125,834.0050048828125,824.1351318359375
1789859615.8290944,1,0,848.8098754882812,815.9102783203125,837.2949829101562,847.1648559570312
1789859615.8407254,1,0,860.32470703125,815.9102783203125,832.3600463867188,830.715087890625
1789859615.8516426,1,0,863.6146850585938,814.2652587890625,832.3600463867188,847.1648559570312
1789859615.8624396,1,0,865.2596435546875,810.9752807617188,834.0050048828125,850.454833984375
1789859615.8735726,1,0,865.2596435546875,810.9752807617188,834.0050048828125,850.454833984375
1789859615.8842385,1,0,865.2596435546875,810.9752807617188,834.0050048828125,850.454833984375
1789859615.8953705,1,0,865.2596435546875,810.9752807617188,834.0050048828125,850.454833984375
1789859615.906405,1,0,865.2596435546875,810.9752807617188,834.0050048828125,850.454833984375
1789859615.9179764,1,0,860.32470703125,809.330322265625,837.2949829101562,853.7448120117188
1789859615.9289231,1,0,857.0347290039062,814.2652587890625,835.6500244140625,848.8098754882812
1789859615.939801,1,0,857.0347290039062,814.2652587890625,835.6500244140625,848.8098754882812
1789859615.9509969,1,0,870.194580078125,820.84521484375,838.9400024414062,848.8098754882812
1789859615.9620738,1,0,870.194580078125,820.84521484375,838.9400024414062,848.8098754882812
1789859615.973233,1,0,870.194580078125,820.84521484375,838.9400024414062,848.8098754882812
1789859615.9838428,1,0,870.194580078125,820.84521484375,838.9400024414062,848.8098754882812
1789859615.9946268,1,0,870.194580078125,820.84521484375,838.9400024414062,848.8098754882812
1789859616.0057414,1,0,858.6797485351562,819.2001953125,838.9400024414062,842.2299194335938
1789859616.0167534,1,0,868.5496215820312,819.2001953125,835.6500244140625,838.9400024414062
1789859616.0274343,1,0,871.839599609375,820.84521484375,835.6500244140625,848.8098754882812
1789859616.038501,1,0,860.32470703125,822.4901733398438,837.2949829101562,840.5849609375
1789859616.0490193,1,0,850.454833984375,825.7801513671875,834.0050048828125,832.3600463867188
1789859616.05976,1,0,875.1295166015625,819.2001953125,837.2949829101562,863.6146850585938
1789859616.0707672,1,0,875.1295166015625,819.2001953125,837.2949829101562,863.6146850585938
1789859616.081423,1,0,875.1295166015625,819.2001953125,837.2949829101562,863.6146850585938
1789859616.0920725,1,0,875.1295166015625,819.2001953125,837.2949829101562,863.6146850585938
1789859616.103252,1,0,824.1351318359375,843.8749389648438,809.330322265625,806.0403442382812
1789859616.114305,1,0,820.84521484375,834.0050048828125,799.46044921875,784.6556396484375
1789859616.1257262,1,0,796.1704711914062,858.6797485351562,761.6259155273438,787.945556640625
1789859616.1365657,1,0,769.850830078125,935.9938354492188,778.07568359375,741.8861083984375
1789859616.1471462,1,0,850.454833984375,965.6034545898438,871.839599609375,809.330322265625
1789859616.1577127,1,0,840.5849609375,1116.941650390625,845.5198974609375,822.4901733398438
1789859616.168756,1,0,840.5849609375,1116.941650390625,845.5198974609375,822.4901733398438
1789859616.1793635,1,0,840.5849609375,1116.941650390625,845.5198974609375,822.4901733398438
1789859616.1899433,1,0,840.5849609375,1116.941650390625,845.5198974609375,822.4901733398438
1789859616.2006214,1,0,840.5849609375,1116.941650390625,845.5198974609375,822.4901733398438
1789859616.211198,1,0,840.5849609375,1116.941650390625,845.5198974609375,822.4901733398438
1789859616.2223375,1,0,840.5849609375,1116.941650390625,845.5198974609375,822.4901733398438
1789859616.2333872,1,0,784.6556396484375,1248.5400390625,806.0403442382812,763.2708740234375
1789859616.244421,1,0,778.07568359375,1644.9803466796875,815.9102783203125,776.4307250976562
1789859616.255494,1,0,778.07568359375,1644.9803466796875,815.9102783203125,776.4307250976562
1789859616.2660694,1,0,778.07568359375,1644.9803466796875,815.9102783203125,776.4307250976562
1789859616.2767153,1,0,804.3953857421875,1626.885498046875,773.1407470703125,743.5311279296875
1789859616.287702,1,0,830.715087890625,1625.2406005859375,806.0403442382812,796.1704711914062
1789859616.298401,1,0,830.715087890625,1625.2406005859375,806.0403442382812,796.1704711914062
1789859616.3090794,1,0,830.715087890625,1625.2406005859375,806.0403442382812,796.1704711914062
1789859616.3196611,1,0,830.715087890625,1625.2406005859375,806.0403442382812,796.1704711914062
1789859616.3303277,1,0,830.715087890625,1625.2406005859375,806.0403442382812,796.1704711914062
1789859616.3413565,1,0,935.9938354492188,1582.4710693359375,870.194580078125,884.9994506835938
1789859616.3518898,1,0,876.7745361328125,1552.8614501953125,829.070068359375,845.5198974609375
1789859616.362508,1,0,876.7745361328125,1552.8614501953125,829.070068359375,845.5198974609375
1789859616.3735282,1,0,876.7745361328125,1552.8614501953125,829.070068359375,845.5198974609375
1789859616.3842733,1,0,847.1648559570312,1450.8726806640625,796.1704711914062,810.9752807617188
1789859616.3952882,1,0,853.7448120117188,1431.1329345703125,779.720703125,796.1704711914062
1789859616.4063766,1,0,853.7448120117188,1431.1329345703125,779.720703125,796.1704711914062
1789859616.416992,1,0,853.7448120117188,1431.1329345703125,779.720703125,796.1704711914062
1789859616.4280467,1,0,853.7448120117188,1431.1329345703125,779.720703125,796.1704711914062
1789859616.4391077,1,0,853.7448120117188,1431.1329345703125,779.720703125,796.1704711914062
1789859616.4499257,1,0,985.3432006835938,1368.6236572265625,858.6797485351562,901.44921875
1789859616.461012,1,0,985.3432006835938,1368.6236572265625,858.6797485351562,901.44921875
1789859616.471973,1,0,985.3432006835938,1368.6236572265625,858.6797485351562,901.44921875
1789859616.482801,1,0,950.7986450195312,1218.930419921875,806.0403442382812,878.4194946289062
1789859616.4938078,1,0,945.8637084960938,1217.285400390625,802.7504272460938,878.4194946289062
1789859616.5048876,1,0,945.8637084960938,1217.285400390625,802.7504272460938,878.4194946289062
1789859616.5154636,1,0,945.8637084960938,1217.285400390625,802.7504272460938,878.4194946289062
1789859616.526129,1,0,945.8637084960938,1217.285400390625,802.7504272460938,878.4194946289062
1789859616.5370495,1,0,945.8637084960938,1217.285400390625,802.7504272460938,878.4194946289062
1789859616.547801,1,0,977.1183471679688,1156.421142578125,843.8749389648438,914.6090698242188
1789859616.5584357,1,0,977.1183471679688,1156.421142578125,843.8749389648438,914.6090698242188
1789859616.5689945,1,0,977.1183471679688,1156.421142578125,843.8749389648438,914.6090698242188
1789859616.579657,1,0,977.1183471679688,1156.421142578125,843.8749389648438,914.6090698242188
1789859616.5906467,1,0,980.4082641601562,884.9994506835938,834.0050048828125,908.0291748046875
1789859616.602013,1,0,973.828369140625,786.3005981445312,810.9752807617188,926.1239624023438
1789859616.612881,1,0,973.828369140625,786.3005981445312,810.9752807617188,926.1239624023438
1789859616.623743,1,0,973.828369140625,786.3005981445312,810.9752807617188,926.1239624023438
1789859616.6345417,1,0,973.828369140625,786.3005981445312,810.9752807617188,926.1239624023438
1789859616.645803,1,0,959.0235595703125,710.6315307617188,807.6853637695312,896.5142822265625
1789859616.6569374,1,0,857.0347290039062,631.6724243164062,837.2949829101562,838.9400024414062
1789859616.6676624,1,0,857.0347290039062,631.6724243164062,837.2949829101562,838.9400024414062
1789859616.6783388,1,0,857.0347290039062,631.6724243164062,837.2949829101562,838.9400024414062
1789859616.6891,1,0,847.1648559570312,432.62982177734375,804.3953857421875,817.5552368164062
1789859616.7001603,1,0,829.070068359375,250.03701782226562,857.0347290039062,850.454833984375
1789859616.711208,1,0,829.070068359375,250.03701782226562,857.0347290039062,850.454833984375
1789859616.722144,1,0,829.070068359375,250.03701782226562,857.0347290039062,850.454833984375
1789859616.7329895,1,0,829.070068359375,250.03701782226562,857.0347290039062,850.454833984375
1789859616.744405,1,0,829.070068359375,250.03701782226562,857.0347290039062,850.454833984375
1789859616.755506,1,0,840.5849609375,243.45709228515625,845.5198974609375,853.7448120117188
1789859616.7663057,1,0,840.5849609375,243.45709228515625,845.5198974609375,853.7448120117188
1789859616.7771585,1,0,840.5849609375,243.45709228515625,845.5198974609375,853.7448120117188
1789859616.788088,1,0,847.1648559570312,236.87716674804688,853.7448120117188,861.9697265625
1789859616.798961,1,0,870.194580078125,305.9663391113281,843.8749389648438,857.0347290039062
1789859616.8100603,1,0,868.5496215820312,333.9309997558594,842.2299194335938,865.2596435546875
1789859616.8212197,1,0,868.5496215820312,333.9309997558594,842.2299194335938,865.2596435546875
1789859616.8320544,1,0,868.5496215820312,333.9309997558594,842.2299194335938,865.2596435546875
1789859616.8432293,1,0,878.4194946289062,348.73583984375,840.5849609375,875.1295166015625
1789859616.8540993,1,0,878.4194946289062,348.73583984375,840.5849609375,875.1295166015625
1789859616.8646476,1,0,878.4194946289062,348.73583984375,840.5849609375,875.1295166015625
1789859616.8754609,1,0,878.4194946289062,348.73583984375,840.5849609375,875.1295166015625
1789859616.8864129,1,0,878.4194946289062,348.73583984375,840.5849609375,875.1295166015625
1789859616.8970134,1,0,886.6444091796875,432.62982177734375,830.715087890625,868.5496215820312
1789859616.9082232,1,0,884.9994506835938,440.854736328125,830.715087890625,876.7745361328125
1789859616.9190366,1,0,880.064453125,444.1446838378906,840.5849609375,861.9697265625
1789859616.929828,1,0,880.064453125,444.1446838378906,840.5849609375,861.9697265625
1789859616.9407349,1,0,878.4194946289062,537.9085693359375,835.6500244140625,878.4194946289062
1789859616.951883,1,0,861.9697265625,593.837890625,840.5849609375,861.9697265625
1789859616.9628782,1,0,861.9697265625,593.837890625,840.5849609375,861.9697265625
1789859616.973515,1,0,861.9697265625,593.837890625,840.5849609375,861.9697265625
1789859616.9841843,1,0,861.9697265625,593.837890625,840.5849609375,861.9697265625
1789859616.9953403,1,0,865.2596435546875,602.0628051757812,850.454833984375,855.3897705078125
1789859617.0067334,1,0,873.4845581054688,651.4122314453125,847.1648559570312,858.6797485351562
1789859617.0177202,1,0,873.4845581054688,651.4122314453125,847.1648559570312,858.6797485351562
1789859617.0283322,1,0,873.4845581054688,651.4122314453125,847.1648559570312,858.6797485351562
1789859617.0394576,1,0,873.4845581054688,651.4122314453125,847.1648559570312,858.6797485351562
1789859617.0507135,1,0,868.5496215820312,705.6965942382812,837.2949829101562,861.9697265625
1789859617.061671,1,0,871.839599609375,704.0515747070312,838.9400024414062,871.839599609375
1789859617.072673,1,0,871.839599609375,704.0515747070312,838.9400024414062,871.839599609375
1789859617.0839288,1,0,875.1295166015625,702.4066162109375,840.5849609375,855.3897705078125
1789859617.0948985,1,0,863.6146850585938,718.8563842773438,832.3600463867188,855.3897705078125
1789859617.1059403,1,0,863.6146850585938,718.8563842773438,832.3600463867188,855.3897705078125
1789859617.116742,1,0,863.6146850585938,718.8563842773438,832.3600463867188,855.3897705078125
1789859617.1276057,1,0,863.6146850585938,718.8563842773438,832.3600463867188,855.3897705078125
1789859617.1383493,1,0,863.6146850585938,718.8563842773438,832.3600463867188,855.3897705078125
1789859617.149175,1,0,873.4845581054688,756.6909790039062,830.715087890625,863.6146850585938
1789859617.159825,1,0,873.4845581054688,756.6909790039062,830.715087890625,863.6146850585938
1789859617.1703966,1,0,873.4845581054688,756.6909790039062,830.715087890625,863.6146850585938
1789859617.181121,1,0,871.839599609375,761.6259155273438,832.3600463867188,850.454833984375
1789859617.1918724,1,0,875.1295166015625,779.720703125,838.9400024414062,855.3897705078125
1789859617.2024307,1,0,875.1295166015625,779.720703125,838.9400024414062,855.3897705078125
1789859617.213063,1,0,875.1295166015625,779.720703125,838.9400024414062,855.3897705078125
1789859617.2240758,1,0,875.1295166015625,779.720703125,838.9400024414062,855.3897705078125
1789859617.2346764,1,0,875.1295166015625,779.720703125,838.9400024414062,855.3897705078125
1789859617.2458656,1,0,861.9697265625,759.9808959960938,837.2949829101562,852.0997924804688
1789859617.2568965,1,0,860.32470703125,758.3359375,837.2949829101562,840.5849609375
1789859617.2675798,1,0,860.32470703125,758.3359375,837.2949829101562,840.5849609375
1789859617.2790506,1,0,860.32470703125,766.5608520507812,843.8749389648438,840.5849609375
1789859617.290358,1,0,857.0347290039062,764.9158325195312,835.6500244140625,847.1648559570312
1789859617.3012197,1,0,857.0347290039062,764.9158325195312,835.6500244140625,847.1648559570312
1789859617.3120542,1,0,857.0347290039062,764.9158325195312,835.6500244140625,847.1648559570312
1789859617.322636,1,0,857.0347290039062,764.9158325195312,835.6500244140625,847.1648559570312
1789859617.3339782,1,0,857.0347290039062,764.9158325195312,835.6500244140625,847.1648559570312
1789859617.3450572,1,0,858.6797485351562,776.4307250976562,838.9400024414062,830.715087890625
1789859617.3559978,1,0,860.32470703125,779.720703125,845.5198974609375,837.2949829101562
1789859617.3667467,1,0,860.32470703125,779.720703125,845.5198974609375,837.2949829101562
1789859617.377605,1,0,860.32470703125,779.720703125,845.5198974609375,837.2949829101562
1789859617.3883996,1,0,870.194580078125,776.4307250976562,843.8749389648438,857.0347290039062
1789859617.3994606,1,0,870.194580078125,776.4307250976562,843.8749389648438,857.0347290039062
1789859617.410599,1,0,870.194580078125,776.4307250976562,843.8749389648438,857.0347290039062
1789859617.4216716,1,0,870.194580078125,776.4307250976562,843.8749389648438,857.0347290039062
1789859617.4332025,1,0,865.2596435546875,769.850830078125,843.8749389648438,838.9400024414062
1789859617.4440646,1,0,865.2596435546875,759.9808959960938,843.8749389648438,855.3897705078125
1789859617.4547815,1,0,865.2596435546875,759.9808959960938,843.8749389648438,855.3897705078125
1789859617.4655573,1,0,865.2596435546875,759.9808959960938,843.8749389648438,855.3897705078125
1789859617.4766715,1,0,852.0997924804688,771.4957885742188,843.8749389648438,843.8749389648438
1789859617.4875803,1,0,853.7448120117188,776.4307250976562,843.8749389648438,845.5198974609375
1789859617.498293,1,0,853.7448120117188,776.4307250976562,843.8749389648438,845.5198974609375
1789859617.5091352,1,0,853.7448120117188,776.4307250976562,843.8749389648438,845.5198974609375
1789859617.5200448,1,0,853.7448120117188,776.4307250976562,843.8749389648438,845.5198974609375
1789859617.5308096,1,0,853.7448120117188,776.4307250976562,843.8749389648438,845.5198974609375
1789859617.5424008,1,0,857.0347290039062,771.4957885742188,843.8749389648438,847.1648559570312
1789859617.5530858,1,0,857.0347290039062,771.4957885742188,843.8749389648438,847.1648559570312
1789859617.5641642,1,0,857.0347290039062,771.4957885742188,843.8749389648438,847.1648559570312
1789859617.5748816,1,0,863.6146850585938,787.945556640625,840.5849609375,850.454833984375
1789859617.5859804,1,0,855.3897705078125,779.720703125,838.9400024414062,845.5198974609375
1789859617.596602,1,0,855.3897705078125,779.720703125,838.9400024414062,845.5198974609375
1789859617.6074457,1,0,855.3897705078125,779.720703125,838.9400024414062,845.5198974609375
1789859617.6182764,1,0,855.3897705078125,779.720703125,838.9400024414062,845.5198974609375
1789859617.6296601,1,0,848.8098754882812,792.8805541992188,837.2949829101562,832.3600463867188
1789859617.640655,1,0,858.6797485351562,796.1704711914062,838.9400024414062,835.6500244140625
1789859617.6515484,1,0,858.6797485351562,796.1704711914062,838.9400024414062,835.6500244140625
1789859617.6624548,1,0,858.6797485351562,796.1704711914062,838.9400024414062,835.6500244140625
1789859617.673682,1,0,837.2949829101562,820.84521484375,825.7801513671875,809.330322265625
1789859617.6846218,1,0,837.2949829101562,812.6203002929688,802.7504272460938,804.3953857421875
1789859617.6958046,1,0,837.2949829101562,812.6203002929688,802.7504272460938,804.3953857421875
1789859617.7065735,1,0,837.2949829101562,812.6203002929688,802.7504272460938,804.3953857421875
1789859617.717311,1,0,837.2949829101562,812.6203002929688,802.7504272460938,804.3953857421875
1789859617.728676,1,0,837.2949829101562,812.6203002929688,802.7504272460938,804.3953857421875
1789859617.739647,1,0,840.5849609375,799.46044921875,807.6853637695312,809.330322265625
1789859617.75043,1,0,840.5849609375,799.46044921875,807.6853637695312,809.330322265625
1789859617.7614267,1,0,840.5849609375,799.46044921875,807.6853637695312,809.330322265625
1789859617.7722495,1,0,834.0050048828125,799.46044921875,809.330322265625,817.5552368164062
1789859617.783641,1,0,855.3897705078125,781.3656616210938,824.1351318359375,814.2652587890625
1789859617.7946317,1,0,860.32470703125,783.0106201171875,822.4901733398438,834.0050048828125
1789859617.8055437,1,0,860.32470703125,783.0106201171875,822.4901733398438,834.0050048828125
1789859617.8163185,1,0,860.32470703125,783.0106201171875,822.4901733398438,834.0050048828125
1789859617.8274686,1,0,860.32470703125,783.0106201171875,822.4901733398438,834.0050048828125
1789859617.838519,1,0,855.3897705078125,784.6556396484375,825.7801513671875,829.070068359375
1789859617.849306,1,0,855.3897705078125,789.590576171875,827.4251098632812,842.2299194335938
1789859617.8601875,1,0,855.3897705078125,789.590576171875,827.4251098632812,842.2299194335938
1789859617.8713565,1,0,855.3897705078125,789.590576171875,827.4251098632812,842.2299194335938
1789859617.8823495,1,0,855.3897705078125,786.3005981445312,830.715087890625,840.5849609375
1789859617.893195,1,0,866.9046630859375,786.3005981445312,830.715087890625,847.1648559570312
1789859617.9043927,1,0,866.9046630859375,786.3005981445312,830.715087890625,847.1648559570312
1789859617.9153194,1,0,866.9046630859375,786.3005981445312,830.715087890625,847.1648559570312
1789859617.9264944,1,0,866.9046630859375,786.3005981445312,830.715087890625,847.1648559570312
1789859617.9378002,1,0,876.7745361328125,789.590576171875,827.4251098632812,855.3897705078125
1789859617.9490619,1,0,858.6797485351562,796.1704711914062,830.715087890625,847.1648559570312
1789859617.960097,1,0,858.6797485351562,796.1704711914062,830.715087890625,847.1648559570312
1789859617.97081,1,0,858.6797485351562,796.1704711914062,830.715087890625,847.1648559570312
1789859617.9817407,1,0,858.6797485351562,796.1704711914062,835.6500244140625,843.8749389648438
1789859617.9926734,1,0,866.9046630859375,792.8805541992188,837.2949829101562,858.6797485351562
1789859618.003546,1,0,866.9046630859375,792.8805541992188,837.2949829101562,858.6797485351562
1789859618.0141497,1,0,866.9046630859375,792.8805541992188,837.2949829101562,858.6797485351562
1789859618.0251899,1,0,866.9046630859375,792.8805541992188,837.2949829101562,858.6797485351562
1789859618.0362718,1,0,860.32470703125,794.5255126953125,834.0050048828125,848.8098754882812
1789859618.0474627,1,0,861.9697265625,797.8154907226562,830.715087890625,834.0050048828125
1789859618.0581403,1,0,861.9697265625,797.8154907226562,830.715087890625,834.0050048828125
1789859618.0687568,1,0,861.9697265625,797.8154907226562,830.715087890625,834.0050048828125
1789859618.0795295,1,0,865.2596435546875,802.7504272460938,830.715087890625,834.0050048828125
1789859618.0904887,1,0,863.6146850585938,797.8154907226562,834.0050048828125,847.1648559570312
1789859618.101433,1,0,863.6146850585938,797.8154907226562,834.0050048828125,847.1648559570312
1789859618.1122015,1,0,863.6146850585938,797.8154907226562,834.0050048828125,847.1648559570312
1789859618.1228304,1,0,863.6146850585938,797.8154907226562,834.0050048828125,847.1648559570312
1789859618.133688,1,0,850.454833984375,801.1054077148438,834.0050048828125,840.5849609375
1789859618.1449454,1,0,860.32470703125,801.1054077148438,843.8749389648438,848.8098754882812
1789859618.156186,1,0,863.6146850585938,802.7504272460938,837.2949829101562,848.8098754882812
1789859618.1669464,1,0,863.6146850585938,802.7504272460938,837.2949829101562,848.8098754882812
1789859618.1780095,1,0,863.6146850585938,802.7504272460938,837.2949829101562,848.8098754882812
1789859618.1887627,1,0,863.6146850585938,802.7504272460938,837.2949829101562,848.8098754882812
1789859618.199791,1,0,857.0347290039062,802.7504272460938,837.2949829101562,838.9400024414062
1789859618.2108393,1,0,860.32470703125,804.3953857421875,838.9400024414062,848.8098754882812
1789859618.2218423,0,0,860.32470703125,804.3953857421875,838.9400024414062,848.8098754882812
1789859618.232717,0,0,860.32470703125,804.3953857421875,838.9400024414062,848.8098754882812
1789859618.243494,0,0,860.32470703125,804.3953857421875,838.9400024414062,848.8098754882812
1789859618.2547362,0,0,848.8098754882812,796.1704711914062,840.5849609375,834.0050048828125
1789859618.2657096,0,0,863.6146850585938,796.1704711914062,838.9400024414062,857.0347290039062
1789859618.2768898,0,0,863.6146850585938,796.1704711914062,838.9400024414062,857.0347290039062
1789859618.287839,0,0,863.6146850585938,796.1704711914062,838.9400024414062,857.0347290039062
1789859618.2986524,0,0,863.6146850585938,796.1704711914062,838.9400024414062,857.0347290039062
1789859618.3095446,0,0,863.6146850585938,796.1704711914062,838.9400024414062,857.0347290039062
1789859618.3201163,0,0,863.6146850585938,796.1704711914062,838.9400024414062,857.0347290039062
1789859618.3310714,0,0,863.6146850585938,796.1704711914062,838.9400024414062,857.0347290039062
1789859618.3420043,0,0,863.6146850585938,799.46044921875,842.2299194335938,850.454833984375
1789859618.353211,0,0,865.2596435546875,802.7504272460938,840.5849609375,847.1648559570312
1789859618.363986,0,0,865.2596435546875,802.7504272460938,840.5849609375,847.1648559570312
1789859618.3748684,0,0,865.2596435546875,802.7504272460938,840.5849609375,847.1648559570312
1789859618.3855765,0,0,865.2596435546875,802.7504272460938,840.5849609375,847.1648559570312
1789859618.3963132,0,0,866.9046630859375,797.8154907226562,840.5849609375,860.32470703125
1789859618.4083552,0,0,866.9046630859375,797.8154907226562,840.5849609375,860.32470703125
1789859618.4194324,0,0,866.9046630859375,797.8154907226562,840.5849609375,860.32470703125
1789859618.4300675,0,0,866.9046630859375,797.8154907226562,840.5849609375,860.32470703125
1789859618.4406729,0,0,860.32470703125,804.3953857421875,840.5849609375,838.9400024414062
1789859618.4515812,0,0,852.0997924804688,804.3953857421875,837.2949829101562,832.3600463867188
1789859618.4624493,0,0,852.0997924804688,804.3953857421875,837.2949829101562,832.3600463867188
1789859618.4734359,0,0,852.0997924804688,804.3953857421875,837.2949829101562,832.3600463867188
1789859618.4846356,0,0,852.0997924804688,804.3953857421875,837.2949829101562,832.3600463867188
1789859618.4955444,0,0,865.2596435546875,810.9752807617188,840.5849609375,843.8749389648438
1789859618.50696,0,0,865.2596435546875,810.9752807617188,840.5849609375,843.8749389648438
1789859618.517564,0,0,865.2596435546875,810.9752807617188,840.5849609375,843.8749389648438
1789859618.5282373,0,0,865.2596435546875,810.9752807617188,840.5849609375,843.8749389648438
1789859618.5391862,0,0,865.2596435546875,810.9752807617188,840.5849609375,843.8749389648438
1789859618.550342,0,0,858.6797485351562,810.9752807617188,838.9400024414062,843.8749389648438
1789859618.5615523,0,0,853.7448120117188,806.0403442382812,838.9400024414062,832.3600463867188
1789859618.5725336,0,0,853.7448120117188,806.0403442382812,838.9400024414062,832.3600463867188
1789859618.583525,0,0,853.7448120117188,806.0403442382812,838.9400024414062,832.3600463867188
1789859618.5945308,0,0,857.0347290039062,796.1704711914062,838.9400024414062,840.5849609375
1789859618.6061718,0,0,860.32470703125,796.1704711914062,840.5849609375,855.3897705078125
1789859618.6181397,0,0,860.32470703125,796.1704711914062,840.5849609375,855.3897705078125
1789859618.62915,0,0,860.32470703125,796.1704711914062,840.5849609375,855.3897705078125
1789859618.6405323,0,0,860.32470703125,796.1704711914062,840.5849609375,855.3897705078125
1789859618.6513872,0,0,848.8098754882812,801.1054077148438,845.5198974609375,837.2949829101562
1789859618.6625278,0,0,850.454833984375,802.7504272460938,842.2299194335938,829.070068359375
1789859618.673434,0,0,850.454833984375,802.7504272460938,842.2299194335938,829.070068359375
1789859618.684819,0,0,850.454833984375,802.7504272460938,842.2299194335938,829.070068359375
1789859618.6958306,0,0,850.454833984375,802.7504272460938,842.2299194335938,829.070068359375
1789859618.7070918,0,0,858.6797485351562,806.0403442382812,837.2949829101562,842.2299194335938
1789859618.7179413,0,0,858.6797485351562,806.0403442382812,837.2949829101562,842.2299194335938
1789859618.728655,0,0,858.6797485351562,806.0403442382812,837.2949829101562,842.2299194335938
1789859618.7395732,0,0,858.6797485351562,806.0403442382812,837.2949829101562,842.2299194335938
1789859618.7504349,0,0,842.2299194335938,806.0403442382812,830.715087890625,820.84521484375
1789859618.7615266,0,0,847.1648559570312,801.1054077148438,832.3600463867188,832.3600463867188
1789859618.77244,0,0,847.1648559570312,801.1054077148438,832.3600463867188,832.3600463867188
1789859618.783045,0,0,847.1648559570312,801.1054077148438,832.3600463867188,832.3600463867188
1789859618.794333,0,0,847.1648559570312,801.1054077148438,832.3600463867188,832.3600463867188
1789859618.8051136,0,0,866.9046630859375,807.6853637695312,832.3600463867188,838.9400024414062
1789859618.8158724,0,0,866.9046630859375,807.6853637695312,832.3600463867188,838.9400024414062
1789859618.827167,0,0,866.9046630859375,807.6853637695312,832.3600463867188,838.9400024414062
1789859618.8380306,0,0,866.9046630859375,807.6853637695312,832.3600463867188,838.9400024414062
1789859618.849062,0,0,866.9046630859375,807.6853637695312,832.3600463867188,838.9400024414062
1789859618.8601832,0,0,852.0997924804688,807.6853637695312,832.3600463867188,835.6500244140625
1789859618.8712633,0,0,857.0347290039062,807.6853637695312,834.0050048828125,838.9400024414062
1789859618.881862,0,0,857.0347290039062,807.6853637695312,834.0050048828125,838.9400024414062
1789859618.8933089,0,0,857.0347290039062,807.6853637695312,834.0050048828125,838.9400024414062
1789859618.9046738,0,0,858.6797485351562,809.330322265625,834.0050048828125,829.070068359375
1789859618.9157374,0,0,866.9046630859375,802.7504272460938,835.6500244140625,842.2299194335938
1789859618.926358,0,0,866.9046630859375,802.7504272460938,835.6500244140625,842.2299194335938
1789859618.9373593,0,0,866.9046630859375,802.7504272460938,835.6500244140625,842.2299194335938
1789859618.948164,0,0,866.9046630859375,802.7504272460938,835.6500244140625,842.2299194335938
1789859618.9590387,0,0,863.6146850585938,807.6853637695312,835.6500244140625,834.0050048828125
1789859618.9698017,0,0,848.8098754882812,806.0403442382812,834.0050048828125,842.2299194335938
1789859618.9805527,0,0,848.8098754882812,806.0403442382812,834.0050048828125,842.2299194335938
1789859618.9914472,0,0,848.8098754882812,806.0403442382812,834.0050048828125,842.2299194335938
1789859619.0022335,0,0,845.5198974609375,806.0403442382812,830.715087890625,834.0050048828125
1789859619.0129988,0,0,850.454833984375,812.6203002929688,837.2949829101562,835.6500244140625
1789859619.0241845,0,0,850.454833984375,812.6203002929688,837.2949829101562,835.6500244140625
1789859619.0351598,0,0,850.454833984375,812.6203002929688,837.2949829101562,835.6500244140625
1789859619.0459962,0,0,850.454833984375,812.6203002929688,837.2949829101562,835.6500244140625
1789859619.0570529,0,0,852.0997924804688,817.5552368164062,837.2949829101562,835.6500244140625
1789859619.0681157,0,0,861.9697265625,814.2652587890625,837.2949829101562,843.8749389648438
1789859619.0791132,0,0,861.9697265625,814.2652587890625,837.2949829101562,843.8749389648438
1789859619.09021,0,0,861.9697265625,814.2652587890625,837.2949829101562,843.8749389648438
1789859619.101652,0,0,861.9697265625,814.2652587890625,837.2949829101562,843.8749389648438
1789859619.1128175,0,0,861.9697265625,814.2652587890625,837.2949829101562,843.8749389648438
1789859619.123965,0,0,861.9697265625,814.2652587890625,837.2949829101562,843.8749389648438
1789859619.135064,0,0,853.7448120117188,814.2652587890625,834.0050048828125,832.3600463867188
1789859619.1460168,0,0,853.7448120117188,814.2652587890625,834.0050048828125,832.3600463867188
1789859619.156722,0,0,857.0347290039062,820.84521484375,837.2949829101562,837.2949829101562
1789859619.1678646,0,0,857.0347290039062,824.1351318359375,845.5198974609375,843.8749389648438
1789859619.1789522,0,0,857.0347290039062,824.1351318359375,845.5198974609375,843.8749389648438
1789859619.1900258,0,0,857.0347290039062,824.1351318359375,845.5198974609375,843.8749389648438
1789859619.2007809,0,0,857.0347290039062,824.1351318359375,845.5198974609375,843.8749389648438
1789859619.2120652,0,0,848.8098754882812,825.7801513671875,848.8098754882812,834.0050048828125
1789859619.2232554,0,0,848.8098754882812,825.7801513671875,848.8098754882812,834.0050048828125
1789859619.23412,0,0,848.8098754882812,825.7801513671875,848.8098754882812,834.0050048828125
1789859619.2453215,0,0,848.8098754882812,825.7801513671875,848.8098754882812,834.0050048828125
1789859619.2564125,0,0,827.4251098632812,838.9400024414062,850.454833984375,804.3953857421875
1789859619.267453,0,0,759.9808959960938,852.0997924804688,863.6146850585938,735.3062133789062
1789859619.2785861,0,0,761.6259155273438,845.5198974609375,863.6146850585938,738.59619140625
1789859619.2895517,0,0,761.6259155273438,845.5198974609375,863.6146850585938,738.59619140625
1789859619.3003187,0,0,761.6259155273438,845.5198974609375,863.6146850585938,738.59619140625
1789859619.3110766,0,0,787.945556640625,832.3600463867188,860.32470703125,771.4957885742188
1789859619.3221426,0,0,819.2001953125,829.070068359375,850.454833984375,804.3953857421875
1789859619.333191,0,0,819.2001953125,829.070068359375,850.454833984375,804.3953857421875
1789859619.3440347,0,0,819.2001953125,829.070068359375,850.454833984375,804.3953857421875
1789859619.355209,0,0,819.2001953125,829.070068359375,850.454833984375,804.3953857421875
1789859619.3659384,0,0,855.3897705078125,794.5255126953125,842.2299194335938,843.8749389648438
1789859619.3767338,0,0,873.4845581054688,799.46044921875,838.9400024414062,861.9697265625
1789859619.3877363,0,0,873.4845581054688,799.46044921875,838.9400024414062,861.9697265625
1789859619.3987377,0,0,873.4845581054688,799.46044921875,838.9400024414062,861.9697265625
1789859619.4093156,0,0,873.4845581054688,799.46044921875,838.9400024414062,861.9697265625
1789859619.4201117,0,0,873.4845581054688,799.46044921875,838.9400024414062,861.9697265625
1789859619.4311068,0,0,873.4845581054688,799.46044921875,838.9400024414062,861.9697265625
1789859619.4418652,0,0,873.4845581054688,799.46044921875,838.9400024414062,861.9697265625
1789859619.45252,0,0,873.4845581054688,799.46044921875,838.9400024414062,861.9697265625
1789859619.4631982,0,0,875.1295166015625,810.9752807617188,837.2949829101562,847.1648559570312
1789859619.4743464,0,0,873.4845581054688,802.7504272460938,835.6500244140625,858.6797485351562
1789859619.4850965,0,0,873.4845581054688,802.7504272460938,835.6500244140625,858.6797485351562
1789859619.49591,0,0,873.4845581054688,802.7504272460938,835.6500244140625,858.6797485351562
1789859619.5071213,0,0,873.4845581054688,802.7504272460938,835.6500244140625,858.6797485351562
1789859619.5178893,0,0,873.4845581054688,820.84521484375,834.0050048828125,853.7448120117188
1789859619.529131,0,0,873.4845581054688,820.84521484375,834.0050048828125,853.7448120117188
1789859619.540703,0,0,873.4845581054688,820.84521484375,834.0050048828125,853.7448120117188
1789859619.5516148,0,0,873.4845581054688,820.84521484375,834.0050048828125,853.7448120117188
1789859619.5623808,0,0,873.4845581054688,820.84521484375,834.0050048828125,853.7448120117188
1789859619.5736043,0,0,866.9046630859375,820.84521484375,838.9400024414062,850.454833984375
1789859619.5850723,0,0,866.9046630859375,815.9102783203125,840.5849609375,848.8098754882812
1789859619.5959284,0,0,866.9046630859375,815.9102783203125,840.5849609375,848.8098754882812
1789859619.6071718,0,0,866.9046630859375,815.9102783203125,840.5849609375,848.8098754882812
1789859619.618544,0,0,868.5496215820312,814.2652587890625,838.9400024414062,852.0997924804688
1789859619.6292932,0,0,868.5496215820312,814.2652587890625,838.9400024414062,852.0997924804688
1789859619.640387,0,0,868.5496215820312,814.2652587890625,838.9400024414062,852.0997924804688
1789859619.6512568,0,0,868.5496215820312,814.2652587890625,838.9400024414062,852.0997924804688
1789859619.6619382,0,0,868.5496215820312,814.2652587890625,838.9400024414062,852.0997924804688
1789859619.6725955,0,0,858.6797485351562,809.330322265625,838.9400024414062,845.5198974609375
1789859619.6836507,0,0,848.8098754882812,812.6203002929688,835.6500244140625,838.9400024414062
1789859619.695158,0,0,860.32470703125,814.2652587890625,834.0050048828125,840.5849609375
1789859619.7060883,0,0,860.32470703125,814.2652587890625,834.0050048828125,840.5849609375
1789859619.716964,0,0,860.32470703125,814.2652587890625,834.0050048828125,840.5849609375
1789859619.7280428,0,0,860.32470703125,814.2652587890625,834.0050048828125,840.5849609375
1789859619.7390454,0,0,857.0347290039062,810.9752807617188,832.3600463867188,842.2299194335938
1789859619.7497187,0,0,857.0347290039062,810.9752807617188,832.3600463867188,842.2299194335938
1789859619.7604504,0,0,857.0347290039062,810.9752807617188,832.3600463867188,842.2299194335938
1789859619.77148,0,0,863.6146850585938,810.9752807617188,829.070068359375,837.2949829101562
1789859619.7825792,0,0,853.7448120117188,815.9102783203125,832.3600463867188,840.5849609375
1789859619.7936409,0,0,853.7448120117188,815.9102783203125,832.3600463867188,840.5849609375
1789859619.80482,0,0,853.7448120117188,815.9102783203125,832.3600463867188,840.5849609375
1789859619.8153784,0,0,853.7448120117188,815.9102783203125,832.3600463867188,840.5849609375
1789859619.8262417,0,0,853.7448120117188,815.9102783203125,832.3600463867188,840.5849609375
1789859619.8368237,0,0,853.7448120117188,815.9102783203125,832.3600463867188,840.5849609375
1789859619.8475223,1,0,853.7448120117188,815.9102783203125,832.3600463867188,840.5849609375
1789859619.8582532,1,0,853.7448120117188,815.9102783203125,832.3600463867188,840.5849609375
1789859619.8692613,1,0,853.7448120117188,815.9102783203125,832.3600463867188,840.5849609375
1789859619.880605,1,0,858.6797485351562,817.5552368164062,835.6500244140625,840.5849609375
1789859619.8916242,1,0,858.6797485351562,820.84521484375,834.0050048828125,843.8749389648438
1789859619.9026523,1,0,858.6797485351562,820.84521484375,834.0050048828125,843.8749389648438
1789859619.9134235,1,0,858.6797485351562,820.84521484375,834.0050048828125,843.8749389648438
1789859619.924079,1,0,858.6797485351562,820.84521484375,834.0050048828125,843.8749389648438
1789859619.9352055,1,0,858.6797485351562,820.84521484375,834.0050048828125,843.8749389648438
1789859619.9463594,1,0,848.8098754882812,817.5552368164062,835.6500244140625,843.8749389648438
1789859619.957478,1,0,848.8098754882812,817.5552368164062,835.6500244140625,843.8749389648438
1789859619.968448,1,0,848.8098754882812,817.5552368164062,835.6500244140625,843.8749389648438
1789859619.9790864,1,0,848.8098754882812,817.5552368164062,835.6500244140625,843.8749389648438
1789859619.9900753,1,0,863.6146850585938,824.1351318359375,838.9400024414062,847.1648559570312
1789859620.0009382,1,0,866.9046630859375,817.5552368164062,837.2949829101562,852.0997924804688
1789859620.011592,1,0,866.9046630859375,817.5552368164062,837.2949829101562,852.0997924804688
1789859620.0225828,1,0,866.9046630859375,817.5552368164062,837.2949829101562,852.0997924804688
1789859620.0333028,1,0,866.9046630859375,817.5552368164062,834.0050048828125,843.8749389648438
1789859620.0441432,1,0,866.9046630859375,817.5552368164062,834.0050048828125,843.8749389648438
1789859620.0548604,1,0,866.9046630859375,817.5552368164062,834.0050048828125,843.8749389648438
1789859620.0654206,1,0,866.9046630859375,817.5552368164062,834.0050048828125,843.8749389648438
1789859620.075937,1,0,866.9046630859375,817.5552368164062,834.0050048828125,843.8749389648438
1789859620.0868149,1,0,858.6797485351562,815.9102783203125,835.6500244140625,838.9400024414062
1789859620.0977466,1,0,861.9697265625,819.2001953125,837.2949829101562,850.454833984375
1789859620.1084847,1,0,861.9697265625,819.2001953125,837.2949829101562,850.454833984375
1789859620.119584,1,0,861.9697265625,819.2001953125,837.2949829101562,850.454833984375
1789859620.1307611,1,0,861.9697265625,819.2001953125,837.2949829101562,850.454833984375
1789859620.1419299,1,0,861.9697265625,819.2001953125,840.5849609375,852.0997924804688
1789859620.1527877,1,0,863.6146850585938,825.7801513671875,842.2299194335938,840.5849609375
1789859620.163569,1,0,863.6146850585938,825.7801513671875,842.2299194335938,840.5849609375
1789859620.1743534,1,0,863.6146850585938,825.7801513671875,842.2299194335938,840.5849609375
1789859620.1848855,1,0,863.6146850585938,825.7801513671875,842.2299194335938,840.5849609375
1789859620.196422,1,0,861.9697265625,817.5552368164062,840.5849609375,853.7448120117188
1789859620.2075336,1,0,861.9697265625,817.5552368164062,840.5849609375,853.7448120117188
1789859620.2185225,1,0,861.9697265625,817.5552368164062,840.5849609375,853.7448120117188
1789859620.2292693,1,0,861.9697265625,817.5552368164062,840.5849609375,853.7448120117188
1789859620.2399468,1,0,861.9697265625,817.5552368164062,840.5849609375,853.7448120117188
1789859620.250753,1,0,855.3897705078125,824.1351318359375,837.2949829101562,848.8098754882812
1789859620.2614424,1,0,861.9697265625,819.2001953125,837.2949829101562,850.454833984375
1789859620.2720368,1,0,861.9697265625,819.2001953125,837.2949829101562,850.454833984375
1789859620.2830832,1,0,861.9697265625,819.2001953125,837.2949829101562,850.454833984375
1789859620.293848,1,0,863.6146850585938,819.2001953125,842.2299194335938,838.9400024414062
1789859620.3052645,1,0,855.3897705078125,814.2652587890625,838.9400024414062,848.8098754882812
1789859620.3164523,1,0,855.3897705078125,814.2652587890625,838.9400024414062,848.8098754882812
1789859620.3274477,1,0,855.3897705078125,814.2652587890625,838.9400024414062,848.8098754882812
1789859620.338332,1,0,855.3897705078125,814.2652587890625,838.9400024414062,848.8098754882812
1789859620.3494492,1,0,855.3897705078125,814.2652587890625,838.9400024414062,848.8098754882812
1789859620.3602047,1,0,855.3897705078125,814.2652587890625,838.9400024414062,848.8098754882812
1789859620.3709245,1,0,855.3897705078125,814.2652587890625,838.9400024414062,848.8098754882812
1789859620.3817916,1,0,855.3897705078125,814.2652587890625,838.9400024414062,848.8098754882812
1789859620.3928554,1,0,853.7448120117188,843.8749389648438,810.9752807617188,806.0403442382812
1789859620.4038863,1,0,853.7448120117188,843.8749389648438,810.9752807617188,806.0403442382812
1789859620.4147325,1,0,853.7448120117188,843.8749389648438,810.9752807617188,806.0403442382812
1789859620.4254973,1,0,853.7448120117188,843.8749389648438,810.9752807617188,806.0403442382812
1789859620.4361331,1,0,853.7448120117188,843.8749389648438,810.9752807617188,806.0403442382812
1789859620.4470263,1,0,853.7448120117188,843.8749389648438,810.9752807617188,806.0403442382812
1789859620.4579213,1,0,840.5849609375,965.6034545898438,822.4901733398438,799.46044921875
1789859620.4685822,1,0,840.5849609375,965.6034545898438,822.4901733398438,799.46044921875
1789859620.4793785,1,0,840.5849609375,965.6034545898438,822.4901733398438,799.46044921875
1789859620.4901032,1,0,715.5664672851562,1268.27978515625,776.4307250976562,681.0218505859375
1789859620.5010068,1,0,817.5552368164062,1570.9561767578125,855.3897705078125,773.1407470703125
1789859620.512098,1,0,817.5552368164062,1570.9561767578125,855.3897705078125,773.1407470703125
1789859620.5229764,1,0,817.5552368164062,1570.9561767578125,855.3897705078125,773.1407470703125
1789859620.5339956,1,0,817.5552368164062,1570.9561767578125,855.3897705078125,773.1407470703125
1789859620.5450888,1,0,817.5552368164062,1570.9561767578125,855.3897705078125,773.1407470703125
1789859620.5557635,1,0,830.715087890625,1603.8558349609375,863.6146850585938,776.4307250976562
1789859620.5664432,1,0,830.715087890625,1603.8558349609375,863.6146850585938,776.4307250976562
1789859620.577247,1,0,830.715087890625,1603.8558349609375,863.6146850585938,776.4307250976562
1789859620.587847,1,0,810.9752807617188,1593.9859619140625,855.3897705078125,756.6909790039062
1789859620.5991209,1,0,875.1295166015625,1515.02685546875,899.8042602539062,830.715087890625
1789859620.6098313,1,0,878.4194946289062,1511.7369384765625,884.9994506835938,843.8749389648438
1789859620.6207519,1,0,878.4194946289062,1511.7369384765625,884.9994506835938,843.8749389648438
1789859620.6314707,1,0,878.4194946289062,1511.7369384765625,884.9994506835938,843.8749389648438
1789859620.6425893,1,0,878.4194946289062,1511.7369384765625,884.9994506835938,843.8749389648438
1789859620.6537106,1,0,878.4194946289062,1511.7369384765625,884.9994506835938,843.8749389648438
1789859620.665,1,0,878.4194946289062,1511.7369384765625,884.9994506835938,843.8749389648438
1789859620.6761155,1,0,878.4194946289062,1511.7369384765625,884.9994506835938,843.8749389648438
1789859620.6869714,1,0,878.4194946289062,1511.7369384765625,884.9994506835938,843.8749389648438
1789859620.698233,1,0,875.1295166015625,1441.0028076171875,886.6444091796875,825.7801513671875
1789859620.7092814,1,0,937.6387939453125,1278.1497802734375,917.8990478515625,880.064453125
1789859620.719928,1,0,937.6387939453125,1278.1497802734375,917.8990478515625,880.064453125
1789859620.7310588,1,0,937.6387939453125,1278.1497802734375,917.8990478515625,880.064453125
1789859620.7418702,1,0,937.6387939453125,1278.1497802734375,917.8990478515625,880.064453125
1789859620.7524056,1,0,937.6387939453125,1278.1497802734375,917.8990478515625,880.064453125
1789859620.7633095,1,0,861.9697265625,1248.5400390625,865.2596435546875,804.3953857421875
1789859620.77439,1,0,861.9697265625,1248.5400390625,865.2596435546875,804.3953857421875
1789859620.7853098,1,0,861.9697265625,1248.5400390625,865.2596435546875,804.3953857421875
1789859620.7959309,1,0,863.6146850585938,1235.3802490234375,852.0997924804688,837.2949829101562
1789859620.8069887,1,0,881.70947265625,1069.2371826171875,852.0997924804688,847.1648559570312
1789859620.8177152,1,0,881.70947265625,1069.2371826171875,852.0997924804688,847.1648559570312
1789859620.8284233,1,0,881.70947265625,1069.2371826171875,852.0997924804688,847.1648559570312
1789859620.8394523,1,0,881.70947265625,1069.2371826171875,852.0997924804688,847.1648559570312
1789859620.8501399,1,0,881.70947265625,1026.4677734375,847.1648559570312,850.454833984375
1789859620.8613355,1,0,881.70947265625,1026.4677734375,847.1648559570312,850.454833984375
1789859620.8724217,1,0,881.70947265625,1026.4677734375,847.1648559570312,850.454833984375
1789859620.8831286,1,0,881.70947265625,1026.4677734375,847.1648559570312,850.454833984375
1789859620.8942688,1,0,881.70947265625,1026.4677734375,847.1648559570312,850.454833984375
1789859620.9056284,1,0,858.6797485351562,623.4475708007812,822.4901733398438,838.9400024414062
1789859620.9168017,1,0,865.2596435546875,463.88446044921875,819.2001953125,855.3897705078125
1789859620.927545,1,0,865.2596435546875,463.88446044921875,819.2001953125,855.3897705078125
1789859620.9385574,1,0,865.2596435546875,463.88446044921875,819.2001953125,855.3897705078125
1789859620.9491837,1,0,865.2596435546875,463.88446044921875,819.2001953125,855.3897705078125
1789859620.9599526,1,0,865.2596435546875,463.88446044921875,819.2001953125,855.3897705078125
1789859620.9708462,1,0,863.6146850585938,444.1446838378906,814.2652587890625,850.454833984375
1789859620.9815946,1,0,863.6146850585938,444.1446838378906,814.2652587890625,850.454833984375
1789859620.992437,1,0,863.6146850585938,444.1446838378906,814.2652587890625,850.454833984375
1789859621.0033758,1,0,860.32470703125,333.9309997558594,820.84521484375,852.0997924804688
1789859621.014005,1,0,822.4901733398438,259.9068908691406,870.194580078125,848.8098754882812
1789859621.0251334,1,0,822.4901733398438,259.9068908691406,870.194580078125,848.8098754882812
1789859621.0361807,1,0,822.4901733398438,259.9068908691406,870.194580078125,848.8098754882812
1789859621.0468113,1,0,822.4901733398438,259.9068908691406,870.194580078125,848.8098754882812
1789859621.0580602,1,0,835.6500244140625,287.8715515136719,876.7745361328125,847.1648559570312
1789859621.069134,1,0,835.6500244140625,287.8715515136719,876.7745361328125,847.1648559570312
1789859621.0801852,1,0,843.8749389648438,292.8064880371094,878.4194946289062,837.2949829101562
1789859621.0912685,1,0,843.8749389648438,292.8064880371094,878.4194946289062,837.2949829101562
1789859621.1020412,1,0,845.5198974609375,307.611328125,871.839599609375,840.5849609375
1789859621.113416,1,0,891.579345703125,426.0498962402344,857.0347290039062,889.9343872070312
1789859621.1246219,1,0,891.579345703125,426.0498962402344,857.0347290039062,889.9343872070312
1789859621.1352267,1,0,891.579345703125,426.0498962402344,857.0347290039062,889.9343872070312
1789859621.1467435,1,0,891.579345703125,426.0498962402344,857.0347290039062,889.9343872070312
1789859621.158042,1,0,891.579345703125,437.56475830078125,853.7448120117188,898.1592407226562
1789859621.1686847,1,0,891.579345703125,437.56475830078125,853.7448120117188,898.1592407226562
1789859621.179419,1,0,891.579345703125,437.56475830078125,853.7448120117188,898.1592407226562
1789859621.1903565,1,0,881.70947265625,503.3639831542969,842.2299194335938,873.4845581054688
1789859621.2015636,1,0,883.3544311523438,569.1632080078125,843.8749389648438,871.839599609375
1789859621.212476,1,0,888.2893676757812,577.3881225585938,847.1648559570312,870.194580078125
1789859621.223487,1,0,888.2893676757812,577.3881225585938,847.1648559570312,870.194580078125
1789859621.2343633,1,0,888.2893676757812,577.3881225585938,847.1648559570312,870.194580078125
1789859621.2452807,1,0,888.2893676757812,577.3881225585938,847.1648559570312,870.194580078125
1789859621.2560525,1,0,888.2893676757812,577.3881225585938,847.1648559570312,870.194580078125
1789859621.2667775,1,0,888.2893676757812,577.3881225585938,847.1648559570312,870.194580078125
1789859621.2775657,1,0,888.2893676757812,613.5776977539062,842.2299194335938,878.4194946289062
1789859621.2889535,1,0,875.1295166015625,656.34716796875,842.2299194335938,870.194580078125
1789859621.300028,1,0,875.1295166015625,692.5367431640625,848.8098754882812,858.6797485351562
1789859621.311084,1,0,870.194580078125,687.601806640625,848.8098754882812,860.32470703125
1789859621.3219438,1,0,868.5496215820312,692.5367431640625,848.8098754882812,857.0347290039062
1789859621.3329728,1,0,860.32470703125,684.3118286132812,848.8098754882812,858.6797485351562
1789859621.3439672,1,0,848.8098754882812,690.8917236328125,847.1648559570312,852.0997924804688
1789859621.3550172,1,0,858.6797485351562,713.9214477539062,843.8749389648438,852.0997924804688
1789859621.3659914,1,0,871.839599609375,707.341552734375,843.8749389648438,853.7448120117188
1789859621.3772438,1,0,871.839599609375,707.341552734375,843.8749389648438,853.7448120117188
1789859621.3884943,1,0,871.839599609375,707.341552734375,843.8749389648438,853.7448120117188
1789859621.3994362,1,0,871.839599609375,707.341552734375,843.8749389648438,853.7448120117188
1789859621.4103894,1,0,871.839599609375,707.341552734375,843.8749389648438,853.7448120117188
1789859621.4210536,1,0,871.839599609375,707.341552734375,843.8749389648438,853.7448120117188
1789859621.4317744,1,0,871.839599609375,707.341552734375,843.8749389648438,853.7448120117188
1789859621.442433,1,0,870.194580078125,745.1760864257812,843.8749389648438,850.454833984375
1789859621.4536653,1,0,848.8098754882812,766.5608520507812,842.2299194335938,842.2299194335938
1789859621.4646504,1,0,848.8098754882812,766.5608520507812,842.2299194335938,842.2299194335938
1789859621.4755383,1,0,848.8098754882812,766.5608520507812,842.2299194335938,842.2299194335938
1789859621.4866269,1,0,855.3897705078125,774.7857666015625,842.2299194335938,842.2299194335938
1789859621.4974978,1,0,861.9697265625,771.4957885742188,840.5849609375,853.7448120117188
1789859621.5080838,1,0,861.9697265625,771.4957885742188,840.5849609375,853.7448120117188
1789859621.5188785,1,0,861.9697265625,771.4957885742188,840.5849609375,853.7448120117188
1789859621.5294633,1,0,861.9697265625,771.4957885742188,840.5849609375,853.7448120117188
1789859621.5403368,1,0,861.9697265625,771.4957885742188,840.5849609375,853.7448120117188
1789859621.5514252,1,0,863.6146850585938,753.4010009765625,843.8749389648438,840.5849609375
1789859621.562426,1,0,863.6146850585938,753.4010009765625,843.8749389648438,840.5849609375
1789859621.5733705,1,0,863.6146850585938,753.4010009765625,843.8749389648438,840.5849609375
1789859621.5842032,1,0,863.6146850585938,753.4010009765625,843.8749389648438,840.5849609375
1789859621.5948706,1,0,855.3897705078125,776.4307250976562,842.2299194335938,847.1648559570312
1789859621.605472,1,0,855.3897705078125,776.4307250976562,842.2299194335938,847.1648559570312
1789859621.6160507,1,0,855.3897705078125,776.4307250976562,842.2299194335938,847.1648559570312
1789859621.626985,1,0,855.3897705078125,776.4307250976562,842.2299194335938,847.1648559570312
1789859621.637684,1,0,855.3897705078125,776.4307250976562,842.2299194335938,847.1648559570312
1789859621.6486866,1,0,855.3897705078125,776.4307250976562,842.2299194335938,847.1648559570312
1789859621.6596808,1,0,855.3897705078125,776.4307250976562,842.2299194335938,847.1648559570312
1789859621.6705656,1,0,866.9046630859375,776.4307250976562,842.2299194335938,853.7448120117188
1789859621.681847,1,0,868.5496215820312,776.4307250976562,842.2299194335938,848.8098754882812
1789859621.6930995,1,0,860.32470703125,776.4307250976562,842.2299194335938,845.5198974609375
1789859621.7040453,1,0,860.32470703125,776.4307250976562,842.2299194335938,845.5198974609375
1789859621.7146297,1,0,861.9697265625,784.6556396484375,840.5849609375,845.5198974609375
1789859621.725732,1,0,866.9046630859375,781.3656616210938,840.5849609375,852.0997924804688
1789859621.7368684,1,0,866.9046630859375,781.3656616210938,840.5849609375,852.0997924804688
1789859621.7479084,1,0,866.9046630859375,781.3656616210938,840.5849609375,852.0997924804688
1789859621.7588546,1,0,866.9046630859375,781.3656616210938,840.5849609375,852.0997924804688
1789859621.7695546,1,0,866.9046630859375,781.3656616210938,840.5849609375,852.0997924804688
1789859621.7805097,1,0,855.3897705078125,791.2355346679688,840.5849609375,845.5198974609375
1789859621.7917707,1,0,861.9697265625,796.1704711914062,838.9400024414062,847.1648559570312
1789859621.8023503,1,0,861.9697265625,796.1704711914062,838.9400024414062,847.1648559570312
1789859621.8131282,1,0,861.9697265625,796.1704711914062,838.9400024414062,847.1648559570312
1789859621.824219,1,0,861.9697265625,783.0106201171875,829.070068359375,840.5849609375
1789859621.8351111,1,0,861.9697265625,783.0106201171875,829.070068359375,840.5849609375
1789859621.8461924,1,0,861.9697265625,783.0106201171875,829.070068359375,840.5849609375
1789859621.857285,1,0,861.9697265625,783.0106201171875,829.070068359375,840.5849609375
1789859621.8681564,1,0,861.9697265625,783.0106201171875,829.070068359375,840.5849609375
1789859621.8791323,1,0,842.2299194335938,773.1407470703125,829.070068359375,829.070068359375
1789859621.8900063,1,0,850.454833984375,779.720703125,834.0050048828125,838.9400024414062
1789859621.9007535,1,0,850.454833984375,779.720703125,834.0050048828125,838.9400024414062
1789859621.9115071,1,0,850.454833984375,779.720703125,834.0050048828125,838.9400024414062
1789859621.9223511,1,0,857.0347290039062,776.4307250976562,834.0050048828125,843.8749389648438
1789859621.9332778,1,0,857.0347290039062,776.4307250976562,834.0050048828125,843.8749389648438
1789859621.9444695,1,0,857.0347290039062,776.4307250976562,834.0050048828125,843.8749389648438
1789859621.955277,1,0,857.0347290039062,776.4307250976562,834.0050048828125,843.8749389648438
1789859621.966086,1,0,857.0347290039062,776.4307250976562,834.0050048828125,843.8749389648438
1789859621.9773505,1,0,850.454833984375,787.945556640625,834.0050048828125,835.6500244140625
1789859621.9883163,1,0,857.0347290039062,796.1704711914062,815.9102783203125,825.7801513671875
1789859621.9989893,1,0,857.0347290039062,796.1704711914062,815.9102783203125,825.7801513671875
1789859622.0100858,1,0,857.0347290039062,796.1704711914062,815.9102783203125,825.7801513671875
1789859622.0211122,1,0,857.0347290039062,796.1704711914062,815.9102783203125,825.7801513671875
1789859622.0321696,1,0,857.0347290039062,796.1704711914062,815.9102783203125,825.7801513671875
1789859622.0432549,1,0,842.2299194335938,804.3953857421875,806.0403442382812,802.7504272460938
1789859622.0542653,1,0,842.2299194335938,804.3953857421875,806.0403442382812,802.7504272460938
1789859622.065024,1,0,842.2299194335938,804.3953857421875,806.0403442382812,802.7504272460938
1789859622.0758913,1,0,848.8098754882812,806.0403442382812,812.6203002929688,815.9102783203125
1789859622.0869079,1,0,870.194580078125,817.5552368164062,817.5552368164062,832.3600463867188
1789859622.0978932,1,0,870.194580078125,817.5552368164062,817.5552368164062,832.3600463867188
1789859622.1087265,1,0,870.194580078125,817.5552368164062,817.5552368164062,832.3600463867188
1789859622.1193345,1,0,870.194580078125,817.5552368164062,817.5552368164062,832.3600463867188
1789859622.1307821,1,0,870.194580078125,817.5552368164062,817.5552368164062,832.3600463867188
1789859622.1420069,1,0,870.194580078125,817.5552368164062,817.5552368164062,832.3600463867188
1789859622.1530235,1,0,855.3897705078125,817.5552368164062,822.4901733398438,827.4251098632812
1789859622.1636236,1,0,855.3897705078125,817.5552368164062,822.4901733398438,827.4251098632812
1789859622.174777,1,0,855.3897705078125,817.5552368164062,822.4901733398438,827.4251098632812
1789859622.1860967,1,0,865.2596435546875,796.1704711914062,827.4251098632812,842.2299194335938
1789859622.1971123,1,0,857.0347290039062,794.5255126953125,832.3600463867188,845.5198974609375
1789859622.2080698,1,0,857.0347290039062,794.5255126953125,832.3600463867188,845.5198974609375
1789859622.2190685,1,0,857.0347290039062,794.5255126953125,832.3600463867188,845.5198974609375
1789859622.2302701,1,0,857.0347290039062,794.5255126953125,832.3600463867188,845.5198974609375
1789859622.2410307,1,0,857.0347290039062,794.5255126953125,832.3600463867188,845.5198974609375
1789859622.25194,1,0,857.0347290039062,794.5255126953125,832.3600463867188,845.5198974609375
1789859622.2642589,1,0,857.0347290039062,794.5255126953125,832.3600463867188,845.5198974609375
1789859622.2748446,1,0,857.0347290039062,794.5255126953125,832.3600463867188,845.5198974609375
1789859622.2855887,1,0,857.0347290039062,794.5255126953125,832.3600463867188,845.5198974609375
1789859622.296214,1,0,858.6797485351562,801.1054077148438,838.9400024414062,840.5849609375
1789859622.3073838,1,0,857.0347290039062,796.1704711914062,835.6500244140625,840.5849609375
1789859622.318149,1,0,857.0347290039062,796.1704711914062,835.6500244140625,840.5849609375
1789859622.3290293,1,0,857.0347290039062,796.1704711914062,835.6500244140625,840.5849609375
1789859622.3399186,1,0,857.0347290039062,799.46044921875,834.0050048828125,843.8749389648438
1789859622.3508756,1,0,855.3897705078125,802.7504272460938,840.5849609375,845.5198974609375
1789859622.3619187,1,0,855.3897705078125,802.7504272460938,840.5849609375,845.5198974609375
1789859622.3727891,1,0,855.3897705078125,802.7504272460938,840.5849609375,845.5198974609375
1789859622.3834124,1,0,855.3897705078125,802.7504272460938,840.5849609375,845.5198974609375
1789859622.3944116,1,0,860.32470703125,804.3953857421875,838.9400024414062,847.1648559570312
1789859622.4055364,0,0,857.0347290039062,802.7504272460938,835.6500244140625,840.5849609375
1789859622.4165804,0,0,857.0347290039062,802.7504272460938,835.6500244140625,840.5849609375
1789859622.4275537,0,0,870.194580078125,799.46044921875,840.5849609375,848.8098754882812
1789859622.438564,0,0,870.194580078125,799.46044921875,840.5849609375,848.8098754882812
1789859622.4492538,0,0,870.194580078125,799.46044921875,840.5849609375,848.8098754882812
1789859622.459822,0,0,870.194580078125,799.46044921875,840.5849609375,848.8098754882812
1789859622.4708319,0,0,870.194580078125,799.46044921875,840.5849609375,848.8098754882812
1789859622.4818852,0,0,866.9046630859375,801.1054077148438,837.2949829101562,850.454833984375
1789859622.4931622,0,0,858.6797485351562,809.330322265625,838.9400024414062,845.5198974609375
1789859622.5038376,0,0,858.6797485351562,809.330322265625,838.9400024414062,845.5198974609375
1789859622.5147839,0,0,858.6797485351562,809.330322265625,838.9400024414062,845.5198974609375
1789859622.5258377,0,0,858.6797485351562,809.330322265625,838.9400024414062,845.5198974609375
1789859622.5370893,0,0,860.32470703125,806.0403442382812,838.9400024414062,843.8749389648438
1789859622.5480797,0,0,860.32470703125,806.0403442382812,838.9400024414062,843.8749389648438
1789859622.558889,0,0,860.32470703125,806.0403442382812,838.9400024414062,843.8749389648438
1789859622.569652,0,0,860.32470703125,806.0403442382812,838.9400024414062,843.8749389648438
1789859622.5803752,0,0,861.9697265625,812.6203002929688,843.8749389648438,843.8749389648438
1789859622.5918326,0,0,852.0997924804688,807.6853637695312,840.5849609375,843.8749389648438
1789859622.602719,0,0,852.0997924804688,807.6853637695312,840.5849609375,843.8749389648438
1789859622.6136787,0,0,852.0997924804688,807.6853637695312,840.5849609375,843.8749389648438
1789859622.6243308,0,0,852.0997924804688,807.6853637695312,840.5849609375,843.8749389648438
1789859622.6354353,0,0,852.0997924804688,807.6853637695312,840.5849609375,843.8749389648438
1789859622.64647,0,0,853.7448120117188,812.6203002929688,837.2949829101562,847.1648559570312
1789859622.657616,0,0,853.7448120117188,812.6203002929688,837.2949829101562,847.1648559570312
1789859622.6688561,0,0,853.7448120117188,812.6203002929688,837.2949829101562,847.1648559570312
1789859622.679912,0,0,853.7448120117188,812.6203002929688,837.2949829101562,847.1648559570312
1789859622.691729,0,0,861.9697265625,804.3953857421875,838.9400024414062,843.8749389648438
1789859622.70288,0,0,861.9697265625,804.3953857421875,838.9400024414062,843.8749389648438
1789859622.7136817,0,0,861.9697265625,804.3953857421875,838.9400024414062,843.8749389648438
1789859622.7243822,0,0,861.9697265625,804.3953857421875,838.9400024414062,843.8749389648438
1789859622.7354527,0,0,860.32470703125,809.330322265625,840.5849609375,847.1648559570312
1789859622.74638,0,0,858.6797485351562,812.6203002929688,837.2949829101562,835.6500244140625
1789859622.7572384,0,0,858.6797485351562,812.6203002929688,837.2949829101562,835.6500244140625
1789859622.768238,0,0,858.6797485351562,812.6203002929688,837.2949829101562,835.6500244140625
1789859622.7792876,0,0,853.7448120117188,819.2001953125,830.715087890625,832.3600463867188
1789859622.7904594,0,0,848.8098754882812,817.5552368164062,830.715087890625,843.8749389648438
1789859622.801767,0,0,848.8098754882812,817.5552368164062,830.715087890625,843.8749389648438
1789859622.8128512,0,0,848.8098754882812,817.5552368164062,830.715087890625,843.8749389648438
1789859622.8242943,0,0,848.8098754882812,817.5552368164062,830.715087890625,843.8749389648438
1789859622.8355215,0,0,852.0997924804688,812.6203002929688,829.070068359375,845.5198974609375
1789859622.846502,0,0,853.7448120117188,807.6853637695312,832.3600463867188,850.454833984375
1789859622.8575583,0,0,853.7448120117188,807.6853637695312,832.3600463867188,850.454833984375
1789859622.8685002,0,0,853.7448120117188,807.6853637695312,832.3600463867188,850.454833984375
1789859622.879266,0,0,842.2299194335938,819.2001953125,835.6500244140625,853.7448120117188
1789859622.8903508,0,0,845.5198974609375,817.5552368164062,837.2949829101562,845.5198974609375
1789859622.902197,0,0,845.5198974609375,817.5552368164062,837.2949829101562,845.5198974609375
1789859622.9128637,0,0,845.5198974609375,817.5552368164062,837.2949829101562,845.5198974609375
1789859622.9235106,0,0,845.5198974609375,817.5552368164062,837.2949829101562,845.5198974609375
1789859622.934494,0,0,843.8749389648438,824.1351318359375,834.0050048828125,847.1648559570312
1789859622.945656,0,0,838.9400024414062,812.6203002929688,835.6500244140625,837.2949829101562
1789859622.9564874,0,0,850.454833984375,815.9102783203125,834.0050048828125,829.070068359375
1789859622.9676318,0,0,847.1648559570312,807.6853637695312,837.2949829101562,838.9400024414062
1789859622.9785388,0,0,847.1648559570312,807.6853637695312,837.2949829101562,838.9400024414062
1789859622.9895675,0,0,847.1648559570312,807.6853637695312,837.2949829101562,838.9400024414062
1789859623.0004485,0,0,847.1648559570312,807.6853637695312,837.2949829101562,838.9400024414062
1789859623.0119295,0,0,860.32470703125,809.330322265625,837.2949829101562,843.8749389648438
1789859623.0230522,0,0,860.32470703125,809.330322265625,837.2949829101562,843.8749389648438
1789859623.0338268,0,0,860.32470703125,809.330322265625,837.2949829101562,843.8749389648438
1789859623.0443976,0,0,860.32470703125,809.330322265625,837.2949829101562,843.8749389648438
1789859623.0551043,0,0,861.9697265625,807.6853637695312,837.2949829101562,850.454833984375
1789859623.0659187,0,0,848.8098754882812,819.2001953125,838.9400024414062,842.2299194335938
1789859623.0769677,0,0,853.7448120117188,809.330322265625,837.2949829101562,845.5198974609375
1789859623.0880332,0,0,853.7448120117188,809.330322265625,837.2949829101562,845.5198974609375
1789859623.0989075,0,0,843.8749389648438,814.2652587890625,842.2299194335938,840.5849609375
1789859623.1098588,0,0,845.5198974609375,814.2652587890625,843.8749389648438,843.8749389648438
1789859623.120847,0,0,845.5198974609375,814.2652587890625,843.8749389648438,843.8749389648438
1789859623.1316583,0,0,845.5198974609375,814.2652587890625,843.8749389648438,843.8749389648438
1789859623.1425855,0,0,855.3897705078125,804.3953857421875,840.5849609375,863.6146850585938
1789859623.1539545,0,0,847.1648559570312,812.6203002929688,840.5849609375,847.1648559570312
1789859623.1645648,0,0,847.1648559570312,812.6203002929688,840.5849609375,847.1648559570312
1789859623.1755445,0,0,847.1648559570312,812.6203002929688,840.5849609375,847.1648559570312
1789859623.1868618,0,0,848.8098754882812,807.6853637695312,840.5849609375,853.7448120117188
1789859623.1980348,0,0,855.3897705078125,809.330322265625,840.5849609375,847.1648559570312
1789859623.209173,0,0,855.3897705078125,809.330322265625,840.5849609375,847.1648559570312
1789859623.2200396,0,0,855.3897705078125,809.330322265625,840.5849609375,847.1648559570312
1789859623.2306798,0,0,855.3897705078125,809.330322265625,840.5849609375,847.1648559570312
1789859623.2418296,0,0,855.3897705078125,809.330322265625,840.5849609375,847.1648559570312
1789859623.2526648,0,0,855.3897705078125,814.2652587890625,838.9400024414062,835.6500244140625
1789859623.2638917,0,0,855.3897705078125,812.6203002929688,842.2299194335938,840.5849609375
1789859623.274852,0,0,861.9697265625,810.9752807617188,835.6500244140625,853.7448120117188
1789859623.285649,0,0,863.6146850585938,814.2652587890625,837.2949829101562,842.2299194335938
1789859623.2968373,0,0,858.6797485351562,814.2652587890625,838.9400024414062,843.8749389648438
1789859623.307853,0,0,858.6797485351562,814.2652587890625,838.9400024414062,843.8749389648438
1789859623.318498,0,0,858.6797485351562,814.2652587890625,838.9400024414062,843.8749389648438
1789859623.3297303,0,0,858.6797485351562,814.2652587890625,838.9400024414062,843.8749389648438
1789859623.3408985,0,0,858.6797485351562,814.2652587890625,838.9400024414062,843.8749389648438
1789859623.3516123,0,0,858.6797485351562,814.2652587890625,838.9400024414062,843.8749389648438
1789859623.3626997,0,0,858.6797485351562,814.2652587890625,838.9400024414062,843.8749389648438
1789859623.374022,0,0,870.194580078125,812.6203002929688,838.9400024414062,845.5198974609375
1789859623.3850281,0,0,870.194580078125,812.6203002929688,838.9400024414062,845.5198974609375
1789859623.395727,0,0,870.194580078125,812.6203002929688,838.9400024414062,845.5198974609375
1789859623.406618,0,0,870.194580078125,812.6203002929688,838.9400024414062,845.5198974609375
1789859623.41727,0,0,870.194580078125,812.6203002929688,838.9400024414062,845.5198974609375
1789859623.4279482,0,0,857.0347290039062,815.9102783203125,837.2949829101562,845.5198974609375
1789859623.438571,0,0,857.0347290039062,815.9102783203125,837.2949829101562,845.5198974609375
1789859623.449517,0,0,857.0347290039062,815.9102783203125,840.5849609375,850.454833984375
1789859623.4609613,0,0,870.194580078125,815.9102783203125,838.9400024414062,860.32470703125
1789859623.4718518,0,0,870.194580078125,815.9102783203125,838.9400024414062,860.32470703125
1789859623.483424,0,0,870.194580078125,815.9102783203125,838.9400024414062,860.32470703125
1789859623.494297,0,0,865.2596435546875,817.5552368164062,840.5849609375,852.0997924804688
1789859623.505003,0,0,858.6797485351562,809.330322265625,840.5849609375,850.454833984375
1789859623.5160081,0,0,858.6797485351562,809.330322265625,840.5849609375,850.454833984375
1789859623.5267932,0,0,858.6797485351562,809.330322265625,840.5849609375,850.454833984375
1789859623.5378995,0,0,858.6797485351562,809.330322265625,840.5849609375,850.454833984375
1789859623.5493288,0,0,852.0997924804688,815.9102783203125,838.9400024414062,853.7448120117188
1789859623.5604184,0,0,858.6797485351562,820.84521484375,845.5198974609375,860.32470703125
1789859623.571199,0,0,858.6797485351562,820.84521484375,845.5198974609375,860.32470703125
1789859623.581813,0,0,858.6797485351562,820.84521484375,845.5198974609375,860.32470703125
1789859623.592542,0,0,858.6797485351562,820.84521484375,845.5198974609375,860.32470703125
1789859623.6036017,0,0,858.6797485351562,822.4901733398438,840.5849609375,838.9400024414062
1789859623.6146612,0,0,858.6797485351562,822.4901733398438,842.2299194335938,850.454833984375
1789859623.625236,0,0,858.6797485351562,822.4901733398438,842.2299194335938,850.454833984375
1789859623.6359456,0,0,858.6797485351562,822.4901733398438,842.2299194335938,850.454833984375
1789859623.6474276,0,0,855.3897705078125,815.9102783203125,840.5849609375,853.7448120117188
1789859623.6582015,0,0,871.839599609375,822.4901733398438,847.1648559570312,843.8749389648438
1789859623.6689079,0,0,871.839599609375,822.4901733398438,847.1648559570312,843.8749389648438
1789859623.680042,0,0,871.839599609375,822.4901733398438,847.1648559570312,843.8749389648438
1789859623.690908,0,0,847.1648559570312,827.4251098632812,852.0997924804688,850.454833984375
1789859623.7018378,0,0,847.1648559570312,827.4251098632812,852.0997924804688,850.454833984375
1789859623.7126198,0,0,847.1648559570312,827.4251098632812,852.0997924804688,850.454833984375
1789859623.7234194,0,0,847.1648559570312,827.4251098632812,852.0997924804688,850.454833984375
1789859623.734434,0,0,847.1648559570312,827.4251098632812,852.0997924804688,850.454833984375
1789859623.7452433,0,0,847.1648559570312,827.4251098632812,852.0997924804688,850.454833984375
1789859623.7569141,0,0,787.945556640625,873.4845581054688,817.5552368164062,755.0459594726562
1789859623.768385,0,0,779.720703125,899.8042602539062,807.6853637695312,725.4363403320312
1789859623.7795422,0,0,789.590576171875,988.6331787109375,781.3656616210938,712.2764892578125
1789859623.7909243,0,0,802.7504272460938,1008.3729248046875,781.3656616210938,730.3712768554688
1789859623.8015208,0,0,802.7504272460938,1008.3729248046875,781.3656616210938,730.3712768554688
1789859623.8121161,0,0,802.7504272460938,1008.3729248046875,781.3656616210938,730.3712768554688
1789859623.8230126,0,0,802.7504272460938,1008.3729248046875,781.3656616210938,730.3712768554688
1789859623.8341906,0,0,802.7504272460938,1008.3729248046875,781.3656616210938,730.3712768554688
1789859623.845345,0,0,802.7504272460938,1008.3729248046875,781.3656616210938,730.3712768554688
1789859623.856444,0,0,802.7504272460938,1008.3729248046875,781.3656616210938,730.3712768554688
1789859623.8675883,0,0,802.7504272460938,1008.3729248046875,781.3656616210938,730.3712768554688
1789859623.8788795,0,0,802.7504272460938,1008.3729248046875,781.3656616210938,730.3712768554688
1789859623.890171,0,0,847.1648559570312,990.2781372070312,781.3656616210938,789.590576171875
1789859623.9012187,0,0,863.6146850585938,1019.8878173828125,779.720703125,815.9102783203125
1789859623.9124746,0,0,863.6146850585938,1019.8878173828125,779.720703125,815.9102783203125
1789859623.923463,0,0,883.3544311523438,1028.1126708984375,787.945556640625,850.454833984375
1789859623.9346454,0,0,883.3544311523438,1028.1126708984375,787.945556640625,850.454833984375
1789859623.9466987,0,0,883.3544311523438,1028.1126708984375,787.945556640625,850.454833984375
1789859623.9577487,0,0,883.3544311523438,1028.1126708984375,787.945556640625,850.454833984375
1789859623.968661,0,0,883.3544311523438,1028.1126708984375,787.945556640625,850.454833984375
1789859623.9794962,0,0,868.5496215820312,909.6741333007812,824.1351318359375,861.9697265625
1789859623.990973,0,0,873.4845581054688,857.0347290039062,835.6500244140625,865.2596435546875
1789859624.0020282,1,0,873.4845581054688,857.0347290039062,835.6500244140625,865.2596435546875
1789859624.0131915,1,0,873.4845581054688,857.0347290039062,835.6500244140625,865.2596435546875
1789859624.0241654,1,0,873.4845581054688,857.0347290039062,835.6500244140625,865.2596435546875
1789859624.0353105,1,0,889.9343872070312,847.1648559570312,835.6500244140625,860.32470703125
1789859624.0462322,1,0,889.9343872070312,847.1648559570312,835.6500244140625,860.32470703125
1789859624.057301,1,0,889.9343872070312,847.1648559570312,835.6500244140625,860.32470703125
1789859624.0684729,1,0,843.8749389648438,827.4251098632812,840.5849609375,861.9697265625
1789859624.079826,1,0,848.8098754882812,748.466064453125,845.5198974609375,866.9046630859375
1789859624.0908203,1,0,861.9697265625,727.081298828125,847.1648559570312,858.6797485351562
1789859624.1018004,1,0,861.9697265625,727.081298828125,847.1648559570312,858.6797485351562
1789859624.1126766,1,0,861.9697265625,727.081298828125,847.1648559570312,858.6797485351562
1789859624.1235607,1,0,863.6146850585938,715.5664672851562,848.8098754882812,863.6146850585938
1789859624.1344194,1,0,863.6146850585938,715.5664672851562,848.8098754882812,863.6146850585938
1789859624.1452925,1,0,863.6146850585938,715.5664672851562,848.8098754882812,863.6146850585938
1789859624.1562788,1,0,863.6146850585938,715.5664672851562,848.8098754882812,863.6146850585938
1789859624.167552,1,0,835.6500244140625,733.6612548828125,847.1648559570312,861.9697265625
1789859624.1786578,1,0,853.7448120117188,736.951171875,843.8749389648438,857.0347290039062
1789859624.1894848,1,0,853.7448120117188,736.951171875,843.8749389648438,857.0347290039062
1789859624.2000344,1,0,876.7745361328125,738.59619140625,847.1648559570312,870.194580078125
1789859624.2108252,1,0,876.7745361328125,738.59619140625,847.1648559570312,870.194580078125
1789859624.222252,1,0,876.7745361328125,738.59619140625,847.1648559570312,870.194580078125
1789859624.233126,1,0,876.7745361328125,738.59619140625,847.1648559570312,870.194580078125
1789859624.2438176,1,0,876.7745361328125,738.59619140625,847.1648559570312,870.194580078125
1789859624.2545877,1,0,871.839599609375,748.466064453125,843.8749389648438,865.2596435546875
1789859624.2654948,1,0,871.839599609375,748.466064453125,843.8749389648438,865.2596435546875
1789859624.2763495,1,0,871.839599609375,748.466064453125,843.8749389648438,865.2596435546875
1789859624.2871587,1,0,871.839599609375,748.466064453125,843.8749389648438,865.2596435546875
1789859624.2981164,1,0,880.064453125,763.2708740234375,848.8098754882812,845.5198974609375
1789859624.3089952,1,0,880.064453125,763.2708740234375,848.8098754882812,845.5198974609375
1789859624.3198762,1,0,880.064453125,763.2708740234375,848.8098754882812,845.5198974609375
1789859624.3305788,1,0,880.064453125,763.2708740234375,848.8098754882812,845.5198974609375
1789859624.3411605,1,0,880.064453125,763.2708740234375,848.8098754882812,845.5198974609375
1789859624.3522484,1,0,878.4194946289062,778.07568359375,847.1648559570312,861.9697265625
1789859624.3634887,1,0,878.4194946289062,778.07568359375,847.1648559570312,861.9697265625
1789859624.3742716,1,0,878.4194946289062,778.07568359375,847.1648559570312,861.9697265625
1789859624.3854108,1,0,852.0997924804688,789.590576171875,842.2299194335938,845.5198974609375
1789859624.3969042,1,0,863.6146850585938,796.1704711914062,842.2299194335938,842.2299194335938
1789859624.4081311,1,0,863.6146850585938,796.1704711914062,842.2299194335938,842.2299194335938
1789859624.4189537,1,0,863.6146850585938,796.1704711914062,842.2299194335938,842.2299194335938
1789859624.429788,1,0,863.6146850585938,796.1704711914062,842.2299194335938,842.2299194335938
1789859624.4410307,1,0,848.8098754882812,789.590576171875,843.8749389648438,852.0997924804688
1789859624.4520023,1,0,838.9400024414062,796.1704711914062,840.5849609375,852.0997924804688
1789859624.4629397,1,0,838.9400024414062,796.1704711914062,840.5849609375,852.0997924804688
1789859624.473655,1,0,838.9400024414062,796.1704711914062,840.5849609375,852.0997924804688
1789859624.4843645,1,0,868.5496215820312,806.0403442382812,837.2949829101562,842.2299194335938
1789859624.495442,1,0,868.5496215820312,806.0403442382812,837.2949829101562,842.2299194335938
1789859624.5064945,1,0,868.5496215820312,806.0403442382812,837.2949829101562,842.2299194335938
1789859624.5172422,1,0,868.5496215820312,806.0403442382812,837.2949829101562,842.2299194335938
1789859624.528327,1,0,868.5496215820312,806.0403442382812,837.2949829101562,842.2299194335938
1789859624.5391064,1,0,884.9994506835938,807.6853637695312,835.6500244140625,842.2299194335938
1789859624.55029,1,0,858.6797485351562,812.6203002929688,840.5849609375,853.7448120117188
1789859624.5610714,1,0,858.6797485351562,812.6203002929688,840.5849609375,853.7448120117188
1789859624.5720224,1,0,858.6797485351562,812.6203002929688,840.5849609375,853.7448120117188
1789859624.5829191,1,0,860.32470703125,809.330322265625,840.5849609375,853.7448120117188
1789859624.5941136,1,0,857.0347290039062,809.330322265625,837.2949829101562,852.0997924804688
1789859624.6053407,1,0,857.0347290039062,809.330322265625,837.2949829101562,852.0997924804688
1789859624.616247,1,0,857.0347290039062,809.330322265625,837.2949829101562,852.0997924804688
1789859624.6271417,1,0,857.0347290039062,809.330322265625,837.2949829101562,852.0997924804688
1789859624.6377027,1,0,857.0347290039062,809.330322265625,837.2949829101562,852.0997924804688
1789859624.6484816,1,0,857.0347290039062,809.330322265625,837.2949829101562,852.0997924804688
1789859624.6592388,1,0,857.0347290039062,809.330322265625,837.2949829101562,852.0997924804688
1789859624.6698332,1,0,857.0347290039062,809.330322265625,837.2949829101562,852.0997924804688
1789859624.6807046,1,0,857.0347290039062,809.330322265625,837.2949829101562,852.0997924804688
1789859624.6913862,1,0,857.0347290039062,809.330322265625,837.2949829101562,852.0997924804688
1789859624.7019162,1,0,857.0347290039062,809.330322265625,837.2949829101562,852.0997924804688
1789859624.7126575,1,0,857.0347290039062,809.330322265625,837.2949829101562,852.0997924804688
1789859624.7232735,1,0,857.0347290039062,809.330322265625,837.2949829101562,852.0997924804688
1789859624.7340052,1,0,857.0347290039062,809.330322265625,837.2949829101562,852.0997924804688
1789859624.7450678,1,0,857.0347290039062,809.330322265625,837.2949829101562,852.0997924804688
1789859624.7558334,1,0,857.0347290039062,809.330322265625,837.2949829101562,852.0997924804688
1789859624.7665243,1,0,857.0347290039062,809.330322265625,837.2949829101562,852.0997924804688
1789859624.7774472,1,0,857.0347290039062,809.330322265625,837.2949829101562,852.0997924804688
1789859624.7880378,1,0,857.0347290039062,809.330322265625,837.2949829101562,852.0997924804688
1789859624.7987056,1,0,857.0347290039062,809.330322265625,837.2949829101562,852.0997924804688
1789859624.8097117,1,0,857.0347290039062,809.330322265625,837.2949829101562,852.0997924804688
1789859624.8206527,1,0,857.0347290039062,809.330322265625,837.2949829101562,852.0997924804688
1789859624.8315809,1,0,857.0347290039062,809.330322265625,837.2949829101562,852.0997924804688
1789859624.8422487,1,0,857.0347290039062,809.330322265625,837.2949829101562,852.0997924804688
1789859624.8529408,1,0,857.0347290039062,809.330322265625,837.2949829101562,852.0997924804688
1789859624.863634,1,0,857.0347290039062,809.330322265625,837.2949829101562,852.0997924804688
1789859624.8746119,1,0,857.0347290039062,809.330322265625,837.2949829101562,852.0997924804688
1789859624.8853524,1,0,857.0347290039062,809.330322265625,837.2949829101562,852.0997924804688
1789859624.8964617,1,0,863.6146850585938,810.9752807617188,842.2299194335938,857.0347290039062
1789859624.9074316,1,0,861.9697265625,810.9752807617188,838.9400024414062,861.9697265625
1789859624.9186485,1,0,861.9697265625,810.9752807617188,838.9400024414062,861.9697265625
1789859624.9296267,1,0,789.590576171875,863.6146850585938,781.3656616210938,781.3656616210938
1789859624.941069,1,0,779.720703125,858.6797485351562,774.7857666015625,735.3062133789062
1789859624.9520326,1,0,779.720703125,858.6797485351562,774.7857666015625,735.3062133789062
1789859624.9628713,1,0,738.59619140625,1574.2462158203125,824.1351318359375,710.6315307617188
1789859624.9741614,1,0,735.3062133789062,1654.8502197265625,773.1407470703125,736.951171875
1789859624.9848406,1,0,735.3062133789062,1654.8502197265625,773.1407470703125,736.951171875
1789859624.9955554,1,0,827.4251098632812,1653.2052001953125,843.8749389648438,838.9400024414062
1789859625.0066736,1,0,919.5440063476562,1523.2518310546875,873.4845581054688,901.44921875
1789859625.0172877,1,0,919.5440063476562,1523.2518310546875,873.4845581054688,901.44921875
1789859625.0279107,1,0,919.5440063476562,1523.2518310546875,873.4845581054688,901.44921875
1789859625.03885,1,0,919.5440063476562,1523.2518310546875,873.4845581054688,901.44921875
1789859625.049681,1,0,919.5440063476562,1523.2518310546875,873.4845581054688,901.44921875
1789859625.0603046,1,0,834.0050048828125,1413.0380859375,827.4251098632812,842.2299194335938
1789859625.0710487,1,0,834.0050048828125,1413.0380859375,827.4251098632812,842.2299194335938
1789859625.0817757,1,0,834.0050048828125,1413.0380859375,827.4251098632812,842.2299194335938
1789859625.0923572,1,0,886.6444091796875,1353.81884765625,847.1648559570312,868.5496215820312
1789859625.1031306,1,0,916.2540283203125,1177.805908203125,875.1295166015625,909.6741333007812
1789859625.1138468,1,0,889.9343872070312,1135.036376953125,860.32470703125,909.6741333007812
1789859625.124515,1,0,889.9343872070312,1135.036376953125,860.32470703125,909.6741333007812
1789859625.1355793,1,0,889.9343872070312,1135.036376953125,860.32470703125,909.6741333007812
1789859625.1468503,1,0,889.9343872070312,1135.036376953125,860.32470703125,909.6741333007812
1789859625.1580846,1,0,889.9343872070312,1135.036376953125,860.32470703125,909.6741333007812
1789859625.168812,1,0,889.9343872070312,1135.036376953125,860.32470703125,909.6741333007812
1789859625.1796093,1,0,889.9343872070312,1135.036376953125,860.32470703125,909.6741333007812
1789859625.1905293,1,0,875.1295166015625,1023.1777954101562,863.6146850585938,873.4845581054688
1789859625.2017438,1,0,909.6741333007812,769.850830078125,861.9697265625,904.7391967773438
1789859625.2123492,1,0,909.6741333007812,769.850830078125,861.9697265625,904.7391967773438
1789859625.2230852,1,0,909.6741333007812,769.850830078125,861.9697265625,904.7391967773438
1789859625.2342272,1,0,909.6741333007812,769.850830078125,861.9697265625,904.7391967773438
1789859625.2452853,1,0,909.6741333007812,769.850830078125,861.9697265625,904.7391967773438
1789859625.2565587,1,0,850.454833984375,626.7374877929688,919.5440063476562,852.0997924804688
1789859625.2674036,1,0,850.454833984375,626.7374877929688,919.5440063476562,852.0997924804688
1789859625.2781532,1,0,850.454833984375,626.7374877929688,919.5440063476562,852.0997924804688
1789859625.2892385,1,0,768.205810546875,460.594482421875,978.7633056640625,824.1351318359375
1789859625.3001106,1,0,781.3656616210938,328.9960632324219,993.568115234375,875.1295166015625
1789859625.3109236,1,0,781.3656616210938,328.9960632324219,993.568115234375,875.1295166015625
1789859625.3216825,1,0,781.3656616210938,328.9960632324219,993.568115234375,875.1295166015625
1789859625.3324218,1,0,781.3656616210938,328.9960632324219,993.568115234375,875.1295166015625
1789859625.343476,1,0,845.5198974609375,243.45709228515625,973.828369140625,934.3488159179688
1789859625.3544996,1,0,845.5198974609375,243.45709228515625,973.828369140625,934.3488159179688
1789859625.365375,1,0,845.5198974609375,243.45709228515625,973.828369140625,934.3488159179688
1789859625.3758519,1,0,863.6146850585938,223.7173309326172,963.95849609375,965.6034545898438
1789859625.386475,1,0,922.833984375,192.46270751953125,929.4138793945312,1010.0179443359375
1789859625.397503,1,0,942.57373046875,228.6522674560547,912.964111328125,996.8580932617188
1789859625.4082756,1,0,942.57373046875,228.6522674560547,912.964111328125,996.8580932617188
1789859625.4190052,1,0,942.57373046875,228.6522674560547,912.964111328125,996.8580932617188
1789859625.4299254,1,0,942.57373046875,228.6522674560547,912.964111328125,996.8580932617188
1789859625.4414213,1,0,942.57373046875,228.6522674560547,912.964111328125,996.8580932617188
1789859625.452178,1,0,949.1536865234375,243.45709228515625,908.0291748046875,998.5030517578125
1789859625.4632576,1,0,949.1536865234375,243.45709228515625,908.0291748046875,998.5030517578125
1789859625.4742417,1,0,917.8990478515625,258.26190185546875,889.9343872070312,955.7335815429688
1789859625.4852943,1,0,901.44921875,417.82501220703125,857.0347290039062,893.2243041992188
1789859625.4964893,1,0,901.44921875,427.69488525390625,858.6797485351562,901.44921875
1789859625.5075421,1,0,901.44921875,427.69488525390625,858.6797485351562,901.44921875
1789859625.5185006,1,0,901.44921875,427.69488525390625,858.6797485351562,901.44921875
1789859625.529307,1,0,901.44921875,427.69488525390625,858.6797485351562,901.44921875
1789859625.5405676,1,0,883.3544311523438,511.5888977050781,847.1648559570312,886.6444091796875
1789859625.5516813,1,0,898.1592407226562,523.103759765625,855.3897705078125,888.2893676757812
1789859625.5626862,1,0,898.1592407226562,523.103759765625,855.3897705078125,888.2893676757812
1789859625.5739126,1,0,884.9994506835938,536.2636108398438,865.2596435546875,883.3544311523438
1789859625.5852356,1,0,888.2893676757812,616.8676147460938,858.6797485351562,883.3544311523438
1789859625.5963018,1,0,888.2893676757812,616.8676147460938,858.6797485351562,883.3544311523438
1789859625.6070855,1,0,888.2893676757812,616.8676147460938,858.6797485351562,883.3544311523438
1789859625.61787,1,0,888.2893676757812,616.8676147460938,858.6797485351562,883.3544311523438
1789859625.6291168,1,0,881.70947265625,620.1575927734375,858.6797485351562,884.9994506835938
1789859625.640343,1,0,866.9046630859375,641.5423583984375,853.7448120117188,871.839599609375
1789859625.651064,1,0,866.9046630859375,641.5423583984375,853.7448120117188,871.839599609375
1789859625.6618028,1,0,866.9046630859375,641.5423583984375,853.7448120117188,871.839599609375
1789859625.6725988,1,0,865.2596435546875,661.2821044921875,850.454833984375,858.6797485351562
1789859625.6835766,1,0,873.4845581054688,689.2467651367188,840.5849609375,852.0997924804688
1789859625.6942682,1,0,873.4845581054688,689.2467651367188,840.5849609375,852.0997924804688
1789859625.7053785,1,0,873.4845581054688,689.2467651367188,840.5849609375,852.0997924804688
1789859625.7159517,1,0,873.4845581054688,689.2467651367188,840.5849609375,852.0997924804688
1789859625.7270331,1,0,873.4845581054688,689.2467651367188,840.5849609375,852.0997924804688
1789859625.7376285,1,0,880.064453125,687.601806640625,842.2299194335938,852.0997924804688
1789859625.7486248,1,0,880.064453125,687.601806640625,842.2299194335938,852.0997924804688
1789859625.759544,1,0,880.064453125,687.601806640625,842.2299194335938,852.0997924804688
1789859625.7706378,1,0,870.194580078125,697.4716796875,840.5849609375,858.6797485351562
1789859625.7816708,1,0,858.6797485351562,713.9214477539062,838.9400024414062,853.7448120117188
1789859625.7929502,1,0,858.6797485351562,713.9214477539062,838.9400024414062,853.7448120117188
1789859625.8039815,1,0,858.6797485351562,713.9214477539062,838.9400024414062,853.7448120117188
1789859625.8148146,1,0,858.6797485351562,713.9214477539062,838.9400024414062,853.7448120117188
1789859625.8258624,1,0,858.6797485351562,713.9214477539062,838.9400024414062,853.7448120117188
1789859625.836522,1,0,858.6797485351562,713.9214477539062,838.9400024414062,853.7448120117188
1789859625.8473725,1,0,858.6797485351562,713.9214477539062,838.9400024414062,853.7448120117188
1789859625.8586648,1,0,855.3897705078125,730.3712768554688,837.2949829101562,853.7448120117188
1789859625.8697445,1,0,880.064453125,741.8861083984375,834.0050048828125,855.3897705078125
1789859625.880666,1,0,880.064453125,741.8861083984375,834.0050048828125,855.3897705078125
1789859625.891239,1,0,880.064453125,741.8861083984375,834.0050048828125,855.3897705078125
1789859625.902127,1,0,852.0997924804688,748.466064453125,817.5552368164062,817.5552368164062
1789859625.913227,1,0,848.8098754882812,748.466064453125,814.2652587890625,819.2001953125
1789859625.9240184,1,0,848.8098754882812,748.466064453125,814.2652587890625,819.2001953125
1789859625.9348485,1,0,848.8098754882812,748.466064453125,814.2652587890625,819.2001953125
1789859625.945935,1,0,848.8098754882812,748.466064453125,814.2652587890625,819.2001953125
1789859625.9568787,1,0,848.8098754882812,748.466064453125,814.2652587890625,819.2001953125
1789859625.9676213,1,0,847.1648559570312,746.8211059570312,817.5552368164062,820.84521484375
1789859625.9785933,1,0,838.9400024414062,755.0459594726562,817.5552368164062,819.2001953125
1789859625.9896202,1,0,838.9400024414062,755.0459594726562,817.5552368164062,819.2001953125
1789859626.0005288,1,0,838.9400024414062,755.0459594726562,817.5552368164062,819.2001953125
1789859626.0113654,1,0,852.0997924804688,776.4307250976562,817.5552368164062,832.3600463867188
1789859626.0224688,1,0,852.0997924804688,776.4307250976562,817.5552368164062,832.3600463867188
1789859626.033435,1,0,852.0997924804688,776.4307250976562,817.5552368164062,832.3600463867188
1789859626.0443485,1,0,852.0997924804688,776.4307250976562,817.5552368164062,832.3600463867188
1789859626.055301,1,0,866.9046630859375,776.4307250976562,814.2652587890625,827.4251098632812
1789859626.0659597,1,0,866.9046630859375,776.4307250976562,814.2652587890625,827.4251098632812
1789859626.0770571,1,0,866.9046630859375,776.4307250976562,814.2652587890625,827.4251098632812
1789859626.0877826,1,0,855.3897705078125,763.2708740234375,820.84521484375,825.7801513671875
1789859626.0988111,1,0,842.2299194335938,763.2708740234375,822.4901733398438,825.7801513671875
1789859626.1097808,1,0,843.8749389648438,768.205810546875,820.84521484375,822.4901733398438
1789859626.1204956,1,0,843.8749389648438,768.205810546875,820.84521484375,822.4901733398438
1789859626.1313975,1,0,843.8749389648438,768.205810546875,820.84521484375,822.4901733398438
1789859626.1426604,1,0,843.8749389648438,768.205810546875,820.84521484375,822.4901733398438
1789859626.1531305,1,0,843.8749389648438,768.205810546875,820.84521484375,822.4901733398438
1789859626.164048,1,0,843.8749389648438,768.205810546875,820.84521484375,822.4901733398438
1789859626.1747952,1,0,843.8749389648438,768.205810546875,820.84521484375,822.4901733398438
1789859626.1859102,1,0,850.454833984375,759.9808959960938,827.4251098632812,835.6500244140625
1789859626.1969001,1,0,863.6146850585938,766.5608520507812,825.7801513671875,847.1648559570312
1789859626.2076464,1,0,855.3897705078125,768.205810546875,825.7801513671875,832.3600463867188
1789859626.2185495,1,0,860.32470703125,779.720703125,832.3600463867188,835.6500244140625
1789859626.2290843,1,0,860.32470703125,779.720703125,832.3600463867188,835.6500244140625
1789859626.240185,1,0,860.32470703125,779.720703125,832.3600463867188,835.6500244140625
1789859626.2509556,1,0,860.32470703125,779.720703125,832.3600463867188,835.6500244140625
1789859626.2618606,1,0,860.32470703125,779.720703125,832.3600463867188,835.6500244140625
1789859626.2727716,1,0,860.32470703125,779.720703125,832.3600463867188,835.6500244140625
1789859626.2837706,1,0,860.32470703125,779.720703125,832.3600463867188,835.6500244140625
1789859626.2950966,1,0,853.7448120117188,773.1407470703125,832.3600463867188,853.7448120117188
1789859626.3064697,1,0,858.6797485351562,779.720703125,834.0050048828125,845.5198974609375
1789859626.3170633,1,0,861.9697265625,778.07568359375,835.6500244140625,848.8098754882812
1789859626.3281162,1,0,861.9697265625,778.07568359375,835.6500244140625,848.8098754882812
1789859626.3391194,1,0,853.7448120117188,778.07568359375,838.9400024414062,855.3897705078125
1789859626.3498049,1,0,853.7448120117188,778.07568359375,838.9400024414062,855.3897705078125
1789859626.3609374,1,0,853.7448120117188,778.07568359375,838.9400024414062,855.3897705078125
1789859626.3720536,1,0,853.7448120117188,778.07568359375,838.9400024414062,855.3897705078125
1789859626.3832264,1,0,853.7448120117188,778.07568359375,838.9400024414062,855.3897705078125
1789859626.394361,1,0,847.1648559570312,778.07568359375,835.6500244140625,838.9400024414062
1789859626.4050934,1,0,847.1648559570312,778.07568359375,835.6500244140625,838.9400024414062
1789859626.4162993,1,0,860.32470703125,791.2355346679688,835.6500244140625,843.8749389648438
1789859626.4273233,1,0,860.32470703125,791.2355346679688,835.6500244140625,843.8749389648438
1789859626.43839,1,0,860.32470703125,791.2355346679688,835.6500244140625,843.8749389648438
1789859626.4491887,1,0,860.32470703125,791.2355346679688,835.6500244140625,843.8749389648438
1789859626.460444,1,0,870.194580078125,801.1054077148438,832.3600463867188,837.2949829101562
1789859626.4714432,1,0,870.194580078125,801.1054077148438,832.3600463867188,837.2949829101562
1789859626.4824393,1,0,870.194580078125,801.1054077148438,832.3600463867188,837.2949829101562
1789859626.4933832,1,0,870.194580078125,801.1054077148438,832.3600463867188,837.2949829101562
1789859626.504579,1,0,870.194580078125,799.46044921875,837.2949829101562,860.32470703125
1789859626.5154035,1,0,853.7448120117188,799.46044921875,837.2949829101562,832.3600463867188
1789859626.526213,1,0,857.0347290039062,797.8154907226562,840.5849609375,847.1648559570312
1789859626.5371785,1,0,858.6797485351562,796.1704711914062,838.9400024414062,843.8749389648438
1789859626.5479045,1,0,858.6797485351562,796.1704711914062,838.9400024414062,843.8749389648438
1789859626.5585933,1,0,858.6797485351562,796.1704711914062,838.9400024414062,843.8749389648438
1789859626.5699685,1,0,858.6797485351562,796.1704711914062,838.9400024414062,843.8749389648438
1789859626.5811853,1,0,858.6797485351562,796.1704711914062,838.9400024414062,843.8749389648438
1789859626.5919814,1,0,855.3897705078125,794.5255126953125,842.2299194335938,850.454833984375
1789859626.602845,1,0,857.0347290039062,792.8805541992188,838.9400024414062,842.2299194335938
1789859626.614326,1,0,866.9046630859375,794.5255126953125,840.5849609375,840.5849609375
1789859626.6254022,1,0,861.9697265625,804.3953857421875,847.1648559570312,840.5849609375
1789859626.636321,1,0,838.9400024414062,804.3953857421875,853.7448120117188,824.1351318359375
1789859626.647232,1,0,838.9400024414062,804.3953857421875,853.7448120117188,824.1351318359375
1789859626.658347,1,0,838.9400024414062,804.3953857421875,853.7448120117188,824.1351318359375
1789859626.669969,1,0,838.9400024414062,804.3953857421875,853.7448120117188,824.1351318359375
1789859626.6815124,1,0,838.9400024414062,804.3953857421875,853.7448120117188,824.1351318359375
1789859626.6928182,1,0,791.2355346679688,827.4251098632812,878.4194946289062,784.6556396484375
1789859626.7037013,1,0,791.2355346679688,827.4251098632812,878.4194946289062,784.6556396484375
1789859626.7144167,1,0,791.2355346679688,827.4251098632812,878.4194946289062,784.6556396484375
1789859626.7253556,1,0,783.0106201171875,832.3600463867188,870.194580078125,778.07568359375
1789859626.7365708,1,0,822.4901733398438,809.330322265625,847.1648559570312,802.7504272460938
1789859626.7475324,1,0,822.4901733398438,809.330322265625,847.1648559570312,802.7504272460938
1789859626.7587306,1,0,822.4901733398438,809.330322265625,847.1648559570312,802.7504272460938
1789859626.7695603,1,0,822.4901733398438,809.330322265625,847.1648559570312,802.7504272460938
1789859626.780376,1,0,822.4901733398438,809.330322265625,847.1648559570312,802.7504272460938
1789859626.7911084,1,0,860.32470703125,799.46044921875,842.2299194335938,842.2299194335938
1789859626.8019726,1,0,853.7448120117188,792.8805541992188,840.5849609375,842.2299194335938
1789859626.8129034,1,0,853.7448120117188,792.8805541992188,840.5849609375,842.2299194335938
1789859626.82369,1,0,865.2596435546875,802.7504272460938,832.3600463867188,853.7448120117188
1789859626.8345942,1,0,865.2596435546875,797.8154907226562,827.4251098632812,850.454833984375
1789859626.8457139,1,0,865.2596435546875,797.8154907226562,827.4251098632812,850.454833984375
1789859626.8564649,1,0,865.2596435546875,797.8154907226562,827.4251098632812,850.454833984375
1789859626.867258,1,0,865.2596435546875,797.8154907226562,827.4251098632812,850.454833984375
1789859626.878034,1,0,865.2596435546875,797.8154907226562,827.4251098632812,850.454833984375
1789859626.8893254,1,0,865.2596435546875,797.8154907226562,827.4251098632812,850.454833984375
1789859626.9000242,1,0,868.5496215820312,792.8805541992188,824.1351318359375,845.5198974609375
1789859626.9109435,1,0,868.5496215820312,792.8805541992188,824.1351318359375,845.5198974609375
1789859626.921952,1,0,868.5496215820312,792.8805541992188,824.1351318359375,845.5198974609375
1789859626.932867,1,0,858.6797485351562,789.590576171875,829.070068359375,847.1648559570312
1789859626.9441712,1,0,853.7448120117188,792.8805541992188,827.4251098632812,847.1648559570312
1789859626.9551003,1,0,853.7448120117188,792.8805541992188,827.4251098632812,847.1648559570312
1789859626.96611,1,0,853.7448120117188,792.8805541992188,827.4251098632812,847.1648559570312
1789859626.9772067,1,0,853.7448120117188,792.8805541992188,827.4251098632812,847.1648559570312
1789859626.987923,1,0,853.7448120117188,792.8805541992188,827.4251098632812,847.1648559570312
1789859626.998823,1,0,853.7448120117188,792.8805541992188,827.4251098632812,847.1648559570312
1789859627.0095475,1,0,870.194580078125,792.8805541992188,830.715087890625,850.454833984375
1789859627.0204525,1,0,866.9046630859375,797.8154907226562,834.0050048828125,847.1648559570312
1789859627.0313203,1,0,860.32470703125,794.5255126953125,835.6500244140625,848.8098754882812
1789859627.0425658,1,0,860.32470703125,794.5255126953125,835.6500244140625,848.8098754882812
1789859627.0533478,1,0,860.32470703125,794.5255126953125,835.6500244140625,848.8098754882812
1789859627.064363,0,0,860.32470703125,794.5255126953125,835.6500244140625,848.8098754882812
1789859627.075738,0,0,861.9697265625,797.8154907226562,835.6500244140625,852.0997924804688
1789859627.086383,0,0,861.9697265625,797.8154907226562,835.6500244140625,852.0997924804688
1789859627.0971658,0,0,861.9697265625,797.8154907226562,835.6500244140625,852.0997924804688
1789859627.1077569,0,0,863.6146850585938,799.46044921875,835.6500244140625,853.7448120117188
1789859627.1188028,0,0,853.7448120117188,806.0403442382812,835.6500244140625,840.5849609375
1789859627.129772,0,0,852.0997924804688,802.7504272460938,832.3600463867188,832.3600463867188
1789859627.1406658,0,0,852.0997924804688,806.0403442382812,835.6500244140625,838.9400024414062
1789859627.1515565,0,0,852.0997924804688,806.0403442382812,835.6500244140625,838.9400024414062
1789859627.1626549,0,0,852.0997924804688,806.0403442382812,835.6500244140625,838.9400024414062
1789859627.173585,0,0,852.0997924804688,806.0403442382812,835.6500244140625,838.9400024414062
1789859627.1846569,0,0,852.0997924804688,806.0403442382812,835.6500244140625,838.9400024414062
1789859627.1956413,0,0,857.0347290039062,794.5255126953125,838.9400024414062,855.3897705078125
1789859627.2070148,0,0,860.32470703125,794.5255126953125,838.9400024414062,852.0997924804688
1789859627.2179704,0,0,860.32470703125,794.5255126953125,838.9400024414062,852.0997924804688
1789859627.2286222,0,0,860.32470703125,794.5255126953125,838.9400024414062,852.0997924804688
1789859627.239862,0,0,855.3897705078125,802.7504272460938,834.0050048828125,845.5198974609375
1789859627.2507524,0,0,855.3897705078125,802.7504272460938,834.0050048828125,845.5198974609375
1789859627.2617571,0,0,855.3897705078125,802.7504272460938,834.0050048828125,845.5198974609375
1789859627.2727475,0,0,855.3897705078125,802.7504272460938,834.0050048828125,845.5198974609375
1789859627.2838387,0,0,855.3897705078125,802.7504272460938,834.0050048828125,845.5198974609375
1789859627.2949238,0,0,855.3897705078125,802.7504272460938,834.0050048828125,845.5198974609375
1789859627.3062074,0,0,857.0347290039062,807.6853637695312,838.9400024414062,852.0997924804688
1789859627.3169677,0,0,857.0347290039062,807.6853637695312,838.9400024414062,852.0997924804688
1789859627.3279717,0,0,857.0347290039062,807.6853637695312,838.9400024414062,852.0997924804688
1789859627.3386524,0,0,868.5496215820312,807.6853637695312,840.5849609375,855.3897705078125
1789859627.3501627,0,0,860.32470703125,804.3953857421875,838.9400024414062,847.1648559570312
1789859627.3610303,0,0,860.32470703125,804.3953857421875,838.9400024414062,847.1648559570312
1789859627.3722124,0,0,860.32470703125,804.3953857421875,838.9400024414062,847.1648559570312
1789859627.3833373,0,0,855.3897705078125,807.6853637695312,843.8749389648438,848.8098754882812
1789859627.3945198,0,0,855.3897705078125,807.6853637695312,843.8749389648438,848.8098754882812
1789859627.4055278,0,0,855.3897705078125,807.6853637695312,843.8749389648438,848.8098754882812
1789859627.4161074,0,0,855.3897705078125,807.6853637695312,843.8749389648438,848.8098754882812
1789859627.4269433,0,0,855.3897705078125,807.6853637695312,843.8749389648438,848.8098754882812
1789859627.437711,0,0,850.454833984375,802.7504272460938,843.8749389648438,848.8098754882812
1789859627.4484792,0,0,850.454833984375,806.0403442382812,838.9400024414062,837.2949829101562
1789859627.4594107,0,0,853.7448120117188,804.3953857421875,840.5849609375,843.8749389648438
1789859627.4705424,0,0,853.7448120117188,804.3953857421875,840.5849609375,843.8749389648438
1789859627.4815054,0,0,850.454833984375,806.0403442382812,840.5849609375,843.8749389648438
1789859627.492459,0,0,852.0997924804688,807.6853637695312,840.5849609375,840.5849609375
1789859627.5033486,0,0,852.0997924804688,807.6853637695312,840.5849609375,840.5849609375
1789859627.5140483,0,0,852.0997924804688,807.6853637695312,840.5849609375,840.5849609375
1789859627.5250304,0,0,852.0997924804688,807.6853637695312,840.5849609375,840.5849609375
1789859627.5358765,0,0,858.6797485351562,809.330322265625,835.6500244140625,843.8749389648438
1789859627.5468397,0,0,858.6797485351562,810.9752807617188,840.5849609375,847.1648559570312
1789859627.5575185,0,0,858.6797485351562,810.9752807617188,840.5849609375,847.1648559570312
1789859627.568125,0,0,852.0997924804688,806.0403442382812,840.5849609375,834.0050048828125
1789859627.5789864,0,0,857.0347290039062,807.6853637695312,838.9400024414062,837.2949829101562
1789859627.590407,0,0,857.0347290039062,807.6853637695312,838.9400024414062,837.2949829101562
1789859627.601467,0,0,857.0347290039062,807.6853637695312,838.9400024414062,837.2949829101562
1789859627.6123388,0,0,857.0347290039062,807.6853637695312,838.9400024414062,837.2949829101562
1789859627.6241083,0,0,857.0347290039062,807.6853637695312,838.9400024414062,837.2949829101562
1789859627.6350567,0,0,857.0347290039062,807.6853637695312,838.9400024414062,837.2949829101562
1789859627.6462004,0,0,857.0347290039062,807.6853637695312,838.9400024414062,837.2949829101562
1789859627.6574178,0,0,857.0347290039062,807.6853637695312,838.9400024414062,837.2949829101562
1789859627.6688771,0,0,857.0347290039062,810.9752807617188,842.2299194335938,835.6500244140625
1789859627.6803439,0,0,868.5496215820312,819.2001953125,834.0050048828125,847.1648559570312
1789859627.6914246,0,0,868.5496215820312,819.2001953125,834.0050048828125,847.1648559570312
1789859627.7024288,0,0,868.5496215820312,819.2001953125,834.0050048828125,847.1648559570312
1789859627.713238,0,0,860.32470703125,815.9102783203125,834.0050048828125,848.8098754882812
1789859627.7246196,0,0,860.32470703125,815.9102783203125,837.2949829101562,847.1648559570312
1789859627.7353482,0,0,860.32470703125,815.9102783203125,837.2949829101562,847.1648559570312
1789859627.7463825,0,0,860.32470703125,815.9102783203125,837.2949829101562,847.1648559570312
1789859627.7574127,0,0,860.32470703125,815.9102783203125,837.2949829101562,847.1648559570312
1789859627.7683027,0,0,860.32470703125,815.9102783203125,837.2949829101562,847.1648559570312
1789859627.7795653,0,0,857.0347290039062,817.5552368164062,834.0050048828125,845.5198974609375
1789859627.7905803,0,0,871.839599609375,814.2652587890625,835.6500244140625,852.0997924804688
1789859627.8015237,0,0,871.839599609375,814.2652587890625,835.6500244140625,852.0997924804688
1789859627.8125157,0,0,870.194580078125,815.9102783203125,838.9400024414062,845.5198974609375
1789859627.823949,0,0,857.0347290039062,812.6203002929688,838.9400024414062,852.0997924804688
1789859627.8352234,0,0,857.0347290039062,812.6203002929688,838.9400024414062,852.0997924804688
1789859627.8459072,0,0,857.0347290039062,812.6203002929688,838.9400024414062,852.0997924804688
1789859627.8568628,0,0,857.0347290039062,812.6203002929688,838.9400024414062,852.0997924804688
1789859627.8674726,0,0,857.0347290039062,812.6203002929688,838.9400024414062,852.0997924804688
1789859627.878866,0,0,863.6146850585938,817.5552368164062,842.2299194335938,850.454833984375
1789859627.8896832,0,0,863.6146850585938,817.5552368164062,842.2299194335938,850.454833984375
1789859627.9010494,0,0,863.6146850585938,817.5552368164062,842.2299194335938,850.454833984375
1789859627.9117193,0,0,852.0997924804688,815.9102783203125,843.8749389648438,855.3897705078125
1789859627.922678,0,0,852.0997924804688,822.4901733398438,848.8098754882812,853.7448120117188
1789859627.9333014,0,0,852.0997924804688,822.4901733398438,848.8098754882812,853.7448120117188
1789859627.9444494,0,0,852.0997924804688,822.4901733398438,848.8098754882812,853.7448120117188
1789859627.955294,0,0,852.0997924804688,822.4901733398438,848.8098754882812,853.7448120117188
1789859627.9658363,0,0,852.0997924804688,822.4901733398438,848.8098754882812,853.7448120117188
1789859627.9763565,0,0,873.4845581054688,815.9102783203125,850.454833984375,850.454833984375
1789859627.9872441,0,0,873.4845581054688,815.9102783203125,850.454833984375,850.454833984375
1789859627.997899,0,0,873.4845581054688,815.9102783203125,850.454833984375,850.454833984375
1789859628.0085132,0,0,873.4845581054688,815.9102783203125,850.454833984375,850.454833984375
1789859628.0195825,0,0,855.3897705078125,810.9752807617188,837.2949829101562,842.2299194335938
1789859628.0304744,0,0,855.3897705078125,810.9752807617188,837.2949829101562,842.2299194335938
1789859628.0410345,0,0,855.3897705078125,810.9752807617188,837.2949829101562,842.2299194335938
1789859628.0521698,0,0,855.3897705078125,810.9752807617188,837.2949829101562,842.2299194335938
1789859628.0631886,0,0,855.3897705078125,810.9752807617188,837.2949829101562,842.2299194335938
1789859628.074478,0,0,861.9697265625,812.6203002929688,834.0050048828125,835.6500244140625
1789859628.0854864,0,0,853.7448120117188,810.9752807617188,834.0050048828125,843.8749389648438
1789859628.0965724,0,0,853.7448120117188,810.9752807617188,834.0050048828125,843.8749389648438
1789859628.1076756,0,0,853.7448120117188,810.9752807617188,834.0050048828125,843.8749389648438
1789859628.118753,0,0,848.8098754882812,814.2652587890625,837.2949829101562,835.6500244140625
1789859628.1298592,0,0,848.8098754882812,814.2652587890625,837.2949829101562,835.6500244140625
1789859628.1409438,0,0,848.8098754882812,814.2652587890625,837.2949829101562,835.6500244140625
1789859628.1524134,0,0,848.8098754882812,814.2652587890625,837.2949829101562,835.6500244140625
1789859628.1633701,0,0,848.8098754882812,814.2652587890625,837.2949829101562,835.6500244140625
1789859628.1748495,0,0,863.6146850585938,810.9752807617188,837.2949829101562,845.5198974609375
1789859628.185843,1,0,842.2299194335938,815.9102783203125,837.2949829101562,838.9400024414062
1789859628.1964908,1,0,842.2299194335938,815.9102783203125,837.2949829101562,838.9400024414062
1789859628.207548,1,0,842.2299194335938,815.9102783203125,837.2949829101562,838.9400024414062
1789859628.2186437,1,0,855.3897705078125,822.4901733398438,832.3600463867188,840.5849609375
1789859628.229863,1,0,855.3897705078125,822.4901733398438,832.3600463867188,840.5849609375
1789859628.2410562,1,0,855.3897705078125,822.4901733398438,832.3600463867188,840.5849609375
1789859628.2522445,1,0,855.3897705078125,822.4901733398438,832.3600463867188,840.5849609375
1789859628.2629786,1,0,855.3897705078125,822.4901733398438,832.3600463867188,840.5849609375
1789859628.2738538,1,0,853.7448120117188,825.7801513671875,830.715087890625,842.2299194335938
1789859628.2844605,1,0,871.839599609375,819.2001953125,829.070068359375,848.8098754882812
1789859628.295279,1,0,871.839599609375,819.2001953125,829.070068359375,848.8098754882812
1789859628.306703,1,0,871.839599609375,819.2001953125,829.070068359375,848.8098754882812
1789859628.3174405,1,0,871.839599609375,819.2001953125,829.070068359375,848.8098754882812
1789859628.3283684,1,0,850.454833984375,814.2652587890625,834.0050048828125,835.6500244140625
1789859628.339676,1,0,850.454833984375,814.2652587890625,834.0050048828125,835.6500244140625
1789859628.3505135,1,0,850.454833984375,814.2652587890625,834.0050048828125,835.6500244140625
1789859628.3614807,1,0,850.454833984375,814.2652587890625,834.0050048828125,835.6500244140625
1789859628.3723414,1,0,850.454833984375,814.2652587890625,834.0050048828125,835.6500244140625
1789859628.383273,1,0,860.32470703125,815.9102783203125,830.715087890625,847.1648559570312
1789859628.3943624,1,0,850.454833984375,817.5552368164062,837.2949829101562,840.5849609375
1789859628.4055574,1,0,850.454833984375,817.5552368164062,837.2949829101562,840.5849609375
1789859628.4165173,1,0,850.454833984375,817.5552368164062,837.2949829101562,840.5849609375
1789859628.4275317,1,0,850.454833984375,827.4251098632812,837.2949829101562,835.6500244140625
1789859628.4385886,1,0,850.454833984375,827.4251098632812,837.2949829101562,835.6500244140625
1789859628.449198,1,0,850.454833984375,827.4251098632812,837.2949829101562,835.6500244140625
1789859628.4599273,1,0,850.454833984375,827.4251098632812,837.2949829101562,835.6500244140625
1789859628.47064,1,0,850.454833984375,827.4251098632812,837.2949829101562,835.6500244140625
1789859628.4819806,1,0,865.2596435546875,825.7801513671875,838.9400024414062,850.454833984375
1789859628.4929726,1,0,853.7448120117188,822.4901733398438,838.9400024414062,845.5198974609375
1789859628.5040646,1,0,853.7448120117188,822.4901733398438,838.9400024414062,845.5198974609375
1789859628.5146637,1,0,853.7448120117188,822.4901733398438,838.9400024414062,845.5198974609375
1789859628.5252798,1,0,853.7448120117188,822.4901733398438,838.9400024414062,845.5198974609375
1789859628.536063,1,0,853.7448120117188,822.4901733398438,838.9400024414062,845.5198974609375
1789859628.54719,1,0,853.7448120117188,822.4901733398438,838.9400024414062,845.5198974609375
1789859628.557672,1,0,853.7448120117188,822.4901733398438,838.9400024414062,845.5198974609375
1789859628.5683317,1,0,853.7448120117188,822.4901733398438,838.9400024414062,845.5198974609375
1789859628.579514,1,0,858.6797485351562,820.84521484375,842.2299194335938,848.8098754882812
1789859628.590317,1,0,848.8098754882812,820.84521484375,838.9400024414062,847.1648559570312
1789859628.6012673,1,0,848.8098754882812,820.84521484375,838.9400024414062,847.1648559570312
1789859628.6120958,1,0,848.8098754882812,820.84521484375,838.9400024414062,847.1648559570312
1789859628.6229835,1,0,848.8098754882812,820.84521484375,838.9400024414062,847.1648559570312
1789859628.6336908,1,0,848.8098754882812,820.84521484375,838.9400024414062,847.1648559570312
1789859628.6447191,1,0,853.7448120117188,819.2001953125,837.2949829101562,829.070068359375
1789859628.6557407,1,0,853.7448120117188,819.2001953125,837.2949829101562,829.070068359375
1789859628.6666071,1,0,853.7448120117188,819.2001953125,837.2949829101562,829.070068359375
1789859628.6777675,1,0,853.7448120117188,819.2001953125,837.2949829101562,829.070068359375
1789859628.6887932,1,0,852.0997924804688,810.9752807617188,843.8749389648438,840.5849609375
1789859628.6997771,1,0,850.454833984375,812.6203002929688,840.5849609375,838.9400024414062
1789859628.7103224,1,0,850.454833984375,812.6203002929688,840.5849609375,838.9400024414062
1789859628.7215028,1,0,850.454833984375,812.6203002929688,840.5849609375,838.9400024414062
1789859628.732481,1,0,853.7448120117188,809.330322265625,847.1648559570312,829.070068359375
1789859628.7435832,1,0,853.7448120117188,809.330322265625,847.1648559570312,829.070068359375
1789859628.7546043,1,0,853.7448120117188,809.330322265625,847.1648559570312,829.070068359375
1789859628.7651932,1,0,853.7448120117188,809.330322265625,847.1648559570312,829.070068359375
1789859628.7760546,1,0,853.7448120117188,809.330322265625,847.1648559570312,829.070068359375
1789859628.786841,1,0,853.7448120117188,815.9102783203125,843.8749389648438,830.715087890625
1789859628.7975676,1,0,857.0347290039062,834.0050048828125,822.4901733398438,827.4251098632812
1789859628.8084412,1,0,857.0347290039062,834.0050048828125,822.4901733398438,827.4251098632812
1789859628.8190744,1,0,857.0347290039062,834.0050048828125,822.4901733398438,827.4251098632812
1789859628.8295987,1,0,857.0347290039062,834.0050048828125,822.4901733398438,827.4251098632812
1789859628.8406222,1,0,857.0347290039062,834.0050048828125,822.4901733398438,827.4251098632812
1789859628.8513443,1,0,848.8098754882812,842.2299194335938,804.3953857421875,814.2652587890625
1789859628.8623254,1,0,848.8098754882812,842.2299194335938,804.3953857421875,814.2652587890625
1789859628.8732052,1,0,848.8098754882812,842.2299194335938,804.3953857421875,814.2652587890625
1789859628.8839443,1,0,848.8098754882812,842.2299194335938,804.3953857421875,814.2652587890625
1789859628.8951168,1,0,848.8098754882812,842.2299194335938,804.3953857421875,814.2652587890625
1789859628.9060383,1,0,866.9046630859375,861.9697265625,781.3656616210938,796.1704711914062
1789859628.9170196,1,0,878.4194946289062,857.0347290039062,773.1407470703125,817.5552368164062
1789859628.928465,1,0,886.6444091796875,857.0347290039062,769.850830078125,824.1351318359375
1789859628.939708,1,0,894.8693237304688,855.3897705078125,778.07568359375,832.3600463867188
1789859628.9504733,1,0,894.8693237304688,855.3897705078125,778.07568359375,832.3600463867188
1789859628.9616098,1,0,894.8693237304688,855.3897705078125,778.07568359375,832.3600463867188
1789859628.9727695,1,0,894.8693237304688,855.3897705078125,778.07568359375,832.3600463867188
1789859628.9835439,1,0,894.8693237304688,855.3897705078125,778.07568359375,832.3600463867188
1789859628.994622,1,0,876.7745361328125,845.5198974609375,792.8805541992188,835.6500244140625
1789859629.0061622,1,0,860.32470703125,843.8749389648438,806.0403442382812,825.7801513671875
1789859629.01716,1,0,860.32470703125,843.8749389648438,806.0403442382812,825.7801513671875
1789859629.0281637,1,0,860.32470703125,843.8749389648438,806.0403442382812,825.7801513671875
1789859629.0392258,1,0,880.064453125,840.5849609375,820.84521484375,840.5849609375
1789859629.0497742,1,0,903.09423828125,847.1648559570312,814.2652587890625,863.6146850585938
1789859629.0606177,1,0,881.70947265625,847.1648559570312,819.2001953125,871.839599609375
1789859629.071307,1,0,881.70947265625,847.1648559570312,819.2001953125,871.839599609375
1789859629.081911,1,0,881.70947265625,847.1648559570312,819.2001953125,871.839599609375
1789859629.092629,1,0,881.70947265625,847.1648559570312,819.2001953125,871.839599609375
1789859629.1034803,1,0,881.70947265625,847.1648559570312,819.2001953125,871.839599609375
1789859629.1148627,1,0,881.70947265625,847.1648559570312,819.2001953125,871.839599609375
1789859629.1255772,1,0,881.70947265625,847.1648559570312,819.2001953125,871.839599609375
1789859629.1361792,1,0,865.2596435546875,858.6797485351562,837.2949829101562,863.6146850585938
1789859629.1471097,1,0,850.454833984375,891.579345703125,848.8098754882812,830.715087890625
1789859629.1583655,1,0,850.454833984375,891.579345703125,848.8098754882812,830.715087890625
1789859629.1692524,1,0,850.454833984375,891.579345703125,848.8098754882812,830.715087890625
1789859629.1799068,1,0,850.454833984375,891.579345703125,848.8098754882812,830.715087890625
1789859629.1911952,1,0,850.454833984375,891.579345703125,848.8098754882812,830.715087890625
1789859629.2018995,1,0,850.454833984375,891.579345703125,848.8098754882812,830.715087890625
1789859629.2127173,1,0,850.454833984375,891.579345703125,848.8098754882812,830.715087890625
1789859629.2236009,1,0,850.454833984375,891.579345703125,848.8098754882812,830.715087890625
1789859629.2345355,1,0,845.5198974609375,903.09423828125,858.6797485351562,832.3600463867188
1789859629.2455137,1,0,825.7801513671875,893.2243041992188,858.6797485351562,827.4251098632812
1789859629.2566614,1,0,825.7801513671875,893.2243041992188,858.6797485351562,827.4251098632812
1789859629.267627,1,0,825.7801513671875,893.2243041992188,858.6797485351562,827.4251098632812
1789859629.278713,1,0,825.7801513671875,893.2243041992188,858.6797485351562,827.4251098632812
1789859629.2894294,1,0,830.715087890625,889.9343872070312,857.0347290039062,832.3600463867188
1789859629.3006785,1,0,830.715087890625,889.9343872070312,857.0347290039062,832.3600463867188
1789859629.3117888,1,0,830.715087890625,889.9343872070312,857.0347290039062,832.3600463867188
1789859629.3224475,1,0,830.715087890625,889.9343872070312,857.0347290039062,832.3600463867188
1789859629.333187,1,0,830.715087890625,889.9343872070312,857.0347290039062,832.3600463867188
1789859629.3440847,1,0,753.4010009765625,878.4194946289062,779.720703125,733.6612548828125
1789859629.3552766,1,0,781.3656616210938,914.6090698242188,817.5552368164062,764.9158325195312
1789859629.366484,1,0,781.3656616210938,914.6090698242188,817.5552368164062,764.9158325195312
1789859629.377273,1,0,781.3656616210938,914.6090698242188,817.5552368164062,764.9158325195312
1789859629.3880448,1,0,820.84521484375,954.088623046875,791.2355346679688,758.3359375
1789859629.3991098,1,0,820.84521484375,1138.326416015625,807.6853637695312,761.6259155273438
1789859629.4098353,1,0,820.84521484375,1138.326416015625,807.6853637695312,761.6259155273438
1789859629.4204962,1,0,820.84521484375,1138.326416015625,807.6853637695312,761.6259155273438
1789859629.4313238,1,0,820.84521484375,1138.326416015625,807.6853637695312,761.6259155273438
1789859629.4423687,1,0,820.84521484375,1138.326416015625,807.6853637695312,761.6259155273438
1789859629.4534411,1,0,689.2467651367188,1585.7611083984375,827.4251098632812,636.607421875
1789859629.4642751,1,0,689.2467651367188,1585.7611083984375,827.4251098632812,636.607421875
1789859629.475213,1,0,689.2467651367188,1585.7611083984375,827.4251098632812,636.607421875
1789859629.486331,1,0,722.1463623046875,1580.8260498046875,807.6853637695312,662.9270629882812
1789859629.4974205,1,0,682.6668701171875,1577.5361328125,781.3656616210938,689.2467651367188
1789859629.5084414,1,0,682.6668701171875,1577.5361328125,781.3656616210938,689.2467651367188
1789859629.5191455,1,0,682.6668701171875,1577.5361328125,781.3656616210938,689.2467651367188
1789859629.5301645,1,0,682.6668701171875,1577.5361328125,781.3656616210938,689.2467651367188
1789859629.5417082,1,0,748.466064453125,1577.5361328125,801.1054077148438,728.726318359375
1789859629.5528545,1,0,786.3005981445312,1653.2052001953125,873.4845581054688,751.7560424804688
1789859629.563999,1,0,786.3005981445312,1653.2052001953125,873.4845581054688,751.7560424804688
1789859629.575003,1,0,786.3005981445312,1653.2052001953125,873.4845581054688,751.7560424804688
1789859629.5856192,1,0,806.0403442382812,1653.2052001953125,865.2596435546875,817.5552368164062
1789859629.5968778,1,0,926.1239624023438,1653.2052001953125,927.7689208984375,914.6090698242188
1789859629.607973,1,0,926.1239624023438,1653.2052001953125,927.7689208984375,914.6090698242188
1789859629.6188948,1,0,926.1239624023438,1653.2052001953125,927.7689208984375,914.6090698242188
1789859629.6298103,1,0,926.1239624023438,1653.2052001953125,927.7689208984375,914.6090698242188
1789859629.6412084,1,0,926.1239624023438,1653.2052001953125,927.7689208984375,914.6090698242188
1789859629.6519868,1,0,926.1239624023438,1653.2052001953125,927.7689208984375,914.6090698242188
1789859629.6627727,1,0,926.1239624023438,1653.2052001953125,927.7689208984375,914.6090698242188
1789859629.673382,1,0,875.1295166015625,1653.2052001953125,853.7448120117188,857.0347290039062
1789859629.6846209,1,0,903.09423828125,1564.3763427734375,871.839599609375,893.2243041992188
1789859629.695697,1,0,843.8749389648438,1403.168212890625,807.6853637695312,830.715087890625
1789859629.706422,1,0,843.8749389648438,1403.168212890625,807.6853637695312,830.715087890625
1789859629.717304,1,0,843.8749389648438,1403.168212890625,807.6853637695312,830.715087890625
1789859629.7287533,1,0,962.3134765625,1334.0791015625,894.8693237304688,935.9938354492188
1789859629.7399058,1,0,962.3134765625,1334.0791015625,894.8693237304688,935.9938354492188
1789859629.7507236,1,0,962.3134765625,1334.0791015625,894.8693237304688,935.9938354492188
1789859629.7615855,1,0,962.3134765625,1334.0791015625,894.8693237304688,935.9938354492188
1789859629.772315,1,0,962.3134765625,1250.18505859375,880.064453125,912.964111328125
1789859629.783932,1,0,908.0291748046875,959.0235595703125,840.5849609375,866.9046630859375
1789859629.7953393,1,0,916.2540283203125,932.703857421875,855.3897705078125,904.7391967773438
1789859629.8063085,1,0,916.2540283203125,932.703857421875,855.3897705078125,904.7391967773438
1789859629.8171191,1,0,934.3488159179688,919.5440063476562,870.194580078125,912.964111328125
1789859629.8283765,1,0,901.44921875,664.5720825195312,847.1648559570312,875.1295166015625
1789859629.8393462,1,0,880.064453125,411.2450866699219,832.3600463867188,870.194580078125
1789859629.8500478,1,0,880.064453125,411.2450866699219,832.3600463867188,870.194580078125
1789859629.8610365,1,0,880.064453125,411.2450866699219,832.3600463867188,870.194580078125
1789859629.8718245,1,0,883.3544311523438,325.70611572265625,824.1351318359375,873.4845581054688
1789859629.8826263,1,0,883.3544311523438,325.70611572265625,824.1351318359375,873.4845581054688
1789859629.893279,1,0,883.3544311523438,325.70611572265625,824.1351318359375,873.4845581054688
1789859629.904223,1,0,883.3544311523438,325.70611572265625,824.1351318359375,873.4845581054688
1789859629.915049,1,0,883.3544311523438,325.70611572265625,824.1351318359375,873.4845581054688
1789859629.9261074,1,0,832.3600463867188,80.60403442382812,881.70947265625,863.6146850585938
1789859629.937123,1,0,810.9752807617188,54.28435134887695,898.1592407226562,871.839599609375
1789859629.9477236,1,0,810.9752807617188,54.28435134887695,898.1592407226562,871.839599609375
1789859629.9583042,1,0,810.9752807617188,54.28435134887695,898.1592407226562,871.839599609375
1789859629.9689357,1,0,827.4251098632812,49.34941101074219,927.7689208984375,889.9343872070312
1789859629.9802525,1,0,827.4251098632812,49.34941101074219,927.7689208984375,889.9343872070312
1789859629.9915922,1,0,827.4251098632812,49.34941101074219,927.7689208984375,889.9343872070312
1789859630.0025065,1,0,827.4251098632812,49.34941101074219,927.7689208984375,889.9343872070312
1789859630.0134122,1,0,827.4251098632812,49.34941101074219,927.7689208984375,889.9343872070312
1789859630.024243,1,0,873.4845581054688,50.99439239501953,949.1536865234375,912.964111328125
1789859630.035281,1,0,876.7745361328125,97.05384063720703,945.8637084960938,935.9938354492188
1789859630.0461664,1,0,876.7745361328125,97.05384063720703,945.8637084960938,935.9938354492188
1789859630.057193,1,0,876.7745361328125,97.05384063720703,945.8637084960938,935.9938354492188
1789859630.0685015,1,0,880.064453125,189.17274475097656,922.833984375,931.0588989257812
1789859630.0794668,1,0,880.064453125,189.17274475097656,922.833984375,931.0588989257812
1789859630.0907438,1,0,880.064453125,189.17274475097656,922.833984375,931.0588989257812
1789859630.1016939,1,0,880.064453125,189.17274475097656,922.833984375,931.0588989257812
1789859630.1129036,1,0,871.839599609375,289.51654052734375,888.2893676757812,908.0291748046875
1789859630.123697,1,0,871.839599609375,289.51654052734375,888.2893676757812,908.0291748046875
1789859630.1348085,1,0,865.2596435546875,376.70050048828125,868.5496215820312,888.2893676757812
1789859630.1455014,1,0,873.4845581054688,389.8603515625,865.2596435546875,894.8693237304688
1789859630.156495,1,0,873.4845581054688,389.8603515625,865.2596435546875,894.8693237304688
1789859630.167147,1,0,873.4845581054688,389.8603515625,865.2596435546875,894.8693237304688
1789859630.1780417,1,0,888.2893676757812,389.8603515625,870.194580078125,894.8693237304688
1789859630.1890106,1,0,888.2893676757812,389.8603515625,870.194580078125,894.8693237304688
1789859630.199664,1,0,888.2893676757812,389.8603515625,870.194580078125,894.8693237304688
1789859630.210815,1,0,888.2893676757812,389.8603515625,870.194580078125,894.8693237304688
1789859630.2214887,1,0,881.70947265625,432.62982177734375,860.32470703125,889.9343872070312
1789859630.2320895,1,0,881.70947265625,432.62982177734375,860.32470703125,889.9343872070312
1789859630.2432158,1,0,881.70947265625,432.62982177734375,860.32470703125,889.9343872070312
1789859630.2540257,1,0,881.70947265625,432.62982177734375,860.32470703125,889.9343872070312
1789859630.2658803,1,0,870.194580078125,513.23388671875,843.8749389648438,860.32470703125
1789859630.2768989,1,0,858.6797485351562,565.8732299804688,843.8749389648438,865.2596435546875
1789859630.2880309,1,0,858.6797485351562,565.8732299804688,843.8749389648438,865.2596435546875
1789859630.298941,1,0,858.6797485351562,565.8732299804688,843.8749389648438,865.2596435546875
1789859630.3101995,1,0,858.6797485351562,565.8732299804688,843.8749389648438,865.2596435546875
1789859630.321176,1,0,858.6797485351562,565.8732299804688,843.8749389648438,865.2596435546875
1789859630.3316698,1,0,858.6797485351562,565.8732299804688,843.8749389648438,865.2596435546875
1789859630.342226,1,0,858.6797485351562,565.8732299804688,843.8749389648438,865.2596435546875
1789859630.3528972,1,0,858.6797485351562,565.8732299804688,843.8749389648438,865.2596435546875
1789859630.3641694,1,0,858.6797485351562,590.5479125976562,858.6797485351562,853.7448120117188
1789859630.3749778,1,0,876.7745361328125,626.7374877929688,848.8098754882812,881.70947265625
1789859630.3857572,1,0,876.7745361328125,626.7374877929688,848.8098754882812,881.70947265625
1789859630.3966644,1,0,876.7745361328125,626.7374877929688,848.8098754882812,881.70947265625
1789859630.4076562,1,0,860.32470703125,669.5070190429688,837.2949829101562,842.2299194335938
1789859630.4187853,1,0,858.6797485351562,682.6668701171875,834.0050048828125,832.3600463867188
1789859630.429417,1,0,858.6797485351562,682.6668701171875,834.0050048828125,832.3600463867188
1789859630.4403217,1,0,858.6797485351562,682.6668701171875,834.0050048828125,832.3600463867188
1789859630.4509747,1,0,858.6797485351562,682.6668701171875,834.0050048828125,832.3600463867188
1789859630.462085,1,0,850.454833984375,685.956787109375,830.715087890625,845.5198974609375
1789859630.4728816,1,0,848.8098754882812,697.4716796875,830.715087890625,858.6797485351562
1789859630.4836082,1,0,848.8098754882812,697.4716796875,830.715087890625,858.6797485351562
1789859630.4946501,1,0,848.8098754882812,697.4716796875,830.715087890625,858.6797485351562
1789859630.5058916,0,0,873.4845581054688,717.21142578125,827.4251098632812,847.1648559570312
1789859630.5169656,0,0,842.2299194335938,720.5014038085938,822.4901733398438,837.2949829101562
1789859630.528308,0,0,842.2299194335938,720.5014038085938,822.4901733398438,837.2949829101562
1789859630.5393066,0,0,842.2299194335938,720.5014038085938,822.4901733398438,837.2949829101562
1789859630.5500736,0,0,842.2299194335938,720.5014038085938,822.4901733398438,837.2949829101562
1789859630.5613976,0,0,842.2299194335938,720.5014038085938,822.4901733398438,837.2949829101562
1789859630.5727048,0,0,845.5198974609375,728.726318359375,830.715087890625,838.9400024414062
1789859630.5836456,0,0,845.5198974609375,728.726318359375,830.715087890625,838.9400024414062
1789859630.594426,0,0,845.5198974609375,728.726318359375,830.715087890625,838.9400024414062
1789859630.605655,0,0,871.839599609375,732.0162353515625,822.4901733398438,838.9400024414062
1789859630.6164095,0,0,850.454833984375,745.1760864257812,819.2001953125,829.070068359375
1789859630.6271286,0,0,850.454833984375,745.1760864257812,819.2001953125,829.070068359375
1789859630.6381445,0,0,850.454833984375,745.1760864257812,819.2001953125,829.070068359375
1789859630.6488,0,0,850.454833984375,745.1760864257812,819.2001953125,829.070068359375
1789859630.6598651,0,0,847.1648559570312,746.8211059570312,822.4901733398438,810.9752807617188
1789859630.6706264,0,0,848.8098754882812,741.8861083984375,819.2001953125,807.6853637695312
1789859630.6814322,0,0,848.8098754882812,741.8861083984375,819.2001953125,807.6853637695312
1789859630.6921964,0,0,848.8098754882812,741.8861083984375,819.2001953125,807.6853637695312
1789859630.7029986,0,0,820.84521484375,746.8211059570312,815.9102783203125,792.8805541992188
1789859630.7141342,0,0,820.84521484375,746.8211059570312,815.9102783203125,792.8805541992188
1789859630.7247436,0,0,820.84521484375,746.8211059570312,815.9102783203125,792.8805541992188
1789859630.73565,0,0,820.84521484375,746.8211059570312,815.9102783203125,792.8805541992188
1789859630.7463708,0,0,820.84521484375,746.8211059570312,815.9102783203125,792.8805541992188
1789859630.7568648,0,0,830.715087890625,746.8211059570312,819.2001953125,796.1704711914062
1789859630.7680855,0,0,843.8749389648438,748.466064453125,817.5552368164062,810.9752807617188
1789859630.7791488,0,0,843.8749389648438,748.466064453125,817.5552368164062,810.9752807617188
1789859630.7903721,0,0,853.7448120117188,741.8861083984375,815.9102783203125,824.1351318359375
1789859630.8013883,0,0,855.3897705078125,750.1110229492188,819.2001953125,825.7801513671875
1789859630.8126469,0,0,855.3897705078125,750.1110229492188,819.2001953125,825.7801513671875
1789859630.8238351,0,0,855.3897705078125,750.1110229492188,819.2001953125,825.7801513671875
1789859630.8344786,0,0,855.3897705078125,750.1110229492188,819.2001953125,825.7801513671875
1789859630.8453002,0,0,855.3897705078125,750.1110229492188,819.2001953125,825.7801513671875
1789859630.856213,0,0,860.32470703125,751.7560424804688,822.4901733398438,834.0050048828125
1789859630.866968,0,0,860.32470703125,751.7560424804688,822.4901733398438,834.0050048828125
1789859630.8776388,0,0,860.32470703125,751.7560424804688,822.4901733398438,834.0050048828125
1789859630.8885503,0,0,865.2596435546875,761.6259155273438,822.4901733398438,832.3600463867188
1789859630.8995986,0,0,863.6146850585938,761.6259155273438,824.1351318359375,838.9400024414062
1789859630.9103184,0,0,863.6146850585938,761.6259155273438,824.1351318359375,838.9400024414062
1789859630.9210737,0,0,863.6146850585938,761.6259155273438,824.1351318359375,838.9400024414062
1789859630.9317515,0,0,863.6146850585938,761.6259155273438,824.1351318359375,838.9400024414062
1789859630.9427412,0,0,863.6146850585938,761.6259155273438,824.1351318359375,838.9400024414062
1789859630.953543,0,0,868.5496215820312,756.6909790039062,824.1351318359375,840.5849609375
1789859630.9644082,0,0,876.7745361328125,758.3359375,824.1351318359375,843.8749389648438
1789859630.975126,0,0,876.7745361328125,758.3359375,824.1351318359375,843.8749389648438
1789859630.9861257,0,0,878.4194946289062,756.6909790039062,820.84521484375,853.7448120117188
1789859630.997174,0,0,860.32470703125,761.6259155273438,825.7801513671875,858.6797485351562
1789859631.0084534,0,0,860.32470703125,761.6259155273438,825.7801513671875,858.6797485351562
1789859631.0198753,0,0,860.32470703125,761.6259155273438,825.7801513671875,858.6797485351562
1789859631.0307837,0,0,860.32470703125,761.6259155273438,825.7801513671875,858.6797485351562
1789859631.0421538,0,0,860.32470703125,761.6259155273438,825.7801513671875,858.6797485351562
1789859631.053262,0,0,861.9697265625,759.9808959960938,827.4251098632812,860.32470703125
1789859631.0641541,0,0,873.4845581054688,768.205810546875,832.3600463867188,857.0347290039062
1789859631.0750692,0,0,873.4845581054688,768.205810546875,832.3600463867188,857.0347290039062
1789859631.0857701,0,0,860.32470703125,776.4307250976562,834.0050048828125,850.454833984375
1789859631.096782,0,0,863.6146850585938,771.4957885742188,834.0050048828125,845.5198974609375
1789859631.1078417,0,0,863.6146850585938,771.4957885742188,834.0050048828125,845.5198974609375
1789859631.1186194,0,0,863.6146850585938,771.4957885742188,834.0050048828125,845.5198974609375
1789859631.129524,0,0,863.6146850585938,771.4957885742188,834.0050048828125,845.5198974609375
1789859631.140626,0,0,857.0347290039062,778.07568359375,827.4251098632812,827.4251098632812
1789859631.1516008,0,0,860.32470703125,776.4307250976562,829.070068359375,830.715087890625
1789859631.1622639,0,0,860.32470703125,776.4307250976562,829.070068359375,830.715087890625
1789859631.173191,0,0,860.32470703125,776.4307250976562,829.070068359375,830.715087890625
1789859631.1844003,0,0,852.0997924804688,763.2708740234375,824.1351318359375,845.5198974609375
1789859631.1957762,0,0,852.0997924804688,763.2708740234375,824.1351318359375,845.5198974609375
1789859631.2068048,0,0,852.0997924804688,763.2708740234375,824.1351318359375,845.5198974609375
1789859631.2176278,0,0,852.0997924804688,763.2708740234375,824.1351318359375,845.5198974609375
1789859631.228731,0,0,852.0997924804688,763.2708740234375,824.1351318359375,845.5198974609375
1789859631.2397628,0,0,853.7448120117188,766.5608520507812,825.7801513671875,820.84521484375
1789859631.2506607,0,0,853.7448120117188,766.5608520507812,825.7801513671875,820.84521484375
1789859631.2615685,0,0,853.7448120117188,773.1407470703125,825.7801513671875,838.9400024414062
1789859631.2726939,0,0,855.3897705078125,778.07568359375,825.7801513671875,830.715087890625
1789859631.283465,0,0,852.0997924804688,768.205810546875,824.1351318359375,842.2299194335938
1789859631.2945485,0,0,852.0997924804688,768.205810546875,824.1351318359375,842.2299194335938
1789859631.3052156,0,0,852.0997924804688,768.205810546875,824.1351318359375,842.2299194335938
1789859631.3156757,0,0,852.0997924804688,768.205810546875,824.1351318359375,842.2299194335938
1789859631.3270106,0,0,852.0997924804688,768.205810546875,824.1351318359375,842.2299194335938
1789859631.3381808,0,0,852.0997924804688,768.205810546875,824.1351318359375,842.2299194335938
1789859631.3491764,0,0,852.0997924804688,768.205810546875,824.1351318359375,842.2299194335938
1789859631.35984,0,0,860.32470703125,774.7857666015625,825.7801513671875,847.1648559570312
1789859631.3711295,0,0,847.1648559570312,778.07568359375,827.4251098632812,827.4251098632812
1789859631.381848,0,0,835.6500244140625,787.945556640625,834.0050048828125,812.6203002929688
1789859631.3929846,0,0,835.6500244140625,787.945556640625,834.0050048828125,812.6203002929688
1789859631.403908,0,0,835.6500244140625,787.945556640625,834.0050048828125,812.6203002929688
1789859631.4146767,0,0,835.6500244140625,787.945556640625,834.0050048828125,812.6203002929688
1789859631.4257853,0,0,822.4901733398438,792.8805541992188,832.3600463867188,802.7504272460938
1789859631.4371083,0,0,829.070068359375,807.6853637695312,832.3600463867188,801.1054077148438
1789859631.447858,0,0,829.070068359375,807.6853637695312,832.3600463867188,801.1054077148438
1789859631.458413,0,0,797.8154907226562,829.070068359375,832.3600463867188,769.850830078125
1789859631.4695108,0,0,794.5255126953125,832.3600463867188,834.0050048828125,781.3656616210938
1789859631.4803362,0,0,794.5255126953125,832.3600463867188,834.0050048828125,781.3656616210938
1789859631.4913473,0,0,794.5255126953125,832.3600463867188,834.0050048828125,781.3656616210938
1789859631.5019426,0,0,794.5255126953125,832.3600463867188,834.0050048828125,781.3656616210938
1789859631.5129519,0,0,794.5255126953125,832.3600463867188,834.0050048828125,781.3656616210938
1789859631.5238476,0,0,794.5255126953125,832.3600463867188,834.0050048828125,781.3656616210938
1789859631.5343838,0,0,794.5255126953125,832.3600463867188,834.0050048828125,781.3656616210938
1789859631.5453448,0,0,794.5255126953125,832.3600463867188,834.0050048828125,781.3656616210938
1789859631.556955,0,0,799.46044921875,822.4901733398438,834.0050048828125,789.590576171875
1789859631.5681703,0,0,865.2596435546875,802.7504272460938,817.5552368164062,865.2596435546875
1789859631.5792031,0,0,883.3544311523438,801.1054077148438,817.5552368164062,861.9697265625
1789859631.589726,0,0,883.3544311523438,801.1054077148438,817.5552368164062,861.9697265625
1789859631.6003554,0,0,883.3544311523438,796.1704711914062,819.2001953125,855.3897705078125
1789859631.6114442,0,0,883.3544311523438,796.1704711914062,819.2001953125,855.3897705078125
1789859631.6229293,0,0,883.3544311523438,796.1704711914062,819.2001953125,855.3897705078125
1789859631.634208,0,0,883.3544311523438,796.1704711914062,819.2001953125,855.3897705078125
1789859631.6450582,0,0,883.3544311523438,796.1704711914062,819.2001953125,855.3897705078125
1789859631.6559699,0,0,878.4194946289062,794.5255126953125,824.1351318359375,853.7448120117188
1789859631.6668708,0,0,878.4194946289062,794.5255126953125,824.1351318359375,853.7448120117188
1789859631.6776576,0,0,878.4194946289062,794.5255126953125,824.1351318359375,853.7448120117188
1789859631.6883547,0,0,878.4194946289062,794.5255126953125,824.1351318359375,853.7448120117188
1789859631.699271,0,0,878.4194946289062,794.5255126953125,824.1351318359375,853.7448120117188
1789859631.7101238,0,0,876.7745361328125,786.3005981445312,822.4901733398438,853.7448120117188
1789859631.7207844,0,0,876.7745361328125,786.3005981445312,822.4901733398438,853.7448120117188
1789859631.7314258,0,0,880.064453125,786.3005981445312,825.7801513671875,850.454833984375
1789859631.7423606,0,0,881.70947265625,786.3005981445312,827.4251098632812,857.0347290039062
1789859631.7533891,0,0,880.064453125,796.1704711914062,830.715087890625,861.9697265625
1789859631.764082,0,0,880.064453125,796.1704711914062,830.715087890625,861.9697265625
1789859631.7751224,0,0,880.064453125,796.1704711914062,830.715087890625,861.9697265625
1789859631.7860398,0,0,878.4194946289062,799.46044921875,827.4251098632812,865.2596435546875
1789859631.796886,0,0,878.4194946289062,799.46044921875,827.4251098632812,865.2596435546875
1789859631.8086195,0,0,878.4194946289062,799.46044921875,827.4251098632812,865.2596435546875
1789859631.8193269,0,0,878.4194946289062,799.46044921875,827.4251098632812,865.2596435546875
1789859631.8298619,0,0,878.4194946289062,799.46044921875,827.4251098632812,865.2596435546875
1789859631.841091,0,0,871.839599609375,796.1704711914062,832.3600463867188,847.1648559570312
1789859631.8517597,0,0,870.194580078125,794.5255126953125,827.4251098632812,834.0050048828125
1789859631.8628392,0,0,873.4845581054688,791.2355346679688,829.070068359375,848.8098754882812
1789859631.8740647,0,0,868.5496215820312,786.3005981445312,825.7801513671875,843.8749389648438
1789859631.8849895,0,0,871.839599609375,784.6556396484375,830.715087890625,848.8098754882812
1789859631.895965,0,0,871.839599609375,784.6556396484375,830.715087890625,848.8098754882812
1789859631.9069226,0,0,871.839599609375,784.6556396484375,830.715087890625,848.8098754882812
1789859631.9176123,0,0,871.839599609375,784.6556396484375,830.715087890625,848.8098754882812
1789859631.9284022,0,0,871.839599609375,783.0106201171875,834.0050048828125,852.0997924804688
1789859631.9397748,0,0,868.5496215820312,783.0106201171875,834.0050048828125,840.5849609375
1789859631.951012,0,0,873.4845581054688,764.9158325195312,837.2949829101562,850.454833984375
1789859631.962139,0,0,865.2596435546875,773.1407470703125,834.0050048828125,848.8098754882812
1789859631.9732068,0,0,873.4845581054688,778.07568359375,834.0050048828125,838.9400024414062
1789859631.9841614,0,0,873.4845581054688,778.07568359375,834.0050048828125,838.9400024414062
1789859631.994876,0,0,873.4845581054688,778.07568359375,834.0050048828125,838.9400024414062
1789859632.005671,0,0,873.4845581054688,778.07568359375,834.0050048828125,838.9400024414062
1789859632.0169513,0,0,873.4845581054688,778.07568359375,834.0050048828125,838.9400024414062
1789859632.0276988,0,0,873.4845581054688,778.07568359375,834.0050048828125,838.9400024414062
1789859632.0392694,0,0,868.5496215820312,773.1407470703125,837.2949829101562,848.8098754882812
1789859632.0502815,0,0,866.9046630859375,779.720703125,838.9400024414062,848.8098754882812
1789859632.0609837,0,0,865.2596435546875,779.720703125,834.0050048828125,858.6797485351562
1789859632.071828,0,0,855.3897705078125,781.3656616210938,832.3600463867188,845.5198974609375
1789859632.0826647,0,0,855.3897705078125,789.590576171875,837.2949829101562,855.3897705078125
1789859632.0941074,0,0,855.3897705078125,789.590576171875,837.2949829101562,855.3897705078125
1789859632.1048229,0,0,855.3897705078125,789.590576171875,837.2949829101562,855.3897705078125
1789859632.115643,0,0,855.3897705078125,789.590576171875,837.2949829101562,855.3897705078125
1789859632.1265411,0,0,855.3897705078125,789.590576171875,837.2949829101562,855.3897705078125
1789859632.1372666,0,0,857.0347290039062,787.945556640625,835.6500244140625,838.9400024414062
1789859632.148376,0,0,769.850830078125,802.7504272460938,899.8042602539062,781.3656616210938
1789859632.1591635,0,0,769.850830078125,802.7504272460938,899.8042602539062,781.3656616210938
1789859632.1702092,0,0,769.850830078125,802.7504272460938,899.8042602539062,781.3656616210938
1789859632.1813326,0,0,690.8917236328125,778.07568359375,980.4082641601562,741.8861083984375
1789859632.1924474,1,0,690.8917236328125,778.07568359375,980.4082641601562,741.8861083984375
1789859632.2029805,1,0,690.8917236328125,778.07568359375,980.4082641601562,741.8861083984375
1789859632.2136097,1,0,690.8917236328125,778.07568359375,980.4082641601562,741.8861083984375
1789859632.2242038,1,0,690.8917236328125,778.07568359375,980.4082641601562,741.8861083984375
1789859632.2349412,1,0,708.9865112304688,761.6259155273438,1005.0830078125,774.7857666015625
1789859632.2459471,1,0,723.7913208007812,766.5608520507812,1005.0830078125,783.0106201171875
1789859632.2566538,1,0,723.7913208007812,766.5608520507812,1005.0830078125,783.0106201171875
1789859632.268623,1,0,723.7913208007812,766.5608520507812,1005.0830078125,783.0106201171875
1789859632.279887,1,0,848.8098754882812,758.3359375,945.8637084960938,886.6444091796875
1789859632.2908998,1,0,848.8098754882812,758.3359375,945.8637084960938,886.6444091796875
1789859632.3019757,1,0,848.8098754882812,758.3359375,945.8637084960938,886.6444091796875
1789859632.3129852,1,0,848.8098754882812,758.3359375,945.8637084960938,886.6444091796875
1789859632.3236446,1,0,848.8098754882812,758.3359375,945.8637084960938,886.6444091796875
1789859632.3346434,1,0,848.8098754882812,758.3359375,945.8637084960938,886.6444091796875
1789859632.3459642,1,0,847.1648559570312,751.7560424804688,942.57373046875,891.579345703125
1789859632.3571377,1,0,847.1648559570312,751.7560424804688,942.57373046875,891.579345703125
1789859632.368143,1,0,847.1648559570312,751.7560424804688,942.57373046875,891.579345703125
1789859632.378726,1,0,904.7391967773438,755.0459594726562,878.4194946289062,934.3488159179688
1789859632.38962,1,0,898.1592407226562,778.07568359375,852.0997924804688,917.8990478515625
1789859632.4006865,1,0,898.1592407226562,778.07568359375,852.0997924804688,917.8990478515625
1789859632.4117324,1,0,898.1592407226562,778.07568359375,852.0997924804688,917.8990478515625
1789859632.4226892,1,0,904.7391967773438,783.0106201171875,843.8749389648438,896.5142822265625
1789859632.433754,1,0,904.7391967773438,783.0106201171875,843.8749389648438,896.5142822265625
1789859632.4447742,1,0,904.7391967773438,783.0106201171875,843.8749389648438,896.5142822265625
1789859632.4557977,1,0,904.7391967773438,783.0106201171875,843.8749389648438,896.5142822265625
1789859632.4667222,1,0,904.7391967773438,783.0106201171875,843.8749389648438,896.5142822265625
1789859632.4775023,1,0,904.7391967773438,783.0106201171875,843.8749389648438,896.5142822265625
1789859632.4882681,1,0,894.8693237304688,783.0106201171875,822.4901733398438,871.839599609375
1789859632.4993007,1,0,894.8693237304688,783.0106201171875,822.4901733398438,871.839599609375
1789859632.509823,1,0,894.8693237304688,783.0106201171875,822.4901733398438,871.839599609375
1789859632.520524,1,0,894.8693237304688,783.0106201171875,822.4901733398438,871.839599609375
1789859632.531544,1,0,896.5142822265625,776.4307250976562,824.1351318359375,858.6797485351562
1789859632.542179,1,0,889.9343872070312,779.720703125,820.84521484375,861.9697265625
1789859632.553351,1,0,889.9343872070312,779.720703125,820.84521484375,861.9697265625
1789859632.5644743,1,0,889.9343872070312,779.720703125,820.84521484375,861.9697265625
1789859632.5752141,1,0,888.2893676757812,779.720703125,824.1351318359375,858.6797485351562
1789859632.5860877,1,0,881.70947265625,786.3005981445312,830.715087890625,850.454833984375
1789859632.5969915,1,0,881.70947265625,786.3005981445312,830.715087890625,850.454833984375
1789859632.6080465,1,0,881.70947265625,786.3005981445312,830.715087890625,850.454833984375
1789859632.6194348,1,0,881.70947265625,786.3005981445312,830.715087890625,850.454833984375
1789859632.6300576,1,0,881.70947265625,786.3005981445312,830.715087890625,850.454833984375
1789859632.6408317,1,0,881.70947265625,786.3005981445312,830.715087890625,850.454833984375
1789859632.6518867,1,0,881.70947265625,786.3005981445312,830.715087890625,850.454833984375
1789859632.6626415,1,0,881.70947265625,786.3005981445312,830.715087890625,850.454833984375
1789859632.6737173,1,0,883.3544311523438,789.590576171875,829.070068359375,858.6797485351562
1789859632.6846833,1,0,868.5496215820312,802.7504272460938,834.0050048828125,857.0347290039062
1789859632.695829,1,0,876.7745361328125,801.1054077148438,830.715087890625,830.715087890625
1789859632.7064693,1,0,876.7745361328125,801.1054077148438,830.715087890625,830.715087890625
1789859632.7172253,1,0,876.7745361328125,801.1054077148438,830.715087890625,830.715087890625
1789859632.728328,1,0,866.9046630859375,797.8154907226562,835.6500244140625,837.2949829101562
1789859632.7391748,1,0,866.9046630859375,797.8154907226562,835.6500244140625,837.2949829101562
1789859632.7498217,1,0,866.9046630859375,797.8154907226562,835.6500244140625,837.2949829101562
1789859632.761024,1,0,866.9046630859375,797.8154907226562,835.6500244140625,837.2949829101562
1789859632.771853,1,0,866.9046630859375,797.8154907226562,835.6500244140625,837.2949829101562
1789859632.7834246,1,0,848.8098754882812,802.7504272460938,837.2949829101562,866.9046630859375
1789859632.7943866,1,0,866.9046630859375,810.9752807617188,835.6500244140625,845.5198974609375
1789859632.8055675,1,0,866.9046630859375,810.9752807617188,835.6500244140625,845.5198974609375
1789859632.8161597,1,0,866.9046630859375,810.9752807617188,835.6500244140625,845.5198974609375
1789859632.8269885,1,0,866.9046630859375,810.9752807617188,835.6500244140625,845.5198974609375
1789859632.837781,1,0,866.9046630859375,810.9752807617188,835.6500244140625,845.5198974609375
1789859632.8487198,1,0,863.6146850585938,809.330322265625,840.5849609375,837.2949829101562
1789859632.8592694,1,0,863.6146850585938,809.330322265625,840.5849609375,837.2949829101562
1789859632.8699176,1,0,863.6146850585938,809.330322265625,837.2949829101562,838.9400024414062
1789859632.8805888,1,0,868.5496215820312,807.6853637695312,838.9400024414062,855.3897705078125
1789859632.891406,1,0,868.5496215820312,807.6853637695312,838.9400024414062,855.3897705078125
1789859632.902397,1,0,868.5496215820312,807.6853637695312,838.9400024414062,855.3897705078125
1789859632.912978,1,0,868.5496215820312,807.6853637695312,838.9400024414062,855.3897705078125
1789859632.9236088,1,0,866.9046630859375,807.6853637695312,840.5849609375,822.4901733398438
1789859632.934505,1,0,866.9046630859375,807.6853637695312,840.5849609375,822.4901733398438
1789859632.9454029,1,0,866.9046630859375,807.6853637695312,840.5849609375,822.4901733398438
1789859632.9563558,1,0,866.9046630859375,807.6853637695312,840.5849609375,822.4901733398438
1789859632.9672723,1,0,873.4845581054688,802.7504272460938,840.5849609375,848.8098754882812
1789859632.9785542,1,0,858.6797485351562,817.5552368164062,827.4251098632812,809.330322265625
1789859632.9896653,1,0,858.6797485351562,817.5552368164062,827.4251098632812,809.330322265625
1789859633.0004086,1,0,858.6797485351562,817.5552368164062,827.4251098632812,809.330322265625
1789859633.0115213,1,0,858.6797485351562,817.5552368164062,827.4251098632812,809.330322265625
1789859633.0225756,1,0,858.6797485351562,817.5552368164062,827.4251098632812,809.330322265625
1789859633.0335436,1,0,807.6853637695312,840.5849609375,796.1704711914062,792.8805541992188
1789859633.0449383,1,0,807.6853637695312,840.5849609375,796.1704711914062,792.8805541992188
1789859633.055662,1,0,807.6853637695312,840.5849609375,796.1704711914062,792.8805541992188
1789859633.0662148,1,0,807.6853637695312,840.5849609375,796.1704711914062,792.8805541992188
1789859633.0767903,1,0,820.84521484375,919.5440063476562,848.8098754882812,792.8805541992188
1789859633.087992,1,0,820.84521484375,919.5440063476562,848.8098754882812,792.8805541992188
1789859633.0989397,1,0,820.84521484375,919.5440063476562,848.8098754882812,792.8805541992188
1789859633.1096509,1,0,820.84521484375,919.5440063476562,848.8098754882812,792.8805541992188
1789859633.1205955,1,0,820.84521484375,919.5440063476562,848.8098754882812,792.8805541992188
1789859633.1311872,1,0,728.726318359375,1005.0830078125,769.850830078125,713.9214477539062
1789859633.1416762,1,0,728.726318359375,1005.0830078125,769.850830078125,713.9214477539062
1789859633.1522582,1,0,728.726318359375,1005.0830078125,769.850830078125,713.9214477539062
1789859633.1629486,1,0,728.726318359375,1005.0830078125,769.850830078125,713.9214477539062
1789859633.1742036,1,0,771.4957885742188,1143.2613525390625,842.2299194335938,773.1407470703125
1789859633.185146,1,0,787.945556640625,1584.1160888671875,855.3897705078125,766.5608520507812
1789859633.196598,1,0,787.945556640625,1584.1160888671875,855.3897705078125,766.5608520507812
1789859633.207481,1,0,787.945556640625,1584.1160888671875,855.3897705078125,766.5608520507812
1789859633.2184649,1,0,787.945556640625,1584.1160888671875,855.3897705078125,766.5608520507812
1789859633.2295702,1,0,866.9046630859375,1580.8260498046875,848.8098754882812,786.3005981445312
1789859633.2404714,1,0,866.9046630859375,1580.8260498046875,848.8098754882812,786.3005981445312
1789859633.2511544,1,0,866.9046630859375,1580.8260498046875,848.8098754882812,786.3005981445312
1789859633.2621562,1,0,866.9046630859375,1580.8260498046875,848.8098754882812,786.3005981445312
1789859633.2733798,1,0,866.9046630859375,1580.8260498046875,848.8098754882812,786.3005981445312
1789859633.2842507,1,0,985.3432006835938,1577.5361328125,830.715087890625,866.9046630859375
1789859633.295298,1,0,1044.5625,1549.571533203125,861.9697265625,908.0291748046875
1789859633.3062992,1,0,1044.5625,1549.571533203125,861.9697265625,908.0291748046875
1789859633.317255,1,0,1044.5625,1549.571533203125,861.9697265625,908.0291748046875
1789859633.3281977,1,0,1018.2428588867188,1490.3521728515625,840.5849609375,853.7448120117188
1789859633.3393183,1,0,1018.2428588867188,1490.3521728515625,840.5849609375,853.7448120117188
1789859633.350507,1,0,1018.2428588867188,1490.3521728515625,840.5849609375,853.7448120117188
1789859633.3613517,1,0,1018.2428588867188,1490.3521728515625,840.5849609375,853.7448120117188
1789859633.3721564,1,0,1018.2428588867188,1490.3521728515625,840.5849609375,853.7448120117188
1789859633.3827121,1,0,1059.3673095703125,1363.688720703125,860.32470703125,945.8637084960938
1789859633.3939688,1,0,1070.8822021484375,1131.7464599609375,866.9046630859375,939.2837524414062
1789859633.4046082,1,0,1070.8822021484375,1131.7464599609375,866.9046630859375,939.2837524414062
1789859633.4154067,1,0,1070.8822021484375,1131.7464599609375,866.9046630859375,939.2837524414062
1789859633.4262292,1,0,1070.8822021484375,1113.6517333984375,873.4845581054688,955.7335815429688
1789859633.4369466,1,0,1077.462158203125,1100.4918212890625,857.0347290039062,924.4789428710938
1789859633.4481404,1,0,1077.462158203125,1100.4918212890625,857.0347290039062,924.4789428710938
1789859633.4587793,1,0,1077.462158203125,1100.4918212890625,857.0347290039062,924.4789428710938
1789859633.4698048,1,0,1077.462158203125,1100.4918212890625,857.0347290039062,924.4789428710938
1789859633.480765,1,0,1077.462158203125,1077.462158203125,868.5496215820312,937.6387939453125
1789859633.4916961,1,0,1042.91748046875,475.3993225097656,842.2299194335938,884.9994506835938
1789859633.5028353,1,0,1042.91748046875,475.3993225097656,842.2299194335938,884.9994506835938
1789859633.5139403,1,0,1042.91748046875,475.3993225097656,842.2299194335938,884.9994506835938
1789859633.5245333,1,0,1042.91748046875,475.3993225097656,842.2299194335938,884.9994506835938
1789859633.5351582,1,0,1042.91748046875,475.3993225097656,842.2299194335938,884.9994506835938
1789859633.546253,1,0,1044.5625,299.38641357421875,838.9400024414062,911.319091796875
1789859633.557549,1,0,1044.5625,299.38641357421875,838.9400024414062,911.319091796875
1789859633.5686612,1,0,1044.5625,299.38641357421875,838.9400024414062,911.319091796875
1789859633.5798793,1,0,1044.5625,299.38641357421875,838.9400024414062,911.319091796875
1789859633.5911434,1,0,1072.5272216796875,258.26190185546875,835.6500244140625,931.0588989257812
1789859633.602044,1,0,1072.5272216796875,258.26190185546875,835.6500244140625,931.0588989257812
1789859633.6131315,1,0,1072.5272216796875,258.26190185546875,835.6500244140625,931.0588989257812
1789859633.6243823,1,0,1072.5272216796875,258.26190185546875,835.6500244140625,931.0588989257812
1789859633.6350126,1,0,1069.2371826171875,264.8418273925781,838.9400024414062,940.9287719726562
1789859633.6457915,1,0,1069.2371826171875,264.8418273925781,838.9400024414062,940.9287719726562
1789859633.6565723,1,0,1069.2371826171875,264.8418273925781,838.9400024414062,940.9287719726562
1789859633.6673796,1,0,898.1592407226562,315.8362121582031,822.4901733398438,884.9994506835938
1789859633.6786647,1,0,904.7391967773438,432.62982177734375,838.9400024414062,881.70947265625
1789859633.690026,1,0,904.7391967773438,432.62982177734375,838.9400024414062,881.70947265625
1789859633.7006612,1,0,904.7391967773438,432.62982177734375,838.9400024414062,881.70947265625
1789859633.711453,1,0,904.7391967773438,432.62982177734375,838.9400024414062,881.70947265625
1789859633.7224753,1,0,904.7391967773438,432.62982177734375,838.9400024414062,881.70947265625
1789859633.73344,1,0,904.7391967773438,432.62982177734375,838.9400024414062,881.70947265625
1789859633.7444248,1,0,888.2893676757812,486.9141845703125,838.9400024414062,871.839599609375
1789859633.755323,1,0,888.2893676757812,486.9141845703125,838.9400024414062,871.839599609375
1789859633.7661617,1,0,880.064453125,564.228271484375,847.1648559570312,865.2596435546875
1789859633.7778354,1,0,884.9994506835938,603.707763671875,838.9400024414062,852.0997924804688
1789859633.7888443,1,0,884.9994506835938,603.707763671875,838.9400024414062,852.0997924804688
1789859633.7993524,1,0,884.9994506835938,603.707763671875,838.9400024414062,852.0997924804688
1789859633.8100371,1,0,884.9994506835938,603.707763671875,838.9400024414062,852.0997924804688
1789859633.8211243,1,0,884.9994506835938,603.707763671875,838.9400024414062,852.0997924804688
1789859633.8321905,1,0,865.2596435546875,636.607421875,842.2299194335938,880.064453125
1789859633.8428752,1,0,865.2596435546875,636.607421875,842.2299194335938,880.064453125
1789859633.8535244,1,0,865.2596435546875,636.607421875,842.2299194335938,880.064453125
1789859633.8640983,1,0,884.9994506835938,646.477294921875,845.5198974609375,871.839599609375
1789859633.874731,1,0,889.9343872070312,690.8917236328125,843.8749389648438,838.9400024414062
1789859633.8855054,1,0,889.9343872070312,690.8917236328125,843.8749389648438,838.9400024414062
1789859633.8965466,1,0,889.9343872070312,690.8917236328125,843.8749389648438,838.9400024414062
1789859633.9076736,1,0,889.9343872070312,690.8917236328125,843.8749389648438,838.9400024414062
1789859633.9184706,1,0,889.9343872070312,690.8917236328125,843.8749389648438,838.9400024414062
1789859633.9294913,1,0,889.9343872070312,690.8917236328125,843.8749389648438,838.9400024414062
1789859633.9404352,1,0,889.9343872070312,690.8917236328125,843.8749389648438,838.9400024414062
1789859633.9516325,1,0,857.0347290039062,700.7615966796875,843.8749389648438,863.6146850585938
1789859633.9624803,1,0,858.6797485351562,710.6315307617188,838.9400024414062,861.9697265625
1789859633.9736032,1,0,858.6797485351562,710.6315307617188,838.9400024414062,861.9697265625
1789859633.984464,1,0,858.6797485351562,710.6315307617188,838.9400024414062,861.9697265625
1789859633.995505,1,0,875.1295166015625,705.6965942382812,835.6500244140625,840.5849609375
1789859634.0068977,1,0,875.1295166015625,705.6965942382812,835.6500244140625,840.5849609375
1789859634.0179372,1,0,875.1295166015625,697.4716796875,837.2949829101562,848.8098754882812
1789859634.0288284,1,0,863.6146850585938,705.6965942382812,842.2299194335938,860.32470703125
1789859634.0396569,1,0,865.2596435546875,723.7913208007812,840.5849609375,842.2299194335938
1789859634.0508008,1,0,857.0347290039062,727.081298828125,843.8749389648438,857.0347290039062
1789859634.061471,1,0,857.0347290039062,727.081298828125,843.8749389648438,857.0347290039062
1789859634.0720556,1,0,857.0347290039062,727.081298828125,843.8749389648438,857.0347290039062
1789859634.0830946,1,0,842.2299194335938,764.9158325195312,845.5198974609375,797.8154907226562
1789859634.093855,1,0,842.2299194335938,764.9158325195312,845.5198974609375,797.8154907226562
1789859634.1049864,1,0,842.2299194335938,764.9158325195312,845.5198974609375,797.8154907226562
1789859634.1156275,1,0,842.2299194335938,764.9158325195312,845.5198974609375,797.8154907226562
1789859634.1266727,1,0,842.2299194335938,764.9158325195312,845.5198974609375,797.8154907226562
1789859634.1375034,1,0,842.2299194335938,764.9158325195312,845.5198974609375,797.8154907226562
1789859634.1482406,1,0,842.2299194335938,764.9158325195312,845.5198974609375,797.8154907226562
1789859634.1589499,1,0,842.2299194335938,764.9158325195312,845.5198974609375,797.8154907226562
1789859634.1701581,1,0,766.5608520507812,807.6853637695312,819.2001953125,713.9214477539062
1789859634.1809824,1,0,763.2708740234375,843.8749389648438,794.5255126953125,672.7969360351562
1789859634.1916857,1,0,763.2708740234375,843.8749389648438,794.5255126953125,672.7969360351562
1789859634.2024205,1,0,763.2708740234375,843.8749389648438,794.5255126953125,672.7969360351562
1789859634.213237,1,0,763.2708740234375,843.8749389648438,794.5255126953125,672.7969360351562
1789859634.2239647,1,0,792.8805541992188,830.715087890625,773.1407470703125,694.1817016601562
1789859634.234928,1,0,792.8805541992188,830.715087890625,773.1407470703125,694.1817016601562
1789859634.245703,1,0,792.8805541992188,830.715087890625,773.1407470703125,694.1817016601562
1789859634.2566798,1,0,792.8805541992188,830.715087890625,773.1407470703125,694.1817016601562
1789859634.2673538,1,0,792.8805541992188,830.715087890625,773.1407470703125,694.1817016601562
1789859634.2788699,1,0,858.6797485351562,806.0403442382812,741.8861083984375,746.8211059570312
1789859634.2895555,1,0,858.6797485351562,806.0403442382812,741.8861083984375,746.8211059570312
1789859634.3007383,1,0,858.6797485351562,806.0403442382812,741.8861083984375,746.8211059570312
1789859634.3113897,1,0,888.2893676757812,774.7857666015625,732.0162353515625,815.9102783203125
1789859634.32233,1,0,899.8042602539062,784.6556396484375,733.6612548828125,837.2949829101562
1789859634.3334985,1,0,899.8042602539062,784.6556396484375,733.6612548828125,837.2949829101562
1789859634.344436,1,0,899.8042602539062,784.6556396484375,733.6612548828125,837.2949829101562
1789859634.3551242,1,0,899.8042602539062,784.6556396484375,733.6612548828125,837.2949829101562
1789859634.366306,1,0,899.8042602539062,784.6556396484375,733.6612548828125,837.2949829101562
1789859634.3771534,1,0,904.7391967773438,773.1407470703125,741.8861083984375,843.8749389648438
1789859634.3879385,1,0,909.6741333007812,779.720703125,764.9158325195312,858.6797485351562
1789859634.3985643,1,0,909.6741333007812,779.720703125,764.9158325195312,858.6797485351562
1789859634.4091988,1,0,909.6741333007812,779.720703125,764.9158325195312,858.6797485351562
1789859634.4201164,1,0,909.6741333007812,779.720703125,764.9158325195312,858.6797485351562
1789859634.4311619,1,0,876.7745361328125,766.5608520507812,817.5552368164062,848.8098754882812
1789859634.4424522,1,0,876.7745361328125,766.5608520507812,817.5552368164062,848.8098754882812
1789859634.4533145,1,0,876.7745361328125,766.5608520507812,817.5552368164062,848.8098754882812
1789859634.464258,1,0,876.7745361328125,766.5608520507812,817.5552368164062,848.8098754882812
1789859634.4755497,1,0,873.4845581054688,769.850830078125,829.070068359375,861.9697265625
1789859634.4865956,1,0,857.0347290039062,766.5608520507812,840.5849609375,866.9046630859375
1789859634.497719,1,0,857.0347290039062,766.5608520507812,840.5849609375,866.9046630859375
1789859634.5082958,1,0,857.0347290039062,766.5608520507812,840.5849609375,866.9046630859375
1789859634.518821,1,0,843.8749389648438,801.1054077148438,832.3600463867188,837.2949829101562
1789859634.5301778,1,0,843.8749389648438,801.1054077148438,832.3600463867188,837.2949829101562
1789859634.5409331,1,0,843.8749389648438,801.1054077148438,832.3600463867188,837.2949829101562
1789859634.5516853,1,0,843.8749389648438,801.1054077148438,832.3600463867188,837.2949829101562
1789859634.562721,1,0,843.8749389648438,801.1054077148438,832.3600463867188,837.2949829101562
1789859634.573471,1,0,843.8749389648438,801.1054077148438,832.3600463867188,837.2949829101562
1789859634.584457,1,0,857.0347290039062,804.3953857421875,842.2299194335938,847.1648559570312
1789859634.595149,1,0,857.0347290039062,804.3953857421875,842.2299194335938,847.1648559570312
1789859634.606057,1,0,857.0347290039062,804.3953857421875,842.2299194335938,847.1648559570312
1789859634.6165543,1,0,852.0997924804688,809.330322265625,837.2949829101562,834.0050048828125
1789859634.627677,1,0,852.0997924804688,809.330322265625,837.2949829101562,834.0050048828125
1789859634.6387994,1,0,852.0997924804688,809.330322265625,837.2949829101562,834.0050048828125
1789859634.6493351,1,0,852.0997924804688,809.330322265625,837.2949829101562,834.0050048828125
1789859634.6603456,1,0,852.0997924804688,809.330322265625,837.2949829101562,834.0050048828125
1789859634.6709151,1,0,852.0997924804688,809.330322265625,837.2949829101562,834.0050048828125
1789859634.681561,1,0,858.6797485351562,809.330322265625,845.5198974609375,850.454833984375
1789859634.692815,1,0,868.5496215820312,801.1054077148438,848.8098754882812,840.5849609375
1789859634.7036982,1,0,850.454833984375,801.1054077148438,848.8098754882812,842.2299194335938
1789859634.714648,1,0,850.454833984375,801.1054077148438,848.8098754882812,842.2299194335938
1789859634.7252586,1,0,847.1648559570312,792.8805541992188,852.0997924804688,830.715087890625
1789859634.7362487,0,0,847.1648559570312,792.8805541992188,852.0997924804688,830.715087890625
1789859634.7474763,0,0,847.1648559570312,792.8805541992188,852.0997924804688,830.715087890625
1789859634.7583554,0,0,847.1648559570312,792.8805541992188,852.0997924804688,830.715087890625
1789859634.768896,0,0,847.1648559570312,792.8805541992188,852.0997924804688,830.715087890625
1789859634.7799187,0,0,860.32470703125,787.945556640625,845.5198974609375,827.4251098632812
1789859634.7909148,0,0,858.6797485351562,784.6556396484375,850.454833984375,838.9400024414062
1789859634.8015394,0,0,858.6797485351562,784.6556396484375,850.454833984375,838.9400024414062
1789859634.8128762,0,0,858.6797485351562,784.6556396484375,850.454833984375,838.9400024414062
1789859634.8243794,0,0,858.6797485351562,784.6556396484375,850.454833984375,838.9400024414062
1789859634.8352203,0,0,858.6797485351562,784.6556396484375,850.454833984375,838.9400024414062
1789859634.8461282,0,0,858.6797485351562,784.6556396484375,850.454833984375,838.9400024414062
1789859634.857187,0,0,860.32470703125,787.945556640625,852.0997924804688,838.9400024414062
1789859634.8681746,0,0,868.5496215820312,787.945556640625,847.1648559570312,840.5849609375
1789859634.8788393,0,0,860.32470703125,779.720703125,852.0997924804688,842.2299194335938
1789859634.8896685,0,0,860.32470703125,779.720703125,852.0997924804688,842.2299194335938
1789859634.9003162,0,0,860.32470703125,779.720703125,852.0997924804688,842.2299194335938
1789859634.9114652,0,0,855.3897705078125,789.590576171875,847.1648559570312,840.5849609375
1789859634.9222867,0,0,855.3897705078125,789.590576171875,847.1648559570312,840.5849609375
1789859634.9327843,0,0,855.3897705078125,789.590576171875,847.1648559570312,840.5849609375
1789859634.9433079,0,0,855.3897705078125,789.590576171875,847.1648559570312,840.5849609375
1789859634.9539776,0,0,855.3897705078125,789.590576171875,847.1648559570312,840.5849609375
1789859634.9650376,0,0,860.32470703125,792.8805541992188,843.8749389648438,852.0997924804688
1789859634.976189,0,0,855.3897705078125,801.1054077148438,850.454833984375,838.9400024414062
1789859634.987021,0,0,847.1648559570312,802.7504272460938,845.5198974609375,835.6500244140625
1789859634.9980423,0,0,847.1648559570312,802.7504272460938,845.5198974609375,835.6500244140625
1789859635.0089786,0,0,868.5496215820312,801.1054077148438,845.5198974609375,845.5198974609375
1789859635.0201209,0,0,858.6797485351562,802.7504272460938,847.1648559570312,838.9400024414062
1789859635.0310888,0,0,858.6797485351562,802.7504272460938,847.1648559570312,838.9400024414062
1789859635.041687,0,0,858.6797485351562,802.7504272460938,847.1648559570312,838.9400024414062
1789859635.0528271,0,0,858.6797485351562,802.7504272460938,847.1648559570312,838.9400024414062
1789859635.0636234,0,0,858.6797485351562,802.7504272460938,847.1648559570312,838.9400024414062
1789859635.074788,0,0,871.839599609375,807.6853637695312,845.5198974609375,845.5198974609375
1789859635.086155,0,0,871.839599609375,807.6853637695312,845.5198974609375,845.5198974609375
1789859635.0967941,0,0,871.839599609375,807.6853637695312,845.5198974609375,845.5198974609375
1789859635.107395,0,0,871.839599609375,807.6853637695312,845.5198974609375,845.5198974609375
1789859635.1186402,0,0,861.9697265625,806.0403442382812,845.5198974609375,852.0997924804688
1789859635.1293805,0,0,861.9697265625,806.0403442382812,845.5198974609375,852.0997924804688
1789859635.1399024,0,0,861.9697265625,806.0403442382812,845.5198974609375,852.0997924804688
1789859635.150943,0,0,861.9697265625,806.0403442382812,845.5198974609375,852.0997924804688
1789859635.161807,0,0,861.9697265625,806.0403442382812,845.5198974609375,852.0997924804688
1789859635.1729152,0,0,865.2596435546875,814.2652587890625,843.8749389648438,858.6797485351562
1789859635.183949,0,0,868.5496215820312,820.84521484375,835.6500244140625,860.32470703125
1789859635.194966,0,0,871.839599609375,822.4901733398438,843.8749389648438,848.8098754882812
1789859635.20587,0,0,871.839599609375,822.4901733398438,843.8749389648438,848.8098754882812
1789859635.2169907,0,0,871.839599609375,822.4901733398438,843.8749389648438,848.8098754882812
1789859635.2284284,0,0,858.6797485351562,824.1351318359375,842.2299194335938,837.2949829101562
1789859635.239771,0,0,858.6797485351562,824.1351318359375,842.2299194335938,837.2949829101562
1789859635.2505078,0,0,858.6797485351562,824.1351318359375,842.2299194335938,837.2949829101562
1789859635.2613754,0,0,858.6797485351562,824.1351318359375,842.2299194335938,837.2949829101562
1789859635.271964,0,0,858.6797485351562,824.1351318359375,842.2299194335938,837.2949829101562
1789859635.2830405,0,0,863.6146850585938,822.4901733398438,835.6500244140625,848.8098754882812
1789859635.294227,0,0,857.0347290039062,824.1351318359375,832.3600463867188,837.2949829101562
1789859635.3054774,0,0,857.0347290039062,824.1351318359375,832.3600463867188,837.2949829101562
1789859635.3164,0,0,857.0347290039062,824.1351318359375,832.3600463867188,837.2949829101562
1789859635.3272004,0,0,861.9697265625,820.84521484375,829.070068359375,838.9400024414062
1789859635.3382895,0,0,861.9697265625,820.84521484375,829.070068359375,838.9400024414062
1789859635.3493445,0,0,861.9697265625,820.84521484375,829.070068359375,838.9400024414062
1789859635.360361,0,0,861.9697265625,820.84521484375,829.070068359375,838.9400024414062
1789859635.37112,0,0,861.9697265625,820.84521484375,829.070068359375,838.9400024414062
1789859635.3816664,0,0,857.0347290039062,819.2001953125,827.4251098632812,840.5849609375
1789859635.3927264,0,0,855.3897705078125,809.330322265625,827.4251098632812,860.32470703125
1789859635.4038498,0,0,855.3897705078125,814.2652587890625,829.070068359375,848.8098754882812
1789859635.4149876,0,0,855.3897705078125,814.2652587890625,829.070068359375,848.8098754882812
1789859635.4259818,0,0,855.3897705078125,814.2652587890625,829.070068359375,848.8098754882812
1789859635.4371972,0,0,855.3897705078125,814.2652587890625,829.070068359375,848.8098754882812
1789859635.4480145,0,0,855.3897705078125,814.2652587890625,829.070068359375,848.8098754882812
1789859635.4586253,0,0,855.3897705078125,814.2652587890625,829.070068359375,848.8098754882812
1789859635.4691582,0,0,855.3897705078125,814.2652587890625,829.070068359375,848.8098754882812
1789859635.4799263,0,0,865.2596435546875,812.6203002929688,835.6500244140625,860.32470703125
1789859635.490963,0,0,861.9697265625,812.6203002929688,829.070068359375,847.1648559570312
1789859635.5019073,0,0,865.2596435546875,815.9102783203125,829.070068359375,860.32470703125
1789859635.5128174,0,0,865.2596435546875,815.9102783203125,829.070068359375,860.32470703125
1789859635.5237627,0,0,865.2596435546875,815.9102783203125,829.070068359375,860.32470703125
1789859635.5345514,0,0,865.2596435546875,815.9102783203125,829.070068359375,860.32470703125
1789859635.5453556,0,0,865.2596435546875,815.9102783203125,829.070068359375,860.32470703125
1789859635.556413,0,0,865.2596435546875,815.9102783203125,829.070068359375,860.32470703125
1789859635.567356,0,0,865.2596435546875,815.9102783203125,829.070068359375,860.32470703125
1789859635.5785089,0,0,865.2596435546875,820.84521484375,829.070068359375,858.6797485351562
1789859635.5896053,0,0,689.2467651367188,825.7801513671875,906.3841552734375,722.1463623046875
1789859635.6005268,0,0,667.8619995117188,850.454833984375,909.6741333007812,672.7969360351562
1789859635.6113162,0,0,667.8619995117188,850.454833984375,909.6741333007812,672.7969360351562
1789859635.6219895,0,0,667.8619995117188,850.454833984375,909.6741333007812,672.7969360351562
1789859635.633032,0,0,741.8861083984375,861.9697265625,909.6741333007812,764.9158325195312
1789859635.644099,0,0,794.5255126953125,815.9102783203125,898.1592407226562,822.4901733398438
1789859635.6547768,0,0,794.5255126953125,815.9102783203125,898.1592407226562,822.4901733398438
1789859635.6654644,0,0,794.5255126953125,815.9102783203125,898.1592407226562,822.4901733398438
1789859635.6761808,0,0,794.5255126953125,815.9102783203125,898.1592407226562,822.4901733398438
1789859635.6868715,0,0,794.5255126953125,815.9102783203125,898.1592407226562,822.4901733398438
1789859635.698257,0,0,794.5255126953125,815.9102783203125,898.1592407226562,822.4901733398438
1789859635.709266,0,0,834.0050048828125,804.3953857421875,893.2243041992188,838.9400024414062
1789859635.7200983,0,0,834.0050048828125,804.3953857421875,893.2243041992188,838.9400024414062
1789859635.7308695,0,0,834.0050048828125,804.3953857421875,893.2243041992188,838.9400024414062
1789859635.7419543,0,0,881.70947265625,766.5608520507812,853.7448120117188,876.7745361328125
1789859635.7530174,0,0,888.2893676757812,758.3359375,847.1648559570312,896.5142822265625
1789859635.763849,0,0,888.2893676757812,758.3359375,847.1648559570312,896.5142822265625
1789859635.774954,0,0,888.2893676757812,758.3359375,847.1648559570312,896.5142822265625
1789859635.7861407,0,0,886.6444091796875,755.0459594726562,848.8098754882812,896.5142822265625
1789859635.797059,0,0,886.6444091796875,755.0459594726562,848.8098754882812,896.5142822265625
1789859635.8080268,0,0,886.6444091796875,755.0459594726562,848.8098754882812,896.5142822265625
1789859635.818922,0,0,886.6444091796875,755.0459594726562,848.8098754882812,896.5142822265625
1789859635.829603,0,0,886.6444091796875,755.0459594726562,848.8098754882812,896.5142822265625
1789859635.8403428,0,0,891.579345703125,750.1110229492188,843.8749389648438,878.4194946289062
1789859635.8514957,1,0,889.9343872070312,753.4010009765625,843.8749389648438,878.4194946289062
1789859635.8625636,1,0,889.9343872070312,753.4010009765625,843.8749389648438,878.4194946289062
1789859635.873376,1,0,889.9343872070312,753.4010009765625,843.8749389648438,878.4194946289062
1789859635.8844965,1,0,889.9343872070312,753.4010009765625,843.8749389648438,878.4194946289062
1789859635.8957355,1,0,884.9994506835938,755.0459594726562,837.2949829101562,865.2596435546875
1789859635.9074302,1,0,889.9343872070312,756.6909790039062,842.2299194335938,868.5496215820312
1789859635.918016,1,0,889.9343872070312,756.6909790039062,842.2299194335938,868.5496215820312
1789859635.9290316,1,0,889.9343872070312,756.6909790039062,842.2299194335938,868.5496215820312
1789859635.9400628,1,0,889.9343872070312,756.6909790039062,842.2299194335938,868.5496215820312
1789859635.9512665,1,0,878.4194946289062,756.6909790039062,834.0050048828125,873.4845581054688
1789859635.9619658,1,0,878.4194946289062,756.6909790039062,834.0050048828125,873.4845581054688
1789859635.9733033,1,0,878.4194946289062,756.6909790039062,834.0050048828125,873.4845581054688
1789859635.9839826,1,0,878.4194946289062,756.6909790039062,834.0050048828125,873.4845581054688
1789859635.9948776,1,0,878.4194946289062,766.5608520507812,842.2299194335938,858.6797485351562
1789859636.0059345,1,0,873.4845581054688,764.9158325195312,838.9400024414062,855.3897705078125
1789859636.016689,1,0,873.4845581054688,764.9158325195312,838.9400024414062,855.3897705078125
1789859636.027609,1,0,873.4845581054688,764.9158325195312,838.9400024414062,855.3897705078125
1789859636.0382283,1,0,873.4845581054688,764.9158325195312,838.9400024414062,855.3897705078125
1789859636.049285,1,0,873.4845581054688,776.4307250976562,835.6500244140625,860.32470703125
1789859636.0603147,1,0,870.194580078125,773.1407470703125,840.5849609375,847.1648559570312
1789859636.0715117,1,0,870.194580078125,773.1407470703125,840.5849609375,847.1648559570312
1789859636.0821388,1,0,870.194580078125,773.1407470703125,840.5849609375,847.1648559570312
1789859636.0928507,1,0,861.9697265625,779.720703125,834.0050048828125,852.0997924804688
1789859636.1040735,1,0,866.9046630859375,783.0106201171875,838.9400024414062,850.454833984375
1789859636.1151383,1,0,852.0997924804688,786.3005981445312,840.5849609375,852.0997924804688
1789859636.125916,1,0,852.0997924804688,786.3005981445312,840.5849609375,852.0997924804688
1789859636.1366122,1,0,852.0997924804688,786.3005981445312,840.5849609375,852.0997924804688
1789859636.1473718,1,0,860.32470703125,792.8805541992188,834.0050048828125,842.2299194335938
1789859636.1580024,1,0,855.3897705078125,789.590576171875,832.3600463867188,840.5849609375
1789859636.168699,1,0,855.3897705078125,789.590576171875,832.3600463867188,840.5849609375
1789859636.1793828,1,0,855.3897705078125,789.590576171875,832.3600463867188,840.5849609375
1789859636.1908405,1,0,855.3897705078125,789.590576171875,832.3600463867188,840.5849609375
1789859636.2023273,1,0,855.3897705078125,789.590576171875,832.3600463867188,840.5849609375
1789859636.2132351,1,0,855.3897705078125,789.590576171875,832.3600463867188,840.5849609375
1789859636.2245393,1,0,855.3897705078125,791.2355346679688,842.2299194335938,845.5198974609375
1789859636.235345,1,0,850.454833984375,786.3005981445312,829.070068359375,829.070068359375
1789859636.2464702,1,0,848.8098754882812,789.590576171875,829.070068359375,840.5849609375
1789859636.2577183,1,0,848.8098754882812,789.590576171875,829.070068359375,840.5849609375
1789859636.2691295,1,0,848.8098754882812,789.590576171875,829.070068359375,840.5849609375
1789859636.2801378,1,0,842.2299194335938,792.8805541992188,824.1351318359375,838.9400024414062
1789859636.2910051,1,0,842.2299194335938,792.8805541992188,824.1351318359375,838.9400024414062
1789859636.3019648,1,0,842.2299194335938,792.8805541992188,824.1351318359375,838.9400024414062
1789859636.3129704,1,0,842.2299194335938,792.8805541992188,824.1351318359375,838.9400024414062
1789859636.3235812,1,0,848.8098754882812,797.8154907226562,829.070068359375,838.9400024414062
1789859636.3346055,1,0,855.3897705078125,797.8154907226562,827.4251098632812,838.9400024414062
1789859636.345573,1,0,855.3897705078125,797.8154907226562,827.4251098632812,838.9400024414062
1789859636.3563008,1,0,855.3897705078125,797.8154907226562,827.4251098632812,838.9400024414062
1789859636.3671675,1,0,855.3897705078125,797.8154907226562,827.4251098632812,838.9400024414062
1789859636.378518,1,0,855.3897705078125,797.8154907226562,827.4251098632812,838.9400024414062
1789859636.3899744,1,0,845.5198974609375,796.1704711914062,834.0050048828125,845.5198974609375
1789859636.4006734,1,0,845.5198974609375,796.1704711914062,834.0050048828125,845.5198974609375
1789859636.4118416,1,0,845.5198974609375,796.1704711914062,834.0050048828125,845.5198974609375
1789859636.42259,1,0,861.9697265625,809.330322265625,837.2949829101562,840.5849609375
1789859636.433332,1,0,855.3897705078125,801.1054077148438,858.6797485351562,815.9102783203125
1789859636.444572,1,0,855.3897705078125,801.1054077148438,858.6797485351562,815.9102783203125
1789859636.4556515,1,0,855.3897705078125,801.1054077148438,858.6797485351562,815.9102783203125
1789859636.4662473,1,0,855.3897705078125,801.1054077148438,858.6797485351562,815.9102783203125
1789859636.4769,1,0,855.3897705078125,801.1054077148438,858.6797485351562,815.9102783203125
1789859636.4882104,1,0,824.1351318359375,810.9752807617188,806.0403442382812,817.5552368164062
1789859636.4988117,1,0,824.1351318359375,810.9752807617188,806.0403442382812,817.5552368164062
1789859636.5094788,1,0,824.1351318359375,810.9752807617188,806.0403442382812,817.5552368164062
1789859636.5204167,1,0,820.84521484375,809.330322265625,814.2652587890625,822.4901733398438
1789859636.5316317,1,0,799.46044921875,842.2299194335938,787.945556640625,735.3062133789062
1789859636.5425699,1,0,852.0997924804688,845.5198974609375,814.2652587890625,787.945556640625
1789859636.5536137,1,0,852.0997924804688,845.5198974609375,814.2652587890625,787.945556640625
1789859636.5646262,1,0,852.0997924804688,845.5198974609375,814.2652587890625,787.945556640625
1789859636.575681,1,0,852.0997924804688,845.5198974609375,814.2652587890625,787.945556640625
1789859636.5867724,1,0,852.0997924804688,845.5198974609375,814.2652587890625,787.945556640625
1789859636.5974205,1,0,852.0997924804688,845.5198974609375,814.2652587890625,787.945556640625
1789859636.6085253,1,0,852.0997924804688,845.5198974609375,814.2652587890625,787.945556640625
1789859636.6193166,1,0,825.7801513671875,1085.68701171875,840.5849609375,774.7857666015625
1789859636.6304436,1,0,825.7801513671875,1628.530517578125,893.2243041992188,630.0274658203125
1789859636.6415737,1,0,825.7801513671875,1628.530517578125,893.2243041992188,630.0274658203125
1789859636.652462,1,0,825.7801513671875,1628.530517578125,893.2243041992188,630.0274658203125
1789859636.6634161,1,0,825.7801513671875,1641.6904296875,906.3841552734375,695.82666015625
1789859636.6747174,1,0,983.6982421875,1635.1104736328125,1005.0830078125,814.2652587890625
1789859636.685593,1,0,983.6982421875,1635.1104736328125,1005.0830078125,814.2652587890625
1789859636.696346,1,0,983.6982421875,1635.1104736328125,1005.0830078125,814.2652587890625
1789859636.7073731,1,0,983.6982421875,1635.1104736328125,1005.0830078125,814.2652587890625
1789859636.7181058,1,0,852.0997924804688,1640.04541015625,899.8042602539062,656.34716796875
1789859636.7292132,1,0,1010.0179443359375,1638.400390625,876.7745361328125,787.945556640625
1789859636.7401862,1,0,891.579345703125,1636.7554931640625,784.6556396484375,669.5070190429688
1789859636.7511501,1,0,891.579345703125,1636.7554931640625,784.6556396484375,669.5070190429688
1789859636.7621531,1,0,937.6387939453125,1621.9505615234375,810.9752807617188,685.956787109375
1789859636.7734559,1,0,937.6387939453125,1621.9505615234375,810.9752807617188,685.956787109375
1789859636.7841098,1,0,937.6387939453125,1621.9505615234375,810.9752807617188,685.956787109375
1789859636.7958055,1,0,937.6387939453125,1621.9505615234375,810.9752807617188,685.956787109375
1789859636.8067183,1,0,937.6387939453125,1621.9505615234375,810.9752807617188,685.956787109375
1789859636.8176625,1,0,937.6387939453125,1621.9505615234375,810.9752807617188,685.956787109375
1789859636.8310127,1,0,937.6387939453125,1602.2108154296875,819.2001953125,695.82666015625
1789859636.8423843,1,0,1052.7874755859375,1491.9971923828125,904.7391967773438,827.4251098632812
1789859636.853213,1,0,1052.7874755859375,1491.9971923828125,904.7391967773438,827.4251098632812
1789859636.8645053,1,0,1013.307861328125,1350.52880859375,875.1295166015625,801.1054077148438
1789859636.8759966,1,0,1026.4677734375,1304.4693603515625,888.2893676757812,814.2652587890625
1789859636.8871005,1,0,1026.4677734375,1304.4693603515625,888.2893676757812,814.2652587890625
1789859636.8983617,1,0,1026.4677734375,1304.4693603515625,888.2893676757812,814.2652587890625
1789859636.9092526,1,0,1026.4677734375,1304.4693603515625,888.2893676757812,814.2652587890625
1789859636.9206789,1,0,1013.307861328125,1209.060546875,881.70947265625,787.945556640625
1789859636.9319081,1,0,1049.4974365234375,1019.8878173828125,896.5142822265625,842.2299194335938
1789859636.9426827,1,0,1041.2725830078125,1016.5978393554688,873.4845581054688,820.84521484375
1789859636.9537697,1,0,1041.2725830078125,1016.5978393554688,873.4845581054688,820.84521484375
1789859636.9648137,1,0,1052.7874755859375,922.833984375,888.2893676757812,835.6500244140625
1789859636.9758942,1,0,1052.7874755859375,922.833984375,888.2893676757812,835.6500244140625
1789859636.9870918,1,0,1052.7874755859375,922.833984375,888.2893676757812,835.6500244140625
1789859636.9981833,1,0,1052.7874755859375,922.833984375,888.2893676757812,835.6500244140625
1789859637.0093548,1,0,1052.7874755859375,922.833984375,888.2893676757812,835.6500244140625
1789859637.0204062,1,0,1057.722412109375,834.0050048828125,878.4194946289062,832.3600463867188
1789859637.0314841,1,0,1031.4027099609375,796.1704711914062,852.0997924804688,830.715087890625
1789859637.0421143,1,0,1031.4027099609375,796.1704711914062,852.0997924804688,830.715087890625
1789859637.0528507,1,0,1031.4027099609375,796.1704711914062,852.0997924804688,830.715087890625
1789859637.06357,1,0,1008.3729248046875,454.01458740234375,847.1648559570312,796.1704711914062
1789859637.0746012,1,0,1008.3729248046875,454.01458740234375,847.1648559570312,796.1704711914062
1789859637.0853777,1,0,1008.3729248046875,454.01458740234375,847.1648559570312,796.1704711914062
1789859637.0966423,1,0,1008.3729248046875,454.01458740234375,847.1648559570312,796.1704711914062
1789859637.1074753,1,0,972.1834106445312,332.2860412597656,842.2299194335938,753.4010009765625
1789859637.118485,1,0,965.6034545898438,315.8362121582031,840.5849609375,740.2411499023438
1789859637.1291769,1,0,965.6034545898438,315.8362121582031,840.5849609375,740.2411499023438
1789859637.1398711,1,0,960.6685180664062,307.611328125,835.6500244140625,738.59619140625
1789859637.1509116,1,0,926.1239624023438,287.8715515136719,820.84521484375,881.70947265625
1789859637.1619592,1,0,959.0235595703125,301.0314025878906,797.8154907226562,914.6090698242188
1789859637.1725962,1,0,959.0235595703125,301.0314025878906,797.8154907226562,914.6090698242188
1789859637.1838467,1,0,959.0235595703125,301.0314025878906,797.8154907226562,914.6090698242188
1789859637.1952496,1,0,959.0235595703125,301.0314025878906,797.8154907226562,914.6090698242188
1789859637.2058144,1,0,1000.1480712890625,324.0611267089844,789.590576171875,959.0235595703125
1789859637.2169626,1,0,1000.1480712890625,324.0611267089844,789.590576171875,959.0235595703125
1789859637.228185,1,0,1000.1480712890625,324.0611267089844,789.590576171875,959.0235595703125
1789859637.238983,1,0,1008.3729248046875,327.35107421875,778.07568359375,960.6685180664062
1789859637.2500231,1,0,972.1834106445312,412.89007568359375,753.4010009765625,945.8637084960938
1789859637.2608876,1,0,952.443603515625,440.854736328125,756.6909790039062,898.1592407226562
1789859637.2717624,1,0,952.443603515625,440.854736328125,756.6909790039062,898.1592407226562
1789859637.282803,1,0,952.443603515625,440.854736328125,756.6909790039062,898.1592407226562
1789859637.2943273,1,0,952.443603515625,440.854736328125,756.6909790039062,898.1592407226562
1789859637.3055692,1,0,952.443603515625,440.854736328125,756.6909790039062,898.1592407226562
1789859637.3163567,1,0,952.443603515625,440.854736328125,756.6909790039062,898.1592407226562
1789859637.3274667,1,0,952.443603515625,440.854736328125,756.6909790039062,898.1592407226562
1789859637.3381166,1,0,926.1239624023438,498.4290466308594,768.205810546875,922.833984375
1789859637.3491626,1,0,908.0291748046875,539.5535278320312,792.8805541992188,893.2243041992188
1789859637.3597622,1,0,904.7391967773438,542.843505859375,792.8805541992188,889.9343872070312
1789859637.3705704,1,0,904.7391967773438,542.843505859375,792.8805541992188,889.9343872070312
1789859637.3811114,1,0,903.09423828125,542.843505859375,796.1704711914062,896.5142822265625
1789859637.39191,1,0,898.1592407226562,562.583251953125,792.8805541992188,880.064453125
1789859637.4031236,1,0,898.1592407226562,562.583251953125,792.8805541992188,880.064453125
1789859637.4141958,1,0,898.1592407226562,562.583251953125,792.8805541992188,880.064453125
1789859637.4250398,1,0,898.1592407226562,562.583251953125,792.8805541992188,880.064453125
1789859637.4355702,1,0,898.1592407226562,562.583251953125,792.8805541992188,880.064453125
1789859637.4466445,1,0,880.064453125,603.707763671875,809.330322265625,886.6444091796875
1789859637.4577446,1,0,891.579345703125,611.9326782226562,807.6853637695312,878.4194946289062
1789859637.4685178,1,0,891.579345703125,611.9326782226562,807.6853637695312,878.4194946289062
1789859637.4794688,1,0,891.579345703125,611.9326782226562,807.6853637695312,878.4194946289062
1789859637.4901068,1,0,863.6146850585938,656.34716796875,819.2001953125,870.194580078125
1789859637.5009348,1,0,863.6146850585938,656.34716796875,819.2001953125,870.194580078125
1789859637.5118172,1,0,863.6146850585938,656.34716796875,819.2001953125,870.194580078125
1789859637.5226057,1,0,863.6146850585938,656.34716796875,819.2001953125,870.194580078125
1789859637.5333207,1,0,863.6146850585938,656.34716796875,819.2001953125,870.194580078125
1789859637.5440114,1,0,863.6146850585938,656.34716796875,819.2001953125,870.194580078125
1789859637.5550778,1,0,881.70947265625,685.956787109375,804.3953857421875,868.5496215820312
1789859637.565705,1,0,881.70947265625,685.956787109375,804.3953857421875,868.5496215820312
1789859637.5765815,1,0,881.70947265625,685.956787109375,804.3953857421875,868.5496215820312
1789859637.5873873,1,0,880.064453125,704.0515747070312,807.6853637695312,870.194580078125
1789859637.5981762,1,0,861.9697265625,682.6668701171875,825.7801513671875,850.454833984375
1789859637.6089425,1,0,861.9697265625,682.6668701171875,825.7801513671875,850.454833984375
1789859637.619556,1,0,861.9697265625,682.6668701171875,825.7801513671875,850.454833984375
1789859637.6302683,1,0,861.9697265625,682.6668701171875,825.7801513671875,850.454833984375
1789859637.6414838,1,0,861.9697265625,682.6668701171875,825.7801513671875,850.454833984375
1789859637.653506,1,0,857.0347290039062,681.0218505859375,829.070068359375,858.6797485351562
1789859637.6647065,1,0,863.6146850585938,699.1166381835938,825.7801513671875,866.9046630859375
1789859637.6757944,1,0,863.6146850585938,699.1166381835938,825.7801513671875,866.9046630859375
1789859637.6866143,1,0,863.6146850585938,704.0515747070312,827.4251098632812,863.6146850585938
1789859637.697596,1,0,858.6797485351562,720.5014038085938,829.070068359375,829.070068359375
1789859637.7087822,1,0,868.5496215820312,728.726318359375,835.6500244140625,837.2949829101562
1789859637.71944,1,0,868.5496215820312,728.726318359375,835.6500244140625,837.2949829101562
1789859637.730463,1,0,868.5496215820312,728.726318359375,835.6500244140625,837.2949829101562
1789859637.7417517,1,0,868.5496215820312,728.726318359375,835.6500244140625,837.2949829101562
1789859637.7527933,1,0,857.0347290039062,730.3712768554688,834.0050048828125,842.2299194335938
1789859637.7638948,1,0,858.6797485351562,741.8861083984375,829.070068359375,834.0050048828125
1789859637.7749598,1,0,858.6797485351562,741.8861083984375,829.070068359375,834.0050048828125
1789859637.7856467,1,0,857.0347290039062,758.3359375,842.2299194335938,850.454833984375
1789859637.796796,1,0,857.0347290039062,766.5608520507812,848.8098754882812,853.7448120117188
1789859637.8078375,1,0,857.0347290039062,766.5608520507812,848.8098754882812,853.7448120117188
1789859637.818651,1,0,857.0347290039062,766.5608520507812,848.8098754882812,853.7448120117188
1789859637.8299713,1,0,857.0347290039062,766.5608520507812,848.8098754882812,853.7448120117188
1789859637.8408446,1,0,860.32470703125,764.9158325195312,843.8749389648438,840.5849609375
1789859637.8520124,1,0,860.32470703125,764.9158325195312,843.8749389648438,840.5849609375
1789859637.8630853,1,0,860.32470703125,764.9158325195312,843.8749389648438,840.5849609375
1789859637.8740187,1,0,860.32470703125,764.9158325195312,843.8749389648438,840.5849609375
1789859637.8847296,1,0,860.32470703125,764.9158325195312,843.8749389648438,840.5849609375
1789859637.8960333,1,0,850.454833984375,789.590576171875,837.2949829101562,847.1648559570312
1789859637.9072576,1,0,855.3897705078125,787.945556640625,840.5849609375,847.1648559570312
1789859637.917878,1,0,855.3897705078125,787.945556640625,840.5849609375,847.1648559570312
1789859637.9292235,1,0,855.3897705078125,787.945556640625,840.5849609375,847.1648559570312
1789859637.9403543,1,0,850.454833984375,796.1704711914062,838.9400024414062,822.4901733398438
1789859637.9514787,1,0,850.454833984375,796.1704711914062,838.9400024414062,822.4901733398438
1789859637.9624572,1,0,850.454833984375,796.1704711914062,838.9400024414062,822.4901733398438
1789859637.9734857,1,0,850.454833984375,796.1704711914062,838.9400024414062,822.4901733398438
1789859637.984664,1,0,850.454833984375,796.1704711914062,838.9400024414062,822.4901733398438
1789859637.995891,1,0,858.6797485351562,786.3005981445312,850.454833984375,840.5849609375
1789859638.0069673,1,0,848.8098754882812,753.4010009765625,884.9994506835938,863.6146850585938
1789859638.017661,0,0,848.8098754882812,753.4010009765625,884.9994506835938,863.6146850585938
1789859638.0287967,0,0,848.8098754882812,753.4010009765625,884.9994506835938,863.6146850585938
1789859638.0395198,0,0,858.6797485351562,764.9158325195312,871.839599609375,875.1295166015625
1789859638.050674,0,0,850.454833984375,769.850830078125,865.2596435546875,866.9046630859375
1789859638.0617433,0,0,850.454833984375,769.850830078125,865.2596435546875,866.9046630859375
1789859638.0724623,0,0,850.454833984375,769.850830078125,865.2596435546875,866.9046630859375
1789859638.083072,0,0,850.454833984375,769.850830078125,865.2596435546875,866.9046630859375
1789859638.0940323,0,0,868.5496215820312,764.9158325195312,865.2596435546875,863.6146850585938
1789859638.1048455,0,0,861.9697265625,779.720703125,852.0997924804688,847.1648559570312
1789859638.1154187,0,0,861.9697265625,779.720703125,852.0997924804688,847.1648559570312
1789859638.1265934,0,0,861.9697265625,779.720703125,852.0997924804688,847.1648559570312
1789859638.137695,0,0,860.32470703125,778.07568359375,850.454833984375,848.8098754882812
1789859638.1487494,0,0,847.1648559570312,783.0106201171875,852.0997924804688,845.5198974609375
1789859638.159731,0,0,847.1648559570312,783.0106201171875,852.0997924804688,845.5198974609375
1789859638.1705542,0,0,847.1648559570312,783.0106201171875,852.0997924804688,845.5198974609375
1789859638.18122,0,0,847.1648559570312,783.0106201171875,852.0997924804688,845.5198974609375
1789859638.1925056,0,0,847.1648559570312,783.0106201171875,852.0997924804688,845.5198974609375
1789859638.2032642,0,0,847.1648559570312,791.2355346679688,847.1648559570312,837.2949829101562
1789859638.214,0,0,847.1648559570312,791.2355346679688,847.1648559570312,837.2949829101562
1789859638.2249305,0,0,847.1648559570312,791.2355346679688,847.1648559570312,837.2949829101562
1789859638.2360675,0,0,857.0347290039062,784.6556396484375,837.2949829101562,843.8749389648438
1789859638.246922,0,0,838.9400024414062,784.6556396484375,830.715087890625,829.070068359375
1789859638.2581406,0,0,843.8749389648438,789.590576171875,830.715087890625,840.5849609375
1789859638.2689543,0,0,843.8749389648438,789.590576171875,830.715087890625,840.5849609375
1789859638.2795613,0,0,843.8749389648438,789.590576171875,830.715087890625,840.5849609375
1789859638.2901301,0,0,843.8749389648438,783.0106201171875,830.715087890625,838.9400024414062
1789859638.3007874,0,0,843.8749389648438,783.0106201171875,830.715087890625,838.9400024414062
1789859638.311405,0,0,843.8749389648438,783.0106201171875,830.715087890625,838.9400024414062
1789859638.3224769,0,0,843.8749389648438,783.0106201171875,830.715087890625,838.9400024414062
1789859638.3332095,0,0,842.2299194335938,786.3005981445312,832.3600463867188,832.3600463867188
1789859638.3441243,0,0,847.1648559570312,786.3005981445312,832.3600463867188,827.4251098632812
1789859638.3552692,0,0,847.1648559570312,786.3005981445312,832.3600463867188,827.4251098632812
1789859638.3662655,0,0,847.1648559570312,786.3005981445312,832.3600463867188,827.4251098632812
1789859638.3771052,0,0,853.7448120117188,787.945556640625,830.715087890625,832.3600463867188
1789859638.3882456,0,0,847.1648559570312,786.3005981445312,840.5849609375,838.9400024414062
1789859638.3995147,0,0,847.1648559570312,786.3005981445312,840.5849609375,838.9400024414062
1789859638.4102635,0,0,847.1648559570312,786.3005981445312,840.5849609375,838.9400024414062
1789859638.4208887,0,0,847.1648559570312,786.3005981445312,840.5849609375,838.9400024414062
1789859638.4320128,0,0,845.5198974609375,794.5255126953125,830.715087890625,824.1351318359375
1789859638.442707,0,0,845.5198974609375,794.5255126953125,830.715087890625,824.1351318359375
1789859638.4533954,0,0,845.5198974609375,794.5255126953125,830.715087890625,824.1351318359375
1789859638.464182,0,0,845.5198974609375,801.1054077148438,829.070068359375,832.3600463867188
1789859638.4752307,0,0,860.32470703125,799.46044921875,834.0050048828125,838.9400024414062
1789859638.4859874,0,0,855.3897705078125,799.46044921875,830.715087890625,830.715087890625
1789859638.496763,0,0,855.3897705078125,799.46044921875,830.715087890625,830.715087890625
1789859638.5079691,0,0,855.3897705078125,799.46044921875,830.715087890625,830.715087890625
1789859638.5191922,0,0,855.3897705078125,799.46044921875,830.715087890625,830.715087890625
1789859638.5301354,0,0,855.3897705078125,799.46044921875,830.715087890625,830.715087890625
1789859638.5408373,0,0,855.3897705078125,799.46044921875,830.715087890625,830.715087890625
1789859638.5520098,0,0,855.3897705078125,799.46044921875,830.715087890625,830.715087890625
1789859638.5633016,0,0,855.3897705078125,804.3953857421875,830.715087890625,835.6500244140625
1789859638.5744243,0,0,853.7448120117188,792.8805541992188,835.6500244140625,835.6500244140625
1789859638.5852134,0,0,858.6797485351562,802.7504272460938,834.0050048828125,832.3600463867188
1789859638.5959256,0,0,858.6797485351562,802.7504272460938,834.0050048828125,832.3600463867188
1789859638.6067817,0,0,858.6797485351562,802.7504272460938,834.0050048828125,832.3600463867188
1789859638.6175408,0,0,857.0347290039062,796.1704711914062,835.6500244140625,852.0997924804688
1789859638.628654,0,0,858.6797485351562,801.1054077148438,834.0050048828125,822.4901733398438
1789859638.639452,0,0,858.6797485351562,801.1054077148438,834.0050048828125,822.4901733398438
1789859638.6504676,0,0,858.6797485351562,801.1054077148438,834.0050048828125,822.4901733398438
1789859638.6617188,0,0,858.6797485351562,801.1054077148438,834.0050048828125,822.4901733398438
1789859638.673184,0,0,852.0997924804688,797.8154907226562,834.0050048828125,824.1351318359375
1789859638.6841636,0,0,852.0997924804688,797.8154907226562,834.0050048828125,824.1351318359375
1789859638.6949384,0,0,852.0997924804688,797.8154907226562,834.0050048828125,824.1351318359375
1789859638.7060878,0,0,852.0997924804688,797.8154907226562,834.0050048828125,824.1351318359375
1789859638.7170315,0,0,852.0997924804688,797.8154907226562,834.0050048828125,824.1351318359375
1789859638.7277417,0,0,852.0997924804688,797.8154907226562,834.0050048828125,824.1351318359375
1789859638.738919,0,0,852.0997924804688,797.8154907226562,834.0050048828125,824.1351318359375
1789859638.7496994,0,0,861.9697265625,797.8154907226562,838.9400024414062,852.0997924804688
1789859638.7603283,0,0,855.3897705078125,801.1054077148438,838.9400024414062,848.8098754882812
1789859638.7710285,0,0,858.6797485351562,796.1704711914062,837.2949829101562,842.2299194335938
1789859638.7819417,0,0,858.6797485351562,796.1704711914062,837.2949829101562,842.2299194335938
1789859638.7926304,0,0,858.6797485351562,796.1704711914062,837.2949829101562,842.2299194335938
1789859638.8035269,0,0,858.6797485351562,796.1704711914062,837.2949829101562,842.2299194335938
1789859638.8141067,0,0,858.6797485351562,796.1704711914062,837.2949829101562,842.2299194335938
1789859638.825325,0,0,845.5198974609375,804.3953857421875,840.5849609375,845.5198974609375
1789859638.8364224,0,0,850.454833984375,801.1054077148438,838.9400024414062,840.5849609375
1789859638.847604,0,0,850.454833984375,801.1054077148438,838.9400024414062,840.5849609375
1789859638.8586364,0,0,850.454833984375,801.1054077148438,838.9400024414062,840.5849609375
1789859638.8700702,0,0,865.2596435546875,797.8154907226562,842.2299194335938,863.6146850585938
1789859638.8812096,0,0,853.7448120117188,809.330322265625,838.9400024414062,837.2949829101562
1789859638.8925421,0,0,853.7448120117188,809.330322265625,838.9400024414062,837.2949829101562
1789859638.9032528,0,0,853.7448120117188,809.330322265625,838.9400024414062,837.2949829101562
1789859638.91402,0,0,853.7448120117188,809.330322265625,838.9400024414062,837.2949829101562
1789859638.9249282,0,0,829.070068359375,827.4251098632812,802.7504272460938,789.590576171875
1789859638.9357297,0,0,843.8749389648438,817.5552368164062,812.6203002929688,810.9752807617188
1789859638.9468644,0,0,843.8749389648438,817.5552368164062,812.6203002929688,810.9752807617188
1789859638.958234,0,0,843.8749389648438,817.5552368164062,812.6203002929688,810.9752807617188
1789859638.9691124,0,0,843.8749389648438,817.5552368164062,812.6203002929688,810.9752807617188
1789859638.9803572,0,0,855.3897705078125,815.9102783203125,824.1351318359375,812.6203002929688
1789859638.9917097,0,0,855.3897705078125,815.9102783203125,824.1351318359375,812.6203002929688
1789859639.002925,0,0,855.3897705078125,815.9102783203125,824.1351318359375,812.6203002929688
1789859639.0136604,0,0,855.3897705078125,815.9102783203125,824.1351318359375,812.6203002929688
1789859639.024249,0,0,855.3897705078125,815.9102783203125,824.1351318359375,812.6203002929688
1789859639.0349593,0,0,858.6797485351562,817.5552368164062,822.4901733398438,825.7801513671875
1789859639.0458815,0,0,848.8098754882812,814.2652587890625,819.2001953125,822.4901733398438
1789859639.0568883,0,0,848.8098754882812,814.2652587890625,819.2001953125,822.4901733398438
1789859639.0675876,0,0,848.8098754882812,814.2652587890625,819.2001953125,822.4901733398438
1789859639.0782351,0,0,857.0347290039062,819.2001953125,827.4251098632812,830.715087890625
1789859639.0891812,0,0,857.0347290039062,809.330322265625,834.0050048828125,829.070068359375
1789859639.1002657,1,0,857.0347290039062,809.330322265625,834.0050048828125,829.070068359375
1789859639.1116338,1,0,857.0347290039062,809.330322265625,834.0050048828125,829.070068359375
1789859639.1231482,1,0,857.0347290039062,809.330322265625,834.0050048828125,829.070068359375
1789859639.133899,1,0,863.6146850585938,804.3953857421875,840.5849609375,842.2299194335938
1789859639.1451259,1,0,848.8098754882812,809.330322265625,838.9400024414062,829.070068359375
1789859639.1565402,1,0,866.9046630859375,804.3953857421875,835.6500244140625,837.2949829101562
1789859639.1675456,1,0,865.2596435546875,802.7504272460938,842.2299194335938,852.0997924804688
1789859639.1782627,1,0,865.2596435546875,802.7504272460938,842.2299194335938,852.0997924804688
1789859639.1892967,1,0,865.2596435546875,802.7504272460938,842.2299194335938,852.0997924804688
1789859639.2000554,1,0,860.32470703125,804.3953857421875,840.5849609375,850.454833984375
1789859639.2112534,1,0,863.6146850585938,814.2652587890625,838.9400024414062,835.6500244140625
1789859639.2223797,1,0,863.6146850585938,814.2652587890625,838.9400024414062,835.6500244140625
1789859639.233065,1,0,863.6146850585938,814.2652587890625,838.9400024414062,835.6500244140625
1789859639.2440112,1,0,863.6146850585938,814.2652587890625,838.9400024414062,835.6500244140625
1789859639.255069,1,0,848.8098754882812,819.2001953125,838.9400024414062,824.1351318359375
1789859639.2663891,1,0,732.0162353515625,840.5849609375,810.9752807617188,679.3768920898438
1789859639.2772756,1,0,732.0162353515625,840.5849609375,810.9752807617188,679.3768920898438
1789859639.288411,1,0,732.0162353515625,840.5849609375,810.9752807617188,679.3768920898438
1789859639.2995076,1,0,723.7913208007812,834.0050048828125,804.3953857421875,676.0869140625
1789859639.3104107,1,0,722.1463623046875,840.5849609375,804.3953857421875,697.4716796875
1789859639.32117,1,0,722.1463623046875,840.5849609375,804.3953857421875,697.4716796875
1789859639.331936,1,0,722.1463623046875,840.5849609375,804.3953857421875,697.4716796875
1789859639.3429086,1,0,722.1463623046875,840.5849609375,804.3953857421875,697.4716796875
1789859639.3542635,1,0,848.8098754882812,830.715087890625,824.1351318359375,809.330322265625
1789859639.3652494,1,0,848.8098754882812,830.715087890625,824.1351318359375,809.330322265625
1789859639.376285,1,0,848.8098754882812,830.715087890625,824.1351318359375,809.330322265625
1789859639.3874607,1,0,848.8098754882812,830.715087890625,824.1351318359375,809.330322265625
1789859639.3981605,1,0,848.8098754882812,830.715087890625,824.1351318359375,809.330322265625
1789859639.4092443,1,0,848.8098754882812,830.715087890625,824.1351318359375,824.1351318359375
1789859639.420057,1,0,848.8098754882812,830.715087890625,824.1351318359375,824.1351318359375
1789859639.4308302,1,0,848.8098754882812,830.715087890625,824.1351318359375,824.1351318359375
1789859639.4414783,1,0,848.8098754882812,830.715087890625,824.1351318359375,824.1351318359375
1789859639.452676,1,0,868.5496215820312,824.1351318359375,838.9400024414062,847.1648559570312
1789859639.463819,1,0,868.5496215820312,824.1351318359375,838.9400024414062,847.1648559570312
1789859639.475367,1,0,868.5496215820312,824.1351318359375,838.9400024414062,847.1648559570312
1789859639.4860284,1,0,868.5496215820312,824.1351318359375,838.9400024414062,847.1648559570312
1789859639.496719,1,0,870.194580078125,817.5552368164062,832.3600463867188,847.1648559570312
1789859639.5082588,1,0,870.194580078125,817.5552368164062,832.3600463867188,847.1648559570312
1789859639.518939,1,0,870.194580078125,817.5552368164062,832.3600463867188,847.1648559570312
1789859639.5295339,1,0,870.194580078125,817.5552368164062,832.3600463867188,847.1648559570312
1789859639.5402212,1,0,870.194580078125,817.5552368164062,832.3600463867188,847.1648559570312
1789859639.5509086,1,0,868.5496215820312,801.1054077148438,842.2299194335938,858.6797485351562
1789859639.5618308,1,0,873.4845581054688,801.1054077148438,835.6500244140625,843.8749389648438
1789859639.5727296,1,0,873.4845581054688,801.1054077148438,835.6500244140625,843.8749389648438
1789859639.5833032,1,0,873.4845581054688,801.1054077148438,835.6500244140625,843.8749389648438
1789859639.5940342,1,0,868.5496215820312,794.5255126953125,838.9400024414062,837.2949829101562
1789859639.605611,1,0,868.5496215820312,794.5255126953125,838.9400024414062,837.2949829101562
1789859639.616667,1,0,868.5496215820312,794.5255126953125,838.9400024414062,837.2949829101562
1789859639.627431,1,0,868.5496215820312,794.5255126953125,838.9400024414062,837.2949829101562
1789859639.6386309,1,0,868.5496215820312,794.5255126953125,838.9400024414062,837.2949829101562
1789859639.6499603,1,0,863.6146850585938,783.0106201171875,848.8098754882812,837.2949829101562
1789859639.6606524,1,0,863.6146850585938,783.0106201171875,848.8098754882812,837.2949829101562
1789859639.6716497,1,0,863.6146850585938,783.0106201171875,848.8098754882812,837.2949829101562
1789859639.682667,1,0,863.6146850585938,783.0106201171875,848.8098754882812,837.2949829101562
1789859639.6935859,1,0,863.6146850585938,783.0106201171875,848.8098754882812,837.2949829101562
1789859639.7044253,1,0,863.6146850585938,783.0106201171875,848.8098754882812,837.2949829101562
1789859639.7154016,1,0,871.839599609375,779.720703125,860.32470703125,838.9400024414062
1789859639.726038,1,0,871.839599609375,779.720703125,860.32470703125,838.9400024414062
1789859639.7367914,1,0,871.839599609375,779.720703125,860.32470703125,838.9400024414062
1789859639.7475893,1,0,876.7745361328125,794.5255126953125,845.5198974609375,853.7448120117188
1789859639.7586334,1,0,850.454833984375,809.330322265625,819.2001953125,835.6500244140625
1789859639.7693205,1,0,850.454833984375,809.330322265625,819.2001953125,835.6500244140625
1789859639.7801838,1,0,804.3953857421875,835.6500244140625,814.2652587890625,807.6853637695312
1789859639.7910914,1,0,804.3953857421875,835.6500244140625,814.2652587890625,807.6853637695312
1789859639.8020658,1,0,804.3953857421875,835.6500244140625,814.2652587890625,807.6853637695312
1789859639.8127894,1,0,804.3953857421875,835.6500244140625,814.2652587890625,807.6853637695312
1789859639.823531,1,0,804.3953857421875,835.6500244140625,814.2652587890625,807.6853637695312
1789859639.834442,1,0,804.3953857421875,835.6500244140625,814.2652587890625,807.6853637695312
1789859639.845579,1,0,837.2949829101562,829.070068359375,817.5552368164062,825.7801513671875
1789859639.8565645,1,0,837.2949829101562,829.070068359375,817.5552368164062,825.7801513671875
1789859639.867666,1,0,837.2949829101562,829.070068359375,817.5552368164062,825.7801513671875
1789859639.8783133,1,0,863.6146850585938,825.7801513671875,843.8749389648438,830.715087890625
1789859639.889468,1,0,653.0571899414062,996.8580932617188,736.951171875,620.1575927734375
1789859639.9006133,1,0,653.0571899414062,996.8580932617188,736.951171875,620.1575927734375
1789859639.9115832,1,0,653.0571899414062,996.8580932617188,736.951171875,620.1575927734375
1789859639.9225438,1,0,751.7560424804688,1299.534423828125,819.2001953125,712.2764892578125
1789859639.933619,1,0,751.7560424804688,1299.534423828125,819.2001953125,712.2764892578125
1789859639.944327,1,0,751.7560424804688,1299.534423828125,819.2001953125,712.2764892578125
1789859639.955299,1,0,751.7560424804688,1299.534423828125,819.2001953125,712.2764892578125
1789859639.9666393,1,0,778.07568359375,1531.4766845703125,796.1704711914062,710.6315307617188
1789859639.9779327,1,0,866.9046630859375,1503.5120849609375,873.4845581054688,776.4307250976562
1789859639.9889646,1,0,866.9046630859375,1503.5120849609375,873.4845581054688,776.4307250976562
1789859639.9994972,1,0,810.9752807617188,1501.8670654296875,820.84521484375,730.3712768554688
1789859640.0105274,1,0,855.3897705078125,1503.5120849609375,835.6500244140625,771.4957885742188
1789859640.0219858,1,0,855.3897705078125,1503.5120849609375,835.6500244140625,771.4957885742188
1789859640.033351,1,0,855.3897705078125,1503.5120849609375,835.6500244140625,771.4957885742188
1789859640.0445285,1,0,855.3897705078125,1503.5120849609375,835.6500244140625,771.4957885742188
1789859640.0553095,1,0,855.3897705078125,1503.5120849609375,835.6500244140625,771.4957885742188
1789859640.0665221,1,0,855.3897705078125,1503.5120849609375,835.6500244140625,771.4957885742188
1789859640.0777888,1,0,871.839599609375,1503.5120849609375,847.1648559570312,810.9752807617188
1789859640.088817,1,0,871.839599609375,1503.5120849609375,847.1648559570312,810.9752807617188
1789859640.0998528,1,0,931.0588989257812,1498.5771484375,889.9343872070312,886.6444091796875
1789859640.11059,1,0,884.9994506835938,1459.0975341796875,866.9046630859375,850.454833984375
1789859640.121733,1,0,884.9994506835938,1459.0975341796875,866.9046630859375,850.454833984375
1789859640.1325736,1,0,884.9994506835938,1459.0975341796875,866.9046630859375,850.454833984375
1789859640.1438105,1,0,884.9994506835938,1459.0975341796875,866.9046630859375,850.454833984375
1789859640.154925,1,0,884.9994506835938,1459.0975341796875,866.9046630859375,850.454833984375
1789859640.1659923,1,0,922.833984375,1209.060546875,891.579345703125,894.8693237304688
1789859640.1770191,1,0,919.5440063476562,1222.2203369140625,906.3841552734375,893.2243041992188
1789859640.1876621,1,0,919.5440063476562,1222.2203369140625,906.3841552734375,893.2243041992188
1789859640.1983902,1,0,919.5440063476562,1222.2203369140625,906.3841552734375,893.2243041992188
1789859640.2092078,1,0,893.2243041992188,1167.93603515625,870.194580078125,860.32470703125
1789859640.2198827,1,0,893.2243041992188,1167.93603515625,870.194580078125,860.32470703125
1789859640.2307358,1,0,893.2243041992188,1167.93603515625,870.194580078125,860.32470703125
1789859640.2417316,1,0,893.2243041992188,1167.93603515625,870.194580078125,860.32470703125
1789859640.2524004,1,0,893.2243041992188,1167.93603515625,870.194580078125,860.32470703125
1789859640.2631204,1,0,893.2243041992188,1167.93603515625,870.194580078125,860.32470703125
1789859640.2742012,1,0,838.9400024414062,1013.307861328125,916.2540283203125,842.2299194335938
1789859640.2852883,1,0,845.5198974609375,817.5552368164062,931.0588989257812,873.4845581054688
1789859640.296125,1,0,845.5198974609375,817.5552368164062,931.0588989257812,873.4845581054688
1789859640.3073351,1,0,848.8098754882812,743.5311279296875,914.6090698242188,880.064453125
1789859640.3185432,1,0,848.8098754882812,697.4716796875,909.6741333007812,883.3544311523438
1789859640.3294818,1,0,848.8098754882812,697.4716796875,909.6741333007812,883.3544311523438
1789859640.3405995,1,0,848.8098754882812,697.4716796875,909.6741333007812,883.3544311523438
1789859640.3517427,1,0,848.8098754882812,697.4716796875,909.6741333007812,883.3544311523438
1789859640.3627367,1,0,875.1295166015625,661.2821044921875,901.44921875,889.9343872070312
1789859640.3738601,1,0,912.964111328125,225.3623046875,820.84521484375,932.703857421875
1789859640.3851295,1,0,912.964111328125,225.3623046875,820.84521484375,932.703857421875
1789859640.3961146,1,0,912.964111328125,225.3623046875,820.84521484375,932.703857421875
1789859640.4073052,1,0,912.964111328125,225.3623046875,820.84521484375,932.703857421875
1789859640.418234,1,0,912.964111328125,225.3623046875,820.84521484375,932.703857421875
1789859640.4288116,1,0,912.964111328125,225.3623046875,820.84521484375,932.703857421875
1789859640.439493,1,0,912.964111328125,225.3623046875,820.84521484375,932.703857421875
1789859640.450614,1,0,919.5440063476562,287.8715515136719,829.070068359375,924.4789428710938
1789859640.461734,1,0,911.319091796875,314.1912536621094,827.4251098632812,919.5440063476562
1789859640.472885,1,0,911.319091796875,314.1912536621094,827.4251098632812,919.5440063476562
1789859640.4834788,1,0,911.319091796875,314.1912536621094,827.4251098632812,919.5440063476562
1789859640.494148,1,0,904.7391967773438,340.51092529296875,825.7801513671875,914.6090698242188
1789859640.505265,1,0,899.8042602539062,350.38079833984375,830.715087890625,901.44921875
1789859640.5163333,1,0,899.8042602539062,350.38079833984375,830.715087890625,901.44921875
1789859640.5268793,1,0,899.8042602539062,350.38079833984375,830.715087890625,901.44921875
1789859640.5375898,1,0,899.8042602539062,350.38079833984375,830.715087890625,901.44921875
1789859640.548622,1,0,891.579345703125,371.76556396484375,830.715087890625,901.44921875
1789859640.5592408,1,0,901.44921875,506.6539306640625,827.4251098632812,891.579345703125
1789859640.5699618,1,0,880.064453125,521.458740234375,830.715087890625,871.839599609375
1789859640.580457,1,0,880.064453125,521.458740234375,830.715087890625,871.839599609375
1789859640.591114,1,0,880.064453125,521.458740234375,830.715087890625,871.839599609375
1789859640.6020012,1,0,880.064453125,569.1632080078125,834.0050048828125,875.1295166015625
1789859640.6128716,1,0,880.064453125,569.1632080078125,834.0050048828125,875.1295166015625
1789859640.62395,1,0,880.064453125,569.1632080078125,834.0050048828125,875.1295166015625
1789859640.634995,1,0,880.064453125,569.1632080078125,834.0050048828125,875.1295166015625
1789859640.6460588,1,0,880.064453125,569.1632080078125,834.0050048828125,875.1295166015625
1789859640.6572735,1,0,871.839599609375,616.8676147460938,810.9752807617188,848.8098754882812
1789859640.668381,1,0,875.1295166015625,641.5423583984375,812.6203002929688,855.3897705078125
1789859640.6791797,1,0,875.1295166015625,641.5423583984375,812.6203002929688,855.3897705078125
1789859640.6903348,1,0,875.1295166015625,641.5423583984375,812.6203002929688,855.3897705078125
1789859640.7012713,1,0,875.1295166015625,641.5423583984375,812.6203002929688,855.3897705078125
1789859640.7125194,1,0,875.1295166015625,641.5423583984375,812.6203002929688,855.3897705078125
1789859640.723422,1,0,875.1295166015625,641.5423583984375,812.6203002929688,855.3897705078125
1789859640.733968,1,0,875.1295166015625,641.5423583984375,812.6203002929688,855.3897705078125
1789859640.7447057,1,0,875.1295166015625,641.5423583984375,812.6203002929688,855.3897705078125
1789859640.7557812,1,0,875.1295166015625,641.5423583984375,812.6203002929688,855.3897705078125
1789859640.7669027,1,0,876.7745361328125,682.6668701171875,824.1351318359375,853.7448120117188
1789859640.7779896,1,0,875.1295166015625,685.956787109375,825.7801513671875,865.2596435546875
1789859640.7888565,1,0,875.1295166015625,685.956787109375,825.7801513671875,865.2596435546875
1789859640.7998614,1,0,866.9046630859375,697.4716796875,830.715087890625,843.8749389648438
1789859640.810899,1,0,866.9046630859375,697.4716796875,830.715087890625,843.8749389648438
1789859640.8218956,1,0,866.9046630859375,697.4716796875,830.715087890625,843.8749389648438
1789859640.8325787,1,0,866.9046630859375,697.4716796875,830.715087890625,843.8749389648438
1789859640.8435426,1,0,866.9046630859375,697.4716796875,830.715087890625,843.8749389648438
1789859640.854383,1,0,875.1295166015625,697.4716796875,832.3600463867188,848.8098754882812
1789859640.8655057,1,0,855.3897705078125,715.5664672851562,835.6500244140625,838.9400024414062
1789859640.8766532,1,0,852.0997924804688,720.5014038085938,837.2949829101562,838.9400024414062
1789859640.887401,1,0,852.0997924804688,720.5014038085938,837.2949829101562,838.9400024414062
1789859640.898126,1,0,852.0997924804688,720.5014038085938,837.2949829101562,838.9400024414062
1789859640.9089034,1,0,857.0347290039062,735.3062133789062,834.0050048828125,830.715087890625
1789859640.9198666,1,0,858.6797485351562,751.7560424804688,834.0050048828125,834.0050048828125
1789859640.9308853,1,0,858.6797485351562,751.7560424804688,834.0050048828125,834.0050048828125
1789859640.941892,1,0,858.6797485351562,751.7560424804688,834.0050048828125,834.0050048828125
1789859640.9525764,1,0,858.6797485351562,751.7560424804688,834.0050048828125,834.0050048828125
1789859640.9637737,1,0,866.9046630859375,751.7560424804688,838.9400024414062,850.454833984375
1789859640.975012,1,0,866.9046630859375,751.7560424804688,838.9400024414062,850.454833984375
1789859640.9860854,1,0,866.9046630859375,751.7560424804688,838.9400024414062,850.454833984375
1789859640.9971464,1,0,866.9046630859375,751.7560424804688,838.9400024414062,850.454833984375
1789859641.0081024,1,0,843.8749389648438,748.466064453125,838.9400024414062,837.2949829101562
1789859641.019047,1,0,857.0347290039062,771.4957885742188,838.9400024414062,848.8098754882812
1789859641.03028,1,0,857.0347290039062,771.4957885742188,838.9400024414062,848.8098754882812
1789859641.0412946,1,0,857.0347290039062,771.4957885742188,838.9400024414062,848.8098754882812
1789859641.0522594,1,0,857.0347290039062,771.4957885742188,838.9400024414062,848.8098754882812
1789859641.063286,1,0,863.6146850585938,766.5608520507812,838.9400024414062,857.0347290039062
1789859641.0742939,1,0,866.9046630859375,776.4307250976562,835.6500244140625,850.454833984375
1789859641.0849838,1,0,866.9046630859375,776.4307250976562,835.6500244140625,850.454833984375
1789859641.0957117,1,0,866.9046630859375,776.4307250976562,835.6500244140625,850.454833984375
1789859641.106561,1,0,866.9046630859375,776.4307250976562,835.6500244140625,850.454833984375
1789859641.1171038,1,0,863.6146850585938,783.0106201171875,835.6500244140625,850.454833984375
1789859641.1282327,1,0,860.32470703125,779.720703125,835.6500244140625,838.9400024414062
1789859641.1391962,1,0,860.32470703125,779.720703125,835.6500244140625,838.9400024414062
1789859641.1502154,1,0,860.32470703125,779.720703125,835.6500244140625,838.9400024414062
1789859641.1609347,1,0,860.32470703125,779.720703125,835.6500244140625,838.9400024414062
1789859641.1720774,1,0,860.32470703125,779.720703125,835.6500244140625,838.9400024414062
1789859641.1828847,1,0,850.454833984375,786.3005981445312,835.6500244140625,847.1648559570312
1789859641.1939077,1,0,850.454833984375,786.3005981445312,835.6500244140625,847.1648559570312
1789859641.2044191,1,0,850.454833984375,786.3005981445312,835.6500244140625,847.1648559570312
1789859641.215182,1,0,850.454833984375,786.3005981445312,835.6500244140625,847.1648559570312
1789859641.2259421,1,0,850.454833984375,786.3005981445312,835.6500244140625,847.1648559570312
1789859641.2371054,1,0,868.5496215820312,789.590576171875,834.0050048828125,847.1648559570312
1789859641.2480476,1,0,868.5496215820312,789.590576171875,834.0050048828125,847.1648559570312
1789859641.259103,1,0,868.5496215820312,789.590576171875,834.0050048828125,847.1648559570312
1789859641.270079,1,0,858.6797485351562,799.46044921875,832.3600463867188,850.454833984375
1789859641.2812276,1,0,837.2949829101562,812.6203002929688,829.070068359375,829.070068359375
1789859641.2918916,1,0,837.2949829101562,812.6203002929688,829.070068359375,829.070068359375
1789859641.3025415,1,0,837.2949829101562,812.6203002929688,829.070068359375,829.070068359375
1789859641.3132513,1,0,837.2949829101562,812.6203002929688,829.070068359375,829.070068359375
1789859641.3238313,1,0,837.2949829101562,812.6203002929688,829.070068359375,829.070068359375
1789859641.335024,1,0,855.3897705078125,812.6203002929688,829.070068359375,837.2949829101562
1789859641.3460608,1,0,855.3897705078125,812.6203002929688,829.070068359375,837.2949829101562
1789859641.3566625,1,0,855.3897705078125,812.6203002929688,829.070068359375,837.2949829101562
1789859641.3674765,1,0,853.7448120117188,802.7504272460938,829.070068359375,837.2949829101562
1789859641.3783593,1,0,858.6797485351562,796.1704711914062,830.715087890625,830.715087890625
1789859641.3893363,1,0,858.6797485351562,796.1704711914062,830.715087890625,830.715087890625
1789859641.4003384,1,0,858.6797485351562,796.1704711914062,830.715087890625,830.715087890625
1789859641.4113436,1,0,858.6797485351562,796.1704711914062,830.715087890625,830.715087890625
1789859641.4222083,1,0,848.8098754882812,802.7504272460938,832.3600463867188,832.3600463867188
1789859641.4331684,1,0,848.8098754882812,802.7504272460938,832.3600463867188,832.3600463867188
1789859641.4443462,1,0,858.6797485351562,799.46044921875,829.070068359375,838.9400024414062
1789859641.4554563,1,0,858.6797485351562,799.46044921875,829.070068359375,838.9400024414062
1789859641.466553,1,0,858.6797485351562,799.46044921875,829.070068359375,838.9400024414062
1789859641.4777644,1,0,863.6146850585938,802.7504272460938,834.0050048828125,838.9400024414062
1789859641.4888563,0,0,863.6146850585938,802.7504272460938,834.0050048828125,838.9400024414062
1789859641.4996617,0,0,863.6146850585938,802.7504272460938,834.0050048828125,838.9400024414062
1789859641.5102444,0,0,863.6146850585938,802.7504272460938,834.0050048828125,838.9400024414062
1789859641.520837,0,0,863.6146850585938,802.7504272460938,834.0050048828125,838.9400024414062
1789859641.5318651,0,0,850.454833984375,802.7504272460938,840.5849609375,845.5198974609375
1789859641.542554,0,0,855.3897705078125,802.7504272460938,834.0050048828125,842.2299194335938
1789859641.553468,0,0,855.3897705078125,802.7504272460938,834.0050048828125,842.2299194335938
1789859641.564335,0,0,855.3897705078125,802.7504272460938,834.0050048828125,842.2299194335938
1789859641.575141,0,0,843.8749389648438,812.6203002929688,835.6500244140625,834.0050048828125
1789859641.5857074,0,0,843.8749389648438,812.6203002929688,835.6500244140625,834.0050048828125
1789859641.5965683,0,0,843.8749389648438,812.6203002929688,835.6500244140625,834.0050048828125
1789859641.6076927,0,0,843.8749389648438,812.6203002929688,835.6500244140625,834.0050048828125
1789859641.6184752,0,0,843.8749389648438,812.6203002929688,835.6500244140625,834.0050048828125
1789859641.6298277,0,0,861.9697265625,820.84521484375,835.6500244140625,848.8098754882812
1789859641.6406417,0,0,863.6146850585938,822.4901733398438,832.3600463867188,847.1648559570312
1789859641.6512847,0,0,863.6146850585938,822.4901733398438,832.3600463867188,847.1648559570312
1789859641.6623416,0,0,863.6146850585938,822.4901733398438,832.3600463867188,847.1648559570312
1789859641.673554,0,0,852.0997924804688,815.9102783203125,832.3600463867188,840.5849609375
1789859641.6845214,0,0,843.8749389648438,815.9102783203125,834.0050048828125,829.070068359375
1789859641.69575,0,0,843.8749389648438,815.9102783203125,834.0050048828125,829.070068359375
1789859641.7069323,0,0,843.8749389648438,815.9102783203125,834.0050048828125,829.070068359375
1789859641.7178187,0,0,843.8749389648438,815.9102783203125,834.0050048828125,829.070068359375
1789859641.728307,0,0,843.8749389648438,815.9102783203125,834.0050048828125,829.070068359375
1789859641.7393641,0,0,860.32470703125,801.1054077148438,837.2949829101562,843.8749389648438
1789859641.7499452,0,0,860.32470703125,801.1054077148438,837.2949829101562,843.8749389648438
1789859641.760791,0,0,860.32470703125,801.1054077148438,837.2949829101562,843.8749389648438
1789859641.771757,0,0,850.454833984375,799.46044921875,837.2949829101562,832.3600463867188
1789859641.7824507,0,0,850.454833984375,799.46044921875,837.2949829101562,832.3600463867188
1789859641.7930923,0,0,850.454833984375,799.46044921875,837.2949829101562,832.3600463867188
1789859641.803734,0,0,850.454833984375,799.46044921875,837.2949829101562,832.3600463867188
1789859641.8147504,0,0,857.0347290039062,804.3953857421875,837.2949829101562,834.0050048828125
1789859641.8257267,0,0,866.9046630859375,794.5255126953125,838.9400024414062,848.8098754882812
1789859641.8363054,0,0,866.9046630859375,794.5255126953125,838.9400024414062,848.8098754882812
1789859641.8469672,0,0,866.9046630859375,794.5255126953125,838.9400024414062,848.8098754882812
1789859641.8577018,0,0,866.9046630859375,794.5255126953125,838.9400024414062,848.8098754882812
1789859641.8684897,0,0,845.5198974609375,787.945556640625,837.2949829101562,843.8749389648438
1789859641.879443,0,0,835.6500244140625,787.945556640625,837.2949829101562,830.715087890625
1789859641.8905878,0,0,835.6500244140625,787.945556640625,837.2949829101562,830.715087890625
1789859641.9015744,0,0,835.6500244140625,787.945556640625,837.2949829101562,830.715087890625
1789859641.9127536,0,0,835.6500244140625,787.945556640625,837.2949829101562,830.715087890625
1789859641.923602,0,0,838.9400024414062,791.2355346679688,837.2949829101562,842.2299194335938
1789859641.9342976,0,0,838.9400024414062,791.2355346679688,837.2949829101562,842.2299194335938
1789859641.9448738,0,0,838.9400024414062,791.2355346679688,837.2949829101562,842.2299194335938
1789859641.9556239,0,0,838.9400024414062,791.2355346679688,837.2949829101562,842.2299194335938
1789859641.9666288,0,0,860.32470703125,797.8154907226562,835.6500244140625,843.8749389648438
1789859641.9777994,0,0,855.3897705078125,796.1704711914062,838.9400024414062,847.1648559570312
1789859641.9892163,0,0,855.3897705078125,796.1704711914062,838.9400024414062,847.1648559570312
1789859641.9999871,0,0,855.3897705078125,796.1704711914062,838.9400024414062,847.1648559570312
1789859642.011081,0,0,858.6797485351562,792.8805541992188,837.2949829101562,850.454833984375
1789859642.022189,0,0,852.0997924804688,794.5255126953125,838.9400024414062,835.6500244140625
1789859642.0332248,0,0,852.0997924804688,794.5255126953125,838.9400024414062,835.6500244140625
1789859642.0438473,0,0,852.0997924804688,794.5255126953125,838.9400024414062,835.6500244140625
1789859642.0545611,0,0,852.0997924804688,794.5255126953125,838.9400024414062,835.6500244140625
1789859642.0656002,0,0,855.3897705078125,797.8154907226562,837.2949829101562,843.8749389648438
1789859642.0767632,0,0,852.0997924804688,797.8154907226562,837.2949829101562,840.5849609375
1789859642.0875897,0,0,852.0997924804688,797.8154907226562,837.2949829101562,840.5849609375
1789859642.0986383,0,0,852.0997924804688,797.8154907226562,837.2949829101562,840.5849609375
1789859642.109759,0,0,843.8749389648438,796.1704711914062,838.9400024414062,834.0050048828125
1789859642.1207063,0,0,843.8749389648438,796.1704711914062,838.9400024414062,834.0050048828125
1789859642.1316092,0,0,853.7448120117188,806.0403442382812,843.8749389648438,850.454833984375
1789859642.142274,0,0,845.5198974609375,802.7504272460938,840.5849609375,838.9400024414062
1789859642.1533747,0,0,845.5198974609375,802.7504272460938,840.5849609375,838.9400024414062
1789859642.1644342,0,0,845.5198974609375,802.7504272460938,840.5849609375,838.9400024414062
1789859642.1750555,0,0,852.0997924804688,807.6853637695312,838.9400024414062,840.5849609375
1789859642.185933,0,0,853.7448120117188,814.2652587890625,840.5849609375,842.2299194335938
1789859642.1970909,0,0,853.7448120117188,814.2652587890625,840.5849609375,842.2299194335938
1789859642.207748,0,0,853.7448120117188,814.2652587890625,840.5849609375,842.2299194335938
1789859642.2183926,0,0,853.7448120117188,814.2652587890625,840.5849609375,842.2299194335938
1789859642.2292526,0,0,853.7448120117188,814.2652587890625,840.5849609375,842.2299194335938
1789859642.2405148,0,0,857.0347290039062,814.2652587890625,840.5849609375,842.2299194335938
1789859642.2510705,0,0,860.32470703125,810.9752807617188,835.6500244140625,843.8749389648438
1789859642.2617867,0,0,855.3897705078125,806.0403442382812,838.9400024414062,848.8098754882812
1789859642.2727625,0,0,850.454833984375,812.6203002929688,838.9400024414062,840.5849609375
1789859642.2835379,0,0,855.3897705078125,815.9102783203125,829.070068359375,847.1648559570312
1789859642.294547,0,0,850.454833984375,810.9752807617188,834.0050048828125,842.2299194335938
1789859642.3058681,0,0,850.454833984375,810.9752807617188,834.0050048828125,842.2299194335938
1789859642.316658,0,0,850.454833984375,810.9752807617188,834.0050048828125,842.2299194335938
1789859642.3276236,0,0,850.454833984375,810.9752807617188,834.0050048828125,842.2299194335938
1789859642.338477,0,0,850.454833984375,810.9752807617188,834.0050048828125,842.2299194335938
1789859642.3492925,0,0,857.0347290039062,809.330322265625,829.070068359375,840.5849609375
1789859642.3600566,0,0,857.0347290039062,809.330322265625,829.070068359375,840.5849609375
1789859642.3710515,0,0,842.2299194335938,807.6853637695312,830.715087890625,829.070068359375
1789859642.381855,0,0,842.2299194335938,807.6853637695312,830.715087890625,829.070068359375
1789859642.3929412,0,0,842.2299194335938,807.6853637695312,830.715087890625,829.070068359375
1789859642.4038165,0,0,842.2299194335938,807.6853637695312,830.715087890625,829.070068359375
1789859642.415033,0,0,842.2299194335938,807.6853637695312,830.715087890625,829.070068359375
1789859642.4256475,0,0,842.2299194335938,807.6853637695312,830.715087890625,829.070068359375
1789859642.4370959,0,0,842.2299194335938,807.6853637695312,830.715087890625,829.070068359375
1789859642.4481297,0,0,857.0347290039062,806.0403442382812,829.070068359375,835.6500244140625
1789859642.4592388,0,0,845.5198974609375,810.9752807617188,834.0050048828125,834.0050048828125
1789859642.469932,1,0,845.5198974609375,810.9752807617188,834.0050048828125,834.0050048828125
1789859642.48072,1,0,845.5198974609375,810.9752807617188,834.0050048828125,834.0050048828125
1789859642.491314,1,0,855.3897705078125,806.0403442382812,830.715087890625,829.070068359375
1789859642.5021813,1,0,840.5849609375,809.330322265625,832.3600463867188,829.070068359375
1789859642.5130212,1,0,840.5849609375,809.330322265625,832.3600463867188,829.070068359375
1789859642.5237277,1,0,840.5849609375,809.330322265625,832.3600463867188,829.070068359375
1789859642.5343084,1,0,840.5849609375,809.330322265625,832.3600463867188,829.070068359375
1789859642.5453134,1,0,840.5849609375,809.330322265625,832.3600463867188,829.070068359375
1789859642.5561829,1,0,853.7448120117188,802.7504272460938,835.6500244140625,837.2949829101562
1789859642.5667875,1,0,843.8749389648438,804.3953857421875,830.715087890625,832.3600463867188
1789859642.5776727,1,0,843.8749389648438,804.3953857421875,830.715087890625,832.3600463867188
1789859642.5889208,1,0,852.0997924804688,799.46044921875,832.3600463867188,840.5849609375
1789859642.6000042,1,0,848.8098754882812,810.9752807617188,834.0050048828125,820.84521484375
1789859642.6111937,1,0,848.8098754882812,810.9752807617188,834.0050048828125,820.84521484375
1789859642.6225286,1,0,848.8098754882812,810.9752807617188,834.0050048828125,820.84521484375
1789859642.633309,1,0,848.8098754882812,810.9752807617188,834.0050048828125,820.84521484375
1789859642.6438994,1,0,848.8098754882812,810.9752807617188,834.0050048828125,820.84521484375
1789859642.6553197,1,0,860.32470703125,809.330322265625,834.0050048828125,850.454833984375
1789859642.666603,1,0,853.7448120117188,812.6203002929688,837.2949829101562,838.9400024414062
1789859642.677664,1,0,853.7448120117188,812.6203002929688,837.2949829101562,838.9400024414062
1789859642.6884558,1,0,853.7448120117188,812.6203002929688,837.2949829101562,838.9400024414062
1789859642.6993651,1,0,853.7448120117188,812.6203002929688,837.2949829101562,838.9400024414062
1789859642.7103856,1,0,857.0347290039062,812.6203002929688,838.9400024414062,837.2949829101562
1789859642.721493,1,0,857.0347290039062,812.6203002929688,838.9400024414062,837.2949829101562
1789859642.7322018,1,0,857.0347290039062,812.6203002929688,838.9400024414062,837.2949829101562
1789859642.7431014,1,0,857.0347290039062,812.6203002929688,838.9400024414062,837.2949829101562
1789859642.7540188,1,0,857.0347290039062,812.6203002929688,838.9400024414062,837.2949829101562
1789859642.7650635,1,0,860.32470703125,812.6203002929688,838.9400024414062,848.8098754882812
1789859642.7761502,1,0,858.6797485351562,810.9752807617188,840.5849609375,840.5849609375
1789859642.7870908,1,0,858.6797485351562,810.9752807617188,840.5849609375,840.5849609375
1789859642.7978144,1,0,853.7448120117188,806.0403442382812,838.9400024414062,847.1648559570312
1789859642.8090696,1,0,853.7448120117188,806.0403442382812,838.9400024414062,847.1648559570312
1789859642.820297,1,0,853.7448120117188,806.0403442382812,838.9400024414062,847.1648559570312
1789859642.8312747,1,0,853.7448120117188,806.0403442382812,838.9400024414062,847.1648559570312
1789859642.8418603,1,0,853.7448120117188,806.0403442382812,838.9400024414062,847.1648559570312
1789859642.852468,1,0,852.0997924804688,804.3953857421875,838.9400024414062,848.8098754882812
1789859642.863266,1,0,855.3897705078125,806.0403442382812,840.5849609375,845.5198974609375
1789859642.874311,1,0,853.7448120117188,804.3953857421875,840.5849609375,842.2299194335938
1789859642.884952,1,0,853.7448120117188,804.3953857421875,840.5849609375,842.2299194335938
1789859642.8955321,1,0,853.7448120117188,804.3953857421875,840.5849609375,842.2299194335938
1789859642.9061773,1,0,847.1648559570312,806.0403442382812,847.1648559570312,830.715087890625
1789859642.9175215,1,0,847.1648559570312,806.0403442382812,847.1648559570312,830.715087890625
1789859642.9285932,1,0,847.1648559570312,806.0403442382812,847.1648559570312,830.715087890625
1789859642.9396646,1,0,847.1648559570312,806.0403442382812,847.1648559570312,830.715087890625
1789859642.9514933,1,0,847.1648559570312,806.0403442382812,847.1648559570312,830.715087890625
1789859642.9626105,1,0,855.3897705078125,815.9102783203125,832.3600463867188,840.5849609375
1789859642.9737022,1,0,860.32470703125,812.6203002929688,842.2299194335938,837.2949829101562
1789859642.9842355,1,0,860.32470703125,812.6203002929688,842.2299194335938,837.2949829101562
1789859642.9949079,1,0,860.32470703125,812.6203002929688,842.2299194335938,837.2949829101562
1789859643.0055795,1,0,860.32470703125,812.6203002929688,842.2299194335938,837.2949829101562
1789859643.0165408,1,0,865.2596435546875,812.6203002929688,838.9400024414062,845.5198974609375
1789859643.027683,1,0,865.2596435546875,812.6203002929688,838.9400024414062,845.5198974609375
1789859643.0385885,1,0,865.2596435546875,812.6203002929688,838.9400024414062,845.5198974609375
1789859643.0491474,1,0,865.2596435546875,812.6203002929688,838.9400024414062,845.5198974609375
1789859643.0603926,1,0,863.6146850585938,812.6203002929688,840.5849609375,845.5198974609375
1789859643.0712652,1,0,857.0347290039062,812.6203002929688,838.9400024414062,840.5849609375
1789859643.0822723,1,0,857.0347290039062,812.6203002929688,838.9400024414062,840.5849609375
1789859643.0928252,1,0,857.0347290039062,812.6203002929688,838.9400024414062,840.5849609375
1789859643.103919,1,0,857.0347290039062,812.6203002929688,838.9400024414062,840.5849609375
1789859643.1150157,1,0,853.7448120117188,815.9102783203125,834.0050048828125,825.7801513671875
1789859643.1259384,1,0,853.7448120117188,815.9102783203125,834.0050048828125,825.7801513671875
1789859643.1370966,1,0,853.7448120117188,815.9102783203125,834.0050048828125,825.7801513671875
1789859643.1479688,1,0,853.7448120117188,815.9102783203125,834.0050048828125,825.7801513671875
1789859643.158617,1,0,853.7448120117188,815.9102783203125,834.0050048828125,825.7801513671875
1789859643.1698039,1,0,838.9400024414062,809.330322265625,824.1351318359375,820.84521484375
1789859643.1806881,1,0,855.3897705078125,801.1054077148438,832.3600463867188,838.9400024414062
1789859643.1912074,1,0,855.3897705078125,801.1054077148438,832.3600463867188,838.9400024414062
1789859643.2017548,1,0,855.3897705078125,801.1054077148438,832.3600463867188,838.9400024414062
1789859643.2124991,1,0,797.8154907226562,842.2299194335938,804.3953857421875,783.0106201171875
1789859643.223325,1,0,797.8154907226562,842.2299194335938,804.3953857421875,783.0106201171875
1789859643.2340512,1,0,797.8154907226562,842.2299194335938,804.3953857421875,783.0106201171875
1789859643.24497,1,0,797.8154907226562,842.2299194335938,804.3953857421875,783.0106201171875
1789859643.2559123,1,0,797.8154907226562,842.2299194335938,804.3953857421875,783.0106201171875
1789859643.2673218,1,0,871.839599609375,863.6146850585938,865.2596435546875,865.2596435546875
1789859643.2786627,1,0,556.0033569335938,1547.926513671875,746.8211059570312,654.7021484375
1789859643.289678,1,0,556.0033569335938,1547.926513671875,746.8211059570312,654.7021484375
1789859643.3009412,1,0,556.0033569335938,1547.926513671875,746.8211059570312,654.7021484375
1789859643.3118658,1,0,687.601806640625,1584.1160888671875,858.6797485351562,786.3005981445312
1789859643.3231232,1,0,687.601806640625,1584.1160888671875,858.6797485351562,786.3005981445312
1789859643.3341517,1,0,687.601806640625,1584.1160888671875,858.6797485351562,786.3005981445312
1789859643.3451848,1,0,687.601806640625,1584.1160888671875,858.6797485351562,786.3005981445312
1789859643.3560936,1,0,687.601806640625,1584.1160888671875,858.6797485351562,786.3005981445312
1789859643.3670084,1,0,569.1632080078125,1572.6011962890625,759.9808959960938,707.341552734375
1789859643.3783011,1,0,661.2821044921875,1556.1513671875,858.6797485351562,838.9400024414062
1789859643.389451,1,0,608.6427001953125,1552.8614501953125,858.6797485351562,799.46044921875
1789859643.4004316,1,0,608.6427001953125,1552.8614501953125,858.6797485351562,799.46044921875
1789859643.411431,1,0,608.6427001953125,1556.1513671875,858.6797485351562,825.7801513671875
1789859643.4230428,1,0,608.6427001953125,1556.1513671875,858.6797485351562,825.7801513671875
1789859643.434003,1,0,608.6427001953125,1556.1513671875,858.6797485351562,825.7801513671875
1789859643.445034,1,0,608.6427001953125,1556.1513671875,858.6797485351562,825.7801513671875
1789859643.4561498,1,0,608.6427001953125,1556.1513671875,858.6797485351562,825.7801513671875
1789859643.4672067,1,0,753.4010009765625,1554.5064697265625,898.1592407226562,911.319091796875
1789859643.478105,1,0,720.5014038085938,1554.5064697265625,843.8749389648438,898.1592407226562
1789859643.4891803,1,0,720.5014038085938,1554.5064697265625,843.8749389648438,898.1592407226562
1789859643.4998412,1,0,720.5014038085938,1554.5064697265625,843.8749389648438,898.1592407226562
1789859643.5107956,1,0,720.5014038085938,1554.5064697265625,843.8749389648438,898.1592407226562
1789859643.5214496,1,0,720.5014038085938,1554.5064697265625,843.8749389648438,898.1592407226562
1789859643.532716,1,0,766.5608520507812,1547.926513671875,889.9343872070312,939.2837524414062
1789859643.5434113,1,0,766.5608520507812,1547.926513671875,889.9343872070312,939.2837524414062
1789859643.553956,1,0,766.5608520507812,1547.926513671875,889.9343872070312,939.2837524414062
1789859643.5647795,1,0,769.850830078125,1468.9674072265625,883.3544311523438,935.9938354492188
1789859643.5756292,1,0,891.579345703125,1093.9119873046875,860.32470703125,878.4194946289062
1789859643.5865462,1,0,881.70947265625,1001.7930297851562,876.7745361328125,868.5496215820312
1789859643.5975225,1,0,881.70947265625,1001.7930297851562,876.7745361328125,868.5496215820312
1789859643.6083105,1,0,881.70947265625,1001.7930297851562,876.7745361328125,868.5496215820312
1789859643.6194618,1,0,881.70947265625,1001.7930297851562,876.7745361328125,868.5496215820312
1789859643.63086,1,0,927.7689208984375,985.3432006835938,889.9343872070312,893.2243041992188
1789859643.6424675,1,0,927.7689208984375,985.3432006835938,889.9343872070312,893.2243041992188
1789859643.6535919,1,0,927.7689208984375,985.3432006835938,889.9343872070312,893.2243041992188
1789859643.6646283,1,0,927.7689208984375,985.3432006835938,889.9343872070312,893.2243041992188
1789859643.6755762,1,0,927.7689208984375,671.1519775390625,889.9343872070312,908.0291748046875
1789859643.6867077,1,0,901.44921875,427.69488525390625,871.839599609375,904.7391967773438
1789859643.6977422,1,0,901.44921875,427.69488525390625,871.839599609375,904.7391967773438
1789859643.708468,1,0,901.44921875,427.69488525390625,871.839599609375,904.7391967773438
1789859643.7195377,1,0,901.44921875,427.69488525390625,871.839599609375,904.7391967773438
1789859643.7306209,1,0,901.44921875,427.69488525390625,871.839599609375,904.7391967773438
1789859643.741606,1,0,894.8693237304688,133.243408203125,850.454833984375,884.9994506835938
1789859643.7527325,1,0,894.8693237304688,133.243408203125,850.454833984375,884.9994506835938
1789859643.7637641,1,0,894.8693237304688,133.243408203125,850.454833984375,884.9994506835938
1789859643.7749107,1,0,880.064453125,80.60403442382812,840.5849609375,884.9994506835938
1789859643.7860556,1,0,884.9994506835938,85.53897857666016,838.9400024414062,868.5496215820312
1789859643.797329,1,0,884.9994506835938,85.53897857666016,838.9400024414062,868.5496215820312
1789859643.8079658,1,0,884.9994506835938,85.53897857666016,838.9400024414062,868.5496215820312
1789859643.818908,1,0,884.9994506835938,85.53897857666016,838.9400024414062,868.5496215820312
1789859643.829668,1,0,884.9994506835938,85.53897857666016,838.9400024414062,868.5496215820312
1789859643.8408797,1,0,901.44921875,93.76387786865234,842.2299194335938,904.7391967773438
1789859643.851873,1,0,901.44921875,93.76387786865234,842.2299194335938,904.7391967773438
1789859643.8626826,1,0,901.44921875,93.76387786865234,842.2299194335938,904.7391967773438
1789859643.8737051,1,0,896.5142822265625,93.76387786865234,835.6500244140625,888.2893676757812
1789859643.8850007,1,0,903.09423828125,115.14862060546875,837.2949829101562,884.9994506835938
1789859643.8962288,1,0,899.8042602539062,174.367919921875,840.5849609375,883.3544311523438
1789859643.9069917,1,0,899.8042602539062,174.367919921875,840.5849609375,883.3544311523438
1789859643.917589,1,0,899.8042602539062,174.367919921875,840.5849609375,883.3544311523438
1789859643.9285345,1,0,899.8042602539062,174.367919921875,840.5849609375,883.3544311523438
1789859643.939609,1,0,899.8042602539062,174.367919921875,840.5849609375,883.3544311523438
1789859643.9507134,1,0,899.8042602539062,174.367919921875,840.5849609375,883.3544311523438
1789859643.9615788,1,0,899.8042602539062,174.367919921875,840.5849609375,883.3544311523438
1789859643.9724815,1,0,904.7391967773438,190.81771850585938,840.5849609375,886.6444091796875
1789859643.983221,1,0,899.8042602539062,394.7952880859375,825.7801513671875,884.9994506835938
1789859643.9943619,1,0,899.8042602539062,394.7952880859375,825.7801513671875,884.9994506835938
1789859644.0054328,1,0,899.8042602539062,394.7952880859375,825.7801513671875,884.9994506835938
1789859644.0159955,1,0,899.8042602539062,394.7952880859375,825.7801513671875,884.9994506835938
1789859644.0265203,1,0,899.8042602539062,394.7952880859375,825.7801513671875,884.9994506835938
1789859644.0375838,1,0,896.5142822265625,442.4997253417969,832.3600463867188,884.9994506835938
1789859644.0481439,1,0,896.5142822265625,442.4997253417969,832.3600463867188,884.9994506835938
1789859644.058755,1,0,896.5142822265625,442.4997253417969,832.3600463867188,884.9994506835938
1789859644.0693824,1,0,898.1592407226562,455.6595458984375,832.3600463867188,889.9343872070312
1789859644.080346,1,0,876.7745361328125,560.9382934570312,834.0050048828125,866.9046630859375
1789859644.09164,1,0,876.7745361328125,560.9382934570312,834.0050048828125,866.9046630859375
1789859644.10268,1,0,876.7745361328125,560.9382934570312,834.0050048828125,866.9046630859375
1789859644.1132586,1,0,876.7745361328125,560.9382934570312,834.0050048828125,866.9046630859375
1789859644.1239078,1,0,876.7745361328125,560.9382934570312,834.0050048828125,866.9046630859375
1789859644.1348329,1,0,888.2893676757812,583.968017578125,837.2949829101562,870.194580078125
1789859644.1460192,1,0,881.70947265625,631.6724243164062,837.2949829101562,865.2596435546875
1789859644.1565561,1,0,881.70947265625,631.6724243164062,837.2949829101562,865.2596435546875
1789859644.16709,1,0,876.7745361328125,611.9326782226562,835.6500244140625,858.6797485351562
1789859644.1777632,1,0,873.4845581054688,615.22265625,830.715087890625,858.6797485351562
1789859644.1888692,1,0,873.4845581054688,616.8676147460938,843.8749389648438,858.6797485351562
1789859644.1997788,1,0,873.4845581054688,616.8676147460938,843.8749389648438,858.6797485351562
1789859644.2109826,1,0,868.5496215820312,616.8676147460938,838.9400024414062,848.8098754882812
1789859644.2217405,1,0,861.9697265625,620.1575927734375,840.5849609375,845.5198974609375
1789859644.2323189,1,0,861.9697265625,620.1575927734375,840.5849609375,845.5198974609375
1789859644.243333,1,0,861.9697265625,620.1575927734375,840.5849609375,845.5198974609375
1789859644.2539601,1,0,861.9697265625,620.1575927734375,840.5849609375,845.5198974609375
1789859644.2648277,1,0,861.9697265625,620.1575927734375,840.5849609375,845.5198974609375
1789859644.2761292,1,0,855.3897705078125,689.2467651367188,838.9400024414062,857.0347290039062
1789859644.287188,1,0,853.7448120117188,689.2467651367188,843.8749389648438,848.8098754882812
1789859644.2979774,1,0,853.7448120117188,689.2467651367188,843.8749389648438,848.8098754882812
1789859644.3085644,1,0,853.7448120117188,689.2467651367188,843.8749389648438,848.8098754882812
1789859644.3194234,1,0,853.7448120117188,689.2467651367188,843.8749389648438,848.8098754882812
1789859644.3303602,1,0,855.3897705078125,692.5367431640625,843.8749389648438,853.7448120117188
1789859644.3409734,1,0,855.3897705078125,692.5367431640625,843.8749389648438,853.7448120117188
1789859644.3520105,1,0,855.3897705078125,692.5367431640625,843.8749389648438,853.7448120117188
1789859644.3629737,1,0,855.3897705078125,713.9214477539062,840.5849609375,847.1648559570312
1789859644.3745856,1,0,861.9697265625,700.7615966796875,832.3600463867188,850.454833984375
1789859644.3851776,1,0,861.9697265625,700.7615966796875,832.3600463867188,850.454833984375
1789859644.3962033,1,0,861.9697265625,700.7615966796875,832.3600463867188,850.454833984375
1789859644.4075136,1,0,861.9697265625,700.7615966796875,832.3600463867188,850.454833984375
1789859644.418858,1,0,847.1648559570312,694.1817016601562,830.715087890625,845.5198974609375
1789859644.4308074,1,0,847.1648559570312,694.1817016601562,830.715087890625,845.5198974609375
1789859644.441762,1,0,847.1648559570312,694.1817016601562,830.715087890625,845.5198974609375
1789859644.4529555,1,0,847.1648559570312,694.1817016601562,830.715087890625,845.5198974609375
1789859644.4641902,1,0,858.6797485351562,717.21142578125,824.1351318359375,829.070068359375
1789859644.4751713,1,0,850.454833984375,722.1463623046875,825.7801513671875,837.2949829101562
1789859644.485827,1,0,850.454833984375,722.1463623046875,825.7801513671875,837.2949829101562
1789859644.496832,1,0,850.454833984375,722.1463623046875,825.7801513671875,837.2949829101562
1789859644.5083427,1,0,842.2299194335938,728.726318359375,832.3600463867188,857.0347290039062
1789859644.5196939,1,0,830.715087890625,730.3712768554688,827.4251098632812,847.1648559570312
1789859644.530308,1,0,830.715087890625,730.3712768554688,827.4251098632812,847.1648559570312
1789859644.5415075,1,0,830.715087890625,730.3712768554688,827.4251098632812,847.1648559570312
1789859644.5525997,1,0,830.715087890625,730.3712768554688,827.4251098632812,847.1648559570312
1789859644.5633874,1,0,830.715087890625,730.3712768554688,827.4251098632812,847.1648559570312
1789859644.5743854,1,0,852.0997924804688,751.7560424804688,837.2949829101562,840.5849609375
1789859644.5853465,1,0,852.0997924804688,751.7560424804688,837.2949829101562,840.5849609375
1789859644.595972,1,0,852.0997924804688,751.7560424804688,837.2949829101562,840.5849609375
1789859644.6067119,1,0,852.0997924804688,751.7560424804688,837.2949829101562,840.5849609375
1789859644.6177528,1,0,852.0997924804688,751.7560424804688,837.2949829101562,840.5849609375
1789859644.6289477,1,0,853.7448120117188,748.466064453125,835.6500244140625,843.8749389648438
1789859644.639909,1,0,853.7448120117188,748.466064453125,835.6500244140625,843.8749389648438
1789859644.6509356,1,0,853.7448120117188,748.466064453125,835.6500244140625,843.8749389648438
1789859644.6618006,1,0,843.8749389648438,740.2411499023438,838.9400024414062,847.1648559570312
1789859644.6728885,1,0,871.839599609375,764.9158325195312,832.3600463867188,847.1648559570312
1789859644.683586,1,0,871.839599609375,764.9158325195312,832.3600463867188,847.1648559570312
1789859644.6946237,1,0,871.839599609375,764.9158325195312,832.3600463867188,847.1648559570312
1789859644.705414,1,0,871.839599609375,764.9158325195312,832.3600463867188,847.1648559570312
1789859644.7163422,1,0,853.7448120117188,787.945556640625,830.715087890625,824.1351318359375
1789859644.7276828,1,0,853.7448120117188,787.945556640625,830.715087890625,824.1351318359375
1789859644.7385762,1,0,853.7448120117188,787.945556640625,830.715087890625,824.1351318359375
1789859644.7492936,1,0,853.7448120117188,787.945556640625,830.715087890625,824.1351318359375
1789859644.759969,1,0,853.7448120117188,787.945556640625,830.715087890625,824.1351318359375
1789859644.7705696,0,0,861.9697265625,768.205810546875,837.2949829101562,843.8749389648438
1789859644.7815123,0,0,861.9697265625,768.205810546875,837.2949829101562,843.8749389648438
1789859644.7921844,0,0,861.9697265625,768.205810546875,837.2949829101562,843.8749389648438
1789859644.8028405,0,0,861.9697265625,768.205810546875,837.2949829101562,843.8749389648438
1789859644.8135083,0,0,858.6797485351562,766.5608520507812,838.9400024414062,843.8749389648438
1789859644.8245237,0,0,860.32470703125,771.4957885742188,840.5849609375,847.1648559570312
1789859644.8352914,0,0,860.32470703125,771.4957885742188,840.5849609375,847.1648559570312
1789859644.8460557,0,0,860.32470703125,771.4957885742188,840.5849609375,847.1648559570312
1789859644.8568366,0,0,860.32470703125,771.4957885742188,840.5849609375,847.1648559570312
1789859644.8680549,0,0,857.0347290039062,764.9158325195312,842.2299194335938,848.8098754882812
1789859644.8790674,0,0,853.7448120117188,769.850830078125,837.2949829101562,842.2299194335938
1789859644.890051,0,0,853.7448120117188,769.850830078125,837.2949829101562,842.2299194335938
1789859644.9008372,0,0,853.7448120117188,769.850830078125,837.2949829101562,842.2299194335938
1789859644.911664,0,0,863.6146850585938,766.5608520507812,838.9400024414062,838.9400024414062
1789859644.922579,0,0,858.6797485351562,768.205810546875,843.8749389648438,829.070068359375
1789859644.9334445,0,0,858.6797485351562,768.205810546875,843.8749389648438,829.070068359375
1789859644.9443808,0,0,858.6797485351562,768.205810546875,843.8749389648438,829.070068359375
1789859644.9555507,0,0,858.6797485351562,768.205810546875,843.8749389648438,829.070068359375
1789859644.9665673,0,0,857.0347290039062,759.9808959960938,840.5849609375,848.8098754882812
1789859644.977365,0,0,853.7448120117188,763.2708740234375,838.9400024414062,837.2949829101562
1789859644.988509,0,0,853.7448120117188,763.2708740234375,838.9400024414062,837.2949829101562
1789859644.9991474,0,0,853.7448120117188,763.2708740234375,838.9400024414062,837.2949829101562
1789859645.0100353,0,0,853.7448120117188,763.2708740234375,838.9400024414062,837.2949829101562
1789859645.021571,0,0,861.9697265625,774.7857666015625,837.2949829101562,834.0050048828125
1789859645.0326266,0,0,853.7448120117188,776.4307250976562,837.2949829101562,832.3600463867188
1789859645.0434492,0,0,853.7448120117188,776.4307250976562,837.2949829101562,832.3600463867188
1789859645.0541537,0,0,853.7448120117188,776.4307250976562,837.2949829101562,832.3600463867188
1789859645.0647879,0,0,853.7448120117188,776.4307250976562,837.2949829101562,832.3600463867188
1789859645.075949,0,0,855.3897705078125,797.8154907226562,838.9400024414062,843.8749389648438
1789859645.086902,0,0,855.3897705078125,797.8154907226562,838.9400024414062,843.8749389648438
1789859645.0981996,0,0,855.3897705078125,797.8154907226562,838.9400024414062,843.8749389648438
1789859645.1097221,0,0,855.3897705078125,797.8154907226562,838.9400024414062,843.8749389648438
1789859645.1206172,0,0,847.1648559570312,806.0403442382812,842.2299194335938,835.6500244140625
1789859645.1314783,0,0,847.1648559570312,806.0403442382812,842.2299194335938,835.6500244140625
1789859645.1421168,0,0,847.1648559570312,806.0403442382812,842.2299194335938,835.6500244140625
1789859645.1528332,0,0,847.1648559570312,806.0403442382812,842.2299194335938,835.6500244140625
1789859645.1637268,0,0,847.1648559570312,806.0403442382812,842.2299194335938,835.6500244140625
1789859645.1748533,0,0,858.6797485351562,791.2355346679688,843.8749389648438,843.8749389648438
1789859645.186095,0,0,857.0347290039062,784.6556396484375,842.2299194335938,838.9400024414062
1789859645.1967986,0,0,857.0347290039062,784.6556396484375,842.2299194335938,838.9400024414062
1789859645.207722,0,0,857.0347290039062,784.6556396484375,842.2299194335938,838.9400024414062
1789859645.2183876,0,0,857.0347290039062,784.6556396484375,842.2299194335938,838.9400024414062
1789859645.2294781,0,0,857.0347290039062,784.6556396484375,842.2299194335938,838.9400024414062
1789859645.2405994,0,0,857.0347290039062,794.5255126953125,840.5849609375,835.6500244140625
1789859645.251401,0,0,857.0347290039062,794.5255126953125,840.5849609375,835.6500244140625
1789859645.2624488,0,0,857.0347290039062,794.5255126953125,840.5849609375,835.6500244140625
1789859645.2735262,0,0,847.1648559570312,773.1407470703125,852.0997924804688,819.2001953125
1789859645.284391,0,0,832.3600463867188,771.4957885742188,865.2596435546875,829.070068359375
1789859645.2950268,0,0,832.3600463867188,771.4957885742188,865.2596435546875,829.070068359375
1789859645.3055716,0,0,832.3600463867188,771.4957885742188,865.2596435546875,829.070068359375
1789859645.3162177,0,0,832.3600463867188,771.4957885742188,865.2596435546875,829.070068359375
1789859645.3268626,0,0,832.3600463867188,771.4957885742188,865.2596435546875,829.070068359375
1789859645.337882,0,0,850.454833984375,776.4307250976562,861.9697265625,837.2949829101562
1789859645.3485487,0,0,850.454833984375,776.4307250976562,861.9697265625,837.2949829101562
1789859645.3598268,0,0,850.454833984375,776.4307250976562,861.9697265625,837.2949829101562
1789859645.3710165,0,0,845.5198974609375,779.720703125,853.7448120117188,825.7801513671875
1789859645.3821237,0,0,842.2299194335938,799.46044921875,848.8098754882812,832.3600463867188
1789859645.3931928,0,0,842.2299194335938,799.46044921875,848.8098754882812,832.3600463867188
1789859645.4041824,0,0,842.2299194335938,799.46044921875,848.8098754882812,832.3600463867188
1789859645.4149742,0,0,842.2299194335938,799.46044921875,848.8098754882812,832.3600463867188
1789859645.4258075,0,0,847.1648559570312,802.7504272460938,852.0997924804688,845.5198974609375
1789859645.4370253,0,0,842.2299194335938,802.7504272460938,852.0997924804688,829.070068359375
1789859645.4479306,0,0,842.2299194335938,802.7504272460938,852.0997924804688,829.070068359375
1789859645.4586084,0,0,842.2299194335938,802.7504272460938,852.0997924804688,829.070068359375
1789859645.4696214,0,0,838.9400024414062,824.1351318359375,835.6500244140625,824.1351318359375
1789859645.4806976,0,0,838.9400024414062,824.1351318359375,835.6500244140625,824.1351318359375
1789859645.4916599,0,0,838.9400024414062,824.1351318359375,835.6500244140625,824.1351318359375
1789859645.5023046,0,0,838.9400024414062,824.1351318359375,835.6500244140625,824.1351318359375
1789859645.5135317,0,0,838.9400024414062,824.1351318359375,835.6500244140625,824.1351318359375
1789859645.5245564,0,0,842.2299194335938,825.7801513671875,835.6500244140625,827.4251098632812
1789859645.535678,0,0,834.0050048828125,810.9752807617188,830.715087890625,815.9102783203125
1789859645.5463867,0,0,834.0050048828125,810.9752807617188,830.715087890625,815.9102783203125
1789859645.5573604,0,0,834.0050048828125,810.9752807617188,830.715087890625,815.9102783203125
1789859645.5680327,0,0,848.8098754882812,809.330322265625,822.4901733398438,824.1351318359375
1789859645.579081,0,0,832.3600463867188,799.46044921875,802.7504272460938,806.0403442382812
1789859645.5899463,0,0,832.3600463867188,799.46044921875,802.7504272460938,806.0403442382812
1789859645.6006167,0,0,832.3600463867188,799.46044921875,802.7504272460938,806.0403442382812
1789859645.6113367,0,0,832.3600463867188,799.46044921875,802.7504272460938,806.0403442382812
1789859645.622184,0,0,832.3600463867188,799.46044921875,802.7504272460938,806.0403442382812
1789859645.6330974,0,0,861.9697265625,796.1704711914062,809.330322265625,825.7801513671875
1789859645.644202,0,0,861.9697265625,796.1704711914062,809.330322265625,825.7801513671875
1789859645.6553502,0,0,861.9697265625,796.1704711914062,809.330322265625,825.7801513671875
1789859645.6663082,0,0,852.0997924804688,786.3005981445312,810.9752807617188,824.1351318359375
1789859645.677419,0,0,838.9400024414062,799.46044921875,822.4901733398438,817.5552368164062
1789859645.6884449,0,0,838.9400024414062,799.46044921875,822.4901733398438,817.5552368164062
1789859645.69919,0,0,838.9400024414062,799.46044921875,822.4901733398438,817.5552368164062
1789859645.7100365,0,0,838.9400024414062,799.46044921875,822.4901733398438,817.5552368164062
1789859645.7209733,0,0,838.9400024414062,799.46044921875,822.4901733398438,817.5552368164062
1789859645.7315643,0,0,870.194580078125,810.9752807617188,825.7801513671875,850.454833984375
1789859645.7423406,0,0,870.194580078125,810.9752807617188,825.7801513671875,850.454833984375
1789859645.7528803,0,0,870.194580078125,810.9752807617188,825.7801513671875,850.454833984375
1789859645.7633681,0,0,860.32470703125,807.6853637695312,827.4251098632812,832.3600463867188
1789859645.7747893,0,0,853.7448120117188,801.1054077148438,834.0050048828125,840.5849609375
1789859645.7858372,0,0,857.0347290039062,807.6853637695312,835.6500244140625,847.1648559570312
1789859645.7963986,0,0,857.0347290039062,807.6853637695312,835.6500244140625,847.1648559570312
1789859645.8070939,0,0,857.0347290039062,807.6853637695312,835.6500244140625,847.1648559570312
1789859645.818084,0,0,842.2299194335938,810.9752807617188,835.6500244140625,824.1351318359375
1789859645.8296971,0,0,853.7448120117188,807.6853637695312,834.0050048828125,835.6500244140625
1789859645.8407478,0,0,853.7448120117188,807.6853637695312,834.0050048828125,835.6500244140625
1789859645.8515754,0,0,853.7448120117188,807.6853637695312,834.0050048828125,835.6500244140625
1789859645.8622575,0,0,861.9697265625,807.6853637695312,829.070068359375,858.6797485351562
