Timestamp,Trigger,Sensores_OK,TP9,FP1,FP2,TP10
1790789451.898108,0,1,857.0347290039062,819.2001953125,827.4251098632812,827.4251098632812
1790789451.9091043,0,1,852.0997924804688,832.3600463867188,822.4901733398438,848.8098754882812
1790789451.9200492,0,1,860.32470703125,799.46044921875,830.715087890625,857.0347290039062
1790789451.9318557,0,1,855.3897705078125,806.0403442382812,825.7801513671875,838.9400024414062
1790789451.9432373,0,1,855.3897705078125,806.0403442382812,825.7801513671875,838.9400024414062
1790789451.9542336,0,1,855.3897705078125,806.0403442382812,825.7801513671875,838.9400024414062
1790789451.9651995,0,1,855.3897705078125,806.0403442382812,825.7801513671875,838.9400024414062
1790789451.977135,0,1,855.3897705078125,806.0403442382812,825.7801513671875,838.9400024414062
1790789451.9883049,0,1,866.9046630859375,779.720703125,840.5849609375,848.8098754882812
1790789451.9993331,0,1,840.5849609375,861.9697265625,827.4251098632812,835.6500244140625
1790789452.0101464,0,1,858.6797485351562,825.7801513671875,838.9400024414062,837.2949829101562
1790789452.0213752,0,1,858.6797485351562,825.7801513671875,838.9400024414062,837.2949829101562
1790789452.0321977,0,1,858.6797485351562,825.7801513671875,838.9400024414062,837.2949829101562
1790789452.043028,0,1,858.6797485351562,825.7801513671875,838.9400024414062,837.2949829101562
1790789452.0552979,0,1,858.6797485351562,825.7801513671875,838.9400024414062,837.2949829101562
1790789452.0666523,0,1,858.6797485351562,825.7801513671875,838.9400024414062,837.2949829101562
1790789452.0782318,0,1,858.6797485351562,825.7801513671875,838.9400024414062,837.2949829101562
1790789452.0891244,0,1,850.454833984375,845.5198974609375,830.715087890625,837.2949829101562
1790789452.100822,0,1,870.194580078125,786.3005981445312,835.6500244140625,850.454833984375
1790789452.1120367,0,1,876.7745361328125,789.590576171875,829.070068359375,847.1648559570312
1790789452.1234655,0,1,842.2299194335938,815.9102783203125,840.5849609375,842.2299194335938
1790789452.1348343,0,1,842.2299194335938,815.9102783203125,840.5849609375,842.2299194335938
1790789452.145989,0,1,842.2299194335938,815.9102783203125,840.5849609375,842.2299194335938
1790789452.157056,0,1,842.2299194335938,815.9102783203125,840.5849609375,842.2299194335938
1790789452.1684227,0,1,842.2299194335938,815.9102783203125,840.5849609375,842.2299194335938
1790789452.179915,0,1,847.1648559570312,842.2299194335938,825.7801513671875,830.715087890625
1790789452.1911542,0,1,829.070068359375,868.5496215820312,822.4901733398438,825.7801513671875
1790789452.2022872,0,1,865.2596435546875,736.951171875,838.9400024414062,861.9697265625
1790789452.2133284,0,1,875.1295166015625,684.3118286132812,850.454833984375,871.839599609375
1790789452.2243214,0,1,835.6500244140625,842.2299194335938,819.2001953125,820.84521484375
1790789452.2353995,0,1,835.6500244140625,842.2299194335938,819.2001953125,820.84521484375
1790789452.2465992,0,1,835.6500244140625,842.2299194335938,819.2001953125,820.84521484375
1790789452.2576182,0,1,835.6500244140625,842.2299194335938,819.2001953125,820.84521484375
1790789452.2689314,0,1,835.6500244140625,842.2299194335938,819.2001953125,820.84521484375
1790789452.2799506,0,1,835.6500244140625,842.2299194335938,819.2001953125,820.84521484375
1790789452.2910233,0,1,835.6500244140625,842.2299194335938,819.2001953125,820.84521484375
1790789452.3021057,0,1,853.7448120117188,834.0050048828125,835.6500244140625,853.7448120117188
1790789452.3128765,0,1,866.9046630859375,741.8861083984375,865.2596435546875,873.4845581054688
1790789452.32422,0,1,861.9697265625,768.205810546875,834.0050048828125,847.1648559570312
1790789452.3356218,0,1,873.4845581054688,728.726318359375,830.715087890625,838.9400024414062
1790789452.347346,0,1,845.5198974609375,781.3656616210938,832.3600463867188,840.5849609375
1790789452.3581617,0,1,861.9697265625,761.6259155273438,842.2299194335938,845.5198974609375
1790789452.370206,0,1,858.6797485351562,787.945556640625,835.6500244140625,843.8749389648438
1790789452.3814185,0,1,853.7448120117188,715.5664672851562,842.2299194335938,861.9697265625
1790789452.3936422,0,1,853.7448120117188,820.84521484375,832.3600463867188,830.715087890625
1790789452.4047651,0,1,853.7448120117188,820.84521484375,832.3600463867188,830.715087890625
1790789452.415675,0,1,853.7448120117188,820.84521484375,832.3600463867188,830.715087890625
1790789452.4274266,0,1,853.7448120117188,820.84521484375,832.3600463867188,830.715087890625
1790789452.4392693,0,1,853.7448120117188,820.84521484375,832.3600463867188,830.715087890625
1790789452.4506702,0,1,870.194580078125,682.6668701171875,858.6797485351562,866.9046630859375
1790789452.4628367,0,1,865.2596435546875,781.3656616210938,840.5849609375,842.2299194335938
1790789452.4784756,0,1,868.5496215820312,801.1054077148438,830.715087890625,843.8749389648438
1790789452.4929435,0,1,865.2596435546875,820.84521484375,832.3600463867188,847.1648559570312
1790789452.5049305,0,1,845.5198974609375,886.6444091796875,838.9400024414062,837.2949829101562
1790789452.5162702,0,1,845.5198974609375,886.6444091796875,838.9400024414062,837.2949829101562
1790789452.5279036,0,1,845.5198974609375,886.6444091796875,838.9400024414062,837.2949829101562
1790789452.5398836,0,1,845.5198974609375,886.6444091796875,838.9400024414062,837.2949829101562
1790789452.5516117,0,1,845.5198974609375,886.6444091796875,838.9400024414062,837.2949829101562
1790789452.5634084,0,1,876.7745361328125,847.1648559570312,842.2299194335938,853.7448120117188
1790789452.5746477,0,1,853.7448120117188,912.964111328125,825.7801513671875,835.6500244140625
1790789452.5863721,0,1,850.454833984375,860.32470703125,840.5849609375,852.0997924804688
1790789452.5971565,0,1,855.3897705078125,860.32470703125,838.9400024414062,857.0347290039062
1790789452.6089575,0,1,837.2949829101562,985.3432006835938,825.7801513671875,824.1351318359375
1790789452.6206758,0,1,853.7448120117188,860.32470703125,842.2299194335938,852.0997924804688
1790789452.6319156,0,1,853.7448120117188,860.32470703125,842.2299194335938,852.0997924804688
1790789452.6431286,0,1,853.7448120117188,860.32470703125,842.2299194335938,852.0997924804688
1790789452.6545339,0,1,853.7448120117188,860.32470703125,842.2299194335938,852.0997924804688
1790789452.6656659,0,1,853.7448120117188,860.32470703125,842.2299194335938,852.0997924804688
1790789452.676893,0,1,853.7448120117188,860.32470703125,842.2299194335938,852.0997924804688
1790789452.6887674,0,1,853.7448120117188,860.32470703125,842.2299194335938,852.0997924804688
1790789452.6998093,0,1,861.9697265625,847.1648559570312,847.1648559570312,852.0997924804688
1790789452.7115507,0,1,843.8749389648438,978.7633056640625,824.1351318359375,834.0050048828125
1790789452.7226362,0,1,857.0347290039062,906.3841552734375,840.5849609375,842.2299194335938
1790789452.7340739,0,1,861.9697265625,866.9046630859375,837.2949829101562,842.2299194335938
1790789452.744826,0,1,866.9046630859375,840.5849609375,843.8749389648438,857.0347290039062
1790789452.7561677,0,1,857.0347290039062,985.3432006835938,825.7801513671875,825.7801513671875
1790789452.7672477,0,1,857.0347290039062,985.3432006835938,825.7801513671875,825.7801513671875
1790789452.7788582,0,1,857.0347290039062,985.3432006835938,825.7801513671875,825.7801513671875
1790789452.789579,0,1,857.0347290039062,985.3432006835938,825.7801513671875,825.7801513671875
1790789452.8006625,0,1,857.0347290039062,985.3432006835938,825.7801513671875,825.7801513671875
1790789452.811741,0,1,845.5198974609375,998.5030517578125,837.2949829101562,847.1648559570312
1790789452.82323,0,1,853.7448120117188,998.5030517578125,830.715087890625,824.1351318359375
1790789452.8344815,0,1,852.0997924804688,1037.9825439453125,815.9102783203125,842.2299194335938
1790789452.8458354,0,1,866.9046630859375,998.5030517578125,848.8098754882812,852.0997924804688
1790789452.8570306,0,1,866.9046630859375,998.5030517578125,848.8098754882812,852.0997924804688
1790789452.8683317,0,1,866.9046630859375,998.5030517578125,848.8098754882812,852.0997924804688
1790789452.8795178,0,1,866.9046630859375,998.5030517578125,848.8098754882812,852.0997924804688
1790789452.890648,0,1,866.9046630859375,998.5030517578125,848.8098754882812,852.0997924804688
1790789452.9013708,0,1,866.9046630859375,998.5030517578125,848.8098754882812,852.0997924804688
1790789452.9125283,0,1,855.3897705078125,810.9752807617188,835.6500244140625,857.0347290039062
1790789452.9238098,0,1,850.454833984375,837.2949829101562,832.3600463867188,855.3897705078125
1790789452.9351265,0,1,852.0997924804688,870.194580078125,837.2949829101562,843.8749389648438
1790789452.946309,0,1,852.0997924804688,870.194580078125,837.2949829101562,843.8749389648438
1790789452.9571607,0,1,852.0997924804688,870.194580078125,837.2949829101562,843.8749389648438
1790789452.9679103,0,1,852.0997924804688,870.194580078125,837.2949829101562,843.8749389648438
1790789452.9787345,0,1,852.0997924804688,870.194580078125,837.2949829101562,843.8749389648438
1790789452.9898574,0,1,852.0997924804688,870.194580078125,837.2949829101562,843.8749389648438
1790789453.0011973,0,1,852.0997924804688,870.194580078125,837.2949829101562,843.8749389648438
1790789453.012667,0,1,866.9046630859375,830.715087890625,840.5849609375,871.839599609375
1790789453.0241683,0,1,875.1295166015625,909.6741333007812,838.9400024414062,852.0997924804688
1790789453.035469,0,1,863.6146850585938,883.3544311523438,842.2299194335938,850.454833984375
1790789453.0468278,0,1,853.7448120117188,857.0347290039062,850.454833984375,847.1648559570312
1790789453.057883,0,1,855.3897705078125,843.8749389648438,847.1648559570312,857.0347290039062
1790789453.068801,0,1,855.3897705078125,843.8749389648438,847.1648559570312,857.0347290039062
1790789453.079949,0,1,855.3897705078125,843.8749389648438,847.1648559570312,857.0347290039062
1790789453.090851,0,1,855.3897705078125,843.8749389648438,847.1648559570312,857.0347290039062
1790789453.101575,0,1,855.3897705078125,843.8749389648438,847.1648559570312,857.0347290039062
1790789453.1126013,0,1,855.3897705078125,843.8749389648438,847.1648559570312,857.0347290039062
1790789453.123754,0,1,857.0347290039062,883.3544311523438,830.715087890625,850.454833984375
1790789453.1347413,0,1,857.0347290039062,883.3544311523438,830.715087890625,850.454833984375
1790789453.1458635,0,1,848.8098754882812,988.6331787109375,832.3600463867188,842.2299194335938
1790789453.1567683,0,1,850.454833984375,995.213134765625,834.0050048828125,853.7448120117188
1790789453.16757,0,1,865.2596435546875,995.213134765625,835.6500244140625,855.3897705078125
1790789453.178558,0,1,838.9400024414062,1074.172119140625,835.6500244140625,840.5849609375
1790789453.1903255,0,1,842.2299194335938,1074.172119140625,830.715087890625,834.0050048828125
1790789453.201614,0,1,860.32470703125,1021.5327758789062,843.8749389648438,858.6797485351562
1790789453.2124128,0,1,860.32470703125,1021.5327758789062,843.8749389648438,858.6797485351562
1790789453.223362,0,1,857.0347290039062,968.8934326171875,848.8098754882812,847.1648559570312
1790789453.2342591,0,1,857.0347290039062,968.8934326171875,848.8098754882812,847.1648559570312
1790789453.2453363,0,1,857.0347290039062,968.8934326171875,848.8098754882812,847.1648559570312
1790789453.25688,0,1,857.0347290039062,968.8934326171875,848.8098754882812,847.1648559570312
1790789453.267886,0,1,857.0347290039062,968.8934326171875,848.8098754882812,847.1648559570312
1790789453.2790482,0,1,857.0347290039062,968.8934326171875,848.8098754882812,847.1648559570312
1790789453.2908857,0,1,878.4194946289062,995.213134765625,837.2949829101562,860.32470703125
1790789453.3020823,0,1,857.0347290039062,1074.172119140625,815.9102783203125,827.4251098632812
1790789453.3140533,0,0,857.0347290039062,1074.172119140625,815.9102783203125,827.4251098632812
1790789453.3255808,0,0,857.0347290039062,1074.172119140625,815.9102783203125,827.4251098632812
1790789453.3363864,0,0,857.0347290039062,1074.172119140625,815.9102783203125,827.4251098632812
1790789453.3478153,1,0,857.0347290039062,1074.172119140625,815.9102783203125,827.4251098632812
1790789453.359376,1,0,857.0347290039062,1074.172119140625,815.9102783203125,827.4251098632812
1790789453.3707151,1,0,868.5496215820312,1087.33203125,827.4251098632812,843.8749389648438
1790789453.3814526,1,0,857.0347290039062,1034.692626953125,840.5849609375,845.5198974609375
1790789453.3922994,1,0,852.0997924804688,1087.33203125,838.9400024414062,842.2299194335938
1790789453.4034908,1,0,830.715087890625,1166.291015625,814.2652587890625,827.4251098632812
1790789453.4145012,1,0,861.9697265625,855.3897705078125,830.715087890625,845.5198974609375
1790789453.4314964,1,0,861.9697265625,855.3897705078125,830.715087890625,845.5198974609375
1790789453.4434907,1,0,861.9697265625,855.3897705078125,830.715087890625,845.5198974609375
1790789453.4547184,1,0,861.9697265625,855.3897705078125,830.715087890625,845.5198974609375
1790789453.466764,1,0,861.9697265625,855.3897705078125,830.715087890625,845.5198974609375
1790789453.47785,1,0,861.9697265625,855.3897705078125,830.715087890625,845.5198974609375
1790789453.488752,1,0,861.9697265625,855.3897705078125,830.715087890625,845.5198974609375
1790789453.499818,1,0,861.9697265625,855.3897705078125,830.715087890625,845.5198974609375
1790789453.5117927,1,0,855.3897705078125,835.6500244140625,837.2949829101562,850.454833984375
1790789453.523031,1,0,853.7448120117188,802.7504272460938,842.2299194335938,843.8749389648438
1790789453.5343902,1,0,853.7448120117188,802.7504272460938,842.2299194335938,843.8749389648438
1790789453.546321,1,0,853.7448120117188,802.7504272460938,842.2299194335938,843.8749389648438
1790789453.5572002,1,0,853.7448120117188,802.7504272460938,842.2299194335938,843.8749389648438
1790789453.5686674,1,0,853.7448120117188,802.7504272460938,842.2299194335938,843.8749389648438
1790789453.5795417,1,0,855.3897705078125,802.7504272460938,842.2299194335938,852.0997924804688
1790789453.5906856,1,0,866.9046630859375,802.7504272460938,830.715087890625,850.454833984375
1790789453.6015413,1,0,866.9046630859375,802.7504272460938,830.715087890625,850.454833984375
1790789453.6128595,1,0,868.5496215820312,750.1110229492188,853.7448120117188,880.064453125
1790789453.6242514,1,0,837.2949829101562,835.6500244140625,832.3600463867188,827.4251098632812
1790789453.6355586,1,0,843.8749389648438,809.330322265625,824.1351318359375,845.5198974609375
1790789453.6466484,1,0,843.8749389648438,809.330322265625,824.1351318359375,845.5198974609375
1790789453.6579063,1,0,843.8749389648438,809.330322265625,824.1351318359375,845.5198974609375
1790789453.6684906,1,0,843.8749389648438,809.330322265625,824.1351318359375,845.5198974609375
1790789453.680175,1,0,843.8749389648438,809.330322265625,824.1351318359375,845.5198974609375
1790789453.6911557,1,0,843.8749389648438,809.330322265625,824.1351318359375,845.5198974609375
1790789453.70232,1,0,843.8749389648438,868.5496215820312,830.715087890625,835.6500244140625
1790789453.7132614,1,0,865.2596435546875,789.590576171875,830.715087890625,838.9400024414062
1790789453.7242913,1,0,853.7448120117188,960.6685180664062,840.5849609375,838.9400024414062
1790789453.7353387,1,0,847.1648559570312,1026.4677734375,820.84521484375,830.715087890625
1790789453.7462478,1,0,847.1648559570312,1026.4677734375,820.84521484375,830.715087890625
1790789453.757487,1,0,847.1648559570312,1026.4677734375,820.84521484375,830.715087890625
1790789453.7684531,1,0,847.1648559570312,1026.4677734375,820.84521484375,830.715087890625
1790789453.7798448,1,0,847.1648559570312,1026.4677734375,820.84521484375,830.715087890625
1790789453.791486,1,0,865.2596435546875,868.5496215820312,855.3897705078125,858.6797485351562
1790789453.8022044,1,0,845.5198974609375,1000.1480712890625,825.7801513671875,832.3600463867188
1790789453.813352,1,0,868.5496215820312,894.8693237304688,837.2949829101562,847.1648559570312
1790789453.8244262,1,0,852.0997924804688,934.3488159179688,834.0050048828125,834.0050048828125
1790789453.8358638,1,0,850.454833984375,947.5086669921875,830.715087890625,843.8749389648438
1790789453.847025,1,0,875.1295166015625,855.3897705078125,830.715087890625,853.7448120117188
1790789453.8585327,1,0,857.0347290039062,881.70947265625,838.9400024414062,853.7448120117188
1790789453.8699825,1,0,863.6146850585938,881.70947265625,837.2949829101562,848.8098754882812
1790789453.8824944,1,0,863.6146850585938,881.70947265625,837.2949829101562,848.8098754882812
1790789453.8938107,1,0,863.6146850585938,881.70947265625,837.2949829101562,848.8098754882812
1790789453.904872,1,0,863.6146850585938,881.70947265625,837.2949829101562,848.8098754882812
1790789453.9159293,1,0,863.6146850585938,881.70947265625,837.2949829101562,848.8098754882812
1790789453.9270272,1,0,863.6146850585938,881.70947265625,837.2949829101562,848.8098754882812
1790789453.9383392,1,0,876.7745361328125,815.9102783203125,845.5198974609375,868.5496215820312
1790789453.949479,1,0,848.8098754882812,921.18896484375,832.3600463867188,845.5198974609375
1790789453.9606423,1,0,855.3897705078125,855.3897705078125,852.0997924804688,842.2299194335938
1790789453.9726183,1,0,848.8098754882812,888.2893676757812,837.2949829101562,842.2299194335938
1790789453.9840226,1,0,861.9697265625,832.3600463867188,834.0050048828125,838.9400024414062
1790789453.9954321,1,0,857.0347290039062,815.9102783203125,832.3600463867188,838.9400024414062
1790789454.0072982,1,0,857.0347290039062,815.9102783203125,832.3600463867188,838.9400024414062
1790789454.0183382,1,0,857.0347290039062,815.9102783203125,832.3600463867188,838.9400024414062
1790789454.029522,1,0,857.0347290039062,815.9102783203125,832.3600463867188,838.9400024414062
1790789454.040923,1,0,857.0347290039062,815.9102783203125,832.3600463867188,838.9400024414062
1790789454.052106,1,0,857.0347290039062,815.9102783203125,832.3600463867188,838.9400024414062
1790789454.063104,1,0,853.7448120117188,837.2949829101562,832.3600463867188,845.5198974609375
1790789454.0741098,1,0,858.6797485351562,834.0050048828125,843.8749389648438,837.2949829101562
1790789454.08545,1,0,875.1295166015625,751.7560424804688,847.1648559570312,863.6146850585938
1790789454.0969093,1,0,848.8098754882812,830.715087890625,837.2949829101562,842.2299194335938
1790789454.1080637,1,0,845.5198974609375,830.715087890625,837.2949829101562,850.454833984375
1790789454.1191764,1,0,855.3897705078125,778.07568359375,843.8749389648438,855.3897705078125
1790789454.1300073,1,0,855.3897705078125,778.07568359375,843.8749389648438,855.3897705078125
1790789454.140977,1,0,855.3897705078125,778.07568359375,843.8749389648438,855.3897705078125
1790789454.1519709,1,0,855.3897705078125,778.07568359375,843.8749389648438,855.3897705078125
1790789454.162975,1,0,855.3897705078125,778.07568359375,843.8749389648438,855.3897705078125
1790789454.1738002,1,0,847.1648559570312,830.715087890625,838.9400024414062,840.5849609375
1790789454.1849205,1,0,868.5496215820312,834.0050048828125,843.8749389648438,838.9400024414062
1790789454.1960912,1,0,861.9697265625,847.1648559570312,822.4901733398438,835.6500244140625
1790789454.2077987,1,0,848.8098754882812,827.4251098632812,840.5849609375,847.1648559570312
1790789454.2185237,1,1,848.8098754882812,827.4251098632812,840.5849609375,847.1648559570312
1790789454.2296205,1,1,848.8098754882812,827.4251098632812,840.5849609375,847.1648559570312
1790789454.2417233,1,1,848.8098754882812,827.4251098632812,840.5849609375,847.1648559570312
1790789454.2531755,1,1,848.8098754882812,827.4251098632812,840.5849609375,847.1648559570312
1790789454.2644737,1,1,848.8098754882812,827.4251098632812,840.5849609375,847.1648559570312
1790789454.2752194,1,1,848.8098754882812,827.4251098632812,840.5849609375,847.1648559570312
1790789454.2859223,1,1,858.6797485351562,784.6556396484375,845.5198974609375,850.454833984375
1790789454.2973304,1,1,857.0347290039062,784.6556396484375,838.9400024414062,843.8749389648438
1790789454.3084426,1,1,857.0347290039062,784.6556396484375,838.9400024414062,843.8749389648438
1790789454.3199608,1,1,855.3897705078125,732.0162353515625,835.6500244140625,842.2299194335938
1790789454.331701,1,1,852.0997924804688,705.6965942382812,840.5849609375,829.070068359375
1790789454.3439066,1,1,852.0997924804688,705.6965942382812,840.5849609375,829.070068359375
1790789454.3554275,1,1,852.0997924804688,705.6965942382812,840.5849609375,829.070068359375
1790789454.3672,1,1,848.8098754882812,679.3768920898438,829.070068359375,860.32470703125
1790789454.378103,1,1,860.32470703125,705.6965942382812,838.9400024414062,853.7448120117188
1790789454.3897357,1,1,848.8098754882812,751.7560424804688,830.715087890625,837.2949829101562
1790789454.4007692,1,1,861.9697265625,712.2764892578125,830.715087890625,840.5849609375
1790789454.4118767,1,1,842.2299194335938,699.1166381835938,834.0050048828125,837.2949829101562
1790789454.4227614,1,1,842.2299194335938,699.1166381835938,834.0050048828125,837.2949829101562
1790789454.434226,1,1,842.2299194335938,699.1166381835938,834.0050048828125,837.2949829101562
1790789454.4455273,1,1,842.2299194335938,699.1166381835938,834.0050048828125,837.2949829101562
1790789454.4565055,1,1,842.2299194335938,699.1166381835938,834.0050048828125,837.2949829101562
1790789454.4679534,1,1,868.5496215820312,699.1166381835938,837.2949829101562,845.5198974609375
1790789454.4793408,1,1,848.8098754882812,705.6965942382812,842.2299194335938,840.5849609375
1790789454.490322,1,1,832.3600463867188,705.6965942382812,834.0050048828125,825.7801513671875
1790789454.501728,1,1,796.1704711914062,732.0162353515625,847.1648559570312,761.6259155273438
1790789454.5127337,1,1,516.5238037109375,1161.3560791015625,883.3544311523438,508.2989196777344
1790789454.5238118,1,0,516.5238037109375,1161.3560791015625,883.3544311523438,508.2989196777344
1790789454.5350833,1,0,516.5238037109375,1161.3560791015625,883.3544311523438,508.2989196777344
1790789454.5475883,1,0,516.5238037109375,1161.3560791015625,883.3544311523438,508.2989196777344
1790789454.5592768,1,0,516.5238037109375,1161.3560791015625,883.3544311523438,508.2989196777344
1790789454.5703402,1,0,506.6539306640625,1325.8541259765625,896.5142822265625,490.2041320800781
1790789454.5818548,1,0,167.78799438476562,1468.9674072265625,1225.5103759765625,141.4683074951172
1790789454.592898,1,0,36.18956756591797,1447.5826416015625,1640.04541015625,31.254627227783203
1790789454.6043317,1,0,24.674705505371094,1653.2052001953125,1644.9803466796875,24.674705505371094
1790789454.6152372,1,0,26.319684982299805,1654.8502197265625,1651.560302734375,24.674705505371094
1790789454.6267498,1,0,26.319684982299805,1654.8502197265625,1651.560302734375,24.674705505371094
1790789454.6383643,1,0,27.96466636657715,1654.8502197265625,1656.4952392578125,27.96466636657715
1790789454.6492167,1,0,27.96466636657715,1654.8502197265625,1656.4952392578125,27.96466636657715
1790789454.6603262,1,0,27.96466636657715,1654.8502197265625,1656.4952392578125,27.96466636657715
1790789454.6712737,1,0,27.96466636657715,1654.8502197265625,1656.4952392578125,27.96466636657715
1790789454.6822386,1,0,29.60964584350586,1653.2052001953125,1648.270263671875,27.96466636657715
1790789454.6939404,1,0,29.60964584350586,1654.8502197265625,1653.2052001953125,27.96466636657715
1790789454.705168,1,0,27.96466636657715,1654.8502197265625,1651.560302734375,26.319684982299805
1790789454.7163236,1,0,0.0,1638.400390625,1651.560302734375,27.96466636657715
1790789454.7278214,1,0,0.0,1638.400390625,1651.560302734375,27.96466636657715
1790789454.7393591,1,0,0.0,1638.400390625,1651.560302734375,27.96466636657715
1790789454.7502573,1,0,0.0,1638.400390625,1651.560302734375,27.96466636657715
1790789454.7615888,1,0,0.0,1638.400390625,1651.560302734375,27.96466636657715
1790789454.7726076,1,0,0.0,1638.400390625,1651.560302734375,27.96466636657715
1790789454.7837086,1,0,947.5086669921875,1646.6253662109375,1554.5064697265625,955.7335815429688
1790789454.7945404,1,0,1368.6236572265625,1653.2052001953125,1580.8260498046875,1386.7183837890625
1790789454.8063605,1,0,1523.2518310546875,225.3623046875,1107.07177734375,1635.1104736328125
1790789454.8176148,1,0,1533.1217041015625,44.41447067260742,949.1536865234375,1659.78515625
1790789454.8288372,1,0,1526.541748046875,41.124507904052734,580.6780395507812,1653.2052001953125
1790789454.8408089,1,0,1528.186767578125,46.0594482421875,490.2041320800781,1656.4952392578125
1790789454.852062,1,0,1528.186767578125,46.0594482421875,490.2041320800781,1656.4952392578125
1790789454.8634956,1,0,1528.186767578125,46.0594482421875,490.2041320800781,1656.4952392578125
1790789454.8746338,1,0,1528.186767578125,46.0594482421875,490.2041320800781,1656.4952392578125
1790789454.8859081,1,0,1528.186767578125,46.0594482421875,490.2041320800781,1656.4952392578125
1790789454.8970253,1,0,1528.186767578125,46.0594482421875,490.2041320800781,1656.4952392578125
1790789454.9082525,1,0,1526.541748046875,49.34941101074219,465.5294494628906,1653.2052001953125
1790789454.9192936,1,0,1528.186767578125,49.34941101074219,468.81939697265625,1654.8502197265625
1790789454.9304101,1,0,1526.541748046875,47.704429626464844,445.7896728515625,1613.7257080078125
1790789454.941611,1,0,1519.9617919921875,47.704429626464844,478.68927001953125,1587.406005859375
1790789454.9530995,1,0,1343.948974609375,47.704429626464844,537.9085693359375,1450.8726806640625
1790789454.9643211,1,0,1327.4991455078125,47.704429626464844,546.1334838867188,1417.9730224609375
1790789454.9753368,1,0,1327.4991455078125,47.704429626464844,546.1334838867188,1417.9730224609375
1790789454.9868252,1,0,1327.4991455078125,47.704429626464844,546.1334838867188,1417.9730224609375
1790789454.9979753,1,0,1034.692626953125,47.704429626464844,666.217041015625,1200.835693359375
1790789455.0095563,1,0,870.194580078125,50.99439239501953,733.6612548828125,1049.4974365234375
1790789455.0212603,1,0,633.3174438476562,473.75433349609375,588.9029541015625,759.9808959960938
1790789455.0326777,1,0,370.1205749511719,1131.7464599609375,523.103759765625,417.82501220703125
1790789455.0440223,1,0,238.52215576171875,1526.541748046875,523.103759765625,259.9068908691406
1790789455.0553098,1,0,238.52215576171875,1526.541748046875,523.103759765625,259.9068908691406
1790789455.0665896,1,0,238.52215576171875,1526.541748046875,523.103759765625,259.9068908691406
1790789455.077698,1,0,171.0779571533203,1431.1329345703125,1682.81494140625,159.56309509277344
1790789455.0891557,1,0,199.04261779785156,1417.9730224609375,1682.81494140625,189.17274475097656
1790789455.1006172,1,0,203.97756958007812,1417.9730224609375,1656.4952392578125,190.81771850585938
1790789455.1122804,1,0,200.68760681152344,1286.3746337890625,1649.915283203125,187.5277557373047
1790789455.1232314,1,0,203.97756958007812,628.3825073242188,1658.14013671875,190.81771850585938
1790789455.1348164,1,0,203.97756958007812,628.3825073242188,1658.14013671875,190.81771850585938
1790789455.1463516,1,0,203.97756958007812,628.3825073242188,1658.14013671875,190.81771850585938
1790789455.1580882,1,0,203.97756958007812,628.3825073242188,1658.14013671875,190.81771850585938
1790789455.1691728,1,0,203.97756958007812,628.3825073242188,1658.14013671875,190.81771850585938
1790789455.1805723,1,0,202.33258056640625,602.0628051757812,1654.8502197265625,189.17274475097656
1790789455.191545,1,0,26.319684982299805,669.5070190429688,1139.971435546875,1.6449803113937378
1790789455.2022326,1,0,210.55747985839844,248.39202880859375,982.0532836914062,92.118896484375
1790789455.21369,1,0,197.39764404296875,1301.179443359375,876.7745361328125,105.27873992919922
1790789455.2249973,1,0,197.39764404296875,1301.179443359375,876.7745361328125,105.27873992919922
1790789455.2359412,1,0,197.39764404296875,1301.179443359375,876.7745361328125,105.27873992919922
1790789455.2468278,1,0,197.39764404296875,1301.179443359375,876.7745361328125,105.27873992919922
1790789455.2582233,1,0,197.39764404296875,1301.179443359375,876.7745361328125,105.27873992919922
1790789455.2692819,1,0,381.63543701171875,0.0,903.09423828125,302.6763916015625
1790789455.279919,1,0,585.6129760742188,1052.7874755859375,1218.930419921875,447.4346618652344
1790789455.2908683,1,0,618.5126342773438,1368.6236572265625,1297.8895263671875,513.23388671875
1790789455.3026664,1,0,727.081298828125,1000.1480712890625,1353.81884765625,615.22265625
1790789455.3141413,1,0,727.081298828125,1000.1480712890625,1353.81884765625,615.22265625
1790789455.325454,1,0,727.081298828125,1000.1480712890625,1353.81884765625,615.22265625
1790789455.3368926,1,0,727.081298828125,1000.1480712890625,1353.81884765625,615.22265625
1790789455.348502,1,0,727.081298828125,1000.1480712890625,1353.81884765625,615.22265625
1790789455.3594172,1,0,1618.66064453125,0.0,1102.1368408203125,1566.021240234375
1790789455.370721,0,0,1607.145751953125,0.0,1056.077392578125,1559.44140625
1790789455.381713,0,0,1613.7257080078125,32.89960861206055,924.4789428710938,1557.79638671875
1790789455.3927608,0,0,1612.0806884765625,42.76948928833008,746.8211059570312,1559.44140625
1790789455.4041476,0,0,1612.0806884765625,49.34941101074219,661.2821044921875,1559.44140625
1790789455.4153666,0,0,1613.7257080078125,70.7341537475586,634.96240234375,1561.0863037109375
1790789455.4264526,0,0,1613.7257080078125,64.15423583984375,593.837890625,1559.44140625
1790789455.4375978,0,0,1613.7257080078125,64.15423583984375,593.837890625,1559.44140625
1790789455.4489899,0,0,1613.7257080078125,64.15423583984375,593.837890625,1559.44140625
1790789455.4606774,0,0,1613.7257080078125,64.15423583984375,593.837890625,1559.44140625
1790789455.471964,0,0,1613.7257080078125,64.15423583984375,593.837890625,1559.44140625
1790789455.4828293,0,0,1613.7257080078125,64.15423583984375,593.837890625,1559.44140625
1790789455.4939737,0,0,1613.7257080078125,65.7992172241211,569.1632080078125,1559.44140625
1790789455.5047333,0,0,1580.8260498046875,59.21929168701172,541.1985473632812,1547.926513671875
1790789455.5160987,0,0,1462.3875732421875,62.509254455566406,556.0033569335938,1436.06787109375
1790789455.5269115,0,0,1462.3875732421875,62.509254455566406,556.0033569335938,1436.06787109375
1790789455.538368,0,0,1348.8839111328125,60.86427307128906,521.458740234375,1337.3690185546875
1790789455.5495183,0,0,1348.8839111328125,60.86427307128906,521.458740234375,1337.3690185546875
1790789455.5610435,0,0,1075.817138671875,180.9478302001953,588.9029541015625,1061.0123291015625
1790789455.5719786,0,0,1005.0830078125,312.5462646484375,598.7728271484375,1001.7930297851562
1790789455.5826712,0,0,972.1834106445312,444.1446838378906,590.5479125976562,945.8637084960938
1790789455.5939589,0,0,957.3785400390625,391.50531005859375,610.2877197265625,937.6387939453125
1790789455.605529,0,0,955.7335815429688,391.50531005859375,618.5126342773438,935.9938354492188
1790789455.6161945,0,0,955.7335815429688,391.50531005859375,618.5126342773438,935.9938354492188
1790789455.6274133,0,0,955.7335815429688,391.50531005859375,618.5126342773438,935.9938354492188
1790789455.6390285,0,0,955.7335815429688,391.50531005859375,618.5126342773438,935.9938354492188
1790789455.6501448,0,0,955.7335815429688,391.50531005859375,618.5126342773438,935.9938354492188
1790789455.6613948,0,0,955.7335815429688,391.50531005859375,618.5126342773438,935.9938354492188
1790789455.6727087,0,0,926.1239624023438,523.103759765625,631.6724243164062,876.7745361328125
1790789455.6839585,0,0,878.4194946289062,628.3825073242188,628.3825073242188,863.6146850585938
1790789455.7012572,0,0,891.579345703125,628.3825073242188,648.1222534179688,847.1648559570312
1790789455.7128909,0,0,883.3544311523438,523.103759765625,667.8619995117188,870.194580078125
1790789455.7245042,0,0,873.4845581054688,575.7431030273438,674.4419555664062,850.454833984375
1790789455.7356858,0,0,873.4845581054688,575.7431030273438,674.4419555664062,850.454833984375
1790789455.746782,0,0,873.4845581054688,575.7431030273438,674.4419555664062,850.454833984375
1790789455.75808,0,0,873.4845581054688,575.7431030273438,674.4419555664062,850.454833984375
1790789455.769697,0,0,873.4845581054688,575.7431030273438,674.4419555664062,850.454833984375
1790789455.7813158,0,0,871.839599609375,472.1093444824219,781.3656616210938,922.833984375
1790789455.7921717,0,0,829.070068359375,708.9865112304688,756.6909790039062,881.70947265625
1790789455.803555,0,0,860.32470703125,551.0684204101562,791.2355346679688,903.09423828125
1790789455.8143096,0,0,850.454833984375,630.0274658203125,766.5608520507812,888.2893676757812
1790789455.8258896,0,0,850.454833984375,630.0274658203125,766.5608520507812,888.2893676757812
1790789455.8369415,0,0,850.454833984375,630.0274658203125,766.5608520507812,888.2893676757812
1790789455.8481438,0,0,850.454833984375,630.0274658203125,766.5608520507812,888.2893676757812
1790789455.8598423,0,0,850.454833984375,630.0274658203125,766.5608520507812,888.2893676757812
1790789455.871971,0,0,868.5496215820312,551.0684204101562,802.7504272460938,906.3841552734375
1790789455.8829296,0,0,838.9400024414062,682.6668701171875,791.2355346679688,876.7745361328125
1790789455.8939588,0,0,866.9046630859375,577.3881225585938,797.8154907226562,881.70947265625
1790789455.9046597,0,0,830.715087890625,682.6668701171875,792.8805541992188,876.7745361328125
1790789455.915977,0,0,830.715087890625,682.6668701171875,792.8805541992188,876.7745361328125
1790789455.9269857,0,0,830.715087890625,682.6668701171875,792.8805541992188,876.7745361328125
1790789455.938382,0,0,830.715087890625,682.6668701171875,792.8805541992188,876.7745361328125
1790789455.9498193,0,0,830.715087890625,682.6668701171875,792.8805541992188,876.7745361328125
1790789455.9608364,0,0,830.715087890625,682.6668701171875,792.8805541992188,876.7745361328125
1790789455.9718444,0,0,843.8749389648438,630.0274658203125,794.5255126953125,870.194580078125
1790789455.9830909,0,0,843.8749389648438,814.2652587890625,784.6556396484375,847.1648559570312
1790789455.9942243,0,0,842.2299194335938,708.9865112304688,810.9752807617188,861.9697265625
1790789456.005066,0,0,852.0997924804688,722.1463623046875,807.6853637695312,878.4194946289062
1790789456.0162103,0,0,829.070068359375,893.2243041992188,799.46044921875,853.7448120117188
1790789456.0274816,0,0,829.070068359375,893.2243041992188,799.46044921875,853.7448120117188
1790789456.03847,0,0,829.070068359375,893.2243041992188,799.46044921875,853.7448120117188
1790789456.0492315,0,0,829.070068359375,893.2243041992188,799.46044921875,853.7448120117188
1790789456.060801,0,0,829.070068359375,893.2243041992188,799.46044921875,853.7448120117188
1790789456.0718825,0,0,829.070068359375,893.2243041992188,799.46044921875,853.7448120117188
1790789456.0829942,0,0,843.8749389648438,827.4251098632812,817.5552368164062,863.6146850585938
1790789456.0940878,0,0,866.9046630859375,761.6259155273438,822.4901733398438,883.3544311523438
1790789456.1049485,0,0,848.8098754882812,840.5849609375,799.46044921875,865.2596435546875
1790789456.1158824,0,0,837.2949829101562,814.2652587890625,827.4251098632812,873.4845581054688
1790789456.1272748,0,0,868.5496215820312,853.7448120117188,822.4901733398438,858.6797485351562
1790789456.1383471,0,0,853.7448120117188,893.2243041992188,802.7504272460938,852.0997924804688
1790789456.149655,0,0,857.0347290039062,866.9046630859375,824.1351318359375,858.6797485351562
1790789456.1607351,0,0,845.5198974609375,814.2652587890625,829.070068359375,870.194580078125
1790789456.1718745,0,0,870.194580078125,814.2652587890625,812.6203002929688,860.32470703125
1790789456.1831276,0,0,870.194580078125,814.2652587890625,812.6203002929688,860.32470703125
1790789456.1943963,0,0,870.194580078125,814.2652587890625,812.6203002929688,860.32470703125
1790789456.2056181,0,0,870.194580078125,814.2652587890625,812.6203002929688,860.32470703125
1790789456.2162397,0,0,870.194580078125,814.2652587890625,812.6203002929688,860.32470703125
1790789456.2270615,0,0,870.194580078125,814.2652587890625,812.6203002929688,860.32470703125
1790789456.238015,0,0,870.194580078125,814.2652587890625,812.6203002929688,860.32470703125
1790789456.2488837,0,0,873.4845581054688,787.945556640625,820.84521484375,835.6500244140625
1790789456.2597387,0,0,847.1648559570312,761.6259155273438,820.84521484375,865.2596435546875
1790789456.270991,0,0,845.5198974609375,814.2652587890625,812.6203002929688,850.454833984375
1790789456.2824528,0,0,876.7745361328125,787.945556640625,817.5552368164062,860.32470703125
1790789456.2939177,0,0,870.194580078125,787.945556640625,820.84521484375,863.6146850585938
1790789456.304517,0,0,870.194580078125,787.945556640625,820.84521484375,863.6146850585938
1790789456.315658,0,0,870.194580078125,787.945556640625,820.84521484375,863.6146850585938
1790789456.3265314,0,0,870.194580078125,787.945556640625,820.84521484375,863.6146850585938
1790789456.337596,0,0,870.194580078125,787.945556640625,820.84521484375,863.6146850585938
1790789456.348896,0,0,870.194580078125,787.945556640625,820.84521484375,863.6146850585938
1790789456.3601618,0,0,847.1648559570312,771.4957885742188,815.9102783203125,857.0347290039062
1790789456.3715699,0,0,863.6146850585938,718.8563842773438,810.9752807617188,865.2596435546875
1790789456.3828003,0,0,863.6146850585938,692.5367431640625,810.9752807617188,865.2596435546875
1790789456.3940198,0,0,863.6146850585938,692.5367431640625,810.9752807617188,865.2596435546875
1790789456.4048915,0,0,863.6146850585938,692.5367431640625,810.9752807617188,865.2596435546875
1790789456.415971,0,0,863.6146850585938,692.5367431640625,810.9752807617188,865.2596435546875
1790789456.4269013,0,0,863.6146850585938,692.5367431640625,810.9752807617188,865.2596435546875
1790789456.4388435,0,0,863.6146850585938,692.5367431640625,810.9752807617188,865.2596435546875
1790789456.4500086,0,0,865.2596435546875,797.8154907226562,807.6853637695312,845.5198974609375
1790789456.4609652,0,0,893.2243041992188,613.5776977539062,830.715087890625,875.1295166015625
1790789456.472756,0,0,868.5496215820312,824.1351318359375,789.590576171875,842.2299194335938
1790789456.4838188,0,0,861.9697265625,797.8154907226562,814.2652587890625,855.3897705078125
1790789456.495109,0,0,868.5496215820312,797.8154907226562,835.6500244140625,865.2596435546875
1790789456.5065706,0,0,870.194580078125,850.454833984375,812.6203002929688,855.3897705078125
1790789456.5174687,0,0,868.5496215820312,876.7745361328125,812.6203002929688,868.5496215820312
1790789456.5286973,0,0,868.5496215820312,876.7745361328125,812.6203002929688,868.5496215820312
1790789456.540156,0,0,868.5496215820312,876.7745361328125,812.6203002929688,868.5496215820312
1790789456.5512033,0,0,868.5496215820312,876.7745361328125,812.6203002929688,868.5496215820312
1790789456.5622873,0,0,868.5496215820312,876.7745361328125,812.6203002929688,868.5496215820312
1790789456.57374,0,0,868.5496215820312,876.7745361328125,812.6203002929688,868.5496215820312
1790789456.5847588,0,0,866.9046630859375,929.4138793945312,822.4901733398438,855.3897705078125
1790789456.5957358,0,0,853.7448120117188,1008.3729248046875,820.84521484375,850.454833984375
1790789456.6069825,0,0,834.0050048828125,1008.3729248046875,810.9752807617188,852.0997924804688
1790789456.6179013,0,1,834.0050048828125,1008.3729248046875,810.9752807617188,852.0997924804688
1790789456.629441,0,1,834.0050048828125,1008.3729248046875,810.9752807617188,852.0997924804688
1790789456.6413543,0,1,834.0050048828125,1008.3729248046875,810.9752807617188,852.0997924804688
1790789456.6524196,0,1,834.0050048828125,1008.3729248046875,810.9752807617188,852.0997924804688
1790789456.6643794,0,1,845.5198974609375,1008.3729248046875,806.0403442382812,835.6500244140625
1790789456.6758387,0,1,832.3600463867188,1008.3729248046875,822.4901733398438,852.0997924804688
1790789456.6872466,0,1,845.5198974609375,995.213134765625,822.4901733398438,838.9400024414062
1790789456.6982844,0,1,853.7448120117188,995.213134765625,819.2001953125,838.9400024414062
1790789456.710619,0,1,868.5496215820312,995.213134765625,819.2001953125,848.8098754882812
1790789456.7218761,0,1,873.4845581054688,889.9343872070312,822.4901733398438,870.194580078125
1790789456.7332103,0,1,855.3897705078125,1008.3729248046875,812.6203002929688,853.7448120117188
1790789456.7447755,0,0,855.3897705078125,1008.3729248046875,812.6203002929688,853.7448120117188
1790789456.7568195,0,0,855.3897705078125,1008.3729248046875,812.6203002929688,853.7448120117188
1790789456.7679589,0,0,855.3897705078125,1008.3729248046875,812.6203002929688,853.7448120117188
1790789456.7791743,0,0,855.3897705078125,1008.3729248046875,812.6203002929688,853.7448120117188
1790789456.7909546,0,0,855.3897705078125,1008.3729248046875,812.6203002929688,853.7448120117188
1790789456.802291,0,0,858.6797485351562,1034.692626953125,817.5552368164062,847.1648559570312
1790789456.81366,0,0,861.9697265625,1047.8525390625,820.84521484375,848.8098754882812
1790789456.826034,0,0,866.9046630859375,942.57373046875,838.9400024414062,871.839599609375
1790789456.8382747,0,1,866.9046630859375,942.57373046875,838.9400024414062,871.839599609375
1790789456.849752,0,1,866.9046630859375,942.57373046875,838.9400024414062,871.839599609375
1790789456.8616443,0,1,866.9046630859375,942.57373046875,838.9400024414062,871.839599609375
1790789456.8730092,0,1,827.4251098632812,1153.1312255859375,796.1704711914062,832.3600463867188
1790789456.8841064,0,1,852.0997924804688,1100.4918212890625,815.9102783203125,850.454833984375
1790789456.895652,0,1,857.0347290039062,968.8934326171875,835.6500244140625,866.9046630859375
1790789456.9073205,0,1,852.0997924804688,817.5552368164062,812.6203002929688,819.2001953125
1790789456.9182026,0,1,855.3897705078125,699.1166381835938,825.7801513671875,865.2596435546875
1790789456.928924,0,1,860.32470703125,778.07568359375,812.6203002929688,853.7448120117188
1790789456.9408538,0,1,850.454833984375,751.7560424804688,817.5552368164062,852.0997924804688
1790789456.9521174,0,1,855.3897705078125,843.8749389648438,791.2355346679688,835.6500244140625
1790789456.9629989,0,1,857.0347290039062,791.2355346679688,814.2652587890625,837.2949829101562
1790789456.9739745,0,0,857.0347290039062,791.2355346679688,814.2652587890625,837.2949829101562
1790789456.9849925,0,0,857.0347290039062,791.2355346679688,814.2652587890625,837.2949829101562
1790789456.9960413,0,0,857.0347290039062,791.2355346679688,814.2652587890625,837.2949829101562
1790789457.0068412,0,0,857.0347290039062,791.2355346679688,814.2652587890625,837.2949829101562
1790789457.0180461,0,0,857.0347290039062,791.2355346679688,814.2652587890625,837.2949829101562
1790789457.028918,0,0,845.5198974609375,843.8749389648438,797.8154907226562,834.0050048828125
1790789457.040031,0,0,858.6797485351562,791.2355346679688,804.3953857421875,840.5849609375
1790789457.0508413,1,0,883.3544311523438,817.5552368164062,810.9752807617188,850.454833984375
1790789457.062187,1,0,881.70947265625,791.2355346679688,812.6203002929688,845.5198974609375
1790789457.0732648,1,0,842.2299194335938,870.194580078125,812.6203002929688,835.6500244140625
1790789457.0844533,1,0,842.2299194335938,870.194580078125,812.6203002929688,835.6500244140625
1790789457.0957296,1,0,842.2299194335938,870.194580078125,812.6203002929688,835.6500244140625
1790789457.1066399,1,0,842.2299194335938,870.194580078125,812.6203002929688,835.6500244140625
1790789457.1176536,1,0,842.2299194335938,870.194580078125,812.6203002929688,835.6500244140625
1790789457.1291447,1,0,842.2299194335938,870.194580078125,812.6203002929688,835.6500244140625
1790789457.1401014,1,0,842.2299194335938,870.194580078125,812.6203002929688,835.6500244140625
1790789457.1512513,1,0,893.2243041992188,712.2764892578125,822.4901733398438,878.4194946289062
1790789457.1626015,1,0,845.5198974609375,804.3953857421875,814.2652587890625,852.0997924804688
1790789457.173868,1,0,865.2596435546875,751.7560424804688,817.5552368164062,865.2596435546875
1790789457.184934,1,0,865.2596435546875,751.7560424804688,817.5552368164062,865.2596435546875
1790789457.1962757,1,0,865.2596435546875,751.7560424804688,817.5552368164062,865.2596435546875
1790789457.2070577,1,0,865.2596435546875,751.7560424804688,817.5552368164062,865.2596435546875
1790789457.2183867,1,0,865.2596435546875,751.7560424804688,817.5552368164062,865.2596435546875
1790789457.2293608,1,0,865.2596435546875,751.7560424804688,817.5552368164062,865.2596435546875
1790789457.2408972,1,0,857.0347290039062,843.8749389648438,804.3953857421875,848.8098754882812
1790789457.2522204,1,0,878.4194946289062,764.9158325195312,819.2001953125,843.8749389648438
1790789457.263563,1,0,843.8749389648438,830.715087890625,802.7504272460938,855.3897705078125
1790789457.2746904,1,0,855.3897705078125,870.194580078125,815.9102783203125,845.5198974609375
1790789457.2860248,1,0,871.839599609375,870.194580078125,815.9102783203125,845.5198974609375
1790789457.2972047,1,0,866.9046630859375,817.5552368164062,819.2001953125,837.2949829101562
1790789457.3083856,1,0,866.9046630859375,817.5552368164062,819.2001953125,837.2949829101562
1790789457.3196876,1,0,866.9046630859375,817.5552368164062,819.2001953125,837.2949829101562
1790789457.331038,1,0,866.9046630859375,817.5552368164062,819.2001953125,837.2949829101562
1790789457.3420157,1,0,866.9046630859375,817.5552368164062,819.2001953125,837.2949829101562
1790789457.3536918,1,0,866.9046630859375,817.5552368164062,819.2001953125,837.2949829101562
1790789457.3643272,1,0,868.5496215820312,935.9938354492188,802.7504272460938,837.2949829101562
1790789457.375167,1,0,861.9697265625,843.8749389648438,814.2652587890625,853.7448120117188
1790789457.3864298,1,0,853.7448120117188,857.0347290039062,809.330322265625,842.2299194335938
1790789457.3977516,1,0,853.7448120117188,857.0347290039062,809.330322265625,842.2299194335938
1790789457.4089174,1,0,853.7448120117188,857.0347290039062,809.330322265625,842.2299194335938
1790789457.4202445,1,0,853.7448120117188,857.0347290039062,809.330322265625,842.2299194335938
1790789457.4311316,1,0,853.7448120117188,857.0347290039062,809.330322265625,842.2299194335938
1790789457.4422202,1,0,853.7448120117188,857.0347290039062,809.330322265625,842.2299194335938
1790789457.4540477,1,0,861.9697265625,830.715087890625,810.9752807617188,853.7448120117188
1790789457.4649644,1,0,857.0347290039062,870.194580078125,814.2652587890625,850.454833984375
1790789457.476538,1,0,853.7448120117188,896.5142822265625,804.3953857421875,860.32470703125
1790789457.4876497,1,0,852.0997924804688,883.3544311523438,817.5552368164062,834.0050048828125
1790789457.498599,1,0,853.7448120117188,843.8749389648438,812.6203002929688,845.5198974609375
1790789457.5097578,1,0,876.7745361328125,804.3953857421875,824.1351318359375,858.6797485351562
1790789457.520718,1,0,876.7745361328125,804.3953857421875,824.1351318359375,858.6797485351562
1790789457.5313637,1,0,876.7745361328125,804.3953857421875,824.1351318359375,858.6797485351562
1790789457.5426981,1,0,876.7745361328125,804.3953857421875,824.1351318359375,858.6797485351562
1790789457.5535557,1,0,876.7745361328125,804.3953857421875,824.1351318359375,858.6797485351562
1790789457.5645843,1,0,876.7745361328125,804.3953857421875,824.1351318359375,858.6797485351562
1790789457.576003,1,0,852.0997924804688,801.1054077148438,810.9752807617188,847.1648559570312
1790789457.5872016,1,0,860.32470703125,722.1463623046875,815.9102783203125,855.3897705078125
1790789457.5981197,1,0,852.0997924804688,801.1054077148438,815.9102783203125,843.8749389648438
1790789457.6093237,1,0,873.4845581054688,708.9865112304688,817.5552368164062,858.6797485351562
1790789457.6207767,1,0,861.9697265625,748.466064453125,834.0050048828125,855.3897705078125
1790789457.6317604,1,0,861.9697265625,748.466064453125,834.0050048828125,855.3897705078125
1790789457.642571,1,0,861.9697265625,748.466064453125,834.0050048828125,855.3897705078125
1790789457.6537325,1,0,861.9697265625,748.466064453125,834.0050048828125,855.3897705078125
1790789457.6648083,1,0,861.9697265625,748.466064453125,834.0050048828125,855.3897705078125
1790789457.6758852,1,0,847.1648559570312,748.466064453125,825.7801513671875,860.32470703125
1790789457.6869802,1,0,847.1648559570312,748.466064453125,825.7801513671875,860.32470703125
1790789457.6982884,1,0,843.8749389648438,801.1054077148438,802.7504272460938,835.6500244140625
1790789457.7093804,1,0,870.194580078125,682.6668701171875,825.7801513671875,858.6797485351562
1790789457.7208068,1,0,861.9697265625,814.2652587890625,806.0403442382812,847.1648559570312
1790789457.7321825,1,0,850.454833984375,866.9046630859375,799.46044921875,843.8749389648438
1790789457.743517,1,1,850.454833984375,866.9046630859375,799.46044921875,843.8749389648438
1790789457.7552128,1,1,850.454833984375,866.9046630859375,799.46044921875,843.8749389648438
1790789457.7659078,1,1,850.454833984375,866.9046630859375,799.46044921875,843.8749389648438
1790789457.7769134,1,1,850.454833984375,866.9046630859375,799.46044921875,843.8749389648438
1790789457.788237,1,1,850.454833984375,866.9046630859375,799.46044921875,843.8749389648438
1790789457.7997313,1,1,850.454833984375,866.9046630859375,799.46044921875,843.8749389648438
1790789457.811395,1,1,863.6146850585938,814.2652587890625,812.6203002929688,837.2949829101562
1790789457.8224423,1,1,852.0997924804688,814.2652587890625,819.2001953125,847.1648559570312
1790789457.833262,1,1,858.6797485351562,801.1054077148438,806.0403442382812,855.3897705078125
1790789457.8442125,1,1,845.5198974609375,880.064453125,806.0403442382812,830.715087890625
1790789457.8553975,1,1,845.5198974609375,880.064453125,806.0403442382812,830.715087890625
1790789457.8664763,1,1,845.5198974609375,880.064453125,806.0403442382812,830.715087890625
1790789457.878174,1,1,845.5198974609375,880.064453125,806.0403442382812,830.715087890625
1790789457.890162,1,1,845.5198974609375,880.064453125,806.0403442382812,830.715087890625
1790789457.9033926,1,1,845.5198974609375,880.064453125,806.0403442382812,830.715087890625
1790789457.914829,1,1,858.6797485351562,787.945556640625,825.7801513671875,855.3897705078125
1790789457.9259996,1,1,860.32470703125,801.1054077148438,834.0050048828125,861.9697265625
1790789457.9368868,1,1,853.7448120117188,880.064453125,807.6853637695312,855.3897705078125
1790789457.948309,1,1,843.8749389648438,761.6259155273438,817.5552368164062,843.8749389648438
1790789457.9597232,1,1,873.4845581054688,774.7857666015625,807.6853637695312,853.7448120117188
1790789457.9719799,1,1,873.4845581054688,774.7857666015625,807.6853637695312,853.7448120117188
1790789457.9837022,1,1,873.4845581054688,774.7857666015625,807.6853637695312,853.7448120117188
1790789457.9949484,1,1,873.4845581054688,774.7857666015625,807.6853637695312,853.7448120117188
1790789458.0060763,1,1,873.4845581054688,774.7857666015625,807.6853637695312,853.7448120117188
1790789458.0176837,1,1,873.4845581054688,774.7857666015625,807.6853637695312,853.7448120117188
1790789458.0290153,1,1,873.4845581054688,827.4251098632812,806.0403442382812,830.715087890625
1790789458.0402205,1,1,855.3897705078125,866.9046630859375,806.0403442382812,825.7801513671875
1790789458.0508788,1,1,876.7745361328125,735.3062133789062,817.5552368164062,857.0347290039062
1790789458.0618684,1,1,850.454833984375,820.84521484375,810.9752807617188,827.4251098632812
1790789458.0727692,1,1,871.839599609375,794.5255126953125,810.9752807617188,852.0997924804688
1790789458.0835872,1,1,858.6797485351562,899.8042602539062,812.6203002929688,840.5849609375
1790789458.0945504,1,1,848.8098754882812,873.4845581054688,820.84521484375,852.0997924804688
1790789458.105887,1,1,848.8098754882812,906.3841552734375,794.5255126953125,843.8749389648438
1790789458.1168232,1,1,850.454833984375,876.7745361328125,806.0403442382812,840.5849609375
1790789458.127735,1,1,850.454833984375,876.7745361328125,806.0403442382812,840.5849609375
1790789458.1385982,1,1,850.454833984375,876.7745361328125,806.0403442382812,840.5849609375
1790789458.1498888,1,1,850.454833984375,876.7745361328125,806.0403442382812,840.5849609375
1790789458.160824,1,1,850.454833984375,876.7745361328125,806.0403442382812,840.5849609375
1790789458.1720698,1,1,850.454833984375,876.7745361328125,806.0403442382812,840.5849609375
1790789458.1830568,1,1,868.5496215820312,896.5142822265625,824.1351318359375,863.6146850585938
1790789458.1940885,1,1,868.5496215820312,896.5142822265625,824.1351318359375,863.6146850585938
1790789458.2050679,1,1,853.7448120117188,995.213134765625,796.1704711914062,838.9400024414062
1790789458.2166307,1,1,853.7448120117188,995.213134765625,796.1704711914062,838.9400024414062
1790789458.2278428,1,1,853.7448120117188,995.213134765625,796.1704711914062,838.9400024414062
1790789458.2389183,1,1,853.7448120117188,995.213134765625,796.1704711914062,838.9400024414062
1790789458.2498484,1,1,853.7448120117188,995.213134765625,796.1704711914062,838.9400024414062
1790789458.261221,1,1,871.839599609375,889.9343872070312,824.1351318359375,838.9400024414062
1790789458.27205,1,1,884.9994506835938,830.715087890625,817.5552368164062,876.7745361328125
1790789458.2827723,1,1,847.1648559570312,962.3134765625,796.1704711914062,852.0997924804688
1790789458.293722,1,1,852.0997924804688,863.6146850585938,820.84521484375,855.3897705078125
1790789458.304865,1,1,835.6500244140625,935.9938354492188,809.330322265625,832.3600463867188
1790789458.3159292,1,1,838.9400024414062,935.9938354492188,806.0403442382812,848.8098754882812
1790789458.3272061,1,1,838.9400024414062,935.9938354492188,806.0403442382812,848.8098754882812
1790789458.3386235,1,1,838.9400024414062,935.9938354492188,806.0403442382812,848.8098754882812
1790789458.350049,1,1,838.9400024414062,935.9938354492188,806.0403442382812,848.8098754882812
1790789458.3609397,1,1,838.9400024414062,935.9938354492188,806.0403442382812,848.8098754882812
1790789458.3717463,1,1,842.2299194335938,909.6741333007812,810.9752807617188,837.2949829101562
1790789458.3825352,1,1,847.1648559570312,909.6741333007812,806.0403442382812,845.5198974609375
1790789458.393663,1,1,845.5198974609375,830.715087890625,847.1648559570312,847.1648559570312
1790789458.4047167,1,1,403.0201721191406,1324.209228515625,733.6612548828125,394.7952880859375
1790789458.4157376,1,0,403.0201721191406,1324.209228515625,733.6612548828125,394.7952880859375
1790789458.4269445,1,0,403.0201721191406,1324.209228515625,733.6612548828125,394.7952880859375
1790789458.4381497,1,0,403.0201721191406,1324.209228515625,733.6612548828125,394.7952880859375
1790789458.4490092,1,0,403.0201721191406,1324.209228515625,733.6612548828125,394.7952880859375
1790789458.4599347,1,0,403.0201721191406,1324.209228515625,733.6612548828125,394.7952880859375
1790789458.4706335,1,0,403.0201721191406,1324.209228515625,733.6612548828125,394.7952880859375
1790789458.4814866,1,0,320.77117919921875,1406.458251953125,756.6909790039062,302.6763916015625
1790789458.4933405,1,0,14.80482292175293,1617.015625,582.3230590820312,11.514862060546875
1790789458.5044088,1,0,24.674705505371094,1610.435791015625,1427.8428955078125,21.38474464416504
1790789458.5155375,1,0,36.18956756591797,1625.2406005859375,1625.2406005859375,37.83454895019531
1790789458.5266066,1,0,27.96466636657715,1618.66064453125,1682.81494140625,27.96466636657715
1790789458.5386705,1,0,29.60964584350586,1618.66064453125,1538.056640625,29.60964584350586
1790789458.5501983,1,0,24.674705505371094,1613.7257080078125,1521.6068115234375,24.674705505371094
1790789458.561299,1,0,24.674705505371094,1613.7257080078125,1521.6068115234375,24.674705505371094
1790789458.5724723,1,0,24.674705505371094,1613.7257080078125,1521.6068115234375,24.674705505371094
1790789458.583361,1,0,24.674705505371094,1613.7257080078125,1521.6068115234375,24.674705505371094
1790789458.594482,1,0,24.674705505371094,1613.7257080078125,1521.6068115234375,24.674705505371094
1790789458.6054013,1,0,24.674705505371094,1613.7257080078125,1521.6068115234375,24.674705505371094
1790789458.6171217,1,0,27.96466636657715,1615.3707275390625,1467.322509765625,27.96466636657715
1790789458.628494,1,0,27.96466636657715,1617.015625,1561.0863037109375,27.96466636657715
1790789458.6394136,1,0,26.319684982299805,1615.3707275390625,1534.7666015625,26.319684982299805
1790789458.6507173,1,0,432.62982177734375,1615.3707275390625,1087.33203125,411.2450866699219
1790789458.661677,1,0,1672.945068359375,365.1856384277344,1070.8822021484375,1651.560302734375
1790789458.6734607,1,0,1656.4952392578125,49.34941101074219,916.2540283203125,1638.400390625
1790789458.6847627,1,0,1648.270263671875,19.739763259887695,868.5496215820312,1656.4952392578125
1790789458.6960814,1,0,1653.2052001953125,41.124507904052734,723.7913208007812,1656.4952392578125
1790789458.7079132,1,0,1649.915283203125,18.094783782958984,708.9865112304688,1651.560302734375
1790789458.7190838,1,0,1649.915283203125,18.094783782958984,708.9865112304688,1651.560302734375
1790789458.7303395,1,0,1649.915283203125,18.094783782958984,708.9865112304688,1651.560302734375
1790789458.741059,1,0,1649.915283203125,18.094783782958984,708.9865112304688,1651.560302734375
1790789458.7525814,1,0,1649.915283203125,18.094783782958984,708.9865112304688,1651.560302734375
1790789458.7635539,1,0,1653.2052001953125,31.254627227783203,588.9029541015625,1649.915283203125
1790789458.7745688,1,0,1653.2052001953125,32.89960861206055,531.3286743164062,1653.2052001953125
1790789458.786169,1,0,1651.560302734375,29.60964584350586,551.0684204101562,1651.560302734375
1790789458.7971256,1,0,1572.6011962890625,29.60964584350586,580.6780395507812,1546.281494140625
1790789458.8080497,1,0,1427.8428955078125,29.60964584350586,662.9270629882812,1375.20361328125
1790789458.819304,1,0,1427.8428955078125,29.60964584350586,662.9270629882812,1375.20361328125
1790789458.8304574,1,0,1427.8428955078125,29.60964584350586,662.9270629882812,1375.20361328125
1790789458.8416288,1,0,1427.8428955078125,29.60964584350586,662.9270629882812,1375.20361328125
1790789458.852708,1,0,1427.8428955078125,29.60964584350586,662.9270629882812,1375.20361328125
1790789458.8635304,1,0,1427.8428955078125,29.60964584350586,662.9270629882812,1375.20361328125
1790789458.8747923,1,0,342.1559143066406,289.51654052734375,169.43296813964844,271.4217529296875
1790789458.8859644,1,0,161.20806884765625,894.8693237304688,116.7936019897461,60.86427307128906
1790789458.897215,1,0,157.91810607910156,1473.90234375,222.0723419189453,60.86427307128906
1790789458.9084933,1,0,161.20806884765625,1414.68310546875,458.94952392578125,59.21929168701172
1790789458.9194834,1,0,161.20806884765625,1414.68310546875,458.94952392578125,59.21929168701172
1790789458.9306366,1,0,161.20806884765625,1414.68310546875,458.94952392578125,59.21929168701172
1790789458.9419446,1,0,161.20806884765625,1414.68310546875,458.94952392578125,59.21929168701172
1790789458.9527972,1,0,161.20806884765625,1414.68310546875,458.94952392578125,59.21929168701172
1790789458.9644754,1,0,161.20806884765625,1414.68310546875,458.94952392578125,59.21929168701172
1790789458.9757586,1,0,154.62815856933594,723.7913208007812,1209.060546875,50.99439239501953
1790789458.9874213,1,0,156.27313232421875,1039.6275634765625,998.5030517578125,52.63936996459961
1790789458.9985614,1,0,156.27313232421875,302.6763916015625,1156.421142578125,52.63936996459961
1790789459.0095806,1,0,156.27313232421875,302.6763916015625,1156.421142578125,52.63936996459961
1790789459.0208492,1,0,156.27313232421875,302.6763916015625,1156.421142578125,52.63936996459961
1790789459.0319963,1,0,156.27313232421875,302.6763916015625,1156.421142578125,52.63936996459961
1790789459.0428877,1,0,156.27313232421875,302.6763916015625,1156.421142578125,52.63936996459961
1790789459.0552785,1,0,156.27313232421875,460.594482421875,959.0235595703125,52.63936996459961
1790789459.0664089,1,0,187.5277557373047,197.39764404296875,893.2243041992188,55.9293327331543
1790789459.0777154,1,0,192.46270751953125,513.23388671875,893.2243041992188,70.7341537475586
1790789459.0897822,1,0,278.0016784667969,328.9960632324219,1024.82275390625,110.21368408203125
1790789459.100723,1,0,528.0386962890625,644.832275390625,866.9046630859375,373.4105529785156
1790789459.1117666,1,0,481.979248046875,697.4716796875,840.5849609375,314.1912536621094
1790789459.1229167,1,0,495.1390686035156,750.1110229492188,840.5849609375,320.77117919921875
1790789459.1336205,1,0,495.1390686035156,750.1110229492188,840.5849609375,320.77117919921875
1790789459.1445913,1,0,495.1390686035156,750.1110229492188,840.5849609375,320.77117919921875
1790789459.1560032,1,0,495.1390686035156,750.1110229492188,840.5849609375,320.77117919921875
1790789459.1667476,1,0,495.1390686035156,750.1110229492188,840.5849609375,320.77117919921875
1790789459.1780417,1,0,495.1390686035156,750.1110229492188,840.5849609375,320.77117919921875
1790789459.1894257,1,0,495.1390686035156,750.1110229492188,840.5849609375,320.77117919921875
1790789459.200927,1,0,613.5776977539062,328.9960632324219,945.8637084960938,465.5294494628906
1790789459.2122288,1,0,560.9382934570312,750.1110229492188,863.6146850585938,360.2507019042969
1790789459.2230504,1,0,912.964111328125,921.18896484375,1130.1014404296875,741.8861083984375
1790789459.2338984,1,0,995.213134765625,657.9921264648438,1314.3392333984375,768.205810546875
1790789459.2452755,1,0,995.213134765625,657.9921264648438,1314.3392333984375,768.205810546875
1790789459.256741,1,0,995.213134765625,657.9921264648438,1314.3392333984375,768.205810546875
1790789459.2678645,1,0,1070.8822021484375,394.7952880859375,1373.55859375,807.6853637695312
1790789459.2788875,1,0,1271.56982421875,842.2299194335938,1357.1087646484375,991.9231567382812
1790789459.2902994,1,0,1682.81494140625,868.5496215820312,1584.1160888671875,1518.31689453125
1790789459.301343,1,0,1661.43017578125,134.8883819580078,1564.3763427734375,1664.7200927734375
1790789459.3124924,1,0,1646.6253662109375,611.9326782226562,1584.1160888671875,1641.6904296875
1790789459.3232994,1,0,1653.2052001953125,29.60964584350586,1495.287109375,1651.560302734375
1790789459.3343232,1,0,1654.8502197265625,42.76948928833008,1482.1273193359375,1653.2052001953125
1790789459.3460207,1,0,1654.8502197265625,42.76948928833008,1482.1273193359375,1653.2052001953125
1790789459.357314,1,0,1654.8502197265625,42.76948928833008,1482.1273193359375,1653.2052001953125
1790789459.3679948,1,0,1654.8502197265625,42.76948928833008,1482.1273193359375,1653.2052001953125
1790789459.3789964,1,0,1654.8502197265625,42.76948928833008,1482.1273193359375,1653.2052001953125
1790789459.3904307,1,0,1654.8502197265625,42.76948928833008,1482.1273193359375,1653.2052001953125
1790789459.4015079,1,0,1651.560302734375,16.449804306030273,1291.3095703125,1643.3353271484375
1790789459.4121559,1,0,1653.2052001953125,29.60964584350586,1205.7706298828125,1646.6253662109375
1790789459.4233012,1,0,1651.560302734375,21.38474464416504,1144.9063720703125,1643.3353271484375
1790789459.4344022,1,0,1651.560302734375,26.319684982299805,1042.91748046875,1644.9803466796875
1790789459.4454234,1,0,1547.926513671875,27.96466636657715,835.6500244140625,1551.2164306640625
1790789459.4563513,1,0,1393.29833984375,41.124507904052734,801.1054077148438,1409.7481689453125
1790789459.467892,1,0,1314.3392333984375,65.7992172241211,804.3953857421875,1322.564208984375
1790789459.4789875,1,0,1260.054931640625,120.08356475830078,797.8154907226562,1279.794677734375
1790789459.4903045,1,0,1181.0958251953125,291.1615295410156,791.2355346679688,1215.6405029296875
1790789459.5012453,1,0,1181.0958251953125,291.1615295410156,791.2355346679688,1215.6405029296875
1790789459.512372,1,0,1181.0958251953125,291.1615295410156,791.2355346679688,1215.6405029296875
1790789459.5232956,1,0,1181.0958251953125,291.1615295410156,791.2355346679688,1215.6405029296875
1790789459.534442,1,0,1181.0958251953125,291.1615295410156,791.2355346679688,1215.6405029296875
1790789459.5455234,1,0,1181.0958251953125,291.1615295410156,791.2355346679688,1215.6405029296875
1790789459.557002,1,0,1184.3858642578125,172.72293090820312,801.1054077148438,1202.4805908203125
1790789459.5681512,1,0,1090.6219482421875,317.481201171875,789.590576171875,1108.716796875
1790789459.5797603,1,0,1067.59228515625,343.8009033203125,789.590576171875,1056.077392578125
1790789459.590939,1,0,1067.59228515625,343.8009033203125,789.590576171875,1056.077392578125
1790789459.6020272,1,0,1018.2428588867188,396.4402770996094,783.0106201171875,1039.6275634765625
1790789459.6133244,1,0,998.5030517578125,422.75994873046875,783.0106201171875,1001.7930297851562
1790789459.6243484,1,0,1001.7930297851562,449.0796203613281,771.4957885742188,993.568115234375
1790789459.6357496,0,0,1001.7930297851562,449.0796203613281,771.4957885742188,993.568115234375
1790789459.6468503,0,0,1001.7930297851562,449.0796203613281,771.4957885742188,993.568115234375
1790789459.657985,0,0,1001.7930297851562,449.0796203613281,771.4957885742188,993.568115234375
1790789459.66879,0,0,970.5383911132812,379.9904479980469,810.9752807617188,993.568115234375
1790789459.6800244,0,0,970.5383911132812,389.8603515625,817.5552368164062,945.8637084960938
1790789459.6909423,0,0,944.2186889648438,564.228271484375,799.46044921875,917.8990478515625
1790789459.701475,0,0,916.2540283203125,564.228271484375,812.6203002929688,924.4789428710938
1790789459.7126982,0,0,916.2540283203125,564.228271484375,812.6203002929688,924.4789428710938
1790789459.7238743,0,0,916.2540283203125,564.228271484375,812.6203002929688,924.4789428710938
1790789459.7356603,0,0,916.2540283203125,564.228271484375,812.6203002929688,924.4789428710938
1790789459.7467408,0,0,916.2540283203125,564.228271484375,812.6203002929688,924.4789428710938
1790789459.7578282,0,0,916.2540283203125,564.228271484375,812.6203002929688,924.4789428710938
1790789459.7689342,0,0,916.2540283203125,564.228271484375,812.6203002929688,924.4789428710938
1790789459.7803357,0,0,916.2540283203125,537.9085693359375,809.330322265625,935.9938354492188
1790789459.7913804,0,0,834.0050048828125,774.7857666015625,804.3953857421875,878.4194946289062
1790789459.8024688,0,0,860.32470703125,695.82666015625,792.8805541992188,875.1295166015625
1790789459.813721,0,0,860.32470703125,695.82666015625,792.8805541992188,875.1295166015625
1790789459.8245656,0,0,860.32470703125,695.82666015625,792.8805541992188,875.1295166015625
1790789459.8354914,0,0,860.32470703125,695.82666015625,792.8805541992188,875.1295166015625
1790789459.8465135,0,0,860.32470703125,695.82666015625,792.8805541992188,875.1295166015625
1790789459.857926,0,0,860.32470703125,695.82666015625,792.8805541992188,875.1295166015625
1790789459.8688908,0,0,876.7745361328125,590.5479125976562,832.3600463867188,909.6741333007812
1790789459.8801854,0,0,875.1295166015625,643.1873168945312,820.84521484375,878.4194946289062
1790789459.8913908,0,0,858.6797485351562,794.5255126953125,820.84521484375,901.44921875
1790789459.9024317,0,0,861.9697265625,847.1648559570312,802.7504272460938,878.4194946289062
1790789459.9138463,0,0,870.194580078125,873.4845581054688,806.0403442382812,876.7745361328125
1790789459.9245718,0,0,857.0347290039062,952.443603515625,794.5255126953125,863.6146850585938
1790789459.9361117,0,0,857.0347290039062,952.443603515625,794.5255126953125,863.6146850585938
1790789459.947342,0,0,857.0347290039062,952.443603515625,794.5255126953125,863.6146850585938
1790789459.95837,0,0,857.0347290039062,952.443603515625,794.5255126953125,863.6146850585938
1790789459.9693623,0,0,857.0347290039062,952.443603515625,794.5255126953125,863.6146850585938
1790789459.98007,0,0,857.0347290039062,952.443603515625,794.5255126953125,863.6146850585938
1790789459.9911327,0,0,858.6797485351562,899.8042602539062,801.1054077148438,880.064453125
1790789460.0019495,0,0,855.3897705078125,978.7633056640625,784.6556396484375,850.454833984375
1790789460.0131826,0,0,891.579345703125,834.0050048828125,797.8154907226562,873.4845581054688
1790789460.0245554,0,0,855.3897705078125,912.964111328125,796.1704711914062,852.0997924804688
1790789460.0353396,0,0,855.3897705078125,912.964111328125,796.1704711914062,852.0997924804688
1790789460.0463383,0,0,855.3897705078125,912.964111328125,796.1704711914062,852.0997924804688
1790789460.0570412,0,0,855.3897705078125,912.964111328125,796.1704711914062,852.0997924804688
1790789460.0680993,0,0,855.3897705078125,912.964111328125,796.1704711914062,852.0997924804688
1790789460.0788288,0,0,855.3897705078125,912.964111328125,796.1704711914062,852.0997924804688
1790789460.089519,0,0,855.3897705078125,912.964111328125,796.1704711914062,852.0997924804688
1790789460.1011899,0,0,855.3897705078125,912.964111328125,796.1704711914062,852.0997924804688
1790789460.1125596,0,0,855.3897705078125,912.964111328125,796.1704711914062,852.0997924804688
1790789460.123733,0,0,858.6797485351562,781.3656616210938,791.2355346679688,876.7745361328125
1790789460.1344616,0,0,871.839599609375,860.32470703125,792.8805541992188,873.4845581054688
1790789460.145449,0,0,861.9697265625,820.84521484375,792.8805541992188,857.0347290039062
1790789460.1569355,0,0,855.3897705078125,820.84521484375,784.6556396484375,852.0997924804688
1790789460.1679306,0,0,866.9046630859375,768.205810546875,799.46044921875,861.9697265625
1790789460.1805167,0,0,866.9046630859375,689.2467651367188,812.6203002929688,873.4845581054688
1790789460.1918948,0,0,866.9046630859375,689.2467651367188,812.6203002929688,873.4845581054688
1790789460.2034025,0,0,866.9046630859375,689.2467651367188,812.6203002929688,873.4845581054688
1790789460.214491,0,0,866.9046630859375,689.2467651367188,812.6203002929688,873.4845581054688
1790789460.2260714,0,0,866.9046630859375,689.2467651367188,812.6203002929688,873.4845581054688
1790789460.2377915,0,0,866.9046630859375,689.2467651367188,812.6203002929688,873.4845581054688
1790789460.2490854,0,0,845.5198974609375,926.1239624023438,781.3656616210938,863.6146850585938
1790789460.2602904,0,0,870.194580078125,794.5255126953125,809.330322265625,880.064453125
1790789460.27146,0,0,870.194580078125,794.5255126953125,809.330322265625,880.064453125
1790789460.2826676,0,0,852.0997924804688,794.5255126953125,792.8805541992188,842.2299194335938
1790789460.293998,0,0,858.6797485351562,847.1648559570312,792.8805541992188,866.9046630859375
1790789460.3048992,0,0,870.194580078125,820.84521484375,787.945556640625,843.8749389648438
1790789460.3160355,0,0,866.9046630859375,741.8861083984375,809.330322265625,868.5496215820312
1790789460.3273659,0,0,866.9046630859375,741.8861083984375,809.330322265625,868.5496215820312
1790789460.3394287,0,0,875.1295166015625,794.5255126953125,797.8154907226562,868.5496215820312
1790789460.3507338,0,0,875.1295166015625,794.5255126953125,797.8154907226562,868.5496215820312
1790789460.3624105,0,0,875.1295166015625,794.5255126953125,797.8154907226562,868.5496215820312
1790789460.373593,0,0,875.1295166015625,794.5255126953125,797.8154907226562,868.5496215820312
1790789460.3849103,0,0,875.1295166015625,794.5255126953125,797.8154907226562,868.5496215820312
1790789460.3964362,0,0,878.4194946289062,662.9270629882812,794.5255126953125,880.064453125
1790789460.4075966,0,0,847.1648559570312,794.5255126953125,783.0106201171875,837.2949829101562
1790789460.4187996,0,0,847.1648559570312,794.5255126953125,783.0106201171875,837.2949829101562
1790789460.4302218,0,0,847.1648559570312,794.5255126953125,783.0106201171875,837.2949829101562
1790789460.441628,0,0,847.1648559570312,794.5255126953125,783.0106201171875,837.2949829101562
1790789460.453167,0,0,847.1648559570312,794.5255126953125,783.0106201171875,837.2949829101562
1790789460.4641619,0,0,847.1648559570312,794.5255126953125,783.0106201171875,837.2949829101562
1790789460.4751008,0,0,860.32470703125,820.84521484375,781.3656616210938,842.2299194335938
1790789460.4865105,0,0,884.9994506835938,630.0274658203125,807.6853637695312,876.7745361328125
1790789460.4973726,0,0,884.9994506835938,630.0274658203125,807.6853637695312,876.7745361328125
1790789460.5086882,0,0,868.5496215820312,761.6259155273438,794.5255126953125,853.7448120117188
1790789460.5199542,0,0,858.6797485351562,866.9046630859375,774.7857666015625,822.4901733398438
1790789460.531286,0,0,860.32470703125,735.3062133789062,787.945556640625,857.0347290039062
1790789460.5428133,0,0,871.839599609375,682.6668701171875,799.46044921875,865.2596435546875
1790789460.5540028,0,0,873.4845581054688,590.5479125976562,804.3953857421875,863.6146850585938
1790789460.5651302,0,0,873.4845581054688,590.5479125976562,804.3953857421875,863.6146850585938
1790789460.5768318,0,0,873.4845581054688,590.5479125976562,804.3953857421875,863.6146850585938
1790789460.588473,0,0,873.4845581054688,590.5479125976562,804.3953857421875,863.6146850585938
1790789460.59961,0,0,873.4845581054688,590.5479125976562,804.3953857421875,863.6146850585938
1790789460.6103427,0,0,873.4845581054688,590.5479125976562,804.3953857421875,863.6146850585938
1790789460.6218681,0,0,873.4845581054688,590.5479125976562,804.3953857421875,863.6146850585938
1790789460.6331024,0,0,850.454833984375,735.3062133789062,773.1407470703125,832.3600463867188
1790789460.6444085,0,0,852.0997924804688,708.9865112304688,784.6556396484375,850.454833984375
1790789460.6556828,0,0,865.2596435546875,669.5070190429688,791.2355346679688,857.0347290039062
1790789460.6668043,0,0,876.7745361328125,643.1873168945312,806.0403442382812,876.7745361328125
1790789460.6779032,0,0,850.454833984375,853.7448120117188,773.1407470703125,837.2949829101562
1790789460.688584,0,0,884.9994506835938,669.5070190429688,806.0403442382812,861.9697265625
1790789460.6998174,0,0,884.9994506835938,669.5070190429688,806.0403442382812,861.9697265625
1790789460.7114835,0,0,884.9994506835938,669.5070190429688,806.0403442382812,861.9697265625
1790789460.7294981,0,0,884.9994506835938,669.5070190429688,806.0403442382812,861.9697265625
1790789460.740614,0,0,886.6444091796875,801.1054077148438,799.46044921875,870.194580078125
1790789460.7516053,0,0,861.9697265625,906.3841552734375,776.4307250976562,866.9046630859375
1790789460.763147,0,0,865.2596435546875,959.0235595703125,789.590576171875,834.0050048828125
1790789460.7745955,0,0,857.0347290039062,1011.6629028320312,784.6556396484375,827.4251098632812
1790789460.7862105,0,1,857.0347290039062,1011.6629028320312,784.6556396484375,827.4251098632812
1790789460.7973309,0,1,857.0347290039062,1011.6629028320312,784.6556396484375,827.4251098632812
1790789460.8085291,0,1,857.0347290039062,1011.6629028320312,784.6556396484375,827.4251098632812
1790789460.8200831,0,1,857.0347290039062,1011.6629028320312,784.6556396484375,827.4251098632812
1790789460.8307128,0,1,868.5496215820312,919.5440063476562,787.945556640625,843.8749389648438
1790789460.8415897,0,1,866.9046630859375,945.8637084960938,796.1704711914062,838.9400024414062
1790789460.8525546,0,1,848.8098754882812,932.703857421875,786.3005981445312,840.5849609375
1790789460.8633752,0,1,861.9697265625,919.5440063476562,778.07568359375,852.0997924804688
1790789460.8751843,0,1,850.454833984375,959.0235595703125,779.720703125,853.7448120117188
1790789460.8865566,0,1,871.839599609375,880.064453125,787.945556640625,868.5496215820312
1790789460.897681,0,1,857.0347290039062,1011.6629028320312,789.590576171875,848.8098754882812
1790789460.908276,0,1,857.0347290039062,1011.6629028320312,789.590576171875,848.8098754882812
1790789460.9192297,0,1,857.0347290039062,1011.6629028320312,789.590576171875,848.8098754882812
1790789460.9307234,0,1,857.0347290039062,1011.6629028320312,789.590576171875,848.8098754882812
1790789460.9420617,0,1,857.0347290039062,1011.6629028320312,789.590576171875,848.8098754882812
1790789460.952762,0,1,857.0347290039062,1011.6629028320312,789.590576171875,848.8098754882812
1790789460.9640896,0,1,857.0347290039062,1011.6629028320312,789.590576171875,848.8098754882812
1790789460.975267,0,1,857.0347290039062,1011.6629028320312,789.590576171875,848.8098754882812
1790789460.986335,0,1,866.9046630859375,1018.2428588867188,784.6556396484375,865.2596435546875
1790789460.9974074,0,1,863.6146850585938,1070.8822021484375,773.1407470703125,838.9400024414062
1790789461.0086527,0,1,845.5198974609375,1077.462158203125,773.1407470703125,837.2949829101562
1790789461.0195816,0,1,845.5198974609375,1077.462158203125,773.1407470703125,837.2949829101562
1790789461.0305765,0,1,845.5198974609375,1077.462158203125,773.1407470703125,837.2949829101562
1790789461.041846,0,1,845.5198974609375,1077.462158203125,773.1407470703125,837.2949829101562
1790789461.0526543,0,1,845.5198974609375,1077.462158203125,773.1407470703125,837.2949829101562
1790789461.0637655,1,1,845.5198974609375,1077.462158203125,773.1407470703125,837.2949829101562
1790789461.075146,1,1,853.7448120117188,991.9231567382812,796.1704711914062,842.2299194335938
1790789461.0859222,1,1,865.2596435546875,985.3432006835938,801.1054077148438,853.7448120117188
1790789461.0970266,1,1,873.4845581054688,695.82666015625,787.945556640625,863.6146850585938
1790789461.1082451,1,1,852.0997924804688,801.1054077148438,783.0106201171875,832.3600463867188
1790789461.1194336,1,1,858.6797485351562,853.7448120117188,786.3005981445312,827.4251098632812
1790789461.1306689,1,1,863.6146850585938,774.7857666015625,792.8805541992188,843.8749389648438
1790789461.141832,1,1,865.2596435546875,814.2652587890625,783.0106201171875,843.8749389648438
1790789461.1525376,1,0,865.2596435546875,814.2652587890625,783.0106201171875,843.8749389648438
1790789461.163715,1,0,865.2596435546875,814.2652587890625,783.0106201171875,843.8749389648438
1790789461.1752067,1,0,865.2596435546875,814.2652587890625,783.0106201171875,843.8749389648438
1790789461.1861506,1,0,865.2596435546875,814.2652587890625,783.0106201171875,843.8749389648438
1790789461.197447,1,0,865.2596435546875,814.2652587890625,783.0106201171875,843.8749389648438
1790789461.2082691,1,0,845.5198974609375,708.9865112304688,802.7504272460938,855.3897705078125
1790789461.219618,1,0,863.6146850585938,748.466064453125,796.1704711914062,850.454833984375
1790789461.2310786,1,0,866.9046630859375,774.7857666015625,789.590576171875,840.5849609375
1790789461.2425227,1,0,866.9046630859375,774.7857666015625,789.590576171875,840.5849609375
1790789461.2537837,1,0,866.9046630859375,774.7857666015625,789.590576171875,840.5849609375
1790789461.264963,1,0,866.9046630859375,774.7857666015625,789.590576171875,840.5849609375
1790789461.2761204,1,0,866.9046630859375,774.7857666015625,789.590576171875,840.5849609375
1790789461.2877486,1,0,866.9046630859375,774.7857666015625,789.590576171875,840.5849609375
1790789461.2985566,1,0,866.9046630859375,774.7857666015625,789.590576171875,840.5849609375
1790789461.3097749,1,0,866.9046630859375,801.1054077148438,792.8805541992188,853.7448120117188
1790789461.320722,1,0,870.194580078125,748.466064453125,794.5255126953125,852.0997924804688
1790789461.3313391,1,0,875.1295166015625,774.7857666015625,776.4307250976562,850.454833984375
1790789461.3429587,1,0,871.839599609375,827.4251098632812,794.5255126953125,863.6146850585938
1790789461.354368,1,0,865.2596435546875,853.7448120117188,787.945556640625,843.8749389648438
1790789461.3656,1,0,898.1592407226562,748.466064453125,802.7504272460938,853.7448120117188
1790789461.376974,1,0,866.9046630859375,893.2243041992188,783.0106201171875,837.2949829101562
1790789461.3886821,1,0,866.9046630859375,840.5849609375,792.8805541992188,842.2299194335938
1790789461.3998253,1,0,866.9046630859375,840.5849609375,792.8805541992188,842.2299194335938
1790789461.4113183,1,0,866.9046630859375,840.5849609375,792.8805541992188,842.2299194335938
1790789461.4235997,1,0,866.9046630859375,840.5849609375,792.8805541992188,842.2299194335938
1790789461.4350839,1,0,866.9046630859375,840.5849609375,792.8805541992188,842.2299194335938
1790789461.4464898,1,0,866.9046630859375,840.5849609375,792.8805541992188,842.2299194335938
1790789461.4579895,1,0,850.454833984375,853.7448120117188,796.1704711914062,843.8749389648438
1790789461.4687636,1,0,848.8098754882812,880.064453125,794.5255126953125,845.5198974609375
1790789461.4798317,1,0,873.4845581054688,801.1054077148438,801.1054077148438,860.32470703125
1790789461.4909823,1,0,847.1648559570312,827.4251098632812,792.8805541992188,843.8749389648438
1790789461.502226,1,0,861.9697265625,774.7857666015625,792.8805541992188,855.3897705078125
1790789461.5133097,1,0,861.9697265625,774.7857666015625,792.8805541992188,855.3897705078125
1790789461.5244095,1,0,861.9697265625,774.7857666015625,792.8805541992188,855.3897705078125
1790789461.535339,1,0,861.9697265625,774.7857666015625,792.8805541992188,855.3897705078125
1790789461.5463743,1,0,861.9697265625,774.7857666015625,792.8805541992188,855.3897705078125
1790789461.5577939,1,0,861.9697265625,774.7857666015625,792.8805541992188,855.3897705078125
1790789461.5688958,1,0,861.9697265625,774.7857666015625,792.8805541992188,855.3897705078125
1790789461.580353,1,0,861.9697265625,827.4251098632812,778.07568359375,838.9400024414062
1790789461.5919127,1,0,847.1648559570312,774.7857666015625,796.1704711914062,857.0347290039062
1790789461.602907,1,0,848.8098754882812,827.4251098632812,794.5255126953125,840.5849609375
1790789461.6139994,1,0,848.8098754882812,827.4251098632812,794.5255126953125,840.5849609375
1790789461.6252494,1,0,848.8098754882812,827.4251098632812,794.5255126953125,840.5849609375
1790789461.6363099,1,0,848.8098754882812,827.4251098632812,794.5255126953125,840.5849609375
1790789461.6475465,1,0,848.8098754882812,827.4251098632812,794.5255126953125,840.5849609375
1790789461.658832,1,0,848.8098754882812,827.4251098632812,794.5255126953125,840.5849609375
1790789461.6704335,1,0,870.194580078125,827.4251098632812,789.590576171875,848.8098754882812
1790789461.6815126,1,0,843.8749389648438,820.84521484375,799.46044921875,847.1648559570312
1790789461.6922336,1,0,873.4845581054688,715.5664672851562,804.3953857421875,861.9697265625
1790789461.703595,1,0,873.4845581054688,715.5664672851562,804.3953857421875,861.9697265625
1790789461.715094,1,0,873.4845581054688,715.5664672851562,804.3953857421875,861.9697265625
1790789461.7257688,1,0,873.4845581054688,715.5664672851562,804.3953857421875,861.9697265625
1790789461.7369263,1,0,873.4845581054688,715.5664672851562,804.3953857421875,861.9697265625
1790789461.7488272,1,0,873.4845581054688,715.5664672851562,804.3953857421875,861.9697265625
1790789461.7597246,1,0,873.4845581054688,715.5664672851562,804.3953857421875,861.9697265625
1790789461.7710679,1,0,840.5849609375,794.5255126953125,797.8154907226562,855.3897705078125
1790789461.7824798,1,0,840.5849609375,899.8042602539062,783.0106201171875,837.2949829101562
1790789461.7940376,1,0,852.0997924804688,899.8042602539062,778.07568359375,837.2949829101562
1790789461.8051293,1,0,850.454833984375,926.1239624023438,796.1704711914062,855.3897705078125
1790789461.816191,1,0,843.8749389648438,952.443603515625,784.6556396484375,829.070068359375
1790789461.8278203,1,0,853.7448120117188,847.1648559570312,792.8805541992188,853.7448120117188
1790789461.839842,1,1,853.7448120117188,847.1648559570312,792.8805541992188,853.7448120117188
1790789461.8514743,1,1,853.7448120117188,847.1648559570312,792.8805541992188,853.7448120117188
1790789461.8627734,1,1,853.7448120117188,847.1648559570312,792.8805541992188,853.7448120117188
1790789461.8736548,1,1,853.7448120117188,847.1648559570312,792.8805541992188,853.7448120117188
1790789461.8847156,1,1,853.7448120117188,847.1648559570312,792.8805541992188,853.7448120117188
1790789461.8957496,1,1,840.5849609375,952.443603515625,786.3005981445312,834.0050048828125
1790789461.9071145,1,1,852.0997924804688,847.1648559570312,787.945556640625,847.1648559570312
1790789461.9181056,1,1,825.7801513671875,926.1239624023438,779.720703125,820.84521484375
1790789461.9294615,1,1,843.8749389648438,899.8042602539062,796.1704711914062,848.8098754882812
1790789461.941082,1,1,857.0347290039062,873.4845581054688,794.5255126953125,850.454833984375
1790789461.9521658,1,1,860.32470703125,899.8042602539062,787.945556640625,850.454833984375
1790789461.9634752,1,1,875.1295166015625,741.8861083984375,822.4901733398438,878.4194946289062
1790789461.9744537,1,1,832.3600463867188,952.443603515625,781.3656616210938,843.8749389648438
1790789461.9858212,1,1,842.2299194335938,787.945556640625,789.590576171875,868.5496215820312
1790789461.9972286,1,1,850.454833984375,853.7448120117188,799.46044921875,866.9046630859375
1790789462.008161,1,0,850.454833984375,853.7448120117188,799.46044921875,866.9046630859375
1790789462.0191052,1,0,850.454833984375,853.7448120117188,799.46044921875,866.9046630859375
1790789462.0301204,1,0,850.454833984375,853.7448120117188,799.46044921875,866.9046630859375
1790789462.0411565,1,0,850.454833984375,853.7448120117188,799.46044921875,866.9046630859375
1790789462.0534818,1,0,850.454833984375,853.7448120117188,799.46044921875,866.9046630859375
1790789462.0649464,1,0,853.7448120117188,873.4845581054688,801.1054077148438,860.32470703125
1790789462.0762477,1,0,852.0997924804688,893.2243041992188,799.46044921875,853.7448120117188
1790789462.0877938,1,0,853.7448120117188,945.8637084960938,786.3005981445312,835.6500244140625
1790789462.0987284,1,0,870.194580078125,893.2243041992188,804.3953857421875,868.5496215820312
1790789462.1104078,1,0,858.6797485351562,932.703857421875,796.1704711914062,848.8098754882812
1790789462.1217673,1,0,858.6797485351562,932.703857421875,796.1704711914062,848.8098754882812
1790789462.13322,1,0,858.6797485351562,932.703857421875,796.1704711914062,848.8098754882812
1790789462.1440768,1,0,858.6797485351562,932.703857421875,796.1704711914062,848.8098754882812
1790789462.1551883,1,0,858.6797485351562,932.703857421875,796.1704711914062,848.8098754882812
1790789462.1666973,1,0,855.3897705078125,893.2243041992188,799.46044921875,850.454833984375
1790789462.177776,1,0,814.2652587890625,965.6034545898438,829.070068359375,804.3953857421875
1790789462.1890788,1,0,666.217041015625,1123.5216064453125,860.32470703125,653.0571899414062
1790789462.200323,1,0,736.951171875,940.9287719726562,761.6259155273438,700.7615966796875
1790789462.2114527,1,0,736.951171875,940.9287719726562,761.6259155273438,700.7615966796875
1790789462.2225447,1,0,736.951171875,940.9287719726562,761.6259155273438,700.7615966796875
1790789462.2334783,1,0,736.951171875,940.9287719726562,761.6259155273438,700.7615966796875
1790789462.244275,1,0,736.951171875,940.9287719726562,761.6259155273438,700.7615966796875
1790789462.2552357,1,0,736.951171875,940.9287719726562,761.6259155273438,700.7615966796875
1790789462.2667391,1,0,736.951171875,940.9287719726562,761.6259155273438,700.7615966796875
1790789462.2780972,1,0,180.9478302001953,1566.021240234375,1414.68310546875,70.7341537475586
1790789462.2893279,1,0,159.56309509277344,1585.7611083984375,1582.4710693359375,47.704429626464844
1790789462.3005068,1,0,159.56309509277344,1585.7611083984375,1582.4710693359375,47.704429626464844
1790789462.3121362,1,0,159.56309509277344,1585.7611083984375,1582.4710693359375,47.704429626464844
1790789462.3233316,1,0,159.56309509277344,1585.7611083984375,1582.4710693359375,47.704429626464844
1790789462.3342247,1,0,159.56309509277344,1585.7611083984375,1582.4710693359375,47.704429626464844
1790789462.345269,1,0,159.56309509277344,1585.7611083984375,1582.4710693359375,47.704429626464844
1790789462.357298,1,0,179.3028564453125,1577.5361328125,1495.287109375,52.63936996459961
1790789462.3688693,1,0,184.23779296875,1564.3763427734375,1460.7425537109375,54.28435134887695
1790789462.381164,1,0,182.5928192138672,1567.666259765625,1212.3504638671875,54.28435134887695
1790789462.3926792,1,0,791.2355346679688,1567.666259765625,1049.4974365234375,531.3286743164062
1790789462.404132,1,0,791.2355346679688,1567.666259765625,1049.4974365234375,531.3286743164062
1790789462.4153883,1,0,791.2355346679688,1567.666259765625,1049.4974365234375,531.3286743164062
1790789462.4262662,1,0,791.2355346679688,1567.666259765625,1049.4974365234375,531.3286743164062
1790789462.4371994,1,0,791.2355346679688,1567.666259765625,1049.4974365234375,531.3286743164062
1790789462.4483664,1,0,791.2355346679688,1567.666259765625,1049.4974365234375,531.3286743164062
1790789462.459145,1,0,791.2355346679688,1567.666259765625,1049.4974365234375,531.3286743164062
1790789462.4703057,1,0,1485.417236328125,1567.666259765625,1087.33203125,1213.9954833984375
1790789462.4812398,1,0,1682.81494140625,1059.3673095703125,1271.56982421875,1635.1104736328125
1790789462.4926689,1,0,1682.81494140625,1059.3673095703125,1271.56982421875,1635.1104736328125
1790789462.503977,1,0,1663.0750732421875,11.514862060546875,1324.209228515625,1651.560302734375
1790789462.5150151,1,0,1664.7200927734375,24.674705505371094,820.84521484375,1664.7200927734375
1790789462.5260055,1,0,1664.7200927734375,24.674705505371094,820.84521484375,1664.7200927734375
1790789462.537284,1,0,1664.7200927734375,24.674705505371094,820.84521484375,1664.7200927734375
1790789462.547982,1,0,1664.7200927734375,24.674705505371094,820.84521484375,1664.7200927734375
1790789462.559208,1,0,1664.7200927734375,24.674705505371094,820.84521484375,1664.7200927734375
1790789462.5701356,1,0,1664.7200927734375,24.674705505371094,820.84521484375,1664.7200927734375
1790789462.5810347,1,0,1664.7200927734375,24.674705505371094,820.84521484375,1664.7200927734375
1790789462.5969484,1,0,1664.7200927734375,24.674705505371094,820.84521484375,1664.7200927734375
1790789462.6098754,1,0,1664.7200927734375,24.674705505371094,820.84521484375,1664.7200927734375
1790789462.623753,1,0,1664.7200927734375,24.674705505371094,820.84521484375,1664.7200927734375
1790789462.63858,1,0,1664.7200927734375,24.674705505371094,820.84521484375,1664.7200927734375
1790789462.6496396,1,0,1666.3651123046875,24.674705505371094,644.832275390625,1664.7200927734375
1790789462.6622198,1,0,1664.7200927734375,29.60964584350586,727.081298828125,1663.0750732421875
1790789462.6732597,1,0,1664.7200927734375,27.96466636657715,692.5367431640625,1663.0750732421875
1790789462.684622,1,0,1643.3353271484375,27.96466636657715,690.8917236328125,1630.175537109375
1790789462.696824,1,0,1597.27587890625,26.319684982299805,692.5367431640625,1590.696044921875
1790789462.710303,1,0,1393.29833984375,27.96466636657715,713.9214477539062,1391.6533203125
1790789462.7221155,1,0,1393.29833984375,27.96466636657715,713.9214477539062,1391.6533203125
1790789462.7335,1,0,1393.29833984375,27.96466636657715,713.9214477539062,1391.6533203125
1790789462.7447922,1,0,1393.29833984375,27.96466636657715,713.9214477539062,1391.6533203125
1790789462.756019,1,0,1393.29833984375,27.96466636657715,713.9214477539062,1391.6533203125
1790789462.7676961,1,0,1182.7408447265625,27.96466636657715,717.21142578125,1116.941650390625
1790789462.7789097,1,0,490.2041320800781,1478.8372802734375,1098.846923828125,352.0257873535156
1790789462.789938,1,0,455.6595458984375,1450.8726806640625,1419.6180419921875,302.6763916015625
1790789462.8016908,1,0,0.0,1653.2052001953125,1084.0419921875,31.254627227783203
1790789462.8134062,1,0,0.0,1653.2052001953125,1084.0419921875,31.254627227783203
1790789462.8246815,1,0,0.0,1653.2052001953125,1084.0419921875,31.254627227783203
1790789462.8360054,1,0,0.0,1653.2052001953125,1084.0419921875,31.254627227783203
1790789462.8470604,1,0,105.27873992919922,1653.2052001953125,972.1834106445312,41.124507904052734
1790789462.858323,1,0,684.3118286132812,1633.4654541015625,853.7448120117188,755.0459594726562
1790789462.8698514,1,0,835.6500244140625,1541.3465576171875,870.194580078125,911.319091796875
1790789462.8808546,1,0,1233.7352294921875,949.1536865234375,944.2186889648438,1314.3392333984375
1790789462.8922782,1,0,1477.1923828125,54.28435134887695,1108.716796875,1663.0750732421875
1790789462.903446,1,0,1477.1923828125,54.28435134887695,1108.716796875,1663.0750732421875
1790789462.9144845,1,0,1477.1923828125,54.28435134887695,1108.716796875,1663.0750732421875
1790789462.9253888,1,0,1477.1923828125,54.28435134887695,1108.716796875,1663.0750732421875
1790789462.9365385,1,0,1477.1923828125,54.28435134887695,1108.716796875,1663.0750732421875
1790789462.947296,1,0,1468.9674072265625,55.9293327331543,825.7801513671875,1654.8502197265625
1790789462.9583318,1,0,1467.322509765625,54.28435134887695,700.7615966796875,1653.2052001953125
1790789462.9693613,1,0,1393.29833984375,55.9293327331543,662.9270629882812,1582.4710693359375
1790789462.9810238,1,0,1393.29833984375,55.9293327331543,662.9270629882812,1582.4710693359375
1790789462.9919493,1,0,1393.29833984375,55.9293327331543,662.9270629882812,1582.4710693359375
1790789463.0030837,1,0,1393.29833984375,55.9293327331543,662.9270629882812,1582.4710693359375
1790789463.0143268,1,0,1393.29833984375,55.9293327331543,662.9270629882812,1582.4710693359375
1790789463.0255227,1,0,1393.29833984375,55.9293327331543,662.9270629882812,1582.4710693359375
1790789463.0370874,1,0,1386.7183837890625,59.21929168701172,674.4419555664062,1577.5361328125
1790789463.0480464,1,0,1260.054931640625,55.9293327331543,643.1873168945312,1455.8076171875
1790789463.0591006,1,0,1164.6461181640625,57.574310302734375,643.1873168945312,1339.0140380859375
1790789463.070018,1,0,1062.6573486328125,57.574310302734375,653.0571899414062,1245.2501220703125
1790789463.0813646,1,0,1046.20751953125,57.574310302734375,657.9921264648438,1232.09033203125
1790789463.0926952,1,0,973.828369140625,57.574310302734375,671.1519775390625,1174.5159912109375
1790789463.1033714,1,0,973.828369140625,57.574310302734375,671.1519775390625,1174.5159912109375
1790789463.114542,1,0,973.828369140625,57.574310302734375,671.1519775390625,1174.5159912109375
1790789463.1263616,1,0,973.828369140625,57.574310302734375,671.1519775390625,1174.5159912109375
1790789463.1375797,1,0,973.828369140625,57.574310302734375,671.1519775390625,1174.5159912109375
1790789463.1486158,1,0,973.828369140625,57.574310302734375,671.1519775390625,1174.5159912109375
1790789463.1597452,1,0,973.828369140625,57.574310302734375,671.1519775390625,1174.5159912109375
1790789463.1711428,1,0,863.6146850585938,59.21929168701172,699.1166381835938,1031.4027099609375
1790789463.1823254,1,0,820.84521484375,146.4032440185547,697.4716796875,1010.0179443359375
1790789463.1937718,1,0,794.5255126953125,128.3084716796875,733.6612548828125,983.6982421875
1790789463.204969,1,0,794.5255126953125,128.3084716796875,733.6612548828125,983.6982421875
1790789463.2163,1,0,794.5255126953125,128.3084716796875,733.6612548828125,983.6982421875
1790789463.2270098,1,0,794.5255126953125,128.3084716796875,733.6612548828125,983.6982421875
1790789463.2377806,1,0,794.5255126953125,128.3084716796875,733.6612548828125,983.6982421875
1790789463.2484846,1,0,794.5255126953125,128.3084716796875,733.6612548828125,983.6982421875
1790789463.2595944,1,0,794.5255126953125,128.3084716796875,733.6612548828125,983.6982421875
1790789463.2716026,1,0,792.8805541992188,269.7767639160156,732.0162353515625,967.2484130859375
1790789463.2828355,0,0,733.6612548828125,467.1744079589844,761.6259155273438,931.0588989257812
1790789463.2936904,0,0,718.8563842773438,388.2153625488281,774.7857666015625,926.1239624023438
1790789463.3049269,0,0,718.8563842773438,388.2153625488281,774.7857666015625,926.1239624023438
1790789463.316399,0,0,718.8563842773438,388.2153625488281,774.7857666015625,926.1239624023438
1790789463.327726,0,0,718.8563842773438,388.2153625488281,774.7857666015625,926.1239624023438
1790789463.3384197,0,0,718.8563842773438,388.2153625488281,774.7857666015625,926.1239624023438
1790789463.3494763,0,0,718.8563842773438,388.2153625488281,774.7857666015625,926.1239624023438
1790789463.3605225,0,0,718.8563842773438,388.2153625488281,774.7857666015625,926.1239624023438
1790789463.3713865,0,0,718.8563842773438,388.2153625488281,774.7857666015625,926.1239624023438
1790789463.3820918,0,0,720.5014038085938,506.6539306640625,758.3359375,914.6090698242188
1790789463.3929799,0,0,715.5664672851562,532.9736328125,773.1407470703125,889.9343872070312
1790789463.4043188,0,0,881.70947265625,575.7431030273438,774.7857666015625,891.579345703125
1790789463.4155693,0,0,880.064453125,615.22265625,764.9158325195312,880.064453125
1790789463.4273503,0,0,880.064453125,615.22265625,764.9158325195312,880.064453125
1790789463.4383543,0,0,880.064453125,615.22265625,764.9158325195312,880.064453125
1790789463.44903,0,0,880.064453125,615.22265625,764.9158325195312,880.064453125
1790789463.4605072,0,0,880.064453125,615.22265625,764.9158325195312,880.064453125
1790789463.471721,0,0,880.064453125,615.22265625,764.9158325195312,880.064453125
1790789463.4831345,0,0,889.9343872070312,523.103759765625,787.945556640625,888.2893676757812
1790789463.4941876,0,0,888.2893676757812,608.6427001953125,774.7857666015625,861.9697265625
1790789463.5050557,0,0,893.2243041992188,546.1334838867188,781.3656616210938,889.9343872070312
1790789463.5161023,0,0,855.3897705078125,618.5126342773438,774.7857666015625,865.2596435546875
1790789463.5272524,0,0,881.70947265625,674.4419555664062,778.07568359375,884.9994506835938
1790789463.5384357,0,0,840.5849609375,779.720703125,774.7857666015625,860.32470703125
1790789463.549638,0,0,873.4845581054688,700.7615966796875,791.2355346679688,876.7745361328125
1790789463.5605483,0,0,873.4845581054688,700.7615966796875,791.2355346679688,876.7745361328125
1790789463.5716908,0,0,853.7448120117188,621.8025512695312,789.590576171875,868.5496215820312
1790789463.5826707,0,0,855.3897705078125,700.7615966796875,783.0106201171875,861.9697265625
1790789463.5939727,0,0,855.3897705078125,700.7615966796875,783.0106201171875,861.9697265625
1790789463.6049361,0,0,855.3897705078125,700.7615966796875,783.0106201171875,861.9697265625
1790789463.6157124,0,0,855.3897705078125,700.7615966796875,783.0106201171875,861.9697265625
1790789463.6271734,0,0,855.3897705078125,700.7615966796875,783.0106201171875,861.9697265625
1790789463.6387372,0,0,855.3897705078125,700.7615966796875,783.0106201171875,861.9697265625
1790789463.650062,0,0,878.4194946289062,648.1222534179688,783.0106201171875,875.1295166015625
1790789463.6612935,0,0,858.6797485351562,648.1222534179688,783.0106201171875,852.0997924804688
1790789463.6726258,0,0,855.3897705078125,648.1222534179688,755.0459594726562,868.5496215820312
1790789463.6837356,0,0,865.2596435546875,674.4419555664062,781.3656616210938,845.5198974609375
1790789463.695394,0,0,880.064453125,582.3230590820312,796.1704711914062,857.0347290039062
1790789463.7067153,0,0,860.32470703125,608.6427001953125,799.46044921875,852.0997924804688
1790789463.717578,0,0,860.32470703125,608.6427001953125,799.46044921875,852.0997924804688
1790789463.7289438,0,0,860.32470703125,608.6427001953125,799.46044921875,852.0997924804688
1790789463.7408445,0,0,860.32470703125,608.6427001953125,799.46044921875,852.0997924804688
1790789463.7526464,0,0,860.32470703125,608.6427001953125,799.46044921875,852.0997924804688
1790789463.7640417,0,0,858.6797485351562,713.9214477539062,779.720703125,860.32470703125
1790789463.7751434,0,0,848.8098754882812,740.2411499023438,779.720703125,842.2299194335938
1790789463.7863457,0,0,878.4194946289062,687.601806640625,799.46044921875,847.1648559570312
1790789463.7973356,0,0,878.4194946289062,687.601806640625,799.46044921875,847.1648559570312
1790789463.8085902,0,0,878.4194946289062,687.601806640625,799.46044921875,847.1648559570312
1790789463.8196156,0,0,878.4194946289062,687.601806640625,799.46044921875,847.1648559570312
1790789463.831277,0,0,878.4194946289062,687.601806640625,799.46044921875,847.1648559570312
1790789463.8427904,0,0,878.4194946289062,687.601806640625,799.46044921875,847.1648559570312
1790789463.8537104,0,0,878.4194946289062,687.601806640625,799.46044921875,847.1648559570312
1790789463.8647153,0,0,850.454833984375,713.9214477539062,794.5255126953125,850.454833984375
1790789463.8765764,0,0,852.0997924804688,766.5608520507812,778.07568359375,832.3600463867188
1790789463.888807,0,0,873.4845581054688,700.7615966796875,791.2355346679688,860.32470703125
1790789463.8996842,0,0,863.6146850585938,687.601806640625,792.8805541992188,852.0997924804688
1790789463.9108007,0,0,863.6146850585938,687.601806640625,792.8805541992188,852.0997924804688
1790789463.9217603,0,0,863.6146850585938,687.601806640625,792.8805541992188,852.0997924804688
1790789463.9329123,0,0,863.6146850585938,687.601806640625,792.8805541992188,852.0997924804688
1790789463.944122,0,0,863.6146850585938,687.601806640625,792.8805541992188,852.0997924804688
1790789463.955279,0,0,863.6146850585938,713.9214477539062,796.1704711914062,857.0347290039062
1790789463.9664583,0,0,865.2596435546875,727.081298828125,786.3005981445312,853.7448120117188
1790789463.9776628,0,0,850.454833984375,847.1648559570312,783.0106201171875,848.8098754882812
1790789463.9890296,0,0,853.7448120117188,926.1239624023438,781.3656616210938,829.070068359375
1790789464.0001378,0,0,866.9046630859375,847.1648559570312,794.5255126953125,855.3897705078125
1790789464.011115,0,0,866.9046630859375,847.1648559570312,794.5255126953125,855.3897705078125
1790789464.0223227,0,0,866.9046630859375,847.1648559570312,794.5255126953125,855.3897705078125
1790789464.033225,0,0,866.9046630859375,847.1648559570312,794.5255126953125,855.3897705078125
1790789464.044323,0,0,866.9046630859375,847.1648559570312,794.5255126953125,855.3897705078125
1790789464.0554168,0,0,866.9046630859375,847.1648559570312,794.5255126953125,855.3897705078125
1790789464.0664258,0,0,866.9046630859375,847.1648559570312,794.5255126953125,855.3897705078125
1790789464.0777304,0,0,873.4845581054688,715.5664672851562,786.3005981445312,860.32470703125
1790789464.0888226,0,0,850.454833984375,873.4845581054688,787.945556640625,830.715087890625
1790789464.099706,0,0,884.9994506835938,827.4251098632812,804.3953857421875,860.32470703125
1790789464.110776,0,0,865.2596435546875,873.4845581054688,791.2355346679688,843.8749389648438
1790789464.1217227,0,0,853.7448120117188,919.5440063476562,789.590576171875,825.7801513671875
1790789464.1326394,0,0,858.6797485351562,834.0050048828125,796.1704711914062,863.6146850585938
1790789464.143611,0,0,875.1295166015625,807.6853637695312,797.8154907226562,866.9046630859375
1790789464.1543772,0,0,886.6444091796875,755.0459594726562,797.8154907226562,861.9697265625
1790789464.165332,0,1,886.6444091796875,755.0459594726562,797.8154907226562,861.9697265625
1790789464.176336,0,1,886.6444091796875,755.0459594726562,797.8154907226562,861.9697265625
1790789464.1872995,0,1,886.6444091796875,755.0459594726562,797.8154907226562,861.9697265625
1790789464.1978383,0,1,886.6444091796875,755.0459594726562,797.8154907226562,861.9697265625
1790789464.2085032,0,1,886.6444091796875,755.0459594726562,797.8154907226562,861.9697265625
1790789464.219618,0,1,875.1295166015625,807.6853637695312,792.8805541992188,857.0347290039062
1790789464.230745,0,1,871.839599609375,755.0459594726562,802.7504272460938,858.6797485351562
1790789464.2419276,0,1,853.7448120117188,807.6853637695312,783.0106201171875,837.2949829101562
1790789464.2530143,0,1,873.4845581054688,728.726318359375,792.8805541992188,865.2596435546875
1790789464.2639427,0,1,871.839599609375,702.4066162109375,794.5255126953125,866.9046630859375
1790789464.2750854,0,1,866.9046630859375,741.8861083984375,797.8154907226562,847.1648559570312
1790789464.2859805,0,1,858.6797485351562,794.5255126953125,786.3005981445312,840.5849609375
1790789464.2973251,0,1,858.6797485351562,794.5255126953125,786.3005981445312,840.5849609375
1790789464.3089073,0,1,858.6797485351562,794.5255126953125,786.3005981445312,840.5849609375
1790789464.319653,0,1,858.6797485351562,794.5255126953125,786.3005981445312,840.5849609375
1790789464.330533,0,1,870.194580078125,741.8861083984375,786.3005981445312,853.7448120117188
1790789464.3415267,0,1,855.3897705078125,702.4066162109375,797.8154907226562,857.0347290039062
1790789464.3528829,0,1,875.1295166015625,662.9270629882812,804.3953857421875,861.9697265625
1790789464.3635497,0,1,855.3897705078125,794.5255126953125,783.0106201171875,838.9400024414062
1790789464.3746881,0,1,834.0050048828125,755.0459594726562,789.590576171875,847.1648559570312
1790789464.3858545,0,1,834.0050048828125,755.0459594726562,789.590576171875,847.1648559570312
1790789464.3968813,0,1,834.0050048828125,755.0459594726562,789.590576171875,847.1648559570312
1790789464.4081514,0,1,834.0050048828125,755.0459594726562,789.590576171875,847.1648559570312
1790789464.419202,0,1,834.0050048828125,755.0459594726562,789.590576171875,847.1648559570312
1790789464.4303813,0,1,834.0050048828125,755.0459594726562,789.590576171875,847.1648559570312
1790789464.441754,0,1,858.6797485351562,708.9865112304688,799.46044921875,842.2299194335938
1790789464.4530153,0,1,838.9400024414062,801.1054077148438,779.720703125,824.1351318359375
1790789464.4643555,0,1,873.4845581054688,708.9865112304688,797.8154907226562,838.9400024414062
1790789464.4754562,0,1,870.194580078125,672.7969360351562,797.8154907226562,876.7745361328125
1790789464.4866774,0,1,875.1295166015625,692.5367431640625,792.8805541992188,863.6146850585938
1790789464.4980035,0,1,875.1295166015625,692.5367431640625,792.8805541992188,863.6146850585938
1790789464.508768,0,1,875.1295166015625,692.5367431640625,792.8805541992188,863.6146850585938
1790789464.5194137,0,1,875.1295166015625,692.5367431640625,792.8805541992188,863.6146850585938
1790789464.5309114,0,1,875.1295166015625,692.5367431640625,792.8805541992188,863.6146850585938
1790789464.5419166,0,1,875.1295166015625,692.5367431640625,792.8805541992188,863.6146850585938
1790789464.5529587,0,1,883.3544311523438,646.477294921875,806.0403442382812,850.454833984375
1790789464.5640779,0,1,848.8098754882812,764.9158325195312,796.1704711914062,835.6500244140625
1790789464.575068,0,1,870.194580078125,725.4363403320312,801.1054077148438,863.6146850585938
1790789464.5857008,0,0,870.194580078125,725.4363403320312,801.1054077148438,863.6146850585938
1790789464.5964823,0,0,870.194580078125,725.4363403320312,801.1054077148438,863.6146850585938
1790789464.6083071,0,0,870.194580078125,725.4363403320312,801.1054077148438,863.6146850585938
1790789464.6190422,0,0,870.194580078125,725.4363403320312,801.1054077148438,863.6146850585938
1790789464.630148,0,0,870.194580078125,725.4363403320312,801.1054077148438,863.6146850585938
1790789464.6407611,0,0,870.194580078125,725.4363403320312,801.1054077148438,863.6146850585938
1790789464.65184,0,0,865.2596435546875,804.3953857421875,783.0106201171875,834.0050048828125
1790789464.662873,0,0,865.2596435546875,804.3953857421875,783.0106201171875,834.0050048828125
1790789464.6740813,0,0,861.9697265625,883.3544311523438,781.3656616210938,834.0050048828125
1790789464.6850996,0,0,881.70947265625,830.715087890625,787.945556640625,853.7448120117188
1790789464.6967604,0,0,853.7448120117188,857.0347290039062,794.5255126953125,863.6146850585938
1790789464.7078605,0,0,853.7448120117188,883.3544311523438,784.6556396484375,850.454833984375
1790789464.7193537,0,1,853.7448120117188,883.3544311523438,784.6556396484375,850.454833984375
1790789464.730242,0,1,853.7448120117188,883.3544311523438,784.6556396484375,850.454833984375
1790789464.7410204,0,1,853.7448120117188,883.3544311523438,784.6556396484375,850.454833984375
1790789464.7519553,0,1,853.7448120117188,883.3544311523438,784.6556396484375,850.454833984375
1790789464.7627177,0,1,853.7448120117188,883.3544311523438,784.6556396484375,850.454833984375
1790789464.773966,0,1,857.0347290039062,830.715087890625,792.8805541992188,858.6797485351562
1790789464.7849936,0,1,873.4845581054688,738.59619140625,810.9752807617188,857.0347290039062
1790789464.7969525,0,1,861.9697265625,843.8749389648438,791.2355346679688,842.2299194335938
1790789464.8086848,1,1,865.2596435546875,791.2355346679688,796.1704711914062,842.2299194335938
1790789464.8200397,1,1,865.2596435546875,791.2355346679688,796.1704711914062,842.2299194335938
1790789464.8310673,1,1,865.2596435546875,791.2355346679688,796.1704711914062,842.2299194335938
1790789464.8419416,1,1,865.2596435546875,791.2355346679688,796.1704711914062,842.2299194335938
1790789464.8528924,1,1,865.2596435546875,791.2355346679688,796.1704711914062,842.2299194335938
1790789464.8638449,1,1,873.4845581054688,791.2355346679688,789.590576171875,848.8098754882812
1790789464.874592,1,1,852.0997924804688,738.59619140625,799.46044921875,853.7448120117188
1790789464.8852825,1,1,870.194580078125,685.956787109375,794.5255126953125,855.3897705078125
1790789464.896671,1,1,868.5496215820312,764.9158325195312,791.2355346679688,845.5198974609375
1790789464.9076042,1,1,868.5496215820312,764.9158325195312,791.2355346679688,845.5198974609375
1790789464.9189155,1,1,868.5496215820312,764.9158325195312,791.2355346679688,845.5198974609375
1790789464.9303114,1,1,868.5496215820312,764.9158325195312,791.2355346679688,845.5198974609375
1790789464.9417443,1,1,868.5496215820312,764.9158325195312,791.2355346679688,845.5198974609375
1790789464.9530504,1,1,878.4194946289062,633.3174438476562,802.7504272460938,847.1648559570312
1790789464.9650555,1,1,878.4194946289062,633.3174438476562,802.7504272460938,847.1648559570312
1790789464.9815116,1,1,880.064453125,679.3768920898438,797.8154907226562,838.9400024414062
1790789464.9930885,1,1,865.2596435546875,750.1110229492188,787.945556640625,842.2299194335938
1790789465.004401,1,1,878.4194946289062,676.0869140625,802.7504272460938,845.5198974609375
1790789465.0161111,1,1,857.0347290039062,768.205810546875,786.3005981445312,825.7801513671875
1790789465.028169,1,1,875.1295166015625,597.1278686523438,817.5552368164062,860.32470703125
1790789465.0393825,1,0,875.1295166015625,597.1278686523438,817.5552368164062,860.32470703125
1790789465.0503197,1,0,875.1295166015625,597.1278686523438,817.5552368164062,860.32470703125
1790789465.061684,1,0,875.1295166015625,597.1278686523438,817.5552368164062,860.32470703125
1790789465.0740287,1,0,875.1295166015625,597.1278686523438,817.5552368164062,860.32470703125
1790789465.0857532,1,0,865.2596435546875,689.2467651367188,802.7504272460938,857.0347290039062
1790789465.0971649,1,0,843.8749389648438,820.84521484375,792.8805541992188,837.2949829101562
1790789465.1086822,1,0,853.7448120117188,794.5255126953125,792.8805541992188,843.8749389648438
1790789465.1195564,1,0,871.839599609375,794.5255126953125,799.46044921875,850.454833984375
1790789465.131014,1,0,893.2243041992188,715.5664672851562,809.330322265625,873.4845581054688
1790789465.1421173,1,0,878.4194946289062,797.8154907226562,797.8154907226562,858.6797485351562
1790789465.1534297,1,0,861.9697265625,764.9158325195312,786.3005981445312,848.8098754882812
1790789465.1646006,1,0,883.3544311523438,797.8154907226562,796.1704711914062,835.6500244140625
1790789465.1755445,1,1,883.3544311523438,797.8154907226562,796.1704711914062,835.6500244140625
1790789465.1872888,1,1,883.3544311523438,797.8154907226562,796.1704711914062,835.6500244140625
1790789465.1981966,1,1,883.3544311523438,797.8154907226562,796.1704711914062,835.6500244140625
1790789465.209559,1,1,883.3544311523438,797.8154907226562,796.1704711914062,835.6500244140625
1790789465.2211103,1,1,883.3544311523438,797.8154907226562,796.1704711914062,835.6500244140625
1790789465.2321713,1,1,883.3544311523438,797.8154907226562,796.1704711914062,835.6500244140625
1790789465.2433078,1,1,870.194580078125,692.5367431640625,824.1351318359375,857.0347290039062
1790789465.254355,1,1,845.5198974609375,745.1760864257812,794.5255126953125,843.8749389648438
1790789465.2654567,1,1,834.0050048828125,784.6556396484375,801.1054077148438,840.5849609375
1790789465.276789,1,1,852.0997924804688,732.0162353515625,797.8154907226562,840.5849609375
1790789465.2883823,1,1,855.3897705078125,705.6965942382812,792.8805541992188,842.2299194335938
1790789465.299572,1,1,863.6146850585938,653.0571899414062,796.1704711914062,860.32470703125
1790789465.3109055,1,0,863.6146850585938,653.0571899414062,796.1704711914062,860.32470703125
1790789465.321627,1,0,863.6146850585938,653.0571899414062,796.1704711914062,860.32470703125
1790789465.3327446,1,0,863.6146850585938,653.0571899414062,796.1704711914062,860.32470703125
1790789465.3439608,1,0,863.6146850585938,653.0571899414062,796.1704711914062,860.32470703125
1790789465.3552296,1,0,855.3897705078125,679.3768920898438,786.3005981445312,843.8749389648438
1790789465.3662117,1,0,861.9697265625,653.0571899414062,804.3953857421875,837.2949829101562
1790789465.3780868,1,0,848.8098754882812,613.5776977539062,802.7504272460938,855.3897705078125
1790789465.3897686,1,0,837.2949829101562,718.8563842773438,781.3656616210938,825.7801513671875
1790789465.4008324,1,1,837.2949829101562,718.8563842773438,781.3656616210938,825.7801513671875
1790789465.412765,1,1,837.2949829101562,718.8563842773438,781.3656616210938,825.7801513671875
1790789465.4243462,1,1,837.2949829101562,718.8563842773438,781.3656616210938,825.7801513671875
1790789465.4356272,1,1,837.2949829101562,718.8563842773438,781.3656616210938,825.7801513671875
1790789465.4462569,1,1,837.2949829101562,718.8563842773438,781.3656616210938,825.7801513671875
1790789465.4577072,1,1,863.6146850585938,620.1575927734375,797.8154907226562,843.8749389648438
1790789465.468637,1,1,857.0347290039062,646.477294921875,806.0403442382812,837.2949829101562
1790789465.479554,1,1,845.5198974609375,646.477294921875,797.8154907226562,822.4901733398438
1790789465.4904401,1,1,873.4845581054688,567.5181884765625,799.46044921875,842.2299194335938
1790789465.5015967,1,1,873.4845581054688,567.5181884765625,799.46044921875,842.2299194335938
1790789465.5134265,1,1,873.4845581054688,567.5181884765625,799.46044921875,842.2299194335938
1790789465.5246313,1,1,873.4845581054688,567.5181884765625,799.46044921875,842.2299194335938
1790789465.5354156,1,1,873.4845581054688,567.5181884765625,799.46044921875,842.2299194335938
1790789465.5461953,1,1,873.4845581054688,567.5181884765625,799.46044921875,842.2299194335938
1790789465.5571759,1,1,873.4845581054688,567.5181884765625,799.46044921875,842.2299194335938
1790789465.5682821,1,1,873.4845581054688,567.5181884765625,799.46044921875,842.2299194335938
1790789465.5797713,1,1,861.9697265625,567.5181884765625,796.1704711914062,855.3897705078125
1790789465.5911639,1,1,852.0997924804688,567.5181884765625,791.2355346679688,835.6500244140625
1790789465.6026857,1,1,847.1648559570312,567.5181884765625,796.1704711914062,824.1351318359375
1790789465.613514,1,1,853.7448120117188,541.1985473632812,796.1704711914062,834.0050048828125
1790789465.6245797,1,1,853.7448120117188,541.1985473632812,796.1704711914062,834.0050048828125
1790789465.6358588,1,1,853.7448120117188,541.1985473632812,796.1704711914062,834.0050048828125
1790789465.6466746,1,1,853.7448120117188,541.1985473632812,796.1704711914062,834.0050048828125
1790789465.657686,1,1,853.7448120117188,541.1985473632812,796.1704711914062,834.0050048828125
1790789465.6691015,1,1,853.7448120117188,541.1985473632812,796.1704711914062,834.0050048828125
1790789465.6803608,1,1,878.4194946289062,514.8788452148438,799.46044921875,857.0347290039062
1790789465.6917257,1,1,858.6797485351562,541.1985473632812,801.1054077148438,850.454833984375
1790789465.7027562,1,1,858.6797485351562,541.1985473632812,801.1054077148438,850.454833984375
1790789465.7136767,1,1,865.2596435546875,725.4363403320312,806.0403442382812,853.7448120117188
1790789465.7242787,1,1,863.6146850585938,804.3953857421875,804.3953857421875,830.715087890625
1790789465.7353973,1,1,871.839599609375,778.07568359375,791.2355346679688,837.2949829101562
1790789465.7464955,1,1,838.9400024414062,778.07568359375,804.3953857421875,848.8098754882812
1790789465.757206,1,1,863.6146850585938,784.6556396484375,797.8154907226562,840.5849609375
1790789465.768304,1,1,863.6146850585938,784.6556396484375,797.8154907226562,840.5849609375
1790789465.7792544,1,1,863.6146850585938,784.6556396484375,797.8154907226562,840.5849609375
1790789465.7906551,1,1,863.6146850585938,784.6556396484375,797.8154907226562,840.5849609375
1790789465.8014617,1,1,863.6146850585938,784.6556396484375,797.8154907226562,840.5849609375
1790789465.8126388,1,1,863.6146850585938,784.6556396484375,797.8154907226562,840.5849609375
1790789465.823766,1,1,863.6146850585938,784.6556396484375,797.8154907226562,840.5849609375
1790789465.8344803,1,1,883.3544311523438,659.6371459960938,799.46044921875,855.3897705078125
1790789465.845584,1,1,886.6444091796875,718.8563842773438,807.6853637695312,855.3897705078125
1790789465.8563962,1,1,855.3897705078125,810.9752807617188,792.8805541992188,843.8749389648438
1790789465.8677728,1,1,868.5496215820312,738.59619140625,817.5552368164062,861.9697265625
1790789465.878911,1,1,871.839599609375,843.8749389648438,792.8805541992188,843.8749389648438
1790789465.8902056,1,1,871.839599609375,843.8749389648438,792.8805541992188,843.8749389648438
1790789465.9014115,1,1,871.839599609375,843.8749389648438,792.8805541992188,843.8749389648438
1790789465.9124827,1,1,871.839599609375,843.8749389648438,792.8805541992188,843.8749389648438
1790789465.9233596,1,1,871.839599609375,843.8749389648438,792.8805541992188,843.8749389648438
1790789465.9345489,1,1,871.839599609375,843.8749389648438,792.8805541992188,843.8749389648438
1790789465.9456763,1,1,881.70947265625,738.59619140625,824.1351318359375,878.4194946289062
1790789465.9569776,1,1,857.0347290039062,843.8749389648438,799.46044921875,853.7448120117188
1790789465.967837,1,1,852.0997924804688,843.8749389648438,804.3953857421875,845.5198974609375
1790789465.9794738,1,1,858.6797485351562,843.8749389648438,792.8805541992188,843.8749389648438
1790789465.9906523,1,1,858.6797485351562,843.8749389648438,792.8805541992188,843.8749389648438
1790789466.0017178,1,1,858.6797485351562,843.8749389648438,792.8805541992188,843.8749389648438
1790789466.0127,1,1,858.6797485351562,843.8749389648438,792.8805541992188,843.8749389648438
1790789466.0234058,1,1,858.6797485351562,843.8749389648438,792.8805541992188,843.8749389648438
1790789466.0343952,1,1,858.6797485351562,843.8749389648438,792.8805541992188,843.8749389648438
1790789466.0473397,1,1,871.839599609375,870.194580078125,792.8805541992188,834.0050048828125
1790789466.0585184,1,1,858.6797485351562,870.194580078125,791.2355346679688,847.1648559570312
1790789466.0697184,1,1,871.839599609375,791.2355346679688,807.6853637695312,857.0347290039062
1790789466.0809002,1,1,842.2299194335938,817.5552368164062,807.6853637695312,842.2299194335938
1790789466.0922768,1,1,824.1351318359375,817.5552368164062,804.3953857421875,820.84521484375
1790789466.1031091,1,1,791.2355346679688,738.59619140625,843.8749389648438,789.590576171875
1790789466.1148298,1,1,791.2355346679688,738.59619140625,843.8749389648438,789.590576171875
1790789466.126283,1,1,791.2355346679688,738.59619140625,843.8749389648438,789.590576171875
1790789466.1379228,1,1,791.2355346679688,738.59619140625,843.8749389648438,789.590576171875
1790789466.1491148,1,1,791.2355346679688,738.59619140625,843.8749389648438,789.590576171875
1790789466.1606598,1,1,791.2355346679688,738.59619140625,843.8749389648438,789.590576171875
1790789466.1721425,1,1,324.0611267089844,1199.190673828125,529.6836547851562,310.9012756347656
1790789466.183247,1,1,13.159842491149902,1574.2462158203125,292.8064880371094,18.094783782958984
1790789466.194357,1,1,46.0594482421875,1600.56591796875,871.839599609375,41.124507904052734
1790789466.2060924,1,1,46.0594482421875,1600.56591796875,871.839599609375,41.124507904052734
1790789466.2169418,1,1,46.0594482421875,1600.56591796875,871.839599609375,41.124507904052734
1790789466.2282386,1,1,46.0594482421875,1600.56591796875,871.839599609375,41.124507904052734
1790789466.2392612,1,1,46.0594482421875,1600.56591796875,871.839599609375,41.124507904052734
1790789466.2499592,1,1,46.0594482421875,1600.56591796875,871.839599609375,41.124507904052734
1790789466.260927,1,1,16.449804306030273,1561.0863037109375,1029.7576904296875,18.094783782958984
1790789466.2719262,1,1,18.094783782958984,1561.0863037109375,1582.4710693359375,19.739763259887695
1790789466.283173,1,1,26.319684982299805,1574.2462158203125,1597.27587890625,26.319684982299805
1790789466.2941313,1,1,23.02972412109375,1569.311279296875,1574.2462158203125,23.02972412109375
1790789466.3052511,1,1,26.319684982299805,1643.3353271484375,1646.6253662109375,26.319684982299805
1790789466.3162022,1,1,32.89960861206055,1630.175537109375,1541.3465576171875,27.96466636657715
1790789466.327109,1,1,118.43858337402344,1590.696044921875,1414.68310546875,29.60964584350586
1790789466.3385384,1,1,335.57598876953125,1617.015625,1256.7650146484375,258.26190185546875
1790789466.349516,1,1,335.57598876953125,1617.015625,1256.7650146484375,258.26190185546875
1790789466.3603075,1,1,546.1334838867188,1630.175537109375,1033.047607421875,442.4997253417969
1790789466.3720536,1,1,888.2893676757812,1636.7554931640625,954.088623046875,784.6556396484375
1790789466.3830914,1,1,888.2893676757812,1636.7554931640625,954.088623046875,784.6556396484375
1790789466.394119,1,1,888.2893676757812,1636.7554931640625,954.088623046875,784.6556396484375
1790789466.4050825,1,1,888.2893676757812,1636.7554931640625,954.088623046875,784.6556396484375
1790789466.4162054,1,1,888.2893676757812,1636.7554931640625,954.088623046875,784.6556396484375
1790789466.4274468,1,1,888.2893676757812,1636.7554931640625,954.088623046875,784.6556396484375
1790789466.43902,1,1,1414.68310546875,1426.197998046875,954.088623046875,1337.3690185546875
1790789466.45012,1,1,1441.0028076171875,44.41447067260742,1217.285400390625,1442.647705078125
1790789466.4610207,1,1,1422.907958984375,85.53897857666016,1194.2557373046875,1429.4879150390625
1790789466.4719508,1,1,1419.6180419921875,100.34380340576172,1006.7279663085938,1426.197998046875
1790789466.4829476,1,1,1416.328125,77.31407928466797,819.2001953125,1426.197998046875
1790789466.494216,1,1,1416.328125,77.31407928466797,819.2001953125,1426.197998046875
1790789466.5056026,1,1,1416.328125,77.31407928466797,819.2001953125,1426.197998046875
1790789466.5168371,1,1,1416.328125,77.31407928466797,819.2001953125,1426.197998046875
1790789466.52773,1,1,1416.328125,77.31407928466797,819.2001953125,1426.197998046875
1790789466.539358,1,1,1416.328125,77.31407928466797,819.2001953125,1426.197998046875
1790789466.5507598,1,1,1416.328125,74.02411651611328,646.477294921875,1426.197998046875
1790789466.5617115,1,1,1413.0380859375,78.95905303955078,600.4178466796875,1426.197998046875
1790789466.5734074,1,1,1237.0252685546875,75.66909790039062,559.2933349609375,1294.5994873046875
1790789466.5842783,1,1,1128.45654296875,77.31407928466797,588.9029541015625,1176.160888671875
1790789466.5956845,1,1,1181.0958251953125,74.02411651611328,588.9029541015625,1228.80029296875
1790789466.6073864,1,1,1075.817138671875,74.02411651611328,567.5181884765625,1123.5216064453125
1790789466.6185746,1,1,1075.817138671875,74.02411651611328,567.5181884765625,1123.5216064453125
1790789466.630007,1,1,1075.817138671875,74.02411651611328,567.5181884765625,1123.5216064453125
1790789466.6410353,1,1,1075.817138671875,74.02411651611328,567.5181884765625,1123.5216064453125
1790789466.6518297,1,1,1075.817138671875,74.02411651611328,567.5181884765625,1123.5216064453125
1790789466.6628036,1,1,1075.817138671875,74.02411651611328,567.5181884765625,1123.5216064453125
1790789466.673399,1,1,1049.4974365234375,74.02411651611328,495.1390686035156,1044.5625
1790789466.6840138,1,1,338.8659362792969,146.4032440185547,126.66348266601562,281.2916259765625
1790789466.6948447,1,1,52.63936996459961,1001.7930297851562,87.1839599609375,39.47952651977539
1790789466.7055933,1,1,31.254627227783203,1621.9505615234375,176.0128936767578,26.319684982299805
1790789466.7165782,1,1,41.124507904052734,1621.9505615234375,781.3656616210938,27.96466636657715
1790789466.727673,1,1,39.47952651977539,1640.04541015625,1228.80029296875,23.02972412109375
1790789466.739137,1,0,39.47952651977539,1640.04541015625,1228.80029296875,23.02972412109375
1790789466.7499073,1,0,39.47952651977539,1640.04541015625,1228.80029296875,23.02972412109375
1790789466.7614205,1,0,39.47952651977539,1640.04541015625,1228.80029296875,23.02972412109375
1790789466.7732885,1,0,39.47952651977539,1640.04541015625,1228.80029296875,23.02972412109375
1790789466.784811,1,0,52.63936996459961,1641.6904296875,804.3953857421875,26.319684982299805
1790789466.7964027,1,0,49.34941101074219,1574.2462158203125,916.2540283203125,24.674705505371094
1790789466.8082047,1,0,50.99439239501953,1500.2220458984375,922.833984375,26.319684982299805
1790789466.8198464,1,0,59.21929168701172,1610.435791015625,972.1834106445312,27.96466636657715
1790789466.831535,1,0,59.21929168701172,1610.435791015625,972.1834106445312,27.96466636657715
1790789466.8427217,1,0,59.21929168701172,1610.435791015625,972.1834106445312,27.96466636657715
1790789466.853867,1,0,59.21929168701172,1610.435791015625,972.1834106445312,27.96466636657715
1790789466.8656566,1,0,59.21929168701172,1610.435791015625,972.1834106445312,27.96466636657715
1790789466.8772044,1,0,59.21929168701172,1610.435791015625,972.1834106445312,27.96466636657715
1790789466.8891861,1,0,106.92372131347656,1375.20361328125,909.6741333007812,41.124507904052734
1790789466.9000716,1,0,120.08356475830078,1585.7611083984375,988.6331787109375,64.15423583984375
1790789466.9115257,1,0,120.08356475830078,1585.7611083984375,988.6331787109375,64.15423583984375
1790789466.9229062,1,0,689.2467651367188,769.850830078125,898.1592407226562,529.6836547851562
1790789466.9336934,1,0,689.2467651367188,769.850830078125,898.1592407226562,529.6836547851562
1790789466.9447277,1,0,689.2467651367188,769.850830078125,898.1592407226562,529.6836547851562
1790789466.955459,1,0,689.2467651367188,769.850830078125,898.1592407226562,529.6836547851562
1790789466.9667783,1,0,689.2467651367188,769.850830078125,898.1592407226562,529.6836547851562
1790789466.978176,1,0,689.2467651367188,769.850830078125,898.1592407226562,529.6836547851562
1790789466.9893048,1,0,636.607421875,1182.7408447265625,746.8211059570312,556.0033569335938
1790789467.0004954,1,0,847.1648559570312,656.34716796875,621.8025512695312,713.9214477539062
1790789467.0116498,1,0,1373.55859375,235.23219299316406,615.22265625,1319.2742919921875
1790789467.0225892,1,0,1394.943359375,60.86427307128906,704.0515747070312,1409.7481689453125
1790789467.0333984,1,0,1386.7183837890625,78.95905303955078,778.07568359375,1385.073486328125
1790789467.0444717,1,0,1378.4935302734375,70.7341537475586,866.9046630859375,1368.6236572265625
1790789467.0560722,1,0,1380.1385498046875,118.43858337402344,982.0532836914062,1378.4935302734375
1790789467.0681102,1,0,1380.1385498046875,118.43858337402344,982.0532836914062,1378.4935302734375
1790789467.0790188,1,0,1380.1385498046875,118.43858337402344,982.0532836914062,1378.4935302734375
1790789467.090906,1,0,1380.1385498046875,118.43858337402344,982.0532836914062,1378.4935302734375
1790789467.1022582,1,0,1375.20361328125,93.76387786865234,1003.43798828125,1371.91357421875
1790789467.114452,0,0,1376.8485107421875,100.34380340576172,1000.1480712890625,1371.91357421875
1790789467.1254222,0,0,1375.20361328125,93.76387786865234,995.213134765625,1370.2686767578125
1790789467.1365979,0,0,1376.8485107421875,100.34380340576172,978.7633056640625,1370.2686767578125
1790789467.1477714,0,0,1375.20361328125,97.05384063720703,861.9697265625,1370.2686767578125
1790789467.1594603,0,0,1159.711181640625,98.69882202148438,786.3005981445312,1182.7408447265625
1790789467.1709778,0,0,1062.6573486328125,98.69882202148438,753.4010009765625,1087.33203125
1790789467.1818652,0,0,1010.0179443359375,98.69882202148438,750.1110229492188,1018.2428588867188
1790789467.1929326,0,0,968.8934326171875,98.69882202148438,741.8861083984375,1003.43798828125
1790789467.2048972,0,0,968.8934326171875,98.69882202148438,741.8861083984375,1003.43798828125
1790789467.2161746,0,0,968.8934326171875,98.69882202148438,741.8861083984375,1003.43798828125
1790789467.2276626,0,0,968.8934326171875,98.69882202148438,741.8861083984375,1003.43798828125
1790789467.2392454,0,0,968.8934326171875,98.69882202148438,741.8861083984375,1003.43798828125
1790789467.250624,0,0,968.8934326171875,98.69882202148438,741.8861083984375,1003.43798828125
1790789467.2616982,0,0,801.1054077148438,100.34380340576172,740.2411499023438,817.5552368164062
1790789467.2723992,0,0,758.3359375,149.69320678710938,732.0162353515625,759.9808959960938
1790789467.2830844,0,0,766.5608520507812,105.27873992919922,756.6909790039062,759.9808959960938
1790789467.294217,0,0,766.5608520507812,105.27873992919922,756.6909790039062,759.9808959960938
1790789467.3055336,0,0,766.5608520507812,105.27873992919922,756.6909790039062,759.9808959960938
1790789467.3166485,0,0,766.5608520507812,105.27873992919922,756.6909790039062,759.9808959960938
1790789467.3278062,0,0,766.5608520507812,105.27873992919922,756.6909790039062,759.9808959960938
1790789467.3389218,0,0,766.5608520507812,105.27873992919922,756.6909790039062,759.9808959960938
1790789467.350251,0,0,766.5608520507812,105.27873992919922,756.6909790039062,759.9808959960938
1790789467.3636143,0,0,732.0162353515625,194.10768127441406,758.3359375,741.8861083984375
1790789467.3754003,0,0,707.341552734375,273.0667419433594,743.5311279296875,713.9214477539062
1790789467.3865573,0,0,695.82666015625,246.74705505371094,764.9158325195312,712.2764892578125
1790789467.397818,0,0,656.34716796875,352.0257873535156,758.3359375,662.9270629882812
1790789467.4096599,0,0,556.0033569335938,509.94390869140625,743.5311279296875,575.7431030273438
1790789467.42279,0,0,549.4234619140625,430.98486328125,761.6259155273438,565.8732299804688
1790789467.4337857,0,0,549.4234619140625,430.98486328125,761.6259155273438,565.8732299804688
1790789467.444846,0,0,549.4234619140625,430.98486328125,761.6259155273438,565.8732299804688
1790789467.4559045,0,0,549.4234619140625,430.98486328125,761.6259155273438,565.8732299804688
1790789467.4667516,0,0,549.4234619140625,430.98486328125,761.6259155273438,565.8732299804688
1790789467.4777436,0,0,549.4234619140625,430.98486328125,761.6259155273438,565.8732299804688
1790789467.4888883,0,0,549.4234619140625,430.98486328125,761.6259155273438,565.8732299804688
1790789467.5002844,0,0,506.6539306640625,483.62420654296875,773.1407470703125,549.4234619140625
1790789467.5117764,0,0,519.8137817382812,430.98486328125,781.3656616210938,521.458740234375
1790789467.5231295,0,0,763.2708740234375,500.07403564453125,784.6556396484375,768.205810546875
1790789467.5342116,0,0,763.2708740234375,500.07403564453125,784.6556396484375,768.205810546875
1790789467.5450547,0,0,763.2708740234375,500.07403564453125,784.6556396484375,768.205810546875
1790789467.5562844,0,0,763.2708740234375,500.07403564453125,784.6556396484375,768.205810546875
1790789467.5673583,0,0,763.2708740234375,500.07403564453125,784.6556396484375,768.205810546875
1790789467.5779305,0,0,763.2708740234375,500.07403564453125,784.6556396484375,768.205810546875
1790789467.588891,0,0,766.5608520507812,506.6539306640625,783.0106201171875,807.6853637695312
1790789467.5999615,0,0,824.1351318359375,546.1334838867188,768.205810546875,825.7801513671875
1790789467.6110964,0,0,835.6500244140625,579.0330810546875,783.0106201171875,845.5198974609375
1790789467.6222513,0,0,858.6797485351562,560.9382934570312,792.8805541992188,858.6797485351562
1790789467.6333783,0,0,870.194580078125,608.6427001953125,796.1704711914062,889.9343872070312
1790789467.644346,0,0,865.2596435546875,593.837890625,806.0403442382812,884.9994506835938
1790789467.6554346,0,0,865.2596435546875,593.837890625,806.0403442382812,884.9994506835938
1790789467.6664257,0,0,865.2596435546875,593.837890625,806.0403442382812,884.9994506835938
1790789467.6774714,0,0,865.2596435546875,593.837890625,806.0403442382812,884.9994506835938
1790789467.688838,0,0,865.2596435546875,593.837890625,806.0403442382812,884.9994506835938
1790789467.699848,0,0,865.2596435546875,593.837890625,806.0403442382812,884.9994506835938
1790789467.7108884,0,0,860.32470703125,616.8676147460938,806.0403442382812,888.2893676757812
1790789467.7224607,0,0,860.32470703125,616.8676147460938,806.0403442382812,888.2893676757812
1790789467.733368,0,0,848.8098754882812,695.82666015625,791.2355346679688,873.4845581054688
1790789467.744296,0,0,858.6797485351562,633.3174438476562,797.8154907226562,870.194580078125
1790789467.7552726,0,0,858.6797485351562,633.3174438476562,797.8154907226562,870.194580078125
1790789467.7665627,0,0,858.6797485351562,633.3174438476562,797.8154907226562,870.194580078125
1790789467.77797,0,0,858.6797485351562,633.3174438476562,797.8154907226562,870.194580078125
1790789467.7889786,0,0,858.6797485351562,633.3174438476562,797.8154907226562,870.194580078125
1790789467.800115,0,0,858.6797485351562,633.3174438476562,797.8154907226562,870.194580078125
1790789467.8121972,0,0,858.6797485351562,702.4066162109375,779.720703125,861.9697265625
1790789467.8236268,0,0,861.9697265625,705.6965942382812,791.2355346679688,870.194580078125
1790789467.8346834,0,0,852.0997924804688,725.4363403320312,787.945556640625,852.0997924804688
1790789467.8458111,0,0,855.3897705078125,685.956787109375,791.2355346679688,878.4194946289062
1790789467.8567393,0,0,896.5142822265625,699.1166381835938,783.0106201171875,881.70947265625
1790789467.8677306,0,0,843.8749389648438,778.07568359375,773.1407470703125,840.5849609375
1790789467.8789942,0,0,863.6146850585938,755.0459594726562,779.720703125,847.1648559570312
1790789467.8902254,0,0,863.6146850585938,755.0459594726562,779.720703125,847.1648559570312
1790789467.9016721,0,0,863.6146850585938,755.0459594726562,779.720703125,847.1648559570312
1790789467.9137642,0,0,863.6146850585938,755.0459594726562,779.720703125,847.1648559570312
1790789467.924586,0,0,863.6146850585938,755.0459594726562,779.720703125,847.1648559570312
1790789467.9353058,0,0,863.6146850585938,755.0459594726562,779.720703125,847.1648559570312
1790789467.9461966,0,0,863.6146850585938,755.0459594726562,779.720703125,847.1648559570312
1790789467.9577088,0,0,863.6146850585938,712.2764892578125,792.8805541992188,866.9046630859375
1790789467.9688332,0,0,860.32470703125,741.8861083984375,784.6556396484375,873.4845581054688
1790789467.9802887,0,0,860.32470703125,741.8861083984375,784.6556396484375,873.4845581054688
1790789467.9916837,0,0,843.8749389648438,725.4363403320312,792.8805541992188,863.6146850585938
1790789468.0025704,0,0,843.8749389648438,725.4363403320312,792.8805541992188,863.6146850585938
1790789468.0140808,0,0,843.8749389648438,725.4363403320312,792.8805541992188,863.6146850585938
1790789468.0263686,0,0,843.8749389648438,725.4363403320312,792.8805541992188,863.6146850585938
1790789468.0374434,0,0,843.8749389648438,725.4363403320312,792.8805541992188,863.6146850585938
1790789468.0487022,0,0,843.8749389648438,725.4363403320312,792.8805541992188,863.6146850585938
1790789468.059923,0,0,843.8749389648438,725.4363403320312,792.8805541992188,863.6146850585938
1790789468.0710192,0,0,845.5198974609375,748.466064453125,792.8805541992188,863.6146850585938
1790789468.0823798,0,0,848.8098754882812,758.3359375,792.8805541992188,845.5198974609375
1790789468.0933824,0,0,860.32470703125,784.6556396484375,787.945556640625,842.2299194335938
1790789468.1046178,0,0,865.2596435546875,748.466064453125,786.3005981445312,847.1648559570312
1790789468.1158895,0,0,865.2596435546875,748.466064453125,786.3005981445312,847.1648559570312
1790789468.1267395,0,0,865.2596435546875,748.466064453125,786.3005981445312,847.1648559570312
1790789468.1382027,0,0,870.194580078125,801.1054077148438,781.3656616210938,848.8098754882812
1790789468.1492097,0,0,870.194580078125,801.1054077148438,781.3656616210938,848.8098754882812
1790789468.1610916,0,0,870.194580078125,801.1054077148438,781.3656616210938,848.8098754882812
1790789468.1731155,0,0,857.0347290039062,827.4251098632812,786.3005981445312,857.0347290039062
1790789468.1846294,0,0,853.7448120117188,801.1054077148438,783.0106201171875,857.0347290039062
1790789468.1959066,0,0,886.6444091796875,669.5070190429688,807.6853637695312,899.8042602539062
1790789468.2071502,0,0,886.6444091796875,669.5070190429688,807.6853637695312,899.8042602539062
1790789468.2186995,0,0,861.9697265625,738.59619140625,789.590576171875,850.454833984375
1790789468.230065,0,0,868.5496215820312,764.9158325195312,791.2355346679688,857.0347290039062
1790789468.2418084,0,0,888.2893676757812,797.8154907226562,786.3005981445312,857.0347290039062
1790789468.2526827,0,0,838.9400024414062,824.1351318359375,784.6556396484375,840.5849609375
1790789468.2636576,0,0,838.9400024414062,824.1351318359375,784.6556396484375,840.5849609375
1790789468.274743,0,1,838.9400024414062,824.1351318359375,784.6556396484375,840.5849609375
1790789468.285827,0,1,838.9400024414062,824.1351318359375,784.6556396484375,840.5849609375
1790789468.2970774,0,1,838.9400024414062,824.1351318359375,784.6556396484375,840.5849609375
1790789468.30863,0,1,838.9400024414062,824.1351318359375,784.6556396484375,840.5849609375
1790789468.3198674,0,1,838.9400024414062,824.1351318359375,784.6556396484375,840.5849609375
1790789468.3308733,0,1,853.7448120117188,784.6556396484375,786.3005981445312,855.3897705078125
1790789468.3421133,0,1,857.0347290039062,778.07568359375,799.46044921875,845.5198974609375
1790789468.353279,0,1,857.0347290039062,778.07568359375,799.46044921875,845.5198974609375
1790789468.3644652,0,1,845.5198974609375,830.715087890625,789.590576171875,830.715087890625
1790789468.3755555,0,1,832.3600463867188,791.2355346679688,794.5255126953125,852.0997924804688
1790789468.386735,0,0,832.3600463867188,791.2355346679688,794.5255126953125,852.0997924804688
1790789468.3975627,0,0,832.3600463867188,791.2355346679688,794.5255126953125,852.0997924804688
1790789468.4096563,0,0,832.3600463867188,791.2355346679688,794.5255126953125,852.0997924804688
1790789468.4216409,0,0,832.3600463867188,791.2355346679688,794.5255126953125,852.0997924804688
1790789468.4328241,0,0,870.194580078125,778.07568359375,794.5255126953125,847.1648559570312
1790789468.4441884,0,0,838.9400024414062,883.3544311523438,778.07568359375,835.6500244140625
1790789468.4556081,0,0,873.4845581054688,751.7560424804688,801.1054077148438,852.0997924804688
1790789468.4670393,0,0,853.7448120117188,817.5552368164062,792.8805541992188,847.1648559570312
1790789468.478371,0,0,853.7448120117188,817.5552368164062,792.8805541992188,847.1648559570312
1790789468.4894788,0,0,853.7448120117188,817.5552368164062,792.8805541992188,847.1648559570312
1790789468.5010345,0,0,853.7448120117188,817.5552368164062,792.8805541992188,847.1648559570312
1790789468.5127296,0,0,853.7448120117188,817.5552368164062,792.8805541992188,847.1648559570312
1790789468.5242574,0,0,853.7448120117188,817.5552368164062,792.8805541992188,847.1648559570312
1790789468.5352864,0,0,878.4194946289062,738.59619140625,792.8805541992188,860.32470703125
1790789468.5461836,0,0,871.839599609375,764.9158325195312,792.8805541992188,857.0347290039062
1790789468.5575542,0,0,868.5496215820312,659.6371459960938,789.590576171875,863.6146850585938
1790789468.5683289,0,0,842.2299194335938,843.8749389648438,787.945556640625,822.4901733398438
1790789468.5793781,0,0,845.5198974609375,712.2764892578125,796.1704711914062,837.2949829101562
1790789468.5905468,0,0,845.5198974609375,712.2764892578125,796.1704711914062,837.2949829101562
1790789468.602748,0,0,845.5198974609375,712.2764892578125,796.1704711914062,837.2949829101562
1790789468.6139474,0,0,845.5198974609375,712.2764892578125,796.1704711914062,837.2949829101562
1790789468.6251917,0,0,845.5198974609375,712.2764892578125,796.1704711914062,837.2949829101562
1790789468.6359603,0,0,845.5198974609375,712.2764892578125,796.1704711914062,837.2949829101562
1790789468.6469488,0,0,847.1648559570312,804.3953857421875,783.0106201171875,827.4251098632812
1790789468.658275,0,0,852.0997924804688,778.07568359375,791.2355346679688,837.2949829101562
1790789468.6696756,0,0,853.7448120117188,751.7560424804688,797.8154907226562,860.32470703125
1790789468.6808445,0,0,853.7448120117188,751.7560424804688,797.8154907226562,860.32470703125
1790789468.691888,0,0,853.7448120117188,751.7560424804688,797.8154907226562,860.32470703125
1790789468.702638,0,0,853.7448120117188,751.7560424804688,797.8154907226562,860.32470703125
1790789468.7134907,0,0,853.7448120117188,751.7560424804688,797.8154907226562,860.32470703125
1790789468.7242482,0,0,853.7448120117188,751.7560424804688,797.8154907226562,860.32470703125
1790789468.7353137,0,0,870.194580078125,751.7560424804688,801.1054077148438,845.5198974609375
1790789468.746558,0,0,870.194580078125,751.7560424804688,801.1054077148438,845.5198974609375
1790789468.7578375,0,0,840.5849609375,883.3544311523438,776.4307250976562,835.6500244140625
1790789468.76907,0,0,876.7745361328125,778.07568359375,791.2355346679688,853.7448120117188
1790789468.7800884,0,0,876.7745361328125,778.07568359375,791.2355346679688,853.7448120117188
1790789468.791046,0,0,876.7745361328125,778.07568359375,791.2355346679688,853.7448120117188
1790789468.8021126,0,0,876.7745361328125,778.07568359375,791.2355346679688,853.7448120117188
1790789468.8129468,0,0,876.7745361328125,778.07568359375,791.2355346679688,853.7448120117188
1790789468.8240502,0,0,876.7745361328125,778.07568359375,791.2355346679688,853.7448120117188
1790789468.8350556,0,0,876.7745361328125,778.07568359375,791.2355346679688,853.7448120117188
1790789468.8464878,0,0,866.9046630859375,791.2355346679688,791.2355346679688,848.8098754882812
1790789468.858304,0,0,850.454833984375,817.5552368164062,789.590576171875,837.2949829101562
1790789468.8690286,0,0,855.3897705078125,764.9158325195312,797.8154907226562,845.5198974609375
1790789468.880314,0,0,850.454833984375,817.5552368164062,791.2355346679688,843.8749389648438
1790789468.891783,0,0,845.5198974609375,791.2355346679688,791.2355346679688,855.3897705078125
1790789468.9031546,0,0,845.5198974609375,791.2355346679688,791.2355346679688,855.3897705078125
1790789468.9144113,0,0,845.5198974609375,791.2355346679688,791.2355346679688,855.3897705078125
1790789468.9258902,0,0,845.5198974609375,791.2355346679688,791.2355346679688,855.3897705078125
1790789468.9367974,0,0,845.5198974609375,791.2355346679688,791.2355346679688,855.3897705078125
1790789468.9479163,0,0,845.5198974609375,791.2355346679688,791.2355346679688,855.3897705078125
1790789468.959016,0,0,873.4845581054688,817.5552368164062,791.2355346679688,842.2299194335938
1790789468.9700887,0,0,883.3544311523438,685.956787109375,812.6203002929688,865.2596435546875
1790789468.9815912,0,0,876.7745361328125,633.3174438476562,810.9752807617188,866.9046630859375
1790789468.9924288,0,0,880.064453125,659.6371459960938,802.7504272460938,866.9046630859375
1790789469.0036755,0,0,880.064453125,659.6371459960938,802.7504272460938,866.9046630859375
1790789469.0152028,0,0,880.064453125,659.6371459960938,802.7504272460938,866.9046630859375
1790789469.0264673,0,0,880.064453125,659.6371459960938,802.7504272460938,866.9046630859375
1790789469.037775,0,0,880.064453125,659.6371459960938,802.7504272460938,866.9046630859375
1790789469.0485752,0,0,993.568115234375,554.3583984375,814.2652587890625,944.2186889648438
1790789469.0600374,0,0,967.2484130859375,672.7969360351562,799.46044921875,932.703857421875
1790789469.0712643,0,0,980.4082641601562,699.1166381835938,797.8154907226562,952.443603515625
1790789469.082051,0,0,960.6685180664062,712.2764892578125,791.2355346679688,919.5440063476562
1790789469.0933232,0,0,957.3785400390625,646.477294921875,807.6853637695312,926.1239624023438
1790789469.1045027,0,0,912.964111328125,659.6371459960938,804.3953857421875,903.09423828125
1790789469.1157203,0,0,909.6741333007812,712.2764892578125,797.8154907226562,889.9343872070312
1790789469.1270318,0,0,926.1239624023438,672.7969360351562,806.0403442382812,898.1592407226562
1790789469.1387806,0,0,926.1239624023438,672.7969360351562,806.0403442382812,898.1592407226562
1790789469.1499665,0,0,926.1239624023438,672.7969360351562,806.0403442382812,898.1592407226562
1790789469.161187,0,0,926.1239624023438,672.7969360351562,806.0403442382812,898.1592407226562
1790789469.1725929,0,0,914.6090698242188,751.7560424804688,794.5255126953125,891.579345703125
1790789469.1835372,0,0,893.2243041992188,791.2355346679688,796.1704711914062,873.4845581054688
1790789469.1944864,0,0,917.8990478515625,672.7969360351562,815.9102783203125,901.44921875
1790789469.2056873,0,0,893.2243041992188,843.8749389648438,787.945556640625,875.1295166015625
1790789469.2167475,0,0,871.839599609375,776.4307250976562,792.8805541992188,861.9697265625
1790789469.2284584,0,0,853.7448120117188,763.2708740234375,796.1704711914062,848.8098754882812
1790789469.2401943,0,0,870.194580078125,710.6315307617188,806.0403442382812,858.6797485351562
1790789469.2513106,0,0,852.0997924804688,723.7913208007812,807.6853637695312,871.839599609375
1790789469.2620885,0,0,852.0997924804688,723.7913208007812,807.6853637695312,871.839599609375
1790789469.2735152,0,0,852.0997924804688,723.7913208007812,807.6853637695312,871.839599609375
1790789469.2847629,0,0,852.0997924804688,723.7913208007812,807.6853637695312,871.839599609375
1790789469.2962165,0,0,852.0997924804688,723.7913208007812,807.6853637695312,871.839599609375
1790789469.3072672,0,0,852.0997924804688,723.7913208007812,807.6853637695312,871.839599609375
1790789469.3184667,0,0,858.6797485351562,776.4307250976562,797.8154907226562,850.454833984375
1790789469.329512,0,0,875.1295166015625,776.4307250976562,796.1704711914062,848.8098754882812
1790789469.3406527,0,0,852.0997924804688,796.1704711914062,787.945556640625,842.2299194335938
1790789469.3517957,0,0,883.3544311523438,684.3118286132812,806.0403442382812,868.5496215820312
1790789469.3629026,0,0,878.4194946289062,750.1110229492188,796.1704711914062,847.1648559570312
1790789469.3742588,0,0,863.6146850585938,736.951171875,797.8154907226562,850.454833984375
1790789469.385457,0,0,863.6146850585938,736.951171875,797.8154907226562,850.454833984375
1790789469.3963835,0,0,863.6146850585938,736.951171875,797.8154907226562,850.454833984375
1790789469.4073865,0,0,863.6146850585938,736.951171875,797.8154907226562,850.454833984375
1790789469.418624,0,0,863.6146850585938,736.951171875,797.8154907226562,850.454833984375
1790789469.4298131,0,0,863.6146850585938,736.951171875,797.8154907226562,850.454833984375
1790789469.440754,0,0,861.9697265625,750.1110229492188,802.7504272460938,857.0347290039062
1790789469.4518895,0,0,880.064453125,695.82666015625,804.3953857421875,838.9400024414062
1790789469.4636712,0,0,876.7745361328125,666.217041015625,807.6853637695312,858.6797485351562
1790789469.474529,0,0,863.6146850585938,681.0218505859375,804.3953857421875,847.1648559570312
1790789469.485767,0,0,863.6146850585938,681.0218505859375,804.3953857421875,847.1648559570312
1790789469.4968255,0,0,863.6146850585938,681.0218505859375,804.3953857421875,847.1648559570312
1790789469.507727,0,0,863.6146850585938,681.0218505859375,804.3953857421875,847.1648559570312
1790789469.5190272,0,0,863.6146850585938,681.0218505859375,804.3953857421875,847.1648559570312
1790789469.5302255,0,0,853.7448120117188,751.7560424804688,796.1704711914062,834.0050048828125
1790789469.5415452,0,0,876.7745361328125,598.7728271484375,817.5552368164062,870.194580078125
1790789469.5523753,0,0,865.2596435546875,677.7318725585938,807.6853637695312,853.7448120117188
1790789469.5637045,0,0,865.2596435546875,664.5720825195312,809.330322265625,853.7448120117188
1790789469.6113274,0,0,853.7448120117188,717.21142578125,797.8154907226562,832.3600463867188
1790789469.6225693,0,0,853.7448120117188,717.21142578125,797.8154907226562,832.3600463867188
1790789469.633344,0,0,853.7448120117188,717.21142578125,797.8154907226562,832.3600463867188
1790789469.6441507,0,0,853.7448120117188,717.21142578125,797.8154907226562,832.3600463867188
1790789469.655908,0,0,853.7448120117188,717.21142578125,797.8154907226562,832.3600463867188
1790789469.6670198,0,0,852.0997924804688,664.5720825195312,792.8805541992188,853.7448120117188
1790789469.6785111,0,0,875.1295166015625,532.9736328125,819.2001953125,855.3897705078125
1790789469.6902726,0,0,863.6146850585938,598.7728271484375,799.46044921875,835.6500244140625
1790789469.7014093,0,0,863.6146850585938,598.7728271484375,799.46044921875,835.6500244140625
1790789469.7123003,0,0,863.6146850585938,598.7728271484375,799.46044921875,835.6500244140625
1790789469.7233577,0,0,863.6146850585938,598.7728271484375,799.46044921875,835.6500244140625
1790789469.734676,0,0,863.6146850585938,598.7728271484375,799.46044921875,835.6500244140625
1790789469.7467582,0,0,863.6146850585938,598.7728271484375,799.46044921875,835.6500244140625
1790789469.7579212,0,0,843.8749389648438,559.2933349609375,804.3953857421875,848.8098754882812
1790789469.768998,0,0,838.9400024414062,585.6129760742188,802.7504272460938,837.2949829101562
1790789469.7802117,0,0,853.7448120117188,592.1929321289062,801.1054077148438,847.1648559570312
1790789469.792581,0,0,853.7448120117188,592.1929321289062,801.1054077148438,847.1648559570312
1790789469.8039806,0,0,853.7448120117188,592.1929321289062,801.1054077148438,847.1648559570312
1790789469.814934,0,0,853.7448120117188,592.1929321289062,801.1054077148438,847.1648559570312
1790789469.8262477,0,0,853.7448120117188,592.1929321289062,801.1054077148438,847.1648559570312
1790789469.837612,0,0,853.7448120117188,592.1929321289062,801.1054077148438,847.1648559570312
1790789469.84848,0,0,857.0347290039062,542.843505859375,806.0403442382812,855.3897705078125
1790789469.8592868,0,0,860.32470703125,755.0459594726562,806.0403442382812,853.7448120117188
1790789469.8707473,0,0,866.9046630859375,708.9865112304688,812.6203002929688,853.7448120117188
1790789469.8816369,0,0,861.9697265625,807.6853637695312,797.8154907226562,835.6500244140625
1790789469.892511,0,0,884.9994506835938,643.1873168945312,822.4901733398438,865.2596435546875
1790789469.9032295,0,0,850.454833984375,787.945556640625,797.8154907226562,817.5552368164062
1790789469.9143474,0,0,850.454833984375,787.945556640625,797.8154907226562,817.5552368164062
1790789469.9255545,0,0,850.454833984375,787.945556640625,797.8154907226562,817.5552368164062
1790789469.9363484,0,0,850.454833984375,787.945556640625,797.8154907226562,817.5552368164062
1790789469.947226,0,0,850.454833984375,787.945556640625,797.8154907226562,817.5552368164062
1790789469.9584363,0,0,850.454833984375,787.945556640625,797.8154907226562,817.5552368164062
1790789469.969676,0,0,868.5496215820312,695.82666015625,815.9102783203125,855.3897705078125
1790789469.9813807,0,0,838.9400024414062,787.945556640625,802.7504272460938,845.5198974609375
1790789469.9926748,0,0,855.3897705078125,787.945556640625,801.1054077148438,845.5198974609375
1790789470.0033355,0,0,858.6797485351562,761.6259155273438,807.6853637695312,848.8098754882812
1790789470.0143163,0,0,857.0347290039062,761.6259155273438,804.3953857421875,842.2299194335938
1790789470.0254676,0,0,857.0347290039062,761.6259155273438,804.3953857421875,842.2299194335938
1790789470.0377696,0,0,857.0347290039062,761.6259155273438,804.3953857421875,842.2299194335938
1790789470.0490298,0,0,857.0347290039062,761.6259155273438,804.3953857421875,842.2299194335938
1790789470.0602434,0,0,857.0347290039062,761.6259155273438,804.3953857421875,842.2299194335938
1790789470.0712607,0,0,857.0347290039062,761.6259155273438,804.3953857421875,842.2299194335938
1790789470.0822697,0,0,852.0997924804688,761.6259155273438,802.7504272460938,843.8749389648438
1790789470.0937915,0,0,860.32470703125,761.6259155273438,804.3953857421875,843.8749389648438
1790789470.1124325,0,0,847.1648559570312,801.1054077148438,797.8154907226562,832.3600463867188
1790789470.1237707,0,0,855.3897705078125,682.6668701171875,814.2652587890625,842.2299194335938
1790789470.1348412,0,0,860.32470703125,630.0274658203125,820.84521484375,865.2596435546875
1790789470.1464796,0,0,863.6146850585938,643.1873168945312,812.6203002929688,848.8098754882812
1790789470.1575756,0,0,845.5198974609375,656.34716796875,807.6853637695312,838.9400024414062
1790789470.1689193,0,0,857.0347290039062,708.9865112304688,799.46044921875,814.2652587890625
1790789470.1813486,0,0,858.6797485351562,587.2579956054688,815.9102783203125,843.8749389648438
1790789470.1937656,0,0,842.2299194335938,630.0274658203125,802.7504272460938,852.0997924804688
1790789470.2062075,0,0,842.2299194335938,630.0274658203125,802.7504272460938,852.0997924804688
1790789470.2171152,0,0,842.2299194335938,630.0274658203125,802.7504272460938,852.0997924804688
1790789470.2289262,0,0,842.2299194335938,630.0274658203125,802.7504272460938,852.0997924804688
1790789470.2407076,0,0,842.2299194335938,630.0274658203125,802.7504272460938,852.0997924804688
1790789470.2517574,0,0,886.6444091796875,528.0386962890625,827.4251098632812,863.6146850585938
1790789470.26288,0,0,866.9046630859375,613.5776977539062,810.9752807617188,853.7448120117188
1790789470.2737937,0,0,866.9046630859375,613.5776977539062,810.9752807617188,853.7448120117188
1790789470.2849183,0,0,866.9046630859375,613.5776977539062,810.9752807617188,853.7448120117188
1790789470.296337,0,0,866.9046630859375,613.5776977539062,810.9752807617188,853.7448120117188
1790789470.3070683,0,0,866.9046630859375,613.5776977539062,810.9752807617188,853.7448120117188
1790789470.3182516,0,0,866.9046630859375,613.5776977539062,810.9752807617188,853.7448120117188
1790789470.329552,0,0,866.9046630859375,613.5776977539062,810.9752807617188,853.7448120117188
1790789470.34055,0,0,866.9046630859375,613.5776977539062,810.9752807617188,853.7448120117188
1790789470.3518863,0,0,848.8098754882812,626.7374877929688,814.2652587890625,852.0997924804688
1790789470.3634226,0,0,853.7448120117188,623.4475708007812,817.5552368164062,835.6500244140625
1790789470.3747957,0,0,847.1648559570312,672.7969360351562,801.1054077148438,824.1351318359375
1790789470.3858936,0,0,857.0347290039062,541.1985473632812,819.2001953125,860.32470703125
1790789470.396885,0,0,845.5198974609375,620.1575927734375,802.7504272460938,843.8749389648438
1790789470.4074118,0,0,845.5198974609375,620.1575927734375,802.7504272460938,843.8749389648438
1790789470.4181783,0,0,845.5198974609375,620.1575927734375,802.7504272460938,843.8749389648438
1790789470.429303,1,0,845.5198974609375,620.1575927734375,802.7504272460938,843.8749389648438
1790789470.4408891,1,0,845.5198974609375,620.1575927734375,802.7504272460938,843.8749389648438
1790789470.4521294,1,0,845.5198974609375,620.1575927734375,802.7504272460938,843.8749389648438
1790789470.463167,1,0,852.0997924804688,769.850830078125,814.2652587890625,845.5198974609375
1790789470.4739053,1,0,853.7448120117188,796.1704711914062,812.6203002929688,837.2949829101562
1790789470.4846418,1,0,865.2596435546875,730.3712768554688,825.7801513671875,858.6797485351562
1790789470.4960365,1,0,860.32470703125,789.590576171875,819.2001953125,857.0347290039062
1790789470.5077312,1,0,860.32470703125,789.590576171875,819.2001953125,857.0347290039062
1790789470.5196018,1,1,860.32470703125,789.590576171875,819.2001953125,857.0347290039062
1790789470.5303254,1,1,860.32470703125,789.590576171875,819.2001953125,857.0347290039062
1790789470.5414796,1,1,860.32470703125,789.590576171875,819.2001953125,857.0347290039062
1790789470.5521722,1,1,860.32470703125,789.590576171875,819.2001953125,857.0347290039062
1790789470.5640028,1,1,860.32470703125,789.590576171875,819.2001953125,857.0347290039062
1790789470.5753057,1,1,840.5849609375,835.6500244140625,814.2652587890625,835.6500244140625
1790789470.5869925,1,1,848.8098754882812,815.9102783203125,812.6203002929688,843.8749389648438
1790789470.5983696,1,1,835.6500244140625,881.70947265625,809.330322265625,827.4251098632812
1790789470.609472,1,1,842.2299194335938,894.8693237304688,814.2652587890625,822.4901733398438
1790789470.620484,1,0,842.2299194335938,894.8693237304688,814.2652587890625,822.4901733398438
1790789470.6319425,1,0,842.2299194335938,894.8693237304688,814.2652587890625,822.4901733398438
1790789470.6431541,1,0,842.2299194335938,894.8693237304688,814.2652587890625,822.4901733398438
1790789470.65458,1,0,842.2299194335938,894.8693237304688,814.2652587890625,822.4901733398438
1790789470.6658242,1,0,842.2299194335938,894.8693237304688,814.2652587890625,822.4901733398438
1790789470.6768808,1,0,834.0050048828125,894.8693237304688,812.6203002929688,842.2299194335938
1790789470.6876385,1,0,834.0050048828125,861.9697265625,817.5552368164062,845.5198974609375
1790789470.6985645,1,0,838.9400024414062,901.44921875,814.2652587890625,838.9400024414062
1790789470.7096608,1,0,840.5849609375,881.70947265625,809.330322265625,843.8749389648438
1790789470.721044,1,0,852.0997924804688,802.7504272460938,824.1351318359375,863.6146850585938
1790789470.7323465,1,0,825.7801513671875,980.4082641601562,802.7504272460938,825.7801513671875
1790789470.7433765,1,1,825.7801513671875,980.4082641601562,802.7504272460938,825.7801513671875
1790789470.7549267,1,1,825.7801513671875,980.4082641601562,802.7504272460938,825.7801513671875
1790789470.76613,1,1,825.7801513671875,980.4082641601562,802.7504272460938,825.7801513671875
1790789470.7772646,1,1,825.7801513671875,980.4082641601562,802.7504272460938,825.7801513671875
1790789470.7883544,1,1,825.7801513671875,980.4082641601562,802.7504272460938,825.7801513671875
1790789470.7994747,1,1,847.1648559570312,822.4901733398438,829.070068359375,861.9697265625
1790789470.8108337,1,1,822.4901733398438,954.088623046875,804.3953857421875,847.1648559570312
1790789470.8220658,1,1,850.454833984375,927.7689208984375,817.5552368164062,845.5198974609375
1790789470.8333452,1,1,838.9400024414062,1006.7279663085938,806.0403442382812,832.3600463867188
1790789470.8441355,1,1,842.2299194335938,901.44921875,829.070068359375,873.4845581054688
1790789470.8553572,1,1,832.3600463867188,1033.047607421875,806.0403442382812,817.5552368164062
1790789470.866166,1,1,857.0347290039062,1006.7279663085938,806.0403442382812,837.2949829101562
1790789470.8770196,1,0,857.0347290039062,1006.7279663085938,806.0403442382812,837.2949829101562
1790789470.888895,1,0,857.0347290039062,1006.7279663085938,806.0403442382812,837.2949829101562
1790789470.8999746,1,0,857.0347290039062,1006.7279663085938,806.0403442382812,837.2949829101562
1790789470.9114163,1,0,857.0347290039062,1006.7279663085938,806.0403442382812,837.2949829101562
1790789470.9224179,1,0,857.0347290039062,1006.7279663085938,806.0403442382812,837.2949829101562
1790789470.9333146,1,0,825.7801513671875,1059.3673095703125,802.7504272460938,824.1351318359375
1790789470.9442894,1,0,825.7801513671875,1059.3673095703125,802.7504272460938,824.1351318359375
1790789470.9558766,1,0,847.1648559570312,980.4082641601562,815.9102783203125,868.5496215820312
1790789470.9670196,1,0,852.0997924804688,954.088623046875,829.070068359375,848.8098754882812
1790789470.9781673,1,0,860.32470703125,1033.047607421875,809.330322265625,853.7448120117188
1790789470.9895222,1,0,858.6797485351562,773.1407470703125,820.84521484375,845.5198974609375
1790789471.0003908,1,0,847.1648559570312,884.9994506835938,806.0403442382812,835.6500244140625
1790789471.0113556,1,0,847.1648559570312,884.9994506835938,806.0403442382812,835.6500244140625
1790789471.0232837,1,0,847.1648559570312,884.9994506835938,806.0403442382812,835.6500244140625
1790789471.0339139,1,0,847.1648559570312,884.9994506835938,806.0403442382812,835.6500244140625
1790789471.045307,1,0,847.1648559570312,884.9994506835938,806.0403442382812,835.6500244140625
1790789471.0567694,1,0,847.1648559570312,884.9994506835938,806.0403442382812,835.6500244140625
1790789471.067751,1,0,845.5198974609375,766.5608520507812,825.7801513671875,863.6146850585938
1790789471.0788293,1,0,829.070068359375,838.9400024414062,824.1351318359375,834.0050048828125
1790789471.0899613,1,0,810.9752807617188,917.8990478515625,824.1351318359375,789.590576171875
1790789471.1013339,1,0,810.9752807617188,917.8990478515625,824.1351318359375,789.590576171875
1790789471.1124918,1,0,810.9752807617188,917.8990478515625,824.1351318359375,789.590576171875
1790789471.1233125,1,0,810.9752807617188,917.8990478515625,824.1351318359375,789.590576171875
1790789471.133995,1,0,810.9752807617188,917.8990478515625,824.1351318359375,789.590576171875
1790789471.145331,1,0,810.9752807617188,917.8990478515625,824.1351318359375,789.590576171875
1790789471.1566343,1,0,810.9752807617188,917.8990478515625,824.1351318359375,789.590576171875
1790789471.1682675,1,0,774.7857666015625,1023.1777954101562,817.5552368164062,753.4010009765625
1790789471.1794558,1,0,796.1704711914062,944.2186889648438,827.4251098632812,774.7857666015625
1790789471.1906533,1,0,778.07568359375,970.5383911132812,824.1351318359375,778.07568359375
1790789471.2016265,1,0,880.064453125,904.7391967773438,824.1351318359375,884.9994506835938
1790789471.2129717,1,0,865.2596435546875,970.5383911132812,806.0403442382812,855.3897705078125
1790789471.224219,1,0,883.3544311523438,917.8990478515625,817.5552368164062,861.9697265625
1790789471.2354174,1,0,889.9343872070312,852.0997924804688,825.7801513671875,875.1295166015625
1790789471.2466297,1,0,873.4845581054688,878.4194946289062,820.84521484375,876.7745361328125
1790789471.257873,1,0,873.4845581054688,878.4194946289062,820.84521484375,876.7745361328125
1790789471.2693393,1,0,873.4845581054688,878.4194946289062,820.84521484375,876.7745361328125
1790789471.2803733,1,0,873.4845581054688,878.4194946289062,820.84521484375,876.7745361328125
1790789471.2919428,1,0,873.4845581054688,878.4194946289062,820.84521484375,876.7745361328125
1790789471.303488,1,0,878.4194946289062,917.8990478515625,814.2652587890625,863.6146850585938
1790789471.3145587,1,0,880.064453125,878.4194946289062,810.9752807617188,868.5496215820312
1790789471.325683,1,0,875.1295166015625,891.579345703125,825.7801513671875,875.1295166015625
1790789471.3365827,1,0,871.839599609375,944.2186889648438,810.9752807617188,857.0347290039062
1790789471.3480923,1,0,857.0347290039062,967.2484130859375,812.6203002929688,843.8749389648438
1790789471.3594964,1,0,845.5198974609375,970.5383911132812,809.330322265625,848.8098754882812
1790789471.370797,1,0,845.5198974609375,970.5383911132812,809.330322265625,848.8098754882812
1790789471.3818235,1,0,845.5198974609375,970.5383911132812,809.330322265625,848.8098754882812
1790789471.3928952,1,0,845.5198974609375,970.5383911132812,809.330322265625,848.8098754882812
1790789471.4044807,1,0,845.5198974609375,970.5383911132812,809.330322265625,848.8098754882812
1790789471.426098,1,0,866.9046630859375,917.8990478515625,827.4251098632812,860.32470703125
1790789471.443154,1,0,878.4194946289062,917.8990478515625,834.0050048828125,863.6146850585938
1790789471.45749,1,0,865.2596435546875,944.2186889648438,824.1351318359375,860.32470703125
1790789471.4685981,1,0,847.1648559570312,996.8580932617188,822.4901733398438,845.5198974609375
1790789471.4800756,1,0,893.2243041992188,917.8990478515625,817.5552368164062,866.9046630859375
1790789471.491868,1,0,893.2243041992188,917.8990478515625,817.5552368164062,866.9046630859375
1790789471.5036273,1,0,893.2243041992188,917.8990478515625,817.5552368164062,866.9046630859375
1790789471.5154426,1,0,893.2243041992188,917.8990478515625,817.5552368164062,866.9046630859375
1790789471.5269659,1,0,861.9697265625,889.9343872070312,837.2949829101562,843.8749389648438
1790789471.5384676,1,0,717.21142578125,968.8934326171875,876.7745361328125,685.956787109375
1790789471.5504537,1,0,717.21142578125,968.8934326171875,876.7745361328125,685.956787109375
1790789471.56149,1,0,717.21142578125,968.8934326171875,876.7745361328125,685.956787109375
1790789471.5729501,1,0,717.21142578125,968.8934326171875,876.7745361328125,685.956787109375
1790789471.5837138,1,0,717.21142578125,968.8934326171875,876.7745361328125,685.956787109375
1790789471.5947342,1,0,717.21142578125,968.8934326171875,876.7745361328125,685.956787109375
1790789471.6054344,1,0,506.6539306640625,968.8934326171875,732.0162353515625,488.5591735839844
1790789471.616989,1,0,151.33819580078125,1153.1312255859375,613.5776977539062,133.243408203125
1790789471.6291072,1,0,72.37913513183594,1521.6068115234375,416.1800231933594,41.124507904052734
1790789471.6407042,1,0,105.27873992919922,1549.571533203125,758.3359375,78.95905303955078
1790789471.6518168,1,0,95.40885925292969,1523.2518310546875,1179.450927734375,78.95905303955078
1790789471.663124,1,0,93.76387786865234,1536.41162109375,1284.7296142578125,70.7341537475586
1790789471.6739805,1,0,93.76387786865234,1536.41162109375,1284.7296142578125,70.7341537475586
1790789471.6848934,1,0,93.76387786865234,1536.41162109375,1284.7296142578125,70.7341537475586
1790789471.6959698,1,0,93.76387786865234,1536.41162109375,1284.7296142578125,70.7341537475586
1790789471.7075648,1,0,93.76387786865234,1536.41162109375,1284.7296142578125,70.7341537475586
1790789471.7186718,1,0,93.76387786865234,1536.41162109375,1284.7296142578125,70.7341537475586
1790789471.730086,1,0,97.05384063720703,1528.186767578125,1047.8525390625,78.95905303955078
1790789471.742106,1,0,26.319684982299805,1529.8316650390625,1033.047607421875,0.0
1790789471.753853,1,0,710.6315307617188,1526.541748046875,932.703857421875,552.71337890625
1790789471.7645905,1,0,1184.3858642578125,1506.802001953125,912.964111328125,1131.7464599609375
1790789471.775985,1,0,1447.5826416015625,292.8064880371094,871.839599609375,1421.2630615234375
1790789471.787292,1,0,1449.2276611328125,136.5333709716797,848.8098754882812,1437.7127685546875
1790789471.7983518,1,0,1449.2276611328125,136.5333709716797,848.8098754882812,1437.7127685546875
1790789471.8100042,1,0,1449.2276611328125,136.5333709716797,848.8098754882812,1437.7127685546875
1790789471.8212419,1,0,1449.2276611328125,136.5333709716797,848.8098754882812,1437.7127685546875
1790789471.832444,1,0,1449.2276611328125,136.5333709716797,848.8098754882812,1437.7127685546875
1790789471.84404,1,0,1449.2276611328125,136.5333709716797,848.8098754882812,1437.7127685546875
1790789471.856142,1,0,1457.45263671875,0.0,784.6556396484375,1505.156982421875
1790789471.867579,1,0,1241.960205078125,24.674705505371094,556.0033569335938,1263.3448486328125
1790789471.8792531,1,0,1164.6461181640625,24.674705505371094,531.3286743164062,1194.2557373046875
1790789471.8904335,1,0,1164.6461181640625,24.674705505371094,531.3286743164062,1194.2557373046875
1790789471.9012396,1,0,1164.6461181640625,24.674705505371094,531.3286743164062,1194.2557373046875
1790789471.9127083,1,0,1164.6461181640625,24.674705505371094,531.3286743164062,1194.2557373046875
1790789471.923611,1,0,1164.6461181640625,24.674705505371094,531.3286743164062,1194.2557373046875
1790789471.9346983,1,0,1164.6461181640625,24.674705505371094,531.3286743164062,1194.2557373046875
1790789471.9465747,1,0,1064.30224609375,27.96466636657715,493.4941101074219,1092.2669677734375
1790789471.9576564,1,0,1018.2428588867188,27.96466636657715,491.84912109375,1046.20751953125
1790789471.9690204,1,0,962.3134765625,42.76948928833008,491.84912109375,1001.7930297851562
1790789471.980491,1,0,870.194580078125,95.40885925292969,486.9141845703125,921.18896484375
1790789471.991717,1,0,870.194580078125,185.88278198242188,500.07403564453125,903.09423828125
1790789472.0031345,1,0,870.194580078125,185.88278198242188,500.07403564453125,903.09423828125
1790789472.0142395,1,0,870.194580078125,185.88278198242188,500.07403564453125,903.09423828125
1790789472.0252447,1,0,870.194580078125,185.88278198242188,500.07403564453125,903.09423828125
1790789472.0372796,1,0,870.194580078125,185.88278198242188,500.07403564453125,903.09423828125
1790789472.0488234,1,0,850.454833984375,212.2024688720703,486.9141845703125,881.70947265625
1790789472.0602653,1,0,751.7560424804688,164.49803161621094,503.3639831542969,791.2355346679688
1790789472.0716717,1,0,778.07568359375,375.0555114746094,529.6836547851562,738.59619140625
1790789472.082744,1,0,18.094783782958984,1455.8076171875,134.8883819580078,3.2899606227874756
1790789472.0941873,1,0,8.224902153015137,1493.6422119140625,266.48681640625,8.224902153015137
1790789472.1055932,1,0,8.224902153015137,1493.6422119140625,266.48681640625,8.224902153015137
1790789472.116424,1,0,8.224902153015137,1493.6422119140625,266.48681640625,8.224902153015137
1790789472.1271293,1,0,8.224902153015137,1493.6422119140625,266.48681640625,8.224902153015137
1790789472.1382127,1,0,21.38474464416504,1515.02685546875,503.3639831542969,13.159842491149902
1790789472.1497588,1,0,23.02972412109375,1457.45263671875,1161.3560791015625,3.2899606227874756
1790789472.160953,1,0,27.96466636657715,1472.2574462890625,1240.315185546875,4.934940814971924
1790789472.1722589,1,0,27.96466636657715,1659.78515625,1508.447021484375,27.96466636657715
1790789472.1830916,1,0,27.96466636657715,1659.78515625,1508.447021484375,27.96466636657715
1790789472.194107,1,0,27.96466636657715,1659.78515625,1508.447021484375,27.96466636657715
1790789472.2054172,1,0,27.96466636657715,1659.78515625,1508.447021484375,27.96466636657715
1790789472.2176635,1,0,27.96466636657715,1659.78515625,1508.447021484375,27.96466636657715
1790789472.2289467,1,0,27.96466636657715,1659.78515625,1508.447021484375,27.96466636657715
1790789472.2399096,1,0,34.544586181640625,1638.400390625,1074.172119140625,27.96466636657715
1790789472.2511346,1,0,27.96466636657715,1651.560302734375,1074.172119140625,27.96466636657715
1790789472.2622738,1,0,189.17274475097656,1631.820556640625,1057.722412109375,83.89399719238281
1790789472.2739246,1,0,337.2209777832031,1653.2052001953125,889.9343872070312,236.87716674804688
1790789472.2853775,1,0,712.2764892578125,1595.6309814453125,926.1239624023438,685.956787109375
1790789472.2969692,1,0,1449.2276611328125,595.48291015625,906.3841552734375,1528.186767578125
1790789472.3080666,1,0,1422.907958984375,82.24901580810547,1080.7520751953125,1475.54736328125
1790789472.3193345,1,0,1352.173828125,118.43858337402344,1202.4805908203125,1431.1329345703125
1790789472.3304892,1,0,1340.658935546875,106.92372131347656,1153.1312255859375,1422.907958984375
1790789472.3415947,1,0,1340.658935546875,106.92372131347656,1153.1312255859375,1422.907958984375
1790789472.3529117,1,0,1340.658935546875,106.92372131347656,1153.1312255859375,1422.907958984375
1790789472.3640444,1,0,1340.658935546875,106.92372131347656,1153.1312255859375,1422.907958984375
1790789472.3758745,1,0,1340.658935546875,106.92372131347656,1153.1312255859375,1422.907958984375
1790789472.3877852,1,0,1343.948974609375,115.14862060546875,1120.2315673828125,1426.197998046875
1790789472.398497,1,0,1329.1441650390625,110.21368408203125,1010.0179443359375,1417.9730224609375
1790789472.4095352,1,0,1327.4991455078125,115.14862060546875,927.7689208984375,1417.9730224609375
1790789472.4208457,1,0,1325.8541259765625,111.8586654663086,889.9343872070312,1416.328125
1790789472.432082,1,0,1324.209228515625,111.8586654663086,866.9046630859375,1416.328125
1790789472.4436417,1,0,1250.18505859375,113.50364685058594,830.715087890625,1401.523193359375
1790789472.4554172,1,0,1237.0252685546875,113.50364685058594,840.5849609375,1385.073486328125
1790789472.4672608,1,0,1237.0252685546875,113.50364685058594,840.5849609375,1385.073486328125
1790789472.478861,1,0,1237.0252685546875,113.50364685058594,840.5849609375,1385.073486328125
1790789472.4899943,1,0,1237.0252685546875,113.50364685058594,840.5849609375,1385.073486328125
1790789472.5007486,1,0,1237.0252685546875,113.50364685058594,840.5849609375,1385.073486328125
1790789472.5126288,1,0,1237.0252685546875,113.50364685058594,840.5849609375,1385.073486328125
1790789472.5240097,1,0,1074.172119140625,113.50364685058594,817.5552368164062,1197.545654296875
1790789472.535306,1,0,998.5030517578125,113.50364685058594,794.5255126953125,1121.8765869140625
1790789472.5466692,1,0,884.9994506835938,113.50364685058594,799.46044921875,1011.6629028320312
1790789472.5580988,1,0,865.2596435546875,113.50364685058594,807.6853637695312,975.4733276367188
1790789472.5702283,1,0,825.7801513671875,113.50364685058594,804.3953857421875,917.8990478515625
1790789472.5820158,0,0,825.7801513671875,113.50364685058594,804.3953857421875,917.8990478515625
1790789472.5929563,0,0,825.7801513671875,113.50364685058594,804.3953857421875,917.8990478515625
1790789472.6039917,0,0,825.7801513671875,113.50364685058594,804.3953857421875,917.8990478515625
1790789472.615203,0,0,825.7801513671875,113.50364685058594,804.3953857421875,917.8990478515625
1790789472.626867,0,0,832.3600463867188,113.50364685058594,822.4901733398438,921.18896484375
1790789472.6377769,0,0,781.3656616210938,113.50364685058594,827.4251098632812,875.1295166015625
1790789472.6488721,0,0,725.4363403320312,113.50364685058594,842.2299194335938,815.9102783203125
1790789472.6598299,0,0,708.9865112304688,121.72854614257812,842.2299194335938,802.7504272460938
1790789472.6706803,0,0,708.9865112304688,121.72854614257812,842.2299194335938,802.7504272460938
1790789472.682283,0,0,662.9270629882812,161.20806884765625,838.9400024414062,773.1407470703125
1790789472.6936786,0,0,657.9921264648438,174.367919921875,838.9400024414062,764.9158325195312
1790789472.705015,0,0,657.9921264648438,174.367919921875,838.9400024414062,764.9158325195312
1790789472.716225,0,0,657.9921264648438,174.367919921875,838.9400024414062,764.9158325195312
1790789472.7272553,0,0,657.9921264648438,174.367919921875,838.9400024414062,764.9158325195312
1790789472.7389426,0,0,657.9921264648438,174.367919921875,838.9400024414062,764.9158325195312
1790789472.749999,0,0,657.9921264648438,174.367919921875,838.9400024414062,764.9158325195312
1790789472.761202,0,0,942.57373046875,261.5518798828125,814.2652587890625,947.5086669921875
1790789472.7723517,0,0,888.2893676757812,498.4290466308594,791.2355346679688,911.319091796875
1790789472.7842577,0,0,911.319091796875,419.4700012207031,807.6853637695312,901.44921875
1790789472.7959862,0,0,911.319091796875,419.4700012207031,807.6853637695312,901.44921875
1790789472.8073964,0,0,911.319091796875,419.4700012207031,807.6853637695312,901.44921875
1790789472.8187559,0,0,911.319091796875,419.4700012207031,807.6853637695312,901.44921875
1790789472.8299248,0,0,911.319091796875,419.4700012207031,807.6853637695312,901.44921875
1790789472.8410647,0,0,911.319091796875,419.4700012207031,807.6853637695312,901.44921875
1790789472.8524604,0,0,919.5440063476562,445.7896728515625,807.6853637695312,893.2243041992188
1790789472.8636186,0,0,903.09423828125,524.7487182617188,791.2355346679688,886.6444091796875
1790789472.8746486,0,0,886.6444091796875,669.5070190429688,810.9752807617188,878.4194946289062
1790789472.8856692,0,0,886.6444091796875,669.5070190429688,810.9752807617188,878.4194946289062
1790789472.8971498,0,0,886.6444091796875,669.5070190429688,810.9752807617188,878.4194946289062
1790789472.908223,0,0,886.6444091796875,669.5070190429688,810.9752807617188,878.4194946289062
1790789472.9189403,0,0,886.6444091796875,669.5070190429688,810.9752807617188,878.4194946289062
1790789472.9298596,0,0,886.6444091796875,669.5070190429688,810.9752807617188,878.4194946289062
1790789472.9410374,0,0,888.2893676757812,669.5070190429688,807.6853637695312,884.9994506835938
1790789472.9516559,0,0,906.3841552734375,551.0684204101562,825.7801513671875,896.5142822265625
1790789472.9629326,0,0,886.6444091796875,656.34716796875,824.1351318359375,889.9343872070312
1790789472.973635,0,0,871.839599609375,695.82666015625,814.2652587890625,875.1295166015625
1790789472.9848907,0,0,881.70947265625,712.2764892578125,810.9752807617188,865.2596435546875
1790789472.9959772,0,0,876.7745361328125,639.8973388671875,824.1351318359375,875.1295166015625
1790789473.0075412,0,0,876.7745361328125,672.7969360351562,819.2001953125,880.064453125
1790789473.0186439,0,0,876.7745361328125,672.7969360351562,819.2001953125,880.064453125
1790789473.0299375,0,0,876.7745361328125,672.7969360351562,819.2001953125,880.064453125
1790789473.041091,0,0,876.7745361328125,672.7969360351562,819.2001953125,880.064453125
1790789473.0524,0,0,876.7745361328125,672.7969360351562,819.2001953125,880.064453125
1790789473.0635657,0,0,876.7745361328125,672.7969360351562,819.2001953125,880.064453125
1790789473.0745614,0,0,870.194580078125,722.1463623046875,812.6203002929688,860.32470703125
1790789473.0855174,0,0,871.839599609375,791.2355346679688,807.6853637695312,847.1648559570312
1790789473.0967815,0,0,889.9343872070312,692.5367431640625,820.84521484375,881.70947265625
1790789473.1080973,0,0,848.8098754882812,804.3953857421875,812.6203002929688,847.1648559570312
1790789473.1195567,0,0,871.839599609375,725.4363403320312,832.3600463867188,860.32470703125
1790789473.1310318,0,0,906.3841552734375,725.4363403320312,837.2949829101562,878.4194946289062
1790789473.1427956,0,0,848.8098754882812,830.715087890625,819.2001953125,852.0997924804688
1790789473.153832,0,0,878.4194946289062,778.07568359375,827.4251098632812,858.6797485351562
1790789473.1651866,0,0,878.4194946289062,778.07568359375,827.4251098632812,858.6797485351562
1790789473.1760652,0,0,878.4194946289062,778.07568359375,827.4251098632812,858.6797485351562
1790789473.187028,0,0,878.4194946289062,778.07568359375,827.4251098632812,858.6797485351562
1790789473.1981893,0,0,878.4194946289062,778.07568359375,827.4251098632812,858.6797485351562
1790789473.209703,0,0,878.4194946289062,778.07568359375,827.4251098632812,858.6797485351562
1790789473.2211142,0,0,870.194580078125,778.07568359375,832.3600463867188,871.839599609375
1790789473.2329218,0,0,857.0347290039062,857.0347290039062,819.2001953125,852.0997924804688
1790789473.2448077,0,0,858.6797485351562,883.3544311523438,810.9752807617188,820.84521484375
1790789473.2559056,0,0,863.6146850585938,857.0347290039062,820.84521484375,843.8749389648438
1790789473.2673388,0,0,863.6146850585938,857.0347290039062,822.4901733398438,855.3897705078125
1790789473.278674,0,0,848.8098754882812,935.9938354492188,802.7504272460938,827.4251098632812
1790789473.289601,0,0,848.8098754882812,935.9938354492188,802.7504272460938,827.4251098632812
1790789473.3010638,0,0,848.8098754882812,935.9938354492188,802.7504272460938,827.4251098632812
1790789473.3127007,0,0,848.8098754882812,935.9938354492188,802.7504272460938,827.4251098632812
1790789473.3242035,0,0,848.8098754882812,935.9938354492188,802.7504272460938,827.4251098632812
1790789473.335368,0,0,848.8098754882812,935.9938354492188,802.7504272460938,827.4251098632812
1790789473.3461058,0,0,848.8098754882812,935.9938354492188,802.7504272460938,827.4251098632812
1790789473.3570852,0,0,875.1295166015625,666.217041015625,837.2949829101562,868.5496215820312
1790789473.3680503,0,0,880.064453125,738.59619140625,822.4901733398438,843.8749389648438
1790789473.3792942,0,0,865.2596435546875,771.4957885742188,819.2001953125,843.8749389648438
1790789473.3906763,0,0,860.32470703125,824.1351318359375,810.9752807617188,835.6500244140625
1790789473.4017506,0,0,860.32470703125,824.1351318359375,810.9752807617188,835.6500244140625
1790789473.4129598,0,0,860.32470703125,824.1351318359375,810.9752807617188,835.6500244140625
1790789473.424363,0,0,860.32470703125,824.1351318359375,810.9752807617188,835.6500244140625
1790789473.4356709,0,0,860.32470703125,824.1351318359375,810.9752807617188,835.6500244140625
1790789473.4467819,0,0,860.32470703125,824.1351318359375,810.9752807617188,835.6500244140625
1790789473.4581885,0,0,860.32470703125,764.9158325195312,824.1351318359375,853.7448120117188
1790789473.4696367,0,0,847.1648559570312,764.9158325195312,830.715087890625,860.32470703125
1790789473.4808064,0,0,871.839599609375,883.3544311523438,815.9102783203125,842.2299194335938
1790789473.4921064,0,0,845.5198974609375,850.454833984375,817.5552368164062,855.3897705078125
1790789473.5037875,0,0,845.5198974609375,850.454833984375,817.5552368164062,855.3897705078125
1790789473.5145333,0,0,845.5198974609375,850.454833984375,817.5552368164062,855.3897705078125
1790789473.5253677,0,0,845.5198974609375,850.454833984375,817.5552368164062,855.3897705078125
1790789473.5361404,0,0,845.5198974609375,850.454833984375,817.5552368164062,855.3897705078125
1790789473.5469491,0,0,845.5198974609375,850.454833984375,817.5552368164062,855.3897705078125
1790789473.5579627,0,0,845.5198974609375,850.454833984375,817.5552368164062,855.3897705078125
1790789473.5699072,0,0,861.9697265625,870.194580078125,822.4901733398438,842.2299194335938
1790789473.581164,0,0,852.0997924804688,962.3134765625,804.3953857421875,830.715087890625
1790789473.5926108,0,0,857.0347290039062,876.7745361328125,819.2001953125,837.2949829101562
1790789473.603387,0,0,871.839599609375,850.454833984375,835.6500244140625,861.9697265625
1790789473.6183593,0,0,871.839599609375,850.454833984375,835.6500244140625,861.9697265625
1790789473.6335256,0,0,871.839599609375,876.7745361328125,835.6500244140625,863.6146850585938
1790789473.645454,0,0,868.5496215820312,850.454833984375,837.2949829101562,880.064453125
1790789473.6571093,0,0,868.5496215820312,850.454833984375,837.2949829101562,880.064453125
1790789473.668227,0,0,868.5496215820312,850.454833984375,837.2949829101562,880.064453125
1790789473.6795309,0,0,868.5496215820312,850.454833984375,837.2949829101562,880.064453125
1790789473.6906388,0,0,868.5496215820312,850.454833984375,837.2949829101562,880.064453125
1790789473.7016907,0,0,848.8098754882812,1034.692626953125,814.2652587890625,840.5849609375
1790789473.712781,0,0,847.1648559570312,1008.3729248046875,815.9102783203125,853.7448120117188
1790789473.7237985,0,0,717.21142578125,1034.692626953125,835.6500244140625,718.8563842773438
1790789473.7355428,0,0,743.5311279296875,1139.971435546875,835.6500244140625,730.3712768554688
1790789473.746792,0,0,759.9808959960938,1034.692626953125,850.454833984375,769.850830078125
1790789473.7587197,0,0,787.945556640625,1100.4918212890625,829.070068359375,799.46044921875
1790789473.7702274,0,0,787.945556640625,1100.4918212890625,829.070068359375,799.46044921875
1790789473.7816386,0,0,787.945556640625,1100.4918212890625,829.070068359375,799.46044921875
1790789473.7931688,0,0,787.945556640625,1100.4918212890625,829.070068359375,799.46044921875
1790789473.8046117,0,0,787.945556640625,1100.4918212890625,829.070068359375,799.46044921875
1790789473.816262,0,0,787.945556640625,1100.4918212890625,829.070068359375,799.46044921875
1790789473.827679,0,0,787.945556640625,1100.4918212890625,829.070068359375,799.46044921875
1790789473.8389702,0,0,868.5496215820312,1126.8115234375,827.4251098632812,857.0347290039062
1790789473.8506148,0,0,855.3897705078125,1205.7706298828125,820.84521484375,855.3897705078125
1790789473.8618286,0,0,855.3897705078125,1205.7706298828125,820.84521484375,855.3897705078125
1790789473.8730764,0,0,855.3897705078125,1205.7706298828125,820.84521484375,855.3897705078125
1790789473.8841534,0,0,855.3897705078125,1205.7706298828125,820.84521484375,855.3897705078125
1790789473.8960087,0,0,855.3897705078125,1205.7706298828125,820.84521484375,855.3897705078125
1790789473.9071877,0,0,855.3897705078125,1205.7706298828125,820.84521484375,855.3897705078125
1790789473.918308,0,0,858.6797485351562,746.8211059570312,827.4251098632812,875.1295166015625
1790789473.929795,0,0,875.1295166015625,766.5608520507812,820.84521484375,850.454833984375
1790789473.941309,0,0,884.9994506835938,733.6612548828125,835.6500244140625,876.7745361328125
1790789473.9525938,0,0,888.2893676757812,674.4419555664062,840.5849609375,876.7745361328125
1790789473.963935,0,0,871.839599609375,766.5608520507812,825.7801513671875,842.2299194335938
1790789473.9755764,0,0,868.5496215820312,792.8805541992188,807.6853637695312,852.0997924804688
1790789473.9864867,0,0,868.5496215820312,792.8805541992188,807.6853637695312,852.0997924804688
1790789473.9972506,0,0,868.5496215820312,792.8805541992188,807.6853637695312,852.0997924804688
1790789474.0084572,0,0,868.5496215820312,792.8805541992188,807.6853637695312,852.0997924804688
1790789474.0197496,0,0,868.5496215820312,792.8805541992188,807.6853637695312,852.0997924804688
1790789474.0309846,0,0,852.0997924804688,786.3005981445312,817.5552368164062,873.4845581054688
1790789474.041725,0,0,883.3544311523438,674.4419555664062,843.8749389648438,861.9697265625
1790789474.0529325,0,0,886.6444091796875,727.081298828125,832.3600463867188,883.3544311523438
1790789474.0645628,0,0,873.4845581054688,713.9214477539062,837.2949829101562,860.32470703125
1790789474.0756502,0,0,873.4845581054688,713.9214477539062,837.2949829101562,860.32470703125
1790789474.0872416,0,0,873.4845581054688,713.9214477539062,837.2949829101562,860.32470703125
1790789474.098296,0,0,873.4845581054688,713.9214477539062,837.2949829101562,860.32470703125
1790789474.109614,0,0,873.4845581054688,713.9214477539062,837.2949829101562,860.32470703125
1790789474.1207123,0,0,873.4845581054688,713.9214477539062,837.2949829101562,860.32470703125
1790789474.132027,0,0,873.4845581054688,713.9214477539062,837.2949829101562,860.32470703125
1790789474.1431773,0,0,873.4845581054688,713.9214477539062,837.2949829101562,860.32470703125
1790789474.15469,0,0,873.4845581054688,713.9214477539062,837.2949829101562,860.32470703125
1790789474.1655674,0,0,881.70947265625,786.3005981445312,819.2001953125,860.32470703125
1790789474.1768045,0,0,860.32470703125,779.720703125,832.3600463867188,853.7448120117188
1790789474.1882162,0,0,893.2243041992188,674.4419555664062,842.2299194335938,870.194580078125
1790789474.1992269,0,0,878.4194946289062,779.720703125,822.4901733398438,853.7448120117188
1790789474.2106118,0,0,878.4194946289062,779.720703125,822.4901733398438,853.7448120117188
1790789474.2217174,0,0,878.4194946289062,779.720703125,822.4901733398438,853.7448120117188
1790789474.232494,0,0,878.4194946289062,779.720703125,822.4901733398438,853.7448120117188
1790789474.2436223,0,0,878.4194946289062,779.720703125,822.4901733398438,853.7448120117188
1790789474.2554464,0,0,878.4194946289062,779.720703125,822.4901733398438,853.7448120117188
1790789474.2666492,0,0,850.454833984375,832.3600463867188,822.4901733398438,838.9400024414062
1790789474.2776418,0,0,870.194580078125,753.4010009765625,834.0050048828125,880.064453125
1790789474.2887406,0,0,866.9046630859375,753.4010009765625,815.9102783203125,860.32470703125
1790789474.2999718,0,0,873.4845581054688,700.7615966796875,830.715087890625,858.6797485351562
1790789474.3111107,0,0,873.4845581054688,700.7615966796875,830.715087890625,858.6797485351562
1790789474.3227437,0,0,873.4845581054688,700.7615966796875,830.715087890625,858.6797485351562
1790789474.333899,0,0,873.4845581054688,700.7615966796875,830.715087890625,858.6797485351562
1790789474.3451667,0,0,873.4845581054688,700.7615966796875,830.715087890625,858.6797485351562
1790789474.3563478,0,0,873.4845581054688,700.7615966796875,830.715087890625,858.6797485351562
1790789474.3676987,0,0,870.194580078125,753.4010009765625,809.330322265625,852.0997924804688
1790789474.3788276,0,0,855.3897705078125,727.081298828125,824.1351318359375,840.5849609375
1790789474.390104,0,0,878.4194946289062,648.1222534179688,830.715087890625,853.7448120117188
1790789474.4015498,0,0,880.064453125,700.7615966796875,822.4901733398438,850.454833984375
1790789474.41266,0,0,873.4845581054688,713.9214477539062,822.4901733398438,861.9697265625
1790789474.424829,0,0,866.9046630859375,727.081298828125,817.5552368164062,848.8098754882812
1790789474.4357717,0,0,866.9046630859375,727.081298828125,817.5552368164062,848.8098754882812
1790789474.4467864,0,0,866.9046630859375,727.081298828125,817.5552368164062,848.8098754882812
1790789474.4577136,0,0,866.9046630859375,727.081298828125,817.5552368164062,848.8098754882812
1790789474.4687412,0,0,866.9046630859375,727.081298828125,817.5552368164062,848.8098754882812
1790789474.479748,0,0,865.2596435546875,713.9214477539062,817.5552368164062,848.8098754882812
1790789474.4911017,0,0,848.8098754882812,806.0403442382812,806.0403442382812,842.2299194335938
1790789474.5020509,0,0,848.8098754882812,806.0403442382812,806.0403442382812,842.2299194335938
1790789474.5133443,0,0,863.6146850585938,740.2411499023438,822.4901733398438,842.2299194335938
1790789474.524573,0,0,853.7448120117188,796.1704711914062,819.2001953125,837.2949829101562
1790789474.5356772,0,0,866.9046630859375,822.4901733398438,812.6203002929688,837.2949829101562
1790789474.546571,0,0,870.194580078125,769.850830078125,819.2001953125,861.9697265625
1790789474.557877,0,0,853.7448120117188,927.7689208984375,815.9102783203125,843.8749389648438
1790789474.5687273,0,0,875.1295166015625,796.1704711914062,825.7801513671875,861.9697265625
1790789474.5793736,0,0,875.1295166015625,796.1704711914062,825.7801513671875,861.9697265625
1790789474.5906038,0,0,875.1295166015625,796.1704711914062,825.7801513671875,861.9697265625
1790789474.6014392,0,0,875.1295166015625,796.1704711914062,825.7801513671875,861.9697265625
1790789474.612826,0,0,875.1295166015625,796.1704711914062,825.7801513671875,861.9697265625
1790789474.6234858,0,0,875.1295166015625,796.1704711914062,825.7801513671875,861.9697265625
1790789474.6343641,0,0,863.6146850585938,875.1295166015625,809.330322265625,853.7448120117188
1790789474.6456103,0,0,847.1648559570312,980.4082641601562,809.330322265625,824.1351318359375
1790789474.6569226,0,0,870.194580078125,875.1295166015625,829.070068359375,871.839599609375
1790789474.6683853,0,0,861.9697265625,901.44921875,827.4251098632812,842.2299194335938
1790789474.6801264,0,1,861.9697265625,901.44921875,827.4251098632812,842.2299194335938
1790789474.6917493,0,1,861.9697265625,901.44921875,827.4251098632812,842.2299194335938
1790789474.7025023,0,1,861.9697265625,901.44921875,827.4251098632812,842.2299194335938
1790789474.7135673,0,1,861.9697265625,901.44921875,827.4251098632812,842.2299194335938
1790789474.7245443,0,1,861.9697265625,901.44921875,827.4251098632812,842.2299194335938
1790789474.7352247,0,1,871.839599609375,940.9287719726562,801.1054077148438,843.8749389648438
1790789474.7465625,0,1,850.454833984375,914.6090698242188,837.2949829101562,861.9697265625
1790789474.7576563,0,1,868.5496215820312,940.9287719726562,827.4251098632812,852.0997924804688
1790789474.7687218,0,1,838.9400024414062,1151.4862060546875,807.6853637695312,835.6500244140625
1790789474.7795236,0,1,850.454833984375,1072.5272216796875,817.5552368164062,855.3897705078125
1790789474.7905905,0,1,858.6797485351562,1019.8878173828125,830.715087890625,871.839599609375
1790789474.8015447,0,1,858.6797485351562,1019.8878173828125,830.715087890625,871.839599609375
1790789474.8131526,0,1,858.6797485351562,1019.8878173828125,830.715087890625,871.839599609375
1790789474.8238447,0,1,858.6797485351562,1019.8878173828125,830.715087890625,871.839599609375
1790789474.8345423,0,1,858.6797485351562,1019.8878173828125,830.715087890625,871.839599609375
1790789474.845754,1,1,858.6797485351562,1019.8878173828125,830.715087890625,871.839599609375
1790789474.8571694,1,1,858.6797485351562,1019.8878173828125,830.715087890625,871.839599609375
1790789474.8683727,1,1,860.32470703125,1204.1256103515625,812.6203002929688,848.8098754882812
1790789474.8797302,1,1,866.9046630859375,1151.4862060546875,829.070068359375,857.0347290039062
1790789474.8978202,1,1,848.8098754882812,1243.6051025390625,824.1351318359375,858.6797485351562
1790789474.915619,1,1,878.4194946289062,1164.6461181640625,827.4251098632812,853.7448120117188
1790789474.926878,1,1,878.4194946289062,1164.6461181640625,827.4251098632812,853.7448120117188
1790789474.9388764,1,1,878.4194946289062,1164.6461181640625,827.4251098632812,853.7448120117188
1790789474.9505565,1,1,878.4194946289062,1164.6461181640625,827.4251098632812,853.7448120117188
1790789474.9617822,1,1,878.4194946289062,1164.6461181640625,827.4251098632812,853.7448120117188
1790789474.9734545,1,1,878.4194946289062,1164.6461181640625,827.4251098632812,853.7448120117188
1790789474.9854124,1,1,878.4194946289062,1217.285400390625,824.1351318359375,866.9046630859375
1790789474.9964273,1,1,850.454833984375,1322.564208984375,812.6203002929688,837.2949829101562
1790789475.0078878,1,1,875.1295166015625,1230.4453125,825.7801513671875,850.454833984375
1790789475.0188868,1,1,875.1295166015625,1230.4453125,825.7801513671875,850.454833984375
1790789475.0304103,1,1,868.5496215820312,1200.835693359375,820.84521484375,858.6797485351562
1790789475.0413404,1,1,847.1648559570312,1246.8951416015625,812.6203002929688,840.5849609375
1790789475.0521557,1,1,863.6146850585938,1269.9248046875,815.9102783203125,857.0347290039062
1790789475.0638883,1,1,873.4845581054688,787.945556640625,807.6853637695312,850.454833984375
1790789475.0749972,1,1,871.839599609375,806.0403442382812,814.2652587890625,842.2299194335938
1790789475.0860052,1,1,871.839599609375,806.0403442382812,814.2652587890625,842.2299194335938
1790789475.0975378,1,1,871.839599609375,806.0403442382812,814.2652587890625,842.2299194335938
1790789475.1085749,1,1,871.839599609375,806.0403442382812,814.2652587890625,842.2299194335938
1790789475.1193635,1,1,871.839599609375,806.0403442382812,814.2652587890625,842.2299194335938
1790789475.130264,1,1,871.839599609375,806.0403442382812,814.2652587890625,842.2299194335938
1790789475.1411507,1,1,866.9046630859375,784.6556396484375,819.2001953125,845.5198974609375
1790789475.1521938,1,1,861.9697265625,786.3005981445312,796.1704711914062,845.5198974609375
1790789475.1628373,1,1,842.2299194335938,827.4251098632812,804.3953857421875,838.9400024414062
1790789475.174477,1,1,860.32470703125,796.1704711914062,822.4901733398438,847.1648559570312
1790789475.185722,1,1,868.5496215820312,713.9214477539062,827.4251098632812,857.0347290039062
1790789475.1968412,1,0,868.5496215820312,713.9214477539062,827.4251098632812,857.0347290039062
1790789475.207916,1,0,868.5496215820312,713.9214477539062,827.4251098632812,857.0347290039062
1790789475.2190108,1,0,868.5496215820312,713.9214477539062,827.4251098632812,857.0347290039062
1790789475.2307887,1,0,868.5496215820312,713.9214477539062,827.4251098632812,857.0347290039062
1790789475.2415743,1,0,868.5496215820312,713.9214477539062,827.4251098632812,857.0347290039062
1790789475.2525246,1,0,853.7448120117188,855.3897705078125,819.2001953125,830.715087890625
1790789475.263828,1,0,852.0997924804688,802.7504272460938,817.5552368164062,845.5198974609375
1790789475.2747703,1,0,876.7745361328125,750.1110229492188,827.4251098632812,858.6797485351562
1790789475.2861178,1,0,876.7745361328125,750.1110229492188,827.4251098632812,858.6797485351562
1790789475.2973077,1,0,876.7745361328125,750.1110229492188,827.4251098632812,858.6797485351562
1790789475.3086727,1,0,876.7745361328125,750.1110229492188,827.4251098632812,858.6797485351562
1790789475.3198402,1,0,876.7745361328125,750.1110229492188,827.4251098632812,858.6797485351562
1790789475.3307102,1,0,876.7745361328125,750.1110229492188,827.4251098632812,858.6797485351562
1790789475.3416798,1,0,850.454833984375,802.7504272460938,819.2001953125,835.6500244140625
1790789475.3530517,1,0,861.9697265625,921.18896484375,799.46044921875,820.84521484375
1790789475.364432,1,0,858.6797485351562,960.6685180664062,807.6853637695312,840.5849609375
1790789475.3756797,1,0,858.6797485351562,960.6685180664062,807.6853637695312,840.5849609375
1790789475.386976,1,0,858.6797485351562,960.6685180664062,807.6853637695312,840.5849609375
1790789475.3979049,1,0,858.6797485351562,960.6685180664062,807.6853637695312,840.5849609375
1790789475.4091983,1,0,858.6797485351562,960.6685180664062,807.6853637695312,840.5849609375
1790789475.4208848,1,0,858.6797485351562,960.6685180664062,807.6853637695312,840.5849609375
1790789475.4318695,1,0,858.6797485351562,960.6685180664062,807.6853637695312,840.5849609375
1790789475.4430702,1,0,906.3841552734375,802.7504272460938,829.070068359375,876.7745361328125
1790789475.4541996,1,0,926.1239624023438,829.070068359375,824.1351318359375,924.4789428710938
1790789475.4657583,1,0,959.0235595703125,908.0291748046875,820.84521484375,919.5440063476562
1790789475.477816,1,0,962.3134765625,855.3897705078125,830.715087890625,935.9938354492188
1790789475.4900389,1,0,935.9938354492188,855.3897705078125,827.4251098632812,914.6090698242188
1790789475.500688,1,0,935.9938354492188,855.3897705078125,827.4251098632812,914.6090698242188
1790789475.511986,1,0,935.9938354492188,855.3897705078125,827.4251098632812,914.6090698242188
1790789475.523285,1,0,935.9938354492188,855.3897705078125,827.4251098632812,914.6090698242188
1790789475.5339875,1,0,935.9938354492188,855.3897705078125,827.4251098632812,914.6090698242188
1790789475.544817,1,0,935.9938354492188,855.3897705078125,827.4251098632812,914.6090698242188
1790789475.556138,1,0,935.9938354492188,855.3897705078125,827.4251098632812,914.6090698242188
1790789475.567254,1,0,916.2540283203125,934.3488159179688,809.330322265625,888.2893676757812
1790789475.5787623,1,0,929.4138793945312,881.70947265625,820.84521484375,893.2243041992188
1790789475.5902567,1,0,903.09423828125,855.3897705078125,822.4901733398438,880.064453125
1790789475.6017745,1,0,880.064453125,881.70947265625,817.5552368164062,870.194580078125
1790789475.612783,1,0,868.5496215820312,881.70947265625,832.3600463867188,868.5496215820312
1790789475.6242154,1,0,891.579345703125,855.3897705078125,830.715087890625,878.4194946289062
1790789475.6356466,1,0,875.1295166015625,881.70947265625,824.1351318359375,866.9046630859375
1790789475.646619,1,0,868.5496215820312,855.3897705078125,809.330322265625,853.7448120117188
1790789475.6578915,1,0,880.064453125,776.4307250976562,830.715087890625,848.8098754882812
1790789475.6691148,1,0,880.064453125,776.4307250976562,830.715087890625,848.8098754882812
1790789475.6802235,1,0,880.064453125,776.4307250976562,830.715087890625,848.8098754882812
1790789475.6910043,1,0,880.064453125,776.4307250976562,830.715087890625,848.8098754882812
1790789475.7019403,1,0,880.064453125,776.4307250976562,830.715087890625,848.8098754882812
1790789475.7131252,1,0,880.064453125,776.4307250976562,830.715087890625,848.8098754882812
1790789475.7239914,1,0,880.064453125,776.4307250976562,830.715087890625,848.8098754882812
1790789475.7352207,1,0,888.2893676757812,802.7504272460938,820.84521484375,863.6146850585938
1790789475.746632,1,0,863.6146850585938,736.951171875,829.070068359375,870.194580078125
1790789475.7583685,1,0,866.9046630859375,829.070068359375,817.5552368164062,840.5849609375
1790789475.7696748,1,0,865.2596435546875,776.4307250976562,817.5552368164062,858.6797485351562
1790789475.7810738,1,0,857.0347290039062,723.7913208007812,825.7801513671875,847.1648559570312
1790789475.7924511,1,0,857.0347290039062,723.7913208007812,825.7801513671875,847.1648559570312
1790789475.803406,1,0,857.0347290039062,723.7913208007812,825.7801513671875,847.1648559570312
1790789475.8144796,1,0,857.0347290039062,723.7913208007812,825.7801513671875,847.1648559570312
1790789475.8254528,1,0,857.0347290039062,723.7913208007812,825.7801513671875,847.1648559570312
1790789475.8364642,1,0,835.6500244140625,750.1110229492188,819.2001953125,845.5198974609375
1790789475.8472698,1,0,842.2299194335938,750.1110229492188,850.454833984375,824.1351318359375
1790789475.8585153,1,0,750.1110229492188,960.6685180664062,898.1592407226562,733.6612548828125
1790789475.8692665,1,0,585.6129760742188,802.7504272460938,835.6500244140625,562.583251953125
1790789475.8808434,1,0,585.6129760742188,802.7504272460938,835.6500244140625,562.583251953125
1790789475.8920524,1,0,585.6129760742188,802.7504272460938,835.6500244140625,562.583251953125
1790789475.9028196,1,0,585.6129760742188,802.7504272460938,835.6500244140625,562.583251953125
1790789475.9141226,1,0,585.6129760742188,802.7504272460938,835.6500244140625,562.583251953125
1790789475.9259079,1,0,585.6129760742188,802.7504272460938,835.6500244140625,562.583251953125
1790789475.9369853,1,0,585.6129760742188,802.7504272460938,835.6500244140625,562.583251953125
1790789475.947956,1,0,503.3639831542969,1046.20751953125,756.6909790039062,468.81939697265625
1790789475.9591987,1,0,34.544586181640625,1501.8670654296875,1538.056640625,19.739763259887695
1790789475.969911,1,0,39.47952651977539,1510.0919189453125,1641.6904296875,23.02972412109375
1790789475.9811077,1,0,39.47952651977539,1510.0919189453125,1641.6904296875,23.02972412109375
1790789475.9919343,1,0,39.47952651977539,1510.0919189453125,1641.6904296875,23.02972412109375
1790789476.002671,1,0,39.47952651977539,1510.0919189453125,1641.6904296875,23.02972412109375
1790789476.0134954,1,0,39.47952651977539,1510.0919189453125,1641.6904296875,23.02972412109375
1790789476.0245094,1,0,39.47952651977539,1510.0919189453125,1641.6904296875,23.02972412109375
1790789476.035858,1,0,44.41447067260742,1518.31689453125,1644.9803466796875,27.96466636657715
1790789476.0469668,1,0,46.0594482421875,1508.447021484375,1664.7200927734375,27.96466636657715
1790789476.0579948,1,0,44.41447067260742,1508.447021484375,1457.45263671875,27.96466636657715
1790789476.0694208,1,0,44.41447067260742,1510.0919189453125,1299.534423828125,27.96466636657715
1790789476.0805435,1,0,195.75265502929688,1510.0919189453125,1128.45654296875,60.86427307128906
1790789476.0915203,1,0,370.1205749511719,1510.0919189453125,1088.9769287109375,194.10768127441406
1790789476.1027398,1,0,370.1205749511719,1510.0919189453125,1088.9769287109375,194.10768127441406
1790789476.11417,1,0,370.1205749511719,1510.0919189453125,1088.9769287109375,194.10768127441406
1790789476.1253066,1,0,370.1205749511719,1510.0919189453125,1088.9769287109375,194.10768127441406
1790789476.1362967,1,0,370.1205749511719,1510.0919189453125,1088.9769287109375,194.10768127441406
1790789476.1476195,1,0,370.1205749511719,1510.0919189453125,1088.9769287109375,194.10768127441406
1790789476.1587663,1,0,736.951171875,1503.5120849609375,884.9994506835938,679.3768920898438
1790789476.1698635,1,0,736.951171875,1503.5120849609375,884.9994506835938,679.3768920898438
1790789476.1813877,1,0,1661.43017578125,398.0852355957031,911.319091796875,1602.2108154296875
1790789476.1924725,1,0,1669.655029296875,24.674705505371094,812.6203002929688,1658.14013671875
1790789476.203682,1,0,1669.655029296875,24.674705505371094,812.6203002929688,1658.14013671875
1790789476.2149265,1,0,1669.655029296875,24.674705505371094,812.6203002929688,1658.14013671875
1790789476.2266276,1,0,1669.655029296875,24.674705505371094,812.6203002929688,1658.14013671875
1790789476.2374172,1,0,1669.655029296875,24.674705505371094,812.6203002929688,1658.14013671875
1790789476.2485743,1,0,1669.655029296875,24.674705505371094,812.6203002929688,1658.14013671875
1790789476.2597528,1,0,1668.010009765625,27.96466636657715,789.590576171875,1653.2052001953125
1790789476.2713368,1,0,1669.655029296875,26.319684982299805,720.5014038085938,1654.8502197265625
1790789476.2824817,1,0,1628.530517578125,27.96466636657715,699.1166381835938,1644.9803466796875
1790789476.2937858,1,0,1575.89111328125,27.96466636657715,641.5423583984375,1602.2108154296875
1790789476.3050108,1,0,1444.292724609375,27.96466636657715,653.0571899414062,1470.6124267578125
1790789476.3161309,1,0,1444.292724609375,27.96466636657715,653.0571899414062,1470.6124267578125
1790789476.3275151,1,0,1260.054931640625,27.96466636657715,628.3825073242188,1312.6943359375
1790789476.3390768,1,0,1260.054931640625,27.96466636657715,628.3825073242188,1312.6943359375
1790789476.350042,1,0,1260.054931640625,27.96466636657715,628.3825073242188,1312.6943359375
1790789476.3608599,1,0,1260.054931640625,27.96466636657715,628.3825073242188,1312.6943359375
1790789476.372071,1,0,1260.054931640625,27.96466636657715,628.3825073242188,1312.6943359375
1790789476.38339,1,0,1260.054931640625,27.96466636657715,628.3825073242188,1312.6943359375
1790789476.3944266,1,0,944.2186889648438,27.96466636657715,353.6707763671875,1023.1777954101562
1790789476.4062483,1,0,470.4643859863281,166.1430206298828,113.50364685058594,549.4234619140625
1790789476.4176216,1,0,182.5928192138672,922.833984375,52.63936996459961,222.0723419189453
1790789476.428448,1,0,227.00729370117188,1584.1160888671875,842.2299194335938,259.9068908691406
1790789476.4393904,1,0,225.3623046875,1549.571533203125,657.9921264648438,258.26190185546875
1790789476.4502225,1,0,223.7173309326172,1276.5047607421875,605.352783203125,256.616943359375
1790789476.4612236,1,0,225.3623046875,602.0628051757812,710.6315307617188,258.26190185546875
1790789476.4728417,1,0,225.3623046875,1248.5400390625,579.0330810546875,256.616943359375
1790789476.4839797,1,0,225.3623046875,616.8676147460938,789.590576171875,258.26190185546875
1790789476.495221,1,0,225.3623046875,616.8676147460938,789.590576171875,258.26190185546875
1790789476.5066848,1,0,225.3623046875,616.8676147460938,789.590576171875,258.26190185546875
1790789476.518104,1,0,225.3623046875,616.8676147460938,789.590576171875,258.26190185546875
1790789476.5299942,1,0,225.3623046875,616.8676147460938,789.590576171875,258.26190185546875
1790789476.5409625,1,0,225.3623046875,616.8676147460938,789.590576171875,258.26190185546875
1790789476.5524633,1,0,454.01458740234375,1658.14013671875,634.96240234375,378.3454895019531
1790789476.5636091,1,0,572.4531860351562,1131.7464599609375,702.4066162109375,536.2636108398438
1790789476.574355,1,0,611.9326782226562,1079.1070556640625,708.9865112304688,575.7431030273438
1790789476.5851996,1,0,611.9326782226562,1079.1070556640625,708.9865112304688,575.7431030273438
1790789476.5960906,1,0,611.9326782226562,1079.1070556640625,708.9865112304688,575.7431030273438
1790789476.6069195,1,0,611.9326782226562,1079.1070556640625,708.9865112304688,575.7431030273438
1790789476.6177006,1,0,611.9326782226562,1079.1070556640625,708.9865112304688,575.7431030273438
1790789476.628726,1,0,611.9326782226562,1079.1070556640625,708.9865112304688,575.7431030273438
1790789476.640205,1,0,835.6500244140625,1658.14013671875,741.8861083984375,759.9808959960938
1790789476.6515403,1,0,940.9287719726562,1394.943359375,756.6909790039062,878.4194946289062
1790789476.6631005,1,0,940.9287719726562,1394.943359375,756.6909790039062,878.4194946289062
1790789476.673752,1,0,1368.6236572265625,815.9102783203125,786.3005981445312,1391.6533203125
1790789476.684654,0,0,1682.81494140625,1158.066162109375,766.5608520507812,1682.81494140625
1790789476.6958358,0,0,1623.5955810546875,236.87716674804688,878.4194946289062,1664.7200927734375
1790789476.7071347,0,0,1623.5955810546875,157.91810607910156,970.5383911132812,1664.7200927734375
1790789476.7179415,0,0,1623.5955810546875,157.91810607910156,970.5383911132812,1664.7200927734375
1790789476.7291152,0,0,1623.5955810546875,157.91810607910156,970.5383911132812,1664.7200927734375
1790789476.7400134,0,0,1623.5955810546875,157.91810607910156,970.5383911132812,1664.7200927734375
1790789476.750988,0,0,1623.5955810546875,157.91810607910156,970.5383911132812,1664.7200927734375
1790789476.7618597,0,0,1623.5955810546875,157.91810607910156,970.5383911132812,1664.7200927734375
1790789476.7725987,0,0,1623.5955810546875,157.91810607910156,970.5383911132812,1664.7200927734375
1790789476.7838078,0,0,1623.5955810546875,157.91810607910156,970.5383911132812,1664.7200927734375
1790789476.795261,0,0,1626.885498046875,157.91810607910156,904.7391967773438,1668.010009765625
1790789476.8062215,0,0,1626.885498046875,157.91810607910156,868.5496215820312,1668.010009765625
1790789476.8171375,0,0,1626.885498046875,157.91810607910156,868.5496215820312,1668.010009765625
1790789476.8279343,0,0,1626.885498046875,157.91810607910156,868.5496215820312,1668.010009765625
1790789476.8390317,0,0,1626.885498046875,157.91810607910156,868.5496215820312,1668.010009765625
1790789476.8496888,0,0,1628.530517578125,156.27313232421875,880.064453125,1668.010009765625
1790789476.8606951,0,0,1626.885498046875,157.91810607910156,825.7801513671875,1668.010009765625
1790789476.871792,0,0,1464.032470703125,27.96466636657715,842.2299194335938,1542.9915771484375
1790789476.8825848,0,0,1464.032470703125,27.96466636657715,842.2299194335938,1542.9915771484375
1790789476.8987458,0,0,1339.0140380859375,27.96466636657715,822.4901733398438,1396.5882568359375
1790789476.9109097,0,0,1256.7650146484375,37.83454895019531,810.9752807617188,1296.2445068359375
1790789476.922,0,0,1256.7650146484375,37.83454895019531,810.9752807617188,1296.2445068359375
1790789476.9338868,0,0,1256.7650146484375,37.83454895019531,810.9752807617188,1296.2445068359375
1790789476.945056,0,0,1256.7650146484375,37.83454895019531,810.9752807617188,1296.2445068359375
1790789476.9566162,0,0,1256.7650146484375,37.83454895019531,810.9752807617188,1296.2445068359375
1790789476.9683635,0,0,1205.7706298828125,31.254627227783203,824.1351318359375,1243.6051025390625
1790789476.9796278,0,0,1169.5810546875,74.02411651611328,810.9752807617188,1217.285400390625
1790789476.9909441,0,0,1116.941650390625,82.24901580810547,819.2001953125,1158.066162109375
1790789477.0024478,0,0,982.0532836914062,319.1261901855469,802.7504272460938,1014.952880859375
1790789477.013977,0,0,962.3134765625,398.0852355957031,802.7504272460938,962.3134765625
1790789477.0251346,0,0,949.1536865234375,398.0852355957031,810.9752807617188,957.3785400390625
1790789477.036507,0,0,929.4138793945312,529.6836547851562,796.1704711914062,945.8637084960938
1790789477.0476918,0,0,934.3488159179688,424.4049377441406,810.9752807617188,949.1536865234375
1790789477.0588775,0,0,934.3488159179688,424.4049377441406,810.9752807617188,949.1536865234375
1790789477.0703437,0,0,934.3488159179688,424.4049377441406,810.9752807617188,949.1536865234375
1790789477.0815058,0,0,934.3488159179688,424.4049377441406,810.9752807617188,949.1536865234375
1790789477.0924475,0,0,934.3488159179688,424.4049377441406,810.9752807617188,949.1536865234375
1790789477.1035376,0,0,934.3488159179688,424.4049377441406,810.9752807617188,949.1536865234375
1790789477.1145523,0,0,896.5142822265625,634.96240234375,801.1054077148438,914.6090698242188
1790789477.1254942,0,0,911.319091796875,792.8805541992188,794.5255126953125,871.839599609375
1790789477.1366582,0,0,893.2243041992188,792.8805541992188,789.590576171875,896.5142822265625
1790789477.1476364,0,0,893.2243041992188,792.8805541992188,789.590576171875,896.5142822265625
1790789477.1587334,0,0,893.2243041992188,792.8805541992188,789.590576171875,896.5142822265625
1790789477.1698525,0,0,893.2243041992188,792.8805541992188,789.590576171875,896.5142822265625
1790789477.1809537,0,0,893.2243041992188,792.8805541992188,789.590576171875,896.5142822265625
1790789477.1924837,0,0,888.2893676757812,819.2001953125,789.590576171875,896.5142822265625
1790789477.203813,0,0,924.4789428710938,687.601806640625,812.6203002929688,922.833984375
1790789477.2147894,0,0,901.44921875,766.5608520507812,801.1054077148438,886.6444091796875
1790789477.226142,0,0,896.5142822265625,871.839599609375,771.4957885742188,873.4845581054688
1790789477.2376175,0,0,894.8693237304688,819.2001953125,789.590576171875,883.3544311523438
1790789477.2488525,0,0,906.3841552734375,687.601806640625,810.9752807617188,899.8042602539062
1790789477.259659,0,0,906.3841552734375,687.601806640625,810.9752807617188,899.8042602539062
1790789477.2708797,0,0,906.3841552734375,687.601806640625,810.9752807617188,899.8042602539062
1790789477.2823615,0,0,906.3841552734375,687.601806640625,810.9752807617188,899.8042602539062
1790789477.2938974,0,0,906.3841552734375,687.601806640625,810.9752807617188,899.8042602539062
1790789477.3064702,0,0,906.3841552734375,687.601806640625,810.9752807617188,899.8042602539062
1790789477.3183122,0,0,949.1536865234375,740.2411499023438,799.46044921875,917.8990478515625
1790789477.330007,0,0,924.4789428710938,766.5608520507812,797.8154907226562,919.5440063476562
1790789477.3411355,0,0,909.6741333007812,950.7986450195312,786.3005981445312,881.70947265625
1790789477.3519547,0,0,909.6741333007812,950.7986450195312,786.3005981445312,881.70947265625
1790789477.3632436,0,0,909.6741333007812,950.7986450195312,786.3005981445312,881.70947265625
1790789477.3746812,0,0,909.6741333007812,950.7986450195312,786.3005981445312,881.70947265625
1790789477.3867981,0,0,909.6741333007812,950.7986450195312,786.3005981445312,881.70947265625
1790789477.4013336,0,0,909.6741333007812,950.7986450195312,786.3005981445312,881.70947265625
1790789477.4139066,0,0,909.6741333007812,950.7986450195312,786.3005981445312,881.70947265625
1790789477.4254935,0,0,904.7391967773438,845.5198974609375,797.8154907226562,909.6741333007812
1790789477.4396775,0,0,896.5142822265625,924.4789428710938,801.1054077148438,891.579345703125
1790789477.4508088,0,0,886.6444091796875,802.7504272460938,784.6556396484375,875.1295166015625
1790789477.4621878,0,0,886.6444091796875,802.7504272460938,784.6556396484375,875.1295166015625
1790789477.4732876,0,0,904.7391967773438,720.5014038085938,796.1704711914062,899.8042602539062
1790789477.4854522,0,0,878.4194946289062,776.4307250976562,797.8154907226562,884.9994506835938
1790789477.4972682,0,0,896.5142822265625,625.092529296875,810.9752807617188,893.2243041992188
1790789477.5092385,0,0,896.5142822265625,625.092529296875,810.9752807617188,893.2243041992188
1790789477.5214424,0,0,896.5142822265625,625.092529296875,810.9752807617188,893.2243041992188
1790789477.5336735,0,0,896.5142822265625,625.092529296875,810.9752807617188,893.2243041992188
1790789477.5452442,0,0,894.8693237304688,736.951171875,797.8154907226562,868.5496215820312
1790789477.556664,0,0,880.064453125,684.3118286132812,801.1054077148438,875.1295166015625
1790789477.5679588,0,0,860.32470703125,710.6315307617188,792.8805541992188,848.8098754882812
1790789477.5795395,0,0,861.9697265625,736.951171875,791.2355346679688,845.5198974609375
1790789477.5906737,0,0,861.9697265625,736.951171875,791.2355346679688,845.5198974609375
1790789477.601613,0,0,861.9697265625,736.951171875,791.2355346679688,845.5198974609375
1790789477.6126914,0,0,861.9697265625,736.951171875,791.2355346679688,845.5198974609375
1790789477.6243825,0,0,861.9697265625,736.951171875,791.2355346679688,845.5198974609375
1790789477.6355536,0,0,878.4194946289062,631.6724243164062,796.1704711914062,865.2596435546875
1790789477.6473415,0,0,858.6797485351562,631.6724243164062,797.8154907226562,860.32470703125
1790789477.658777,0,0,860.32470703125,579.0330810546875,801.1054077148438,865.2596435546875
1790789477.6701794,0,0,855.3897705078125,631.6724243164062,801.1054077148438,860.32470703125
1790789477.6813262,0,0,881.70947265625,592.1929321289062,801.1054077148438,858.6797485351562
1790789477.6929123,0,0,852.0997924804688,552.71337890625,807.6853637695312,845.5198974609375
1790789477.7045457,0,0,852.0997924804688,552.71337890625,807.6853637695312,845.5198974609375
1790789477.716146,0,0,852.0997924804688,552.71337890625,807.6853637695312,845.5198974609375
1790789477.7275302,0,0,852.0997924804688,552.71337890625,807.6853637695312,845.5198974609375
1790789477.7389815,0,0,852.0997924804688,552.71337890625,807.6853637695312,845.5198974609375
1790789477.7501693,0,0,852.0997924804688,552.71337890625,807.6853637695312,845.5198974609375
1790789477.7613182,0,0,852.0997924804688,605.352783203125,792.8805541992188,843.8749389648438
1790789477.7721815,0,0,857.0347290039062,579.0330810546875,801.1054077148438,863.6146850585938
1790789477.7835433,0,0,857.0347290039062,579.0330810546875,801.1054077148438,863.6146850585938
1790789477.79488,0,0,863.6146850585938,605.352783203125,804.3953857421875,848.8098754882812
1790789477.8064058,0,0,863.6146850585938,684.3118286132812,801.1054077148438,838.9400024414062
1790789477.8172126,0,0,855.3897705078125,618.5126342773438,804.3953857421875,845.5198974609375
1790789477.8284533,0,0,865.2596435546875,625.092529296875,799.46044921875,838.9400024414062
1790789477.8395505,0,0,837.2949829101562,631.6724243164062,809.330322265625,855.3897705078125
1790789477.8506496,0,0,878.4194946289062,526.3937377929688,829.070068359375,880.064453125
1790789477.8615906,0,0,857.0347290039062,690.8917236328125,801.1054077148438,837.2949829101562
1790789477.872814,0,0,886.6444091796875,539.5535278320312,819.2001953125,858.6797485351562
1790789477.8838544,0,0,886.6444091796875,539.5535278320312,819.2001953125,858.6797485351562
1790789477.8958478,0,0,886.6444091796875,539.5535278320312,819.2001953125,858.6797485351562
1790789477.906808,0,0,886.6444091796875,539.5535278320312,819.2001953125,858.6797485351562
1790789477.917606,0,0,886.6444091796875,539.5535278320312,819.2001953125,858.6797485351562
1790789477.9293716,0,0,886.6444091796875,539.5535278320312,819.2001953125,858.6797485351562
1790789477.9406946,0,0,837.2949829101562,690.8917236328125,804.3953857421875,847.1648559570312
1790789477.9517705,0,0,863.6146850585938,743.5311279296875,801.1054077148438,850.454833984375
1790789477.963048,0,0,883.3544311523438,638.2523803710938,837.2949829101562,868.5496215820312
1790789477.9746048,0,0,883.3544311523438,638.2523803710938,837.2949829101562,868.5496215820312
1790789477.9859567,0,0,883.3544311523438,638.2523803710938,837.2949829101562,868.5496215820312
1790789477.9976234,0,0,883.3544311523438,638.2523803710938,837.2949829101562,868.5496215820312
1790789478.0088985,0,0,883.3544311523438,638.2523803710938,837.2949829101562,868.5496215820312
1790789478.019661,0,0,883.3544311523438,638.2523803710938,837.2949829101562,868.5496215820312
1790789478.0304744,0,0,883.3544311523438,638.2523803710938,837.2949829101562,868.5496215820312
1790789478.0421765,0,0,858.6797485351562,824.1351318359375,812.6203002929688,847.1648559570312
1790789478.0539885,0,0,848.8098754882812,797.8154907226562,810.9752807617188,852.0997924804688
1790789478.0648024,0,0,848.8098754882812,810.9752807617188,809.330322265625,843.8749389648438
1790789478.075652,0,0,853.7448120117188,771.4957885742188,804.3953857421875,838.9400024414062
1790789478.087003,0,0,873.4845581054688,718.8563842773438,817.5552368164062,866.9046630859375
1790789478.097693,0,0,866.9046630859375,771.4957885742188,814.2652587890625,838.9400024414062
1790789478.1090329,0,1,866.9046630859375,771.4957885742188,814.2652587890625,838.9400024414062
1790789478.1202781,0,1,866.9046630859375,771.4957885742188,814.2652587890625,838.9400024414062
1790789478.1315372,0,1,866.9046630859375,771.4957885742188,814.2652587890625,838.9400024414062
1790789478.142555,0,1,866.9046630859375,771.4957885742188,814.2652587890625,838.9400024414062
1790789478.1533718,0,1,866.9046630859375,771.4957885742188,814.2652587890625,838.9400024414062
1790789478.1645157,0,1,834.0050048828125,850.454833984375,797.8154907226562,845.5198974609375
1790789478.1756294,0,1,881.70947265625,613.5776977539062,817.5552368164062,861.9697265625
1790789478.1868875,0,1,852.0997924804688,692.5367431640625,809.330322265625,847.1648559570312
1790789478.1979847,0,1,852.0997924804688,692.5367431640625,809.330322265625,847.1648559570312
1790789478.2096157,0,1,852.0997924804688,692.5367431640625,809.330322265625,847.1648559570312
1790789478.2210233,0,1,852.0997924804688,692.5367431640625,809.330322265625,847.1648559570312
1790789478.2322438,0,1,852.0997924804688,692.5367431640625,809.330322265625,847.1648559570312
1790789478.2435834,0,1,852.0997924804688,692.5367431640625,809.330322265625,847.1648559570312
1790789478.255082,0,1,871.839599609375,587.2579956054688,824.1351318359375,861.9697265625
1790789478.2659838,0,1,838.9400024414062,692.5367431640625,819.2001953125,857.0347290039062
1790789478.2767882,0,1,863.6146850585938,587.2579956054688,835.6500244140625,873.4845581054688
1790789478.2879782,0,1,863.6146850585938,692.5367431640625,820.84521484375,858.6797485351562
1790789478.299127,0,1,843.8749389648438,771.4957885742188,819.2001953125,847.1648559570312
1790789478.3102553,0,1,840.5849609375,745.1760864257812,812.6203002929688,842.2299194335938
1790789478.321301,0,1,865.2596435546875,758.3359375,804.3953857421875,840.5849609375
1790789478.3325696,0,1,848.8098754882812,758.3359375,819.2001953125,843.8749389648438
1790789478.344636,0,1,865.2596435546875,732.0162353515625,820.84521484375,853.7448120117188
1790789478.355734,0,1,865.2596435546875,732.0162353515625,820.84521484375,853.7448120117188
1790789478.3664954,0,1,865.2596435546875,732.0162353515625,820.84521484375,853.7448120117188
1790789478.3774285,0,1,865.2596435546875,732.0162353515625,820.84521484375,853.7448120117188
1790789478.3882823,0,1,865.2596435546875,732.0162353515625,820.84521484375,853.7448120117188
1790789478.3996105,0,1,848.8098754882812,705.6965942382812,825.7801513671875,861.9697265625
1790789478.410539,0,1,830.715087890625,810.9752807617188,799.46044921875,845.5198974609375
1790789478.4216816,0,1,850.454833984375,784.6556396484375,792.8805541992188,832.3600463867188
1790789478.4329584,0,1,860.32470703125,784.6556396484375,802.7504272460938,838.9400024414062
1790789478.4442484,0,1,873.4845581054688,784.6556396484375,815.9102783203125,858.6797485351562
1790789478.4558125,0,1,848.8098754882812,837.2949829101562,815.9102783203125,861.9697265625
1790789478.4666526,0,1,848.8098754882812,837.2949829101562,815.9102783203125,861.9697265625
1790789478.4776247,0,1,848.8098754882812,837.2949829101562,815.9102783203125,861.9697265625
1790789478.4884436,0,1,848.8098754882812,837.2949829101562,815.9102783203125,861.9697265625
1790789478.5005455,0,1,848.8098754882812,837.2949829101562,815.9102783203125,861.9697265625
1790789478.512654,0,1,848.8098754882812,837.2949829101562,815.9102783203125,861.9697265625
1790789478.5239668,0,1,847.1648559570312,968.8934326171875,794.5255126953125,825.7801513671875
1790789478.5353158,0,1,852.0997924804688,863.6146850585938,819.2001953125,840.5849609375
1790789478.5464356,0,1,868.5496215820312,810.9752807617188,825.7801513671875,861.9697265625
1790789478.5573926,0,0,868.5496215820312,810.9752807617188,825.7801513671875,861.9697265625
1790789478.5684228,0,0,868.5496215820312,810.9752807617188,825.7801513671875,861.9697265625
1790789478.5794985,0,0,868.5496215820312,810.9752807617188,825.7801513671875,861.9697265625
1790789478.5906188,0,0,868.5496215820312,810.9752807617188,825.7801513671875,861.9697265625
1790789478.6020002,0,0,868.5496215820312,810.9752807617188,825.7801513671875,861.9697265625
1790789478.6131458,0,0,868.5496215820312,810.9752807617188,825.7801513671875,861.9697265625
1790789478.6249013,0,0,863.6146850585938,942.57373046875,810.9752807617188,830.715087890625
1790789478.6362894,0,0,834.0050048828125,835.6500244140625,809.330322265625,845.5198974609375
1790789478.6472642,0,0,878.4194946289062,690.8917236328125,827.4251098632812,858.6797485351562
1790789478.6582696,0,0,878.4194946289062,690.8917236328125,827.4251098632812,858.6797485351562
1790789478.6693344,0,0,868.5496215820312,756.6909790039062,829.070068359375,863.6146850585938
1790789478.6808803,0,0,868.5496215820312,756.6909790039062,829.070068359375,863.6146850585938
1790789478.6919804,0,0,868.5496215820312,756.6909790039062,829.070068359375,863.6146850585938
1790789478.7038472,0,0,868.5496215820312,756.6909790039062,829.070068359375,863.6146850585938
1790789478.7153487,0,0,868.5496215820312,756.6909790039062,829.070068359375,863.6146850585938
1790789478.7266912,0,0,868.5496215820312,756.6909790039062,829.070068359375,863.6146850585938
1790789478.7380502,0,0,860.32470703125,835.6500244140625,814.2652587890625,842.2299194335938
1790789478.7494934,0,0,881.70947265625,835.6500244140625,817.5552368164062,847.1648559570312
1790789478.7606292,0,0,847.1648559570312,809.330322265625,824.1351318359375,852.0997924804688
1790789478.7718377,0,0,853.7448120117188,730.3712768554688,820.84521484375,858.6797485351562
1790789478.7831974,0,0,881.70947265625,783.0106201171875,819.2001953125,853.7448120117188
1790789478.7944493,0,0,881.70947265625,783.0106201171875,819.2001953125,853.7448120117188
1790789478.8056996,0,0,881.70947265625,783.0106201171875,819.2001953125,853.7448120117188
1790789478.816805,0,0,881.70947265625,783.0106201171875,819.2001953125,853.7448120117188
1790789478.8277102,0,0,881.70947265625,783.0106201171875,819.2001953125,853.7448120117188
1790789478.8388138,0,0,881.70947265625,783.0106201171875,819.2001953125,853.7448120117188
1790789478.849814,0,0,881.70947265625,783.0106201171875,819.2001953125,853.7448120117188
1790789478.8614287,0,0,868.5496215820312,704.0515747070312,827.4251098632812,870.194580078125
1790789478.8731356,0,0,842.2299194335938,861.9697265625,802.7504272460938,830.715087890625
1790789478.8841338,0,0,842.2299194335938,861.9697265625,802.7504272460938,830.715087890625
1790789478.8950436,0,0,848.8098754882812,783.0106201171875,824.1351318359375,850.454833984375
1790789478.9060938,0,0,840.5849609375,888.2893676757812,814.2652587890625,829.070068359375
1790789478.9172728,0,0,840.5849609375,888.2893676757812,814.2652587890625,829.070068359375
1790789478.9282565,0,0,840.5849609375,888.2893676757812,814.2652587890625,829.070068359375
1790789478.9393697,0,0,840.5849609375,888.2893676757812,814.2652587890625,829.070068359375
1790789478.9504845,0,0,857.0347290039062,993.568115234375,812.6203002929688,830.715087890625
1790789478.9614542,0,0,858.6797485351562,888.2893676757812,829.070068359375,858.6797485351562
1790789478.9724462,0,0,855.3897705078125,993.568115234375,814.2652587890625,835.6500244140625
1790789478.9836926,0,0,848.8098754882812,927.7689208984375,815.9102783203125,850.454833984375
1790789478.995155,0,0,855.3897705078125,993.568115234375,815.9102783203125,838.9400024414062
1790789479.005999,0,0,868.5496215820312,875.1295166015625,824.1351318359375,866.9046630859375
1790789479.0171309,0,0,868.5496215820312,875.1295166015625,824.1351318359375,866.9046630859375
1790789479.0285704,0,0,868.5496215820312,875.1295166015625,824.1351318359375,866.9046630859375
1790789479.039404,0,0,868.5496215820312,875.1295166015625,824.1351318359375,866.9046630859375
1790789479.0504692,0,0,868.5496215820312,875.1295166015625,824.1351318359375,866.9046630859375
1790789479.0615282,0,0,868.5496215820312,875.1295166015625,824.1351318359375,866.9046630859375
1790789479.0727324,0,0,865.2596435546875,954.088623046875,817.5552368164062,853.7448120117188
1790789479.083653,0,0,868.5496215820312,835.6500244140625,830.715087890625,850.454833984375
1790789479.0948236,0,0,845.5198974609375,888.2893676757812,812.6203002929688,842.2299194335938
1790789479.1063585,0,0,847.1648559570312,901.44921875,822.4901733398438,835.6500244140625
1790789479.1180797,0,0,853.7448120117188,848.8098754882812,829.070068359375,845.5198974609375
1790789479.1290298,0,0,834.0050048828125,980.4082641601562,809.330322265625,825.7801513671875
1790789479.1398103,0,0,848.8098754882812,901.44921875,825.7801513671875,853.7448120117188
1790789479.1514552,0,0,850.454833984375,771.4957885742188,827.4251098632812,853.7448120117188
1790789479.182783,0,0,850.454833984375,771.4957885742188,827.4251098632812,853.7448120117188
1790789479.1946247,0,0,850.454833984375,771.4957885742188,827.4251098632812,853.7448120117188
1790789479.2061796,0,0,850.454833984375,771.4957885742188,827.4251098632812,853.7448120117188
1790789479.2171547,0,0,850.454833984375,771.4957885742188,827.4251098632812,853.7448120117188
1790789479.2284944,0,0,848.8098754882812,771.4957885742188,822.4901733398438,845.5198974609375
1790789479.2397115,0,0,855.3897705078125,810.9752807617188,825.7801513671875,847.1648559570312
1790789479.250675,0,0,860.32470703125,810.9752807617188,817.5552368164062,853.7448120117188
1790789479.261958,0,1,860.32470703125,810.9752807617188,817.5552368164062,853.7448120117188
1790789479.274253,0,1,860.32470703125,810.9752807617188,817.5552368164062,853.7448120117188
1790789479.2853975,0,1,860.32470703125,810.9752807617188,817.5552368164062,853.7448120117188
1790789479.2968113,0,1,860.32470703125,810.9752807617188,817.5552368164062,853.7448120117188
1790789479.3082943,0,1,840.5849609375,863.6146850585938,804.3953857421875,825.7801513671875
1790789479.319764,0,1,863.6146850585938,810.9752807617188,824.1351318359375,848.8098754882812
1790789479.3325343,0,1,873.4845581054688,732.0162353515625,825.7801513671875,853.7448120117188
1790789479.3439887,0,1,860.32470703125,810.9752807617188,822.4901733398438,853.7448120117188
1790789479.3554368,0,1,863.6146850585938,787.945556640625,824.1351318359375,842.2299194335938
1790789479.3664556,0,1,857.0347290039062,886.6444091796875,815.9102783203125,845.5198974609375
1790789479.3779256,0,1,857.0347290039062,886.6444091796875,815.9102783203125,845.5198974609375
1790789479.3890457,0,1,857.0347290039062,886.6444091796875,815.9102783203125,845.5198974609375
1790789479.4000182,0,1,857.0347290039062,886.6444091796875,815.9102783203125,845.5198974609375
1790789479.4111767,0,1,857.0347290039062,886.6444091796875,815.9102783203125,845.5198974609375
1790789479.422236,0,1,857.0347290039062,886.6444091796875,815.9102783203125,845.5198974609375
1790789479.4331136,0,1,843.8749389648438,781.3656616210938,834.0050048828125,855.3897705078125
1790789479.4446642,0,1,847.1648559570312,810.9752807617188,825.7801513671875,845.5198974609375
1790789479.4561446,0,1,873.4845581054688,758.3359375,830.715087890625,853.7448120117188
1790789479.4674683,0,1,886.6444091796875,679.3768920898438,848.8098754882812,873.4845581054688
1790789479.4787009,0,1,886.6444091796875,679.3768920898438,848.8098754882812,873.4845581054688
1790789479.4900115,0,1,886.6444091796875,679.3768920898438,848.8098754882812,873.4845581054688
1790789479.5011306,0,1,886.6444091796875,679.3768920898438,848.8098754882812,873.4845581054688
1790789479.5129833,0,1,886.6444091796875,679.3768920898438,848.8098754882812,873.4845581054688
1790789479.524468,0,1,886.6444091796875,679.3768920898438,848.8098754882812,873.4845581054688
1790789479.5356355,0,1,855.3897705078125,810.9752807617188,825.7801513671875,847.1648559570312
1790789479.546822,0,1,876.7745361328125,797.8154907226562,824.1351318359375,850.454833984375
1790789479.5578878,0,1,865.2596435546875,771.4957885742188,825.7801513671875,848.8098754882812
1790789479.5693743,0,1,884.9994506835938,850.454833984375,812.6203002929688,840.5849609375
1790789479.5807307,0,1,865.2596435546875,771.4957885742188,832.3600463867188,843.8749389648438
1790789479.5921721,0,1,852.0997924804688,824.1351318359375,817.5552368164062,843.8749389648438
1790789479.603251,0,1,852.0997924804688,824.1351318359375,817.5552368164062,843.8749389648438
1790789479.6143246,0,1,852.0997924804688,824.1351318359375,817.5552368164062,843.8749389648438
1790789479.625201,0,1,852.0997924804688,824.1351318359375,817.5552368164062,843.8749389648438
1790789479.6359715,0,1,852.0997924804688,824.1351318359375,817.5552368164062,843.8749389648438
1790789479.6471694,0,1,852.0997924804688,824.1351318359375,817.5552368164062,843.8749389648438
1790789479.6580446,1,1,857.0347290039062,745.1760864257812,842.2299194335938,857.0347290039062
1790789479.6695027,1,1,870.194580078125,718.8563842773438,843.8749389648438,863.6146850585938
1790789479.680253,1,1,840.5849609375,876.7745361328125,822.4901733398438,835.6500244140625
1790789479.6913912,1,1,873.4845581054688,824.1351318359375,830.715087890625,837.2949829101562
1790789479.7026532,1,1,852.0997924804688,876.7745361328125,829.070068359375,840.5849609375
1790789479.7135983,1,1,861.9697265625,955.7335815429688,817.5552368164062,838.9400024414062
1790789479.7245739,1,1,873.4845581054688,982.0532836914062,827.4251098632812,858.6797485351562
1790789479.7357755,1,1,845.5198974609375,845.5198974609375,820.84521484375,842.2299194335938
1790789479.746721,1,1,861.9697265625,845.5198974609375,824.1351318359375,850.454833984375
1790789479.7578974,1,1,857.0347290039062,740.2411499023438,837.2949829101562,861.9697265625
1790789479.769332,1,0,857.0347290039062,740.2411499023438,837.2949829101562,861.9697265625
1790789479.7813122,1,0,857.0347290039062,740.2411499023438,837.2949829101562,861.9697265625
1790789479.7924564,1,0,857.0347290039062,740.2411499023438,837.2949829101562,861.9697265625
1790789479.8038428,1,0,857.0347290039062,740.2411499023438,837.2949829101562,861.9697265625
1790789479.8148813,1,0,852.0997924804688,858.6797485351562,815.9102783203125,837.2949829101562
1790789479.8261585,1,0,837.2949829101562,779.720703125,830.715087890625,848.8098754882812
1790789479.8374016,1,0,858.6797485351562,871.839599609375,817.5552368164062,829.070068359375
1790789479.8488264,1,0,842.2299194335938,898.1592407226562,820.84521484375,822.4901733398438
1790789479.8601637,1,0,860.32470703125,845.5198974609375,825.7801513671875,848.8098754882812
1790789479.8713295,1,0,860.32470703125,845.5198974609375,825.7801513671875,848.8098754882812
1790789479.8822296,1,0,860.32470703125,845.5198974609375,825.7801513671875,848.8098754882812
1790789479.8930671,1,0,860.32470703125,845.5198974609375,825.7801513671875,848.8098754882812
1790789479.904276,1,0,860.32470703125,845.5198974609375,825.7801513671875,848.8098754882812
1790789479.9153507,1,0,860.32470703125,845.5198974609375,825.7801513671875,848.8098754882812
1790789479.9264276,1,0,886.6444091796875,898.1592407226562,834.0050048828125,843.8749389648438
1790789479.9372206,1,0,857.0347290039062,937.6387939453125,825.7801513671875,837.2949829101562
1790789479.948239,1,0,871.839599609375,891.579345703125,829.070068359375,840.5849609375
1790789479.9595473,1,0,852.0997924804688,891.579345703125,837.2949829101562,860.32470703125
1790789479.9707243,1,0,852.0997924804688,891.579345703125,837.2949829101562,860.32470703125
1790789479.981899,1,0,852.0997924804688,891.579345703125,837.2949829101562,860.32470703125
1790789479.992877,1,0,852.0997924804688,891.579345703125,837.2949829101562,860.32470703125
1790789480.0039463,1,0,852.0997924804688,891.579345703125,837.2949829101562,860.32470703125
1790789480.0150838,1,0,852.0997924804688,891.579345703125,837.2949829101562,860.32470703125
1790789480.0270553,1,0,847.1648559570312,990.2781372070312,822.4901733398438,838.9400024414062
1790789480.0387716,1,0,848.8098754882812,975.4733276367188,822.4901733398438,842.2299194335938
1790789480.0497968,1,0,840.5849609375,942.57373046875,827.4251098632812,847.1648559570312
1790789480.0605688,1,0,866.9046630859375,945.8637084960938,829.070068359375,845.5198974609375
1790789480.0716736,1,0,829.070068359375,962.3134765625,830.715087890625,834.0050048828125
1790789480.0829718,1,0,852.0997924804688,963.95849609375,824.1351318359375,850.454833984375
1790789480.0939412,1,0,853.7448120117188,939.2837524414062,832.3600463867188,843.8749389648438
1790789480.1055205,1,0,853.7448120117188,939.2837524414062,832.3600463867188,843.8749389648438
1790789480.1168296,1,0,853.7448120117188,939.2837524414062,832.3600463867188,843.8749389648438
1790789480.1280882,1,0,853.7448120117188,939.2837524414062,832.3600463867188,843.8749389648438
1790789480.1395338,1,0,853.7448120117188,939.2837524414062,832.3600463867188,843.8749389648438
1790789480.15049,1,0,860.32470703125,898.1592407226562,842.2299194335938,860.32470703125
1790789480.161803,1,0,876.7745361328125,865.2596435546875,838.9400024414062,860.32470703125
1790789480.1737146,1,0,857.0347290039062,977.1183471679688,817.5552368164062,842.2299194335938
1790789480.1851976,1,0,857.0347290039062,977.1183471679688,817.5552368164062,842.2299194335938
1790789480.1963391,1,0,857.0347290039062,977.1183471679688,817.5552368164062,842.2299194335938
1790789480.207492,1,0,857.0347290039062,977.1183471679688,817.5552368164062,842.2299194335938
1790789480.2190428,1,0,857.0347290039062,977.1183471679688,817.5552368164062,842.2299194335938
1790789480.2299588,1,0,857.0347290039062,977.1183471679688,817.5552368164062,842.2299194335938
1790789480.2419646,1,0,875.1295166015625,891.579345703125,834.0050048828125,848.8098754882812
1790789480.2530959,1,0,853.7448120117188,917.8990478515625,830.715087890625,837.2949829101562
1790789480.2641158,1,0,860.32470703125,838.9400024414062,832.3600463867188,838.9400024414062
1790789480.275736,1,0,880.064453125,792.8805541992188,838.9400024414062,853.7448120117188
1790789480.2872536,1,0,880.064453125,792.8805541992188,838.9400024414062,853.7448120117188
1790789480.298105,1,0,880.064453125,792.8805541992188,838.9400024414062,853.7448120117188
1790789480.3090227,1,0,880.064453125,792.8805541992188,838.9400024414062,853.7448120117188
1790789480.3199277,1,0,880.064453125,792.8805541992188,838.9400024414062,853.7448120117188
1790789480.3311877,1,0,880.064453125,792.8805541992188,838.9400024414062,853.7448120117188
1790789480.341841,1,0,880.064453125,792.8805541992188,838.9400024414062,853.7448120117188
1790789480.353147,1,0,857.0347290039062,786.3005981445312,845.5198974609375,858.6797485351562
1790789480.3643453,1,0,850.454833984375,871.839599609375,825.7801513671875,832.3600463867188
1790789480.3754895,1,0,870.194580078125,847.1648559570312,819.2001953125,834.0050048828125
1790789480.3865268,1,0,853.7448120117188,768.205810546875,835.6500244140625,857.0347290039062
1790789480.3972821,1,0,857.0347290039062,814.2652587890625,827.4251098632812,850.454833984375
1790789480.408789,1,1,857.0347290039062,814.2652587890625,827.4251098632812,850.454833984375
1790789480.419899,1,1,857.0347290039062,814.2652587890625,827.4251098632812,850.454833984375
1790789480.4305751,1,1,857.0347290039062,814.2652587890625,827.4251098632812,850.454833984375
1790789480.4413908,1,1,857.0347290039062,814.2652587890625,827.4251098632812,850.454833984375
1790789480.4523032,1,1,857.0347290039062,814.2652587890625,827.4251098632812,850.454833984375
1790789480.4633677,1,1,857.0347290039062,814.2652587890625,827.4251098632812,850.454833984375
1790789480.4749656,1,1,847.1648559570312,781.3656616210938,835.6500244140625,848.8098754882812
1790789480.4856768,1,1,863.6146850585938,873.4845581054688,819.2001953125,838.9400024414062
1790789480.4964201,1,1,871.839599609375,692.5367431640625,852.0997924804688,870.194580078125
1790789480.507853,1,1,863.6146850585938,838.9400024414062,820.84521484375,835.6500244140625
1790789480.518663,1,1,855.3897705078125,812.6203002929688,819.2001953125,829.070068359375
1790789480.5304768,1,1,840.5849609375,891.579345703125,815.9102783203125,820.84521484375
1790789480.541743,1,1,832.3600463867188,838.9400024414062,835.6500244140625,840.5849609375
1790789480.5525908,1,1,852.0997924804688,786.3005981445312,837.2949829101562,855.3897705078125
1790789480.5635598,1,1,852.0997924804688,786.3005981445312,837.2949829101562,855.3897705078125
1790789480.5743139,1,1,852.0997924804688,786.3005981445312,837.2949829101562,855.3897705078125
1790789480.5850875,1,1,852.0997924804688,786.3005981445312,837.2949829101562,855.3897705078125
1790789480.5968084,1,1,852.0997924804688,786.3005981445312,837.2949829101562,855.3897705078125
1790789480.6079736,1,1,852.0997924804688,786.3005981445312,837.2949829101562,855.3897705078125
1790789480.619062,1,1,860.32470703125,786.3005981445312,834.0050048828125,835.6500244140625
1790789480.630145,1,1,858.6797485351562,812.6203002929688,815.9102783203125,840.5849609375
1790789480.6412446,1,1,850.454833984375,786.3005981445312,827.4251098632812,838.9400024414062
1790789480.6528676,1,1,840.5849609375,845.5198974609375,825.7801513671875,835.6500244140625
1790789480.6644468,1,1,870.194580078125,674.4419555664062,843.8749389648438,840.5849609375
1790789480.6760588,1,0,868.5496215820312,766.5608520507812,832.3600463867188,834.0050048828125
1790789480.6880834,1,0,868.5496215820312,766.5608520507812,832.3600463867188,834.0050048828125
1790789480.6994762,1,0,868.5496215820312,766.5608520507812,832.3600463867188,834.0050048828125
1790789480.7107868,1,0,868.5496215820312,766.5608520507812,832.3600463867188,834.0050048828125
1790789480.7221737,1,0,868.5496215820312,766.5608520507812,832.3600463867188,834.0050048828125
1790789480.7335825,1,0,865.2596435546875,720.5014038085938,822.4901733398438,863.6146850585938
1790789480.744846,1,0,866.9046630859375,746.8211059570312,820.84521484375,835.6500244140625
1790789480.756212,1,0,898.1592407226562,746.8211059570312,829.070068359375,840.5849609375
1790789480.7671545,1,0,898.1592407226562,746.8211059570312,829.070068359375,840.5849609375
1790789480.7780416,1,0,898.1592407226562,746.8211059570312,829.070068359375,840.5849609375
1790789480.7895007,1,0,898.1592407226562,746.8211059570312,829.070068359375,840.5849609375
1790789480.800592,1,0,898.1592407226562,746.8211059570312,829.070068359375,840.5849609375
1790789480.8115242,1,0,898.1592407226562,746.8211059570312,829.070068359375,840.5849609375
1790789480.8229275,1,0,888.2893676757812,641.5423583984375,850.454833984375,858.6797485351562
1790789480.834071,1,0,860.32470703125,825.7801513671875,825.7801513671875,842.2299194335938
1790789480.8454764,1,0,738.59619140625,1036.337646484375,919.5440063476562,715.5664672851562
1790789480.8565276,1,0,646.477294921875,852.0997924804688,853.7448120117188,636.607421875
1790789480.8676085,1,0,646.477294921875,852.0997924804688,853.7448120117188,636.607421875
1790789480.8792222,1,0,646.477294921875,852.0997924804688,853.7448120117188,636.607421875
1790789480.8912606,1,0,646.477294921875,852.0997924804688,853.7448120117188,636.607421875
1790789480.9023755,1,0,646.477294921875,852.0997924804688,853.7448120117188,636.607421875
1790789480.9134636,1,0,712.2764892578125,1115.296630859375,972.1834106445312,689.2467651367188
1790789480.9245207,1,0,528.0386962890625,1167.93603515625,866.9046630859375,544.4884643554688
1790789480.935815,1,0,80.60403442382812,1668.010009765625,274.71173095703125,136.5333709716797
1790789480.9480247,1,0,16.449804306030273,1682.81494140625,207.26751708984375,16.449804306030273
1790789480.9597044,1,0,29.60964584350586,1643.3353271484375,1444.292724609375,29.60964584350586
1790789480.971275,1,0,34.544586181640625,1644.9803466796875,1444.292724609375,36.18956756591797
1790789480.982022,1,0,34.544586181640625,1644.9803466796875,1444.292724609375,36.18956756591797
1790789480.9931493,1,0,34.544586181640625,1644.9803466796875,1444.292724609375,36.18956756591797
1790789481.0038476,1,0,34.544586181640625,1644.9803466796875,1444.292724609375,36.18956756591797
1790789481.0152066,1,0,34.544586181640625,1644.9803466796875,1444.292724609375,36.18956756591797
1790789481.0269673,1,0,29.60964584350586,1649.915283203125,1444.292724609375,31.254627227783203
1790789481.038247,1,0,31.254627227783203,1617.015625,1181.0958251953125,32.89960861206055
1790789481.0494573,1,0,31.254627227783203,1353.81884765625,944.2186889648438,32.89960861206055
1790789481.0605142,1,0,0.0,1090.6219482421875,1223.8653564453125,32.89960861206055
1790789481.0712447,1,0,171.0779571533203,485.2691955566406,1186.0308837890625,95.40885925292969
1790789481.082184,1,0,171.0779571533203,485.2691955566406,1186.0308837890625,95.40885925292969
1790789481.093264,1,0,236.87716674804688,1301.179443359375,1136.681396484375,220.4273681640625
1790789481.1048439,1,0,861.9697265625,1327.4991455078125,1232.09033203125,824.1351318359375
1790789481.1162791,1,0,1286.3746337890625,1669.655029296875,1103.7818603515625,1274.8597412109375
1790789481.1278918,1,0,1286.3746337890625,1669.655029296875,1103.7818603515625,1274.8597412109375
1790789481.139082,1,0,1286.3746337890625,1669.655029296875,1103.7818603515625,1274.8597412109375
1790789481.1501558,1,0,1286.3746337890625,1669.655029296875,1103.7818603515625,1274.8597412109375
1790789481.1616802,1,0,1286.3746337890625,1669.655029296875,1103.7818603515625,1274.8597412109375
1790789481.1728315,1,0,1286.3746337890625,1669.655029296875,1103.7818603515625,1274.8597412109375
1790789481.1842718,1,0,1570.9561767578125,406.3101501464844,1330.7890625,1646.6253662109375
1790789481.1953642,1,0,1567.666259765625,11.514862060546875,1459.0975341796875,1666.3651123046875
1790789481.2070787,1,0,1567.666259765625,41.124507904052734,1370.2686767578125,1661.43017578125
1790789481.218563,1,0,1564.3763427734375,60.86427307128906,1080.7520751953125,1656.4952392578125
1790789481.2295408,1,0,1566.021240234375,37.83454895019531,982.0532836914062,1659.78515625
1790789481.2406716,1,0,1566.021240234375,37.83454895019531,982.0532836914062,1659.78515625
1790789481.2520678,1,0,1566.021240234375,37.83454895019531,982.0532836914062,1659.78515625
1790789481.2633333,1,0,1566.021240234375,37.83454895019531,982.0532836914062,1659.78515625
1790789481.2743244,1,0,1566.021240234375,37.83454895019531,982.0532836914062,1659.78515625
1790789481.2853527,1,0,1566.021240234375,37.83454895019531,982.0532836914062,1659.78515625
1790789481.2961738,1,0,1564.3763427734375,57.574310302734375,891.579345703125,1658.14013671875
1790789481.3078387,1,0,1564.3763427734375,55.9293327331543,827.4251098632812,1658.14013671875
1790789481.3191123,1,0,1538.056640625,54.28435134887695,815.9102783203125,1653.2052001953125
1790789481.330106,1,0,1332.43408203125,54.28435134887695,848.8098754882812,1459.0975341796875
1790789481.3413446,1,0,1279.794677734375,41.124507904052734,822.4901733398438,1406.458251953125
1790789481.3523462,1,0,1279.794677734375,41.124507904052734,822.4901733398438,1406.458251953125
1790789481.3631656,1,0,1279.794677734375,41.124507904052734,822.4901733398438,1406.458251953125
1790789481.3744423,1,0,1279.794677734375,41.124507904052734,822.4901733398438,1406.458251953125
1790789481.3856063,1,0,1279.794677734375,41.124507904052734,822.4901733398438,1406.458251953125
1790789481.3973172,1,0,1279.794677734375,41.124507904052734,822.4901733398438,1406.458251953125
1790789481.4089057,1,0,1148.1962890625,67.4441909790039,796.1704711914062,1274.8597412109375
1790789481.4197872,1,0,648.1222534179688,41.124507904052734,506.6539306640625,748.466064453125
1790789481.4310665,1,0,121.72854614257812,620.1575927734375,296.0964660644531,169.43296813964844
1790789481.4423916,1,0,90.47391510009766,973.828369140625,217.1374053955078,129.9534454345703
1790789481.453955,1,0,138.1783447265625,1612.0806884765625,532.9736328125,174.367919921875
1790789481.464967,1,0,131.5984344482422,1608.790771484375,690.8917236328125,172.72293090820312
1790789481.476273,1,0,131.5984344482422,1608.790771484375,690.8917236328125,172.72293090820312
1790789481.4882529,1,0,131.5984344482422,1608.790771484375,690.8917236328125,172.72293090820312
1790789481.499091,1,0,131.5984344482422,1608.790771484375,690.8917236328125,172.72293090820312
1790789481.510944,1,0,131.5984344482422,1608.790771484375,690.8917236328125,172.72293090820312
1790789481.5222125,1,0,131.5984344482422,1608.790771484375,690.8917236328125,172.72293090820312
1790789481.5335355,1,0,27.96466636657715,1658.14013671875,1473.90234375,27.96466636657715
1790789481.5448983,1,0,29.60964584350586,1654.8502197265625,1394.943359375,27.96466636657715
1790789481.5563672,1,0,29.60964584350586,1653.2052001953125,1131.7464599609375,27.96466636657715
1790789481.5673585,1,0,34.544586181640625,1654.8502197265625,1079.1070556640625,27.96466636657715
1790789481.578456,1,0,34.544586181640625,1654.8502197265625,1079.1070556640625,27.96466636657715
1790789481.5891805,1,0,34.544586181640625,1654.8502197265625,1079.1070556640625,27.96466636657715
1790789481.600214,1,0,34.544586181640625,1654.8502197265625,1079.1070556640625,27.96466636657715
1790789481.6118808,1,0,34.544586181640625,1654.8502197265625,1079.1070556640625,27.96466636657715
1790789481.6232176,1,0,34.544586181640625,1654.8502197265625,1079.1070556640625,27.96466636657715
1790789481.634434,1,0,98.69882202148438,1651.560302734375,1052.7874755859375,27.96466636657715
1790789481.6460173,1,0,164.49803161621094,1651.560302734375,1033.047607421875,62.509254455566406
1790789481.657693,1,0,427.69488525390625,1638.400390625,848.8098754882812,378.3454895019531
1790789481.6685169,1,0,1033.047607421875,1297.8895263671875,947.5086669921875,957.3785400390625
1790789481.6792932,1,0,1427.8428955078125,49.34941101074219,1125.16650390625,1457.45263671875
1790789481.6905158,1,0,1427.8428955078125,49.34941101074219,1125.16650390625,1457.45263671875
1790789481.701164,1,0,1408.1031494140625,0.0,1263.3448486328125,1490.3521728515625
1790789481.7128723,1,0,1408.1031494140625,0.0,1263.3448486328125,1490.3521728515625
1790789481.7241476,1,0,1408.1031494140625,0.0,1263.3448486328125,1490.3521728515625
1790789481.7354262,1,0,1408.1031494140625,0.0,1263.3448486328125,1490.3521728515625
1790789481.746204,1,0,1408.1031494140625,0.0,1263.3448486328125,1490.3521728515625
1790789481.7576253,1,0,1408.1031494140625,0.0,1263.3448486328125,1490.3521728515625
1790789481.7691357,1,0,1195.9007568359375,29.60964584350586,1154.7762451171875,1274.8597412109375
1790789481.7809052,1,0,1195.9007568359375,26.319684982299805,1116.941650390625,1276.5047607421875
1790789481.794006,1,0,1195.9007568359375,26.319684982299805,1116.941650390625,1276.5047607421875
1790789481.8048148,1,0,1195.9007568359375,26.319684982299805,1116.941650390625,1276.5047607421875
1790789481.8157907,1,0,1195.9007568359375,26.319684982299805,1116.941650390625,1276.5047607421875
1790789481.8271022,1,0,1195.9007568359375,26.319684982299805,1116.941650390625,1276.5047607421875
1790789481.8382921,1,0,1195.9007568359375,26.319684982299805,1116.941650390625,1276.5047607421875
1790789481.8493068,1,0,1192.6107177734375,27.96466636657715,1088.9769287109375,1274.8597412109375
1790789481.8604684,1,0,1121.8765869140625,27.96466636657715,1080.7520751953125,1246.8951416015625
1790789481.8717315,1,0,1052.7874755859375,27.96466636657715,1064.30224609375,1149.84130859375
1790789481.883119,1,0,751.7560424804688,27.96466636657715,1011.6629028320312,835.6500244140625
1790789481.894071,1,0,666.217041015625,27.96466636657715,1010.0179443359375,763.2708740234375
1790789481.9048326,1,0,666.217041015625,27.96466636657715,1010.0179443359375,763.2708740234375
1790789481.9164433,1,0,608.6427001953125,27.96466636657715,1003.43798828125,681.0218505859375
1790789481.9279947,1,0,595.48291015625,39.47952651977539,1024.82275390625,646.477294921875
1790789481.9393249,1,0,570.8081665039062,72.37913513183594,1013.307861328125,649.7672119140625
1790789481.950763,1,0,570.8081665039062,72.37913513183594,1013.307861328125,649.7672119140625
1790789481.9623795,1,0,570.8081665039062,72.37913513183594,1013.307861328125,649.7672119140625
1790789481.9735534,1,0,570.8081665039062,72.37913513183594,1013.307861328125,649.7672119140625
1790789481.9845936,1,0,541.1985473632812,90.47391510009766,1011.6629028320312,646.477294921875
1790789481.995587,1,0,549.4234619140625,169.43296813964844,1018.2428588867188,613.5776977539062
1790789482.014279,1,0,549.4234619140625,169.43296813964844,1018.2428588867188,613.5776977539062
1790789482.0255709,1,0,485.2691955566406,233.5872039794922,1028.1126708984375,603.707763671875
1790789482.0374074,1,0,480.3342590332031,305.9663391113281,1028.1126708984375,554.3583984375
1790789482.0485673,1,0,501.718994140625,332.2860412597656,1024.82275390625,559.2933349609375
1790789482.0600572,1,0,501.718994140625,332.2860412597656,1024.82275390625,559.2933349609375
1790789482.072197,1,0,501.718994140625,332.2860412597656,1024.82275390625,559.2933349609375
1790789482.0833325,0,0,501.718994140625,332.2860412597656,1024.82275390625,559.2933349609375
1790789482.0953557,0,0,912.964111328125,419.4700012207031,814.2652587890625,909.6741333007812
1790789482.1070397,0,0,922.833984375,590.5479125976562,792.8805541992188,891.579345703125
1790789482.1181848,0,0,922.833984375,590.5479125976562,792.8805541992188,891.579345703125
1790789482.1295674,0,0,926.1239624023438,478.68927001953125,812.6203002929688,908.0291748046875
1790789482.141709,0,0,926.1239624023438,478.68927001953125,812.6203002929688,908.0291748046875
1790789482.1528137,0,0,926.1239624023438,478.68927001953125,812.6203002929688,908.0291748046875
1790789482.1638765,0,0,926.1239624023438,478.68927001953125,812.6203002929688,908.0291748046875
1790789482.1749737,0,0,926.1239624023438,478.68927001953125,812.6203002929688,908.0291748046875
1790789482.1861975,0,0,884.9994506835938,570.8081665039062,807.6853637695312,888.2893676757812
1790789482.1972184,0,0,888.2893676757812,577.3881225585938,812.6203002929688,873.4845581054688
1790789482.208235,0,0,866.9046630859375,603.707763671875,812.6203002929688,850.454833984375
1790789482.2188594,0,0,866.9046630859375,603.707763671875,812.6203002929688,850.454833984375
1790789482.2302203,0,0,866.9046630859375,603.707763671875,812.6203002929688,850.454833984375
1790789482.241275,0,0,866.9046630859375,603.707763671875,812.6203002929688,850.454833984375
1790789482.2523189,0,0,866.9046630859375,603.707763671875,812.6203002929688,850.454833984375
1790789482.2634556,0,0,866.9046630859375,603.707763671875,812.6203002929688,850.454833984375
1790789482.2744825,0,0,873.4845581054688,656.34716796875,804.3953857421875,853.7448120117188
1790789482.2856276,0,0,863.6146850585938,524.7487182617188,830.715087890625,863.6146850585938
1790789482.2966669,0,0,873.4845581054688,551.0684204101562,829.070068359375,886.6444091796875
1790789482.3073115,0,0,893.2243041992188,552.71337890625,817.5552368164062,860.32470703125
1790789482.3184507,0,0,876.7745361328125,575.7431030273438,810.9752807617188,855.3897705078125
1790789482.3296058,0,0,838.9400024414062,598.7728271484375,820.84521484375,853.7448120117188
1790789482.3405333,0,0,838.9400024414062,598.7728271484375,820.84521484375,853.7448120117188
1790789482.3516195,0,0,838.9400024414062,598.7728271484375,820.84521484375,853.7448120117188
1790789482.3628993,0,0,838.9400024414062,598.7728271484375,820.84521484375,853.7448120117188
1790789482.373732,0,0,838.9400024414062,598.7728271484375,820.84521484375,853.7448120117188
1790789482.3848848,0,0,838.9400024414062,598.7728271484375,820.84521484375,853.7448120117188
1790789482.3958871,0,0,838.9400024414062,598.7728271484375,820.84521484375,853.7448120117188
1790789482.4068623,0,0,838.9400024414062,598.7728271484375,820.84521484375,853.7448120117188
1790789482.4182458,0,0,891.579345703125,572.4531860351562,814.2652587890625,870.194580078125
1790789482.4300137,0,0,891.579345703125,577.3881225585938,822.4901733398438,875.1295166015625
1790789482.44117,0,0,875.1295166015625,511.5888977050781,825.7801513671875,878.4194946289062
1790789482.4527845,0,0,868.5496215820312,524.7487182617188,819.2001953125,861.9697265625
1790789482.4638534,0,0,870.194580078125,590.5479125976562,809.330322265625,834.0050048828125
1790789482.4748776,0,0,886.6444091796875,524.7487182617188,814.2652587890625,860.32470703125
1790789482.4862895,0,0,886.6444091796875,524.7487182617188,814.2652587890625,860.32470703125
1790789482.4975147,0,0,886.6444091796875,524.7487182617188,814.2652587890625,860.32470703125
1790789482.5081832,0,0,886.6444091796875,524.7487182617188,814.2652587890625,860.32470703125
1790789482.5192978,0,0,886.6444091796875,524.7487182617188,814.2652587890625,860.32470703125
1790789482.530219,0,0,886.6444091796875,524.7487182617188,814.2652587890625,860.32470703125
1790789482.5415108,0,0,884.9994506835938,445.7896728515625,832.3600463867188,883.3544311523438
1790789482.5528579,0,0,850.454833984375,551.0684204101562,806.0403442382812,830.715087890625
1790789482.56392,0,0,871.839599609375,524.7487182617188,809.330322265625,834.0050048828125
1790789482.574729,0,0,865.2596435546875,551.0684204101562,817.5552368164062,855.3897705078125
1790789482.5857465,0,0,865.2596435546875,551.0684204101562,817.5552368164062,855.3897705078125
1790789482.5967271,0,0,865.2596435546875,551.0684204101562,817.5552368164062,855.3897705078125
1790789482.6079135,0,0,865.2596435546875,551.0684204101562,817.5552368164062,855.3897705078125
1790789482.6193428,0,0,865.2596435546875,551.0684204101562,817.5552368164062,855.3897705078125
1790789482.6300104,0,0,865.2596435546875,551.0684204101562,817.5552368164062,855.3897705078125
1790789482.6415918,0,0,884.9994506835938,511.5888977050781,819.2001953125,858.6797485351562
1790789482.6528745,0,0,857.0347290039062,531.3286743164062,822.4901733398438,860.32470703125
1790789482.6638615,0,0,870.194580078125,478.68927001953125,834.0050048828125,878.4194946289062
1790789482.674695,0,0,870.194580078125,478.68927001953125,834.0050048828125,878.4194946289062
1790789482.6854165,0,0,870.194580078125,478.68927001953125,834.0050048828125,878.4194946289062
1790789482.696577,0,0,870.194580078125,478.68927001953125,834.0050048828125,878.4194946289062
1790789482.7080326,0,0,870.194580078125,478.68927001953125,834.0050048828125,878.4194946289062
1790789482.7190113,0,0,860.32470703125,704.0515747070312,825.7801513671875,855.3897705078125
1790789482.730211,0,0,861.9697265625,730.3712768554688,815.9102783203125,857.0347290039062
1790789482.741247,0,0,858.6797485351562,651.4122314453125,824.1351318359375,863.6146850585938
1790789482.75204,0,0,876.7745361328125,638.2523803710938,829.070068359375,865.2596435546875
1790789482.763659,0,0,866.9046630859375,704.0515747070312,802.7504272460938,845.5198974609375
1790789482.7788274,0,0,853.7448120117188,704.0515747070312,812.6203002929688,830.715087890625
1790789482.7920394,0,0,875.1295166015625,625.092529296875,834.0050048828125,847.1648559570312
1790789482.8035457,0,0,875.1295166015625,625.092529296875,834.0050048828125,847.1648559570312
1790789482.8144946,0,0,875.1295166015625,625.092529296875,834.0050048828125,847.1648559570312
1790789482.8254004,0,0,875.1295166015625,625.092529296875,834.0050048828125,847.1648559570312
1790789482.836478,0,0,875.1295166015625,625.092529296875,834.0050048828125,847.1648559570312
1790789482.8475356,0,0,870.194580078125,730.3712768554688,807.6853637695312,837.2949829101562
1790789482.8586822,0,0,876.7745361328125,625.092529296875,830.715087890625,858.6797485351562
1790789482.8697813,0,0,881.70947265625,651.4122314453125,825.7801513671875,861.9697265625
1790789482.8810165,0,0,871.839599609375,625.092529296875,830.715087890625,871.839599609375
1790789482.8925905,0,0,886.6444091796875,625.092529296875,825.7801513671875,875.1295166015625
1790789482.90349,0,0,842.2299194335938,914.6090698242188,806.0403442382812,830.715087890625
1790789482.9145536,0,0,857.0347290039062,835.6500244140625,820.84521484375,843.8749389648438
1790789482.9260335,0,0,861.9697265625,888.2893676757812,812.6203002929688,847.1648559570312
1790789482.9370234,0,1,861.9697265625,888.2893676757812,812.6203002929688,847.1648559570312
1790789482.9483225,0,1,861.9697265625,888.2893676757812,812.6203002929688,847.1648559570312
1790789482.9595518,0,1,861.9697265625,888.2893676757812,812.6203002929688,847.1648559570312
1790789482.9708498,0,1,861.9697265625,888.2893676757812,812.6203002929688,847.1648559570312
1790789482.9822807,0,1,863.6146850585938,888.2893676757812,819.2001953125,838.9400024414062
1790789482.9932644,0,1,855.3897705078125,917.8990478515625,815.9102783203125,819.2001953125
1790789483.005034,0,1,857.0347290039062,894.8693237304688,809.330322265625,842.2299194335938
1790789483.016265,0,1,881.70947265625,815.9102783203125,825.7801513671875,852.0997924804688
1790789483.0280108,0,1,865.2596435546875,868.5496215820312,814.2652587890625,847.1648559570312
1790789483.0393674,0,1,855.3897705078125,908.0291748046875,810.9752807617188,835.6500244140625
1790789483.0501986,0,1,865.2596435546875,829.070068359375,822.4901733398438,860.32470703125
1790789483.0613298,0,1,865.2596435546875,829.070068359375,822.4901733398438,860.32470703125
1790789483.0724545,0,1,865.2596435546875,829.070068359375,822.4901733398438,860.32470703125
1790789483.0841272,0,1,865.2596435546875,829.070068359375,822.4901733398438,860.32470703125
1790789483.095927,0,1,865.2596435546875,829.070068359375,822.4901733398438,860.32470703125
1790789483.1070592,0,1,865.2596435546875,829.070068359375,822.4901733398438,860.32470703125
1790789483.118222,0,1,873.4845581054688,815.9102783203125,829.070068359375,850.454833984375
1790789483.129323,0,1,868.5496215820312,857.0347290039062,817.5552368164062,843.8749389648438
1790789483.14023,0,1,860.32470703125,901.44921875,802.7504272460938,832.3600463867188
1790789483.1512542,0,1,860.32470703125,901.44921875,802.7504272460938,832.3600463867188
1790789483.1624565,0,1,865.2596435546875,827.4251098632812,822.4901733398438,843.8749389648438
1790789483.174001,0,1,865.2596435546875,827.4251098632812,822.4901733398438,843.8749389648438
1790789483.1850123,0,1,865.2596435546875,827.4251098632812,822.4901733398438,843.8749389648438
1790789483.1961956,0,1,865.2596435546875,827.4251098632812,822.4901733398438,843.8749389648438
1790789483.207622,0,1,865.2596435546875,827.4251098632812,822.4901733398438,843.8749389648438
1790789483.2191792,0,1,873.4845581054688,814.2652587890625,825.7801513671875,838.9400024414062
1790789483.2304554,0,1,884.9994506835938,751.7560424804688,837.2949829101562,852.0997924804688
1790789483.2419171,0,1,845.5198974609375,804.3953857421875,819.2001953125,847.1648559570312
1790789483.2540224,0,1,857.0347290039062,804.3953857421875,819.2001953125,858.6797485351562
1790789483.2648616,0,1,860.32470703125,830.715087890625,822.4901733398438,852.0997924804688
1790789483.275962,0,1,860.32470703125,830.715087890625,822.4901733398438,852.0997924804688
1790789483.2874866,0,0,860.32470703125,830.715087890625,822.4901733398438,852.0997924804688
1790789483.298347,0,0,860.32470703125,830.715087890625,822.4901733398438,852.0997924804688
1790789483.3097308,0,0,860.32470703125,830.715087890625,822.4901733398438,852.0997924804688
1790789483.3206682,0,0,860.32470703125,830.715087890625,822.4901733398438,852.0997924804688
1790789483.3317678,0,0,860.32470703125,830.715087890625,822.4901733398438,852.0997924804688
1790789483.3433292,0,0,850.454833984375,753.4010009765625,819.2001953125,850.454833984375
1790789483.3545372,0,0,883.3544311523438,766.5608520507812,817.5552368164062,840.5849609375
1790789483.3657691,0,0,873.4845581054688,786.3005981445312,810.9752807617188,848.8098754882812
1790789483.3772736,0,0,865.2596435546875,707.341552734375,824.1351318359375,850.454833984375
1790789483.3882341,0,0,865.2596435546875,707.341552734375,824.1351318359375,850.454833984375
1790789483.39918,0,0,865.2596435546875,707.341552734375,824.1351318359375,850.454833984375
1790789483.4111707,0,0,865.2596435546875,707.341552734375,824.1351318359375,850.454833984375
1790789483.4222605,0,0,865.2596435546875,707.341552734375,824.1351318359375,850.454833984375
1790789483.4333153,0,0,865.2596435546875,707.341552734375,824.1351318359375,850.454833984375
1790789483.444441,0,0,842.2299194335938,825.7801513671875,806.0403442382812,843.8749389648438
1790789483.4556599,0,0,845.5198974609375,832.3600463867188,804.3953857421875,819.2001953125
1790789483.466679,0,0,845.5198974609375,832.3600463867188,804.3953857421875,819.2001953125
1790789483.4779525,0,0,838.9400024414062,845.5198974609375,806.0403442382812,838.9400024414062
1790789483.4893177,0,0,871.839599609375,779.720703125,817.5552368164062,863.6146850585938
1790789483.500482,0,0,871.839599609375,779.720703125,817.5552368164062,863.6146850585938
1790789483.5113604,0,0,871.839599609375,779.720703125,817.5552368164062,863.6146850585938
1790789483.5222673,0,0,871.839599609375,779.720703125,817.5552368164062,863.6146850585938
1790789483.5340226,0,0,871.839599609375,779.720703125,817.5552368164062,863.6146850585938
1790789483.5453553,0,0,871.839599609375,779.720703125,817.5552368164062,863.6146850585938
1790789483.556626,0,0,858.6797485351562,806.0403442382812,815.9102783203125,845.5198974609375
1790789483.567747,0,0,863.6146850585938,727.081298828125,834.0050048828125,865.2596435546875
1790789483.579303,0,0,832.3600463867188,812.6203002929688,810.9752807617188,853.7448120117188
1790789483.5907438,0,0,845.5198974609375,852.0997924804688,806.0403442382812,829.070068359375
1790789483.6022472,0,1,845.5198974609375,852.0997924804688,806.0403442382812,829.070068359375
1790789483.6147516,0,1,845.5198974609375,852.0997924804688,806.0403442382812,829.070068359375
1790789483.6255484,0,1,845.5198974609375,852.0997924804688,806.0403442382812,829.070068359375
1790789483.6370692,0,1,845.5198974609375,852.0997924804688,806.0403442382812,829.070068359375
1790789483.6478527,0,1,845.5198974609375,852.0997924804688,806.0403442382812,829.070068359375
1790789483.6587367,0,1,845.5198974609375,852.0997924804688,806.0403442382812,829.070068359375
1790789483.6702075,0,1,845.5198974609375,852.0997924804688,806.0403442382812,829.070068359375
1790789483.6812072,0,1,865.2596435546875,773.1407470703125,822.4901733398438,861.9697265625
1790789483.6923063,0,1,863.6146850585938,799.46044921875,820.84521484375,852.0997924804688
1790789483.7038016,0,1,866.9046630859375,746.8211059570312,837.2949829101562,870.194580078125
1790789483.7151682,0,1,878.4194946289062,799.46044921875,825.7801513671875,835.6500244140625
1790789483.7258787,0,1,860.32470703125,852.0997924804688,817.5552368164062,847.1648559570312
1790789483.7371583,0,1,860.32470703125,852.0997924804688,817.5552368164062,847.1648559570312
1790789483.7482047,0,1,861.9697265625,799.46044921875,820.84521484375,858.6797485351562
1790789483.7592597,0,1,855.3897705078125,852.0997924804688,814.2652587890625,838.9400024414062
1790789483.770098,0,1,852.0997924804688,773.1407470703125,825.7801513671875,847.1648559570312
1790789483.7810202,0,1,852.0997924804688,773.1407470703125,825.7801513671875,847.1648559570312
1790789483.7922583,0,1,852.0997924804688,773.1407470703125,825.7801513671875,847.1648559570312
1790789483.8033082,0,1,852.0997924804688,773.1407470703125,825.7801513671875,847.1648559570312
1790789483.8142555,0,1,852.0997924804688,773.1407470703125,825.7801513671875,847.1648559570312
1790789483.8257334,0,1,863.6146850585938,759.9808959960938,837.2949829101562,855.3897705078125
1790789483.8382323,0,1,875.1295166015625,681.0218505859375,835.6500244140625,853.7448120117188
1790789483.849716,0,1,853.7448120117188,789.590576171875,817.5552368164062,855.3897705078125
1790789483.8615558,0,1,853.7448120117188,789.590576171875,817.5552368164062,855.3897705078125
1790789483.8732805,0,1,853.7448120117188,789.590576171875,817.5552368164062,855.3897705078125
1790789483.884083,0,1,853.7448120117188,789.590576171875,817.5552368164062,855.3897705078125
1790789483.895282,0,1,886.6444091796875,684.3118286132812,837.2949829101562,865.2596435546875
1790789483.9064841,0,1,847.1648559570312,750.1110229492188,820.84521484375,835.6500244140625
1790789483.917771,0,1,857.0347290039062,743.5311279296875,819.2001953125,834.0050048828125
1790789483.928833,0,1,850.454833984375,743.5311279296875,809.330322265625,830.715087890625
1790789483.939927,0,1,857.0347290039062,704.0515747070312,817.5552368164062,847.1648559570312
1790789483.9509277,0,1,857.0347290039062,704.0515747070312,817.5552368164062,847.1648559570312
1790789483.9622564,0,1,857.0347290039062,704.0515747070312,817.5552368164062,847.1648559570312
1790789483.973095,0,1,857.0347290039062,704.0515747070312,817.5552368164062,847.1648559570312
1790789483.9839425,0,1,857.0347290039062,704.0515747070312,817.5552368164062,847.1648559570312
1790789483.9951317,0,1,857.0347290039062,704.0515747070312,817.5552368164062,847.1648559570312
1790789484.0066187,0,1,857.0347290039062,704.0515747070312,817.5552368164062,847.1648559570312
1790789484.0176308,0,1,857.0347290039062,704.0515747070312,817.5552368164062,847.1648559570312
1790789484.0329552,0,1,866.9046630859375,723.7913208007812,812.6203002929688,853.7448120117188
1790789484.050407,0,1,842.2299194335938,743.5311279296875,812.6203002929688,843.8749389648438
1790789484.0623007,0,1,848.8098754882812,743.5311279296875,815.9102783203125,842.2299194335938
1790789484.073572,0,1,857.0347290039062,717.21142578125,817.5552368164062,835.6500244140625
1790789484.0857637,0,0,857.0347290039062,717.21142578125,817.5552368164062,835.6500244140625
1790789484.0969424,1,0,857.0347290039062,717.21142578125,817.5552368164062,835.6500244140625
1790789484.1088233,1,0,857.0347290039062,717.21142578125,817.5552368164062,835.6500244140625
1790789484.121966,1,0,857.0347290039062,717.21142578125,817.5552368164062,835.6500244140625
1790789484.133063,1,0,857.0347290039062,717.21142578125,817.5552368164062,835.6500244140625
1790789484.1446717,1,0,886.6444091796875,664.5720825195312,830.715087890625,847.1648559570312
1790789484.155866,1,0,886.6444091796875,664.5720825195312,830.715087890625,847.1648559570312
1790789484.1669073,1,0,866.9046630859375,638.2523803710938,834.0050048828125,850.454833984375
1790789484.1783004,1,0,843.8749389648438,717.21142578125,809.330322265625,829.070068359375
1790789484.1895509,1,0,838.9400024414062,671.1519775390625,820.84521484375,843.8749389648438
1790789484.2009265,1,0,838.9400024414062,671.1519775390625,820.84521484375,843.8749389648438
1790789484.2123027,1,0,838.9400024414062,671.1519775390625,820.84521484375,843.8749389648438
1790789484.2251213,1,0,838.9400024414062,671.1519775390625,820.84521484375,843.8749389648438
1790789484.2368248,1,0,838.9400024414062,671.1519775390625,820.84521484375,843.8749389648438
1790789484.247935,1,0,838.9400024414062,671.1519775390625,820.84521484375,843.8749389648438
1790789484.259132,1,0,829.070068359375,690.8917236328125,824.1351318359375,832.3600463867188
1790789484.2701538,1,0,861.9697265625,651.4122314453125,830.715087890625,860.32470703125
1790789484.2812984,1,0,873.4845581054688,625.092529296875,827.4251098632812,852.0997924804688
1790789484.2925313,1,0,870.194580078125,598.7728271484375,832.3600463867188,853.7448120117188
1790789484.303452,1,0,855.3897705078125,625.092529296875,822.4901733398438,840.5849609375
1790789484.3146238,1,0,855.3897705078125,625.092529296875,822.4901733398438,840.5849609375
1790789484.3255975,1,0,855.3897705078125,625.092529296875,822.4901733398438,840.5849609375
1790789484.3366194,1,0,855.3897705078125,625.092529296875,822.4901733398438,840.5849609375
1790789484.3476875,1,0,855.3897705078125,625.092529296875,822.4901733398438,840.5849609375
1790789484.3587573,1,0,855.3897705078125,625.092529296875,822.4901733398438,840.5849609375
1790789484.3698714,1,0,855.3897705078125,651.4122314453125,817.5552368164062,845.5198974609375
1790789484.3808827,1,0,871.839599609375,572.4531860351562,835.6500244140625,860.32470703125
1790789484.3920157,1,0,853.7448120117188,654.7021484375,820.84521484375,835.6500244140625
1790789484.4031699,1,0,853.7448120117188,582.3230590820312,825.7801513671875,842.2299194335938
1790789484.4143226,1,0,860.32470703125,595.48291015625,830.715087890625,847.1648559570312
1790789484.4250236,1,0,850.454833984375,661.2821044921875,820.84521484375,845.5198974609375
1790789484.436092,1,0,845.5198974609375,667.8619995117188,822.4901733398438,850.454833984375
1790789484.4475317,1,0,847.1648559570312,802.7504272460938,829.070068359375,842.2299194335938
1790789484.4588058,1,0,883.3544311523438,829.070068359375,820.84521484375,847.1648559570312
1790789484.47057,1,0,847.1648559570312,815.9102783203125,832.3600463867188,843.8749389648438
1790789484.481903,1,0,847.1648559570312,815.9102783203125,832.3600463867188,843.8749389648438
1790789484.4929073,1,0,847.1648559570312,815.9102783203125,832.3600463867188,843.8749389648438
1790789484.5041037,1,0,847.1648559570312,815.9102783203125,832.3600463867188,843.8749389648438
1790789484.515263,1,0,847.1648559570312,815.9102783203125,832.3600463867188,843.8749389648438
1790789484.5262177,1,0,847.1648559570312,815.9102783203125,832.3600463867188,843.8749389648438
1790789484.537898,1,0,855.3897705078125,820.84521484375,827.4251098632812,842.2299194335938
1790789484.5489914,1,0,861.9697265625,875.1295166015625,819.2001953125,830.715087890625
1790789484.5604405,1,0,861.9697265625,838.9400024414062,825.7801513671875,835.6500244140625
1790789484.5719023,1,0,861.9697265625,838.9400024414062,825.7801513671875,835.6500244140625
1790789484.5830538,1,0,861.9697265625,838.9400024414062,825.7801513671875,835.6500244140625
1790789484.5945332,1,0,861.9697265625,838.9400024414062,825.7801513671875,835.6500244140625
1790789484.6056302,1,0,861.9697265625,838.9400024414062,825.7801513671875,835.6500244140625
1790789484.616626,1,0,861.9697265625,838.9400024414062,825.7801513671875,835.6500244140625
1790789484.628366,1,0,858.6797485351562,825.7801513671875,825.7801513671875,842.2299194335938
1790789484.640457,1,0,842.2299194335938,825.7801513671875,832.3600463867188,840.5849609375
1790789484.6519735,1,0,860.32470703125,779.720703125,843.8749389648438,848.8098754882812
1790789484.6634762,1,0,840.5849609375,832.3600463867188,825.7801513671875,824.1351318359375
1790789484.6750224,1,0,873.4845581054688,773.1407470703125,837.2949829101562,857.0347290039062
1790789484.6862955,1,0,863.6146850585938,838.9400024414062,822.4901733398438,842.2299194335938
1790789484.6979365,1,0,863.6146850585938,838.9400024414062,822.4901733398438,842.2299194335938
1790789484.7092745,1,0,863.6146850585938,838.9400024414062,822.4901733398438,842.2299194335938
1790789484.7208095,1,0,863.6146850585938,838.9400024414062,822.4901733398438,842.2299194335938
1790789484.731954,1,0,863.6146850585938,838.9400024414062,822.4901733398438,842.2299194335938
1790789484.7432232,1,0,863.6146850585938,838.9400024414062,822.4901733398438,842.2299194335938
1790789484.7544768,1,0,866.9046630859375,799.46044921875,834.0050048828125,858.6797485351562
1790789484.7663448,1,0,863.6146850585938,848.8098754882812,824.1351318359375,834.0050048828125
1790789484.778007,1,0,850.454833984375,789.590576171875,819.2001953125,858.6797485351562
1790789484.7900012,1,0,850.454833984375,789.590576171875,819.2001953125,858.6797485351562
1790789484.8011868,1,0,850.454833984375,789.590576171875,819.2001953125,858.6797485351562
1790789484.8128486,1,0,850.454833984375,789.590576171875,819.2001953125,858.6797485351562
1790789484.8241713,1,0,850.454833984375,789.590576171875,819.2001953125,858.6797485351562
1790789484.8348916,1,0,850.454833984375,789.590576171875,819.2001953125,858.6797485351562
1790789484.8462296,1,0,827.4251098632812,888.2893676757812,820.84521484375,829.070068359375
1790789484.8575456,1,0,848.8098754882812,838.9400024414062,819.2001953125,824.1351318359375
1790789484.8685615,1,0,850.454833984375,812.6203002929688,834.0050048828125,845.5198974609375
1790789484.8796902,1,0,840.5849609375,944.2186889648438,809.330322265625,806.0403442382812
1790789484.8905687,1,0,853.7448120117188,944.2186889648438,832.3600463867188,832.3600463867188
1790789484.9018419,1,0,850.454833984375,931.0588989257812,822.4901733398438,820.84521484375
1790789484.912832,1,0,850.454833984375,891.579345703125,827.4251098632812,827.4251098632812
1790789484.9239576,1,0,863.6146850585938,937.6387939453125,825.7801513671875,843.8749389648438
1790789484.9349017,1,0,863.6146850585938,937.6387939453125,825.7801513671875,843.8749389648438
1790789484.9460416,1,0,863.6146850585938,937.6387939453125,825.7801513671875,843.8749389648438
1790789484.956826,1,0,863.6146850585938,937.6387939453125,825.7801513671875,843.8749389648438
1790789484.968048,1,0,863.6146850585938,937.6387939453125,825.7801513671875,843.8749389648438
1790789484.9791853,1,0,863.6146850585938,937.6387939453125,825.7801513671875,843.8749389648438
1790789484.9901695,1,0,871.839599609375,891.579345703125,827.4251098632812,835.6500244140625
1790789485.0016282,1,0,857.0347290039062,878.4194946289062,829.070068359375,842.2299194335938
1790789485.0125144,1,0,860.32470703125,802.7504272460938,829.070068359375,827.4251098632812
1790789485.0236804,1,0,884.9994506835938,723.7913208007812,840.5849609375,860.32470703125
1790789485.0348916,1,0,850.454833984375,792.8805541992188,829.070068359375,853.7448120117188
1790789485.0462942,1,0,840.5849609375,891.579345703125,822.4901733398438,829.070068359375
1790789485.0571284,1,1,840.5849609375,891.579345703125,822.4901733398438,829.070068359375
1790789485.068257,1,1,840.5849609375,891.579345703125,822.4901733398438,829.070068359375
1790789485.0796595,1,1,840.5849609375,891.579345703125,822.4901733398438,829.070068359375
1790789485.0904934,1,1,840.5849609375,891.579345703125,822.4901733398438,829.070068359375
1790789485.1016262,1,1,848.8098754882812,759.9808959960938,837.2949829101562,838.9400024414062
1790789485.113028,1,1,843.8749389648438,759.9808959960938,834.0050048828125,848.8098754882812
1790789485.124266,1,1,870.194580078125,736.951171875,843.8749389648438,853.7448120117188
1790789485.1352408,1,1,842.2299194335938,825.7801513671875,820.84521484375,837.2949829101562
1790789485.1464324,1,1,842.2299194335938,825.7801513671875,820.84521484375,837.2949829101562
1790789485.1574833,1,1,842.2299194335938,825.7801513671875,820.84521484375,837.2949829101562
1790789485.1687222,1,0,842.2299194335938,825.7801513671875,820.84521484375,837.2949829101562
1790789485.1794648,1,0,842.2299194335938,825.7801513671875,820.84521484375,837.2949829101562
1790789485.190517,1,0,842.2299194335938,825.7801513671875,820.84521484375,837.2949829101562
1790789485.2024627,1,0,842.2299194335938,825.7801513671875,820.84521484375,837.2949829101562
1790789485.2135181,1,0,842.2299194335938,825.7801513671875,820.84521484375,837.2949829101562
1790789485.2244086,1,0,876.7745361328125,713.9214477539062,840.5849609375,850.454833984375
1790789485.2354665,1,0,850.454833984375,792.8805541992188,825.7801513671875,838.9400024414062
1790789485.246598,1,0,857.0347290039062,819.2001953125,814.2652587890625,830.715087890625
1790789485.257957,1,0,695.82666015625,792.8805541992188,982.0532836914062,685.956787109375
1790789485.2692928,1,0,748.466064453125,766.5608520507812,929.4138793945312,699.1166381835938
1790789485.2803075,1,0,748.466064453125,766.5608520507812,929.4138793945312,699.1166381835938
1790789485.291829,1,0,748.466064453125,766.5608520507812,929.4138793945312,699.1166381835938
1790789485.3030815,1,0,301.0314025878906,740.2411499023438,692.5367431640625,199.04261779785156
1790789485.3139923,1,0,248.39202880859375,1240.315185546875,218.78237915039062,120.08356475830078
1790789485.3251588,1,0,269.7767639160156,1399.8782958984375,166.1430206298828,136.5333709716797
1790789485.3358848,1,0,276.356689453125,1500.2220458984375,139.82333374023438,138.1783447265625
1790789485.3470225,1,0,282.9366149902344,1478.8372802734375,824.1351318359375,133.243408203125
1790789485.3580904,1,0,282.9366149902344,1478.8372802734375,824.1351318359375,133.243408203125
1790789485.3693118,1,0,282.9366149902344,1478.8372802734375,824.1351318359375,133.243408203125
1790789485.3803687,1,0,282.9366149902344,1478.8372802734375,824.1351318359375,133.243408203125
1790789485.3910172,1,0,282.9366149902344,1478.8372802734375,824.1351318359375,133.243408203125
1790789485.401821,1,0,282.9366149902344,1478.8372802734375,824.1351318359375,133.243408203125
1790789485.41278,1,0,284.58160400390625,1465.677490234375,1192.6107177734375,133.243408203125
1790789485.423863,1,0,282.9366149902344,1457.45263671875,1403.168212890625,131.5984344482422
1790789485.4348712,1,0,284.58160400390625,1459.0975341796875,1403.168212890625,133.243408203125
1790789485.4460247,1,0,284.58160400390625,1460.7425537109375,1455.8076171875,133.243408203125
1790789485.457263,1,0,284.58160400390625,1447.5826416015625,1297.8895263671875,133.243408203125
1790789485.468314,1,0,284.58160400390625,1447.5826416015625,1350.52880859375,133.243408203125
1790789485.4793208,1,0,284.58160400390625,1447.5826416015625,1350.52880859375,133.243408203125
1790789485.4899776,1,0,284.58160400390625,1447.5826416015625,1350.52880859375,133.243408203125
1790789485.5006905,1,0,284.58160400390625,1447.5826416015625,1350.52880859375,133.243408203125
1790789485.5117955,1,0,284.58160400390625,1447.5826416015625,1350.52880859375,133.243408203125
1790789485.522948,1,0,284.58160400390625,1447.5826416015625,1350.52880859375,133.243408203125
1790789485.534282,1,0,284.58160400390625,1447.5826416015625,1350.52880859375,133.243408203125
1790789485.5452955,1,0,301.0314025878906,1421.2630615234375,1424.552978515625,133.243408203125
1790789485.5565002,1,0,435.9197998046875,1473.90234375,1042.91748046875,148.04823303222656
1790789485.5677278,1,0,965.6034545898438,1421.2630615234375,1087.33203125,771.4957885742188
1790789485.5787554,1,0,1176.160888671875,1368.6236572265625,850.454833984375,955.7335815429688
1790789485.589874,1,0,1176.160888671875,1368.6236572265625,850.454833984375,955.7335815429688
1790789485.6010642,1,0,1176.160888671875,1368.6236572265625,850.454833984375,955.7335815429688
1790789485.6118844,1,0,1176.160888671875,1368.6236572265625,850.454833984375,955.7335815429688
1790789485.6226408,1,0,1176.160888671875,1368.6236572265625,850.454833984375,955.7335815429688
1790789485.6335595,1,0,1176.160888671875,1368.6236572265625,850.454833984375,955.7335815429688
1790789485.6450064,1,0,1630.175537109375,0.0,982.0532836914062,1587.406005859375
1790789485.6563396,1,0,1641.6904296875,3.2899606227874756,1431.1329345703125,1651.560302734375
1790789485.667521,1,0,1661.43017578125,0.0,1470.6124267578125,1656.4952392578125
1790789485.6788855,1,0,1658.14013671875,54.28435134887695,1490.3521728515625,1653.2052001953125
1790789485.6907396,1,0,1653.2052001953125,34.544586181640625,919.5440063476562,1643.3353271484375
1790789485.7016065,1,0,1651.560302734375,34.544586181640625,829.070068359375,1643.3353271484375
1790789485.7130525,1,0,1617.015625,34.544586181640625,784.6556396484375,1641.6904296875
1790789485.7245238,1,0,1531.4766845703125,34.544586181640625,769.850830078125,1562.7313232421875
1790789485.7357218,1,0,1531.4766845703125,34.544586181640625,769.850830078125,1562.7313232421875
1790789485.7466893,1,0,1531.4766845703125,34.544586181640625,769.850830078125,1562.7313232421875
1790789485.7579095,1,0,1531.4766845703125,34.544586181640625,769.850830078125,1562.7313232421875
1790789485.7688565,1,0,1531.4766845703125,34.544586181640625,769.850830078125,1562.7313232421875
1790789485.780131,1,0,1531.4766845703125,34.544586181640625,769.850830078125,1562.7313232421875
1790789485.7914896,1,0,1419.6180419921875,34.544586181640625,776.4307250976562,1457.45263671875
1790789485.8028567,1,0,1172.8709716796875,34.544586181640625,727.081298828125,1299.534423828125
1790789485.8142743,1,0,975.4733276367188,97.05384063720703,687.601806640625,1194.2557373046875
1790789485.8261585,1,0,462.2394714355469,131.5984344482422,309.2563171386719,677.7318725585938
1790789485.8379135,1,0,14.80482292175293,723.7913208007812,19.739763259887695,210.55747985839844
1790789485.8493476,1,0,59.21929168701172,881.70947265625,98.69882202148438,268.1318054199219
1790789485.8604372,1,0,59.21929168701172,881.70947265625,98.69882202148438,268.1318054199219
1790789485.8712869,1,0,59.21929168701172,881.70947265625,98.69882202148438,268.1318054199219
1790789485.882235,1,0,59.21929168701172,881.70947265625,98.69882202148438,268.1318054199219
1790789485.8940752,1,0,59.21929168701172,881.70947265625,98.69882202148438,268.1318054199219
1790789485.905015,1,0,59.21929168701172,881.70947265625,98.69882202148438,268.1318054199219
1790789485.915945,1,0,34.544586181640625,1556.1513671875,1131.7464599609375,238.52215576171875
1790789485.9274576,1,0,46.0594482421875,1566.021240234375,1184.3858642578125,251.68199157714844
1790789485.9399612,1,0,44.41447067260742,1582.4710693359375,1000.1480712890625,246.74705505371094
1790789485.9510279,1,0,49.34941101074219,1575.89111328125,947.5086669921875,248.39202880859375
1790789485.9624891,1,0,49.34941101074219,1575.89111328125,947.5086669921875,248.39202880859375
1790789485.9737098,1,0,49.34941101074219,1575.89111328125,947.5086669921875,248.39202880859375
1790789485.9850338,1,0,49.34941101074219,1575.89111328125,947.5086669921875,248.39202880859375
1790789486.000942,1,0,44.41447067260742,1570.9561767578125,842.2299194335938,246.74705505371094
1790789486.0164433,1,0,42.76948928833008,1577.5361328125,802.7504272460938,248.39202880859375
1790789486.0284283,1,0,52.63936996459961,1582.4710693359375,644.832275390625,248.39202880859375
1790789486.0407877,1,0,261.5518798828125,1473.90234375,605.352783203125,376.70050048828125
1790789486.0524008,1,0,301.0314025878906,1579.18115234375,618.5126342773438,403.0201721191406
1790789486.0637188,1,0,366.83062744140625,1631.820556640625,570.8081665039062,297.741455078125
1790789486.0756488,1,0,366.83062744140625,1631.820556640625,570.8081665039062,297.741455078125
1790789486.0893795,1,0,366.83062744140625,1631.820556640625,570.8081665039062,297.741455078125
1790789486.101354,1,0,366.83062744140625,1631.820556640625,570.8081665039062,297.741455078125
1790789486.1126478,1,0,366.83062744140625,1631.820556640625,570.8081665039062,297.741455078125
1790789486.1261714,1,0,366.83062744140625,1631.820556640625,570.8081665039062,297.741455078125
1790789486.1382341,1,0,366.83062744140625,1631.820556640625,570.8081665039062,297.741455078125
1790789486.1495607,1,0,445.7896728515625,1579.18115234375,539.5535278320312,403.0201721191406
1790789486.1616354,1,0,445.7896728515625,1579.18115234375,539.5535278320312,403.0201721191406
1790789486.1732686,0,0,1610.435791015625,103.63375854492188,783.0106201171875,1585.7611083984375
1790789486.1846118,0,0,1612.0806884765625,57.574310302734375,817.5552368164062,1602.2108154296875
1790789486.1956515,0,0,1612.0806884765625,57.574310302734375,817.5552368164062,1602.2108154296875
1790789486.209861,0,0,1612.0806884765625,57.574310302734375,817.5552368164062,1602.2108154296875
1790789486.221723,0,0,1613.7257080078125,90.47391510009766,888.2893676757812,1597.27587890625
1790789486.2331262,0,0,1612.0806884765625,70.7341537475586,825.7801513671875,1597.27587890625
1790789486.24479,0,0,1653.2052001953125,31.254627227783203,1008.3729248046875,1651.560302734375
1790789486.2560186,0,0,1653.2052001953125,31.254627227783203,1008.3729248046875,1651.560302734375
1790789486.2672386,0,0,1653.2052001953125,31.254627227783203,1008.3729248046875,1651.560302734375
1790789486.278573,0,0,1653.2052001953125,31.254627227783203,1008.3729248046875,1651.560302734375
1790789486.289488,0,0,1653.2052001953125,31.254627227783203,1008.3729248046875,1651.560302734375
1790789486.3006854,0,0,1653.2052001953125,31.254627227783203,1008.3729248046875,1651.560302734375
1790789486.3122158,0,0,1653.2052001953125,27.96466636657715,801.1054077148438,1653.2052001953125
1790789486.3229277,0,0,1651.560302734375,29.60964584350586,774.7857666015625,1653.2052001953125
1790789486.3341286,0,0,1651.560302734375,27.96466636657715,771.4957885742188,1653.2052001953125
1790789486.346108,0,0,1429.4879150390625,29.60964584350586,741.8861083984375,1462.3875732421875
1790789486.3571477,0,0,1350.52880859375,29.60964584350586,741.8861083984375,1396.5882568359375
1790789486.3685002,0,0,1302.824462890625,29.60964584350586,753.4010009765625,1306.1143798828125
1790789486.3798943,0,0,1302.824462890625,29.60964584350586,753.4010009765625,1306.1143798828125
1790789486.3912232,0,0,1302.824462890625,29.60964584350586,753.4010009765625,1306.1143798828125
1790789486.402285,0,0,1302.824462890625,29.60964584350586,753.4010009765625,1306.1143798828125
1790789486.4135537,0,0,1302.824462890625,29.60964584350586,753.4010009765625,1306.1143798828125
1790789486.4243872,0,0,1302.824462890625,29.60964584350586,753.4010009765625,1306.1143798828125
1790789486.4358459,0,0,1209.060546875,29.60964584350586,743.5311279296875,1238.670166015625
1790789486.4476695,0,0,1130.1014404296875,29.60964584350586,763.2708740234375,1161.3560791015625
1790789486.4589174,0,0,1112.0067138671875,29.60964584350586,761.6259155273438,1131.7464599609375
1790789486.469884,0,0,1112.0067138671875,29.60964584350586,761.6259155273438,1131.7464599609375
1790789486.4810674,0,0,1095.556884765625,31.254627227783203,761.6259155273438,1112.0067138671875
1790789486.492447,0,0,1095.556884765625,31.254627227783203,761.6259155273438,1112.0067138671875
1790789486.5031667,0,0,1095.556884765625,31.254627227783203,761.6259155273438,1112.0067138671875
1790789486.5140991,0,0,1095.556884765625,31.254627227783203,761.6259155273438,1112.0067138671875
1790789486.5251482,0,0,1095.556884765625,31.254627227783203,761.6259155273438,1112.0067138671875
1790789486.5366607,0,0,1000.1480712890625,151.33819580078125,773.1407470703125,1018.2428588867188
1790789486.5481696,0,0,1006.7279663085938,108.5687026977539,792.8805541992188,1018.2428588867188
1790789486.5595918,0,0,978.7633056640625,108.5687026977539,794.5255126953125,990.2781372070312
1790789486.5705373,0,0,939.2837524414062,266.48681640625,773.1407470703125,944.2186889648438
1790789486.581612,0,0,932.703857421875,292.8064880371094,786.3005981445312,914.6090698242188
1790789486.5926082,0,0,908.0291748046875,371.76556396484375,786.3005981445312,916.2540283203125
1790789486.6037397,0,0,908.0291748046875,371.76556396484375,786.3005981445312,916.2540283203125
1790789486.6148124,0,0,924.4789428710938,398.0852355957031,786.3005981445312,901.44921875
1790789486.6258166,0,0,908.0291748046875,363.5406494140625,796.1704711914062,906.3841552734375
1790789486.6373563,0,0,919.5440063476562,386.57037353515625,801.1054077148438,876.7745361328125
1790789486.6481817,0,0,919.5440063476562,386.57037353515625,801.1054077148438,876.7745361328125
1790789486.6593106,0,0,919.5440063476562,386.57037353515625,801.1054077148438,876.7745361328125
1790789486.671071,0,0,919.5440063476562,386.57037353515625,801.1054077148438,876.7745361328125
1790789486.6821961,0,0,919.5440063476562,386.57037353515625,801.1054077148438,876.7745361328125
1790789486.693215,0,0,919.5440063476562,386.57037353515625,801.1054077148438,876.7745361328125
1790789486.7049954,0,0,870.194580078125,493.4941101074219,789.590576171875,857.0347290039062
1790789486.7163754,0,0,865.2596435546875,493.4941101074219,792.8805541992188,860.32470703125
1790789486.7275991,0,0,889.9343872070312,493.4941101074219,799.46044921875,866.9046630859375
1790789486.739275,0,0,889.9343872070312,493.4941101074219,799.46044921875,866.9046630859375
1790789486.7503254,0,0,889.9343872070312,493.4941101074219,799.46044921875,866.9046630859375
1790789486.7615616,0,0,889.9343872070312,493.4941101074219,799.46044921875,866.9046630859375
1790789486.7723043,0,0,889.9343872070312,493.4941101074219,799.46044921875,866.9046630859375
1790789486.7829592,0,0,889.9343872070312,493.4941101074219,799.46044921875,866.9046630859375
1790789486.794435,0,0,888.2893676757812,565.8732299804688,789.590576171875,850.454833984375
1790789486.8056624,0,0,880.064453125,595.48291015625,807.6853637695312,873.4845581054688
1790789486.8165975,0,0,875.1295166015625,727.081298828125,786.3005981445312,845.5198974609375
1790789486.8276954,0,0,886.6444091796875,582.3230590820312,819.2001953125,868.5496215820312
1790789486.8389018,0,0,889.9343872070312,648.1222534179688,806.0403442382812,865.2596435546875
1790789486.8499641,0,0,889.9343872070312,648.1222534179688,806.0403442382812,865.2596435546875
1790789486.8611505,0,0,889.9343872070312,648.1222534179688,806.0403442382812,865.2596435546875
1790789486.8723588,0,0,889.9343872070312,648.1222534179688,806.0403442382812,865.2596435546875
1790789486.8834717,0,0,889.9343872070312,648.1222534179688,806.0403442382812,865.2596435546875
1790789486.8945346,0,0,889.9343872070312,648.1222534179688,806.0403442382812,865.2596435546875
1790789486.9055386,0,0,866.9046630859375,858.6797485351562,791.2355346679688,855.3897705078125
1790789486.9167366,0,0,850.454833984375,884.9994506835938,797.8154907226562,858.6797485351562
1790789486.9275393,0,0,878.4194946289062,832.3600463867188,815.9102783203125,878.4194946289062
1790789486.9385128,0,0,878.4194946289062,832.3600463867188,815.9102783203125,878.4194946289062
1790789486.949682,0,0,878.4194946289062,832.3600463867188,815.9102783203125,878.4194946289062
1790789486.9610798,0,0,878.4194946289062,832.3600463867188,815.9102783203125,878.4194946289062
1790789486.9719455,0,0,878.4194946289062,832.3600463867188,815.9102783203125,878.4194946289062
1790789486.982669,0,0,878.4194946289062,832.3600463867188,815.9102783203125,878.4194946289062
1790789486.9939313,0,0,861.9697265625,832.3600463867188,817.5552368164062,866.9046630859375
1790789487.0051613,0,0,875.1295166015625,963.95849609375,792.8805541992188,847.1648559570312
1790789487.015997,0,0,881.70947265625,911.319091796875,812.6203002929688,875.1295166015625
1790789487.0269282,0,0,883.3544311523438,924.4789428710938,807.6853637695312,870.194580078125
1790789487.038118,0,0,861.9697265625,963.95849609375,810.9752807617188,857.0347290039062
1790789487.0491393,0,0,871.839599609375,1003.43798828125,804.3953857421875,855.3897705078125
1790789487.060181,0,0,871.839599609375,1003.43798828125,804.3953857421875,855.3897705078125
1790789487.0719233,0,0,871.839599609375,1003.43798828125,804.3953857421875,855.3897705078125
1790789487.0834556,0,0,871.839599609375,1003.43798828125,804.3953857421875,855.3897705078125
1790789487.0946345,0,0,871.839599609375,1003.43798828125,804.3953857421875,855.3897705078125
1790789487.1052985,0,0,871.839599609375,1003.43798828125,804.3953857421875,855.3897705078125
1790789487.1160746,0,0,850.454833984375,1016.5978393554688,807.6853637695312,852.0997924804688
1790789487.126967,0,0,868.5496215820312,947.5086669921875,817.5552368164062,857.0347290039062
1790789487.1380734,0,0,870.194580078125,993.568115234375,810.9752807617188,861.9697265625
1790789487.1498432,0,0,858.6797485351562,955.7335815429688,810.9752807617188,857.0347290039062
1790789487.1609664,0,0,858.6797485351562,955.7335815429688,810.9752807617188,857.0347290039062
1790789487.1723924,0,0,858.6797485351562,955.7335815429688,810.9752807617188,857.0347290039062
1790789487.1833692,0,0,858.6797485351562,955.7335815429688,810.9752807617188,857.0347290039062
1790789487.1945288,0,0,858.6797485351562,955.7335815429688,810.9752807617188,857.0347290039062
1790789487.2055583,0,0,853.7448120117188,955.7335815429688,814.2652587890625,865.2596435546875
1790789487.216685,0,0,865.2596435546875,968.8934326171875,806.0403442382812,848.8098754882812
1790789487.2278287,0,0,855.3897705078125,988.6331787109375,804.3953857421875,832.3600463867188
1790789487.2387016,0,0,860.32470703125,949.1536865234375,809.330322265625,857.0347290039062
1790789487.2499452,0,0,857.0347290039062,962.3134765625,806.0403442382812,852.0997924804688
1790789487.2610953,0,0,857.0347290039062,962.3134765625,806.0403442382812,852.0997924804688
1790789487.272608,0,0,857.0347290039062,962.3134765625,806.0403442382812,852.0997924804688
1790789487.2838697,0,0,857.0347290039062,962.3134765625,806.0403442382812,852.0997924804688
1790789487.2949517,0,0,857.0347290039062,962.3134765625,806.0403442382812,852.0997924804688
1790789487.3059857,0,0,857.0347290039062,962.3134765625,806.0403442382812,852.0997924804688
1790789487.317275,0,0,871.839599609375,975.4733276367188,804.3953857421875,845.5198974609375
1790789487.3282514,0,0,848.8098754882812,870.194580078125,820.84521484375,873.4845581054688
1790789487.3393903,0,0,847.1648559570312,919.5440063476562,809.330322265625,857.0347290039062
1790789487.3508408,0,0,875.1295166015625,932.703857421875,814.2652587890625,850.454833984375
1790789487.3616211,0,0,861.9697265625,755.0459594726562,814.2652587890625,865.2596435546875
1790789487.3724103,0,0,855.3897705078125,728.726318359375,815.9102783203125,852.0997924804688
1790789487.3835926,0,0,861.9697265625,728.726318359375,817.5552368164062,860.32470703125
1790789487.3943012,0,0,852.0997924804688,787.945556640625,809.330322265625,847.1648559570312
1790789487.4050598,0,0,850.454833984375,722.1463623046875,822.4901733398438,861.9697265625
1790789487.416501,0,0,868.5496215820312,643.1873168945312,829.070068359375,875.1295166015625
1790789487.4280677,0,1,868.5496215820312,643.1873168945312,829.070068359375,875.1295166015625
1790789487.4393651,0,1,868.5496215820312,643.1873168945312,829.070068359375,875.1295166015625
1790789487.450101,0,1,868.5496215820312,643.1873168945312,829.070068359375,875.1295166015625
1790789487.4613671,0,1,868.5496215820312,643.1873168945312,829.070068359375,875.1295166015625
1790789487.4723845,0,1,868.5496215820312,643.1873168945312,829.070068359375,875.1295166015625
1790789487.483615,0,1,871.839599609375,735.3062133789062,799.46044921875,838.9400024414062
1790789487.4945662,0,1,868.5496215820312,630.0274658203125,817.5552368164062,858.6797485351562
1790789487.5060737,0,1,840.5849609375,814.2652587890625,797.8154907226562,830.715087890625
1790789487.5174646,0,0,840.5849609375,814.2652587890625,797.8154907226562,830.715087890625
1790789487.528494,0,0,840.5849609375,814.2652587890625,797.8154907226562,830.715087890625
1790789487.5396025,0,0,840.5849609375,814.2652587890625,797.8154907226562,830.715087890625
1790789487.5508444,0,0,840.5849609375,814.2652587890625,797.8154907226562,830.715087890625
1790789487.5626707,0,0,840.5849609375,814.2652587890625,797.8154907226562,830.715087890625
1790789487.5740287,0,0,880.064453125,656.34716796875,824.1351318359375,865.2596435546875
1790789487.5851395,0,0,857.0347290039062,708.9865112304688,810.9752807617188,852.0997924804688
1790789487.5963392,0,0,855.3897705078125,761.6259155273438,804.3953857421875,842.2299194335938
1790789487.6070302,0,0,858.6797485351562,708.9865112304688,814.2652587890625,852.0997924804688
1790789487.617928,0,0,845.5198974609375,787.945556640625,802.7504272460938,825.7801513671875
1790789487.6291249,0,0,855.3897705078125,708.9865112304688,822.4901733398438,850.454833984375
1790789487.6406145,0,0,855.3897705078125,708.9865112304688,822.4901733398438,850.454833984375
1790789487.6517227,0,0,855.3897705078125,708.9865112304688,822.4901733398438,850.454833984375
1790789487.6625745,0,0,855.3897705078125,708.9865112304688,822.4901733398438,850.454833984375
1790789487.6734264,0,0,855.3897705078125,708.9865112304688,822.4901733398438,850.454833984375
1790789487.6851041,0,0,855.3897705078125,708.9865112304688,822.4901733398438,850.454833984375
1790789487.6959145,0,0,852.0997924804688,715.5664672851562,817.5552368164062,850.454833984375
1790789487.707354,0,0,848.8098754882812,735.3062133789062,819.2001953125,845.5198974609375
1790789487.7180066,0,0,886.6444091796875,702.4066162109375,832.3600463867188,865.2596435546875
1790789487.7294116,0,0,858.6797485351562,738.59619140625,819.2001953125,860.32470703125
1790789487.7407973,0,0,858.6797485351562,738.59619140625,819.2001953125,860.32470703125
1790789487.7521398,0,0,881.70947265625,725.4363403320312,824.1351318359375,850.454833984375
1790789487.7633438,0,0,883.3544311523438,725.4363403320312,825.7801513671875,855.3897705078125
1790789487.7748373,0,0,883.3544311523438,725.4363403320312,825.7801513671875,855.3897705078125
1790789487.7859821,0,0,883.3544311523438,725.4363403320312,825.7801513671875,855.3897705078125
1790789487.7967489,0,0,883.3544311523438,725.4363403320312,825.7801513671875,855.3897705078125
1790789487.808303,0,0,883.3544311523438,725.4363403320312,825.7801513671875,855.3897705078125
1790789487.8194861,0,0,883.3544311523438,725.4363403320312,825.7801513671875,855.3897705078125
1790789487.8304627,0,0,865.2596435546875,758.3359375,822.4901733398438,861.9697265625
1790789487.8415277,0,0,888.2893676757812,718.8563842773438,825.7801513671875,871.839599609375
1790789487.8527772,0,0,870.194580078125,699.1166381835938,830.715087890625,875.1295166015625
1790789487.8641677,0,0,870.194580078125,699.1166381835938,830.715087890625,875.1295166015625
1790789487.8752043,0,0,870.194580078125,699.1166381835938,830.715087890625,875.1295166015625
1790789487.8860385,0,0,870.194580078125,699.1166381835938,830.715087890625,875.1295166015625
1790789487.8973148,0,0,870.194580078125,699.1166381835938,830.715087890625,875.1295166015625
1790789487.908732,0,0,870.194580078125,699.1166381835938,830.715087890625,875.1295166015625
1790789487.9193058,0,0,852.0997924804688,824.1351318359375,809.330322265625,825.7801513671875
1790789487.9306648,0,0,866.9046630859375,797.8154907226562,809.330322265625,845.5198974609375
1790789487.9415443,0,0,855.3897705078125,704.0515747070312,824.1351318359375,863.6146850585938
1790789487.9524648,0,0,855.3897705078125,704.0515747070312,824.1351318359375,863.6146850585938
1790789487.9636314,0,0,855.3897705078125,704.0515747070312,824.1351318359375,863.6146850585938
1790789487.9749858,0,0,855.3897705078125,704.0515747070312,824.1351318359375,863.6146850585938
1790789487.9856539,0,0,855.3897705078125,704.0515747070312,824.1351318359375,863.6146850585938
1790789487.9965205,0,0,855.3897705078125,704.0515747070312,824.1351318359375,863.6146850585938
1790789488.0075195,0,0,871.839599609375,783.0106201171875,824.1351318359375,848.8098754882812
1790789488.0183182,0,0,853.7448120117188,756.6909790039062,829.070068359375,847.1648559570312
1790789488.0292854,0,0,855.3897705078125,783.0106201171875,815.9102783203125,853.7448120117188
1790789488.0402431,0,0,857.0347290039062,809.330322265625,825.7801513671875,835.6500244140625
1790789488.051214,0,0,855.3897705078125,789.590576171875,820.84521484375,858.6797485351562
1790789488.0624676,0,0,858.6797485351562,802.7504272460938,817.5552368164062,840.5849609375
1790789488.0735831,0,0,858.6797485351562,802.7504272460938,817.5552368164062,840.5849609375
1790789488.0846305,0,0,858.6797485351562,802.7504272460938,817.5552368164062,840.5849609375
1790789488.09568,0,0,858.6797485351562,802.7504272460938,817.5552368164062,840.5849609375
1790789488.1068003,0,0,858.6797485351562,802.7504272460938,817.5552368164062,840.5849609375
1790789488.1180737,0,0,845.5198974609375,822.4901733398438,817.5552368164062,845.5198974609375
1790789488.129146,0,0,861.9697265625,848.8098754882812,815.9102783203125,845.5198974609375
1790789488.1399882,0,0,878.4194946289062,796.1704711914062,822.4901733398438,865.2596435546875
1790789488.151254,0,0,819.2001953125,875.1295166015625,815.9102783203125,855.3897705078125
1790789488.162847,0,0,853.7448120117188,881.70947265625,822.4901733398438,855.3897705078125
1790789488.1743658,0,0,855.3897705078125,960.6685180664062,807.6853637695312,835.6500244140625
1790789488.185768,0,0,865.2596435546875,908.0291748046875,815.9102783203125,842.2299194335938
1790789488.1968157,0,0,858.6797485351562,881.70947265625,822.4901733398438,852.0997924804688
1790789488.208152,0,0,842.2299194335938,986.9882202148438,814.2652587890625,838.9400024414062
1790789488.2193017,0,1,842.2299194335938,986.9882202148438,814.2652587890625,838.9400024414062
1790789488.2307742,0,1,842.2299194335938,986.9882202148438,814.2652587890625,838.9400024414062
1790789488.2418377,0,1,842.2299194335938,986.9882202148438,814.2652587890625,838.9400024414062
1790789488.2527163,0,1,842.2299194335938,986.9882202148438,814.2652587890625,838.9400024414062
1790789488.2640026,0,1,842.2299194335938,986.9882202148438,814.2652587890625,838.9400024414062
1790789488.2753203,0,1,868.5496215820312,934.3488159179688,819.2001953125,863.6146850585938
1790789488.2864058,0,1,837.2949829101562,986.9882202148438,810.9752807617188,835.6500244140625
1790789488.2975423,0,1,861.9697265625,960.6685180664062,822.4901733398438,852.0997924804688
1790789488.308919,0,1,875.1295166015625,960.6685180664062,819.2001953125,855.3897705078125
1790789488.325234,0,1,843.8749389648438,1039.6275634765625,814.2652587890625,840.5849609375
1790789488.3526964,0,1,861.9697265625,960.6685180664062,825.7801513671875,858.6797485351562
1790789488.3642292,0,1,861.9697265625,960.6685180664062,825.7801513671875,858.6797485351562
1790789488.3753855,0,1,861.9697265625,960.6685180664062,825.7801513671875,858.6797485351562
1790789488.3862581,0,1,861.9697265625,960.6685180664062,825.7801513671875,858.6797485351562
1790789488.398374,0,1,861.9697265625,960.6685180664062,825.7801513671875,858.6797485351562
1790789488.4103754,0,1,861.9697265625,960.6685180664062,825.7801513671875,858.6797485351562
1790789488.4218829,0,1,847.1648559570312,1000.1480712890625,820.84521484375,830.715087890625
1790789488.433863,0,1,858.6797485351562,973.828369140625,825.7801513671875,850.454833984375
1790789488.4452605,0,1,842.2299194335938,1039.6275634765625,814.2652587890625,832.3600463867188
1790789488.456905,0,1,842.2299194335938,1039.6275634765625,814.2652587890625,832.3600463867188
1790789488.4685812,0,1,842.2299194335938,1039.6275634765625,814.2652587890625,832.3600463867188
1790789488.480114,0,1,842.2299194335938,1039.6275634765625,814.2652587890625,832.3600463867188
1790789488.4920535,0,1,842.2299194335938,1039.6275634765625,814.2652587890625,832.3600463867188
1790789488.5027351,0,1,845.5198974609375,1026.4677734375,812.6203002929688,843.8749389648438
1790789488.514121,0,1,845.5198974609375,1026.4677734375,812.6203002929688,843.8749389648438
1790789488.525439,0,1,857.0347290039062,1026.4677734375,815.9102783203125,850.454833984375
1790789488.5369222,0,1,842.2299194335938,1000.1480712890625,820.84521484375,840.5849609375
1790789488.5485554,0,1,858.6797485351562,947.5086669921875,838.9400024414062,858.6797485351562
1790789488.5598454,0,1,865.2596435546875,797.8154907226562,815.9102783203125,838.9400024414062
1790789488.5708492,0,1,855.3897705078125,810.9752807617188,817.5552368164062,850.454833984375
1790789488.5817275,0,1,876.7745361328125,797.8154907226562,825.7801513671875,848.8098754882812
1790789488.5933228,0,0,876.7745361328125,797.8154907226562,825.7801513671875,848.8098754882812
1790789488.604758,0,0,876.7745361328125,797.8154907226562,825.7801513671875,848.8098754882812
1790789488.6158195,0,0,876.7745361328125,797.8154907226562,825.7801513671875,848.8098754882812
1790789488.6268067,0,0,876.7745361328125,797.8154907226562,825.7801513671875,848.8098754882812
1790789488.6376977,0,0,876.7745361328125,797.8154907226562,825.7801513671875,848.8098754882812
1790789488.6485777,0,0,876.7745361328125,797.8154907226562,825.7801513671875,848.8098754882812
1790789488.6598575,0,0,847.1648559570312,804.3953857421875,814.2652587890625,840.5849609375
1790789488.6713698,0,0,863.6146850585938,791.2355346679688,819.2001953125,855.3897705078125
1790789488.6822774,0,0,843.8749389648438,843.8749389648438,806.0403442382812,824.1351318359375
1790789488.6935885,0,0,843.8749389648438,843.8749389648438,806.0403442382812,824.1351318359375
1790789488.7049155,0,0,843.8749389648438,843.8749389648438,806.0403442382812,824.1351318359375
1790789488.7162716,0,0,843.8749389648438,843.8749389648438,806.0403442382812,824.1351318359375
1790789488.727424,0,0,843.8749389648438,843.8749389648438,806.0403442382812,824.1351318359375
1790789488.7388387,0,0,843.8749389648438,843.8749389648438,806.0403442382812,824.1351318359375
1790789488.7501438,0,0,870.194580078125,705.6965942382812,820.84521484375,842.2299194335938
1790789488.761436,0,0,850.454833984375,771.4957885742188,819.2001953125,852.0997924804688
1790789488.7725723,0,0,850.454833984375,771.4957885742188,819.2001953125,852.0997924804688
1790789488.784098,0,0,873.4845581054688,870.194580078125,827.4251098632812,857.0347290039062
1790789488.7953172,0,0,863.6146850585938,870.194580078125,824.1351318359375,855.3897705078125
1790789488.8073983,0,0,863.6146850585938,870.194580078125,827.4251098632812,850.454833984375
1790789488.8186035,0,0,865.2596435546875,870.194580078125,827.4251098632812,852.0997924804688
1790789488.830247,0,0,861.9697265625,896.5142822265625,830.715087890625,843.8749389648438
1790789488.8414226,0,0,866.9046630859375,949.1536865234375,822.4901733398438,857.0347290039062
1790789488.8528264,0,0,866.9046630859375,949.1536865234375,822.4901733398438,857.0347290039062
1790789488.8635993,0,0,866.9046630859375,949.1536865234375,822.4901733398438,857.0347290039062
1790789488.8743615,0,0,866.9046630859375,949.1536865234375,822.4901733398438,857.0347290039062
1790789488.8854675,0,0,866.9046630859375,949.1536865234375,822.4901733398438,857.0347290039062
1790789488.896997,0,0,861.9697265625,896.5142822265625,825.7801513671875,866.9046630859375
1790789488.9083226,0,0,896.5142822265625,949.1536865234375,830.715087890625,852.0997924804688
1790789488.9198177,0,0,858.6797485351562,1028.1126708984375,814.2652587890625,852.0997924804688
1790789488.9310906,0,0,858.6797485351562,1028.1126708984375,829.070068359375,850.454833984375
1790789488.9421349,0,0,843.8749389648438,1028.1126708984375,824.1351318359375,838.9400024414062
1790789488.9539566,0,0,847.1648559570312,1080.7520751953125,825.7801513671875,834.0050048828125
1790789488.9650617,0,0,847.1648559570312,1080.7520751953125,825.7801513671875,834.0050048828125
1790789488.976492,0,0,847.1648559570312,1080.7520751953125,825.7801513671875,834.0050048828125
1790789488.9871895,0,0,847.1648559570312,1080.7520751953125,825.7801513671875,834.0050048828125
1790789488.9983869,0,0,847.1648559570312,1080.7520751953125,825.7801513671875,834.0050048828125
1790789489.009147,0,0,860.32470703125,1054.432373046875,830.715087890625,850.454833984375
1790789489.0200956,0,0,861.9697265625,1028.1126708984375,838.9400024414062,857.0347290039062
1790789489.0310733,0,0,853.7448120117188,1107.07177734375,817.5552368164062,855.3897705078125
1790789489.0425396,0,0,861.9697265625,1054.432373046875,837.2949829101562,861.9697265625
1790789489.0534093,0,0,855.3897705078125,1133.3914794921875,822.4901733398438,840.5849609375
1790789489.0645733,0,0,855.3897705078125,1133.3914794921875,822.4901733398438,840.5849609375
1790789489.0758796,0,0,855.3897705078125,1133.3914794921875,822.4901733398438,840.5849609375
1790789489.0867612,0,0,855.3897705078125,1133.3914794921875,822.4901733398438,840.5849609375
1790789489.0977361,0,0,855.3897705078125,1133.3914794921875,822.4901733398438,840.5849609375
1790789489.1090348,0,0,855.3897705078125,1133.3914794921875,822.4901733398438,840.5849609375
1790789489.1200955,0,0,855.3897705078125,1133.3914794921875,822.4901733398438,840.5849609375
1790789489.1312802,0,0,858.6797485351562,794.5255126953125,834.0050048828125,842.2299194335938
1790789489.1421983,0,0,845.5198974609375,847.1648559570312,824.1351318359375,855.3897705078125
1790789489.153809,0,0,845.5198974609375,847.1648559570312,824.1351318359375,855.3897705078125
1790789489.1646414,0,0,845.5198974609375,847.1648559570312,824.1351318359375,855.3897705078125
1790789489.175541,0,0,845.5198974609375,847.1648559570312,824.1351318359375,855.3897705078125
1790789489.1865761,0,0,845.5198974609375,847.1648559570312,824.1351318359375,855.3897705078125
1790789489.1978962,0,0,845.5198974609375,847.1648559570312,824.1351318359375,855.3897705078125
1790789489.2085853,0,0,853.7448120117188,820.84521484375,827.4251098632812,847.1648559570312
1790789489.2195525,0,0,870.194580078125,847.1648559570312,817.5552368164062,845.5198974609375
1790789489.230654,0,0,858.6797485351562,794.5255126953125,825.7801513671875,858.6797485351562
1790789489.241756,0,0,824.1351318359375,873.4845581054688,825.7801513671875,848.8098754882812
1790789489.2528157,0,0,847.1648559570312,847.1648559570312,825.7801513671875,843.8749389648438
1790789489.26409,0,0,848.8098754882812,847.1648559570312,824.1351318359375,838.9400024414062
1790789489.2750475,0,0,848.8098754882812,847.1648559570312,824.1351318359375,838.9400024414062
1790789489.2866187,0,0,848.8098754882812,847.1648559570312,824.1351318359375,838.9400024414062
1790789489.2974331,0,0,848.8098754882812,847.1648559570312,824.1351318359375,838.9400024414062
1790789489.3088012,0,0,848.8098754882812,847.1648559570312,824.1351318359375,838.9400024414062
1790789489.3201606,0,0,848.8098754882812,847.1648559570312,824.1351318359375,838.9400024414062
1790789489.331544,0,0,870.194580078125,741.8861083984375,838.9400024414062,863.6146850585938
1790789489.3428404,0,0,860.32470703125,794.5255126953125,830.715087890625,853.7448120117188
1790789489.3539727,0,0,865.2596435546875,814.2652587890625,832.3600463867188,858.6797485351562
1790789489.364964,0,0,848.8098754882812,909.6741333007812,815.9102783203125,837.2949829101562
1790789489.3758075,0,0,850.454833984375,857.0347290039062,825.7801513671875,842.2299194335938
1790789489.387251,0,0,850.454833984375,857.0347290039062,825.7801513671875,842.2299194335938
1790789489.3989398,0,0,850.454833984375,857.0347290039062,825.7801513671875,842.2299194335938
1790789489.4111116,0,0,850.454833984375,857.0347290039062,825.7801513671875,842.2299194335938
1790789489.4226205,0,0,850.454833984375,857.0347290039062,825.7801513671875,842.2299194335938
1790789489.4336963,0,0,850.454833984375,857.0347290039062,825.7801513671875,842.2299194335938
1790789489.4449158,0,0,852.0997924804688,857.0347290039062,824.1351318359375,838.9400024414062
1790789489.456387,0,0,873.4845581054688,909.6741333007812,825.7801513671875,830.715087890625
1790789489.467839,0,0,845.5198974609375,988.6331787109375,817.5552368164062,834.0050048828125
1790789489.4790592,0,0,852.0997924804688,909.6741333007812,830.715087890625,855.3897705078125
1790789489.4907913,0,0,847.1648559570312,909.6741333007812,830.715087890625,835.6500244140625
1790789489.502244,0,0,865.2596435546875,942.57373046875,815.9102783203125,824.1351318359375
1790789489.5132873,0,0,852.0997924804688,843.8749389648438,832.3600463867188,847.1648559570312
1790789489.5248425,0,0,853.7448120117188,896.5142822265625,817.5552368164062,834.0050048828125
1790789489.5357916,0,0,853.7448120117188,896.5142822265625,817.5552368164062,834.0050048828125
1790789489.5465434,0,0,853.7448120117188,896.5142822265625,817.5552368164062,834.0050048828125
1790789489.5578377,0,0,853.7448120117188,896.5142822265625,817.5552368164062,834.0050048828125
1790789489.5688949,0,0,853.7448120117188,896.5142822265625,817.5552368164062,834.0050048828125
1790789489.5805945,0,0,853.7448120117188,896.5142822265625,817.5552368164062,834.0050048828125
1790789489.591378,0,0,848.8098754882812,896.5142822265625,820.84521484375,832.3600463867188
1790789489.6022859,0,0,861.9697265625,843.8749389648438,830.715087890625,843.8749389648438
1790789489.6134746,0,0,858.6797485351562,843.8749389648438,834.0050048828125,855.3897705078125
1790789489.630804,0,0,850.454833984375,896.5142822265625,827.4251098632812,835.6500244140625
1790789489.6442037,0,0,850.454833984375,896.5142822265625,827.4251098632812,835.6500244140625
1790789489.6577504,0,0,852.0997924804688,949.1536865234375,824.1351318359375,837.2949829101562
1790789489.6691554,0,0,847.1648559570312,949.1536865234375,830.715087890625,853.7448120117188
1790789489.6807466,1,0,847.1648559570312,949.1536865234375,830.715087890625,853.7448120117188
1790789489.692641,1,0,847.1648559570312,949.1536865234375,830.715087890625,853.7448120117188
1790789489.7036946,1,0,847.1648559570312,949.1536865234375,830.715087890625,853.7448120117188
1790789489.7150874,1,0,847.1648559570312,949.1536865234375,830.715087890625,853.7448120117188
1790789489.7268403,1,0,847.1648559570312,1054.432373046875,819.2001953125,834.0050048828125
1790789489.7385423,1,0,853.7448120117188,787.945556640625,829.070068359375,843.8749389648438
1790789489.7500234,1,0,865.2596435546875,761.6259155273438,837.2949829101562,857.0347290039062
1790789489.761124,1,0,842.2299194335938,866.9046630859375,819.2001953125,830.715087890625
1790789489.7721612,1,0,842.2299194335938,866.9046630859375,819.2001953125,830.715087890625
1790789489.7839928,1,0,842.2299194335938,866.9046630859375,819.2001953125,830.715087890625
1790789489.7954788,1,0,842.2299194335938,866.9046630859375,819.2001953125,830.715087890625
1790789489.8070273,1,0,842.2299194335938,866.9046630859375,819.2001953125,830.715087890625
1790789489.8180783,1,0,842.2299194335938,866.9046630859375,819.2001953125,830.715087890625
1790789489.8293273,1,0,871.839599609375,866.9046630859375,822.4901733398438,842.2299194335938
1790789489.8404403,1,0,860.32470703125,866.9046630859375,825.7801513671875,848.8098754882812
1790789489.8512769,1,0,858.6797485351562,840.5849609375,837.2949829101562,858.6797485351562
1790789489.8618538,1,0,845.5198974609375,893.2243041992188,827.4251098632812,842.2299194335938
1790789489.8730469,1,0,843.8749389648438,880.064453125,824.1351318359375,838.9400024414062
1790789489.883967,1,0,843.8749389648438,880.064453125,824.1351318359375,838.9400024414062
1790789489.8951988,1,0,865.2596435546875,880.064453125,829.070068359375,843.8749389648438
1790789489.9060006,1,0,865.2596435546875,880.064453125,829.070068359375,843.8749389648438
1790789489.917116,1,0,865.2596435546875,880.064453125,829.070068359375,843.8749389648438
1790789489.9283216,1,0,865.2596435546875,880.064453125,829.070068359375,843.8749389648438
1790789489.939267,1,0,865.2596435546875,880.064453125,829.070068359375,843.8749389648438
1790789489.950537,1,0,865.2596435546875,880.064453125,829.070068359375,843.8749389648438
1790789489.9614232,1,0,865.2596435546875,880.064453125,829.070068359375,843.8749389648438
1790789489.972406,1,0,865.2596435546875,880.064453125,829.070068359375,843.8749389648438
1790789489.9834893,1,0,850.454833984375,919.5440063476562,830.715087890625,843.8749389648438
1790789489.995162,1,0,853.7448120117188,880.064453125,834.0050048828125,857.0347290039062
1790789490.0068748,1,0,865.2596435546875,894.8693237304688,830.715087890625,848.8098754882812
1790789490.0177443,1,0,852.0997924804688,881.70947265625,832.3600463867188,842.2299194335938
1790789490.0287783,1,0,875.1295166015625,840.5849609375,837.2949829101562,863.6146850585938
1790789490.039822,1,0,853.7448120117188,861.9697265625,837.2949829101562,855.3897705078125
1790789490.0508301,1,0,853.7448120117188,861.9697265625,837.2949829101562,855.3897705078125
1790789490.0617542,1,0,853.7448120117188,861.9697265625,837.2949829101562,855.3897705078125
1790789490.0728126,1,0,853.7448120117188,861.9697265625,837.2949829101562,855.3897705078125
1790789490.0836396,1,0,860.32470703125,952.443603515625,815.9102783203125,834.0050048828125
1790789490.094803,1,0,863.6146850585938,820.84521484375,845.5198974609375,861.9697265625
1790789490.105983,1,0,852.0997924804688,873.4845581054688,827.4251098632812,838.9400024414062
1790789490.1170478,1,0,853.7448120117188,820.84521484375,838.9400024414062,858.6797485351562
1790789490.128437,1,0,855.3897705078125,847.1648559570312,834.0050048828125,853.7448120117188
1790789490.1396534,1,0,855.3897705078125,847.1648559570312,834.0050048828125,853.7448120117188
1790789490.1503632,1,0,855.3897705078125,847.1648559570312,834.0050048828125,853.7448120117188
1790789490.1617055,1,0,855.3897705078125,847.1648559570312,834.0050048828125,853.7448120117188
1790789490.1731937,1,0,855.3897705078125,847.1648559570312,834.0050048828125,853.7448120117188
1790789490.1845355,1,0,855.3897705078125,847.1648559570312,834.0050048828125,853.7448120117188
1790789490.1960971,1,0,848.8098754882812,899.8042602539062,824.1351318359375,834.0050048828125
1790789490.2081165,1,0,830.715087890625,926.1239624023438,832.3600463867188,838.9400024414062
1790789490.2193544,1,0,852.0997924804688,899.8042602539062,832.3600463867188,835.6500244140625
1790789490.2304914,1,0,843.8749389648438,886.6444091796875,834.0050048828125,853.7448120117188
1790789490.2416654,1,0,840.5849609375,893.2243041992188,827.4251098632812,845.5198974609375
1790789490.2532456,1,0,829.070068359375,965.6034545898438,815.9102783203125,832.3600463867188
1790789490.2644157,1,0,829.070068359375,965.6034545898438,815.9102783203125,832.3600463867188
1790789490.2753172,1,0,829.070068359375,965.6034545898438,815.9102783203125,832.3600463867188
1790789490.2863948,1,0,829.070068359375,965.6034545898438,815.9102783203125,832.3600463867188
1790789490.297134,1,0,829.070068359375,965.6034545898438,815.9102783203125,832.3600463867188
1790789490.3089378,1,0,829.070068359375,965.6034545898438,815.9102783203125,832.3600463867188
1790789490.3202794,1,0,843.8749389648438,843.8749389648438,837.2949829101562,838.9400024414062
1790789490.33163,1,0,840.5849609375,909.6741333007812,819.2001953125,840.5849609375
1790789490.3430161,1,0,847.1648559570312,909.6741333007812,820.84521484375,834.0050048828125
1790789490.3536851,1,0,847.1648559570312,909.6741333007812,820.84521484375,834.0050048828125
1790789490.3647587,1,0,847.1648559570312,909.6741333007812,820.84521484375,834.0050048828125
1790789490.375994,1,0,847.1648559570312,909.6741333007812,820.84521484375,834.0050048828125
1790789490.3869581,1,0,847.1648559570312,909.6741333007812,820.84521484375,834.0050048828125
1790789490.3983607,1,0,847.1648559570312,909.6741333007812,820.84521484375,834.0050048828125
1790789490.4100068,1,0,858.6797485351562,843.8749389648438,837.2949829101562,850.454833984375
1790789490.42179,1,0,822.4901733398438,949.1536865234375,815.9102783203125,827.4251098632812
1790789490.4331234,1,0,857.0347290039062,858.6797485351562,832.3600463867188,848.8098754882812
1790789490.4442985,1,0,857.0347290039062,858.6797485351562,832.3600463867188,848.8098754882812
1790789490.455645,1,0,857.0347290039062,858.6797485351562,832.3600463867188,848.8098754882812
1790789490.4667208,1,0,857.0347290039062,858.6797485351562,832.3600463867188,848.8098754882812
1790789490.4777946,1,0,857.0347290039062,858.6797485351562,832.3600463867188,848.8098754882812
1790789490.4889026,1,0,857.0347290039062,858.6797485351562,832.3600463867188,848.8098754882812
1790789490.5001082,1,0,857.0347290039062,858.6797485351562,832.3600463867188,848.8098754882812
1790789490.511728,1,0,857.0347290039062,829.070068359375,842.2299194335938,870.194580078125
1790789490.5227377,1,0,868.5496215820312,880.064453125,834.0050048828125,853.7448120117188
1790789490.534013,1,0,850.454833984375,893.2243041992188,829.070068359375,842.2299194335938
1790789490.5452025,1,0,860.32470703125,866.9046630859375,830.715087890625,842.2299194335938
1790789490.5562928,1,0,860.32470703125,873.4845581054688,827.4251098632812,853.7448120117188
1790789490.5675187,1,0,860.32470703125,873.4845581054688,827.4251098632812,853.7448120117188
1790789490.5787315,1,0,860.32470703125,873.4845581054688,827.4251098632812,853.7448120117188
1790789490.5903013,1,0,860.32470703125,873.4845581054688,827.4251098632812,853.7448120117188
1790789490.6013188,1,0,860.32470703125,873.4845581054688,827.4251098632812,853.7448120117188
1790789490.612302,1,0,855.3897705078125,853.7448120117188,834.0050048828125,860.32470703125
1790789490.6237051,1,0,861.9697265625,840.5849609375,843.8749389648438,863.6146850585938
1790789490.6350954,1,0,857.0347290039062,866.9046630859375,832.3600463867188,843.8749389648438
1790789490.6461055,1,0,855.3897705078125,893.2243041992188,817.5552368164062,842.2299194335938
1790789490.6568894,1,0,855.3897705078125,880.064453125,832.3600463867188,852.0997924804688
1790789490.6677854,1,0,870.194580078125,787.945556640625,845.5198974609375,860.32470703125
1790789490.679161,1,0,857.0347290039062,866.9046630859375,835.6500244140625,852.0997924804688
1790789490.6903436,1,0,866.9046630859375,840.5849609375,834.0050048828125,843.8749389648438
1790789490.701483,1,0,866.9046630859375,840.5849609375,834.0050048828125,843.8749389648438
1790789490.7125194,1,0,838.9400024414062,863.6146850585938,832.3600463867188,842.2299194335938
1790789490.7239656,1,0,861.9697265625,824.1351318359375,830.715087890625,837.2949829101562
1790789490.7348065,1,0,861.9697265625,824.1351318359375,830.715087890625,837.2949829101562
1790789490.746241,1,0,861.9697265625,824.1351318359375,830.715087890625,837.2949829101562
1790789490.7570665,1,0,861.9697265625,824.1351318359375,830.715087890625,837.2949829101562
1790789490.7677507,1,0,861.9697265625,824.1351318359375,830.715087890625,837.2949829101562
1790789490.7793217,1,0,861.9697265625,824.1351318359375,830.715087890625,837.2949829101562
1790789490.7906961,1,0,847.1648559570312,850.454833984375,830.715087890625,840.5849609375
1790789490.8013587,1,0,863.6146850585938,820.84521484375,829.070068359375,848.8098754882812
1790789490.8123956,1,0,842.2299194335938,922.833984375,820.84521484375,834.0050048828125
1790789490.824142,1,0,853.7448120117188,837.2949829101562,830.715087890625,853.7448120117188
1790789490.8361018,1,0,819.2001953125,863.6146850585938,832.3600463867188,848.8098754882812
1790789490.8473804,1,0,830.715087890625,932.703857421875,824.1351318359375,815.9102783203125
1790789490.8582964,1,1,830.715087890625,932.703857421875,824.1351318359375,815.9102783203125
1790789490.8690498,1,1,830.715087890625,932.703857421875,824.1351318359375,815.9102783203125
1790789490.8801117,1,1,830.715087890625,932.703857421875,824.1351318359375,815.9102783203125
1790789490.8909233,1,1,830.715087890625,932.703857421875,824.1351318359375,815.9102783203125
1790789490.9022431,1,1,830.715087890625,932.703857421875,824.1351318359375,815.9102783203125
1790789490.9138188,1,1,830.715087890625,932.703857421875,824.1351318359375,815.9102783203125
1790789490.925911,1,1,865.2596435546875,820.84521484375,834.0050048828125,850.454833984375
1790789490.9368792,1,1,858.6797485351562,781.3656616210938,838.9400024414062,838.9400024414062
1790789490.9478498,1,1,858.6797485351562,781.3656616210938,838.9400024414062,838.9400024414062
1790789490.9591925,1,1,858.6797485351562,781.3656616210938,838.9400024414062,838.9400024414062
1790789490.9702013,1,1,858.6797485351562,781.3656616210938,838.9400024414062,838.9400024414062
1790789490.9809058,1,1,858.6797485351562,781.3656616210938,838.9400024414062,838.9400024414062
1790789490.9918041,1,1,858.6797485351562,781.3656616210938,838.9400024414062,838.9400024414062
1790789491.0025547,1,1,858.6797485351562,781.3656616210938,838.9400024414062,838.9400024414062
1790789491.0137904,1,1,842.2299194335938,886.6444091796875,822.4901733398438,852.0997924804688
1790789491.0247667,1,1,812.6203002929688,886.6444091796875,838.9400024414062,812.6203002929688
1790789491.0361552,1,1,687.601806640625,991.9231567382812,832.3600463867188,681.0218505859375
1790789491.0470753,1,1,562.583251953125,985.3432006835938,791.2355346679688,547.7784423828125
1790789491.0579293,1,1,34.544586181640625,1281.439697265625,422.75994873046875,41.124507904052734
1790789491.0692532,1,0,34.544586181640625,1281.439697265625,422.75994873046875,41.124507904052734
1790789491.080162,1,0,34.544586181640625,1281.439697265625,422.75994873046875,41.124507904052734
1790789491.0911453,1,0,34.544586181640625,1281.439697265625,422.75994873046875,41.124507904052734
1790789491.102083,1,0,34.544586181640625,1281.439697265625,422.75994873046875,41.124507904052734
1790789491.1129174,1,0,34.544586181640625,1281.439697265625,422.75994873046875,41.124507904052734
1790789491.1244314,1,0,37.83454895019531,1638.400390625,870.194580078125,46.0594482421875
1790789491.1356952,1,0,27.96466636657715,1623.5955810546875,922.833984375,39.47952651977539
1790789491.1465795,1,0,29.60964584350586,1620.3056640625,834.0050048828125,39.47952651977539
1790789491.1577642,1,0,32.89960861206055,1625.2406005859375,857.0347290039062,42.76948928833008
1790789491.168828,1,0,32.89960861206055,1625.2406005859375,857.0347290039062,42.76948928833008
1790789491.1800277,1,0,32.89960861206055,1625.2406005859375,857.0347290039062,42.76948928833008
1790789491.1911654,1,0,32.89960861206055,1625.2406005859375,857.0347290039062,42.76948928833008
1790789491.2028131,1,0,32.89960861206055,1625.2406005859375,857.0347290039062,42.76948928833008
1790789491.2136154,1,0,32.89960861206055,1625.2406005859375,857.0347290039062,42.76948928833008
1790789491.2246282,1,0,146.4032440185547,1620.3056640625,912.964111328125,85.53897857666016
1790789491.2361119,1,0,340.51092529296875,1621.9505615234375,962.3134765625,240.16712951660156
1790789491.247472,1,0,1658.14013671875,121.72854614257812,1256.7650146484375,1640.04541015625
1790789491.260289,1,0,1651.560302734375,139.82333374023438,1237.0252685546875,1635.1104736328125
1790789491.2741535,1,0,1651.560302734375,139.82333374023438,1237.0252685546875,1635.1104736328125
1790789491.2851067,1,0,1651.560302734375,139.82333374023438,1237.0252685546875,1635.1104736328125
1790789491.2959366,1,0,1651.560302734375,139.82333374023438,1237.0252685546875,1635.1104736328125
1790789491.3068395,1,0,1651.560302734375,139.82333374023438,1237.0252685546875,1635.1104736328125
1790789491.3178508,1,0,1654.8502197265625,129.9534454345703,1213.9954833984375,1635.1104736328125
1790789491.3291166,1,0,1587.406005859375,141.4683074951172,1085.68701171875,1552.8614501953125
1790789491.340417,1,0,1511.7369384765625,143.11329650878906,1051.1424560546875,1465.677490234375
1790789491.3518052,1,0,1375.20361328125,139.82333374023438,1024.82275390625,1348.8839111328125
1790789491.3627412,1,0,1334.0791015625,141.4683074951172,1006.7279663085938,1301.179443359375
1790789491.373845,1,0,1334.0791015625,141.4683074951172,1006.7279663085938,1301.179443359375
1790789491.384929,1,0,1334.0791015625,141.4683074951172,1006.7279663085938,1301.179443359375
1790789491.3958557,1,0,1334.0791015625,141.4683074951172,1006.7279663085938,1301.179443359375
1790789491.4072902,1,0,1334.0791015625,141.4683074951172,1006.7279663085938,1301.179443359375
1790789491.4181278,1,0,1325.8541259765625,141.4683074951172,1018.2428588867188,1314.3392333984375
1790789491.4292405,1,0,1241.960205078125,141.4683074951172,1001.7930297851562,1223.8653564453125
1790789491.440098,1,0,1189.32080078125,144.75827026367188,996.8580932617188,1197.545654296875
1790789491.4510195,1,0,1121.8765869140625,230.2972412109375,978.7633056640625,1116.941650390625
1790789491.4622269,1,0,419.4700012207031,478.68927001953125,616.8676147460938,429.3398742675781
1790789491.4734068,1,0,218.78237915039062,820.84521484375,458.94952392578125,225.3623046875
1790789491.4841459,1,0,8.224902153015137,1570.9561767578125,485.2691955566406,27.96466636657715
1790789491.494855,1,0,14.80482292175293,1557.79638671875,1116.941650390625,34.544586181640625
1790789491.507009,1,0,24.674705505371094,1547.926513671875,1222.2203369140625,42.76948928833008
1790789491.5184262,1,0,23.02972412109375,1575.89111328125,1472.2574462890625,46.0594482421875
1790789491.5292404,1,0,23.02972412109375,1575.89111328125,1472.2574462890625,46.0594482421875
1790789491.5404396,1,0,23.02972412109375,1575.89111328125,1472.2574462890625,46.0594482421875
1790789491.5513053,1,0,23.02972412109375,1575.89111328125,1472.2574462890625,46.0594482421875
1790789491.5621183,1,0,23.02972412109375,1575.89111328125,1472.2574462890625,46.0594482421875
1790789491.573445,1,0,23.02972412109375,1575.89111328125,1472.2574462890625,46.0594482421875
1790789491.5849178,1,0,23.02972412109375,1575.89111328125,1472.2574462890625,46.0594482421875
1790789491.5960016,1,0,27.96466636657715,1572.6011962890625,1617.015625,50.99439239501953
1790789491.6071317,1,0,26.319684982299805,1559.44140625,1419.6180419921875,49.34941101074219
1790789491.6177738,1,0,24.674705505371094,1554.5064697265625,1274.8597412109375,47.704429626464844
1790789491.6285293,1,0,24.674705505371094,1556.1513671875,1353.81884765625,47.704429626464844
1790789491.6394508,1,0,23.02972412109375,1538.056640625,1051.1424560546875,47.704429626464844
1790789491.650715,1,0,23.02972412109375,1538.056640625,1051.1424560546875,47.704429626464844
1790789491.6628807,1,0,24.674705505371094,1547.926513671875,919.5440063476562,47.704429626464844
1790789491.6743507,1,0,24.674705505371094,1547.926513671875,919.5440063476562,47.704429626464844
1790789491.6855314,1,0,24.674705505371094,1547.926513671875,919.5440063476562,47.704429626464844
1790789491.6971428,1,0,24.674705505371094,1547.926513671875,919.5440063476562,47.704429626464844
1790789491.7094376,1,0,162.85305786132812,1511.7369384765625,830.715087890625,121.72854614257812
1790789491.7213478,1,0,518.1688232421875,1590.696044921875,738.59619140625,437.56475830078125
1790789491.7326953,1,0,666.217041015625,1643.3353271484375,593.837890625,595.48291015625
1790789491.7440023,1,0,666.217041015625,1643.3353271484375,593.837890625,595.48291015625
1790789491.755224,1,0,666.217041015625,1643.3353271484375,593.837890625,595.48291015625
1790789491.7663832,1,0,666.217041015625,1643.3353271484375,593.837890625,595.48291015625
1790789491.7777772,1,0,666.217041015625,1643.3353271484375,593.837890625,595.48291015625
1790789491.7895603,1,0,666.217041015625,1643.3353271484375,593.837890625,595.48291015625
1790789491.8011343,1,0,761.6259155273438,1617.015625,551.0684204101562,694.1817016601562
1790789491.812577,1,0,881.70947265625,1327.4991455078125,511.5888977050781,824.1351318359375
1790789491.8236742,1,0,1508.447021484375,643.1873168945312,636.607421875,1454.16259765625
1790789491.8348002,1,0,1620.3056640625,129.9534454345703,1064.30224609375,1620.3056640625
1790789491.8460343,1,0,1621.9505615234375,116.7936019897461,1077.462158203125,1625.2406005859375
1790789491.8569214,1,0,1620.3056640625,118.43858337402344,1026.4677734375,1623.5955810546875
1790789491.8683293,1,0,1620.3056640625,126.66348266601562,1008.3729248046875,1621.9505615234375
1790789491.8791704,1,0,1620.3056640625,126.66348266601562,1008.3729248046875,1621.9505615234375
1790789491.890309,1,0,1620.3056640625,126.66348266601562,1008.3729248046875,1621.9505615234375
1790789491.9011507,1,0,1620.3056640625,126.66348266601562,1008.3729248046875,1621.9505615234375
1790789491.9122736,1,0,1620.3056640625,126.66348266601562,1008.3729248046875,1621.9505615234375
1790789491.9234629,1,0,1620.3056640625,126.66348266601562,1008.3729248046875,1621.9505615234375
1790789491.9345183,1,0,1621.9505615234375,136.5333709716797,771.4957885742188,1623.5955810546875
1790789491.9455628,0,0,1595.6309814453125,134.8883819580078,740.2411499023438,1617.015625
1790789491.9564438,0,0,1562.7313232421875,136.5333709716797,736.951171875,1598.9208984375
1790789491.967261,0,0,1562.7313232421875,136.5333709716797,736.951171875,1598.9208984375
1790789491.9781518,0,0,1562.7313232421875,136.5333709716797,736.951171875,1598.9208984375
1790789491.989176,0,0,1562.7313232421875,136.5333709716797,736.951171875,1598.9208984375
1790789492.000197,0,0,1562.7313232421875,136.5333709716797,736.951171875,1598.9208984375
1790789492.0109277,0,0,1562.7313232421875,136.5333709716797,736.951171875,1598.9208984375
1790789492.0218904,0,0,1503.5120849609375,136.5333709716797,720.5014038085938,1538.056640625
1790789492.0328743,0,0,1457.45263671875,136.5333709716797,705.6965942382812,1437.7127685546875
1790789492.0435696,0,0,1365.333740234375,136.5333709716797,694.1817016601562,1360.3988037109375
1790789492.0545776,0,0,1090.6219482421875,27.96466636657715,769.850830078125,1113.6517333984375
1790789492.0654106,0,0,1090.6219482421875,27.96466636657715,769.850830078125,1113.6517333984375
1790789492.076417,0,0,1008.3729248046875,131.5984344482422,774.7857666015625,1018.2428588867188
1790789492.08784,0,0,998.5030517578125,106.92372131347656,774.7857666015625,1006.7279663085938
1790789492.098905,0,0,993.568115234375,146.4032440185547,797.8154907226562,1000.1480712890625
1790789492.1099555,0,0,973.828369140625,159.56309509277344,791.2355346679688,995.213134765625
1790789492.1214528,0,0,973.828369140625,159.56309509277344,791.2355346679688,995.213134765625
1790789492.1325395,0,0,973.828369140625,159.56309509277344,791.2355346679688,995.213134765625
1790789492.148447,0,0,973.828369140625,159.56309509277344,791.2355346679688,995.213134765625
1790789492.1608694,0,0,973.828369140625,159.56309509277344,791.2355346679688,995.213134765625
1790789492.173785,0,0,973.828369140625,159.56309509277344,791.2355346679688,995.213134765625
1790789492.1847537,0,0,973.828369140625,159.56309509277344,791.2355346679688,995.213134765625
1790789492.196437,0,0,937.6387939453125,337.2209777832031,787.945556640625,924.4789428710938
1790789492.2088451,0,0,944.2186889648438,363.5406494140625,804.3953857421875,922.833984375
1790789492.2204854,0,0,896.5142822265625,468.81939697265625,797.8154907226562,893.2243041992188
1790789492.2326553,0,0,896.5142822265625,468.81939697265625,797.8154907226562,893.2243041992188
1790789492.2444303,0,0,896.5142822265625,468.81939697265625,797.8154907226562,893.2243041992188
1790789492.255345,0,0,896.5142822265625,468.81939697265625,797.8154907226562,893.2243041992188
1790789492.2664037,0,0,896.5142822265625,468.81939697265625,797.8154907226562,893.2243041992188
1790789492.2778122,0,0,896.5142822265625,468.81939697265625,797.8154907226562,893.2243041992188
1790789492.288747,0,0,888.2893676757812,534.6185913085938,809.330322265625,904.7391967773438
1790789492.2999852,0,0,883.3544311523438,560.9382934570312,806.0403442382812,894.8693237304688
1790789492.311509,0,0,878.4194946289062,560.9382934570312,810.9752807617188,889.9343872070312
1790789492.3224971,0,0,878.4194946289062,560.9382934570312,810.9752807617188,889.9343872070312
1790789492.333576,0,0,888.2893676757812,626.7374877929688,806.0403442382812,866.9046630859375
1790789492.345212,0,0,888.2893676757812,626.7374877929688,806.0403442382812,866.9046630859375
1790789492.3572674,0,0,888.2893676757812,626.7374877929688,806.0403442382812,866.9046630859375
1790789492.368294,0,0,888.2893676757812,626.7374877929688,806.0403442382812,866.9046630859375
1790789492.3790462,0,0,888.2893676757812,626.7374877929688,806.0403442382812,866.9046630859375
1790789492.390442,0,0,888.2893676757812,626.7374877929688,806.0403442382812,866.9046630859375
1790789492.4015923,0,0,888.2893676757812,626.7374877929688,806.0403442382812,866.9046630859375
1790789492.4125743,0,0,881.70947265625,705.6965942382812,820.84521484375,866.9046630859375
1790789492.423685,0,0,871.839599609375,820.84521484375,794.5255126953125,847.1648559570312
1790789492.4346387,0,0,871.839599609375,820.84521484375,794.5255126953125,847.1648559570312
1790789492.4461,0,0,871.839599609375,820.84521484375,794.5255126953125,847.1648559570312
1790789492.456803,0,0,871.839599609375,820.84521484375,794.5255126953125,847.1648559570312
1790789492.4675403,0,0,871.839599609375,820.84521484375,794.5255126953125,847.1648559570312
1790789492.4782465,0,0,871.839599609375,820.84521484375,794.5255126953125,847.1648559570312
1790789492.4896932,0,0,866.9046630859375,797.8154907226562,797.8154907226562,847.1648559570312
1790789492.5004883,0,0,861.9697265625,761.6259155273438,820.84521484375,866.9046630859375
1790789492.5119934,0,0,863.6146850585938,705.6965942382812,822.4901733398438,866.9046630859375
1790789492.5231283,0,0,884.9994506835938,679.3768920898438,824.1351318359375,870.194580078125
1790789492.5338466,0,0,842.2299194335938,758.3359375,807.6853637695312,847.1648559570312
1790789492.5450542,0,0,876.7745361328125,784.6556396484375,814.2652587890625,863.6146850585938
1790789492.556662,0,0,876.7745361328125,784.6556396484375,814.2652587890625,863.6146850585938
1790789492.567868,0,0,876.7745361328125,784.6556396484375,814.2652587890625,863.6146850585938
1790789492.5788703,0,0,876.7745361328125,784.6556396484375,814.2652587890625,863.6146850585938
1790789492.5896895,0,0,876.7745361328125,784.6556396484375,814.2652587890625,863.6146850585938
1790789492.600687,0,0,876.7745361328125,784.6556396484375,814.2652587890625,863.6146850585938
1790789492.6114533,0,0,876.7745361328125,784.6556396484375,814.2652587890625,843.8749389648438
1790789492.6228113,0,0,883.3544311523438,745.1760864257812,825.7801513671875,870.194580078125
1790789492.6337798,0,0,866.9046630859375,784.6556396484375,819.2001953125,870.194580078125
1790789492.6448483,0,0,896.5142822265625,667.8619995117188,827.4251098632812,858.6797485351562
1790789492.6567042,0,0,888.2893676757812,707.341552734375,825.7801513671875,850.454833984375
1790789492.6678214,0,0,888.2893676757812,707.341552734375,825.7801513671875,850.454833984375
1790789492.6789253,0,0,888.2893676757812,707.341552734375,825.7801513671875,850.454833984375
1790789492.6901042,0,0,888.2893676757812,707.341552734375,825.7801513671875,850.454833984375
1790789492.7014604,0,0,888.2893676757812,707.341552734375,825.7801513671875,850.454833984375
1790789492.712633,0,0,888.2893676757812,707.341552734375,825.7801513671875,850.454833984375
1790789492.7233536,0,0,888.2893676757812,707.341552734375,825.7801513671875,850.454833984375
1790789492.734443,0,0,888.2893676757812,707.341552734375,825.7801513671875,850.454833984375
1790789492.7457826,0,0,847.1648559570312,759.9808959960938,817.5552368164062,855.3897705078125
1790789492.7566137,0,0,845.5198974609375,786.3005981445312,812.6203002929688,842.2299194335938
1790789492.7675817,0,0,845.5198974609375,786.3005981445312,812.6203002929688,842.2299194335938
1790789492.7797868,0,0,875.1295166015625,707.341552734375,829.070068359375,865.2596435546875
1790789492.7913427,0,0,873.4845581054688,694.1817016601562,834.0050048828125,870.194580078125
1790789492.8027918,0,0,873.4845581054688,694.1817016601562,834.0050048828125,870.194580078125
1790789492.8139505,0,0,873.4845581054688,694.1817016601562,834.0050048828125,870.194580078125
1790789492.8250513,0,0,873.4845581054688,694.1817016601562,834.0050048828125,870.194580078125
1790789492.836051,0,0,873.4845581054688,694.1817016601562,834.0050048828125,870.194580078125
1790789492.8470066,0,0,870.194580078125,812.6203002929688,819.2001953125,860.32470703125
1790789492.8582096,0,0,838.9400024414062,838.9400024414062,822.4901733398438,848.8098754882812
1790789492.8688152,0,0,861.9697265625,727.081298828125,834.0050048828125,863.6146850585938
1790789492.879407,0,0,855.3897705078125,883.3544311523438,825.7801513671875,829.070068359375
1790789492.8906364,0,0,840.5849609375,909.6741333007812,824.1351318359375,815.9102783203125
1790789492.9019136,0,0,801.1054077148438,883.3544311523438,827.4251098632812,759.9808959960938
1790789492.913628,0,0,797.8154907226562,830.715087890625,842.2299194335938,766.5608520507812
1790789492.9248972,0,0,778.07568359375,909.6741333007812,829.070068359375,758.3359375
1790789492.9357123,0,0,784.6556396484375,883.3544311523438,827.4251098632812,774.7857666015625
1790789492.9474688,0,1,784.6556396484375,883.3544311523438,827.4251098632812,774.7857666015625
1790789492.9582295,0,1,784.6556396484375,883.3544311523438,827.4251098632812,774.7857666015625
1790789492.9691892,0,1,784.6556396484375,883.3544311523438,827.4251098632812,774.7857666015625
1790789492.9806843,0,1,784.6556396484375,883.3544311523438,827.4251098632812,774.7857666015625
1790789492.9921064,0,1,784.6556396484375,883.3544311523438,827.4251098632812,774.7857666015625
1790789493.003203,0,1,884.9994506835938,817.5552368164062,809.330322265625,863.6146850585938
1790789493.0138943,0,1,899.8042602539062,791.2355346679688,820.84521484375,878.4194946289062
1790789493.0246923,0,1,893.2243041992188,843.8749389648438,815.9102783203125,884.9994506835938
1790789493.0357754,0,1,893.2243041992188,843.8749389648438,815.9102783203125,884.9994506835938
1790789493.046508,0,1,893.2243041992188,843.8749389648438,815.9102783203125,884.9994506835938
1790789493.0574515,0,1,893.2243041992188,843.8749389648438,815.9102783203125,884.9994506835938
1790789493.0684712,0,1,893.2243041992188,843.8749389648438,815.9102783203125,884.9994506835938
1790789493.079697,0,1,893.2243041992188,843.8749389648438,815.9102783203125,884.9994506835938
1790789493.09056,0,1,893.2243041992188,843.8749389648438,815.9102783203125,884.9994506835938
1790789493.1017365,0,1,891.579345703125,870.194580078125,806.0403442382812,866.9046630859375
1790789493.1130085,0,1,886.6444091796875,870.194580078125,804.3953857421875,863.6146850585938
1790789493.1241214,0,1,883.3544311523438,843.8749389648438,825.7801513671875,894.8693237304688
1790789493.135096,0,1,878.4194946289062,896.5142822265625,815.9102783203125,883.3544311523438
1790789493.1464033,0,1,875.1295166015625,922.833984375,804.3953857421875,858.6797485351562
1790789493.1574597,0,1,881.70947265625,870.194580078125,817.5552368164062,886.6444091796875
1790789493.1681182,0,1,881.70947265625,870.194580078125,817.5552368164062,886.6444091796875
1790789493.1788735,0,1,891.579345703125,935.9938354492188,812.6203002929688,843.8749389648438
1790789493.1901548,0,1,891.579345703125,935.9938354492188,812.6203002929688,843.8749389648438
1790789493.2011077,0,1,891.579345703125,935.9938354492188,812.6203002929688,843.8749389648438
1790789493.2122478,0,1,891.579345703125,935.9938354492188,812.6203002929688,843.8749389648438
1790789493.2233243,0,1,891.579345703125,935.9938354492188,812.6203002929688,843.8749389648438
1790789493.234341,0,1,891.579345703125,935.9938354492188,812.6203002929688,843.8749389648438
1790789493.2453408,0,1,881.70947265625,883.3544311523438,819.2001953125,881.70947265625
1790789493.2561765,0,1,881.70947265625,786.3005981445312,820.84521484375,850.454833984375
1790789493.2704382,0,1,884.9994506835938,733.6612548828125,830.715087890625,871.839599609375
1790789493.2817855,0,1,870.194580078125,733.6612548828125,834.0050048828125,866.9046630859375
1790789493.2960687,0,1,870.194580078125,733.6612548828125,834.0050048828125,866.9046630859375
1790789493.3088067,0,0,870.194580078125,733.6612548828125,834.0050048828125,866.9046630859375
1790789493.3222764,0,0,870.194580078125,733.6612548828125,834.0050048828125,866.9046630859375
1790789493.3338928,0,0,870.194580078125,733.6612548828125,834.0050048828125,866.9046630859375
1790789493.3452332,0,0,870.194580078125,733.6612548828125,834.0050048828125,866.9046630859375
1790789493.356277,0,0,878.4194946289062,786.3005981445312,827.4251098632812,866.9046630859375
1790789493.367666,0,0,858.6797485351562,891.579345703125,817.5552368164062,848.8098754882812
1790789493.379322,0,0,848.8098754882812,931.0588989257812,817.5552368164062,843.8749389648438
1790789493.3901477,0,0,871.839599609375,931.0588989257812,822.4901733398438,858.6797485351562
1790789493.4019182,0,0,860.32470703125,970.5383911132812,814.2652587890625,837.2949829101562
1790789493.413099,0,0,855.3897705078125,931.0588989257812,827.4251098632812,863.6146850585938
1790789493.4243386,0,0,881.70947265625,865.2596435546875,837.2949829101562,870.194580078125
1790789493.4353988,0,0,881.70947265625,865.2596435546875,837.2949829101562,870.194580078125
1790789493.4465196,0,0,881.70947265625,865.2596435546875,837.2949829101562,870.194580078125
1790789493.45768,0,0,881.70947265625,865.2596435546875,837.2949829101562,870.194580078125
1790789493.4685824,0,0,881.70947265625,865.2596435546875,837.2949829101562,870.194580078125
1790789493.4795902,0,0,881.70947265625,865.2596435546875,837.2949829101562,870.194580078125
1790789493.4907894,0,0,873.4845581054688,917.8990478515625,832.3600463867188,868.5496215820312
1790789493.5017366,0,0,876.7745361328125,970.5383911132812,817.5552368164062,855.3897705078125
1790789493.512604,0,0,848.8098754882812,970.5383911132812,824.1351318359375,847.1648559570312
1790789493.5237496,0,0,870.194580078125,917.8990478515625,837.2949829101562,853.7448120117188
1790789493.5347412,0,0,871.839599609375,934.3488159179688,832.3600463867188,861.9697265625
1790789493.5456648,0,0,855.3897705078125,1031.4027099609375,817.5552368164062,832.3600463867188
1790789493.556839,0,0,855.3897705078125,1031.4027099609375,817.5552368164062,832.3600463867188
1790789493.5680363,0,0,855.3897705078125,1031.4027099609375,817.5552368164062,832.3600463867188
1790789493.5793188,0,0,855.3897705078125,1031.4027099609375,817.5552368164062,832.3600463867188
1790789493.5911658,0,0,855.3897705078125,1031.4027099609375,817.5552368164062,832.3600463867188
1790789493.6021993,0,0,855.3897705078125,1031.4027099609375,817.5552368164062,832.3600463867188
1790789493.6131914,0,0,852.0997924804688,1077.462158203125,820.84521484375,842.2299194335938
1790789493.6241395,0,0,852.0997924804688,1051.1424560546875,822.4901733398438,845.5198974609375
1790789493.6351697,0,0,853.7448120117188,1156.421142578125,810.9752807617188,812.6203002929688
1790789493.6465685,0,0,857.0347290039062,1077.462158203125,820.84521484375,838.9400024414062
1790789493.657828,0,0,857.0347290039062,1077.462158203125,820.84521484375,838.9400024414062
1790789493.6688883,0,0,857.0347290039062,1077.462158203125,820.84521484375,838.9400024414062
1790789493.68048,0,0,857.0347290039062,1077.462158203125,820.84521484375,838.9400024414062
1790789493.6915123,0,0,857.0347290039062,1077.462158203125,820.84521484375,838.9400024414062
1790789493.702827,0,0,857.0347290039062,1077.462158203125,820.84521484375,838.9400024414062
1790789493.7140787,0,0,863.6146850585938,1024.82275390625,829.070068359375,853.7448120117188
1790789493.7248003,0,0,842.2299194335938,1103.7818603515625,814.2652587890625,829.070068359375
1790789493.7354617,0,0,860.32470703125,1090.6219482421875,820.84521484375,835.6500244140625
1790789493.746497,0,0,860.32470703125,1024.82275390625,832.3600463867188,863.6146850585938
1790789493.7577107,0,0,876.7745361328125,972.1834106445312,834.0050048828125,863.6146850585938
1790789493.7687001,0,0,876.7745361328125,972.1834106445312,834.0050048828125,863.6146850585938
1790789493.7797296,0,0,876.7745361328125,972.1834106445312,834.0050048828125,863.6146850585938
1790789493.791039,0,0,876.7745361328125,972.1834106445312,834.0050048828125,863.6146850585938
1790789493.8027754,0,0,876.7745361328125,972.1834106445312,834.0050048828125,863.6146850585938
1790789493.8142982,0,0,876.7745361328125,972.1834106445312,834.0050048828125,863.6146850585938
1790789493.8253279,0,0,865.2596435546875,1024.82275390625,810.9752807617188,837.2949829101562
1790789493.836361,0,0,858.6797485351562,1077.462158203125,812.6203002929688,819.2001953125
1790789493.8476253,0,0,848.8098754882812,806.0403442382812,820.84521484375,857.0347290039062
1790789493.859068,0,0,848.8098754882812,700.7615966796875,832.3600463867188,873.4845581054688
1790789493.8706388,0,0,855.3897705078125,779.720703125,812.6203002929688,830.715087890625
1790789493.881636,0,0,855.3897705078125,779.720703125,812.6203002929688,830.715087890625
1790789493.8926082,0,0,855.3897705078125,779.720703125,812.6203002929688,830.715087890625
1790789493.9040098,0,0,855.3897705078125,779.720703125,812.6203002929688,830.715087890625
1790789493.9149055,0,0,855.3897705078125,779.720703125,812.6203002929688,830.715087890625
1790789493.925594,0,0,855.3897705078125,779.720703125,812.6203002929688,830.715087890625
1790789493.9367924,0,0,855.3897705078125,779.720703125,812.6203002929688,830.715087890625
1790789493.9477882,0,0,880.064453125,727.081298828125,815.9102783203125,850.454833984375
1790789493.9587538,0,0,850.454833984375,779.720703125,812.6203002929688,819.2001953125
1790789493.9698775,0,0,876.7745361328125,727.081298828125,824.1351318359375,850.454833984375
1790789493.9810207,0,0,853.7448120117188,727.081298828125,820.84521484375,837.2949829101562
1790789493.9923186,0,0,852.0997924804688,740.2411499023438,819.2001953125,829.070068359375
1790789494.003471,0,0,878.4194946289062,713.9214477539062,819.2001953125,850.454833984375
1790789494.0141625,0,0,871.839599609375,661.2821044921875,830.715087890625,863.6146850585938
1790789494.0251927,0,0,847.1648559570312,766.5608520507812,814.2652587890625,819.2001953125
1790789494.0361848,0,0,863.6146850585938,727.081298828125,822.4901733398438,842.2299194335938
1790789494.0472727,0,0,870.194580078125,681.0218505859375,827.4251098632812,850.454833984375
1790789494.0587502,0,0,870.194580078125,681.0218505859375,827.4251098632812,850.454833984375
1790789494.069994,0,0,870.194580078125,681.0218505859375,827.4251098632812,850.454833984375
1790789494.0815887,0,0,870.194580078125,681.0218505859375,827.4251098632812,850.454833984375
1790789494.0924141,0,0,870.194580078125,681.0218505859375,827.4251098632812,850.454833984375
1790789494.1038797,0,0,870.194580078125,681.0218505859375,827.4251098632812,850.454833984375
1790789494.1151822,0,0,886.6444091796875,615.22265625,832.3600463867188,868.5496215820312
1790789494.1263776,0,0,863.6146850585938,681.0218505859375,820.84521484375,834.0050048828125
1790789494.1387858,0,0,870.194580078125,641.5423583984375,830.715087890625,853.7448120117188
1790789494.1495144,0,0,870.194580078125,641.5423583984375,830.715087890625,853.7448120117188
1790789494.1609478,0,0,870.194580078125,641.5423583984375,830.715087890625,853.7448120117188
1790789494.1718345,0,0,870.194580078125,641.5423583984375,830.715087890625,853.7448120117188
1790789494.1829965,0,0,870.194580078125,641.5423583984375,830.715087890625,853.7448120117188
1790789494.1939712,0,0,870.194580078125,641.5423583984375,830.715087890625,853.7448120117188
1790789494.2057369,0,0,847.1648559570312,681.0218505859375,822.4901733398438,852.0997924804688
1790789494.2168217,0,0,876.7745361328125,704.0515747070312,819.2001953125,838.9400024414062
1790789494.2280123,0,0,857.0347290039062,674.4419555664062,825.7801513671875,853.7448120117188
1790789494.2386649,0,0,871.839599609375,648.1222534179688,829.070068359375,855.3897705078125
1790789494.2494082,0,0,878.4194946289062,677.7318725585938,829.070068359375,852.0997924804688
1790789494.260302,0,0,863.6146850585938,743.5311279296875,819.2001953125,830.715087890625
1790789494.2718568,0,0,863.6146850585938,743.5311279296875,819.2001953125,830.715087890625
1790789494.2833061,0,0,863.6146850585938,743.5311279296875,819.2001953125,830.715087890625
1790789494.2952452,0,0,863.6146850585938,743.5311279296875,819.2001953125,830.715087890625
1790789494.3063765,0,0,863.6146850585938,743.5311279296875,819.2001953125,830.715087890625
1790789494.317201,0,0,863.6146850585938,743.5311279296875,819.2001953125,830.715087890625
1790789494.3387284,0,0,863.6146850585938,743.5311279296875,819.2001953125,830.715087890625
1790789494.3545535,0,0,880.064453125,651.4122314453125,834.0050048828125,837.2949829101562
1790789494.367414,0,0,843.8749389648438,572.4531860351562,838.9400024414062,868.5496215820312
1790789494.3790798,0,0,860.32470703125,532.9736328125,837.2949829101562,853.7448120117188
1790789494.3902962,0,0,855.3897705078125,559.2933349609375,834.0050048828125,850.454833984375
1790789494.4018176,0,0,855.3897705078125,559.2933349609375,834.0050048828125,850.454833984375
1790789494.4129705,0,0,855.3897705078125,559.2933349609375,834.0050048828125,850.454833984375
1790789494.4238539,0,0,847.1648559570312,611.9326782226562,820.84521484375,840.5849609375
1790789494.4354293,0,0,873.4845581054688,792.8805541992188,835.6500244140625,860.32470703125
1790789494.447094,0,0,852.0997924804688,871.839599609375,820.84521484375,842.2299194335938
1790789494.4584038,0,0,873.4845581054688,740.2411499023438,838.9400024414062,871.839599609375
1790789494.469313,0,0,855.3897705078125,822.4901733398438,830.715087890625,855.3897705078125
1790789494.4806159,0,0,880.064453125,802.7504272460938,835.6500244140625,847.1648559570312
1790789494.4921227,0,0,868.5496215820312,835.6500244140625,827.4251098632812,857.0347290039062
1790789494.5033438,0,0,880.064453125,750.1110229492188,842.2299194335938,861.9697265625
1790789494.514517,0,0,880.064453125,750.1110229492188,842.2299194335938,861.9697265625
1790789494.5258174,0,0,880.064453125,750.1110229492188,842.2299194335938,861.9697265625
1790789494.536674,0,0,880.064453125,750.1110229492188,842.2299194335938,861.9697265625
1790789494.5476668,0,0,880.064453125,750.1110229492188,842.2299194335938,861.9697265625
1790789494.5587363,0,0,880.064453125,750.1110229492188,842.2299194335938,861.9697265625
1790789494.5693796,0,0,868.5496215820312,756.6909790039062,840.5849609375,858.6797485351562
1790789494.5802984,0,0,848.8098754882812,888.2893676757812,817.5552368164062,834.0050048828125
1790789494.590986,0,0,878.4194946289062,763.2708740234375,834.0050048828125,842.2299194335938
1790789494.60192,0,0,840.5849609375,842.2299194335938,825.7801513671875,848.8098754882812
1790789494.613132,0,0,850.454833984375,835.6500244140625,827.4251098632812,832.3600463867188
1790789494.624587,0,0,860.32470703125,819.2001953125,830.715087890625,847.1648559570312
1790789494.6354766,0,0,860.32470703125,819.2001953125,830.715087890625,847.1648559570312
1790789494.6469705,0,0,860.32470703125,819.2001953125,830.715087890625,847.1648559570312
1790789494.658289,0,0,860.32470703125,819.2001953125,830.715087890625,847.1648559570312
1790789494.6692889,0,0,860.32470703125,819.2001953125,830.715087890625,847.1648559570312
1790789494.6804974,0,0,860.32470703125,819.2001953125,830.715087890625,847.1648559570312
1790789494.6915534,0,0,873.4845581054688,852.0997924804688,835.6500244140625,848.8098754882812
1790789494.7026036,1,0,855.3897705078125,931.0588989257812,829.070068359375,834.0050048828125
1790789494.713883,1,0,853.7448120117188,904.7391967773438,832.3600463867188,845.5198974609375
1790789494.7248483,1,0,845.5198974609375,983.6982421875,819.2001953125,842.2299194335938
1790789494.736529,1,0,845.5198974609375,983.6982421875,819.2001953125,842.2299194335938
1790789494.7480068,1,0,845.5198974609375,983.6982421875,819.2001953125,842.2299194335938
1790789494.7595665,1,0,845.5198974609375,983.6982421875,819.2001953125,842.2299194335938
1790789494.7710683,1,0,845.5198974609375,983.6982421875,819.2001953125,842.2299194335938
1790789494.7823215,1,0,845.5198974609375,983.6982421875,819.2001953125,842.2299194335938
1790789494.7934775,1,0,873.4845581054688,904.7391967773438,834.0050048828125,852.0997924804688
1790789494.8047702,1,0,845.5198974609375,983.6982421875,819.2001953125,845.5198974609375
1790789494.815868,1,0,855.3897705078125,957.3785400390625,822.4901733398438,835.6500244140625
1790789494.827029,1,0,881.70947265625,878.4194946289062,837.2949829101562,860.32470703125
1790789494.838186,1,0,881.70947265625,878.4194946289062,837.2949829101562,860.32470703125
1790789494.8491945,1,0,881.70947265625,878.4194946289062,837.2949829101562,860.32470703125
1790789494.8598003,1,0,881.70947265625,878.4194946289062,837.2949829101562,860.32470703125
1790789494.8712294,1,0,881.70947265625,878.4194946289062,837.2949829101562,860.32470703125
1790789494.8823414,1,0,881.70947265625,878.4194946289062,837.2949829101562,860.32470703125
1790789494.8932366,1,0,873.4845581054688,898.1592407226562,837.2949829101562,848.8098754882812
1790789494.9043062,1,0,861.9697265625,917.8990478515625,830.715087890625,834.0050048828125
1790789494.915336,1,0,866.9046630859375,924.4789428710938,824.1351318359375,850.454833984375
1790789494.9271035,1,0,870.194580078125,884.9994506835938,835.6500244140625,848.8098754882812
1790789494.938169,1,0,866.9046630859375,937.6387939453125,837.2949829101562,845.5198974609375
1790789494.9492078,1,0,857.0347290039062,1042.91748046875,817.5552368164062,842.2299194335938
1790789494.9604552,1,0,857.0347290039062,1042.91748046875,817.5552368164062,842.2299194335938
1790789494.9715376,1,0,857.0347290039062,1042.91748046875,817.5552368164062,842.2299194335938
1790789494.982404,1,0,857.0347290039062,1042.91748046875,817.5552368164062,842.2299194335938
1790789494.9938033,1,0,857.0347290039062,1042.91748046875,817.5552368164062,842.2299194335938
1790789495.0047638,1,0,857.0347290039062,1042.91748046875,817.5552368164062,842.2299194335938
1790789495.016063,1,0,850.454833984375,950.7986450195312,835.6500244140625,857.0347290039062
1790789495.0273175,1,0,861.9697265625,781.3656616210938,830.715087890625,830.715087890625
1790789495.0382113,1,0,860.32470703125,807.6853637695312,827.4251098632812,840.5849609375
1790789495.0491405,1,0,860.32470703125,807.6853637695312,827.4251098632812,840.5849609375
1790789495.0599713,1,0,860.32470703125,807.6853637695312,827.4251098632812,840.5849609375
1790789495.0714712,1,0,860.32470703125,807.6853637695312,827.4251098632812,840.5849609375
1790789495.082618,1,0,860.32470703125,807.6853637695312,827.4251098632812,840.5849609375
1790789495.0941675,1,0,860.32470703125,807.6853637695312,827.4251098632812,840.5849609375
1790789495.106109,1,0,860.32470703125,807.6853637695312,827.4251098632812,840.5849609375
1790789495.1167328,1,0,842.2299194335938,912.964111328125,835.6500244140625,853.7448120117188
1790789495.1285443,1,0,857.0347290039062,978.7633056640625,829.070068359375,852.0997924804688
1790789495.140256,1,0,857.0347290039062,965.6034545898438,835.6500244140625,857.0347290039062
1790789495.1513941,1,0,857.0347290039062,978.7633056640625,829.070068359375,848.8098754882812
1790789495.1625466,1,0,853.7448120117188,965.6034545898438,832.3600463867188,838.9400024414062
1790789495.1740198,1,0,866.9046630859375,860.32470703125,840.5849609375,865.2596435546875
1790789495.184835,1,0,857.0347290039062,886.6444091796875,830.715087890625,850.454833984375
1790789495.1955442,1,0,857.0347290039062,886.6444091796875,830.715087890625,850.454833984375
1790789495.2066572,1,0,857.0347290039062,886.6444091796875,830.715087890625,850.454833984375
1790789495.217786,1,0,857.0347290039062,886.6444091796875,830.715087890625,850.454833984375
1790789495.2291873,1,0,857.0347290039062,886.6444091796875,830.715087890625,850.454833984375
1790789495.240451,1,0,857.0347290039062,886.6444091796875,830.715087890625,850.454833984375
1790789495.2516835,1,0,855.3897705078125,807.6853637695312,842.2299194335938,860.32470703125
1790789495.2630055,1,0,868.5496215820312,834.0050048828125,832.3600463867188,853.7448120117188
1790789495.2739794,1,0,858.6797485351562,886.6444091796875,829.070068359375,850.454833984375
1790789495.289039,1,0,858.6797485351562,886.6444091796875,829.070068359375,850.454833984375
1790789495.3001072,1,0,858.6797485351562,886.6444091796875,829.070068359375,850.454833984375
1790789495.3121083,1,0,853.7448120117188,794.5255126953125,838.9400024414062,850.454833984375
1790789495.3234851,1,0,825.7801513671875,847.1648559570312,825.7801513671875,837.2949829101562
1790789495.334966,1,0,850.454833984375,873.4845581054688,817.5552368164062,834.0050048828125
1790789495.3474164,1,0,853.7448120117188,847.1648559570312,829.070068359375,832.3600463867188
1790789495.3603635,1,0,845.5198974609375,807.6853637695312,832.3600463867188,852.0997924804688
1790789495.3718743,1,0,845.5198974609375,807.6853637695312,832.3600463867188,852.0997924804688
1790789495.3838458,1,0,845.5198974609375,807.6853637695312,832.3600463867188,852.0997924804688
1790789495.3948822,1,0,845.5198974609375,807.6853637695312,832.3600463867188,852.0997924804688
1790789495.4060864,1,0,870.194580078125,781.3656616210938,832.3600463867188,861.9697265625
1790789495.4175036,1,0,876.7745361328125,847.1648559570312,834.0050048828125,852.0997924804688
1790789495.4284563,1,0,880.064453125,899.8042602539062,817.5552368164062,842.2299194335938
1790789495.439617,1,0,861.9697265625,807.6853637695312,832.3600463867188,857.0347290039062
1790789495.4512277,1,0,875.1295166015625,899.8042602539062,819.2001953125,847.1648559570312
1790789495.4626827,1,0,884.9994506835938,807.6853637695312,834.0050048828125,868.5496215820312
1790789495.4736924,1,0,884.9994506835938,807.6853637695312,834.0050048828125,868.5496215820312
1790789495.4852438,1,0,884.9994506835938,807.6853637695312,834.0050048828125,868.5496215820312
1790789495.4970112,1,0,884.9994506835938,807.6853637695312,834.0050048828125,868.5496215820312
1790789495.5080469,1,0,884.9994506835938,807.6853637695312,834.0050048828125,868.5496215820312
1790789495.518941,1,0,884.9994506835938,807.6853637695312,834.0050048828125,868.5496215820312
1790789495.5301068,1,0,866.9046630859375,847.1648559570312,832.3600463867188,860.32470703125
1790789495.5411344,1,0,884.9994506835938,807.6853637695312,840.5849609375,871.839599609375
1790789495.5521636,1,0,870.194580078125,820.84521484375,835.6500244140625,861.9697265625
1790789495.5635848,1,0,861.9697265625,912.964111328125,819.2001953125,829.070068359375
1790789495.5750928,1,0,861.9697265625,912.964111328125,819.2001953125,829.070068359375
1790789495.5860665,1,0,861.9697265625,912.964111328125,819.2001953125,829.070068359375
1790789495.5973785,1,0,861.9697265625,912.964111328125,819.2001953125,829.070068359375
1790789495.6083212,1,0,861.9697265625,912.964111328125,819.2001953125,829.070068359375
1790789495.6192906,1,0,861.9697265625,912.964111328125,819.2001953125,829.070068359375
1790789495.6314485,1,0,858.6797485351562,822.4901733398438,825.7801513671875,848.8098754882812
1790789495.6430116,1,0,845.5198974609375,848.8098754882812,819.2001953125,830.715087890625
1790789495.6541364,1,0,855.3897705078125,796.1704711914062,827.4251098632812,853.7448120117188
1790789495.665004,1,0,855.3897705078125,796.1704711914062,827.4251098632812,853.7448120117188
1790789495.6763513,1,1,855.3897705078125,796.1704711914062,827.4251098632812,853.7448120117188
1790789495.6873064,1,1,855.3897705078125,796.1704711914062,827.4251098632812,853.7448120117188
1790789495.6980503,1,1,855.3897705078125,796.1704711914062,827.4251098632812,853.7448120117188
1790789495.7097127,1,1,855.3897705078125,796.1704711914062,827.4251098632812,853.7448120117188
1790789495.7211308,1,1,855.3897705078125,796.1704711914062,827.4251098632812,853.7448120117188
1790789495.7321863,1,1,853.7448120117188,809.330322265625,820.84521484375,829.070068359375
1790789495.7434175,1,1,853.7448120117188,769.850830078125,824.1351318359375,834.0050048828125
1790789495.7547817,1,1,860.32470703125,743.5311279296875,835.6500244140625,866.9046630859375
1790789495.7665613,1,1,855.3897705078125,750.1110229492188,834.0050048828125,845.5198974609375
1790789495.7790484,1,1,857.0347290039062,751.7560424804688,830.715087890625,853.7448120117188
1790789495.7908196,1,0,857.0347290039062,751.7560424804688,830.715087890625,853.7448120117188
1790789495.8019745,1,0,857.0347290039062,751.7560424804688,830.715087890625,853.7448120117188
1790789495.8130863,1,0,857.0347290039062,751.7560424804688,830.715087890625,853.7448120117188
1790789495.8240726,1,0,857.0347290039062,751.7560424804688,830.715087890625,853.7448120117188
1790789495.8348022,1,0,857.0347290039062,751.7560424804688,830.715087890625,853.7448120117188
1790789495.8458316,1,0,835.6500244140625,825.7801513671875,817.5552368164062,834.0050048828125
1790789495.8569362,1,0,853.7448120117188,713.9214477539062,834.0050048828125,847.1648559570312
1790789495.8679602,1,0,852.0997924804688,743.5311279296875,827.4251098632812,840.5849609375
1790789495.8790495,1,0,852.0997924804688,756.6909790039062,825.7801513671875,842.2299194335938
1790789495.8902051,1,0,850.454833984375,756.6909790039062,825.7801513671875,842.2299194335938
1790789495.9015508,1,0,857.0347290039062,651.4122314453125,838.9400024414062,850.454833984375
1790789495.9124527,1,0,835.6500244140625,677.7318725585938,827.4251098632812,837.2949829101562
1790789495.9238336,1,0,829.070068359375,625.092529296875,842.2299194335938,837.2949829101562
1790789495.9352112,1,0,855.3897705078125,690.8917236328125,843.8749389648438,837.2949829101562
1790789495.9470537,1,0,855.3897705078125,690.8917236328125,843.8749389648438,837.2949829101562
1790789495.9583194,1,0,855.3897705078125,690.8917236328125,843.8749389648438,837.2949829101562
1790789495.9695013,1,0,855.3897705078125,690.8917236328125,843.8749389648438,837.2949829101562
1790789495.9813416,1,0,855.3897705078125,690.8917236328125,843.8749389648438,837.2949829101562
1790789495.9922018,1,0,855.3897705078125,690.8917236328125,843.8749389648438,837.2949829101562
1790789496.0032015,1,0,133.243408203125,1087.33203125,478.68927001953125,88.82894134521484
1790789496.0146496,1,0,65.7992172241211,1508.447021484375,294.45147705078125,46.0594482421875
1790789496.0253427,1,0,95.40885925292969,1465.677490234375,505.00897216796875,75.66909790039062
1790789496.0362132,1,0,95.40885925292969,1465.677490234375,505.00897216796875,75.66909790039062
1790789496.0473955,1,0,95.40885925292969,1465.677490234375,505.00897216796875,75.66909790039062
1790789496.0586066,1,0,95.40885925292969,1465.677490234375,505.00897216796875,75.66909790039062
1790789496.0696123,1,0,95.40885925292969,1465.677490234375,505.00897216796875,75.66909790039062
1790789496.0812354,1,0,95.40885925292969,1465.677490234375,505.00897216796875,75.66909790039062
1790789496.0919375,1,0,88.82894134521484,1477.1923828125,1294.5994873046875,69.08917236328125
1790789496.1033807,1,0,83.89399719238281,1470.6124267578125,1607.145751953125,64.15423583984375
1790789496.1147146,1,0,83.89399719238281,1475.54736328125,1613.7257080078125,64.15423583984375
1790789496.1257436,1,0,78.95905303955078,1478.8372802734375,1495.287109375,59.21929168701172
1790789496.1375046,1,0,80.60403442382812,1478.8372802734375,1212.3504638671875,60.86427307128906
1790789496.1488023,1,0,80.60403442382812,1478.8372802734375,840.5849609375,60.86427307128906
1790789496.1605687,1,0,80.60403442382812,1478.8372802734375,840.5849609375,60.86427307128906
1790789496.171613,1,0,80.60403442382812,1478.8372802734375,840.5849609375,60.86427307128906
1790789496.1824126,1,0,80.60403442382812,1478.8372802734375,840.5849609375,60.86427307128906
1790789496.193328,1,0,80.60403442382812,1478.8372802734375,840.5849609375,60.86427307128906
1790789496.2042806,1,0,80.60403442382812,1478.8372802734375,840.5849609375,60.86427307128906
1790789496.2153604,1,0,80.60403442382812,1478.8372802734375,840.5849609375,60.86427307128906
1790789496.2267413,1,0,80.60403442382812,1478.8372802734375,840.5849609375,60.86427307128906
1790789496.2382498,1,0,27.96466636657715,1640.04541015625,774.7857666015625,27.96466636657715
1790789496.249703,1,0,27.96466636657715,1640.04541015625,774.7857666015625,27.96466636657715
1790789496.261368,1,0,470.4643859863281,1617.015625,750.1110229492188,419.4700012207031
1790789496.2727697,1,0,970.5383911132812,1669.655029296875,985.3432006835938,866.9046630859375
1790789496.2838159,1,0,970.5383911132812,1669.655029296875,985.3432006835938,866.9046630859375
1790789496.2947633,1,0,970.5383911132812,1669.655029296875,985.3432006835938,866.9046630859375
1790789496.3058116,1,0,970.5383911132812,1669.655029296875,985.3432006835938,866.9046630859375
1790789496.3177636,1,0,970.5383911132812,1669.655029296875,985.3432006835938,866.9046630859375
1790789496.3288448,1,0,970.5383911132812,1669.655029296875,985.3432006835938,866.9046630859375
1790789496.3398793,1,0,970.5383911132812,1669.655029296875,985.3432006835938,866.9046630859375
1790789496.3509474,1,0,970.5383911132812,1669.655029296875,985.3432006835938,866.9046630859375
1790789496.3621614,1,0,1575.89111328125,1564.3763427734375,1112.0067138671875,1524.896728515625
1790789496.3731618,1,0,1523.2518310546875,77.31407928466797,1136.681396484375,1472.2574462890625
1790789496.3841553,1,0,1523.2518310546875,77.31407928466797,1136.681396484375,1472.2574462890625
1790789496.39522,1,0,1526.541748046875,159.56309509277344,1136.681396484375,1468.9674072265625
1790789496.4063761,1,0,1515.02685546875,100.34380340576172,937.6387939453125,1457.45263671875
1790789496.4174592,1,0,1515.02685546875,100.34380340576172,937.6387939453125,1457.45263671875
1790789496.4282935,1,0,1515.02685546875,100.34380340576172,937.6387939453125,1457.45263671875
1790789496.4399204,1,0,1515.02685546875,100.34380340576172,937.6387939453125,1457.45263671875
1790789496.4513977,1,0,1511.7369384765625,121.72854614257812,870.194580078125,1449.2276611328125
1790789496.4626913,1,0,1511.7369384765625,110.21368408203125,810.9752807617188,1449.2276611328125
1790789496.4745452,1,0,1307.7593994140625,111.8586654663086,741.8861083984375,1281.439697265625
1790789496.4867141,1,0,1307.7593994140625,111.8586654663086,741.8861083984375,1281.439697265625
1790789496.4982255,1,0,1307.7593994140625,111.8586654663086,741.8861083984375,1281.439697265625
1790789496.5098343,1,0,1307.7593994140625,111.8586654663086,741.8861083984375,1281.439697265625
1790789496.5213294,1,0,1307.7593994140625,111.8586654663086,741.8861083984375,1281.439697265625
1790789496.5331283,1,0,1263.3448486328125,113.50364685058594,723.7913208007812,1228.80029296875
1790789496.5443845,1,0,1100.4918212890625,113.50364685058594,728.726318359375,1077.462158203125
1790789496.5557709,1,0,949.1536865234375,113.50364685058594,758.3359375,935.9938354492188
1790789496.5671406,1,0,0.0,1429.4879150390625,376.70050048828125,0.0
1790789496.5783875,1,0,47.704429626464844,1676.2349853515625,1126.8115234375,34.544586181640625
1790789496.590334,1,0,31.254627227783203,1649.915283203125,1587.406005859375,21.38474464416504
1790789496.6016045,1,0,31.254627227783203,1649.915283203125,1587.406005859375,21.38474464416504
1790789496.6127932,1,0,31.254627227783203,1649.915283203125,1587.406005859375,21.38474464416504
1790789496.6236153,1,0,31.254627227783203,1649.915283203125,1587.406005859375,21.38474464416504
1790789496.6347165,1,0,31.254627227783203,1649.915283203125,1587.406005859375,21.38474464416504
1790789496.6465998,1,0,31.254627227783203,1649.915283203125,1587.406005859375,21.38474464416504
1790789496.6579607,1,0,23.02972412109375,1643.3353271484375,1587.406005859375,16.449804306030273
1790789496.6695316,1,0,31.254627227783203,1653.2052001953125,1574.2462158203125,23.02972412109375
1790789496.6808786,1,0,31.254627227783203,1653.2052001953125,1574.2462158203125,23.02972412109375
1790789496.6919851,1,0,31.254627227783203,1664.7200927734375,751.7560424804688,27.96466636657715
1790789496.7028306,1,0,31.254627227783203,1664.7200927734375,751.7560424804688,27.96466636657715
1790789496.7140596,1,0,31.254627227783203,1664.7200927734375,751.7560424804688,27.96466636657715
1790789496.7248151,1,0,31.254627227783203,1664.7200927734375,751.7560424804688,27.96466636657715
1790789496.7363892,1,0,31.254627227783203,1664.7200927734375,751.7560424804688,27.96466636657715
1790789496.748433,1,0,31.254627227783203,1664.7200927734375,751.7560424804688,27.96466636657715
1790789496.7596369,1,0,52.63936996459961,1682.81494140625,528.0386962890625,34.544586181640625
1790789496.7713165,1,0,164.49803161621094,1630.175537109375,528.0386962890625,136.5333709716797
1790789496.7827272,1,0,197.39764404296875,1603.8558349609375,659.6371459960938,138.1783447265625
1790789496.7937355,1,0,302.6763916015625,1524.896728515625,633.3174438476562,305.9663391113281
1790789496.8047957,1,0,302.6763916015625,1156.421142578125,764.9158325195312,279.64666748046875
1790789496.816035,1,0,565.8732299804688,1524.896728515625,751.7560424804688,569.1632080078125
1790789496.8270566,1,0,565.8732299804688,1524.896728515625,751.7560424804688,569.1632080078125
1790789496.8378992,1,0,565.8732299804688,1524.896728515625,751.7560424804688,569.1632080078125
1790789496.8490002,1,0,565.8732299804688,1524.896728515625,751.7560424804688,569.1632080078125
1790789496.8602111,1,0,565.8732299804688,1524.896728515625,751.7560424804688,569.1632080078125
1790789496.87168,1,0,565.8732299804688,1524.896728515625,751.7560424804688,569.1632080078125
1790789496.8826513,1,0,552.71337890625,1524.896728515625,725.4363403320312,595.48291015625
1790789496.8938665,1,0,579.0330810546875,1340.658935546875,712.2764892578125,634.96240234375
1790789496.9050405,1,0,631.6724243164062,1077.462158203125,738.59619140625,648.1222534179688
1790789496.9160645,1,0,802.7504272460938,472.1093444824219,751.7560424804688,832.3600463867188
1790789496.9271922,1,0,1408.1031494140625,24.674705505371094,804.3953857421875,1477.1923828125
1790789496.9383612,1,0,1408.1031494140625,24.674705505371094,804.3953857421875,1477.1923828125
1790789496.949827,1,0,1408.1031494140625,24.674705505371094,804.3953857421875,1477.1923828125
1790789496.9615035,1,0,1408.1031494140625,24.674705505371094,804.3953857421875,1477.1923828125
1790789496.9728005,0,0,1408.1031494140625,24.674705505371094,804.3953857421875,1477.1923828125
1790789496.98412,0,0,1408.1031494140625,24.674705505371094,804.3953857421875,1477.1923828125
1790789496.9955215,0,0,1408.1031494140625,24.674705505371094,804.3953857421875,1477.1923828125
1790789497.006927,0,0,1447.5826416015625,77.31407928466797,949.1536865234375,1503.5120849609375
1790789497.017806,0,0,1432.77783203125,41.124507904052734,1000.1480712890625,1500.2220458984375
1790789497.0288525,0,0,1442.647705078125,67.4441909790039,1103.7818603515625,1503.5120849609375
1790789497.0404012,0,0,1436.06787109375,60.86427307128906,996.8580932617188,1498.5771484375
1790789497.05133,0,0,1429.4879150390625,72.37913513183594,924.4789428710938,1495.287109375
1790789497.0626297,0,0,1429.4879150390625,69.08917236328125,883.3544311523438,1495.287109375
1790789497.0737815,0,0,1429.4879150390625,69.08917236328125,883.3544311523438,1495.287109375
1790789497.0846615,0,0,1429.4879150390625,69.08917236328125,883.3544311523438,1495.287109375
1790789497.0956836,0,0,1429.4879150390625,69.08917236328125,883.3544311523438,1495.287109375
1790789497.1064043,0,0,1429.4879150390625,69.08917236328125,883.3544311523438,1495.287109375
1790789497.1176076,0,0,1429.4879150390625,69.08917236328125,883.3544311523438,1495.287109375
1790789497.128603,0,0,1429.4879150390625,69.08917236328125,883.3544311523438,1495.287109375
1790789497.1398377,0,0,1429.4879150390625,74.02411651611328,832.3600463867188,1495.287109375
1790789497.1508098,0,0,1429.4879150390625,72.37913513183594,756.6909790039062,1495.287109375
1790789497.1621125,0,0,1427.8428955078125,72.37913513183594,787.945556640625,1495.287109375
1790789497.1733136,0,0,1390.0084228515625,72.37913513183594,776.4307250976562,1488.7071533203125
1790789497.1845553,0,0,1237.0252685546875,72.37913513183594,773.1407470703125,1357.1087646484375
1790789497.1960223,0,0,1212.3504638671875,72.37913513183594,771.4957885742188,1334.0791015625
1790789497.2068834,0,0,1212.3504638671875,72.37913513183594,771.4957885742188,1334.0791015625
1790789497.2181454,0,0,1212.3504638671875,72.37913513183594,771.4957885742188,1334.0791015625
1790789497.2291217,0,0,1212.3504638671875,72.37913513183594,771.4957885742188,1334.0791015625
1790789497.2400727,0,0,1212.3504638671875,72.37913513183594,771.4957885742188,1334.0791015625
1790789497.2511241,0,0,1212.3504638671875,72.37913513183594,771.4957885742188,1334.0791015625
1790789497.2618856,0,0,1123.5216064453125,72.37913513183594,758.3359375,1215.6405029296875
1790789497.2725801,0,0,1061.0123291015625,72.37913513183594,738.59619140625,1164.6461181640625
1790789497.2832682,0,0,998.5030517578125,72.37913513183594,740.2411499023438,1093.9119873046875
1790789497.2942345,0,0,916.2540283203125,72.37913513183594,713.9214477539062,1006.7279663085938
1790789497.3048093,0,0,830.715087890625,65.7992172241211,733.6612548828125,924.4789428710938
1790789497.3156517,0,0,778.07568359375,111.8586654663086,738.59619140625,876.7745361328125
1790789497.327147,0,0,768.205810546875,118.43858337402344,753.4010009765625,850.454833984375
1790789497.3382573,0,0,960.6685180664062,177.6578826904297,791.2355346679688,977.1183471679688
1790789497.349501,0,0,967.2484130859375,230.2972412109375,796.1704711914062,977.1183471679688
1790789497.368193,0,0,954.088623046875,282.9366149902344,787.945556640625,949.1536865234375
1790789497.3792717,0,0,954.088623046875,282.9366149902344,787.945556640625,949.1536865234375
1790789497.3910596,0,0,954.088623046875,282.9366149902344,787.945556640625,949.1536865234375
1790789497.4022346,0,0,954.088623046875,282.9366149902344,787.945556640625,949.1536865234375
1790789497.4133587,0,0,912.964111328125,388.2153625488281,797.8154907226562,914.6090698242188
1790789497.4247673,0,0,916.2540283203125,388.2153625488281,804.3953857421875,916.2540283203125
1790789497.4363167,0,0,916.2540283203125,440.854736328125,809.330322265625,927.7689208984375
1790789497.447775,0,0,916.2540283203125,440.854736328125,809.330322265625,927.7689208984375
1790789497.4588203,0,0,916.2540283203125,440.854736328125,809.330322265625,927.7689208984375
1790789497.4696274,0,0,916.2540283203125,440.854736328125,809.330322265625,927.7689208984375
1790789497.480548,0,0,916.2540283203125,440.854736328125,809.330322265625,927.7689208984375
1790789497.4917648,0,0,876.7745361328125,493.4941101074219,799.46044921875,908.0291748046875
1790789497.5029542,0,0,903.09423828125,493.4941101074219,804.3953857421875,906.3841552734375
1790789497.5144413,0,0,889.9343872070312,598.7728271484375,792.8805541992188,883.3544311523438
1790789497.5258238,0,0,886.6444091796875,588.9029541015625,804.3953857421875,881.70947265625
1790789497.5376363,0,0,886.6444091796875,588.9029541015625,804.3953857421875,881.70947265625
1790789497.5485837,0,0,886.6444091796875,588.9029541015625,804.3953857421875,881.70947265625
1790789497.5595927,0,0,886.6444091796875,588.9029541015625,804.3953857421875,881.70947265625
1790789497.570406,0,0,886.6444091796875,588.9029541015625,804.3953857421875,881.70947265625
1790789497.5812957,0,0,886.6444091796875,588.9029541015625,804.3953857421875,881.70947265625
1790789497.5920937,0,0,888.2893676757812,588.9029541015625,815.9102783203125,871.839599609375
1790789497.6034508,0,0,883.3544311523438,667.8619995117188,796.1704711914062,878.4194946289062
1790789497.6141953,0,0,873.4845581054688,671.1519775390625,799.46044921875,855.3897705078125
1790789497.625127,0,0,888.2893676757812,618.5126342773438,799.46044921875,868.5496215820312
1790789497.6363978,0,0,863.6146850585938,671.1519775390625,807.6853637695312,845.5198974609375
1790789497.6471505,0,0,863.6146850585938,671.1519775390625,807.6853637695312,845.5198974609375
1790789497.6582289,0,0,863.6146850585938,671.1519775390625,807.6853637695312,845.5198974609375
1790789497.669255,0,0,863.6146850585938,671.1519775390625,807.6853637695312,845.5198974609375
1790789497.6802535,0,0,863.6146850585938,671.1519775390625,807.6853637695312,845.5198974609375
1790789497.6911876,0,0,863.6146850585938,671.1519775390625,807.6853637695312,845.5198974609375
1790789497.7019925,0,0,830.715087890625,684.3118286132812,806.0403442382812,830.715087890625
1790789497.7131083,0,0,830.715087890625,657.9921264648438,815.9102783203125,814.2652587890625
1790789497.7245817,0,0,830.715087890625,657.9921264648438,817.5552368164062,820.84521484375
1790789497.7359533,0,0,766.5608520507812,710.6315307617188,801.1054077148438,763.2708740234375
1790789497.746904,0,0,766.5608520507812,710.6315307617188,801.1054077148438,763.2708740234375
1790789497.7578835,0,0,845.5198974609375,552.71337890625,799.46044921875,850.454833984375
1790789497.768824,0,0,827.4251098632812,644.832275390625,787.945556640625,829.070068359375
1790789497.7801943,0,0,881.70947265625,644.832275390625,787.945556640625,896.5142822265625
1790789497.7915695,0,0,899.8042602539062,623.4475708007812,794.5255126953125,886.6444091796875
1790789497.802834,0,0,899.8042602539062,595.48291015625,804.3953857421875,891.579345703125
1790789497.813855,0,0,899.8042602539062,595.48291015625,804.3953857421875,891.579345703125
1790789497.8252802,0,0,899.8042602539062,595.48291015625,804.3953857421875,891.579345703125
1790789497.8365815,0,0,899.8042602539062,595.48291015625,804.3953857421875,891.579345703125
1790789497.84785,0,0,899.8042602539062,595.48291015625,804.3953857421875,891.579345703125
1790789497.859297,0,0,899.8042602539062,595.48291015625,804.3953857421875,891.579345703125
1790789497.8703094,0,0,891.579345703125,636.607421875,791.2355346679688,924.4789428710938
1790789497.8809571,0,0,921.18896484375,623.4475708007812,766.5608520507812,914.6090698242188
1790789497.8920488,0,0,937.6387939453125,671.1519775390625,810.9752807617188,908.0291748046875
1790789497.9035358,0,0,919.5440063476562,646.477294921875,781.3656616210938,924.4789428710938
1790789497.914519,0,0,909.6741333007812,677.7318725585938,807.6853637695312,932.703857421875
1790789497.9253852,0,0,911.319091796875,644.832275390625,810.9752807617188,891.579345703125
1790789497.936409,0,0,911.319091796875,644.832275390625,810.9752807617188,891.579345703125
1790789497.9476564,0,0,911.319091796875,644.832275390625,810.9752807617188,891.579345703125
1790789497.9583995,0,0,911.319091796875,644.832275390625,810.9752807617188,891.579345703125
1790789497.9698522,0,0,911.319091796875,644.832275390625,810.9752807617188,891.579345703125
1790789497.981197,0,0,911.319091796875,644.832275390625,810.9752807617188,891.579345703125
1790789497.9920914,0,0,911.319091796875,644.832275390625,810.9752807617188,891.579345703125
1790789498.0042868,0,0,917.8990478515625,715.5664672851562,801.1054077148438,888.2893676757812
1790789498.015323,0,0,914.6090698242188,676.0869140625,802.7504272460938,893.2243041992188
1790789498.0265915,0,0,901.44921875,654.7021484375,799.46044921875,896.5142822265625
1790789498.0375218,0,0,937.6387939453125,689.2467651367188,822.4901733398438,908.0291748046875
1790789498.0484722,0,0,896.5142822265625,700.7615966796875,843.8749389648438,909.6741333007812
1790789498.0590906,0,0,896.5142822265625,700.7615966796875,843.8749389648438,909.6741333007812
1790789498.07027,0,0,896.5142822265625,700.7615966796875,843.8749389648438,909.6741333007812
1790789498.0811713,0,0,896.5142822265625,700.7615966796875,843.8749389648438,909.6741333007812
1790789498.0924969,0,0,896.5142822265625,700.7615966796875,843.8749389648438,909.6741333007812
1790789498.1036692,0,0,896.5142822265625,700.7615966796875,843.8749389648438,909.6741333007812
1790789498.1146617,0,0,898.1592407226562,697.4716796875,863.6146850585938,931.0588989257812
1790789498.1256688,0,0,889.9343872070312,676.0869140625,853.7448120117188,929.4138793945312
1790789498.1363423,0,0,894.8693237304688,654.7021484375,838.9400024414062,893.2243041992188
1790789498.147591,0,0,889.9343872070312,611.9326782226562,832.3600463867188,896.5142822265625
1790789498.1588416,0,0,870.194580078125,651.4122314453125,806.0403442382812,875.1295166015625
1790789498.1701236,0,0,881.70947265625,559.2933349609375,822.4901733398438,868.5496215820312
1790789498.181132,0,0,866.9046630859375,621.8025512695312,819.2001953125,876.7745361328125
1790789498.1917608,0,0,866.9046630859375,621.8025512695312,819.2001953125,876.7745361328125
1790789498.2027142,0,0,866.9046630859375,621.8025512695312,819.2001953125,876.7745361328125
1790789498.2134793,0,0,866.9046630859375,621.8025512695312,819.2001953125,876.7745361328125
1790789498.2242727,0,0,866.9046630859375,621.8025512695312,819.2001953125,876.7745361328125
1790789498.2352152,0,0,697.4716796875,904.7391967773438,781.3656616210938,646.477294921875
1790789498.246094,0,0,710.6315307617188,1049.4974365234375,809.330322265625,567.5181884765625
1790789498.2572775,0,0,710.6315307617188,1266.6348876953125,801.1054077148438,554.3583984375
1790789498.2688026,0,0,710.6315307617188,1266.6348876953125,801.1054077148438,554.3583984375
1790789498.2798688,0,0,710.6315307617188,1266.6348876953125,801.1054077148438,554.3583984375
1790789498.2905977,0,0,710.6315307617188,1266.6348876953125,801.1054077148438,554.3583984375
1790789498.3014596,0,0,710.6315307617188,1266.6348876953125,801.1054077148438,554.3583984375
1790789498.3125107,0,0,710.6315307617188,1266.6348876953125,801.1054077148438,554.3583984375
1790789498.323863,0,0,565.8732299804688,1325.8541259765625,759.9808959960938,478.68927001953125
1790789498.334861,0,0,565.8732299804688,1674.5899658203125,593.837890625,376.70050048828125
1790789498.3462582,0,0,460.594482421875,1603.8558349609375,524.7487182617188,324.0611267089844
1790789498.3574543,0,0,579.0330810546875,1644.9803466796875,412.89007568359375,389.8603515625
1790789498.3692124,0,0,763.2708740234375,1643.3353271484375,623.4475708007812,626.7374877929688
1790789498.380617,0,0,868.5496215820312,1643.3353271484375,755.0459594726562,626.7374877929688
1790789498.3918452,0,0,1000.1480712890625,1643.3353271484375,755.0459594726562,732.0162353515625
1790789498.403244,0,0,1013.307861328125,1643.3353271484375,781.3656616210938,653.0571899414062
1790789498.4142277,0,0,1098.846923828125,1643.3353271484375,794.5255126953125,784.6556396484375
1790789498.4251184,0,0,1098.846923828125,1643.3353271484375,794.5255126953125,784.6556396484375
1790789498.4361827,0,0,1098.846923828125,1643.3353271484375,794.5255126953125,784.6556396484375
1790789498.4467986,0,0,1098.846923828125,1643.3353271484375,794.5255126953125,784.6556396484375
1790789498.4581842,0,0,1098.846923828125,1643.3353271484375,794.5255126953125,784.6556396484375
1790789498.4696522,0,0,1098.846923828125,1643.3353271484375,794.5255126953125,784.6556396484375
1790789498.4807818,0,0,1079.1070556640625,1643.3353271484375,728.726318359375,679.3768920898438
1790789498.4915438,0,0,1085.68701171875,1643.3353271484375,676.0869140625,653.0571899414062
1790789498.5024886,0,0,1330.7890625,1653.2052001953125,799.46044921875,945.8637084960938
1790789498.5134647,0,0,962.3134765625,1653.2052001953125,562.583251953125,656.34716796875
1790789498.524509,0,0,356.9607238769531,1653.2052001953125,36.18956756591797,77.31407928466797
1790789498.5356536,0,0,41.124507904052734,1653.2052001953125,36.18956756591797,77.31407928466797
1790789498.547488,0,0,41.124507904052734,1653.2052001953125,36.18956756591797,77.31407928466797
1790789498.5588925,0,0,41.124507904052734,1653.2052001953125,36.18956756591797,77.31407928466797
1790789498.5697532,0,0,41.124507904052734,1653.2052001953125,36.18956756591797,77.31407928466797
1790789498.5809002,0,0,41.124507904052734,1653.2052001953125,36.18956756591797,77.31407928466797
1790789498.5931437,0,0,41.124507904052734,1653.2052001953125,36.18956756591797,77.31407928466797
1790789498.6042678,0,0,60.86427307128906,299.38641357421875,62.509254455566406,100.34380340576172
1790789498.6209297,0,0,60.86427307128906,299.38641357421875,62.509254455566406,100.34380340576172
1790789498.6375492,0,0,18.094783782958984,9.869881629943848,37.83454895019531,75.66909790039062
1790789498.64987,0,0,29.60964584350586,27.96466636657715,46.0594482421875,80.60403442382812
1790789498.66248,0,0,46.0594482421875,24.674705505371094,59.21929168701172,87.1839599609375
1790789498.6734476,0,0,42.76948928833008,29.60964584350586,60.86427307128906,87.1839599609375
1790789498.686429,0,0,47.704429626464844,27.96466636657715,62.509254455566406,88.82894134521484
1790789498.7005193,0,0,21.38474464416504,1.6449803113937378,59.21929168701172,85.53897857666016
1790789498.712224,0,0,21.38474464416504,1.6449803113937378,59.21929168701172,85.53897857666016
1790789498.7243772,0,0,21.38474464416504,1.6449803113937378,59.21929168701172,85.53897857666016
1790789498.736222,0,0,0.0,1.6449803113937378,59.21929168701172,85.53897857666016
1790789498.7480104,0,0,1529.8316650390625,1424.552978515625,1348.8839111328125,1437.7127685546875
1790789498.7605498,0,0,1546.281494140625,1368.6236572265625,1526.541748046875,1542.9915771484375
1790789498.7732913,0,0,1546.281494140625,1368.6236572265625,1526.541748046875,1542.9915771484375
1790789498.7853668,0,0,1546.281494140625,1368.6236572265625,1526.541748046875,1542.9915771484375
1790789498.7966273,0,0,1546.281494140625,1368.6236572265625,1526.541748046875,1542.9915771484375
1790789498.80848,0,0,1534.7666015625,1406.458251953125,1401.523193359375,1621.9505615234375
1790789498.821113,0,0,1529.8316650390625,1408.1031494140625,1283.084716796875,1516.671875
1790789498.8326044,0,0,1531.4766845703125,1329.1441650390625,1256.7650146484375,1477.1923828125
1790789498.8436286,0,0,1521.6068115234375,1250.18505859375,1151.4862060546875,1516.671875
1790789498.8546996,0,0,1485.417236328125,1329.1441650390625,1204.1256103515625,1477.1923828125
1790789498.8659043,0,0,1485.417236328125,1329.1441650390625,1204.1256103515625,1477.1923828125
1790789498.8770638,0,0,1485.417236328125,1329.1441650390625,1204.1256103515625,1477.1923828125
1790789498.8883488,0,0,1485.417236328125,1329.1441650390625,1204.1256103515625,1477.1923828125
1790789498.8999135,0,0,1485.417236328125,1329.1441650390625,1204.1256103515625,1477.1923828125
1790789498.91076,0,0,1485.417236328125,1329.1441650390625,1204.1256103515625,1477.1923828125
1790789498.9214537,0,0,1485.417236328125,1329.1441650390625,1204.1256103515625,1477.1923828125
1790789498.9326022,0,0,1352.173828125,1223.8653564453125,1019.8878173828125,1319.2742919921875
1790789498.9436178,0,0,1352.173828125,1223.8653564453125,1019.8878173828125,1319.2742919921875
1790789498.955187,0,0,1246.8951416015625,750.1110229492188,868.5496215820312,1108.716796875
1790789498.9667096,0,0,1246.8951416015625,750.1110229492188,868.5496215820312,1108.716796875
1790789498.977889,0,0,1246.8951416015625,750.1110229492188,868.5496215820312,1108.716796875
1790789498.988571,0,0,1246.8951416015625,750.1110229492188,868.5496215820312,1108.716796875
1790789498.9994059,0,0,1246.8951416015625,750.1110229492188,868.5496215820312,1108.716796875
1790789499.0107274,0,0,1141.6163330078125,789.590576171875,684.3118286132812,1003.43798828125
1790789499.0215938,0,0,1194.2557373046875,723.7913208007812,822.4901733398438,1029.7576904296875
1790789499.032472,0,0,1115.296630859375,842.2299194335938,783.0106201171875,1082.3970947265625
1790789499.043781,0,0,1115.296630859375,710.6315307617188,789.590576171875,1187.67578125
1790789499.0549195,0,0,1273.21484375,763.2708740234375,710.6315307617188,1371.91357421875
1790789499.0660527,0,0,1246.8951416015625,524.7487182617188,878.4194946289062,1311.04931640625
1790789499.0768209,0,0,1102.1368408203125,472.1093444824219,917.8990478515625,1153.1312255859375
1790789499.0876741,0,0,1266.6348876953125,445.7896728515625,957.3785400390625,1205.7706298828125
1790789499.0985923,0,0,1082.3970947265625,735.3062133789062,957.3785400390625,1100.4918212890625
1790789499.109794,0,0,1082.3970947265625,735.3062133789062,957.3785400390625,1100.4918212890625
1790789499.12128,0,0,1082.3970947265625,735.3062133789062,957.3785400390625,1100.4918212890625
1790789499.1323183,0,0,1082.3970947265625,735.3062133789062,957.3785400390625,1100.4918212890625
1790789499.143884,0,0,1082.3970947265625,735.3062133789062,957.3785400390625,1100.4918212890625
1790789499.1550107,0,0,1082.3970947265625,735.3062133789062,957.3785400390625,1100.4918212890625
1790789499.1662395,0,0,1220.575439453125,393.1502990722656,937.6387939453125,1179.450927734375
1790789499.1769922,0,0,1141.6163330078125,498.4290466308594,963.95849609375,1179.450927734375
1790789499.1881273,0,0,1088.9769287109375,603.707763671875,911.319091796875,1232.09033203125
1790789499.1992333,0,0,1036.337646484375,656.34716796875,911.319091796875,1258.409912109375
1790789499.2102153,0,0,1036.337646484375,498.4290466308594,924.4789428710938,1258.409912109375
1790789499.2217183,0,0,950.7986450195312,682.6668701171875,888.2893676757812,1238.670166015625
1790789499.2329946,0,0,950.7986450195312,682.6668701171875,888.2893676757812,1238.670166015625
1790789499.2441216,0,0,950.7986450195312,682.6668701171875,888.2893676757812,1238.670166015625
1790789499.2559419,0,0,950.7986450195312,682.6668701171875,888.2893676757812,1238.670166015625
1790789499.2671292,0,0,950.7986450195312,682.6668701171875,888.2893676757812,1238.670166015625
1790789499.2784238,0,0,950.7986450195312,682.6668701171875,888.2893676757812,1238.670166015625
1790789499.2895014,0,0,865.2596435546875,524.7487182617188,884.9994506835938,1159.711181640625
1790789499.3005295,0,0,883.3544311523438,606.9977416992188,898.1592407226562,1245.2501220703125
1790789499.312214,0,0,891.579345703125,514.8788452148438,924.4789428710938,1209.060546875
1790789499.3236706,0,0,891.579345703125,514.8788452148438,924.4789428710938,1209.060546875
1790789499.3348732,0,0,891.579345703125,514.8788452148438,924.4789428710938,1209.060546875
1790789499.3459532,0,0,891.579345703125,514.8788452148438,924.4789428710938,1209.060546875
1790789499.356834,0,0,891.579345703125,514.8788452148438,924.4789428710938,1209.060546875
1790789499.368462,0,0,891.579345703125,514.8788452148438,924.4789428710938,1209.060546875
1790789499.3793774,0,0,891.579345703125,514.8788452148438,924.4789428710938,1209.060546875
1790789499.390524,0,0,875.1295166015625,679.3768920898438,931.0588989257812,1123.5216064453125
1790789499.4015355,0,0,891.579345703125,628.3825073242188,878.4194946289062,1163.0010986328125
1790789499.4132528,0,0,653.0571899414062,641.5423583984375,996.8580932617188,1001.7930297851562
1790789499.4246252,0,0,653.0571899414062,641.5423583984375,996.8580932617188,1001.7930297851562
1790789499.435831,0,0,653.0571899414062,641.5423583984375,996.8580932617188,1001.7930297851562
1790789499.4468255,1,0,653.0571899414062,641.5423583984375,996.8580932617188,1001.7930297851562
1790789499.458308,1,0,653.0571899414062,641.5423583984375,996.8580932617188,1001.7930297851562
1790789499.4695504,1,0,653.0571899414062,641.5423583984375,996.8580932617188,1001.7930297851562
1790789499.4803748,1,0,653.0571899414062,641.5423583984375,996.8580932617188,1001.7930297851562
1790789499.4914029,1,0,671.1519775390625,636.607421875,960.6685180664062,978.7633056640625
1790789499.5028126,1,0,636.607421875,704.0515747070312,1049.4974365234375,1000.1480712890625
1790789499.5142121,1,0,700.7615966796875,644.832275390625,1005.0830078125,1013.307861328125
1790789499.5261474,1,0,736.951171875,666.217041015625,893.2243041992188,1001.7930297851562
1790789499.5373743,1,0,736.951171875,666.217041015625,893.2243041992188,1001.7930297851562
1790789499.5487328,1,0,736.951171875,666.217041015625,893.2243041992188,1001.7930297851562
1790789499.5601165,1,0,736.951171875,666.217041015625,893.2243041992188,1001.7930297851562
1790789499.5715342,1,0,736.951171875,666.217041015625,893.2243041992188,1001.7930297851562
1790789499.5827835,1,0,736.951171875,666.217041015625,893.2243041992188,1001.7930297851562
1790789499.59366,1,0,736.951171875,666.217041015625,893.2243041992188,1001.7930297851562
1790789499.60459,1,0,736.951171875,666.217041015625,893.2243041992188,1001.7930297851562
1790789499.616035,1,0,781.3656616210938,585.6129760742188,947.5086669921875,1010.0179443359375
1790789499.6268492,1,0,781.3656616210938,585.6129760742188,947.5086669921875,1010.0179443359375
1790789499.6379194,1,0,766.5608520507812,620.1575927734375,988.6331787109375,970.5383911132812
1790789499.6488883,1,0,766.5608520507812,620.1575927734375,988.6331787109375,970.5383911132812
1790789499.659668,1,0,738.59619140625,631.6724243164062,991.9231567382812,944.2186889648438
1790789499.670673,1,0,769.850830078125,623.4475708007812,968.8934326171875,945.8637084960938
1790789499.6821496,1,0,792.8805541992188,625.092529296875,967.2484130859375,924.4789428710938
1790789499.6930306,1,0,756.6909790039062,639.8973388671875,944.2186889648438,908.0291748046875
1790789499.704114,1,0,756.6909790039062,639.8973388671875,944.2186889648438,908.0291748046875
1790789499.7152343,1,0,756.6909790039062,639.8973388671875,944.2186889648438,908.0291748046875
1790789499.7264369,1,0,756.6909790039062,639.8973388671875,944.2186889648438,908.0291748046875
1790789499.7380743,1,0,756.6909790039062,639.8973388671875,944.2186889648438,908.0291748046875
1790789499.74887,1,0,756.6909790039062,639.8973388671875,944.2186889648438,908.0291748046875
1790789499.7596116,1,0,756.6909790039062,639.8973388671875,944.2186889648438,908.0291748046875
1790789499.7704399,1,0,756.6909790039062,639.8973388671875,944.2186889648438,908.0291748046875
1790789499.7812622,1,0,761.6259155273438,621.8025512695312,924.4789428710938,866.9046630859375
1790789499.792194,1,0,881.70947265625,809.330322265625,944.2186889648438,959.0235595703125
1790789499.8039963,1,0,868.5496215820312,806.0403442382812,911.319091796875,926.1239624023438
1790789499.814966,1,0,878.4194946289062,810.9752807617188,871.839599609375,883.3544311523438
1790789499.826141,1,0,886.6444091796875,835.6500244140625,868.5496215820312,861.9697265625
1790789499.8373692,1,0,886.6444091796875,835.6500244140625,868.5496215820312,861.9697265625
1790789499.84883,1,0,886.6444091796875,835.6500244140625,868.5496215820312,861.9697265625
1790789499.8599877,1,0,868.5496215820312,865.2596435546875,820.84521484375,870.194580078125
1790789499.8714736,1,0,873.4845581054688,886.6444091796875,806.0403442382812,860.32470703125
1790789499.8825023,1,0,845.5198974609375,894.8693237304688,797.8154907226562,840.5849609375
1790789499.8937066,1,0,860.32470703125,901.44921875,799.46044921875,832.3600463867188
1790789499.9048038,1,0,860.32470703125,901.44921875,799.46044921875,832.3600463867188
1790789499.9158633,1,0,860.32470703125,901.44921875,799.46044921875,832.3600463867188
1790789499.9271371,1,0,860.32470703125,901.44921875,799.46044921875,832.3600463867188
1790789499.9387503,1,0,860.32470703125,901.44921875,799.46044921875,832.3600463867188
1790789499.9499362,1,0,860.32470703125,901.44921875,799.46044921875,832.3600463867188
1790789499.9611318,1,0,824.1351318359375,899.8042602539062,796.1704711914062,835.6500244140625
1790789499.9722273,1,0,835.6500244140625,924.4789428710938,794.5255126953125,815.9102783203125
1790789499.9829934,1,0,842.2299194335938,929.4138793945312,801.1054077148438,825.7801513671875
1790789499.9942956,1,0,840.5849609375,924.4789428710938,796.1704711914062,829.070068359375
1790789500.0054264,1,0,842.2299194335938,934.3488159179688,794.5255126953125,812.6203002929688
1790789500.0165217,1,0,817.5552368164062,937.6387939453125,802.7504272460938,804.3953857421875
1790789500.027977,1,0,817.5552368164062,937.6387939453125,802.7504272460938,804.3953857421875
1790789500.0392005,1,0,817.5552368164062,937.6387939453125,802.7504272460938,804.3953857421875
1790789500.0500307,1,0,817.5552368164062,937.6387939453125,802.7504272460938,804.3953857421875
1790789500.0607903,1,0,817.5552368164062,937.6387939453125,802.7504272460938,804.3953857421875
1790789500.0719774,1,0,817.5552368164062,937.6387939453125,802.7504272460938,804.3953857421875
1790789500.0835495,1,0,817.5552368164062,937.6387939453125,802.7504272460938,804.3953857421875
1790789500.095188,1,0,837.2949829101562,945.8637084960938,804.3953857421875,820.84521484375
1790789500.1061513,1,0,825.7801513671875,957.3785400390625,806.0403442382812,806.0403442382812
1790789500.117127,1,0,815.9102783203125,952.443603515625,807.6853637695312,810.9752807617188
1790789500.128449,1,0,822.4901733398438,957.3785400390625,810.9752807617188,827.4251098632812
1790789500.1392138,1,0,834.0050048828125,957.3785400390625,814.2652587890625,832.3600463867188
1790789500.1504512,1,0,857.0347290039062,963.95849609375,810.9752807617188,825.7801513671875
1790789500.1617484,1,1,857.0347290039062,963.95849609375,810.9752807617188,825.7801513671875
1790789500.1730669,1,1,857.0347290039062,963.95849609375,810.9752807617188,825.7801513671875
1790789500.1836953,1,1,857.0347290039062,963.95849609375,810.9752807617188,825.7801513671875
1790789500.19448,1,1,857.0347290039062,963.95849609375,810.9752807617188,825.7801513671875
1790789500.2053053,1,1,857.0347290039062,963.95849609375,810.9752807617188,825.7801513671875
1790789500.2163956,1,1,857.0347290039062,963.95849609375,810.9752807617188,825.7801513671875
1790789500.2274675,1,1,847.1648559570312,959.0235595703125,820.84521484375,814.2652587890625
1790789500.2393882,1,1,868.5496215820312,934.3488159179688,837.2949829101562,876.7745361328125
1790789500.2508416,1,1,870.194580078125,927.7689208984375,847.1648559570312,901.44921875
1790789500.262241,1,1,881.70947265625,927.7689208984375,843.8749389648438,903.09423828125
1790789500.2735689,1,1,883.3544311523438,914.6090698242188,847.1648559570312,891.579345703125
1790789500.2845001,1,1,886.6444091796875,916.2540283203125,850.454833984375,903.09423828125
1790789500.29566,1,1,886.6444091796875,916.2540283203125,850.454833984375,903.09423828125
1790789500.3068674,1,1,886.6444091796875,916.2540283203125,850.454833984375,903.09423828125
1790789500.3182006,1,1,886.6444091796875,916.2540283203125,850.454833984375,903.09423828125
1790789500.3298337,1,1,886.6444091796875,916.2540283203125,850.454833984375,903.09423828125
1790789500.3409872,1,1,884.9994506835938,912.964111328125,848.8098754882812,908.0291748046875
1790789500.3520062,1,1,898.1592407226562,903.09423828125,855.3897705078125,921.18896484375
1790789500.3630679,1,1,894.8693237304688,899.8042602539062,855.3897705078125,924.4789428710938
1790789500.3745823,1,1,908.0291748046875,908.0291748046875,861.9697265625,924.4789428710938
1790789500.3855748,1,1,888.2893676757812,893.2243041992188,850.454833984375,908.0291748046875
1790789500.396807,1,1,904.7391967773438,889.9343872070312,857.0347290039062,934.3488159179688
1790789500.407909,1,1,904.7391967773438,889.9343872070312,857.0347290039062,934.3488159179688
1790789500.4190114,1,1,904.7391967773438,889.9343872070312,857.0347290039062,934.3488159179688
1790789500.429786,1,1,904.7391967773438,889.9343872070312,857.0347290039062,934.3488159179688
1790789500.440544,1,1,894.8693237304688,876.7745361328125,857.0347290039062,896.5142822265625
1790789500.451998,1,1,894.8693237304688,876.7745361328125,857.0347290039062,896.5142822265625
1790789500.4633927,1,1,894.8693237304688,876.7745361328125,857.0347290039062,896.5142822265625
1790789500.4748251,1,1,894.8693237304688,876.7745361328125,857.0347290039062,896.5142822265625
1790789500.4859195,1,1,894.8693237304688,876.7745361328125,857.0347290039062,896.5142822265625
1790789500.4970143,1,1,894.8693237304688,876.7745361328125,857.0347290039062,896.5142822265625
1790789500.5081086,1,1,896.5142822265625,880.064453125,866.9046630859375,899.8042602539062
1790789500.5191624,1,1,919.5440063476562,868.5496215820312,847.1648559570312,917.8990478515625
1790789500.5301554,1,1,901.44921875,878.4194946289062,870.194580078125,926.1239624023438
1790789500.5412667,1,1,901.44921875,878.4194946289062,870.194580078125,926.1239624023438
1790789500.5522025,1,1,901.44921875,870.194580078125,868.5496215820312,908.0291748046875
1790789500.5637052,1,1,786.3005981445312,855.3897705078125,891.579345703125,771.4957885742188
1790789500.574525,1,1,417.82501220703125,789.590576171875,592.1929321289062,350.38079833984375
1790789500.5859423,1,1,180.9478302001953,477.0443115234375,54.28435134887695,87.1839599609375
1790789500.5970383,1,1,251.68199157714844,157.91810607910156,42.76948928833008,156.27313232421875
1790789500.608205,1,1,269.7767639160156,1605.5008544921875,9.869881629943848,167.78799438476562
1790789500.6198888,1,0,269.7767639160156,1605.5008544921875,9.869881629943848,167.78799438476562
1790789500.6309984,1,0,269.7767639160156,1605.5008544921875,9.869881629943848,167.78799438476562
1790789500.6417089,1,0,269.7767639160156,1605.5008544921875,9.869881629943848,167.78799438476562
1790789500.6527982,1,0,269.7767639160156,1605.5008544921875,9.869881629943848,167.78799438476562
1790789500.6635385,1,0,269.7767639160156,1605.5008544921875,9.869881629943848,167.78799438476562
1790789500.6746192,1,0,278.0016784667969,1237.0252685546875,24.674705505371094,166.1430206298828
1790789500.6856382,1,0,278.0016784667969,710.6315307617188,27.96466636657715,166.1430206298828
1790789500.6968288,1,0,278.0016784667969,1289.66455078125,26.319684982299805,166.1430206298828
1790789500.70772,1,0,278.0016784667969,1289.66455078125,26.319684982299805,166.1430206298828
1790789500.7193785,1,0,278.0016784667969,1289.66455078125,26.319684982299805,166.1430206298828
1790789500.7310402,1,0,278.0016784667969,1289.66455078125,26.319684982299805,166.1430206298828
1790789500.742102,1,0,278.0016784667969,1289.66455078125,26.319684982299805,166.1430206298828
1790789500.7530797,1,0,278.0016784667969,1289.66455078125,26.319684982299805,166.1430206298828
1790789500.7643151,1,0,278.0016784667969,1289.66455078125,26.319684982299805,166.1430206298828
1790789500.7766159,1,0,278.0016784667969,105.27873992919922,27.96466636657715,166.1430206298828
1790789500.7879448,1,0,278.0016784667969,579.0330810546875,27.96466636657715,166.1430206298828
1790789500.7988813,1,0,278.0016784667969,736.951171875,27.96466636657715,166.1430206298828
1790789500.8100915,1,0,278.0016784667969,1105.4267578125,27.96466636657715,166.1430206298828
1790789500.821325,1,0,278.0016784667969,315.8362121582031,27.96466636657715,166.1430206298828
1790789500.8324044,1,0,36.18956756591797,1570.9561767578125,27.96466636657715,27.96466636657715
1790789500.8434181,1,0,36.18956756591797,834.0050048828125,0.0,0.0
1790789500.854155,1,0,36.18956756591797,834.0050048828125,0.0,0.0
1790789500.865195,1,0,36.18956756591797,834.0050048828125,0.0,0.0
1790789500.875793,1,0,36.18956756591797,834.0050048828125,0.0,0.0
1790789500.8868327,1,0,36.18956756591797,834.0050048828125,0.0,0.0
1790789500.9056118,1,0,36.18956756591797,834.0050048828125,0.0,0.0
1790789500.91902,1,0,36.18956756591797,834.0050048828125,0.0,0.0
1790789500.9303226,1,0,36.18956756591797,834.0050048828125,0.0,0.0
1790789500.9423268,1,0,1306.1143798828125,248.39202880859375,1455.8076171875,1506.802001953125
1790789500.9538417,1,0,1294.5994873046875,281.2916259765625,1434.4228515625,1493.6422119140625
1790789500.9656053,1,0,1294.5994873046875,281.2916259765625,1434.4228515625,1493.6422119140625
1790789500.9775414,1,0,1294.5994873046875,281.2916259765625,1434.4228515625,1493.6422119140625
1790789500.9888296,1,0,1294.5994873046875,281.2916259765625,1434.4228515625,1493.6422119140625
1790789501.00065,1,0,1311.04931640625,261.5518798828125,1434.4228515625,1467.322509765625
1790789501.0119777,1,0,1319.2742919921875,274.71173095703125,1431.1329345703125,1455.8076171875
1790789501.0235548,1,0,1314.3392333984375,266.48681640625,1432.77783203125,1462.3875732421875
1790789501.0348768,1,0,1312.6943359375,278.0016784667969,1431.1329345703125,1462.3875732421875
1790789501.045759,1,0,1314.3392333984375,276.356689453125,1431.1329345703125,1460.7425537109375
1790789501.056431,1,0,1312.6943359375,274.71173095703125,1431.1329345703125,1462.3875732421875
1790789501.0674896,1,0,1312.6943359375,274.71173095703125,1431.1329345703125,1462.3875732421875
1790789501.078592,1,0,1312.6943359375,274.71173095703125,1431.1329345703125,1462.3875732421875
1790789501.0896027,1,0,1312.6943359375,274.71173095703125,1431.1329345703125,1462.3875732421875
1790789501.1011987,1,0,1312.6943359375,274.71173095703125,1431.1329345703125,1462.3875732421875
1790789501.1126351,1,0,1314.3392333984375,274.71173095703125,1431.1329345703125,1460.7425537109375
1790789501.1246822,1,0,1314.3392333984375,276.356689453125,1431.1329345703125,1460.7425537109375
1790789501.1360424,1,0,993.568115234375,498.4290466308594,1113.6517333984375,1347.2388916015625
1790789501.1477485,1,0,177.6578826904297,279.64666748046875,174.367919921875,544.4884643554688
1790789501.1589985,1,0,177.6578826904297,279.64666748046875,174.367919921875,544.4884643554688
1790789501.1703818,1,0,177.6578826904297,279.64666748046875,174.367919921875,544.4884643554688
1790789501.181579,1,0,177.6578826904297,279.64666748046875,174.367919921875,544.4884643554688
1790789501.1931212,1,0,177.6578826904297,279.64666748046875,174.367919921875,544.4884643554688
1790789501.2047155,1,0,177.6578826904297,279.64666748046875,174.367919921875,544.4884643554688
1790789501.2156963,1,0,0.0,286.2265930175781,0.0,0.0
1790789501.2268653,1,0,32.89960861206055,263.1968688964844,49.34941101074219,39.47952651977539
1790789501.2380373,1,0,19.739763259887695,278.0016784667969,31.254627227783203,13.159842491149902
1790789501.2491028,1,0,13.159842491149902,278.0016784667969,31.254627227783203,0.0
1790789501.2600226,1,0,21.38474464416504,708.9865112304688,376.70050048828125,14.80482292175293
1790789501.2715542,1,0,21.38474464416504,1235.3802490234375,666.217041015625,13.159842491149902
1790789501.2835183,1,0,21.38474464416504,1024.82275390625,245.10206604003906,14.80482292175293
1790789501.2951367,1,0,21.38474464416504,1024.82275390625,271.4217529296875,14.80482292175293
1790789501.306876,1,0,21.38474464416504,1024.82275390625,271.4217529296875,14.80482292175293
1790789501.3183877,1,0,21.38474464416504,1024.82275390625,271.4217529296875,14.80482292175293
1790789501.3299394,1,0,21.38474464416504,1024.82275390625,271.4217529296875,14.80482292175293
1790789501.34115,1,0,21.38474464416504,1024.82275390625,271.4217529296875,14.80482292175293
1790789501.3530147,1,0,21.38474464416504,1024.82275390625,271.4217529296875,14.80482292175293
1790789501.3639705,1,0,21.38474464416504,1551.2164306640625,297.741455078125,14.80482292175293
1790789501.3754208,1,0,929.4138793945312,208.91250610351562,850.454833984375,866.9046630859375
1790789501.386685,1,0,1633.4654541015625,235.23219299316406,1455.8076171875,1628.530517578125
1790789501.3986306,1,0,1641.6904296875,78.95905303955078,1656.4952392578125,1644.9803466796875
1790789501.4101264,1,0,1671.300048828125,157.91810607910156,1638.400390625,1671.300048828125
1790789501.4215207,1,0,1654.8502197265625,394.7952880859375,1646.6253662109375,1654.8502197265625
1790789501.4326935,1,0,1654.8502197265625,394.7952880859375,1646.6253662109375,1654.8502197265625
1790789501.4434767,1,0,1654.8502197265625,394.7952880859375,1646.6253662109375,1654.8502197265625
1790789501.4544632,1,0,1654.8502197265625,394.7952880859375,1646.6253662109375,1654.8502197265625
1790789501.4654183,1,0,1654.8502197265625,394.7952880859375,1646.6253662109375,1654.8502197265625
1790789501.4768827,1,0,1654.8502197265625,394.7952880859375,1646.6253662109375,1654.8502197265625
1790789501.488617,1,0,1654.8502197265625,161.20806884765625,1643.3353271484375,1654.8502197265625
1790789501.499419,1,0,1653.2052001953125,338.8659362792969,1644.9803466796875,1653.2052001953125
1790789501.5104926,1,0,1653.2052001953125,296.0964660644531,1643.3353271484375,1653.2052001953125
1790789501.5214682,1,0,1653.2052001953125,296.0964660644531,1643.3353271484375,1653.2052001953125
1790789501.5322917,1,0,1653.2052001953125,296.0964660644531,1643.3353271484375,1653.2052001953125
1790789501.5435343,1,0,1653.2052001953125,296.0964660644531,1643.3353271484375,1653.2052001953125
1790789501.554406,1,0,1653.2052001953125,296.0964660644531,1643.3353271484375,1653.2052001953125
1790789501.5654025,1,0,1653.2052001953125,296.0964660644531,1643.3353271484375,1653.2052001953125
1790789501.5771751,1,0,1653.2052001953125,440.854736328125,1643.3353271484375,1653.2052001953125
1790789501.5885243,1,0,1653.2052001953125,493.4941101074219,1643.3353271484375,1653.2052001953125
1790789501.5995023,1,0,1654.8502197265625,667.8619995117188,1225.5103759765625,1653.2052001953125
1790789501.6111174,1,0,1654.8502197265625,694.1817016601562,1182.7408447265625,1653.2052001953125
1790789501.6227112,0,0,1653.2052001953125,743.5311279296875,1072.5272216796875,1653.2052001953125
1790789501.6339,0,0,1618.66064453125,799.46044921875,995.213134765625,1567.666259765625
1790789501.6453016,0,0,1598.9208984375,806.0403442382812,960.6685180664062,1482.1273193359375
1790789501.6565979,0,0,1544.6365966796875,840.5849609375,945.8637084960938,1477.1923828125
1790789501.6676812,0,0,1544.6365966796875,840.5849609375,945.8637084960938,1477.1923828125
1790789501.6790965,0,0,1544.6365966796875,840.5849609375,945.8637084960938,1477.1923828125
1790789501.6908524,0,0,1544.6365966796875,840.5849609375,945.8637084960938,1477.1923828125
1790789501.7020495,0,0,1544.6365966796875,840.5849609375,945.8637084960938,1477.1923828125
1790789501.7131488,0,0,1544.6365966796875,840.5849609375,945.8637084960938,1477.1923828125
1790789501.7244947,0,0,1424.552978515625,838.9400024414062,921.18896484375,1371.91357421875
1790789501.7362614,0,0,1385.073486328125,820.84521484375,914.6090698242188,1334.0791015625
1790789501.7478502,0,0,1385.073486328125,820.84521484375,914.6090698242188,1334.0791015625
1790789501.7594626,0,0,1258.409912109375,852.0997924804688,893.2243041992188,1274.8597412109375
1790789501.7707412,0,0,1135.036376953125,926.1239624023438,888.2893676757812,1052.7874755859375
1790789501.7837746,0,0,1062.6573486328125,899.8042602539062,896.5142822265625,1034.692626953125
1790789501.7953267,0,0,1062.6573486328125,899.8042602539062,896.5142822265625,1034.692626953125
1790789501.8063867,0,0,1062.6573486328125,899.8042602539062,896.5142822265625,1034.692626953125
1790789501.817579,0,0,1062.6573486328125,899.8042602539062,896.5142822265625,1034.692626953125
1790789501.8283787,0,0,1088.9769287109375,883.3544311523438,871.839599609375,1021.5327758789062
1790789501.839678,0,0,1154.7762451171875,866.9046630859375,852.0997924804688,1130.1014404296875
1790789501.8507059,0,0,1204.1256103515625,906.3841552734375,820.84521484375,1167.93603515625
1790789501.8613188,0,0,1215.6405029296875,906.3841552734375,799.46044921875,1176.160888671875
1790789501.8724997,0,0,1190.9658203125,866.9046630859375,819.2001953125,1181.0958251953125
1790789501.8840942,0,0,1190.9658203125,866.9046630859375,819.2001953125,1181.0958251953125
1790789501.8955858,0,0,1190.9658203125,866.9046630859375,819.2001953125,1181.0958251953125
1790789501.9065664,0,0,1190.9658203125,866.9046630859375,819.2001953125,1181.0958251953125
1790789501.9174204,0,0,1190.9658203125,866.9046630859375,819.2001953125,1181.0958251953125
1790789501.9286404,0,0,1190.9658203125,866.9046630859375,819.2001953125,1181.0958251953125
1790789501.9403083,0,0,1116.941650390625,949.1536865234375,799.46044921875,1133.3914794921875
1790789501.9517784,0,0,1128.45654296875,889.9343872070312,817.5552368164062,1153.1312255859375
1790789501.9626787,0,0,1163.0010986328125,773.1407470703125,835.6500244140625,1128.45654296875
1790789501.97399,0,0,1077.462158203125,832.3600463867188,817.5552368164062,1108.716796875
1790789501.9851446,0,0,1093.9119873046875,835.6500244140625,804.3953857421875,1105.4267578125
1790789501.9964623,0,0,1093.9119873046875,835.6500244140625,804.3953857421875,1105.4267578125
1790789502.0075154,0,0,1093.9119873046875,835.6500244140625,804.3953857421875,1105.4267578125
1790789502.0185082,0,0,1093.9119873046875,835.6500244140625,804.3953857421875,1105.4267578125
1790789502.0294745,0,0,1093.9119873046875,835.6500244140625,804.3953857421875,1105.4267578125
1790789502.0406172,0,0,1093.9119873046875,835.6500244140625,804.3953857421875,1105.4267578125
1790789502.051726,0,0,1074.172119140625,809.330322265625,825.7801513671875,1084.0419921875
1790789502.062811,0,0,1080.7520751953125,809.330322265625,830.715087890625,1077.462158203125
1790789502.0744002,0,0,1059.3673095703125,825.7801513671875,829.070068359375,1061.0123291015625
1790789502.0853786,0,0,1041.2725830078125,817.5552368164062,809.330322265625,1047.8525390625
1790789502.0963106,0,0,1041.2725830078125,817.5552368164062,809.330322265625,1047.8525390625
1790789502.1074753,0,0,1041.2725830078125,817.5552368164062,809.330322265625,1047.8525390625
1790789502.11829,0,0,1041.2725830078125,817.5552368164062,809.330322265625,1047.8525390625
1790789502.1293173,0,0,1041.2725830078125,817.5552368164062,809.330322265625,1047.8525390625
1790789502.1408055,0,0,1041.2725830078125,817.5552368164062,809.330322265625,1047.8525390625
1790789502.1523542,0,0,1044.5625,825.7801513671875,819.2001953125,1059.3673095703125
1790789502.1632943,0,0,1031.4027099609375,809.330322265625,842.2299194335938,1054.432373046875
1790789502.1746163,0,0,1001.7930297851562,845.5198974609375,817.5552368164062,1062.6573486328125
1790789502.1858222,0,0,980.4082641601562,820.84521484375,843.8749389648438,1005.0830078125
1790789502.1969974,0,0,982.0532836914062,812.6203002929688,838.9400024414062,1003.43798828125
1790789502.2076898,0,0,996.8580932617188,842.2299194335938,847.1648559570312,1021.5327758789062
1790789502.219296,0,0,996.8580932617188,842.2299194335938,847.1648559570312,1021.5327758789062
1790789502.2303443,0,0,996.8580932617188,842.2299194335938,847.1648559570312,1021.5327758789062
1790789502.2418752,0,0,996.8580932617188,842.2299194335938,847.1648559570312,1021.5327758789062
1790789502.2528582,0,0,996.8580932617188,842.2299194335938,847.1648559570312,1021.5327758789062
1790789502.2642086,0,0,996.8580932617188,842.2299194335938,847.1648559570312,1021.5327758789062
1790789502.2754781,0,0,996.8580932617188,842.2299194335938,847.1648559570312,1021.5327758789062
1790789502.2870126,0,0,1006.7279663085938,827.4251098632812,840.5849609375,1010.0179443359375
1790789502.2980037,0,0,990.2781372070312,837.2949829101562,830.715087890625,955.7335815429688
1790789502.3090076,0,0,990.2781372070312,837.2949829101562,830.715087890625,955.7335815429688
1790789502.3196979,0,0,990.2781372070312,837.2949829101562,830.715087890625,955.7335815429688
1790789502.330584,0,0,990.2781372070312,837.2949829101562,830.715087890625,955.7335815429688
1790789502.3416872,0,0,990.2781372070312,837.2949829101562,830.715087890625,955.7335815429688
1790789502.352936,0,0,990.2781372070312,837.2949829101562,830.715087890625,955.7335815429688
1790789502.3639617,0,0,990.2781372070312,837.2949829101562,830.715087890625,955.7335815429688
1790789502.375137,0,0,972.1834106445312,806.0403442382812,843.8749389648438,1000.1480712890625
1790789502.3863423,0,0,965.6034545898438,835.6500244140625,834.0050048828125,977.1183471679688
1790789502.3974779,0,0,965.6034545898438,819.2001953125,837.2949829101562,975.4733276367188
1790789502.4085414,0,0,959.0235595703125,825.7801513671875,824.1351318359375,960.6685180664062
1790789502.4196403,0,0,962.3134765625,822.4901733398438,842.2299194335938,957.3785400390625
1790789502.4309971,0,0,962.3134765625,822.4901733398438,842.2299194335938,957.3785400390625
1790789502.4423409,0,0,962.3134765625,822.4901733398438,842.2299194335938,957.3785400390625
1790789502.4535606,0,0,962.3134765625,822.4901733398438,842.2299194335938,957.3785400390625
1790789502.4651198,0,0,962.3134765625,822.4901733398438,842.2299194335938,957.3785400390625
1790789502.4760888,0,0,935.9938354492188,829.070068359375,850.454833984375,985.3432006835938
1790789502.4871302,0,0,977.1183471679688,806.0403442382812,858.6797485351562,965.6034545898438
1790789502.4984586,0,0,949.1536865234375,819.2001953125,838.9400024414062,968.8934326171875
1790789502.5094275,0,0,960.6685180664062,807.6853637695312,840.5849609375,972.1834106445312
1790789502.5206387,0,0,968.8934326171875,797.8154907226562,848.8098754882812,982.0532836914062
1790789502.532181,0,1,968.8934326171875,797.8154907226562,848.8098754882812,982.0532836914062
1790789502.5434566,0,1,968.8934326171875,797.8154907226562,848.8098754882812,982.0532836914062
1790789502.5548759,0,1,968.8934326171875,797.8154907226562,848.8098754882812,982.0532836914062
1790789502.5658612,0,1,968.8934326171875,797.8154907226562,848.8098754882812,982.0532836914062
1790789502.577309,0,1,968.8934326171875,797.8154907226562,848.8098754882812,982.0532836914062
1790789502.588766,0,1,945.8637084960938,863.6146850585938,825.7801513671875,950.7986450195312
1790789502.599433,0,1,931.0588989257812,827.4251098632812,855.3897705078125,991.9231567382812
1790789502.6103084,0,1,935.9938354492188,838.9400024414062,848.8098754882812,955.7335815429688
1790789502.6216815,0,1,916.2540283203125,832.3600463867188,850.454833984375,995.213134765625
1790789502.632928,0,1,873.4845581054688,865.2596435546875,868.5496215820312,967.2484130859375
1790789502.6439881,0,1,876.7745361328125,886.6444091796875,866.9046630859375,952.443603515625
1790789502.6553855,0,1,876.7745361328125,886.6444091796875,866.9046630859375,952.443603515625
1790789502.666417,0,1,876.7745361328125,886.6444091796875,866.9046630859375,952.443603515625
1790789502.6777892,0,1,876.7745361328125,886.6444091796875,866.9046630859375,952.443603515625
1790789502.68873,0,1,876.7745361328125,886.6444091796875,866.9046630859375,952.443603515625
1790789502.7001636,0,1,888.2893676757812,865.2596435546875,888.2893676757812,922.833984375
1790789502.7111804,0,1,863.6146850585938,830.715087890625,886.6444091796875,995.213134765625
1790789502.7225962,0,1,855.3897705078125,850.454833984375,848.8098754882812,939.2837524414062
1790789502.7335684,0,1,896.5142822265625,814.2652587890625,883.3544311523438,939.2837524414062
1790789502.7447934,0,1,860.32470703125,898.1592407226562,865.2596435546875,866.9046630859375
1790789502.7562778,0,1,806.0403442382812,865.2596435546875,870.194580078125,845.5198974609375
1790789502.7674205,0,1,825.7801513671875,891.579345703125,852.0997924804688,837.2949829101562
1790789502.7784743,0,1,861.9697265625,878.4194946289062,847.1648559570312,857.0347290039062
1790789502.789717,0,1,873.4845581054688,857.0347290039062,840.5849609375,873.4845581054688
1790789502.8009663,0,1,939.2837524414062,865.2596435546875,838.9400024414062,939.2837524414062
1790789502.8123524,0,1,939.2837524414062,865.2596435546875,838.9400024414062,939.2837524414062
1790789502.8230658,0,1,939.2837524414062,865.2596435546875,838.9400024414062,939.2837524414062
1790789502.834143,0,1,939.2837524414062,865.2596435546875,838.9400024414062,939.2837524414062
1790789502.8450925,0,1,939.2837524414062,865.2596435546875,838.9400024414062,939.2837524414062
1790789502.8559823,0,1,949.1536865234375,866.9046630859375,804.3953857421875,939.2837524414062
1790789502.8670115,0,1,967.2484130859375,817.5552368164062,835.6500244140625,983.6982421875
1790789502.878378,0,1,995.213134765625,819.2001953125,847.1648559570312,970.5383911132812
1790789502.889525,0,1,986.9882202148438,848.8098754882812,837.2949829101562,975.4733276367188
1790789502.9008653,0,1,982.0532836914062,870.194580078125,835.6500244140625,954.088623046875
1790789502.91158,0,1,1023.1777954101562,848.8098754882812,835.6500244140625,962.3134765625
1790789502.9226513,0,1,1023.1777954101562,848.8098754882812,835.6500244140625,962.3134765625
1790789502.9339457,0,1,1023.1777954101562,848.8098754882812,835.6500244140625,962.3134765625
1790789502.9452128,0,1,1023.1777954101562,848.8098754882812,835.6500244140625,962.3134765625
1790789502.958808,0,1,1023.1777954101562,848.8098754882812,835.6500244140625,962.3134765625
1790789502.9769087,0,1,1023.1777954101562,848.8098754882812,835.6500244140625,962.3134765625
1790789502.988387,0,1,993.568115234375,850.454833984375,840.5849609375,985.3432006835938
1790789503.000614,0,1,990.2781372070312,866.9046630859375,845.5198974609375,973.828369140625
1790789503.012438,0,1,1003.43798828125,861.9697265625,857.0347290039062,1010.0179443359375
1790789503.0234752,0,1,995.213134765625,855.3897705078125,855.3897705078125,995.213134765625
1790789503.035435,0,1,977.1183471679688,832.3600463867188,861.9697265625,988.6331787109375
1790789503.046291,0,1,977.1183471679688,832.3600463867188,861.9697265625,988.6331787109375
1790789503.0577323,0,1,977.1183471679688,832.3600463867188,861.9697265625,988.6331787109375
1790789503.06964,0,1,977.1183471679688,832.3600463867188,861.9697265625,988.6331787109375
1790789503.0842686,0,1,977.1183471679688,832.3600463867188,861.9697265625,988.6331787109375
1790789503.0976193,0,1,985.3432006835938,822.4901733398438,861.9697265625,988.6331787109375
1790789503.109224,0,1,965.6034545898438,840.5849609375,852.0997924804688,982.0532836914062
1790789503.1201913,0,1,963.95849609375,809.330322265625,858.6797485351562,950.7986450195312
1790789503.1311433,0,1,957.3785400390625,845.5198974609375,848.8098754882812,937.6387939453125
1790789503.1428943,0,1,957.3785400390625,845.5198974609375,848.8098754882812,937.6387939453125
1790789503.1547115,0,1,957.3785400390625,845.5198974609375,848.8098754882812,937.6387939453125
1790789503.1663542,0,1,957.3785400390625,845.5198974609375,848.8098754882812,937.6387939453125
1790789503.1777833,0,1,957.3785400390625,845.5198974609375,843.8749389648438,919.5440063476562
1790789503.1887383,0,1,960.6685180664062,843.8749389648438,852.0997924804688,949.1536865234375
1790789503.1998773,0,1,963.95849609375,837.2949829101562,863.6146850585938,972.1834106445312
1790789503.2111702,0,1,950.7986450195312,848.8098754882812,858.6797485351562,945.8637084960938
1790789503.2231817,0,1,932.703857421875,801.1054077148438,847.1648559570312,940.9287719726562
1790789503.2341723,0,1,940.9287719726562,796.1704711914062,848.8098754882812,955.7335815429688
1790789503.2453313,0,1,940.9287719726562,796.1704711914062,848.8098754882812,955.7335815429688
1790789503.2569299,0,1,940.9287719726562,796.1704711914062,848.8098754882812,955.7335815429688
1790789503.2684717,0,1,940.9287719726562,796.1704711914062,848.8098754882812,955.7335815429688
1790789503.2803965,0,1,940.9287719726562,796.1704711914062,848.8098754882812,955.7335815429688
1790789503.291982,0,1,940.9287719726562,796.1704711914062,848.8098754882812,955.7335815429688
1790789503.3034065,0,1,940.9287719726562,804.3953857421875,847.1648559570312,929.4138793945312
1790789503.3144114,0,1,931.0588989257812,786.3005981445312,853.7448120117188,934.3488159179688
1790789503.3254828,0,1,921.18896484375,806.0403442382812,853.7448120117188,919.5440063476562
1790789503.3369384,0,1,921.18896484375,819.2001953125,853.7448120117188,927.7689208984375
1790789503.3484097,0,1,921.18896484375,819.2001953125,853.7448120117188,927.7689208984375
1790789503.359195,0,1,921.18896484375,819.2001953125,853.7448120117188,927.7689208984375
1790789503.3702781,0,1,921.18896484375,819.2001953125,853.7448120117188,927.7689208984375
1790789503.3811858,0,1,921.18896484375,819.2001953125,853.7448120117188,927.7689208984375
1790789503.392432,0,1,921.18896484375,819.2001953125,853.7448120117188,927.7689208984375
1790789503.4038436,0,1,940.9287719726562,822.4901733398438,855.3897705078125,940.9287719726562
1790789503.4155116,0,1,939.2837524414062,819.2001953125,857.0347290039062,909.6741333007812
1790789503.4265053,0,1,932.703857421875,829.070068359375,853.7448120117188,904.7391967773438
1790789503.4382398,0,1,957.3785400390625,774.7857666015625,875.1295166015625,947.5086669921875
1790789503.4491165,0,1,916.2540283203125,840.5849609375,861.9697265625,889.9343872070312
1790789503.4604585,0,1,916.2540283203125,810.9752807617188,876.7745361328125,909.6741333007812
1790789503.4716516,0,1,931.0588989257812,827.4251098632812,860.32470703125,911.319091796875
1790789503.4824173,0,1,886.6444091796875,860.32470703125,853.7448120117188,876.7745361328125
1790789503.4933763,0,1,886.6444091796875,860.32470703125,853.7448120117188,876.7745361328125
1790789503.5045927,0,1,886.6444091796875,860.32470703125,853.7448120117188,876.7745361328125
1790789503.5164788,0,1,886.6444091796875,860.32470703125,853.7448120117188,876.7745361328125
1790789503.5273237,0,1,886.6444091796875,860.32470703125,853.7448120117188,876.7745361328125
1790789503.538651,0,1,886.6444091796875,860.32470703125,853.7448120117188,876.7745361328125
1790789503.5500977,0,1,926.1239624023438,786.3005981445312,873.4845581054688,911.319091796875
1790789503.5615988,0,1,929.4138793945312,804.3953857421875,861.9697265625,901.44921875
1790789503.5730555,0,1,884.9994506835938,830.715087890625,863.6146850585938,904.7391967773438
1790789503.5843146,0,1,909.6741333007812,834.0050048828125,860.32470703125,884.9994506835938
1790789503.5958164,0,1,922.833984375,822.4901733398438,858.6797485351562,901.44921875
1790789503.6074693,1,1,880.064453125,787.945556640625,868.5496215820312,909.6741333007812
1790789503.6192663,1,1,904.7391967773438,796.1704711914062,870.194580078125,911.319091796875
1790789503.6303804,1,1,904.7391967773438,796.1704711914062,870.194580078125,911.319091796875
1790789503.6411388,1,1,904.7391967773438,796.1704711914062,870.194580078125,911.319091796875
1790789503.6517746,1,1,904.7391967773438,796.1704711914062,870.194580078125,911.319091796875
1790789503.6629474,1,1,904.7391967773438,796.1704711914062,870.194580078125,911.319091796875
1790789503.6742582,1,1,904.7391967773438,796.1704711914062,870.194580078125,911.319091796875
1790789503.6854002,1,1,893.2243041992188,838.9400024414062,848.8098754882812,888.2893676757812
1790789503.697374,1,1,894.8693237304688,787.945556640625,871.839599609375,904.7391967773438
1790789503.7083223,1,1,906.3841552734375,789.590576171875,860.32470703125,908.0291748046875
1790789503.7193272,1,1,886.6444091796875,830.715087890625,848.8098754882812,894.8693237304688
1790789503.730121,1,1,886.6444091796875,830.715087890625,848.8098754882812,894.8693237304688
1790789503.7410603,1,1,886.6444091796875,830.715087890625,848.8098754882812,894.8693237304688
1790789503.7519293,1,1,886.6444091796875,830.715087890625,848.8098754882812,894.8693237304688
1790789503.7631717,1,1,886.6444091796875,830.715087890625,848.8098754882812,894.8693237304688
1790789503.7756333,1,1,875.1295166015625,838.9400024414062,861.9697265625,889.9343872070312
1790789503.7873366,1,1,893.2243041992188,809.330322265625,858.6797485351562,894.8693237304688
1790789503.7980013,1,1,906.3841552734375,773.1407470703125,871.839599609375,914.6090698242188
1790789503.8088872,1,1,898.1592407226562,789.590576171875,868.5496215820312,916.2540283203125
1790789503.8198533,1,1,878.4194946289062,835.6500244140625,852.0997924804688,880.064453125
1790789503.8306332,1,1,894.8693237304688,819.2001953125,863.6146850585938,908.0291748046875
1790789503.8422422,1,1,894.8693237304688,819.2001953125,863.6146850585938,908.0291748046875
1790789503.8534548,1,1,894.8693237304688,819.2001953125,863.6146850585938,908.0291748046875
1790789503.8643236,1,1,894.8693237304688,819.2001953125,863.6146850585938,908.0291748046875
1790789503.8751926,1,1,894.8693237304688,819.2001953125,863.6146850585938,908.0291748046875
1790789503.8863482,1,1,894.8693237304688,819.2001953125,863.6146850585938,908.0291748046875
1790789503.8972526,1,1,894.8693237304688,819.2001953125,863.6146850585938,908.0291748046875
1790789503.9084814,1,1,894.8693237304688,819.2001953125,863.6146850585938,908.0291748046875
1790789503.9193628,1,1,914.6090698242188,776.4307250976562,876.7745361328125,912.964111328125
1790789503.930225,1,1,904.7391967773438,802.7504272460938,865.2596435546875,911.319091796875
1790789503.9415238,1,1,904.7391967773438,802.7504272460938,865.2596435546875,911.319091796875
1790789503.952166,1,1,904.7391967773438,802.7504272460938,865.2596435546875,911.319091796875
1790789503.9630334,1,1,904.7391967773438,802.7504272460938,865.2596435546875,911.319091796875
1790789503.973878,1,1,904.7391967773438,802.7504272460938,865.2596435546875,911.319091796875
1790789503.9847913,1,1,917.8990478515625,806.0403442382812,868.5496215820312,909.6741333007812
1790789503.9958053,1,1,903.09423828125,827.4251098632812,863.6146850585938,898.1592407226562
1790789504.0069742,1,1,908.0291748046875,802.7504272460938,870.194580078125,927.7689208984375
1790789504.018294,1,1,896.5142822265625,863.6146850585938,848.8098754882812,891.579345703125
1790789504.0293617,1,1,898.1592407226562,804.3953857421875,866.9046630859375,912.964111328125
1790789504.0402966,1,1,931.0588989257812,758.3359375,888.2893676757812,944.2186889648438
1790789504.0517519,1,1,903.09423828125,825.7801513671875,865.2596435546875,912.964111328125
1790789504.063202,1,1,896.5142822265625,847.1648559570312,861.9697265625,916.2540283203125
1790789504.074005,1,1,901.44921875,855.3897705078125,857.0347290039062,908.0291748046875
1790789504.0847073,1,1,901.44921875,855.3897705078125,857.0347290039062,908.0291748046875
1790789504.0956879,1,1,901.44921875,855.3897705078125,857.0347290039062,908.0291748046875
1790789504.106856,1,1,901.44921875,855.3897705078125,857.0347290039062,908.0291748046875
1790789504.1179593,1,1,901.44921875,855.3897705078125,857.0347290039062,908.0291748046875
1790789504.1291354,1,1,901.44921875,855.3897705078125,857.0347290039062,908.0291748046875
1790789504.1403062,1,1,901.44921875,855.3897705078125,857.0347290039062,908.0291748046875
1790789504.1515174,1,1,901.44921875,855.3897705078125,857.0347290039062,908.0291748046875
1790789504.162729,1,1,904.7391967773438,820.84521484375,866.9046630859375,927.7689208984375
1790789504.1746657,1,1,921.18896484375,789.590576171875,881.70947265625,926.1239624023438
1790789504.1855755,1,1,888.2893676757812,835.6500244140625,860.32470703125,899.8042602539062
1790789504.1968772,1,1,878.4194946289062,850.454833984375,857.0347290039062,903.09423828125
1790789504.2077553,1,1,878.4194946289062,850.454833984375,857.0347290039062,903.09423828125
1790789504.2184405,1,1,878.4194946289062,850.454833984375,857.0347290039062,903.09423828125
1790789504.2296226,1,1,878.4194946289062,850.454833984375,857.0347290039062,903.09423828125
1790789504.2404943,1,1,878.4194946289062,850.454833984375,857.0347290039062,903.09423828125
1790789504.251799,1,1,878.4194946289062,850.454833984375,857.0347290039062,903.09423828125
1790789504.2630534,1,1,768.205810546875,881.70947265625,924.4789428710938,807.6853637695312
1790789504.274455,1,1,432.62982177734375,789.590576171875,618.5126342773438,465.5294494628906
1790789504.2853804,1,1,44.41447067260742,65.7992172241211,24.674705505371094,97.05384063720703
1790789504.2967505,1,1,44.41447067260742,65.7992172241211,24.674705505371094,97.05384063720703
1790789504.308276,1,1,44.41447067260742,65.7992172241211,24.674705505371094,97.05384063720703
1790789504.319388,1,1,44.41447067260742,65.7992172241211,24.674705505371094,97.05384063720703
1790789504.3303878,1,1,44.41447067260742,65.7992172241211,24.674705505371094,97.05384063720703
1790789504.342035,1,1,70.7341537475586,39.47952651977539,0.0,123.37352752685547
1790789504.3530276,1,1,23.02972412109375,13.159842491149902,8.224902153015137,18.094783782958984
1790789504.3637328,1,1,27.96466636657715,473.75433349609375,16.449804306030273,26.319684982299805
1790789504.3746386,1,1,26.319684982299805,1671.300048828125,26.319684982299805,24.674705505371094
1790789504.3852227,1,1,29.60964584350586,1669.655029296875,187.5277557373047,27.96466636657715
1790789504.3964508,1,1,31.254627227783203,1643.3353271484375,319.1261901855469,31.254627227783203
1790789504.407372,1,1,27.96466636657715,1643.3353271484375,582.3230590820312,27.96466636657715
1790789504.4182272,1,1,27.96466636657715,1643.3353271484375,582.3230590820312,27.96466636657715
1790789504.4292448,1,1,27.96466636657715,1643.3353271484375,582.3230590820312,27.96466636657715
1790789504.4404552,1,1,27.96466636657715,1643.3353271484375,582.3230590820312,27.96466636657715
1790789504.4511416,1,1,27.96466636657715,1643.3353271484375,582.3230590820312,27.96466636657715
1790789504.4627936,1,1,27.96466636657715,1643.3353271484375,582.3230590820312,27.96466636657715
1790789504.47395,1,1,27.96466636657715,1643.3353271484375,582.3230590820312,27.96466636657715
1790789504.4854696,1,1,27.96466636657715,1011.6629028320312,305.9663391113281,27.96466636657715
1790789504.4970233,1,1,0.0,1301.179443359375,542.843505859375,29.60964584350586
1790789504.5080066,1,1,184.23779296875,1156.421142578125,792.8805541992188,67.4441909790039
1790789504.5189898,1,1,184.23779296875,1156.421142578125,792.8805541992188,67.4441909790039
1790789504.5298374,1,1,184.23779296875,1156.421142578125,792.8805541992188,67.4441909790039
1790789504.5407922,1,1,184.23779296875,1156.421142578125,792.8805541992188,67.4441909790039
1790789504.551967,1,1,184.23779296875,1156.421142578125,792.8805541992188,67.4441909790039
1790789504.5630684,1,1,184.23779296875,1156.421142578125,792.8805541992188,67.4441909790039
1790789504.5748403,1,1,184.23779296875,1156.421142578125,792.8805541992188,67.4441909790039
1790789504.5857124,1,1,710.6315307617188,1209.060546875,1213.9954833984375,659.6371459960938
1790789504.596601,1,1,1052.7874755859375,1314.3392333984375,1253.4749755859375,1049.4974365234375
1790789504.6076083,1,1,1431.1329345703125,1682.81494140625,1347.2388916015625,1460.7425537109375
1790789504.6193032,1,1,1493.6422119140625,1656.4952392578125,1566.021240234375,1648.270263671875
1790789504.6304889,1,1,1491.9971923828125,1419.6180419921875,1566.021240234375,1654.8502197265625
1790789504.641442,1,1,1495.287109375,1130.1014404296875,1557.79638671875,1656.4952392578125
1790789504.652393,1,1,1495.287109375,1130.1014404296875,1557.79638671875,1656.4952392578125
1790789504.664236,1,1,1495.287109375,1130.1014404296875,1557.79638671875,1656.4952392578125
1790789504.6760662,1,1,1495.287109375,1130.1014404296875,1557.79638671875,1656.4952392578125
1790789504.686947,1,1,1495.287109375,1130.1014404296875,1557.79638671875,1656.4952392578125
1790789504.6979547,1,1,1495.287109375,1130.1014404296875,1557.79638671875,1656.4952392578125
1790789504.7088766,1,1,1491.9971923828125,630.0274658203125,1559.44140625,1653.2052001953125
1790789504.7199993,1,1,1493.6422119140625,551.0684204101562,1561.0863037109375,1654.8502197265625
1790789504.7307458,1,1,1493.6422119140625,577.3881225585938,1561.0863037109375,1654.8502197265625
1790789504.7418911,1,1,1491.9971923828125,537.9085693359375,1561.0863037109375,1654.8502197265625
1790789504.7527213,1,1,1491.9971923828125,537.9085693359375,1561.0863037109375,1654.8502197265625
1790789504.7638922,1,1,1491.9971923828125,537.9085693359375,1561.0863037109375,1654.8502197265625
1790789504.7747753,1,1,1491.9971923828125,537.9085693359375,1561.0863037109375,1654.8502197265625
1790789504.7861466,1,1,1491.9971923828125,537.9085693359375,1561.0863037109375,1654.8502197265625
1790789504.7977858,1,1,1491.9971923828125,537.9085693359375,1561.0863037109375,1654.8502197265625
1790789504.809024,1,1,1493.6422119140625,577.3881225585938,1362.043701171875,1654.8502197265625
1790789504.820113,1,1,1493.6422119140625,564.228271484375,1258.409912109375,1654.8502197265625
1790789504.8309853,1,1,1493.6422119140625,590.5479125976562,1240.315185546875,1654.8502197265625
1790789504.8426023,1,1,1493.6422119140625,590.5479125976562,1240.315185546875,1654.8502197265625
1790789504.853909,1,1,1493.6422119140625,590.5479125976562,1240.315185546875,1654.8502197265625
1790789504.86503,1,1,1493.6422119140625,590.5479125976562,1240.315185546875,1654.8502197265625
1790789504.8766096,1,1,1493.6422119140625,590.5479125976562,1240.315185546875,1654.8502197265625
1790789504.8878224,1,1,1493.6422119140625,590.5479125976562,1240.315185546875,1654.8502197265625
1790789504.8989224,1,1,1441.0028076171875,511.5888977050781,1069.2371826171875,1654.8502197265625
1790789504.9102376,1,1,1337.3690185546875,564.228271484375,1010.0179443359375,1575.89111328125
1790789504.9212868,1,1,1274.8597412109375,623.4475708007812,991.9231567382812,1498.5771484375
1790789504.9325047,1,1,1212.3504638671875,577.3881225585938,963.95849609375,1422.907958984375
1790789504.9435556,1,1,1107.07177734375,755.0459594726562,903.09423828125,1306.1143798828125
1790789504.9550905,1,1,1166.291015625,583.968017578125,977.1183471679688,1205.7706298828125
1790789504.9660718,1,1,1128.45654296875,656.34716796875,949.1536865234375,1133.3914794921875
1790789504.9773693,1,1,1087.33203125,695.82666015625,932.703857421875,1095.556884765625
1790789504.9887927,1,1,1079.1070556640625,728.726318359375,924.4789428710938,1095.556884765625
1790789504.9998233,1,1,1047.8525390625,695.82666015625,922.833984375,1044.5625
1790789505.0108507,1,1,1047.8525390625,695.82666015625,922.833984375,1044.5625
1790789505.022321,1,1,1047.8525390625,695.82666015625,922.833984375,1044.5625
1790789505.0334427,1,1,1047.8525390625,695.82666015625,922.833984375,1044.5625
1790789505.0443027,1,1,1047.8525390625,695.82666015625,922.833984375,1044.5625
1790789505.0550342,1,1,1047.8525390625,695.82666015625,922.833984375,1044.5625
1790789505.0663645,1,1,1014.952880859375,725.4363403320312,898.1592407226562,1003.43798828125
1790789505.0775893,1,1,988.6331787109375,735.3062133789062,957.3785400390625,967.2484130859375
1790789505.089049,1,1,741.8861083984375,880.064453125,983.6982421875,715.5664672851562
1790789505.1002035,1,1,741.8861083984375,880.064453125,983.6982421875,715.5664672851562
1790789505.1113465,1,1,741.8861083984375,880.064453125,983.6982421875,715.5664672851562
1790789505.1231554,1,1,741.8861083984375,880.064453125,983.6982421875,715.5664672851562
1790789505.134784,1,1,741.8861083984375,880.064453125,983.6982421875,715.5664672851562
1790789505.1459687,1,1,741.8861083984375,880.064453125,983.6982421875,715.5664672851562
1790789505.1572213,1,1,728.726318359375,916.2540283203125,819.2001953125,687.601806640625
1790789505.1685739,1,1,271.4217529296875,554.3583984375,276.356689453125,236.87716674804688
1790789505.18028,1,1,55.9293327331543,80.60403442382812,64.15423583984375,32.89960861206055
1790789505.1964595,1,1,55.9293327331543,80.60403442382812,64.15423583984375,32.89960861206055
1790789505.2083774,1,1,59.21929168701172,185.88278198242188,52.63936996459961,36.18956756591797
1790789505.2218866,1,1,41.124507904052734,738.59619140625,4.934940814971924,19.739763259887695
1790789505.2335627,1,1,54.28435134887695,1633.4654541015625,32.89960861206055,31.254627227783203
1790789505.2461238,1,0,47.704429626464844,1659.78515625,6.579921245574951,24.674705505371094
1790789505.2580094,1,0,47.704429626464844,1659.78515625,6.579921245574951,24.674705505371094
1790789505.2697036,1,0,47.704429626464844,1659.78515625,6.579921245574951,24.674705505371094
1790789505.2808874,1,0,47.704429626464844,1659.78515625,6.579921245574951,24.674705505371094
1790789505.2924905,1,0,50.99439239501953,606.9977416992188,898.1592407226562,27.96466636657715
1790789505.303723,1,0,50.99439239501953,185.88278198242188,906.3841552734375,27.96466636657715
1790789505.3154292,1,0,50.99439239501953,712.2764892578125,904.7391967773438,27.96466636657715
1790789505.32719,1,0,50.99439239501953,712.2764892578125,904.7391967773438,27.96466636657715
1790789505.3386147,1,0,50.99439239501953,712.2764892578125,904.7391967773438,27.96466636657715
1790789505.349894,1,0,50.99439239501953,712.2764892578125,904.7391967773438,27.96466636657715
1790789505.360766,1,0,50.99439239501953,712.2764892578125,904.7391967773438,27.96466636657715
1790789505.372161,1,0,50.99439239501953,712.2764892578125,904.7391967773438,27.96466636657715
1790789505.3830898,1,0,284.58160400390625,1028.1126708984375,842.2299194335938,87.1839599609375
1790789505.394293,1,0,284.58160400390625,1028.1126708984375,842.2299194335938,87.1839599609375
1790789505.4058957,1,0,1391.6533203125,1396.5882568359375,1070.8822021484375,1263.3448486328125
1790789505.416812,1,0,1417.9730224609375,1422.907958984375,1386.7183837890625,1289.66455078125
1790789505.4278786,1,0,1417.9730224609375,1422.907958984375,1386.7183837890625,1289.66455078125
1790789505.439025,1,0,1417.9730224609375,1422.907958984375,1386.7183837890625,1289.66455078125
1790789505.4499862,1,0,1417.9730224609375,1422.907958984375,1386.7183837890625,1289.66455078125
1790789505.4614654,1,0,1417.9730224609375,1422.907958984375,1386.7183837890625,1289.66455078125
1790789505.4729052,1,0,1417.9730224609375,1422.907958984375,1386.7183837890625,1289.66455078125
1790789505.484046,1,0,1375.20361328125,1186.0308837890625,1381.783447265625,1269.9248046875
1790789505.4948103,1,0,1373.55859375,291.1615295410156,1350.52880859375,1268.27978515625
1790789505.5058398,1,0,1375.20361328125,159.56309509277344,1296.2445068359375,1273.21484375
1790789505.5169184,1,0,1653.2052001953125,115.14862060546875,1649.915283203125,1654.8502197265625
1790789505.528123,1,0,1651.560302734375,115.14862060546875,1615.3707275390625,1653.2052001953125
1790789505.5392056,1,0,1651.560302734375,115.14862060546875,1615.3707275390625,1653.2052001953125
1790789505.5505576,0,0,1651.560302734375,115.14862060546875,1615.3707275390625,1653.2052001953125
1790789505.5615973,0,0,1651.560302734375,115.14862060546875,1615.3707275390625,1653.2052001953125
1790789505.572448,0,0,1651.560302734375,115.14862060546875,1615.3707275390625,1653.2052001953125
1790789505.5838568,0,0,1651.560302734375,115.14862060546875,1615.3707275390625,1653.2052001953125
1790789505.594907,0,0,1651.560302734375,88.82894134521484,1487.062255859375,1653.2052001953125
1790789505.6056564,0,0,1653.2052001953125,194.10768127441406,1378.4935302734375,1653.2052001953125
1790789505.6169622,0,0,1653.2052001953125,141.4683074951172,1340.658935546875,1653.2052001953125
1790789505.6280775,0,0,1651.560302734375,194.10768127441406,1258.409912109375,1653.2052001953125
1790789505.6396253,0,0,1447.5826416015625,236.87716674804688,1042.91748046875,1470.6124267578125
1790789505.6505282,0,0,1353.81884765625,299.38641357421875,1016.5978393554688,1388.3634033203125
1790789505.661944,0,0,1268.27978515625,440.854736328125,972.1834106445312,1281.439697265625
1790789505.6734514,0,0,1225.5103759765625,381.63543701171875,975.4733276367188,1266.6348876953125
1790789505.6850083,0,0,1225.5103759765625,381.63543701171875,975.4733276367188,1266.6348876953125
1790789505.6960287,0,0,1225.5103759765625,381.63543701171875,975.4733276367188,1266.6348876953125
1790789505.7069852,0,0,1225.5103759765625,381.63543701171875,975.4733276367188,1266.6348876953125
1790789505.7181253,0,0,1225.5103759765625,381.63543701171875,975.4733276367188,1266.6348876953125
1790789505.72927,0,0,1225.5103759765625,381.63543701171875,975.4733276367188,1266.6348876953125
1790789505.7406693,0,0,1225.5103759765625,312.5462646484375,982.0532836914062,1283.084716796875
1790789505.7514184,0,0,1207.41552734375,444.1446838378906,945.8637084960938,1189.32080078125
1790789505.7628884,0,0,1139.971435546875,549.4234619140625,935.9938354492188,1159.711181640625
1790789505.7742014,0,0,1108.716796875,496.7840576171875,929.4138793945312,1130.1014404296875
1790789505.7854307,0,0,1082.3970947265625,628.3825073242188,911.319091796875,1092.2669677734375
1790789505.796352,0,0,1079.1070556640625,536.2636108398438,921.18896484375,1079.1070556640625
1790789505.8081083,0,0,1059.3673095703125,602.0628051757812,911.319091796875,1064.30224609375
1790789505.819393,0,0,1059.3673095703125,602.0628051757812,911.319091796875,1064.30224609375
1790789505.8305871,0,0,1059.3673095703125,602.0628051757812,911.319091796875,1064.30224609375
1790789505.84209,0,0,1059.3673095703125,602.0628051757812,911.319091796875,1064.30224609375
1790789505.853515,0,0,1059.3673095703125,602.0628051757812,911.319091796875,1064.30224609375
1790789505.864932,0,0,990.2781372070312,720.5014038085938,889.9343872070312,977.1183471679688
1790789505.8765225,0,0,991.9231567382812,615.22265625,901.44921875,998.5030517578125
1790789505.888393,0,0,993.568115234375,641.5423583984375,894.8693237304688,973.828369140625
1790789505.9004729,0,0,993.568115234375,641.5423583984375,894.8693237304688,973.828369140625
1790789505.9118195,0,0,993.568115234375,641.5423583984375,894.8693237304688,973.828369140625
1790789505.9229343,0,0,993.568115234375,641.5423583984375,894.8693237304688,973.828369140625
1790789505.9339893,0,0,993.568115234375,641.5423583984375,894.8693237304688,973.828369140625
1790789505.9453778,0,0,993.568115234375,641.5423583984375,894.8693237304688,973.828369140625
1790789505.9564028,0,0,978.7633056640625,694.1817016601562,888.2893676757812,983.6982421875
1790789505.9674222,0,0,982.0532836914062,694.1817016601562,891.579345703125,975.4733276367188
1790789505.979004,0,0,931.0588989257812,694.1817016601562,891.579345703125,954.088623046875
1790789505.9900346,0,0,962.3134765625,694.1817016601562,893.2243041992188,950.7986450195312
1790789506.0010505,0,0,975.4733276367188,667.8619995117188,894.8693237304688,967.2484130859375
1790789506.0118158,0,0,968.8934326171875,641.5423583984375,911.319091796875,965.6034545898438
1790789506.0229979,0,0,960.6685180664062,667.8619995117188,901.44921875,962.3134765625
1790789506.0339658,0,0,955.7335815429688,720.5014038085938,893.2243041992188,945.8637084960938
1790789506.044784,0,0,955.7335815429688,720.5014038085938,893.2243041992188,945.8637084960938
1790789506.0557544,0,0,955.7335815429688,720.5014038085938,893.2243041992188,945.8637084960938
1790789506.0669818,0,0,955.7335815429688,720.5014038085938,893.2243041992188,945.8637084960938
1790789506.0778646,0,0,955.7335815429688,720.5014038085938,893.2243041992188,945.8637084960938
1790789506.0890398,0,0,955.7335815429688,720.5014038085938,893.2243041992188,945.8637084960938
1790789506.1003006,0,0,955.7335815429688,720.5014038085938,893.2243041992188,945.8637084960938
1790789506.1112318,0,0,947.5086669921875,720.5014038085938,894.8693237304688,960.6685180664062
1790789506.1221864,0,0,967.2484130859375,759.9808959960938,909.6741333007812,973.828369140625
1790789506.1332812,0,0,937.6387939453125,812.6203002929688,901.44921875,957.3785400390625
1790789506.144434,0,0,937.6387939453125,812.6203002929688,901.44921875,957.3785400390625
1790789506.1551976,0,0,937.6387939453125,812.6203002929688,901.44921875,957.3785400390625
1790789506.166086,0,0,937.6387939453125,812.6203002929688,901.44921875,957.3785400390625
1790789506.1772041,0,0,937.6387939453125,812.6203002929688,901.44921875,957.3785400390625
1790789506.18848,0,0,937.6387939453125,812.6203002929688,901.44921875,957.3785400390625
1790789506.1994839,0,0,955.7335815429688,812.6203002929688,896.5142822265625,937.6387939453125
1790789506.210286,0,0,955.7335815429688,812.6203002929688,889.9343872070312,942.57373046875
1790789506.221451,0,0,955.7335815429688,812.6203002929688,889.9343872070312,942.57373046875
1790789506.232289,0,0,962.3134765625,768.205810546875,893.2243041992188,934.3488159179688
1790789506.2433112,0,0,955.7335815429688,781.3656616210938,893.2243041992188,937.6387939453125
1790789506.2541718,0,0,942.57373046875,755.0459594726562,906.3841552734375,942.57373046875
1790789506.265669,0,0,942.57373046875,755.0459594726562,906.3841552734375,942.57373046875
1790789506.2772863,0,0,942.57373046875,755.0459594726562,906.3841552734375,942.57373046875
1790789506.2881129,0,0,942.57373046875,755.0459594726562,906.3841552734375,942.57373046875
1790789506.2991116,0,0,942.57373046875,755.0459594726562,906.3841552734375,942.57373046875
1790789506.3102546,0,0,939.2837524414062,778.07568359375,894.8693237304688,929.4138793945312
1790789506.321418,0,0,944.2186889648438,783.0106201171875,891.579345703125,916.2540283203125
1790789506.332735,0,0,934.3488159179688,779.720703125,894.8693237304688,934.3488159179688
1790789506.3440332,0,0,950.7986450195312,794.5255126953125,884.9994506835938,873.4845581054688
1790789506.3551457,0,0,944.2186889648438,829.070068359375,876.7745361328125,875.1295166015625
1790789506.365839,0,0,944.2186889648438,829.070068359375,876.7745361328125,875.1295166015625
1790789506.3773935,0,0,944.2186889648438,829.070068359375,876.7745361328125,875.1295166015625
1790789506.3887887,0,0,944.2186889648438,829.070068359375,876.7745361328125,875.1295166015625
1790789506.4001184,0,0,944.2186889648438,829.070068359375,876.7745361328125,875.1295166015625
1790789506.4108055,0,0,944.2186889648438,829.070068359375,876.7745361328125,875.1295166015625
1790789506.4224162,0,0,904.7391967773438,783.0106201171875,884.9994506835938,898.1592407226562
1790789506.4334016,0,0,934.3488159179688,781.3656616210938,880.064453125,904.7391967773438
1790789506.4447582,0,0,927.7689208984375,776.4307250976562,881.70947265625,889.9343872070312
1790789506.456009,0,0,911.319091796875,815.9102783203125,876.7745361328125,898.1592407226562
1790789506.4669123,0,0,911.319091796875,815.9102783203125,876.7745361328125,898.1592407226562
1790789506.4781911,0,0,927.7689208984375,815.9102783203125,875.1295166015625,896.5142822265625
1790789506.488908,0,0,901.44921875,815.9102783203125,866.9046630859375,878.4194946289062
1790789506.499793,0,1,901.44921875,815.9102783203125,866.9046630859375,878.4194946289062
1790789506.5113862,0,1,901.44921875,815.9102783203125,866.9046630859375,878.4194946289062
1790789506.5222936,0,1,901.44921875,815.9102783203125,866.9046630859375,878.4194946289062
1790789506.5335188,0,1,901.44921875,815.9102783203125,866.9046630859375,878.4194946289062
1790789506.5447688,0,1,901.44921875,815.9102783203125,866.9046630859375,878.4194946289062
1790789506.555452,0,1,917.8990478515625,710.6315307617188,884.9994506835938,901.44921875
1790789506.5662186,0,1,899.8042602539062,832.3600463867188,866.9046630859375,876.7745361328125
1790789506.5769744,0,1,931.0588989257812,812.6203002929688,870.194580078125,881.70947265625
1790789506.5878575,0,1,898.1592407226562,786.3005981445312,884.9994506835938,898.1592407226562
1790789506.5987873,0,0,898.1592407226562,786.3005981445312,884.9994506835938,898.1592407226562
1790789506.609675,0,0,898.1592407226562,786.3005981445312,884.9994506835938,898.1592407226562
1790789506.6208138,0,0,898.1592407226562,786.3005981445312,884.9994506835938,898.1592407226562
1790789506.6318593,0,0,898.1592407226562,786.3005981445312,884.9994506835938,898.1592407226562
1790789506.643129,0,0,898.1592407226562,786.3005981445312,884.9994506835938,898.1592407226562
1790789506.654262,0,0,889.9343872070312,891.579345703125,875.1295166015625,899.8042602539062
1790789506.6652975,0,0,914.6090698242188,891.579345703125,870.194580078125,893.2243041992188
1790789506.6765783,0,0,917.8990478515625,812.6203002929688,876.7745361328125,904.7391967773438
1790789506.6879447,0,0,903.09423828125,838.9400024414062,871.839599609375,893.2243041992188
1790789506.6990135,0,0,926.1239624023438,733.6612548828125,888.2893676757812,917.8990478515625
1790789506.7100098,0,0,898.1592407226562,838.9400024414062,866.9046630859375,884.9994506835938
1790789506.7213738,0,0,898.1592407226562,838.9400024414062,866.9046630859375,884.9994506835938
1790789506.732243,0,0,898.1592407226562,838.9400024414062,866.9046630859375,884.9994506835938
1790789506.7433076,0,0,898.1592407226562,838.9400024414062,866.9046630859375,884.9994506835938
1790789506.7543285,0,0,898.1592407226562,838.9400024414062,866.9046630859375,884.9994506835938
1790789506.7651722,0,0,904.7391967773438,812.6203002929688,873.4845581054688,896.5142822265625
1790789506.7759109,0,0,931.0588989257812,759.9808959960938,886.6444091796875,929.4138793945312
1790789506.786694,0,0,888.2893676757812,838.9400024414062,870.194580078125,899.8042602539062
1790789506.7976918,0,0,917.8990478515625,720.5014038085938,886.6444091796875,901.44921875
1790789506.8085947,0,0,893.2243041992188,733.6612548828125,886.6444091796875,891.579345703125
1790789506.8196485,0,0,911.319091796875,759.9808959960938,883.3544311523438,904.7391967773438
1790789506.8307364,0,0,934.3488159179688,707.341552734375,893.2243041992188,908.0291748046875
1790789506.8415635,0,0,891.579345703125,825.7801513671875,870.194580078125,883.3544311523438
1790789506.852108,0,0,912.964111328125,786.3005981445312,884.9994506835938,901.44921875
1790789506.8629963,0,0,912.964111328125,786.3005981445312,884.9994506835938,901.44921875
1790789506.8741975,0,0,906.3841552734375,786.3005981445312,881.70947265625,891.579345703125
1790789506.885078,0,0,906.3841552734375,786.3005981445312,881.70947265625,891.579345703125
1790789506.8959568,0,0,906.3841552734375,786.3005981445312,881.70947265625,891.579345703125
1790789506.9071028,0,0,906.3841552734375,786.3005981445312,881.70947265625,891.579345703125
1790789506.9179986,0,0,906.3841552734375,786.3005981445312,881.70947265625,891.579345703125
1790789506.9288123,0,0,906.3841552734375,786.3005981445312,881.70947265625,891.579345703125
1790789506.9396029,0,0,906.3841552734375,786.3005981445312,881.70947265625,891.579345703125
1790789506.9507444,0,0,889.9343872070312,838.9400024414062,868.5496215820312,883.3544311523438
1790789506.9616485,0,0,903.09423828125,773.1407470703125,880.064453125,896.5142822265625
1790789506.9728458,0,0,903.09423828125,773.1407470703125,880.064453125,896.5142822265625
1790789506.9839303,0,0,903.09423828125,866.9046630859375,865.2596435546875,871.839599609375
1790789506.995167,0,0,894.8693237304688,835.6500244140625,858.6797485351562,865.2596435546875
1790789507.0063782,0,0,878.4194946289062,878.4194946289062,860.32470703125,871.839599609375
1790789507.0173054,0,0,878.4194946289062,878.4194946289062,860.32470703125,871.839599609375
1790789507.0284007,0,0,878.4194946289062,878.4194946289062,860.32470703125,871.839599609375
1790789507.0395477,0,0,878.4194946289062,878.4194946289062,860.32470703125,871.839599609375
1790789507.0505407,0,0,878.4194946289062,878.4194946289062,860.32470703125,871.839599609375
1790789507.0617461,0,0,884.9994506835938,766.5608520507812,868.5496215820312,881.70947265625
1790789507.0728896,0,0,911.319091796875,819.2001953125,871.839599609375,876.7745361328125
1790789507.0837388,0,0,909.6741333007812,766.5608520507812,878.4194946289062,906.3841552734375
1790789507.0946293,0,0,894.8693237304688,832.3600463867188,868.5496215820312,884.9994506835938
1790789507.1058474,0,0,894.8693237304688,832.3600463867188,868.5496215820312,884.9994506835938
1790789507.1169596,0,0,894.8693237304688,832.3600463867188,868.5496215820312,884.9994506835938
1790789507.128305,0,0,894.8693237304688,832.3600463867188,868.5496215820312,884.9994506835938
1790789507.139934,0,0,894.8693237304688,832.3600463867188,868.5496215820312,884.9994506835938
1790789507.1509938,0,0,894.8693237304688,832.3600463867188,868.5496215820312,884.9994506835938
1790789507.1618705,0,0,888.2893676757812,878.4194946289062,858.6797485351562,863.6146850585938
1790789507.1734412,0,0,912.964111328125,819.2001953125,868.5496215820312,876.7745361328125
1790789507.1840675,0,0,903.09423828125,825.7801513671875,865.2596435546875,883.3544311523438
1790789507.1950421,0,0,883.3544311523438,858.6797485351562,860.32470703125,884.9994506835938
1790789507.206181,0,0,899.8042602539062,806.0403442382812,866.9046630859375,883.3544311523438
1790789507.217219,0,0,894.8693237304688,792.8805541992188,868.5496215820312,871.839599609375
1790789507.2285674,0,0,894.8693237304688,792.8805541992188,868.5496215820312,871.839599609375
1790789507.254035,0,0,894.8693237304688,792.8805541992188,868.5496215820312,871.839599609375
1790789507.2676525,0,0,894.8693237304688,792.8805541992188,868.5496215820312,871.839599609375
1790789507.281289,0,0,894.8693237304688,792.8805541992188,868.5496215820312,871.839599609375
1790789507.292797,0,0,903.09423828125,779.720703125,873.4845581054688,896.5142822265625
1790789507.3042583,0,0,891.579345703125,830.715087890625,871.839599609375,889.9343872070312
1790789507.31541,0,0,893.2243041992188,893.2243041992188,860.32470703125,866.9046630859375
1790789507.326352,0,0,914.6090698242188,797.8154907226562,871.839599609375,888.2893676757812
1790789507.3381748,0,0,914.6090698242188,797.8154907226562,871.839599609375,888.2893676757812
1790789507.3500886,0,0,914.6090698242188,797.8154907226562,871.839599609375,888.2893676757812
1790789507.3613312,0,0,914.6090698242188,797.8154907226562,871.839599609375,888.2893676757812
1790789507.372163,0,0,914.6090698242188,797.8154907226562,871.839599609375,888.2893676757812
1790789507.3828235,0,0,914.6090698242188,797.8154907226562,871.839599609375,888.2893676757812
1790789507.3937788,0,0,901.44921875,768.205810546875,878.4194946289062,891.579345703125
1790789507.405135,0,0,894.8693237304688,886.6444091796875,860.32470703125,870.194580078125
1790789507.4164922,0,0,884.9994506835938,870.194580078125,865.2596435546875,865.2596435546875
1790789507.4278698,0,0,889.9343872070312,863.6146850585938,863.6146850585938,865.2596435546875
1790789507.4391985,0,1,889.9343872070312,863.6146850585938,863.6146850585938,865.2596435546875
1790789507.450364,0,1,889.9343872070312,863.6146850585938,863.6146850585938,865.2596435546875
1790789507.4617753,0,1,889.9343872070312,863.6146850585938,863.6146850585938,865.2596435546875
1790789507.4729786,0,1,889.9343872070312,863.6146850585938,863.6146850585938,865.2596435546875
1790789507.4837317,1,1,889.9343872070312,863.6146850585938,863.6146850585938,865.2596435546875
1790789507.494801,1,1,894.8693237304688,794.5255126953125,876.7745361328125,880.064453125
1790789507.5061307,1,1,884.9994506835938,847.1648559570312,868.5496215820312,881.70947265625
1790789507.517104,1,1,871.839599609375,880.064453125,863.6146850585938,863.6146850585938
1790789507.5281217,1,1,878.4194946289062,919.5440063476562,857.0347290039062,850.454833984375
1790789507.5393546,1,1,899.8042602539062,814.2652587890625,876.7745361328125,871.839599609375
1790789507.5499544,1,1,884.9994506835938,919.5440063476562,865.2596435546875,886.6444091796875
1790789507.5610123,1,1,870.194580078125,1051.1424560546875,853.7448120117188,868.5496215820312
1790789507.571643,1,0,870.194580078125,1051.1424560546875,853.7448120117188,868.5496215820312
1790789507.5827,1,0,870.194580078125,1051.1424560546875,853.7448120117188,868.5496215820312
1790789507.5940938,1,0,870.194580078125,1051.1424560546875,853.7448120117188,868.5496215820312
1790789507.6052115,1,0,870.194580078125,1051.1424560546875,853.7448120117188,868.5496215820312
1790789507.6160676,1,0,870.194580078125,1051.1424560546875,853.7448120117188,868.5496215820312
1790789507.6272066,1,0,898.1592407226562,919.5440063476562,880.064453125,886.6444091796875
1790789507.6379495,1,0,883.3544311523438,1051.1424560546875,871.839599609375,889.9343872070312
1790789507.6489882,1,0,880.064453125,1077.462158203125,863.6146850585938,876.7745361328125
1790789507.6606894,1,0,866.9046630859375,1182.7408447265625,853.7448120117188,873.4845581054688
1790789507.6724076,1,0,899.8042602539062,1077.462158203125,886.6444091796875,912.964111328125
1790789507.6832273,1,0,896.5142822265625,1169.5810546875,873.4845581054688,880.064453125
1790789507.6943178,1,0,893.2243041992188,1156.421142578125,876.7745361328125,884.9994506835938
1790789507.705054,1,0,899.8042602539062,1195.9007568359375,860.32470703125,855.3897705078125
1790789507.7159746,1,0,898.1592407226562,1090.6219482421875,880.064453125,881.70947265625
1790789507.727402,1,0,880.064453125,1130.1014404296875,873.4845581054688,888.2893676757812
1790789507.7388,1,0,880.064453125,1130.1014404296875,873.4845581054688,888.2893676757812
1790789507.7500193,1,0,880.064453125,1130.1014404296875,873.4845581054688,888.2893676757812
1790789507.761091,1,0,880.064453125,1130.1014404296875,873.4845581054688,888.2893676757812
1790789507.772561,1,0,880.064453125,1130.1014404296875,873.4845581054688,888.2893676757812
1790789507.7840981,1,0,880.064453125,1130.1014404296875,873.4845581054688,888.2893676757812
1790789507.7948308,1,0,863.6146850585938,1169.5810546875,857.0347290039062,860.32470703125
1790789507.8058505,1,0,881.70947265625,1182.7408447265625,855.3897705078125,866.9046630859375
1790789507.817021,1,0,894.8693237304688,1195.9007568359375,857.0347290039062,870.194580078125
1790789507.8285666,1,0,894.8693237304688,1195.9007568359375,857.0347290039062,870.194580078125
1790789507.839634,1,0,894.8693237304688,1195.9007568359375,857.0347290039062,870.194580078125
1790789507.8503113,1,0,894.8693237304688,1195.9007568359375,857.0347290039062,870.194580078125
1790789507.8615432,1,0,894.8693237304688,1195.9007568359375,857.0347290039062,870.194580078125
1790789507.8729393,1,0,894.8693237304688,1195.9007568359375,857.0347290039062,870.194580078125
1790789507.884349,1,0,891.579345703125,1195.9007568359375,863.6146850585938,880.064453125
1790789507.8950918,1,0,904.7391967773438,1222.2203369140625,861.9697265625,838.9400024414062
1790789507.9064105,1,0,904.7391967773438,837.2949829101562,868.5496215820312,880.064453125
1790789507.9172535,1,0,883.3544311523438,903.09423828125,853.7448120117188,871.839599609375
1790789507.9284494,1,0,871.839599609375,903.09423828125,855.3897705078125,876.7745361328125
1790789507.9396372,1,0,894.8693237304688,837.2949829101562,861.9697265625,875.1295166015625
1790789507.9509602,1,0,894.8693237304688,837.2949829101562,861.9697265625,875.1295166015625
1790789507.9623356,1,0,894.8693237304688,837.2949829101562,861.9697265625,875.1295166015625
1790789507.9733565,1,0,894.8693237304688,837.2949829101562,861.9697265625,875.1295166015625
1790789507.9844432,1,0,894.8693237304688,837.2949829101562,861.9697265625,875.1295166015625
1790789507.9957607,1,0,894.8693237304688,837.2949829101562,861.9697265625,875.1295166015625
1790789508.006591,1,0,884.9994506835938,850.454833984375,860.32470703125,863.6146850585938
1790789508.0176082,1,0,903.09423828125,797.8154907226562,875.1295166015625,881.70947265625
1790789508.028626,1,0,888.2893676757812,1034.692626953125,870.194580078125,889.9343872070312
1790789508.0405903,1,0,896.5142822265625,955.7335815429688,876.7745361328125,886.6444091796875
1790789508.0519967,1,0,896.5142822265625,955.7335815429688,876.7745361328125,886.6444091796875
1790789508.0632997,1,0,896.5142822265625,955.7335815429688,876.7745361328125,886.6444091796875
1790789508.0742693,1,0,896.5142822265625,955.7335815429688,876.7745361328125,886.6444091796875
1790789508.0852883,1,0,896.5142822265625,955.7335815429688,876.7745361328125,886.6444091796875
1790789508.0969331,1,0,896.5142822265625,955.7335815429688,876.7745361328125,886.6444091796875
1790789508.1086702,1,0,884.9994506835938,982.0532836914062,860.32470703125,875.1295166015625
1790789508.1204982,1,0,894.8693237304688,955.7335815429688,858.6797485351562,881.70947265625
1790789508.1321247,1,0,863.6146850585938,995.213134765625,852.0997924804688,873.4845581054688
1790789508.1430876,1,0,873.4845581054688,975.4733276367188,857.0347290039062,873.4845581054688
1790789508.1544497,1,0,893.2243041992188,945.8637084960938,865.2596435546875,886.6444091796875
1790789508.166105,1,0,866.9046630859375,1047.8525390625,848.8098754882812,863.6146850585938
1790789508.1774707,1,0,888.2893676757812,982.0532836914062,853.7448120117188,871.839599609375
1790789508.1883144,1,0,888.2893676757812,972.1834106445312,853.7448120117188,868.5496215820312
1790789508.1997755,1,0,880.064453125,998.5030517578125,847.1648559570312,855.3897705078125
1790789508.2108057,1,0,880.064453125,998.5030517578125,847.1648559570312,855.3897705078125
1790789508.2215965,1,0,880.064453125,998.5030517578125,847.1648559570312,855.3897705078125
1790789508.232932,1,0,880.064453125,998.5030517578125,847.1648559570312,855.3897705078125
1790789508.2444506,1,0,880.064453125,998.5030517578125,847.1648559570312,855.3897705078125
1790789508.2559764,1,0,876.7745361328125,998.5030517578125,850.454833984375,866.9046630859375
1790789508.2667549,1,0,880.064453125,972.1834106445312,857.0347290039062,866.9046630859375
1790789508.2781098,1,0,896.5142822265625,945.8637084960938,858.6797485351562,884.9994506835938
1790789508.28982,1,0,878.4194946289062,919.5440063476562,870.194580078125,896.5142822265625
1790789508.3009255,1,0,870.194580078125,919.5440063476562,858.6797485351562,870.194580078125
1790789508.3121195,1,0,878.4194946289062,919.5440063476562,857.0347290039062,858.6797485351562
1790789508.323051,1,0,878.4194946289062,919.5440063476562,857.0347290039062,858.6797485351562
1790789508.3337984,1,0,878.4194946289062,919.5440063476562,857.0347290039062,858.6797485351562
1790789508.3452241,1,0,878.4194946289062,919.5440063476562,857.0347290039062,858.6797485351562
1790789508.3569858,1,0,878.4194946289062,919.5440063476562,857.0347290039062,858.6797485351562
1790789508.3677504,1,0,878.4194946289062,919.5440063476562,857.0347290039062,858.6797485351562
1790789508.3802595,1,0,878.4194946289062,919.5440063476562,857.0347290039062,858.6797485351562
1790789508.391681,1,0,881.70947265625,853.7448120117188,866.9046630859375,880.064453125
1790789508.4026184,1,0,883.3544311523438,945.8637084960938,850.454833984375,873.4845581054688
1790789508.4137406,1,0,866.9046630859375,959.0235595703125,840.5849609375,842.2299194335938
1790789508.4247656,1,0,866.9046630859375,959.0235595703125,840.5849609375,842.2299194335938
1790789508.4358733,1,0,866.9046630859375,959.0235595703125,840.5849609375,842.2299194335938
1790789508.4475262,1,0,866.9046630859375,959.0235595703125,840.5849609375,842.2299194335938
1790789508.4582207,1,0,866.9046630859375,959.0235595703125,840.5849609375,842.2299194335938
1790789508.4693046,1,0,894.8693237304688,893.2243041992188,853.7448120117188,868.5496215820312
1790789508.4807572,1,0,855.3897705078125,880.064453125,847.1648559570312,857.0347290039062
1790789508.4923856,1,0,865.2596435546875,853.7448120117188,857.0347290039062,860.32470703125
1790789508.5034926,1,0,868.5496215820312,880.064453125,858.6797485351562,868.5496215820312
1790789508.514562,1,0,868.5496215820312,880.064453125,858.6797485351562,868.5496215820312
1790789508.52547,1,0,868.5496215820312,880.064453125,858.6797485351562,868.5496215820312
1790789508.5365229,1,0,868.5496215820312,880.064453125,858.6797485351562,868.5496215820312
1790789508.5477426,1,0,868.5496215820312,880.064453125,858.6797485351562,868.5496215820312
1790789508.5588546,1,0,868.5496215820312,880.064453125,858.6797485351562,868.5496215820312
1790789508.5697744,1,0,868.5496215820312,880.064453125,858.6797485351562,868.5496215820312
1790789508.5811172,1,0,866.9046630859375,932.703857421875,858.6797485351562,852.0997924804688
1790789508.5924404,1,0,876.7745361328125,959.0235595703125,855.3897705078125,868.5496215820312
1790789508.6039178,1,0,858.6797485351562,985.3432006835938,850.454833984375,850.454833984375
1790789508.6151733,1,0,878.4194946289062,906.3841552734375,860.32470703125,878.4194946289062
1790789508.6263194,1,0,850.454833984375,985.3432006835938,852.0997924804688,858.6797485351562
1790789508.6378462,1,0,845.5198974609375,998.5030517578125,852.0997924804688,866.9046630859375
1790789508.6489308,1,1,845.5198974609375,998.5030517578125,852.0997924804688,866.9046630859375
1790789508.6623077,1,1,845.5198974609375,998.5030517578125,852.0997924804688,866.9046630859375
1790789508.674598,1,1,845.5198974609375,998.5030517578125,852.0997924804688,866.9046630859375
1790789508.6855185,1,1,845.5198974609375,998.5030517578125,852.0997924804688,866.9046630859375
1790789508.6969845,1,1,845.5198974609375,998.5030517578125,852.0997924804688,866.9046630859375
1790789508.7079926,1,1,871.839599609375,959.0235595703125,857.0347290039062,871.839599609375
1790789508.718717,1,1,876.7745361328125,906.3841552734375,863.6146850585938,891.579345703125
1790789508.7296321,1,1,871.839599609375,1011.6629028320312,840.5849609375,855.3897705078125
1790789508.7411938,1,1,865.2596435546875,991.9231567382812,852.0997924804688,866.9046630859375
1790789508.7523232,1,1,870.194580078125,1037.9825439453125,845.5198974609375,870.194580078125
1790789508.7636075,1,1,875.1295166015625,965.6034545898438,847.1648559570312,863.6146850585938
1790789508.7748141,1,1,860.32470703125,978.7633056640625,847.1648559570312,868.5496215820312
1790789508.7863355,1,1,845.5198974609375,1037.9825439453125,835.6500244140625,847.1648559570312
1790789508.7988896,1,1,868.5496215820312,991.9231567382812,847.1648559570312,861.9697265625
1790789508.810702,1,1,886.6444091796875,952.443603515625,850.454833984375,855.3897705078125
1790789508.8222792,1,1,886.6444091796875,952.443603515625,850.454833984375,855.3897705078125
1790789508.8336775,1,1,886.6444091796875,952.443603515625,850.454833984375,855.3897705078125
1790789508.8445115,1,1,886.6444091796875,952.443603515625,850.454833984375,855.3897705078125
1790789508.8552985,1,1,886.6444091796875,952.443603515625,850.454833984375,855.3897705078125
1790789508.8664427,1,1,886.6444091796875,952.443603515625,850.454833984375,855.3897705078125
1790789508.877774,1,1,860.32470703125,978.7633056640625,850.454833984375,870.194580078125
1790789508.8892844,1,1,832.3600463867188,1070.8822021484375,837.2949829101562,840.5849609375
1790789508.9007246,1,1,838.9400024414062,952.443603515625,853.7448120117188,852.0997924804688
1790789508.9117453,1,1,865.2596435546875,1031.4027099609375,865.2596435546875,825.7801513671875
1790789508.9230142,1,1,891.579345703125,1110.3616943359375,891.579345703125,878.4194946289062
1790789508.9340012,1,1,838.9400024414062,1189.32080078125,786.3005981445312,799.46044921875
1790789508.945456,1,1,838.9400024414062,1189.32080078125,786.3005981445312,799.46044921875
1790789508.9561493,1,1,838.9400024414062,1189.32080078125,786.3005981445312,799.46044921875
1790789508.9671497,1,1,838.9400024414062,1189.32080078125,786.3005981445312,799.46044921875
1790789508.9782887,1,1,838.9400024414062,1189.32080078125,786.3005981445312,799.46044921875
1790789508.9898193,1,1,213.84744262695312,1005.0830078125,32.89960861206055,187.5277557373047
1790789509.0008287,1,1,225.3623046875,1241.960205078125,24.674705505371094,197.39764404296875
1790789509.0115547,1,1,228.6522674560547,1531.4766845703125,151.33819580078125,195.75265502929688
1790789509.02245,1,1,233.5872039794922,1531.4766845703125,254.97195434570312,195.75265502929688
1790789509.0343437,1,0,233.5872039794922,1531.4766845703125,254.97195434570312,195.75265502929688
1790789509.04593,1,0,233.5872039794922,1531.4766845703125,254.97195434570312,195.75265502929688
1790789509.0570178,1,0,233.5872039794922,1531.4766845703125,254.97195434570312,195.75265502929688
1790789509.0683713,1,0,233.5872039794922,1531.4766845703125,254.97195434570312,195.75265502929688
1790789509.0799706,1,0,52.63936996459961,1482.1273193359375,330.64105224609375,36.18956756591797
1790789509.0913022,1,0,289.51654052734375,1541.3465576171875,488.5591735839844,194.10768127441406
1790789509.102157,1,0,993.568115234375,1613.7257080078125,1021.5327758789062,950.7986450195312
1790789509.1134756,1,0,993.568115234375,1613.7257080078125,1021.5327758789062,950.7986450195312
1790789509.1246326,1,0,993.568115234375,1613.7257080078125,1021.5327758789062,950.7986450195312
1790789509.1355436,1,0,993.568115234375,1613.7257080078125,1021.5327758789062,950.7986450195312
1790789509.1467872,1,0,993.568115234375,1613.7257080078125,1021.5327758789062,950.7986450195312
1790789509.158201,1,0,993.568115234375,1613.7257080078125,1021.5327758789062,950.7986450195312
1790789509.168955,1,0,1023.1777954101562,1666.3651123046875,896.5142822265625,863.6146850585938
1790789509.1800454,1,0,1026.4677734375,1508.447021484375,827.4251098632812,908.0291748046875
1790789509.191677,1,0,1018.2428588867188,1587.406005859375,764.9158325195312,843.8749389648438
1790789509.20297,1,0,1042.91748046875,1350.52880859375,753.4010009765625,875.1295166015625
1790789509.2138238,1,0,1005.0830078125,1245.2501220703125,700.7615966796875,837.2949829101562
1790789509.224899,1,0,1008.3729248046875,1297.8895263671875,682.6668701171875,825.7801513671875
1790789509.235832,1,0,1008.3729248046875,1297.8895263671875,682.6668701171875,825.7801513671875
1790789509.2468119,1,0,1008.3729248046875,1297.8895263671875,682.6668701171875,825.7801513671875
1790789509.257813,1,0,1008.3729248046875,1297.8895263671875,682.6668701171875,825.7801513671875
1790789509.2692897,1,0,1008.3729248046875,1297.8895263671875,682.6668701171875,825.7801513671875
1790789509.2807093,1,0,1013.307861328125,1218.930419921875,687.601806640625,829.070068359375
1790789509.2919095,1,0,967.2484130859375,1192.6107177734375,649.7672119140625,783.0106201171875
1790789509.3024192,1,0,955.7335815429688,982.0532836914062,659.6371459960938,799.46044921875
1790789509.3136046,1,0,945.8637084960938,929.4138793945312,639.8973388671875,783.0106201171875
1790789509.3250947,1,0,865.2596435546875,797.8154907226562,585.6129760742188,704.0515747070312
1790789509.3360736,1,0,865.2596435546875,797.8154907226562,585.6129760742188,704.0515747070312
1790789509.3474205,1,0,865.2596435546875,797.8154907226562,585.6129760742188,704.0515747070312
1790789509.3587196,1,0,865.2596435546875,797.8154907226562,585.6129760742188,704.0515747070312
1790789509.3696082,1,0,865.2596435546875,797.8154907226562,585.6129760742188,704.0515747070312
1790789509.3807995,1,0,865.2596435546875,797.8154907226562,585.6129760742188,704.0515747070312
1790789509.3924875,1,0,865.2596435546875,797.8154907226562,585.6129760742188,704.0515747070312
1790789509.4036932,1,0,819.2001953125,797.8154907226562,569.1632080078125,672.7969360351562
1790789509.4146078,1,0,773.1407470703125,850.454833984375,546.1334838867188,600.4178466796875
1790789509.4260855,1,0,745.1760864257812,876.7745361328125,539.5535278320312,598.7728271484375
1790789509.4374993,1,0,715.5664672851562,876.7745361328125,526.3937377929688,552.71337890625
1790789509.4491112,1,0,695.82666015625,929.4138793945312,513.23388671875,549.4234619140625
1790789509.4604487,1,0,705.6965942382812,876.7745361328125,513.23388671875,526.3937377929688
1790789509.4719603,1,0,667.8619995117188,1008.3729248046875,495.1390686035156,490.2041320800781
1790789509.4828596,1,0,667.8619995117188,1008.3729248046875,495.1390686035156,490.2041320800781
1790789509.4935603,1,0,694.1817016601562,889.9343872070312,508.2989196777344,516.5238037109375
1790789509.5046995,1,0,646.477294921875,1034.692626953125,488.5591735839844,468.81939697265625
1790789509.5161397,1,0,646.477294921875,1034.692626953125,488.5591735839844,468.81939697265625
1790789509.5272298,1,0,646.477294921875,1034.692626953125,488.5591735839844,468.81939697265625
1790789509.5385368,1,0,646.477294921875,1034.692626953125,488.5591735839844,468.81939697265625
1790789509.5497584,1,0,651.4122314453125,1034.692626953125,486.9141845703125,472.1093444824219
1790789509.5604663,1,0,653.0571899414062,929.4138793945312,490.2041320800781,473.75433349609375
1790789509.571653,1,0,648.1222534179688,929.4138793945312,490.2041320800781,475.3993225097656
1790789509.5823379,1,0,644.832275390625,903.09423828125,486.9141845703125,468.81939697265625
1790789509.594021,1,0,644.832275390625,903.09423828125,486.9141845703125,468.81939697265625
1790789509.6051126,1,0,906.3841552734375,802.7504272460938,863.6146850585938,888.2893676757812
1790789509.6162674,1,0,906.3841552734375,802.7504272460938,863.6146850585938,888.2893676757812
1790789509.633742,1,0,906.3841552734375,802.7504272460938,863.6146850585938,888.2893676757812
1790789509.6471899,1,0,906.3841552734375,802.7504272460938,863.6146850585938,888.2893676757812
1790789509.6585312,1,0,906.3841552734375,802.7504272460938,863.6146850585938,888.2893676757812
1790789509.6704838,1,0,906.3841552734375,802.7504272460938,863.6146850585938,888.2893676757812
1790789509.6814947,1,0,894.8693237304688,723.7913208007812,863.6146850585938,889.9343872070312
1790789509.6934762,1,0,881.70947265625,855.3897705078125,848.8098754882812,865.2596435546875
1790789509.7052882,1,0,891.579345703125,723.7913208007812,866.9046630859375,899.8042602539062
1790789509.717242,1,0,891.579345703125,723.7913208007812,866.9046630859375,899.8042602539062
1790789509.728942,1,0,891.579345703125,723.7913208007812,866.9046630859375,899.8042602539062
1790789509.7413754,1,0,891.579345703125,723.7913208007812,866.9046630859375,899.8042602539062
1790789509.7526433,1,0,891.579345703125,723.7913208007812,866.9046630859375,899.8042602539062
1790789509.7664418,1,0,886.6444091796875,723.7913208007812,870.194580078125,888.2893676757812
1790789509.7775345,1,0,870.194580078125,881.70947265625,843.8749389648438,858.6797485351562
1790789509.790496,1,0,880.064453125,750.1110229492188,860.32470703125,868.5496215820312
1790789509.8025851,1,0,858.6797485351562,894.8693237304688,843.8749389648438,855.3897705078125
1790789509.81388,1,0,875.1295166015625,802.7504272460938,857.0347290039062,875.1295166015625
1790789509.8247285,1,0,875.1295166015625,802.7504272460938,857.0347290039062,875.1295166015625
1790789509.83651,1,0,875.1295166015625,802.7504272460938,857.0347290039062,875.1295166015625
1790789509.8475327,1,0,875.1295166015625,802.7504272460938,857.0347290039062,875.1295166015625
1790789509.8588665,1,0,875.1295166015625,802.7504272460938,857.0347290039062,875.1295166015625
1790789509.869706,1,0,875.1295166015625,802.7504272460938,857.0347290039062,875.1295166015625
1790789509.8821154,1,0,891.579345703125,802.7504272460938,850.454833984375,871.839599609375
1790789509.8939006,1,0,866.9046630859375,960.6685180664062,847.1648559570312,861.9697265625
1790789509.9049454,1,0,866.9046630859375,960.6685180664062,847.1648559570312,861.9697265625
1790789509.9163423,1,0,866.9046630859375,960.6685180664062,847.1648559570312,861.9697265625
1790789509.9275162,1,0,866.9046630859375,960.6685180664062,847.1648559570312,861.9697265625
1790789509.9388447,1,0,866.9046630859375,960.6685180664062,847.1648559570312,861.9697265625
1790789509.9502163,1,0,866.9046630859375,960.6685180664062,847.1648559570312,861.9697265625
1790789509.9618828,1,0,881.70947265625,960.6685180664062,845.5198974609375,865.2596435546875
1790789509.9725835,1,0,889.9343872070312,934.3488159179688,853.7448120117188,873.4845581054688
1790789509.9835758,1,0,878.4194946289062,908.0291748046875,857.0347290039062,875.1295166015625
1790789509.9946775,1,0,870.194580078125,1039.6275634765625,843.8749389648438,860.32470703125
1790789510.0057595,1,0,857.0347290039062,1092.2669677734375,834.0050048828125,850.454833984375
1790789510.016922,1,0,857.0347290039062,1092.2669677734375,834.0050048828125,850.454833984375
1790789510.027919,1,0,857.0347290039062,1092.2669677734375,834.0050048828125,850.454833984375
1790789510.0389662,1,0,857.0347290039062,1092.2669677734375,834.0050048828125,850.454833984375
1790789510.0497236,1,0,857.0347290039062,1092.2669677734375,834.0050048828125,850.454833984375
1790789510.0609148,1,0,857.0347290039062,1092.2669677734375,834.0050048828125,850.454833984375
1790789510.072217,1,0,858.6797485351562,1013.307861328125,843.8749389648438,866.9046630859375
1790789510.0836618,1,0,852.0997924804688,1092.2669677734375,837.2949829101562,853.7448120117188
1790789510.095014,1,0,850.454833984375,1105.4267578125,838.9400024414062,865.2596435546875
1790789510.1063497,1,0,863.6146850585938,1052.7874755859375,843.8749389648438,860.32470703125
1790789510.1183708,1,0,857.0347290039062,1065.947265625,837.2949829101562,843.8749389648438
1790789510.1292498,1,0,865.2596435546875,1026.4677734375,852.0997924804688,870.194580078125
1790789510.1403832,1,0,825.7801513671875,1144.9063720703125,830.715087890625,832.3600463867188
1790789510.1515176,1,0,855.3897705078125,873.4845581054688,834.0050048828125,834.0050048828125
1790789510.163311,1,0,870.194580078125,820.84521484375,840.5849609375,850.454833984375
1790789510.1746767,1,0,868.5496215820312,820.84521484375,837.2949829101562,855.3897705078125
1790789510.1857963,1,0,868.5496215820312,820.84521484375,837.2949829101562,855.3897705078125
1790789510.1967664,1,0,868.5496215820312,820.84521484375,837.2949829101562,855.3897705078125
1790789510.208159,1,0,868.5496215820312,820.84521484375,837.2949829101562,855.3897705078125
1790789510.219267,1,0,868.5496215820312,820.84521484375,837.2949829101562,855.3897705078125
1790789510.2304845,1,0,861.9697265625,794.5255126953125,838.9400024414062,855.3897705078125
1790789510.2421346,1,0,893.2243041992188,689.2467651367188,855.3897705078125,883.3544311523438
1790789510.2532516,1,0,860.32470703125,748.466064453125,845.5198974609375,868.5496215820312
1790789510.2643805,1,0,866.9046630859375,748.466064453125,840.5849609375,847.1648559570312
1790789510.2754216,1,0,853.7448120117188,814.2652587890625,835.6500244140625,847.1648559570312
1790789510.2865748,1,0,853.7448120117188,814.2652587890625,835.6500244140625,847.1648559570312
1790789510.2976868,1,0,853.7448120117188,814.2652587890625,835.6500244140625,847.1648559570312
1790789510.3087063,1,0,853.7448120117188,814.2652587890625,835.6500244140625,847.1648559570312
1790789510.3197556,1,0,853.7448120117188,814.2652587890625,835.6500244140625,847.1648559570312
1790789510.3308742,1,0,865.2596435546875,807.6853637695312,837.2949829101562,863.6146850585938
1790789510.342219,1,0,868.5496215820312,781.3656616210938,848.8098754882812,870.194580078125
1790789510.3535228,1,0,878.4194946289062,834.0050048828125,840.5849609375,865.2596435546875
1790789510.36516,1,0,871.839599609375,860.32470703125,848.8098754882812,838.9400024414062
1790789510.3763106,1,0,876.7745361328125,834.0050048828125,850.454833984375,861.9697265625
1790789510.3875546,1,0,866.9046630859375,939.2837524414062,838.9400024414062,852.0997924804688
1790789510.3984115,1,0,866.9046630859375,939.2837524414062,838.9400024414062,852.0997924804688
1790789510.4092085,1,0,866.9046630859375,939.2837524414062,838.9400024414062,852.0997924804688
1790789510.4205608,1,0,866.9046630859375,939.2837524414062,838.9400024414062,852.0997924804688
1790789510.4318278,1,0,866.9046630859375,939.2837524414062,838.9400024414062,852.0997924804688
1790789510.4431562,1,0,866.9046630859375,939.2837524414062,838.9400024414062,852.0997924804688
1790789510.4544106,1,0,876.7745361328125,860.32470703125,855.3897705078125,871.839599609375
1790789510.4652073,1,0,852.0997924804688,1097.201904296875,832.3600463867188,829.070068359375
1790789510.4776409,1,0,838.9400024414062,1070.8822021484375,838.9400024414062,860.32470703125
1790789510.4891284,1,0,875.1295166015625,991.9231567382812,852.0997924804688,857.0347290039062
1790789510.5008883,1,0,873.4845581054688,965.6034545898438,850.454833984375,863.6146850585938
1790789510.5122657,1,0,873.4845581054688,965.6034545898438,850.454833984375,863.6146850585938
1790789510.5231926,1,0,873.4845581054688,965.6034545898438,850.454833984375,863.6146850585938
1790789510.535423,1,0,873.4845581054688,965.6034545898438,850.454833984375,863.6146850585938
1790789510.5462217,1,0,873.4845581054688,965.6034545898438,850.454833984375,863.6146850585938
1790789510.5571883,1,0,873.4845581054688,965.6034545898438,850.454833984375,863.6146850585938
1790789510.5683825,1,0,873.4845581054688,965.6034545898438,850.454833984375,863.6146850585938
1790789510.579504,1,0,860.32470703125,939.2837524414062,852.0997924804688,842.2299194335938
1790789510.590654,1,0,857.0347290039062,1018.2428588867188,834.0050048828125,842.2299194335938
1790789510.6015902,1,0,842.2299194335938,991.9231567382812,837.2949829101562,834.0050048828125
1790789510.6125903,1,0,842.2299194335938,991.9231567382812,837.2949829101562,834.0050048828125
1790789510.6233513,1,0,842.2299194335938,991.9231567382812,837.2949829101562,834.0050048828125
1790789510.6348433,1,0,842.2299194335938,991.9231567382812,837.2949829101562,834.0050048828125
1790789510.6463416,1,0,842.2299194335938,991.9231567382812,837.2949829101562,834.0050048828125
1790789510.6578143,1,0,842.2299194335938,991.9231567382812,837.2949829101562,834.0050048828125
1790789510.6690664,1,0,870.194580078125,886.6444091796875,847.1648559570312,860.32470703125
1790789510.6800299,1,0,870.194580078125,886.6444091796875,847.1648559570312,860.32470703125
1790789510.691626,1,0,858.6797485351562,939.2837524414062,842.2299194335938,838.9400024414062
1790789510.7032511,1,0,860.32470703125,820.84521484375,853.7448120117188,850.454833984375
1790789510.714247,1,0,860.32470703125,820.84521484375,853.7448120117188,850.454833984375
1790789510.7256222,1,0,860.32470703125,820.84521484375,853.7448120117188,850.454833984375
1790789510.7364318,1,0,860.32470703125,820.84521484375,853.7448120117188,850.454833984375
1790789510.7474859,1,0,860.32470703125,820.84521484375,853.7448120117188,850.454833984375
1790789510.7585728,1,0,860.32470703125,820.84521484375,853.7448120117188,850.454833984375
1790789510.7697847,1,0,863.6146850585938,820.84521484375,855.3897705078125,865.2596435546875
1790789510.7810264,1,0,853.7448120117188,926.1239624023438,837.2949829101562,832.3600463867188
1790789510.792386,1,0,865.2596435546875,741.8861083984375,847.1648559570312,853.7448120117188
1790789510.8037388,1,0,871.839599609375,942.57373046875,835.6500244140625,837.2949829101562
1790789510.814895,1,0,873.4845581054688,784.6556396484375,857.0347290039062,863.6146850585938
1790789510.8261325,1,0,857.0347290039062,840.5849609375,838.9400024414062,843.8749389648438
1790789510.83707,1,0,857.0347290039062,840.5849609375,838.9400024414062,843.8749389648438
1790789510.8480113,1,0,857.0347290039062,840.5849609375,838.9400024414062,843.8749389648438
1790789510.85893,1,0,857.0347290039062,840.5849609375,838.9400024414062,843.8749389648438
1790789510.8706415,1,0,857.0347290039062,840.5849609375,838.9400024414062,843.8749389648438
1790789510.8820179,1,0,857.0347290039062,840.5849609375,838.9400024414062,843.8749389648438
1790789510.892917,1,0,857.0347290039062,840.5849609375,838.9400024414062,843.8749389648438
1790789510.904174,1,0,725.4363403320312,863.6146850585938,894.8693237304688,715.5664672851562
1790789510.9154341,1,0,764.9158325195312,1018.2428588867188,891.579345703125,751.7560424804688
1790789510.926145,1,0,70.7341537475586,1669.655029296875,26.319684982299805,74.02411651611328
1790789510.9375403,1,0,46.0594482421875,1584.1160888671875,26.319684982299805,49.34941101074219
1790789510.9483643,1,0,57.574310302734375,1663.0750732421875,31.254627227783203,60.86427307128906
1790789510.9597657,1,0,537.9085693359375,1656.4952392578125,848.8098754882812,396.4402770996094
1790789510.9710479,1,0,1329.1441650390625,1641.6904296875,1409.7481689453125,1228.80029296875
1790789510.9817164,1,0,1536.41162109375,1641.6904296875,1564.3763427734375,1413.0380859375
1790789510.9927528,1,0,1536.41162109375,1641.6904296875,1564.3763427734375,1413.0380859375
1790789511.0043666,1,0,1536.41162109375,1641.6904296875,1564.3763427734375,1413.0380859375
1790789511.0153108,1,0,1536.41162109375,1641.6904296875,1564.3763427734375,1413.0380859375
1790789511.0262733,1,0,1536.41162109375,1641.6904296875,1564.3763427734375,1413.0380859375
1790789511.0378911,1,0,1536.41162109375,1641.6904296875,1564.3763427734375,1413.0380859375
1790789511.0489843,1,0,1641.6904296875,1561.0863037109375,1651.560302734375,1663.0750732421875
1790789511.0601861,1,0,1646.6253662109375,1450.8726806640625,1651.560302734375,1664.7200927734375
1790789511.071399,1,0,1651.560302734375,982.0532836914062,1651.560302734375,1664.7200927734375
1790789511.082454,1,0,1659.78515625,955.7335815429688,1653.2052001953125,1666.3651123046875
1790789511.093971,1,0,1653.2052001953125,587.2579956054688,1653.2052001953125,1666.3651123046875
1790789511.1055157,1,0,1654.8502197265625,534.6185913085938,1630.175537109375,1668.010009765625
1790789511.116372,1,0,1654.8502197265625,534.6185913085938,1630.175537109375,1668.010009765625
1790789511.1273708,1,0,1654.8502197265625,534.6185913085938,1630.175537109375,1668.010009765625
1790789511.1386003,1,0,1654.8502197265625,534.6185913085938,1630.175537109375,1668.010009765625
1790789511.149816,1,0,1654.8502197265625,534.6185913085938,1630.175537109375,1668.010009765625
1790789511.1606061,1,0,1654.8502197265625,534.6185913085938,1630.175537109375,1668.010009765625
1790789511.1718702,1,0,1654.8502197265625,534.6185913085938,1630.175537109375,1668.010009765625
1790789511.1837656,1,0,1654.8502197265625,613.5776977539062,1417.9730224609375,1666.3651123046875
1790789511.1952572,1,0,1587.406005859375,508.2989196777344,1317.6292724609375,1631.820556640625
1790789511.2064462,1,0,1495.287109375,541.1985473632812,1243.6051025390625,1528.186767578125
1790789511.2175074,1,0,1404.813232421875,442.4997253417969,1195.9007568359375,1445.937744140625
1790789511.228571,1,0,1404.813232421875,442.4997253417969,1195.9007568359375,1445.937744140625
1790789511.2395244,1,0,1404.813232421875,442.4997253417969,1195.9007568359375,1445.937744140625
1790789511.2501545,1,0,1404.813232421875,442.4997253417969,1195.9007568359375,1445.937744140625
1790789511.2610285,1,0,1404.813232421875,442.4997253417969,1195.9007568359375,1445.937744140625
1790789511.2721717,1,0,1404.813232421875,442.4997253417969,1195.9007568359375,1445.937744140625
1790789511.2832158,1,0,1404.813232421875,442.4997253417969,1195.9007568359375,1445.937744140625
1790789511.2945032,1,0,1362.043701171875,442.4997253417969,1169.5810546875,1408.1031494140625
1790789511.305853,1,0,1110.3616943359375,455.6595458984375,1010.0179443359375,1154.7762451171875
1790789511.3169074,1,0,1097.201904296875,337.2209777832031,1003.43798828125,1139.971435546875
1790789511.328063,1,0,1097.201904296875,337.2209777832031,1003.43798828125,1139.971435546875
1790789511.3394978,1,0,1097.201904296875,337.2209777832031,1003.43798828125,1139.971435546875
1790789511.350426,1,0,1097.201904296875,337.2209777832031,1003.43798828125,1139.971435546875
1790789511.3615751,1,0,1097.201904296875,337.2209777832031,1003.43798828125,1139.971435546875
1790789511.3731198,1,0,1097.201904296875,337.2209777832031,1003.43798828125,1139.971435546875
1790789511.3845336,1,0,1097.201904296875,337.2209777832031,1003.43798828125,1139.971435546875
1790789511.3958085,1,0,1069.2371826171875,442.4997253417969,983.6982421875,1095.556884765625
1790789511.4076965,1,0,996.8580932617188,676.0869140625,935.9938354492188,1006.7279663085938
1790789511.4185524,1,0,972.1834106445312,755.0459594726562,919.5440063476562,996.8580932617188
1790789511.4293764,1,0,963.95849609375,728.726318359375,909.6741333007812,967.2484130859375
1790789511.4404109,1,0,977.1183471679688,728.726318359375,912.964111328125,947.5086669921875
1790789511.4517357,1,0,977.1183471679688,728.726318359375,912.964111328125,947.5086669921875
1790789511.4626153,1,0,977.1183471679688,728.726318359375,912.964111328125,947.5086669921875
1790789511.4737504,1,0,977.1183471679688,728.726318359375,912.964111328125,947.5086669921875
1790789511.4856038,1,0,977.1183471679688,728.726318359375,912.964111328125,947.5086669921875
1790789511.496477,1,0,944.2186889648438,807.6853637695312,898.1592407226562,950.7986450195312
1790789511.5083096,1,0,947.5086669921875,702.4066162109375,903.09423828125,957.3785400390625
1790789511.5197062,1,0,942.57373046875,755.0459594726562,904.7391967773438,950.7986450195312
1790789511.5308313,1,0,914.6090698242188,886.6444091796875,883.3544311523438,914.6090698242188
1790789511.542062,1,0,914.6090698242188,886.6444091796875,883.3544311523438,914.6090698242188
1790789511.5531595,1,0,914.6090698242188,886.6444091796875,883.3544311523438,914.6090698242188
1790789511.5640774,1,0,914.6090698242188,886.6444091796875,883.3544311523438,914.6090698242188
1790789511.5748534,1,0,914.6090698242188,886.6444091796875,883.3544311523438,914.6090698242188
1790789511.5859382,1,0,914.6090698242188,886.6444091796875,883.3544311523438,914.6090698242188
1790789511.5969985,1,0,917.8990478515625,886.6444091796875,875.1295166015625,916.2540283203125
1790789511.6078625,1,0,891.579345703125,860.32470703125,863.6146850585938,893.2243041992188
1790789511.6190693,1,0,884.9994506835938,912.964111328125,852.0997924804688,876.7745361328125
1790789511.6300611,1,0,909.6741333007812,781.3656616210938,866.9046630859375,893.2243041992188
1790789511.640928,1,0,888.2893676757812,926.1239624023438,852.0997924804688,875.1295166015625
1790789511.652193,1,0,888.2893676757812,899.8042602539062,853.7448120117188,871.839599609375
1790789511.663615,1,0,880.064453125,952.443603515625,853.7448120117188,883.3544311523438
1790789511.674689,1,0,899.8042602539062,926.1239624023438,860.32470703125,878.4194946289062
1790789511.6857958,1,0,899.8042602539062,926.1239624023438,860.32470703125,878.4194946289062
1790789511.6965628,1,0,899.8042602539062,926.1239624023438,860.32470703125,878.4194946289062
1790789511.7073424,1,0,899.8042602539062,926.1239624023438,860.32470703125,878.4194946289062
1790789511.7183967,1,0,899.8042602539062,926.1239624023438,860.32470703125,878.4194946289062
1790789511.7295256,1,0,899.8042602539062,926.1239624023438,860.32470703125,878.4194946289062
1790789511.740854,1,0,875.1295166015625,873.4845581054688,861.9697265625,888.2893676757812
1790789511.7522607,1,0,904.7391967773438,978.7633056640625,855.3897705078125,880.064453125
1790789511.7633955,1,0,875.1295166015625,1084.0419921875,843.8749389648438,871.839599609375
1790789511.7746768,1,0,881.70947265625,1084.0419921875,855.3897705078125,883.3544311523438
1790789511.785422,1,0,881.70947265625,1057.722412109375,858.6797485351562,875.1295166015625
1790789511.7964604,1,0,865.2596435546875,1163.0010986328125,852.0997924804688,881.70947265625
1790789511.8072999,1,0,865.2596435546875,1163.0010986328125,852.0997924804688,881.70947265625
1790789511.8182805,1,0,870.194580078125,1163.0010986328125,845.5198974609375,855.3897705078125
1790789511.8294644,1,0,870.194580078125,1163.0010986328125,845.5198974609375,855.3897705078125
1790789511.8403382,1,0,870.194580078125,1163.0010986328125,845.5198974609375,855.3897705078125
1790789511.8517022,1,0,870.194580078125,1163.0010986328125,845.5198974609375,855.3897705078125
1790789511.862891,1,0,901.44921875,1031.4027099609375,860.32470703125,884.9994506835938
1790789511.874021,1,0,876.7745361328125,1163.0010986328125,843.8749389648438,870.194580078125
1790789511.885368,1,0,863.6146850585938,1136.681396484375,845.5198974609375,863.6146850585938
1790789511.896577,1,0,868.5496215820312,1084.0419921875,845.5198974609375,876.7745361328125
1790789511.9079828,1,0,868.5496215820312,1084.0419921875,845.5198974609375,876.7745361328125
1790789511.9195125,1,0,868.5496215820312,1084.0419921875,845.5198974609375,876.7745361328125
1790789511.9307685,1,0,868.5496215820312,1084.0419921875,845.5198974609375,876.7745361328125
1790789511.941824,1,0,868.5496215820312,1084.0419921875,845.5198974609375,876.7745361328125
1790789511.9535236,1,0,884.9994506835938,1084.0419921875,848.8098754882812,880.064453125
1790789511.964927,1,0,881.70947265625,1110.3616943359375,848.8098754882812,858.6797485351562
1790789511.9757466,1,0,850.454833984375,919.5440063476562,830.715087890625,835.6500244140625
1790789511.9868145,1,0,881.70947265625,761.6259155273438,853.7448120117188,871.839599609375
1790789511.9977186,1,0,829.070068359375,787.945556640625,848.8098754882812,819.2001953125
1790789512.008548,1,0,857.0347290039062,840.5849609375,896.5142822265625,843.8749389648438
1790789512.0197809,1,0,857.0347290039062,840.5849609375,896.5142822265625,843.8749389648438
1790789512.0305715,1,0,857.0347290039062,840.5849609375,896.5142822265625,843.8749389648438
1790789512.0413637,1,0,857.0347290039062,840.5849609375,896.5142822265625,843.8749389648438
1790789512.0521083,1,0,857.0347290039062,840.5849609375,896.5142822265625,843.8749389648438
1790789512.0635178,1,0,857.0347290039062,840.5849609375,896.5142822265625,843.8749389648438
1790789512.074972,1,0,746.8211059570312,919.5440063476562,932.703857421875,732.0162353515625
1790789512.0862083,1,0,799.46044921875,919.5440063476562,880.064453125,718.8563842773438
1790789512.0970578,1,0,167.78799438476562,1404.813232421875,172.72293090820312,88.82894134521484
1790789512.108086,1,0,157.91810607910156,1360.3988037109375,218.78237915039062,80.60403442382812
1790789512.119077,1,0,157.91810607910156,1360.3988037109375,218.78237915039062,80.60403442382812
1790789512.136353,1,0,157.91810607910156,1360.3988037109375,218.78237915039062,80.60403442382812
1790789512.1506014,1,0,157.91810607910156,1360.3988037109375,218.78237915039062,80.60403442382812
1790789512.1635125,1,0,157.91810607910156,1360.3988037109375,218.78237915039062,80.60403442382812
1790789512.1762273,1,0,164.49803161621094,1496.93212890625,187.5277557373047,83.89399719238281
1790789512.1880283,1,0,164.49803161621094,1511.7369384765625,212.2024688720703,82.24901580810547
1790789512.1999173,1,0,167.78799438476562,1511.7369384765625,261.5518798828125,82.24901580810547
1790789512.212129,1,0,440.854736328125,1529.8316650390625,676.0869140625,248.39202880859375
1790789512.2232893,1,0,1574.2462158203125,46.0594482421875,1166.291015625,1431.1329345703125
1790789512.23475,1,0,1559.44140625,47.704429626464844,1108.716796875,1419.6180419921875
1790789512.2463224,1,0,1488.7071533203125,44.41447067260742,1061.0123291015625,1355.4637451171875
1790789512.2575378,1,0,1454.16259765625,46.0594482421875,1036.337646484375,1311.04931640625
1790789512.268369,1,0,1454.16259765625,46.0594482421875,1036.337646484375,1311.04931640625
1790789512.279444,1,0,1454.16259765625,46.0594482421875,1036.337646484375,1311.04931640625
1790789512.2907305,1,0,1454.16259765625,46.0594482421875,1036.337646484375,1311.04931640625
1790789512.301999,1,0,1454.16259765625,46.0594482421875,1036.337646484375,1311.04931640625
1790789512.3130045,1,0,1454.16259765625,46.0594482421875,1036.337646484375,1311.04931640625
1790789512.324157,1,0,1454.16259765625,46.0594482421875,1036.337646484375,1311.04931640625
1790789512.3354554,1,0,1454.16259765625,46.0594482421875,1036.337646484375,1311.04931640625
1790789512.3472931,1,0,1276.5047607421875,65.7992172241211,932.703857421875,1146.55126953125
1790789512.3580246,1,0,940.9287719726562,465.5294494628906,875.1295166015625,751.7560424804688
1790789512.3687186,1,0,940.9287719726562,465.5294494628906,875.1295166015625,751.7560424804688
1790789512.380001,1,0,256.616943359375,518.1688232421875,309.2563171386719,54.28435134887695
1790789512.3910515,1,0,125.01850891113281,597.1278686523438,39.47952651977539,0.0
1790789512.402533,1,0,125.01850891113281,597.1278686523438,39.47952651977539,0.0
1790789512.4137232,1,0,125.01850891113281,597.1278686523438,39.47952651977539,0.0
1790789512.424635,1,0,125.01850891113281,597.1278686523438,39.47952651977539,0.0
1790789512.4359865,1,0,125.01850891113281,597.1278686523438,39.47952651977539,0.0
1790789512.4473174,1,0,125.01850891113281,597.1278686523438,39.47952651977539,0.0
1790789512.4587114,1,0,125.01850891113281,597.1278686523438,39.47952651977539,0.0
1790789512.4697828,1,0,18.094783782958984,1554.5064697265625,32.89960861206055,23.02972412109375
1790789512.4807656,1,0,19.739763259887695,1539.70166015625,103.63375854492188,19.739763259887695
1790789512.4920871,1,0,21.38474464416504,1546.281494140625,208.91250610351562,24.674705505371094
1790789512.503299,1,0,21.38474464416504,1546.281494140625,208.91250610351562,24.674705505371094
1790789512.5145183,1,0,21.38474464416504,1546.281494140625,208.91250610351562,24.674705505371094
1790789512.5253856,1,0,21.38474464416504,1546.281494140625,208.91250610351562,24.674705505371094
1790789512.5373192,1,0,21.38474464416504,1546.281494140625,208.91250610351562,24.674705505371094
1790789512.548758,1,0,634.96240234375,1646.6253662109375,865.2596435546875,518.1688232421875
1790789512.5599675,1,0,968.8934326171875,1656.4952392578125,1029.7576904296875,815.9102783203125
1790789512.5708652,1,0,1659.78515625,707.341552734375,1549.571533203125,1651.560302734375
1790789512.5818253,1,0,1648.270263671875,19.739763259887695,1602.2108154296875,1651.560302734375
1790789512.5927355,1,0,1649.915283203125,11.514862060546875,1556.1513671875,1649.915283203125
1790789512.6037138,1,0,1651.560302734375,21.38474464416504,1516.671875,1653.2052001953125
1790789512.6145568,1,0,1654.8502197265625,41.124507904052734,1503.5120849609375,1656.4952392578125
1790789512.625659,1,0,1654.8502197265625,41.124507904052734,1503.5120849609375,1656.4952392578125
1790789512.6362486,1,0,1654.8502197265625,41.124507904052734,1503.5120849609375,1656.4952392578125
1790789512.6474693,1,0,1654.8502197265625,41.124507904052734,1503.5120849609375,1656.4952392578125
1790789512.6582108,1,0,1654.8502197265625,41.124507904052734,1503.5120849609375,1656.4952392578125
1790789512.6691775,1,0,1654.8502197265625,41.124507904052734,1503.5120849609375,1656.4952392578125
1790789512.680612,1,0,1654.8502197265625,41.124507904052734,1503.5120849609375,1656.4952392578125
1790789512.691777,1,0,1653.2052001953125,29.60964584350586,1424.552978515625,1654.8502197265625
1790789512.7026412,1,0,1621.9505615234375,27.96466636657715,1174.5159912109375,1644.9803466796875
1790789512.7144005,1,0,1534.7666015625,27.96466636657715,1121.8765869140625,1541.3465576171875
1790789512.7256844,1,0,1534.7666015625,27.96466636657715,1121.8765869140625,1541.3465576171875
1790789512.7372153,1,0,1534.7666015625,27.96466636657715,1121.8765869140625,1541.3465576171875
1790789512.7478206,1,0,1534.7666015625,27.96466636657715,1121.8765869140625,1541.3465576171875
1790789512.758663,1,0,1534.7666015625,27.96466636657715,1121.8765869140625,1541.3465576171875
1790789512.7703285,1,0,1534.7666015625,27.96466636657715,1121.8765869140625,1541.3465576171875
1790789512.7820184,1,0,1436.06787109375,31.254627227783203,1082.3970947265625,1462.3875732421875
1790789512.793311,1,0,1309.404296875,77.31407928466797,1024.82275390625,1335.7239990234375
1790789512.8048184,1,0,1283.084716796875,129.9534454345703,1014.952880859375,1317.6292724609375
1790789512.8160746,1,0,1276.5047607421875,156.27313232421875,1005.0830078125,1311.04931640625
1790789512.827413,1,0,1085.68701171875,343.8009033203125,922.833984375,1085.68701171875
1790789512.8383374,1,0,1033.047607421875,343.8009033203125,904.7391967773438,1054.432373046875
1790789512.849382,1,0,1021.5327758789062,370.1205749511719,894.8693237304688,1006.7279663085938
1790789512.8606918,1,0,998.5030517578125,422.75994873046875,876.7745361328125,986.9882202148438
1790789512.871917,1,0,963.95849609375,449.0796203613281,871.839599609375,978.7633056640625
1790789512.8834488,1,0,963.95849609375,449.0796203613281,871.839599609375,978.7633056640625
1790789512.8947814,1,0,963.95849609375,449.0796203613281,871.839599609375,978.7633056640625
1790789512.905609,1,0,963.95849609375,449.0796203613281,871.839599609375,978.7633056640625
1790789512.9166913,1,0,963.95849609375,449.0796203613281,871.839599609375,978.7633056640625
1790789512.928269,1,0,963.95849609375,449.0796203613281,871.839599609375,978.7633056640625
1790789512.9403088,1,0,954.088623046875,501.718994140625,865.2596435546875,947.5086669921875
1790789512.9517262,1,0,935.9938354492188,554.3583984375,850.454833984375,921.18896484375
1790789512.9632764,1,0,932.703857421875,449.0796203613281,870.194580078125,945.8637084960938
1790789512.9743164,1,0,942.57373046875,478.68927001953125,861.9697265625,927.7689208984375
1790789512.9855404,1,0,926.1239624023438,541.1985473632812,855.3897705078125,912.964111328125
1790789512.9965038,1,0,911.319091796875,541.1985473632812,852.0997924804688,908.0291748046875
1790789513.0072694,1,0,911.319091796875,541.1985473632812,852.0997924804688,908.0291748046875
1790789513.018403,1,0,911.319091796875,541.1985473632812,852.0997924804688,908.0291748046875
1790789513.029688,1,0,911.319091796875,541.1985473632812,852.0997924804688,908.0291748046875
1790789513.041093,1,0,911.319091796875,541.1985473632812,852.0997924804688,908.0291748046875
1790789513.0526543,1,0,911.319091796875,541.1985473632812,852.0997924804688,908.0291748046875
1790789513.0640357,1,0,929.4138793945312,485.2691955566406,860.32470703125,912.964111328125
1790789513.0753024,1,0,903.09423828125,564.228271484375,840.5849609375,889.9343872070312
1790789513.0868776,1,0,903.09423828125,564.228271484375,840.5849609375,889.9343872070312
1790789513.0980031,1,0,903.09423828125,564.228271484375,840.5849609375,889.9343872070312
1790789513.1090791,1,0,903.09423828125,564.228271484375,840.5849609375,889.9343872070312
1790789513.1197102,1,0,903.09423828125,564.228271484375,840.5849609375,889.9343872070312
1790789513.1307704,1,0,903.09423828125,564.228271484375,840.5849609375,889.9343872070312
1790789513.1422844,1,0,912.964111328125,776.4307250976562,860.32470703125,893.2243041992188
1790789513.1533017,1,0,909.6741333007812,789.590576171875,853.7448120117188,870.194580078125
1790789513.1639428,1,0,888.2893676757812,776.4307250976562,857.0347290039062,893.2243041992188
1790789513.1750739,1,0,878.4194946289062,773.1407470703125,861.9697265625,898.1592407226562
1790789513.185969,1,0,881.70947265625,832.3600463867188,848.8098754882812,865.2596435546875
1790789513.197216,1,0,880.064453125,832.3600463867188,861.9697265625,893.2243041992188
1790789513.2083004,1,0,880.064453125,832.3600463867188,861.9697265625,893.2243041992188
1790789513.2196074,1,0,880.064453125,832.3600463867188,861.9697265625,893.2243041992188
1790789513.2306056,1,0,880.064453125,832.3600463867188,861.9697265625,893.2243041992188
1790789513.241674,1,0,880.064453125,832.3600463867188,861.9697265625,893.2243041992188
1790789513.2531464,1,0,880.064453125,832.3600463867188,861.9697265625,893.2243041992188
1790789513.2644196,1,0,883.3544311523438,832.3600463867188,863.6146850585938,891.579345703125
1790789513.2752738,1,0,875.1295166015625,990.2781372070312,837.2949829101562,843.8749389648438
1790789513.2859457,1,0,881.70947265625,924.4789428710938,847.1648559570312,875.1295166015625
1790789513.296922,1,0,893.2243041992188,924.4789428710938,845.5198974609375,868.5496215820312
1790789513.3078701,1,0,893.2243041992188,924.4789428710938,845.5198974609375,868.5496215820312
1790789513.3196113,1,0,893.2243041992188,924.4789428710938,845.5198974609375,868.5496215820312
1790789513.3306508,1,0,893.2243041992188,924.4789428710938,845.5198974609375,868.5496215820312
1790789513.3419867,1,0,893.2243041992188,924.4789428710938,845.5198974609375,868.5496215820312
1790789513.35345,1,0,893.2243041992188,924.4789428710938,845.5198974609375,868.5496215820312
1790789513.364644,1,0,883.3544311523438,924.4789428710938,842.2299194335938,880.064453125
1790789513.3759224,1,0,876.7745361328125,898.1592407226562,843.8749389648438,873.4845581054688
1790789513.3869026,1,0,901.44921875,898.1592407226562,848.8098754882812,871.839599609375
1790789513.3978684,1,0,884.9994506835938,1082.3970947265625,848.8098754882812,858.6797485351562
1790789513.4087846,1,0,873.4845581054688,1082.3970947265625,843.8749389648438,875.1295166015625
1790789513.4202013,1,0,901.44921875,1029.7576904296875,850.454833984375,876.7745361328125
1790789513.431949,1,0,878.4194946289062,1029.7576904296875,853.7448120117188,858.6797485351562
1790789513.4435403,0,0,884.9994506835938,1056.077392578125,845.5198974609375,881.70947265625
1790789513.4551678,0,0,861.9697265625,1082.3970947265625,840.5849609375,838.9400024414062
1790789513.4662642,0,0,861.9697265625,1082.3970947265625,840.5849609375,838.9400024414062
1790789513.4772193,0,0,861.9697265625,1082.3970947265625,840.5849609375,838.9400024414062
1790789513.4885414,0,0,861.9697265625,1082.3970947265625,840.5849609375,838.9400024414062
1790789513.499682,0,0,861.9697265625,1082.3970947265625,840.5849609375,838.9400024414062
1790789513.510773,0,0,861.9697265625,1082.3970947265625,840.5849609375,838.9400024414062
1790789513.5224025,0,0,861.9697265625,1082.3970947265625,840.5849609375,838.9400024414062
1790789513.5336692,0,0,908.0291748046875,950.7986450195312,860.32470703125,883.3544311523438
1790789513.5448549,0,0,908.0291748046875,950.7986450195312,860.32470703125,883.3544311523438
1790789513.5558326,0,0,898.1592407226562,1003.43798828125,850.454833984375,880.064453125
1790789513.5667872,0,0,873.4845581054688,1082.3970947265625,845.5198974609375,863.6146850585938
1790789513.578084,0,0,865.2596435546875,1105.4267578125,842.2299194335938,868.5496215820312
1790789513.5898623,0,0,865.2596435546875,1105.4267578125,842.2299194335938,868.5496215820312
1790789513.600858,0,0,865.2596435546875,1105.4267578125,842.2299194335938,868.5496215820312
1790789513.6126058,0,0,865.2596435546875,1105.4267578125,842.2299194335938,868.5496215820312
1790789513.6239717,0,0,868.5496215820312,1105.4267578125,838.9400024414062,840.5849609375
1790789513.6358185,0,0,861.9697265625,1065.947265625,847.1648559570312,855.3897705078125
1790789513.6473122,0,0,873.4845581054688,1065.947265625,845.5198974609375,848.8098754882812
1790789513.658398,0,0,871.839599609375,830.715087890625,848.8098754882812,865.2596435546875
1790789513.6694553,0,0,878.4194946289062,699.1166381835938,865.2596435546875,883.3544311523438
1790789513.6805902,0,0,878.4194946289062,699.1166381835938,865.2596435546875,883.3544311523438
1790789513.6921573,0,0,878.4194946289062,699.1166381835938,865.2596435546875,883.3544311523438
1790789513.7032306,0,0,878.4194946289062,699.1166381835938,865.2596435546875,883.3544311523438
1790789513.7142127,0,0,878.4194946289062,699.1166381835938,865.2596435546875,883.3544311523438
1790789513.72511,0,0,878.4194946289062,699.1166381835938,865.2596435546875,883.3544311523438
1790789513.7365892,0,0,873.4845581054688,725.4363403320312,855.3897705078125,865.2596435546875
1790789513.747626,0,0,878.4194946289062,778.07568359375,847.1648559570312,853.7448120117188
1790789513.7589645,0,0,880.064453125,725.4363403320312,852.0997924804688,855.3897705078125
1790789513.7700856,0,0,868.5496215820312,764.9158325195312,848.8098754882812,860.32470703125
1790789513.781269,0,0,876.7745361328125,791.2355346679688,842.2299194335938,850.454833984375
1790789513.7918584,0,0,881.70947265625,725.4363403320312,857.0347290039062,855.3897705078125
1790789513.8028939,0,0,881.70947265625,725.4363403320312,857.0347290039062,855.3897705078125
1790789513.8139102,0,0,881.70947265625,725.4363403320312,857.0347290039062,855.3897705078125
1790789513.8253503,0,0,881.70947265625,725.4363403320312,857.0347290039062,855.3897705078125
1790789513.836169,0,0,881.70947265625,725.4363403320312,857.0347290039062,855.3897705078125
1790789513.8474166,0,0,881.70947265625,725.4363403320312,857.0347290039062,855.3897705078125
1790789513.8584857,0,0,852.0997924804688,860.32470703125,827.4251098632812,827.4251098632812
1790789513.869706,0,0,880.064453125,708.9865112304688,852.0997924804688,871.839599609375
1790789513.8807976,0,0,880.064453125,764.9158325195312,837.2949829101562,857.0347290039062
1790789513.8918402,0,0,838.9400024414062,834.0050048828125,832.3600463867188,845.5198974609375
1790789513.9028587,0,0,838.9400024414062,834.0050048828125,832.3600463867188,845.5198974609375
1790789513.9141767,0,0,838.9400024414062,834.0050048828125,832.3600463867188,845.5198974609375
1790789513.9250464,0,0,838.9400024414062,834.0050048828125,832.3600463867188,845.5198974609375
1790789513.9361818,0,0,838.9400024414062,834.0050048828125,832.3600463867188,845.5198974609375
1790789513.9470723,0,0,838.9400024414062,834.0050048828125,832.3600463867188,845.5198974609375
1790789513.9579053,0,0,870.194580078125,715.5664672851562,853.7448120117188,866.9046630859375
1790789513.9692235,0,0,870.194580078125,791.2355346679688,838.9400024414062,858.6797485351562
1790789513.9803252,0,0,855.3897705078125,764.9158325195312,840.5849609375,852.0997924804688
1790789513.9910839,0,0,888.2893676757812,725.4363403320312,853.7448120117188,876.7745361328125
1790789514.002184,0,0,888.2893676757812,725.4363403320312,853.7448120117188,876.7745361328125
1790789514.0131385,0,0,888.2893676757812,725.4363403320312,853.7448120117188,876.7745361328125
1790789514.024592,0,0,888.2893676757812,725.4363403320312,853.7448120117188,876.7745361328125
1790789514.0362465,0,0,888.2893676757812,725.4363403320312,853.7448120117188,876.7745361328125
1790789514.047573,0,0,888.2893676757812,725.4363403320312,853.7448120117188,876.7745361328125
1790789514.0584607,0,0,888.2893676757812,725.4363403320312,853.7448120117188,876.7745361328125
1790789514.0697255,0,0,852.0997924804688,817.5552368164062,837.2949829101562,848.8098754882812
1790789514.0812502,0,0,866.9046630859375,751.7560424804688,848.8098754882812,855.3897705078125
1790789514.0920036,0,0,896.5142822265625,685.956787109375,861.9697265625,888.2893676757812
1790789514.1030269,0,0,866.9046630859375,771.4957885742188,848.8098754882812,860.32470703125
1790789514.1139088,0,0,868.5496215820312,801.1054077148438,842.2299194335938,863.6146850585938
1790789514.1249702,0,0,868.5496215820312,801.1054077148438,842.2299194335938,863.6146850585938
1790789514.136045,0,0,868.5496215820312,801.1054077148438,842.2299194335938,863.6146850585938
1790789514.147372,0,0,868.5496215820312,801.1054077148438,842.2299194335938,863.6146850585938
1790789514.158385,0,0,868.5496215820312,801.1054077148438,842.2299194335938,863.6146850585938
1790789514.16913,0,0,868.5496215820312,801.1054077148438,842.2299194335938,863.6146850585938
1790789514.1802504,0,0,868.5496215820312,801.1054077148438,842.2299194335938,863.6146850585938
1790789514.1912534,0,0,868.5496215820312,801.1054077148438,842.2299194335938,863.6146850585938
1790789514.2020183,0,0,868.5496215820312,801.1054077148438,842.2299194335938,863.6146850585938
1790789514.213493,0,0,868.5496215820312,801.1054077148438,842.2299194335938,863.6146850585938
1790789514.224613,0,0,865.2596435546875,791.2355346679688,842.2299194335938,855.3897705078125
1790789514.2364423,0,0,883.3544311523438,699.1166381835938,852.0997924804688,860.32470703125
1790789514.2476344,0,0,875.1295166015625,804.3953857421875,840.5849609375,838.9400024414062
1790789514.259265,0,0,855.3897705078125,725.4363403320312,850.454833984375,870.194580078125
1790789514.2705677,0,0,858.6797485351562,875.1295166015625,838.9400024414062,845.5198974609375
1790789514.2813697,0,0,847.1648559570312,835.6500244140625,840.5849609375,850.454833984375
1790789514.2923229,0,0,847.1648559570312,835.6500244140625,840.5849609375,850.454833984375
1790789514.3035967,0,0,847.1648559570312,835.6500244140625,840.5849609375,850.454833984375
1790789514.314968,0,0,847.1648559570312,835.6500244140625,840.5849609375,850.454833984375
1790789514.325558,0,0,847.1648559570312,835.6500244140625,840.5849609375,850.454833984375
1790789514.336628,0,0,847.1648559570312,835.6500244140625,840.5849609375,850.454833984375
1790789514.3525732,0,0,847.1648559570312,835.6500244140625,840.5849609375,850.454833984375
1790789514.3781614,0,0,866.9046630859375,743.5311279296875,853.7448120117188,863.6146850585938
1790789514.3894975,0,0,870.194580078125,835.6500244140625,837.2949829101562,852.0997924804688
1790789514.4008565,0,0,871.839599609375,848.8098754882812,842.2299194335938,850.454833984375
1790789514.413474,0,0,865.2596435546875,756.6909790039062,853.7448120117188,875.1295166015625
1790789514.42587,0,0,840.5849609375,822.4901733398438,840.5849609375,855.3897705078125
1790789514.4373841,0,0,838.9400024414062,861.9697265625,829.070068359375,840.5849609375
1790789514.44949,0,0,838.9400024414062,861.9697265625,829.070068359375,840.5849609375
1790789514.4610605,0,0,838.9400024414062,861.9697265625,829.070068359375,840.5849609375
1790789514.4745839,0,0,863.6146850585938,783.0106201171875,842.2299194335938,847.1648559570312
1790789514.486301,0,0,852.0997924804688,835.6500244140625,840.5849609375,853.7448120117188
1790789514.4978034,0,0,861.9697265625,783.0106201171875,847.1648559570312,852.0997924804688
