Timestamp,Trigger,Sensores_OK,TP9,FP1,FP2,TP10
1790789004.8272288,0,1,774.7857666015625,825.7801513671875,817.5552368164062,829.070068359375
1790789004.8381243,0,1,807.6853637695312,824.1351318359375,819.2001953125,834.0050048828125
1790789004.8495135,0,1,822.4901733398438,825.7801513671875,829.070068359375,838.9400024414062
1790789004.8604136,0,1,840.5849609375,830.715087890625,847.1648559570312,825.7801513671875
1790789004.8712518,0,1,875.1295166015625,832.3600463867188,850.454833984375,835.6500244140625
1790789004.8821595,0,1,850.454833984375,829.070068359375,857.0347290039062,843.8749389648438
1790789004.8932521,0,1,840.5849609375,812.6203002929688,837.2949829101562,835.6500244140625
1790789004.904356,0,1,855.3897705078125,810.9752807617188,825.7801513671875,835.6500244140625
1790789004.915465,0,1,837.2949829101562,815.9102783203125,819.2001953125,825.7801513671875
1790789004.9264066,0,1,883.3544311523438,820.84521484375,842.2299194335938,843.8749389648438
1790789004.937544,0,1,883.3544311523438,820.84521484375,842.2299194335938,843.8749389648438
1790789004.9482656,0,1,883.3544311523438,820.84521484375,842.2299194335938,843.8749389648438
1790789004.9593315,0,1,883.3544311523438,820.84521484375,842.2299194335938,843.8749389648438
1790789004.970024,0,1,883.3544311523438,820.84521484375,842.2299194335938,843.8749389648438
1790789004.9818356,0,1,883.3544311523438,820.84521484375,842.2299194335938,843.8749389648438
1790789004.9931872,0,1,860.32470703125,820.84521484375,827.4251098632812,825.7801513671875
1790789005.0044236,0,1,848.8098754882812,819.2001953125,814.2652587890625,847.1648559570312
1790789005.0160353,0,1,855.3897705078125,817.5552368164062,806.0403442382812,853.7448120117188
1790789005.027385,0,1,855.3897705078125,817.5552368164062,806.0403442382812,853.7448120117188
1790789005.0397015,0,1,855.3897705078125,817.5552368164062,806.0403442382812,853.7448120117188
1790789005.050904,0,1,855.3897705078125,817.5552368164062,806.0403442382812,853.7448120117188
1790789005.0623052,0,1,855.3897705078125,817.5552368164062,806.0403442382812,853.7448120117188
1790789005.0734313,0,1,876.7745361328125,827.4251098632812,832.3600463867188,857.0347290039062
1790789005.0849462,0,1,884.9994506835938,832.3600463867188,848.8098754882812,845.5198974609375
1790789005.096204,0,1,886.6444091796875,820.84521484375,830.715087890625,860.32470703125
1790789005.107641,0,1,901.44921875,832.3600463867188,868.5496215820312,845.5198974609375
1790789005.1188948,0,1,865.2596435546875,825.7801513671875,834.0050048828125,857.0347290039062
1790789005.129955,0,1,865.2596435546875,825.7801513671875,834.0050048828125,857.0347290039062
1790789005.1409922,0,1,865.2596435546875,825.7801513671875,834.0050048828125,857.0347290039062
1790789005.152064,0,1,865.2596435546875,825.7801513671875,834.0050048828125,857.0347290039062
1790789005.1633787,0,1,865.2596435546875,825.7801513671875,834.0050048828125,857.0347290039062
1790789005.174595,0,1,865.2596435546875,825.7801513671875,834.0050048828125,857.0347290039062
1790789005.185727,0,1,886.6444091796875,822.4901733398438,852.0997924804688,861.9697265625
1790789005.1967642,0,1,880.064453125,822.4901733398438,860.32470703125,853.7448120117188
1790789005.2075956,0,1,916.2540283203125,827.4251098632812,852.0997924804688,871.839599609375
1790789005.218439,0,1,876.7745361328125,829.070068359375,843.8749389648438,848.8098754882812
1790789005.2297528,0,1,876.7745361328125,829.070068359375,843.8749389648438,848.8098754882812
1790789005.240814,0,1,876.7745361328125,829.070068359375,843.8749389648438,848.8098754882812
1790789005.2527342,0,1,876.7745361328125,829.070068359375,843.8749389648438,848.8098754882812
1790789005.2643228,0,1,876.7745361328125,829.070068359375,843.8749389648438,848.8098754882812
1790789005.275109,0,1,889.9343872070312,824.1351318359375,845.5198974609375,855.3897705078125
1790789005.286109,0,1,857.0347290039062,817.5552368164062,820.84521484375,843.8749389648438
1790789005.2973423,0,1,876.7745361328125,819.2001953125,834.0050048828125,850.454833984375
1790789005.308626,0,1,896.5142822265625,829.070068359375,855.3897705078125,852.0997924804688
1790789005.3195214,0,1,873.4845581054688,820.84521484375,825.7801513671875,847.1648559570312
1790789005.3305364,0,1,889.9343872070312,834.0050048828125,848.8098754882812,848.8098754882812
1790789005.3418539,0,1,889.9343872070312,834.0050048828125,848.8098754882812,848.8098754882812
1790789005.3528621,0,1,889.9343872070312,834.0050048828125,848.8098754882812,848.8098754882812
1790789005.3636868,0,1,889.9343872070312,834.0050048828125,848.8098754882812,848.8098754882812
1790789005.374904,0,1,889.9343872070312,834.0050048828125,848.8098754882812,848.8098754882812
1790789005.3858945,0,1,889.9343872070312,834.0050048828125,848.8098754882812,848.8098754882812
1790789005.3969653,0,1,889.9343872070312,834.0050048828125,848.8098754882812,848.8098754882812
1790789005.4081233,0,1,889.9343872070312,834.0050048828125,848.8098754882812,848.8098754882812
1790789005.4191792,0,1,889.9343872070312,834.0050048828125,848.8098754882812,848.8098754882812
1790789005.4299552,0,1,873.4845581054688,824.1351318359375,830.715087890625,866.9046630859375
1790789005.4409933,0,1,873.4845581054688,824.1351318359375,830.715087890625,866.9046630859375
1790789005.453059,0,1,861.9697265625,830.715087890625,827.4251098632812,840.5849609375
1790789005.4639282,0,1,875.1295166015625,837.2949829101562,824.1351318359375,847.1648559570312
1790789005.4755313,0,1,888.2893676757812,830.715087890625,820.84521484375,847.1648559570312
1790789005.487167,0,1,888.2893676757812,837.2949829101562,847.1648559570312,838.9400024414062
1790789005.4986224,0,1,888.2893676757812,837.2949829101562,847.1648559570312,838.9400024414062
1790789005.510143,0,1,888.2893676757812,837.2949829101562,847.1648559570312,838.9400024414062
1790789005.5218287,0,1,888.2893676757812,837.2949829101562,847.1648559570312,838.9400024414062
1790789005.5336037,0,1,888.2893676757812,837.2949829101562,847.1648559570312,838.9400024414062
1790789005.545097,0,1,904.7391967773438,834.0050048828125,855.3897705078125,857.0347290039062
1790789005.5574524,0,1,870.194580078125,834.0050048828125,832.3600463867188,848.8098754882812
1790789005.5685537,0,1,870.194580078125,834.0050048828125,832.3600463867188,848.8098754882812
1790789005.5797453,0,1,871.839599609375,819.2001953125,822.4901733398438,861.9697265625
1790789005.590694,0,1,912.964111328125,845.5198974609375,861.9697265625,840.5849609375
1790789005.6016161,0,1,837.2949829101562,829.070068359375,817.5552368164062,829.070068359375
1790789005.6128385,0,1,837.2949829101562,829.070068359375,817.5552368164062,829.070068359375
1790789005.6243434,0,1,837.2949829101562,829.070068359375,817.5552368164062,829.070068359375
1790789005.635329,0,1,837.2949829101562,829.070068359375,817.5552368164062,829.070068359375
1790789005.646761,0,1,894.8693237304688,827.4251098632812,842.2299194335938,858.6797485351562
1790789005.6574082,0,1,863.6146850585938,829.070068359375,838.9400024414062,857.0347290039062
1790789005.668269,0,1,842.2299194335938,824.1351318359375,825.7801513671875,845.5198974609375
1790789005.6794589,0,1,853.7448120117188,832.3600463867188,832.3600463867188,850.454833984375
1790789005.6907427,0,1,870.194580078125,834.0050048828125,827.4251098632812,858.6797485351562
1790789005.7020178,0,1,870.194580078125,834.0050048828125,827.4251098632812,858.6797485351562
1790789005.7127979,0,1,870.194580078125,834.0050048828125,827.4251098632812,858.6797485351562
1790789005.7234852,0,1,870.194580078125,834.0050048828125,827.4251098632812,858.6797485351562
1790789005.7343225,0,1,870.194580078125,834.0050048828125,827.4251098632812,858.6797485351562
1790789005.7456129,0,1,870.194580078125,834.0050048828125,827.4251098632812,858.6797485351562
1790789005.7571535,0,1,881.70947265625,832.3600463867188,825.7801513671875,857.0347290039062
1790789005.7682374,0,1,883.3544311523438,830.715087890625,832.3600463867188,865.2596435546875
1790789005.779717,0,1,853.7448120117188,829.070068359375,825.7801513671875,845.5198974609375
1790789005.7911704,0,1,866.9046630859375,822.4901733398438,822.4901733398438,857.0347290039062
1790789005.8028154,0,1,858.6797485351562,819.2001953125,837.2949829101562,858.6797485351562
1790789005.8137195,0,1,858.6797485351562,819.2001953125,837.2949829101562,858.6797485351562
1790789005.8245842,0,1,858.6797485351562,819.2001953125,837.2949829101562,858.6797485351562
1790789005.8357038,0,1,858.6797485351562,819.2001953125,837.2949829101562,858.6797485351562
1790789005.847293,0,1,858.6797485351562,819.2001953125,837.2949829101562,858.6797485351562
1790789005.8587527,0,1,858.6797485351562,819.2001953125,837.2949829101562,858.6797485351562
1790789005.870566,0,1,837.2949829101562,812.6203002929688,814.2652587890625,853.7448120117188
1790789005.8822062,0,1,837.2949829101562,815.9102783203125,814.2652587890625,853.7448120117188
1790789005.8936343,0,1,858.6797485351562,807.6853637695312,819.2001953125,857.0347290039062
1790789005.9046812,0,1,860.32470703125,817.5552368164062,834.0050048828125,834.0050048828125
1790789005.9162457,0,1,860.32470703125,817.5552368164062,834.0050048828125,834.0050048828125
1790789005.9274628,0,1,860.32470703125,817.5552368164062,834.0050048828125,834.0050048828125
1790789005.939141,0,1,860.32470703125,817.5552368164062,834.0050048828125,834.0050048828125
1790789005.950859,0,1,860.32470703125,817.5552368164062,834.0050048828125,834.0050048828125
1790789005.962845,0,1,858.6797485351562,812.6203002929688,822.4901733398438,845.5198974609375
1790789005.988676,0,1,866.9046630859375,807.6853637695312,810.9752807617188,850.454833984375
1790789006.0004313,0,1,830.715087890625,814.2652587890625,815.9102783203125,842.2299194335938
1790789006.0122507,0,1,876.7745361328125,817.5552368164062,832.3600463867188,860.32470703125
1790789006.0236833,0,1,860.32470703125,825.7801513671875,840.5849609375,838.9400024414062
1790789006.035115,0,1,860.32470703125,825.7801513671875,840.5849609375,838.9400024414062
1790789006.0471919,0,1,860.32470703125,825.7801513671875,840.5849609375,838.9400024414062
1790789006.0592215,0,1,860.32470703125,825.7801513671875,840.5849609375,838.9400024414062
1790789006.070528,0,1,860.32470703125,825.7801513671875,840.5849609375,838.9400024414062
1790789006.082539,0,1,860.32470703125,825.7801513671875,840.5849609375,838.9400024414062
1790789006.094139,0,1,838.9400024414062,824.1351318359375,830.715087890625,837.2949829101562
1790789006.1057804,0,1,875.1295166015625,834.0050048828125,820.84521484375,855.3897705078125
1790789006.1176188,0,1,868.5496215820312,825.7801513671875,817.5552368164062,863.6146850585938
1790789006.1286528,0,1,855.3897705078125,837.2949829101562,824.1351318359375,843.8749389648438
1790789006.1397874,0,1,855.3897705078125,837.2949829101562,824.1351318359375,843.8749389648438
1790789006.1515083,0,1,855.3897705078125,837.2949829101562,824.1351318359375,843.8749389648438
1790789006.1627402,0,1,855.3897705078125,837.2949829101562,824.1351318359375,843.8749389648438
1790789006.174047,0,1,855.3897705078125,837.2949829101562,824.1351318359375,843.8749389648438
1790789006.1851285,0,1,855.3897705078125,837.2949829101562,824.1351318359375,843.8749389648438
1790789006.1966228,0,1,838.9400024414062,829.070068359375,822.4901733398438,852.0997924804688
1790789006.2082388,0,1,853.7448120117188,832.3600463867188,842.2299194335938,847.1648559570312
1790789006.2203116,0,1,837.2949829101562,824.1351318359375,820.84521484375,842.2299194335938
1790789006.231133,0,1,899.8042602539062,834.0050048828125,848.8098754882812,848.8098754882812
1790789006.242088,0,1,843.8749389648438,832.3600463867188,832.3600463867188,835.6500244140625
1790789006.2534907,0,1,843.8749389648438,832.3600463867188,832.3600463867188,835.6500244140625
1790789006.2648644,0,1,843.8749389648438,832.3600463867188,832.3600463867188,835.6500244140625
1790789006.276529,0,1,843.8749389648438,832.3600463867188,832.3600463867188,835.6500244140625
1790789006.288165,0,1,843.8749389648438,832.3600463867188,832.3600463867188,835.6500244140625
1790789006.2998168,0,1,860.32470703125,824.1351318359375,832.3600463867188,850.454833984375
1790789006.310905,0,1,810.9752807617188,822.4901733398438,812.6203002929688,835.6500244140625
1790789006.3223505,0,1,886.6444091796875,827.4251098632812,842.2299194335938,847.1648559570312
1790789006.3337805,0,1,848.8098754882812,815.9102783203125,815.9102783203125,830.715087890625
1790789006.3451467,0,1,848.8098754882812,815.9102783203125,815.9102783203125,830.715087890625
1790789006.3564596,0,1,848.8098754882812,815.9102783203125,815.9102783203125,830.715087890625
1790789006.3672552,0,1,848.8098754882812,815.9102783203125,815.9102783203125,830.715087890625
1790789006.37862,0,1,848.8098754882812,815.9102783203125,815.9102783203125,830.715087890625
1790789006.3901064,0,1,834.0050048828125,820.84521484375,815.9102783203125,834.0050048828125
1790789006.4014797,0,1,835.6500244140625,815.9102783203125,812.6203002929688,838.9400024414062
1790789006.4131498,0,1,847.1648559570312,825.7801513671875,837.2949829101562,845.5198974609375
1790789006.4245381,0,1,865.2596435546875,825.7801513671875,834.0050048828125,847.1648559570312
1790789006.4362295,0,1,865.2596435546875,825.7801513671875,834.0050048828125,847.1648559570312
1790789006.4471104,0,1,865.2596435546875,825.7801513671875,834.0050048828125,847.1648559570312
1790789006.4584582,0,1,865.2596435546875,825.7801513671875,834.0050048828125,847.1648559570312
1790789006.4696546,0,1,865.2596435546875,825.7801513671875,834.0050048828125,847.1648559570312
1790789006.480716,0,1,889.9343872070312,827.4251098632812,837.2949829101562,865.2596435546875
1790789006.491685,0,1,903.09423828125,843.8749389648438,853.7448120117188,868.5496215820312
1790789006.5030873,0,1,866.9046630859375,829.070068359375,832.3600463867188,853.7448120117188
1790789006.5149722,0,1,843.8749389648438,825.7801513671875,827.4251098632812,837.2949829101562
1790789006.5259974,0,1,853.7448120117188,820.84521484375,822.4901733398438,847.1648559570312
1790789006.5375972,0,1,863.6146850585938,825.7801513671875,835.6500244140625,847.1648559570312
1790789006.5486226,0,1,840.5849609375,819.2001953125,810.9752807617188,835.6500244140625
1790789006.5598283,0,1,896.5142822265625,825.7801513671875,840.5849609375,857.0347290039062
1790789006.5708618,0,1,863.6146850585938,815.9102783203125,810.9752807617188,848.8098754882812
1790789006.581848,0,1,875.1295166015625,832.3600463867188,832.3600463867188,840.5849609375
1790789006.593191,0,1,875.1295166015625,832.3600463867188,832.3600463867188,840.5849609375
1790789006.6048481,0,1,875.1295166015625,832.3600463867188,832.3600463867188,840.5849609375
1790789006.616158,0,1,875.1295166015625,832.3600463867188,832.3600463867188,840.5849609375
1790789006.6273115,0,1,875.1295166015625,832.3600463867188,832.3600463867188,840.5849609375
1790789006.639148,0,1,884.9994506835938,830.715087890625,837.2949829101562,857.0347290039062
1790789006.6502383,0,1,858.6797485351562,822.4901733398438,817.5552368164062,848.8098754882812
1790789006.6611962,0,1,858.6797485351562,822.4901733398438,817.5552368164062,848.8098754882812
1790789006.6720726,0,1,866.9046630859375,824.1351318359375,847.1648559570312,838.9400024414062
1790789006.683702,0,1,880.064453125,834.0050048828125,843.8749389648438,832.3600463867188
1790789006.694796,0,1,880.064453125,834.0050048828125,843.8749389648438,832.3600463867188
1790789006.7058582,0,1,880.064453125,834.0050048828125,843.8749389648438,832.3600463867188
1790789006.7167165,0,1,880.064453125,834.0050048828125,843.8749389648438,832.3600463867188
1790789006.7277415,0,1,880.064453125,834.0050048828125,843.8749389648438,832.3600463867188
1790789006.739904,0,1,857.0347290039062,829.070068359375,835.6500244140625,853.7448120117188
1790789006.7512276,0,1,850.454833984375,825.7801513671875,827.4251098632812,838.9400024414062
1790789006.7623162,0,1,857.0347290039062,832.3600463867188,838.9400024414062,847.1648559570312
1790789006.7739096,0,1,830.715087890625,827.4251098632812,814.2652587890625,840.5849609375
1790789006.7846673,0,1,830.715087890625,827.4251098632812,814.2652587890625,840.5849609375
1790789006.7958515,0,1,830.715087890625,827.4251098632812,814.2652587890625,840.5849609375
1790789006.8067553,0,1,830.715087890625,827.4251098632812,814.2652587890625,840.5849609375
1790789006.81785,0,1,830.715087890625,827.4251098632812,814.2652587890625,840.5849609375
1790789006.829082,0,1,830.715087890625,827.4251098632812,814.2652587890625,840.5849609375
1790789006.8405962,0,1,822.4901733398438,827.4251098632812,815.9102783203125,837.2949829101562
1790789006.851995,0,1,903.09423828125,837.2949829101562,873.4845581054688,853.7448120117188
1790789006.8631737,0,1,871.839599609375,829.070068359375,832.3600463867188,857.0347290039062
1790789006.8742738,0,1,825.7801513671875,820.84521484375,820.84521484375,848.8098754882812
1790789006.8856082,0,1,835.6500244140625,832.3600463867188,825.7801513671875,845.5198974609375
1790789006.8964696,1,1,835.6500244140625,832.3600463867188,825.7801513671875,845.5198974609375
1790789006.9073937,1,1,835.6500244140625,832.3600463867188,825.7801513671875,845.5198974609375
1790789006.91847,1,1,835.6500244140625,832.3600463867188,825.7801513671875,845.5198974609375
1790789006.929254,1,1,835.6500244140625,832.3600463867188,825.7801513671875,845.5198974609375
1790789006.9400923,1,1,835.6500244140625,832.3600463867188,825.7801513671875,845.5198974609375
1790789006.9514828,1,1,835.6500244140625,832.3600463867188,825.7801513671875,845.5198974609375
1790789006.9628005,1,1,894.8693237304688,840.5849609375,858.6797485351562,847.1648559570312
1790789006.973821,1,1,868.5496215820312,832.3600463867188,835.6500244140625,853.7448120117188
1790789006.9848266,1,1,845.5198974609375,832.3600463867188,825.7801513671875,850.454833984375
1790789006.9955413,1,1,904.7391967773438,840.5849609375,850.454833984375,857.0347290039062
1790789007.006319,1,1,888.2893676757812,835.6500244140625,834.0050048828125,848.8098754882812
1790789007.0174158,1,1,871.839599609375,830.715087890625,832.3600463867188,852.0997924804688
1790789007.0283897,1,1,871.839599609375,830.715087890625,832.3600463867188,852.0997924804688
1790789007.039677,1,1,871.839599609375,830.715087890625,832.3600463867188,852.0997924804688
1790789007.0503767,1,1,871.839599609375,830.715087890625,832.3600463867188,852.0997924804688
1790789007.061079,1,1,871.839599609375,830.715087890625,832.3600463867188,852.0997924804688
1790789007.0721338,1,1,871.839599609375,830.715087890625,832.3600463867188,852.0997924804688
1790789007.0832894,1,1,903.09423828125,837.2949829101562,848.8098754882812,847.1648559570312
1790789007.0943327,1,1,875.1295166015625,832.3600463867188,837.2949829101562,850.454833984375
1790789007.104913,1,1,858.6797485351562,834.0050048828125,845.5198974609375,840.5849609375
1790789007.1159885,1,1,909.6741333007812,835.6500244140625,857.0347290039062,860.32470703125
1790789007.1269078,1,1,875.1295166015625,832.3600463867188,853.7448120117188,843.8749389648438
1790789007.1378868,1,1,875.1295166015625,832.3600463867188,853.7448120117188,843.8749389648438
1790789007.1489937,1,1,875.1295166015625,832.3600463867188,853.7448120117188,843.8749389648438
1790789007.1601422,1,1,875.1295166015625,832.3600463867188,853.7448120117188,843.8749389648438
1790789007.1713216,1,1,875.1295166015625,832.3600463867188,853.7448120117188,843.8749389648438
1790789007.1825638,1,1,922.833984375,834.0050048828125,863.6146850585938,868.5496215820312
1790789007.193321,1,1,903.09423828125,825.7801513671875,850.454833984375,858.6797485351562
1790789007.204437,1,1,853.7448120117188,810.9752807617188,815.9102783203125,845.5198974609375
1790789007.2161455,1,1,853.7448120117188,810.9752807617188,815.9102783203125,845.5198974609375
1790789007.2270997,1,1,853.7448120117188,810.9752807617188,815.9102783203125,845.5198974609375
1790789007.238588,1,1,853.7448120117188,810.9752807617188,815.9102783203125,845.5198974609375
1790789007.250186,1,1,853.7448120117188,810.9752807617188,815.9102783203125,845.5198974609375
1790789007.2609975,1,1,853.7448120117188,810.9752807617188,815.9102783203125,845.5198974609375
1790789007.2727542,1,1,870.194580078125,820.84521484375,825.7801513671875,852.0997924804688
1790789007.2840326,1,1,903.09423828125,824.1351318359375,837.2949829101562,857.0347290039062
1790789007.2952106,1,1,883.3544311523438,827.4251098632812,840.5849609375,843.8749389648438
1790789007.305933,1,1,857.0347290039062,817.5552368164062,812.6203002929688,852.0997924804688
1790789007.3171706,1,1,857.0347290039062,829.070068359375,827.4251098632812,842.2299194335938
1790789007.328448,1,1,857.0347290039062,829.070068359375,827.4251098632812,842.2299194335938
1790789007.339628,1,1,857.0347290039062,829.070068359375,827.4251098632812,842.2299194335938
1790789007.350701,1,1,857.0347290039062,829.070068359375,827.4251098632812,842.2299194335938
1790789007.3624077,1,1,857.0347290039062,829.070068359375,827.4251098632812,842.2299194335938
1790789007.3740003,1,1,891.579345703125,832.3600463867188,853.7448120117188,853.7448120117188
1790789007.3850517,1,1,824.1351318359375,824.1351318359375,806.0403442382812,845.5198974609375
1790789007.3963323,1,1,873.4845581054688,824.1351318359375,842.2299194335938,848.8098754882812
1790789007.4076028,1,1,842.2299194335938,829.070068359375,847.1648559570312,834.0050048828125
1790789007.4188733,1,1,842.2299194335938,829.070068359375,847.1648559570312,834.0050048828125
1790789007.4296627,1,1,842.2299194335938,829.070068359375,847.1648559570312,834.0050048828125
1790789007.440665,1,1,842.2299194335938,829.070068359375,847.1648559570312,834.0050048828125
1790789007.452501,1,1,842.2299194335938,829.070068359375,847.1648559570312,834.0050048828125
1790789007.464054,1,1,834.0050048828125,815.9102783203125,822.4901733398438,829.070068359375
1790789007.4751527,1,1,827.4251098632812,820.84521484375,827.4251098632812,832.3600463867188
1790789007.48718,1,1,857.0347290039062,822.4901733398438,847.1648559570312,843.8749389648438
1790789007.4981873,1,1,893.2243041992188,830.715087890625,855.3897705078125,850.454833984375
1790789007.5093515,1,1,857.0347290039062,825.7801513671875,838.9400024414062,857.0347290039062
1790789007.5208588,1,1,840.5849609375,825.7801513671875,837.2949829101562,842.2299194335938
1790789007.532075,1,1,840.5849609375,825.7801513671875,837.2949829101562,842.2299194335938
1790789007.5431862,1,1,840.5849609375,825.7801513671875,837.2949829101562,842.2299194335938
1790789007.554799,1,1,840.5849609375,825.7801513671875,837.2949829101562,842.2299194335938
1790789007.5664291,1,1,840.5849609375,825.7801513671875,837.2949829101562,842.2299194335938
1790789007.5781105,1,1,863.6146850585938,827.4251098632812,830.715087890625,845.5198974609375
1790789007.5896478,1,1,815.9102783203125,815.9102783203125,809.330322265625,843.8749389648438
1790789007.600671,1,1,878.4194946289062,830.715087890625,857.0347290039062,838.9400024414062
1790789007.6119208,1,1,791.2355346679688,815.9102783203125,801.1054077148438,835.6500244140625
1790789007.623049,1,1,819.2001953125,825.7801513671875,837.2949829101562,830.715087890625
1790789007.6340582,1,1,845.5198974609375,824.1351318359375,822.4901733398438,857.0347290039062
1790789007.6448097,1,1,827.4251098632812,825.7801513671875,834.0050048828125,845.5198974609375
1790789007.6563296,1,1,804.3953857421875,825.7801513671875,820.84521484375,842.2299194335938
1790789007.6675346,1,1,804.3953857421875,825.7801513671875,820.84521484375,842.2299194335938
1790789007.6785471,1,1,804.3953857421875,825.7801513671875,820.84521484375,842.2299194335938
1790789007.690264,1,1,804.3953857421875,825.7801513671875,820.84521484375,842.2299194335938
1790789007.7013333,1,1,804.3953857421875,825.7801513671875,820.84521484375,842.2299194335938
1790789007.7119455,1,1,804.3953857421875,825.7801513671875,820.84521484375,842.2299194335938
1790789007.7232587,1,1,860.32470703125,830.715087890625,852.0997924804688,822.4901733398438
1790789007.7342806,1,1,850.454833984375,832.3600463867188,832.3600463867188,845.5198974609375
1790789007.7454138,1,1,835.6500244140625,827.4251098632812,830.715087890625,842.2299194335938
1790789007.7563026,1,1,870.194580078125,824.1351318359375,840.5849609375,860.32470703125
1790789007.76759,1,1,838.9400024414062,825.7801513671875,837.2949829101562,848.8098754882812
1790789007.7790444,1,1,838.9400024414062,825.7801513671875,837.2949829101562,848.8098754882812
1790789007.7907622,1,1,838.9400024414062,825.7801513671875,837.2949829101562,848.8098754882812
1790789007.8019214,1,1,838.9400024414062,825.7801513671875,837.2949829101562,848.8098754882812
1790789007.8136656,1,1,878.4194946289062,820.84521484375,832.3600463867188,853.7448120117188
1790789007.8247807,1,1,868.5496215820312,830.715087890625,847.1648559570312,845.5198974609375
1790789007.8360467,1,1,871.839599609375,827.4251098632812,843.8749389648438,847.1648559570312
1790789007.8471808,1,1,868.5496215820312,819.2001953125,832.3600463867188,852.0997924804688
1790789007.858731,1,1,819.2001953125,819.2001953125,806.0403442382812,842.2299194335938
1790789007.870063,1,1,819.2001953125,819.2001953125,806.0403442382812,842.2299194335938
1790789007.8817549,1,1,819.2001953125,819.2001953125,806.0403442382812,842.2299194335938
1790789007.8928366,1,1,819.2001953125,819.2001953125,806.0403442382812,842.2299194335938
1790789007.904745,1,1,819.2001953125,819.2001953125,806.0403442382812,842.2299194335938
1790789007.916062,1,1,842.2299194335938,829.070068359375,827.4251098632812,843.8749389648438
1790789007.9271078,1,1,845.5198974609375,829.070068359375,812.6203002929688,842.2299194335938
1790789007.938207,1,1,894.8693237304688,834.0050048828125,850.454833984375,855.3897705078125
1790789007.9493387,1,1,894.8693237304688,834.0050048828125,850.454833984375,855.3897705078125
1790789007.9601142,1,1,820.84521484375,898.1592407226562,820.84521484375,799.46044921875
1790789007.9708915,1,1,820.84521484375,898.1592407226562,820.84521484375,799.46044921875
1790789007.9822266,1,1,820.84521484375,898.1592407226562,820.84521484375,799.46044921875
1790789007.9931598,1,1,820.84521484375,898.1592407226562,820.84521484375,799.46044921875
1790789008.0046067,1,1,820.84521484375,898.1592407226562,820.84521484375,799.46044921875
1790789008.016335,1,1,820.84521484375,898.1592407226562,820.84521484375,799.46044921875
1790789008.028024,1,1,832.3600463867188,922.833984375,827.4251098632812,802.7504272460938
1790789008.0396512,1,1,746.8211059570312,985.3432006835938,825.7801513671875,732.0162353515625
1790789008.050637,1,1,746.8211059570312,985.3432006835938,825.7801513671875,732.0162353515625
1790789008.0624535,1,1,820.84521484375,766.5608520507812,853.7448120117188,786.3005981445312
1790789008.0744853,1,1,820.84521484375,766.5608520507812,853.7448120117188,786.3005981445312
1790789008.0855277,1,1,820.84521484375,766.5608520507812,853.7448120117188,786.3005981445312
1790789008.096484,1,1,820.84521484375,766.5608520507812,853.7448120117188,786.3005981445312
1790789008.1073627,1,1,820.84521484375,766.5608520507812,853.7448120117188,786.3005981445312
1790789008.1192498,1,1,834.0050048828125,786.3005981445312,843.8749389648438,810.9752807617188
1790789008.1309054,1,1,815.9102783203125,812.6203002929688,853.7448120117188,797.8154907226562
1790789008.1418753,1,1,792.8805541992188,860.32470703125,830.715087890625,804.3953857421875
1790789008.1526792,1,1,807.6853637695312,853.7448120117188,857.0347290039062,810.9752807617188
1790789008.1640158,1,1,792.8805541992188,881.70947265625,835.6500244140625,837.2949829101562
1790789008.1753879,1,1,783.0106201171875,916.2540283203125,848.8098754882812,830.715087890625
1790789008.1865895,1,1,783.0106201171875,916.2540283203125,848.8098754882812,830.715087890625
1790789008.197379,1,1,783.0106201171875,916.2540283203125,848.8098754882812,830.715087890625
1790789008.2084982,1,1,783.0106201171875,916.2540283203125,848.8098754882812,830.715087890625
1790789008.225969,1,1,783.0106201171875,916.2540283203125,848.8098754882812,830.715087890625
1790789008.2370417,1,1,783.0106201171875,916.2540283203125,848.8098754882812,830.715087890625
1790789008.2491012,1,1,820.84521484375,908.0291748046875,865.2596435546875,847.1648559570312
1790789008.2611454,1,1,835.6500244140625,878.4194946289062,858.6797485351562,858.6797485351562
1790789008.2728517,1,1,781.3656616210938,876.7745361328125,843.8749389648438,858.6797485351562
1790789008.2843068,1,1,807.6853637695312,868.5496215820312,860.32470703125,870.194580078125
1790789008.29582,1,1,794.5255126953125,884.9994506835938,848.8098754882812,860.32470703125
1790789008.3070052,1,1,794.5255126953125,884.9994506835938,848.8098754882812,860.32470703125
1790789008.318879,1,1,794.5255126953125,884.9994506835938,848.8098754882812,860.32470703125
1790789008.3298724,1,1,794.5255126953125,884.9994506835938,848.8098754882812,860.32470703125
1790789008.341171,1,1,794.5255126953125,884.9994506835938,848.8098754882812,860.32470703125
1790789008.3530757,1,1,794.5255126953125,884.9994506835938,848.8098754882812,860.32470703125
1790789008.3646271,1,1,857.0347290039062,802.7504272460938,875.1295166015625,878.4194946289062
1790789008.3760629,1,1,886.6444091796875,796.1704711914062,858.6797485351562,898.1592407226562
1790789008.3875554,1,1,832.3600463867188,799.46044921875,830.715087890625,880.064453125
1790789008.3987877,1,1,832.3600463867188,799.46044921875,830.715087890625,880.064453125
1790789008.410046,1,1,832.3600463867188,799.46044921875,830.715087890625,880.064453125
1790789008.4208272,1,1,832.3600463867188,799.46044921875,830.715087890625,880.064453125
1790789008.432015,1,1,832.3600463867188,799.46044921875,830.715087890625,880.064453125
1790789008.4430685,1,1,891.579345703125,783.0106201171875,853.7448120117188,888.2893676757812
1790789008.4544098,1,1,883.3544311523438,792.8805541992188,866.9046630859375,886.6444091796875
1790789008.4655995,1,1,908.0291748046875,794.5255126953125,878.4194946289062,871.839599609375
1790789008.476898,1,1,855.3897705078125,776.4307250976562,838.9400024414062,880.064453125
1790789008.4881294,1,1,863.6146850585938,783.0106201171875,861.9697265625,863.6146850585938
1790789008.4994118,1,1,857.0347290039062,758.3359375,845.5198974609375,861.9697265625
1790789008.5104704,1,1,857.0347290039062,758.3359375,845.5198974609375,861.9697265625
1790789008.5215833,1,1,857.0347290039062,758.3359375,845.5198974609375,861.9697265625
1790789008.532869,1,1,857.0347290039062,758.3359375,845.5198974609375,861.9697265625
1790789008.5440736,1,1,857.0347290039062,758.3359375,845.5198974609375,861.9697265625
1790789008.555081,1,1,857.0347290039062,758.3359375,845.5198974609375,861.9697265625
1790789008.5662897,1,1,857.0347290039062,758.3359375,845.5198974609375,861.9697265625
1790789008.5772321,1,1,852.0997924804688,759.9808959960938,834.0050048828125,855.3897705078125
1790789008.5887916,1,1,829.070068359375,960.6685180664062,815.9102783203125,843.8749389648438
1790789008.6004083,1,1,858.6797485351562,916.2540283203125,850.454833984375,840.5849609375
1790789008.6120548,1,1,858.6797485351562,916.2540283203125,850.454833984375,840.5849609375
1790789008.6228335,1,1,858.6797485351562,916.2540283203125,850.454833984375,840.5849609375
1790789008.6340573,1,1,858.6797485351562,916.2540283203125,850.454833984375,840.5849609375
1790789008.6459026,1,1,858.6797485351562,916.2540283203125,850.454833984375,840.5849609375
1790789008.6571803,1,1,850.454833984375,891.579345703125,848.8098754882812,842.2299194335938
1790789008.6691682,1,1,881.70947265625,884.9994506835938,848.8098754882812,857.0347290039062
1790789008.6806228,1,1,834.0050048828125,870.194580078125,842.2299194335938,838.9400024414062
1790789008.6918464,1,1,860.32470703125,868.5496215820312,845.5198974609375,843.8749389648438
1790789008.7025523,1,1,845.5198974609375,855.3897705078125,832.3600463867188,840.5849609375
1790789008.713927,1,1,845.5198974609375,855.3897705078125,832.3600463867188,840.5849609375
1790789008.7245903,1,1,845.5198974609375,855.3897705078125,832.3600463867188,840.5849609375
1790789008.7358947,1,1,845.5198974609375,855.3897705078125,832.3600463867188,840.5849609375
1790789008.7470767,1,1,845.5198974609375,855.3897705078125,832.3600463867188,840.5849609375
1790789008.7583385,1,1,845.5198974609375,855.3897705078125,832.3600463867188,840.5849609375
1790789008.7696643,1,1,904.7391967773438,857.0347290039062,855.3897705078125,855.3897705078125
1790789008.7816331,1,1,853.7448120117188,842.2299194335938,845.5198974609375,843.8749389648438
1790789008.7929313,1,1,845.5198974609375,838.9400024414062,832.3600463867188,850.454833984375
1790789008.8244581,1,1,845.5198974609375,838.9400024414062,832.3600463867188,850.454833984375
1790789008.8358362,1,1,845.5198974609375,838.9400024414062,832.3600463867188,850.454833984375
1790789008.8470995,1,1,845.5198974609375,838.9400024414062,832.3600463867188,850.454833984375
1790789008.8583698,1,1,881.70947265625,842.2299194335938,884.9994506835938,850.454833984375
1790789008.8693771,1,1,842.2299194335938,838.9400024414062,871.839599609375,842.2299194335938
1790789008.880512,1,1,880.064453125,840.5849609375,881.70947265625,847.1648559570312
1790789008.8917334,1,1,834.0050048828125,832.3600463867188,863.6146850585938,861.9697265625
1790789008.9026,1,1,830.715087890625,838.9400024414062,876.7745361328125,842.2299194335938
1790789008.9136722,1,1,830.715087890625,838.9400024414062,876.7745361328125,842.2299194335938
1790789008.9245903,1,1,830.715087890625,838.9400024414062,876.7745361328125,842.2299194335938
1790789008.935974,1,1,830.715087890625,838.9400024414062,876.7745361328125,842.2299194335938
1790789008.9473426,1,1,830.715087890625,838.9400024414062,876.7745361328125,842.2299194335938
1790789008.958268,1,1,830.715087890625,838.9400024414062,876.7745361328125,842.2299194335938
1790789008.969832,1,1,827.4251098632812,832.3600463867188,863.6146850585938,853.7448120117188
1790789008.9815729,0,1,843.8749389648438,840.5849609375,884.9994506835938,843.8749389648438
1790789008.9925287,0,1,832.3600463867188,845.5198974609375,870.194580078125,843.8749389648438
1790789009.0036879,0,1,797.8154907226562,830.715087890625,835.6500244140625,843.8749389648438
1790789009.0149736,0,1,797.8154907226562,830.715087890625,835.6500244140625,843.8749389648438
1790789009.0258589,0,1,797.8154907226562,830.715087890625,835.6500244140625,843.8749389648438
1790789009.0378416,0,1,797.8154907226562,830.715087890625,835.6500244140625,843.8749389648438
1790789009.0491269,0,1,797.8154907226562,830.715087890625,835.6500244140625,843.8749389648438
1790789009.0597098,0,1,791.2355346679688,834.0050048828125,847.1648559570312,840.5849609375
1790789009.070899,0,1,850.454833984375,838.9400024414062,870.194580078125,852.0997924804688
1790789009.0821447,0,1,847.1648559570312,827.4251098632812,853.7448120117188,845.5198974609375
1790789009.093477,0,1,876.7745361328125,834.0050048828125,863.6146850585938,850.454833984375
1790789009.1048589,0,1,830.715087890625,824.1351318359375,822.4901733398438,845.5198974609375
1790789009.116416,0,1,853.7448120117188,829.070068359375,861.9697265625,842.2299194335938
1790789009.1278412,0,1,853.7448120117188,829.070068359375,861.9697265625,842.2299194335938
1790789009.1392176,0,1,853.7448120117188,829.070068359375,861.9697265625,842.2299194335938
1790789009.1502888,0,1,853.7448120117188,829.070068359375,861.9697265625,842.2299194335938
1790789009.1611567,0,1,853.7448120117188,829.070068359375,861.9697265625,842.2299194335938
1790789009.1723542,0,1,834.0050048828125,815.9102783203125,838.9400024414062,838.9400024414062
1790789009.1840906,0,1,908.0291748046875,835.6500244140625,878.4194946289062,855.3897705078125
1790789009.1951063,0,1,827.4251098632812,825.7801513671875,840.5849609375,842.2299194335938
1790789009.2062175,0,1,858.6797485351562,837.2949829101562,848.8098754882812,866.9046630859375
1790789009.217499,0,1,924.4789428710938,845.5198974609375,866.9046630859375,852.0997924804688
1790789009.2285795,0,1,911.319091796875,837.2949829101562,847.1648559570312,852.0997924804688
1790789009.2400095,0,1,865.2596435546875,829.070068359375,827.4251098632812,837.2949829101562
1790789009.2508426,0,1,868.5496215820312,837.2949829101562,842.2299194335938,837.2949829101562
1790789009.2619767,0,1,868.5496215820312,837.2949829101562,842.2299194335938,837.2949829101562
1790789009.2731419,0,1,868.5496215820312,837.2949829101562,842.2299194335938,837.2949829101562
1790789009.2841578,0,1,868.5496215820312,837.2949829101562,842.2299194335938,837.2949829101562
1790789009.2953196,0,1,868.5496215820312,837.2949829101562,842.2299194335938,837.2949829101562
1790789009.3066463,0,1,868.5496215820312,837.2949829101562,842.2299194335938,837.2949829101562
1790789009.318098,0,1,899.8042602539062,843.8749389648438,870.194580078125,848.8098754882812
1790789009.3288407,0,1,927.7689208984375,837.2949829101562,850.454833984375,848.8098754882812
1790789009.3397512,0,1,880.064453125,834.0050048828125,825.7801513671875,855.3897705078125
1790789009.3507545,0,1,861.9697265625,835.6500244140625,815.9102783203125,827.4251098632812
1790789009.3616261,0,1,888.2893676757812,830.715087890625,837.2949829101562,850.454833984375
1790789009.3726468,0,1,888.2893676757812,830.715087890625,837.2949829101562,850.454833984375
1790789009.3838997,0,1,888.2893676757812,830.715087890625,837.2949829101562,850.454833984375
1790789009.395083,0,1,888.2893676757812,830.715087890625,837.2949829101562,850.454833984375
1790789009.4063478,0,1,888.2893676757812,830.715087890625,837.2949829101562,850.454833984375
1790789009.417469,0,1,888.2893676757812,830.715087890625,837.2949829101562,850.454833984375
1790789009.4285836,0,1,886.6444091796875,835.6500244140625,838.9400024414062,837.2949829101562
1790789009.4398649,0,1,950.7986450195312,837.2949829101562,850.454833984375,860.32470703125
1790789009.4514644,0,1,875.1295166015625,829.070068359375,817.5552368164062,852.0997924804688
1790789009.4630532,0,1,875.1295166015625,829.070068359375,817.5552368164062,852.0997924804688
1790789009.4738877,0,1,875.1295166015625,829.070068359375,817.5552368164062,852.0997924804688
1790789009.4847772,0,1,875.1295166015625,829.070068359375,817.5552368164062,852.0997924804688
1790789009.4956272,0,1,875.1295166015625,829.070068359375,817.5552368164062,852.0997924804688
1790789009.5072439,0,1,875.1295166015625,829.070068359375,817.5552368164062,852.0997924804688
1790789009.5189857,0,1,908.0291748046875,837.2949829101562,837.2949829101562,847.1648559570312
1790789009.5304658,0,1,919.5440063476562,842.2299194335938,834.0050048828125,855.3897705078125
1790789009.5415914,0,1,888.2893676757812,835.6500244140625,845.5198974609375,838.9400024414062
1790789009.5529099,0,1,904.7391967773438,829.070068359375,824.1351318359375,857.0347290039062
1790789009.564756,0,1,898.1592407226562,838.9400024414062,850.454833984375,847.1648559570312
1790789009.575671,0,1,868.5496215820312,825.7801513671875,814.2652587890625,857.0347290039062
1790789009.5864773,0,1,868.5496215820312,825.7801513671875,814.2652587890625,857.0347290039062
1790789009.5974262,0,1,868.5496215820312,825.7801513671875,814.2652587890625,857.0347290039062
1790789009.6086807,0,1,868.5496215820312,825.7801513671875,814.2652587890625,857.0347290039062
1790789009.619486,0,1,868.5496215820312,825.7801513671875,814.2652587890625,857.0347290039062
1790789009.630518,0,1,868.5496215820312,825.7801513671875,814.2652587890625,857.0347290039062
1790789009.6415472,0,1,868.5496215820312,825.7801513671875,814.2652587890625,857.0347290039062
1790789009.6531985,0,1,868.5496215820312,825.7801513671875,814.2652587890625,857.0347290039062
1790789009.6673074,0,1,949.1536865234375,827.4251098632812,838.9400024414062,863.6146850585938
1790789009.6783998,0,1,857.0347290039062,825.7801513671875,822.4901733398438,861.9697265625
1790789009.6896472,0,1,837.2949829101562,819.2001953125,819.2001953125,843.8749389648438
1790789009.7008288,0,1,837.2949829101562,819.2001953125,819.2001953125,843.8749389648438
1790789009.711433,0,1,837.2949829101562,819.2001953125,819.2001953125,843.8749389648438
1790789009.7228146,0,1,837.2949829101562,819.2001953125,819.2001953125,843.8749389648438
1790789009.7337942,0,1,837.2949829101562,819.2001953125,819.2001953125,843.8749389648438
1790789009.7450974,0,1,858.6797485351562,827.4251098632812,830.715087890625,857.0347290039062
1790789009.7563126,0,1,852.0997924804688,820.84521484375,822.4901733398438,842.2299194335938
1790789009.767759,0,1,820.84521484375,817.5552368164062,807.6853637695312,850.454833984375
1790789009.7790756,0,1,820.84521484375,817.5552368164062,807.6853637695312,850.454833984375
1790789009.7902591,0,1,820.84521484375,817.5552368164062,807.6853637695312,850.454833984375
1790789009.8013532,0,1,820.84521484375,817.5552368164062,807.6853637695312,850.454833984375
1790789009.8124216,0,1,820.84521484375,817.5552368164062,807.6853637695312,850.454833984375
1790789009.8235767,0,1,820.84521484375,817.5552368164062,807.6853637695312,850.454833984375
1790789009.834665,0,1,830.715087890625,827.4251098632812,827.4251098632812,840.5849609375
1790789009.8454494,0,1,873.4845581054688,829.070068359375,832.3600463867188,858.6797485351562
1790789009.856977,0,1,876.7745361328125,827.4251098632812,824.1351318359375,865.2596435546875
1790789009.8680675,0,1,912.964111328125,830.715087890625,852.0997924804688,857.0347290039062
1790789009.8790774,0,1,881.70947265625,827.4251098632812,822.4901733398438,868.5496215820312
1790789009.8897042,0,1,838.9400024414062,829.070068359375,819.2001953125,850.454833984375
1790789009.9008257,0,1,838.9400024414062,829.070068359375,819.2001953125,850.454833984375
1790789009.9118285,0,1,838.9400024414062,829.070068359375,819.2001953125,850.454833984375
1790789009.9228554,0,1,838.9400024414062,829.070068359375,819.2001953125,850.454833984375
1790789009.9340868,0,1,838.9400024414062,829.070068359375,819.2001953125,850.454833984375
1790789009.9449375,0,1,861.9697265625,829.070068359375,832.3600463867188,845.5198974609375
1790789009.956528,0,1,847.1648559570312,825.7801513671875,827.4251098632812,855.3897705078125
1790789009.9679182,0,1,855.3897705078125,829.070068359375,842.2299194335938,860.32470703125
1790789009.979257,0,1,855.3897705078125,829.070068359375,842.2299194335938,860.32470703125
1790789009.990193,0,1,855.3897705078125,829.070068359375,842.2299194335938,860.32470703125
1790789010.0008883,0,1,855.3897705078125,829.070068359375,842.2299194335938,860.32470703125
1790789010.0117772,0,1,855.3897705078125,829.070068359375,842.2299194335938,860.32470703125
1790789010.0232484,1,1,855.3897705078125,829.070068359375,842.2299194335938,860.32470703125
1790789010.0347233,1,1,858.6797485351562,820.84521484375,830.715087890625,863.6146850585938
1790789010.0456412,1,1,896.5142822265625,835.6500244140625,853.7448120117188,858.6797485351562
1790789010.0565941,1,1,886.6444091796875,830.715087890625,847.1648559570312,853.7448120117188
1790789010.0679739,1,1,863.6146850585938,832.3600463867188,850.454833984375,848.8098754882812
1790789010.0788772,1,1,896.5142822265625,829.070068359375,843.8749389648438,857.0347290039062
1790789010.0898824,1,1,852.0997924804688,822.4901733398438,819.2001953125,853.7448120117188
1790789010.1009872,1,1,852.0997924804688,822.4901733398438,819.2001953125,853.7448120117188
1790789010.1118956,1,1,852.0997924804688,822.4901733398438,819.2001953125,853.7448120117188
1790789010.1230047,1,1,852.0997924804688,822.4901733398438,819.2001953125,853.7448120117188
1790789010.1340928,1,1,852.0997924804688,822.4901733398438,819.2001953125,853.7448120117188
1790789010.145413,1,1,847.1648559570312,825.7801513671875,815.9102783203125,848.8098754882812
1790789010.156435,1,1,847.1648559570312,829.070068359375,825.7801513671875,850.454833984375
1790789010.1675193,1,1,855.3897705078125,825.7801513671875,827.4251098632812,840.5849609375
1790789010.1787446,1,1,858.6797485351562,832.3600463867188,845.5198974609375,848.8098754882812
1790789010.1896238,1,1,858.6797485351562,832.3600463867188,845.5198974609375,848.8098754882812
1790789010.2003632,1,1,858.6797485351562,832.3600463867188,845.5198974609375,848.8098754882812
1790789010.212427,1,1,858.6797485351562,832.3600463867188,845.5198974609375,848.8098754882812
1790789010.2239017,1,1,858.6797485351562,832.3600463867188,845.5198974609375,848.8098754882812
1790789010.2347753,1,1,852.0997924804688,825.7801513671875,829.070068359375,843.8749389648438
1790789010.2459748,1,1,860.32470703125,829.070068359375,840.5849609375,840.5849609375
1790789010.2573926,1,1,837.2949829101562,827.4251098632812,807.6853637695312,860.32470703125
1790789010.2686126,1,1,853.7448120117188,827.4251098632812,842.2299194335938,850.454833984375
1790789010.2935567,1,1,848.8098754882812,827.4251098632812,820.84521484375,858.6797485351562
1790789010.310012,1,1,848.8098754882812,827.4251098632812,820.84521484375,858.6797485351562
1790789010.3225944,1,1,848.8098754882812,827.4251098632812,820.84521484375,858.6797485351562
1790789010.3395765,1,1,848.8098754882812,827.4251098632812,820.84521484375,858.6797485351562
1790789010.3513196,1,1,848.8098754882812,827.4251098632812,820.84521484375,858.6797485351562
1790789010.3629117,1,1,835.6500244140625,832.3600463867188,832.3600463867188,845.5198974609375
1790789010.3748748,1,1,865.2596435546875,824.1351318359375,827.4251098632812,857.0347290039062
1790789010.3864129,1,1,886.6444091796875,830.715087890625,835.6500244140625,850.454833984375
1790789010.3989,1,1,871.839599609375,832.3600463867188,837.2949829101562,843.8749389648438
1790789010.4105875,1,1,871.839599609375,832.3600463867188,837.2949829101562,843.8749389648438
1790789010.4220157,1,1,871.839599609375,832.3600463867188,837.2949829101562,843.8749389648438
1790789010.4333637,1,1,819.2001953125,824.1351318359375,810.9752807617188,842.2299194335938
1790789010.4445596,1,1,873.4845581054688,830.715087890625,842.2299194335938,848.8098754882812
1790789010.4553683,1,1,873.4845581054688,830.715087890625,842.2299194335938,848.8098754882812
1790789010.4671235,1,1,855.3897705078125,820.84521484375,825.7801513671875,855.3897705078125
1790789010.4787526,1,1,861.9697265625,827.4251098632812,832.3600463867188,842.2299194335938
1790789010.4904947,1,1,842.2299194335938,820.84521484375,817.5552368164062,847.1648559570312
1790789010.5011897,1,1,842.2299194335938,820.84521484375,817.5552368164062,847.1648559570312
1790789010.512248,1,1,842.2299194335938,820.84521484375,817.5552368164062,847.1648559570312
1790789010.5233934,1,1,842.2299194335938,820.84521484375,817.5552368164062,847.1648559570312
1790789010.5345292,1,1,842.2299194335938,820.84521484375,817.5552368164062,847.1648559570312
1790789010.545318,1,1,842.2299194335938,820.84521484375,817.5552368164062,847.1648559570312
1790789010.5561028,1,1,842.2299194335938,820.84521484375,817.5552368164062,847.1648559570312
1790789010.5672586,1,1,842.2299194335938,820.84521484375,817.5552368164062,847.1648559570312
1790789010.578272,1,1,842.2299194335938,820.84521484375,817.5552368164062,847.1648559570312
1790789010.589167,1,1,881.70947265625,830.715087890625,829.070068359375,838.9400024414062
1790789010.6007333,1,1,853.7448120117188,827.4251098632812,810.9752807617188,848.8098754882812
1790789010.6117194,1,1,884.9994506835938,834.0050048828125,848.8098754882812,850.454833984375
1790789010.6226673,1,1,880.064453125,834.0050048828125,834.0050048828125,865.2596435546875
1790789010.6340814,1,1,883.3544311523438,827.4251098632812,834.0050048828125,857.0347290039062
1790789010.6453269,1,1,834.0050048828125,827.4251098632812,822.4901733398438,855.3897705078125
1790789010.65654,1,1,889.9343872070312,837.2949829101562,840.5849609375,866.9046630859375
1790789010.668402,1,1,852.0997924804688,829.070068359375,819.2001953125,852.0997924804688
1790789010.6800218,1,1,852.0997924804688,829.070068359375,819.2001953125,852.0997924804688
1790789010.6913474,1,1,852.0997924804688,829.070068359375,819.2001953125,852.0997924804688
1790789010.7025008,1,1,852.0997924804688,829.070068359375,819.2001953125,852.0997924804688
1790789010.7142897,1,1,852.0997924804688,829.070068359375,819.2001953125,852.0997924804688
1790789010.7252908,1,1,834.0050048828125,835.6500244140625,827.4251098632812,840.5849609375
1790789010.7365887,1,1,865.2596435546875,835.6500244140625,827.4251098632812,852.0997924804688
1790789010.7480257,1,1,824.1351318359375,820.84521484375,802.7504272460938,848.8098754882812
1790789010.758889,1,1,824.1351318359375,820.84521484375,802.7504272460938,848.8098754882812
1790789010.7710018,1,1,824.1351318359375,820.84521484375,802.7504272460938,848.8098754882812
1790789010.7824988,1,1,824.1351318359375,820.84521484375,802.7504272460938,848.8098754882812
1790789010.794165,1,1,825.7801513671875,829.070068359375,827.4251098632812,840.5849609375
1790789010.8056576,1,1,861.9697265625,837.2949829101562,852.0997924804688,840.5849609375
1790789010.8169255,1,1,825.7801513671875,824.1351318359375,824.1351318359375,838.9400024414062
1790789010.8471875,1,1,852.0997924804688,824.1351318359375,829.070068359375,860.32470703125
1790789010.858575,1,1,852.0997924804688,824.1351318359375,829.070068359375,860.32470703125
1790789010.8705418,1,1,852.0997924804688,824.1351318359375,829.070068359375,860.32470703125
1790789010.8819804,1,1,852.0997924804688,824.1351318359375,829.070068359375,860.32470703125
1790789010.893354,1,1,852.0997924804688,829.070068359375,837.2949829101562,835.6500244140625
1790789010.9046667,1,1,842.2299194335938,832.3600463867188,832.3600463867188,845.5198974609375
1790789010.9160874,1,1,894.8693237304688,825.7801513671875,834.0050048828125,870.194580078125
1790789010.9271321,1,1,840.5849609375,812.6203002929688,825.7801513671875,842.2299194335938
1790789010.938134,1,1,861.9697265625,827.4251098632812,853.7448120117188,840.5849609375
1790789010.949728,1,1,906.3841552734375,825.7801513671875,848.8098754882812,858.6797485351562
1790789010.9605358,1,1,880.064453125,832.3600463867188,855.3897705078125,848.8098754882812
1790789010.9715717,1,1,880.064453125,832.3600463867188,855.3897705078125,848.8098754882812
1790789010.9824617,1,1,880.064453125,832.3600463867188,855.3897705078125,848.8098754882812
1790789010.9937477,1,1,880.064453125,832.3600463867188,855.3897705078125,848.8098754882812
1790789011.0049427,1,1,880.064453125,832.3600463867188,855.3897705078125,848.8098754882812
1790789011.0166585,1,1,880.064453125,832.3600463867188,855.3897705078125,848.8098754882812
1790789011.0280914,1,1,837.2949829101562,819.2001953125,824.1351318359375,850.454833984375
1790789011.0390446,1,1,817.5552368164062,832.3600463867188,810.9752807617188,843.8749389648438
1790789011.050546,1,1,804.3953857421875,822.4901733398438,820.84521484375,837.2949829101562
1790789011.0617666,1,1,794.5255126953125,834.0050048828125,827.4251098632812,825.7801513671875
1790789011.072597,1,1,837.2949829101562,886.6444091796875,835.6500244140625,824.1351318359375
1790789011.0838363,1,1,837.2949829101562,886.6444091796875,835.6500244140625,824.1351318359375
1790789011.0945234,1,1,837.2949829101562,886.6444091796875,835.6500244140625,824.1351318359375
1790789011.1055863,1,1,837.2949829101562,886.6444091796875,835.6500244140625,824.1351318359375
1790789011.1165185,1,1,837.2949829101562,886.6444091796875,835.6500244140625,824.1351318359375
1790789011.1274724,1,1,718.8563842773438,888.2893676757812,827.4251098632812,735.3062133789062
1790789011.138232,1,1,682.6668701171875,730.3712768554688,853.7448120117188,669.5070190429688
1790789011.1501477,1,1,733.6612548828125,980.4082641601562,896.5142822265625,685.956787109375
1790789011.1619344,1,1,728.726318359375,1062.6573486328125,927.7689208984375,690.8917236328125
1790789011.1734307,1,1,751.7560424804688,1131.7464599609375,934.3488159179688,715.5664672851562
1790789011.1846325,1,1,751.7560424804688,1131.7464599609375,934.3488159179688,715.5664672851562
1790789011.1960528,1,1,751.7560424804688,1131.7464599609375,934.3488159179688,715.5664672851562
1790789011.207252,1,1,751.7560424804688,1131.7464599609375,934.3488159179688,715.5664672851562
1790789011.2179322,1,1,751.7560424804688,1131.7464599609375,934.3488159179688,715.5664672851562
1790789011.22872,1,1,733.6612548828125,1135.036376953125,940.9287719726562,730.3712768554688
1790789011.239676,1,1,720.5014038085938,1233.7352294921875,934.3488159179688,732.0162353515625
1790789011.2507691,1,1,791.2355346679688,1348.8839111328125,968.8934326171875,763.2708740234375
1790789011.2620795,1,1,768.205810546875,1370.2686767578125,942.57373046875,784.6556396484375
1790789011.2735271,1,1,778.07568359375,1271.56982421875,927.7689208984375,827.4251098632812
1790789011.2845726,1,1,810.9752807617188,1263.3448486328125,963.95849609375,838.9400024414062
1790789011.2958307,1,1,810.9752807617188,1263.3448486328125,963.95849609375,838.9400024414062
1790789011.3073788,1,1,810.9752807617188,1263.3448486328125,963.95849609375,838.9400024414062
1790789011.3181639,1,1,810.9752807617188,1263.3448486328125,963.95849609375,838.9400024414062
1790789011.3291607,1,1,810.9752807617188,1263.3448486328125,963.95849609375,838.9400024414062
1790789011.3402195,1,1,810.9752807617188,1263.3448486328125,963.95849609375,838.9400024414062
1790789011.351593,1,1,776.4307250976562,1095.556884765625,935.9938354492188,853.7448120117188
1790789011.3624332,1,1,763.2708740234375,1031.4027099609375,916.2540283203125,865.2596435546875
1790789011.3735392,1,1,763.2708740234375,996.8580932617188,929.4138793945312,861.9697265625
1790789011.3846064,1,1,791.2355346679688,903.09423828125,909.6741333007812,889.9343872070312
1790789011.3954508,1,1,791.2355346679688,903.09423828125,909.6741333007812,889.9343872070312
1790789011.4064734,1,1,791.2355346679688,903.09423828125,909.6741333007812,889.9343872070312
1790789011.4174948,1,1,791.2355346679688,903.09423828125,909.6741333007812,889.9343872070312
1790789011.4284415,1,1,791.2355346679688,903.09423828125,909.6741333007812,889.9343872070312
1790789011.4397786,1,1,791.2355346679688,903.09423828125,909.6741333007812,889.9343872070312
1790789011.4513974,1,1,819.2001953125,924.4789428710938,917.8990478515625,883.3544311523438
1790789011.462565,1,1,815.9102783203125,894.8693237304688,911.319091796875,894.8693237304688
1790789011.4736881,1,1,789.590576171875,847.1648559570312,878.4194946289062,868.5496215820312
1790789011.4846442,1,1,857.0347290039062,791.2355346679688,888.2893676757812,898.1592407226562
1790789011.495519,1,1,822.4901733398438,776.4307250976562,868.5496215820312,871.839599609375
1790789011.5065308,1,1,866.9046630859375,769.850830078125,868.5496215820312,889.9343872070312
1790789011.5174735,1,1,866.9046630859375,769.850830078125,868.5496215820312,889.9343872070312
1790789011.528682,1,1,866.9046630859375,769.850830078125,868.5496215820312,889.9343872070312
1790789011.5394757,1,1,866.9046630859375,769.850830078125,868.5496215820312,889.9343872070312
1790789011.550874,1,1,866.9046630859375,769.850830078125,868.5496215820312,889.9343872070312
1790789011.5624743,1,1,868.5496215820312,773.1407470703125,896.5142822265625,888.2893676757812
1790789011.5735996,1,1,903.09423828125,745.1760864257812,865.2596435546875,888.2893676757812
1790789011.584834,1,1,921.18896484375,740.2411499023438,860.32470703125,898.1592407226562
1790789011.5969145,1,1,901.44921875,730.3712768554688,850.454833984375,889.9343872070312
1790789011.6084027,1,1,886.6444091796875,745.1760864257812,829.070068359375,906.3841552734375
1790789011.6196818,1,1,886.6444091796875,745.1760864257812,829.070068359375,906.3841552734375
1790789011.6310678,1,1,886.6444091796875,745.1760864257812,829.070068359375,906.3841552734375
1790789011.6419036,1,1,886.6444091796875,745.1760864257812,829.070068359375,906.3841552734375
1790789011.653093,1,1,886.6444091796875,745.1760864257812,829.070068359375,906.3841552734375
1790789011.664717,1,1,886.6444091796875,745.1760864257812,829.070068359375,906.3841552734375
1790789011.676326,1,1,837.2949829101562,735.3062133789062,865.2596435546875,855.3897705078125
1790789011.6877246,1,1,898.1592407226562,722.1463623046875,914.6090698242188,861.9697265625
1790789011.6993537,1,1,873.4845581054688,707.341552734375,911.319091796875,881.70947265625
1790789011.7105935,1,1,873.4845581054688,707.341552734375,911.319091796875,881.70947265625
1790789011.7219439,1,1,873.4845581054688,707.341552734375,911.319091796875,881.70947265625
1790789011.7332964,1,1,873.4845581054688,707.341552734375,911.319091796875,881.70947265625
1790789011.7450545,1,1,873.4845581054688,707.341552734375,911.319091796875,881.70947265625
1790789011.756562,1,1,847.1648559570312,713.9214477539062,931.0588989257812,870.194580078125
1790789011.7677765,1,1,858.6797485351562,718.8563842773438,929.4138793945312,865.2596435546875
1790789011.7786386,1,1,847.1648559570312,720.5014038085938,884.9994506835938,863.6146850585938
1790789011.7898436,1,1,875.1295166015625,722.1463623046875,893.2243041992188,863.6146850585938
1790789011.8012025,1,1,875.1295166015625,722.1463623046875,893.2243041992188,863.6146850585938
1790789011.8125913,1,1,875.1295166015625,722.1463623046875,893.2243041992188,863.6146850585938
1790789011.823825,1,1,875.1295166015625,722.1463623046875,893.2243041992188,863.6146850585938
1790789011.8350039,1,1,875.1295166015625,722.1463623046875,893.2243041992188,863.6146850585938
1790789011.8459997,1,1,875.1295166015625,722.1463623046875,893.2243041992188,863.6146850585938
1790789011.8569982,1,1,824.1351318359375,715.5664672851562,873.4845581054688,845.5198974609375
1790789011.868317,1,1,847.1648559570312,718.8563842773438,878.4194946289062,843.8749389648438
1790789011.8793373,1,1,893.2243041992188,727.081298828125,888.2893676757812,853.7448120117188
1790789011.8905983,1,1,838.9400024414062,730.3712768554688,876.7745361328125,843.8749389648438
1790789011.9019845,1,1,881.70947265625,735.3062133789062,871.839599609375,858.6797485351562
1790789011.9134166,1,1,865.2596435546875,730.3712768554688,848.8098754882812,866.9046630859375
1790789011.9245267,1,1,865.2596435546875,730.3712768554688,848.8098754882812,866.9046630859375
1790789011.9360876,1,1,865.2596435546875,730.3712768554688,848.8098754882812,866.9046630859375
1790789011.9471219,1,1,865.2596435546875,730.3712768554688,848.8098754882812,866.9046630859375
1790789011.958642,1,1,865.2596435546875,730.3712768554688,848.8098754882812,866.9046630859375
1790789011.9698875,1,1,860.32470703125,741.8861083984375,852.0997924804688,848.8098754882812
1790789011.9810565,1,1,843.8749389648438,753.4010009765625,852.0997924804688,845.5198974609375
1790789011.992957,1,1,827.4251098632812,764.9158325195312,835.6500244140625,838.9400024414062
1790789012.0038335,1,1,814.2652587890625,783.0106201171875,840.5849609375,824.1351318359375
1790789012.0150347,1,1,853.7448120117188,781.3656616210938,837.2949829101562,838.9400024414062
1790789012.0263772,1,1,848.8098754882812,783.0106201171875,852.0997924804688,830.715087890625
1790789012.0374098,1,1,791.2355346679688,792.8805541992188,812.6203002929688,827.4251098632812
1790789012.048195,1,1,855.3897705078125,794.5255126953125,842.2299194335938,825.7801513671875
1790789012.059257,1,1,855.3897705078125,794.5255126953125,842.2299194335938,825.7801513671875
1790789012.0704894,1,1,855.3897705078125,794.5255126953125,842.2299194335938,825.7801513671875
1790789012.0819356,1,1,855.3897705078125,794.5255126953125,842.2299194335938,825.7801513671875
1790789012.09357,1,1,855.3897705078125,794.5255126953125,842.2299194335938,825.7801513671875
1790789012.1046677,1,1,814.2652587890625,784.6556396484375,820.84521484375,825.7801513671875
1790789012.1161852,1,1,848.8098754882812,791.2355346679688,850.454833984375,825.7801513671875
1790789012.1274538,1,1,852.0997924804688,787.945556640625,827.4251098632812,843.8749389648438
1790789012.1387072,1,1,809.330322265625,789.590576171875,814.2652587890625,843.8749389648438
1790789012.150087,1,1,858.6797485351562,802.7504272460938,845.5198974609375,847.1648559570312
1790789012.161234,1,1,858.6797485351562,802.7504272460938,845.5198974609375,847.1648559570312
1790789012.1719594,1,1,858.6797485351562,802.7504272460938,845.5198974609375,847.1648559570312
1790789012.1830838,1,1,858.6797485351562,802.7504272460938,845.5198974609375,847.1648559570312
1790789012.1943212,1,1,858.6797485351562,802.7504272460938,845.5198974609375,847.1648559570312
1790789012.2060556,1,1,858.6797485351562,802.7504272460938,845.5198974609375,847.1648559570312
1790789012.2170637,1,1,824.1351318359375,806.0403442382812,829.070068359375,842.2299194335938
1790789012.2283936,1,1,845.5198974609375,819.2001953125,842.2299194335938,848.8098754882812
1790789012.2392771,0,1,801.1054077148438,819.2001953125,820.84521484375,847.1648559570312
1790789012.2508116,0,1,847.1648559570312,829.070068359375,840.5849609375,857.0347290039062
1790789012.2623582,0,1,860.32470703125,829.070068359375,834.0050048828125,865.2596435546875
1790789012.2732499,0,1,860.32470703125,829.070068359375,834.0050048828125,865.2596435546875
1790789012.284833,0,1,860.32470703125,829.070068359375,834.0050048828125,865.2596435546875
1790789012.2955077,0,1,860.32470703125,829.070068359375,834.0050048828125,865.2596435546875
1790789012.306698,0,1,860.32470703125,829.070068359375,834.0050048828125,865.2596435546875
1790789012.3176773,0,1,786.3005981445312,827.4251098632812,814.2652587890625,838.9400024414062
1790789012.328443,0,1,776.4307250976562,840.5849609375,824.1351318359375,825.7801513671875
1790789012.3395,0,1,827.4251098632812,858.6797485351562,835.6500244140625,807.6853637695312
1790789012.3509753,0,1,740.2411499023438,858.6797485351562,807.6853637695312,769.850830078125
1790789012.3617268,0,1,674.4419555664062,906.3841552734375,855.3897705078125,648.1222534179688
1790789012.3727162,0,1,674.4419555664062,906.3841552734375,855.3897705078125,648.1222534179688
1790789012.3840196,0,1,674.4419555664062,906.3841552734375,855.3897705078125,648.1222534179688
1790789012.3956761,0,1,674.4419555664062,906.3841552734375,855.3897705078125,648.1222534179688
1790789012.4063926,0,1,674.4419555664062,906.3841552734375,855.3897705078125,648.1222534179688
1790789012.4176743,0,1,674.4419555664062,906.3841552734375,855.3897705078125,648.1222534179688
1790789012.4285858,0,1,616.8676147460938,847.1648559570312,876.7745361328125,633.3174438476562
1790789012.439722,0,1,682.6668701171875,812.6203002929688,919.5440063476562,685.956787109375
1790789012.4512517,0,1,783.0106201171875,776.4307250976562,898.1592407226562,761.6259155273438
1790789012.4623997,0,1,783.0106201171875,776.4307250976562,898.1592407226562,761.6259155273438
1790789012.473948,0,1,783.0106201171875,776.4307250976562,898.1592407226562,761.6259155273438
1790789012.4853694,0,1,783.0106201171875,776.4307250976562,898.1592407226562,761.6259155273438
1790789012.496125,0,1,783.0106201171875,776.4307250976562,898.1592407226562,761.6259155273438
1790789012.5070384,0,1,783.0106201171875,776.4307250976562,898.1592407226562,761.6259155273438
1790789012.5185828,0,1,801.1054077148438,764.9158325195312,883.3544311523438,814.2652587890625
1790789012.5295064,0,1,781.3656616210938,755.0459594726562,868.5496215820312,819.2001953125
1790789012.540676,0,1,845.5198974609375,748.466064453125,875.1295166015625,865.2596435546875
1790789012.551496,0,1,908.0291748046875,761.6259155273438,876.7745361328125,912.964111328125
1790789012.5622928,0,1,906.3841552734375,764.9158325195312,878.4194946289062,903.09423828125
1790789012.5732286,0,1,886.6444091796875,751.7560424804688,837.2949829101562,912.964111328125
1790789012.5842307,0,0,886.6444091796875,751.7560424804688,837.2949829101562,912.964111328125
1790789012.5950232,0,0,886.6444091796875,751.7560424804688,837.2949829101562,912.964111328125
1790789012.6057367,0,0,886.6444091796875,751.7560424804688,837.2949829101562,912.964111328125
1790789012.6169415,0,0,886.6444091796875,751.7560424804688,837.2949829101562,912.964111328125
1790789012.6280994,0,0,876.7745361328125,769.850830078125,858.6797485351562,903.09423828125
1790789012.6392334,0,0,899.8042602539062,784.6556396484375,838.9400024414062,917.8990478515625
1790789012.6506872,0,0,909.6741333007812,779.720703125,829.070068359375,932.703857421875
1790789012.6620917,0,0,908.0291748046875,787.945556640625,848.8098754882812,922.833984375
1790789012.673804,0,0,881.70947265625,799.46044921875,843.8749389648438,898.1592407226562
1790789012.6849294,0,0,926.1239624023438,799.46044921875,855.3897705078125,912.964111328125
1790789012.7115617,0,0,926.1239624023438,799.46044921875,855.3897705078125,912.964111328125
1790789012.7244897,0,0,926.1239624023438,799.46044921875,855.3897705078125,912.964111328125
1790789012.7370253,0,0,926.1239624023438,799.46044921875,855.3897705078125,912.964111328125
1790789012.7484818,0,0,926.1239624023438,799.46044921875,855.3897705078125,912.964111328125
1790789012.7598825,0,0,926.1239624023438,799.46044921875,855.3897705078125,912.964111328125
1790789012.7718697,0,0,919.5440063476562,819.2001953125,832.3600463867188,906.3841552734375
1790789012.7827585,0,0,878.4194946289062,822.4901733398438,817.5552368164062,886.6444091796875
1790789012.794282,0,0,909.6741333007812,838.9400024414062,857.0347290039062,883.3544311523438
1790789012.8058848,0,0,919.5440063476562,842.2299194335938,845.5198974609375,893.2243041992188
1790789012.8175623,0,0,919.5440063476562,842.2299194335938,845.5198974609375,893.2243041992188
1790789012.828588,0,0,919.5440063476562,842.2299194335938,845.5198974609375,893.2243041992188
1790789012.8398583,0,0,919.5440063476562,842.2299194335938,845.5198974609375,893.2243041992188
1790789012.8511171,0,0,921.18896484375,857.0347290039062,843.8749389648438,870.194580078125
1790789012.8624296,0,0,901.44921875,860.32470703125,834.0050048828125,857.0347290039062
1790789012.873983,0,0,911.319091796875,848.8098754882812,829.070068359375,870.194580078125
1790789012.8849962,0,0,911.319091796875,848.8098754882812,829.070068359375,870.194580078125
1790789012.8958428,0,0,883.3544311523438,855.3897705078125,829.070068359375,863.6146850585938
1790789012.906897,0,0,891.579345703125,852.0997924804688,829.070068359375,875.1295166015625
1790789012.9179747,0,1,888.2893676757812,857.0347290039062,838.9400024414062,878.4194946289062
1790789012.9287484,1,1,888.2893676757812,857.0347290039062,838.9400024414062,878.4194946289062
1790789012.9393725,1,1,888.2893676757812,857.0347290039062,838.9400024414062,878.4194946289062
1790789012.950753,1,1,888.2893676757812,857.0347290039062,838.9400024414062,878.4194946289062
1790789012.9620843,1,1,888.2893676757812,857.0347290039062,838.9400024414062,878.4194946289062
1790789012.972826,1,1,876.7745361328125,850.454833984375,837.2949829101562,878.4194946289062
1790789012.9840746,1,1,722.1463623046875,858.6797485351562,889.9343872070312,763.2708740234375
1790789012.9952676,1,1,830.715087890625,837.2949829101562,911.319091796875,829.070068359375
1790789013.006244,1,1,830.715087890625,837.2949829101562,911.319091796875,829.070068359375
1790789013.0172722,1,1,830.715087890625,837.2949829101562,911.319091796875,829.070068359375
1790789013.028355,1,1,830.715087890625,837.2949829101562,911.319091796875,829.070068359375
1790789013.0394905,1,1,830.715087890625,837.2949829101562,911.319091796875,829.070068359375
1790789013.0505607,1,1,830.715087890625,837.2949829101562,911.319091796875,829.070068359375
1790789013.061592,1,1,876.7745361328125,817.5552368164062,880.064453125,888.2893676757812
1790789013.0728307,1,1,876.7745361328125,814.2652587890625,868.5496215820312,889.9343872070312
1790789013.0836158,1,1,991.9231567382812,817.5552368164062,852.0997924804688,939.2837524414062
1790789013.0945973,1,1,995.213134765625,819.2001953125,829.070068359375,963.95849609375
1790789013.105818,1,1,978.7633056640625,817.5552368164062,825.7801513671875,944.2186889648438
1790789013.1171315,1,1,993.568115234375,814.2652587890625,824.1351318359375,954.088623046875
1790789013.1283834,1,1,993.568115234375,814.2652587890625,824.1351318359375,954.088623046875
1790789013.139557,1,1,993.568115234375,814.2652587890625,824.1351318359375,954.088623046875
1790789013.1513011,1,1,993.568115234375,814.2652587890625,824.1351318359375,954.088623046875
1790789013.1623273,1,1,993.568115234375,814.2652587890625,824.1351318359375,954.088623046875
1790789013.1736214,1,1,924.4789428710938,812.6203002929688,804.3953857421875,929.4138793945312
1790789013.1852794,1,1,908.0291748046875,817.5552368164062,794.5255126953125,917.8990478515625
1790789013.196747,1,1,944.2186889648438,840.5849609375,834.0050048828125,909.6741333007812
1790789013.207993,1,1,944.2186889648438,840.5849609375,834.0050048828125,909.6741333007812
1790789013.2192125,1,1,944.2186889648438,840.5849609375,834.0050048828125,909.6741333007812
1790789013.2308486,1,1,944.2186889648438,840.5849609375,834.0050048828125,909.6741333007812
1790789013.2419,1,1,944.2186889648438,840.5849609375,834.0050048828125,909.6741333007812
1790789013.2537677,1,1,908.0291748046875,837.2949829101562,832.3600463867188,888.2893676757812
1790789013.265361,1,1,911.319091796875,832.3600463867188,835.6500244140625,893.2243041992188
1790789013.2763891,1,1,875.1295166015625,830.715087890625,829.070068359375,884.9994506835938
1790789013.2874289,1,1,904.7391967773438,837.2949829101562,845.5198974609375,871.839599609375
1790789013.2988558,1,1,880.064453125,824.1351318359375,824.1351318359375,860.32470703125
1790789013.3096125,1,1,848.8098754882812,825.7801513671875,809.330322265625,858.6797485351562
1790789013.3207006,1,1,888.2893676757812,842.2299194335938,801.1054077148438,899.8042602539062
1790789013.332226,1,1,909.6741333007812,842.2299194335938,809.330322265625,894.8693237304688
1790789013.3431573,1,1,959.0235595703125,842.2299194335938,838.9400024414062,898.1592407226562
1790789013.3539336,1,1,959.0235595703125,842.2299194335938,838.9400024414062,898.1592407226562
1790789013.3650672,1,1,959.0235595703125,842.2299194335938,838.9400024414062,898.1592407226562
1790789013.3761919,1,1,959.0235595703125,842.2299194335938,838.9400024414062,898.1592407226562
1790789013.3874357,1,1,959.0235595703125,842.2299194335938,838.9400024414062,898.1592407226562
1790789013.3991807,1,1,893.2243041992188,834.0050048828125,799.46044921875,889.9343872070312
1790789013.4101455,1,1,926.1239624023438,847.1648559570312,840.5849609375,884.9994506835938
1790789013.4211643,1,1,894.8693237304688,843.8749389648438,834.0050048828125,880.064453125
1790789013.4321418,1,1,884.9994506835938,834.0050048828125,807.6853637695312,896.5142822265625
1790789013.4433122,1,1,908.0291748046875,834.0050048828125,824.1351318359375,886.6444091796875
1790789013.454083,1,1,904.7391967773438,830.715087890625,830.715087890625,875.1295166015625
1790789013.4649463,1,1,904.7391967773438,830.715087890625,830.715087890625,875.1295166015625
1790789013.476266,1,1,904.7391967773438,830.715087890625,830.715087890625,875.1295166015625
1790789013.487388,1,1,904.7391967773438,830.715087890625,830.715087890625,875.1295166015625
1790789013.4988265,1,1,904.7391967773438,830.715087890625,830.715087890625,875.1295166015625
1790789013.5101588,1,1,904.7391967773438,830.715087890625,830.715087890625,875.1295166015625
1790789013.5211918,1,1,878.4194946289062,845.5198974609375,799.46044921875,847.1648559570312
1790789013.5323057,1,1,896.5142822265625,852.0997924804688,794.5255126953125,837.2949829101562
1790789013.5435002,1,1,893.2243041992188,866.9046630859375,748.466064453125,835.6500244140625
1790789013.5546262,1,1,880.064453125,883.3544311523438,766.5608520507812,812.6203002929688
1790789013.5655556,1,1,922.833984375,866.9046630859375,769.850830078125,835.6500244140625
1790789013.5767827,1,1,898.1592407226562,860.32470703125,771.4957885742188,848.8098754882812
1790789013.5876062,1,1,898.1592407226562,860.32470703125,771.4957885742188,848.8098754882812
1790789013.5986583,1,1,898.1592407226562,860.32470703125,771.4957885742188,848.8098754882812
1790789013.6097794,1,1,898.1592407226562,860.32470703125,771.4957885742188,848.8098754882812
1790789013.6206377,1,1,898.1592407226562,860.32470703125,771.4957885742188,848.8098754882812
1790789013.6316085,1,1,898.1592407226562,860.32470703125,771.4957885742188,848.8098754882812
1790789013.643119,1,1,898.1592407226562,860.32470703125,771.4957885742188,848.8098754882812
1790789013.654766,1,1,906.3841552734375,858.6797485351562,794.5255126953125,842.2299194335938
1790789013.6663668,1,1,843.8749389648438,848.8098754882812,766.5608520507812,830.715087890625
1790789013.677313,1,1,876.7745361328125,850.454833984375,804.3953857421875,860.32470703125
1790789013.688292,1,1,875.1295166015625,848.8098754882812,817.5552368164062,852.0997924804688
1790789013.6997173,1,1,865.2596435546875,837.2949829101562,792.8805541992188,840.5849609375
1790789013.7110653,1,1,865.2596435546875,837.2949829101562,792.8805541992188,840.5849609375
1790789013.7222097,1,1,865.2596435546875,837.2949829101562,792.8805541992188,840.5849609375
1790789013.7335303,1,1,822.4901733398438,829.070068359375,799.46044921875,848.8098754882812
1790789013.7445438,1,1,894.8693237304688,837.2949829101562,825.7801513671875,865.2596435546875
1790789013.7556257,1,1,896.5142822265625,835.6500244140625,838.9400024414062,863.6146850585938
1790789013.7666638,1,1,876.7745361328125,835.6500244140625,810.9752807617188,860.32470703125
1790789013.777946,1,1,876.7745361328125,835.6500244140625,810.9752807617188,860.32470703125
1790789013.7891283,1,1,876.7745361328125,835.6500244140625,810.9752807617188,860.32470703125
1790789013.800322,1,1,876.7745361328125,835.6500244140625,810.9752807617188,860.32470703125
1790789013.812477,1,1,840.5849609375,829.070068359375,806.0403442382812,835.6500244140625
1790789013.8234627,1,1,899.8042602539062,835.6500244140625,837.2949829101562,861.9697265625
1790789013.8345172,1,1,886.6444091796875,822.4901733398438,810.9752807617188,860.32470703125
1790789013.846247,1,1,886.6444091796875,822.4901733398438,810.9752807617188,860.32470703125
1790789013.857501,1,1,886.6444091796875,822.4901733398438,810.9752807617188,860.32470703125
1790789013.869274,1,1,886.6444091796875,822.4901733398438,810.9752807617188,860.32470703125
1790789013.880541,1,1,886.6444091796875,822.4901733398438,810.9752807617188,860.32470703125
1790789013.8919706,1,1,891.579345703125,827.4251098632812,820.84521484375,858.6797485351562
1790789013.9033878,1,1,838.9400024414062,815.9102783203125,799.46044921875,837.2949829101562
1790789013.9141955,1,1,838.9400024414062,815.9102783203125,799.46044921875,837.2949829101562
1790789013.9252794,1,1,860.32470703125,825.7801513671875,815.9102783203125,857.0347290039062
1790789013.93685,1,1,880.064453125,837.2949829101562,838.9400024414062,858.6797485351562
1790789013.9482102,1,1,873.4845581054688,834.0050048828125,830.715087890625,866.9046630859375
1790789013.9597092,1,1,873.4845581054688,834.0050048828125,830.715087890625,866.9046630859375
1790789013.971711,1,1,873.4845581054688,834.0050048828125,830.715087890625,866.9046630859375
1790789013.9825008,1,1,873.4845581054688,834.0050048828125,830.715087890625,866.9046630859375
1790789013.9933357,1,1,873.4845581054688,834.0050048828125,830.715087890625,866.9046630859375
1790789014.0043685,1,1,837.2949829101562,835.6500244140625,827.4251098632812,840.5849609375
1790789014.0152748,1,1,801.1054077148438,903.09423828125,820.84521484375,764.9158325195312
1790789014.0267658,1,1,755.0459594726562,903.09423828125,824.1351318359375,725.4363403320312
1790789014.0382211,1,1,735.3062133789062,947.5086669921875,842.2299194335938,699.1166381835938
1790789014.0497777,1,1,702.4066162109375,1044.5625,822.4901733398438,676.0869140625
1790789014.0611427,1,1,702.4066162109375,1044.5625,822.4901733398438,676.0869140625
1790789014.0725174,1,1,702.4066162109375,1044.5625,822.4901733398438,676.0869140625
1790789014.0833704,1,1,702.4066162109375,1044.5625,822.4901733398438,676.0869140625
1790789014.0945399,1,1,702.4066162109375,1044.5625,822.4901733398438,676.0869140625
1790789014.106233,1,1,702.4066162109375,1044.5625,822.4901733398438,676.0869140625
1790789014.1175292,1,1,748.466064453125,1141.6163330078125,875.1295166015625,722.1463623046875
1790789014.1286378,1,1,824.1351318359375,1033.047607421875,894.8693237304688,814.2652587890625
1790789014.139758,1,1,840.5849609375,996.8580932617188,891.579345703125,855.3897705078125
1790789014.1517174,1,1,888.2893676757812,977.1183471679688,899.8042602539062,880.064453125
1790789014.1627707,1,1,888.2893676757812,977.1183471679688,899.8042602539062,880.064453125
1790789014.1742673,1,1,888.2893676757812,977.1183471679688,899.8042602539062,880.064453125
1790789014.1855035,1,1,888.2893676757812,977.1183471679688,899.8042602539062,880.064453125
1790789014.1965902,1,1,888.2893676757812,977.1183471679688,899.8042602539062,880.064453125
1790789014.2079728,1,1,888.2893676757812,977.1183471679688,899.8042602539062,880.064453125
1790789014.219452,1,1,865.2596435546875,970.5383911132812,875.1295166015625,881.70947265625
1790789014.230987,1,1,838.9400024414062,935.9938354492188,876.7745361328125,873.4845581054688
1790789014.24193,1,1,830.715087890625,899.8042602539062,860.32470703125,888.2893676757812
1790789014.253165,1,1,786.3005981445312,901.44921875,843.8749389648438,891.579345703125
1790789014.2642434,1,1,781.3656616210938,904.7391967773438,850.454833984375,894.8693237304688
1790789014.275035,1,1,781.3656616210938,904.7391967773438,850.454833984375,894.8693237304688
1790789014.2866874,1,1,781.3656616210938,904.7391967773438,850.454833984375,894.8693237304688
1790789014.2973783,1,1,781.3656616210938,904.7391967773438,850.454833984375,894.8693237304688
1790789014.3085127,1,1,781.3656616210938,904.7391967773438,850.454833984375,894.8693237304688
1790789014.3198533,1,1,781.3656616210938,904.7391967773438,850.454833984375,894.8693237304688
1790789014.331564,1,1,685.956787109375,852.0997924804688,810.9752807617188,873.4845581054688
1790789014.3425398,1,1,766.5608520507812,825.7801513671875,852.0997924804688,898.1592407226562
1790789014.353846,1,1,766.5608520507812,829.070068359375,834.0050048828125,868.5496215820312
1790789014.3656442,1,1,766.5608520507812,829.070068359375,834.0050048828125,868.5496215820312
1790789014.3765981,1,1,766.5608520507812,829.070068359375,834.0050048828125,868.5496215820312
1790789014.388368,1,1,766.5608520507812,829.070068359375,834.0050048828125,868.5496215820312
1790789014.3994114,1,1,766.5608520507812,829.070068359375,834.0050048828125,868.5496215820312
1790789014.4105704,1,1,799.46044921875,837.2949829101562,837.2949829101562,880.064453125
1790789014.4219,1,1,789.590576171875,832.3600463867188,819.2001953125,886.6444091796875
1790789014.4333448,1,1,827.4251098632812,835.6500244140625,837.2949829101562,873.4845581054688
1790789014.4445603,1,1,898.1592407226562,819.2001953125,863.6146850585938,904.7391967773438
1790789014.455711,1,1,843.8749389648438,801.1054077148438,843.8749389648438,878.4194946289062
1790789014.4673996,1,1,870.194580078125,779.720703125,830.715087890625,881.70947265625
1790789014.4783013,1,1,870.194580078125,779.720703125,830.715087890625,881.70947265625
1790789014.489379,1,1,870.194580078125,779.720703125,830.715087890625,881.70947265625
1790789014.5009692,1,1,870.194580078125,779.720703125,830.715087890625,881.70947265625
1790789014.5124772,1,1,870.194580078125,779.720703125,830.715087890625,881.70947265625
1790789014.5238059,1,1,889.9343872070312,799.46044921875,860.32470703125,883.3544311523438
1790789014.5352924,1,1,855.3897705078125,774.7857666015625,824.1351318359375,871.839599609375
1790789014.546369,1,1,916.2540283203125,778.07568359375,835.6500244140625,888.2893676757812
1790789014.5578892,1,1,916.2540283203125,761.6259155273438,835.6500244140625,880.064453125
1790789014.5692325,1,1,939.2837524414062,781.3656616210938,868.5496215820312,880.064453125
1790789014.5805135,1,1,939.2837524414062,781.3656616210938,868.5496215820312,880.064453125
1790789014.5918326,1,1,939.2837524414062,781.3656616210938,868.5496215820312,880.064453125
1790789014.6031623,1,1,939.2837524414062,781.3656616210938,868.5496215820312,880.064453125
1790789014.6141078,1,1,939.2837524414062,781.3656616210938,868.5496215820312,880.064453125
1790789014.6253557,1,1,917.8990478515625,764.9158325195312,855.3897705078125,881.70947265625
1790789014.636555,1,1,914.6090698242188,761.6259155273438,838.9400024414062,871.839599609375
1790789014.6480656,1,1,871.839599609375,750.1110229492188,827.4251098632812,880.064453125
1790789014.6589131,1,1,898.1592407226562,755.0459594726562,848.8098754882812,855.3897705078125
1790789014.670184,1,1,903.09423828125,743.5311279296875,824.1351318359375,853.7448120117188
1790789014.6819084,1,1,903.09423828125,743.5311279296875,824.1351318359375,853.7448120117188
1790789014.692784,1,1,903.09423828125,743.5311279296875,824.1351318359375,853.7448120117188
1790789014.704317,1,1,903.09423828125,743.5311279296875,824.1351318359375,853.7448120117188
1790789014.7156656,1,1,903.09423828125,743.5311279296875,824.1351318359375,853.7448120117188
1790789014.7269685,1,1,866.9046630859375,740.2411499023438,810.9752807617188,853.7448120117188
1790789014.7387323,1,1,916.2540283203125,751.7560424804688,834.0050048828125,853.7448120117188
1790789014.7504094,1,1,863.6146850585938,759.9808959960938,852.0997924804688,842.2299194335938
1790789014.761696,1,1,901.44921875,753.4010009765625,842.2299194335938,842.2299194335938
1790789014.7734058,1,1,888.2893676757812,753.4010009765625,830.715087890625,843.8749389648438
1790789014.7846353,1,1,866.9046630859375,756.6909790039062,829.070068359375,850.454833984375
1790789014.7956402,1,1,866.9046630859375,756.6909790039062,829.070068359375,850.454833984375
1790789014.8067584,1,1,866.9046630859375,756.6909790039062,829.070068359375,850.454833984375
1790789014.8174438,1,1,866.9046630859375,756.6909790039062,829.070068359375,850.454833984375
1790789014.8289,1,1,866.9046630859375,756.6909790039062,829.070068359375,850.454833984375
1790789014.840278,1,1,880.064453125,771.4957885742188,834.0050048828125,845.5198974609375
1790789014.8514938,1,1,893.2243041992188,776.4307250976562,840.5849609375,845.5198974609375
1790789014.8633213,1,1,871.839599609375,778.07568359375,822.4901733398438,838.9400024414062
1790789014.8748534,1,1,871.839599609375,778.07568359375,822.4901733398438,838.9400024414062
1790789014.8858685,1,1,871.839599609375,778.07568359375,822.4901733398438,838.9400024414062
1790789014.8975277,1,1,871.839599609375,778.07568359375,822.4901733398438,838.9400024414062
1790789014.9090393,1,1,871.839599609375,778.07568359375,822.4901733398438,838.9400024414062
1790789014.9198546,1,1,871.839599609375,781.3656616210938,827.4251098632812,852.0997924804688
1790789014.931045,1,1,873.4845581054688,787.945556640625,843.8749389648438,848.8098754882812
1790789014.942526,1,1,860.32470703125,794.5255126953125,840.5849609375,834.0050048828125
1790789014.9536247,1,1,929.4138793945312,806.0403442382812,863.6146850585938,855.3897705078125
1790789014.9654155,1,1,886.6444091796875,789.590576171875,824.1351318359375,855.3897705078125
1790789014.9766743,1,1,886.6444091796875,789.590576171875,824.1351318359375,855.3897705078125
1790789014.9878907,1,1,886.6444091796875,789.590576171875,824.1351318359375,855.3897705078125
1790789014.9989467,1,1,886.6444091796875,789.590576171875,824.1351318359375,855.3897705078125
1790789015.0102274,1,1,886.6444091796875,789.590576171875,824.1351318359375,855.3897705078125
1790789015.0221522,1,1,886.6444091796875,789.590576171875,824.1351318359375,855.3897705078125
1790789015.033983,1,1,891.579345703125,791.2355346679688,829.070068359375,858.6797485351562
1790789015.0446453,1,1,876.7745361328125,791.2355346679688,830.715087890625,861.9697265625
1790789015.0560274,1,1,848.8098754882812,794.5255126953125,840.5849609375,830.715087890625
1790789015.0671396,1,1,875.1295166015625,789.590576171875,822.4901733398438,853.7448120117188
1790789015.0781112,1,1,884.9994506835938,804.3953857421875,848.8098754882812,845.5198974609375
1790789015.08941,1,1,884.9994506835938,804.3953857421875,848.8098754882812,845.5198974609375
1790789015.1008785,1,1,884.9994506835938,804.3953857421875,848.8098754882812,845.5198974609375
1790789015.1115568,1,1,884.9994506835938,804.3953857421875,848.8098754882812,845.5198974609375
1790789015.122539,1,1,884.9994506835938,804.3953857421875,848.8098754882812,845.5198974609375
1790789015.133835,1,1,884.9994506835938,804.3953857421875,848.8098754882812,845.5198974609375
1790789015.145479,1,1,884.9994506835938,804.3953857421875,848.8098754882812,845.5198974609375
1790789015.1565652,1,1,861.9697265625,789.590576171875,837.2949829101562,843.8749389648438
1790789015.1674306,1,1,898.1592407226562,809.330322265625,850.454833984375,848.8098754882812
1790789015.1782837,1,1,861.9697265625,802.7504272460938,827.4251098632812,840.5849609375
1790789015.1893306,0,1,861.9697265625,822.4901733398438,832.3600463867188,830.715087890625
1790789015.2010555,0,1,865.2596435546875,815.9102783203125,815.9102783203125,840.5849609375
1790789015.2123907,0,1,865.2596435546875,815.9102783203125,815.9102783203125,840.5849609375
1790789015.2283404,0,1,865.2596435546875,815.9102783203125,815.9102783203125,840.5849609375
1790789015.2403252,0,1,865.2596435546875,815.9102783203125,815.9102783203125,840.5849609375
1790789015.2557364,0,1,865.2596435546875,815.9102783203125,815.9102783203125,840.5849609375
1790789015.2685726,0,1,865.2596435546875,815.9102783203125,815.9102783203125,840.5849609375
1790789015.2803092,0,1,865.2596435546875,815.9102783203125,815.9102783203125,840.5849609375
1790789015.2918086,0,1,878.4194946289062,814.2652587890625,817.5552368164062,842.2299194335938
1790789015.3034678,0,1,861.9697265625,825.7801513671875,810.9752807617188,847.1648559570312
1790789015.3143494,0,1,860.32470703125,832.3600463867188,835.6500244140625,835.6500244140625
1790789015.3264167,0,1,883.3544311523438,840.5849609375,837.2949829101562,837.2949829101562
1790789015.3377385,0,1,883.3544311523438,840.5849609375,837.2949829101562,837.2949829101562
1790789015.349981,0,1,883.3544311523438,840.5849609375,837.2949829101562,837.2949829101562
1790789015.3617215,0,1,883.3544311523438,840.5849609375,837.2949829101562,837.2949829101562
1790789015.3726017,0,1,888.2893676757812,835.6500244140625,817.5552368164062,857.0347290039062
1790789015.383666,0,1,876.7745361328125,835.6500244140625,834.0050048828125,845.5198974609375
1790789015.395269,0,1,891.579345703125,829.070068359375,832.3600463867188,852.0997924804688
1790789015.4064424,0,1,891.579345703125,829.070068359375,832.3600463867188,852.0997924804688
1790789015.418416,0,1,857.0347290039062,838.9400024414062,824.1351318359375,842.2299194335938
1790789015.4295864,0,1,857.0347290039062,838.9400024414062,824.1351318359375,842.2299194335938
1790789015.440722,0,1,857.0347290039062,838.9400024414062,824.1351318359375,842.2299194335938
1790789015.4516513,0,1,857.0347290039062,838.9400024414062,824.1351318359375,842.2299194335938
1790789015.4628785,0,1,857.0347290039062,838.9400024414062,824.1351318359375,842.2299194335938
1790789015.4742,0,1,857.0347290039062,838.9400024414062,824.1351318359375,842.2299194335938
1790789015.4856238,0,1,873.4845581054688,837.2949829101562,832.3600463867188,855.3897705078125
1790789015.4968467,0,1,871.839599609375,842.2299194335938,842.2299194335938,845.5198974609375
1790789015.5076969,0,1,878.4194946289062,840.5849609375,825.7801513671875,860.32470703125
1790789015.5186508,0,1,878.4194946289062,840.5849609375,825.7801513671875,860.32470703125
1790789015.529848,0,1,893.2243041992188,838.9400024414062,838.9400024414062,871.839599609375
1790789015.540558,0,1,876.7745361328125,838.9400024414062,824.1351318359375,861.9697265625
1790789015.5516894,0,1,850.454833984375,834.0050048828125,822.4901733398438,858.6797485351562
1790789015.5630202,0,1,863.6146850585938,830.715087890625,822.4901733398438,857.0347290039062
1790789015.5739782,0,1,889.9343872070312,838.9400024414062,835.6500244140625,860.32470703125
1790789015.584678,0,1,883.3544311523438,835.6500244140625,832.3600463867188,850.454833984375
1790789015.5959918,0,1,883.3544311523438,835.6500244140625,832.3600463867188,850.454833984375
1790789015.607685,0,1,883.3544311523438,835.6500244140625,832.3600463867188,850.454833984375
1790789015.6188397,0,1,883.3544311523438,835.6500244140625,832.3600463867188,850.454833984375
1790789015.6296904,0,1,883.3544311523438,835.6500244140625,832.3600463867188,850.454833984375
1790789015.6408806,0,1,883.3544311523438,835.6500244140625,832.3600463867188,850.454833984375
1790789015.6522083,0,1,845.5198974609375,832.3600463867188,815.9102783203125,837.2949829101562
1790789015.66351,0,1,883.3544311523438,827.4251098632812,820.84521484375,860.32470703125
1790789015.6752303,0,1,847.1648559570312,829.070068359375,796.1704711914062,863.6146850585938
1790789015.6864815,0,1,865.2596435546875,837.2949829101562,843.8749389648438,845.5198974609375
1790789015.6973228,0,1,865.2596435546875,837.2949829101562,843.8749389648438,845.5198974609375
1790789015.7085373,0,1,865.2596435546875,837.2949829101562,843.8749389648438,845.5198974609375
1790789015.720005,0,1,865.2596435546875,837.2949829101562,843.8749389648438,845.5198974609375
1790789015.731056,0,1,858.6797485351562,791.2355346679688,817.5552368164062,852.0997924804688
1790789015.7421582,0,1,886.6444091796875,797.8154907226562,832.3600463867188,855.3897705078125
1790789015.7533693,0,1,871.839599609375,791.2355346679688,842.2299194335938,845.5198974609375
1790789015.7651553,0,1,871.839599609375,791.2355346679688,842.2299194335938,845.5198974609375
1790789015.7764494,0,1,871.839599609375,791.2355346679688,842.2299194335938,845.5198974609375
1790789015.7874882,0,1,871.839599609375,791.2355346679688,842.2299194335938,845.5198974609375
1790789015.7987351,0,1,871.839599609375,791.2355346679688,842.2299194335938,845.5198974609375
1790789015.8100464,0,1,901.44921875,797.8154907226562,861.9697265625,858.6797485351562
1790789015.8211253,0,1,845.5198974609375,792.8805541992188,825.7801513671875,850.454833984375
1790789015.8319352,0,1,861.9697265625,796.1704711914062,809.330322265625,855.3897705078125
1790789015.8427854,0,1,838.9400024414062,810.9752807617188,815.9102783203125,853.7448120117188
1790789015.8538692,0,1,906.3841552734375,820.84521484375,847.1648559570312,855.3897705078125
1790789015.8648722,0,1,847.1648559570312,810.9752807617188,814.2652587890625,852.0997924804688
1790789015.875838,0,1,847.1648559570312,810.9752807617188,814.2652587890625,852.0997924804688
1790789015.8868988,0,1,847.1648559570312,810.9752807617188,814.2652587890625,852.0997924804688
1790789015.8986592,0,1,847.1648559570312,810.9752807617188,814.2652587890625,852.0997924804688
1790789015.9098845,0,1,847.1648559570312,810.9752807617188,814.2652587890625,852.0997924804688
1790789015.9214442,0,1,847.1648559570312,810.9752807617188,814.2652587890625,852.0997924804688
1790789015.9326546,0,1,852.0997924804688,820.84521484375,825.7801513671875,830.715087890625
1790789015.9435234,0,1,835.6500244140625,817.5552368164062,825.7801513671875,837.2949829101562
1790789015.9547312,0,1,857.0347290039062,814.2652587890625,814.2652587890625,845.5198974609375
1790789015.9657526,0,1,857.0347290039062,814.2652587890625,814.2652587890625,845.5198974609375
1790789015.9768903,0,1,857.0347290039062,814.2652587890625,814.2652587890625,845.5198974609375
1790789015.9875374,0,1,857.0347290039062,814.2652587890625,814.2652587890625,845.5198974609375
1790789015.9986067,0,1,857.0347290039062,814.2652587890625,814.2652587890625,845.5198974609375
1790789016.0098913,0,1,857.0347290039062,814.2652587890625,814.2652587890625,845.5198974609375
1790789016.021119,0,1,850.454833984375,819.2001953125,827.4251098632812,847.1648559570312
1790789016.0319476,0,1,888.2893676757812,817.5552368164062,835.6500244140625,868.5496215820312
1790789016.043278,0,1,850.454833984375,815.9102783203125,819.2001953125,835.6500244140625
1790789016.0541215,0,1,845.5198974609375,820.84521484375,825.7801513671875,850.454833984375
1790789016.0650592,0,1,866.9046630859375,830.715087890625,838.9400024414062,835.6500244140625
1790789016.076207,1,1,866.9046630859375,830.715087890625,838.9400024414062,835.6500244140625
1790789016.0873835,1,1,866.9046630859375,830.715087890625,838.9400024414062,835.6500244140625
1790789016.098446,1,1,866.9046630859375,830.715087890625,838.9400024414062,835.6500244140625
1790789016.110104,1,1,866.9046630859375,830.715087890625,838.9400024414062,835.6500244140625
1790789016.1216362,1,1,866.9046630859375,830.715087890625,838.9400024414062,835.6500244140625
1790789016.1325135,1,1,866.9046630859375,830.715087890625,838.9400024414062,835.6500244140625
1790789016.1433976,1,1,873.4845581054688,825.7801513671875,820.84521484375,847.1648559570312
1790789016.154147,1,1,860.32470703125,825.7801513671875,825.7801513671875,837.2949829101562
1790789016.1650972,1,1,909.6741333007812,834.0050048828125,855.3897705078125,857.0347290039062
1790789016.175854,1,1,909.6741333007812,834.0050048828125,855.3897705078125,857.0347290039062
1790789016.1867428,1,1,838.9400024414062,812.6203002929688,804.3953857421875,857.0347290039062
1790789016.1974535,1,1,868.5496215820312,817.5552368164062,820.84521484375,852.0997924804688
1790789016.208644,1,1,830.715087890625,829.070068359375,817.5552368164062,842.2299194335938
1790789016.2195623,1,1,855.3897705078125,830.715087890625,832.3600463867188,845.5198974609375
1790789016.2305841,1,1,855.3897705078125,830.715087890625,832.3600463867188,845.5198974609375
1790789016.2414076,1,1,855.3897705078125,830.715087890625,832.3600463867188,845.5198974609375
1790789016.2527952,1,1,855.3897705078125,830.715087890625,832.3600463867188,845.5198974609375
1790789016.2638488,1,1,855.3897705078125,830.715087890625,832.3600463867188,845.5198974609375
1790789016.2750368,1,1,855.3897705078125,830.715087890625,832.3600463867188,845.5198974609375
1790789016.286354,1,1,876.7745361328125,835.6500244140625,835.6500244140625,842.2299194335938
1790789016.2977622,1,1,853.7448120117188,834.0050048828125,847.1648559570312,848.8098754882812
1790789016.3088555,1,1,876.7745361328125,834.0050048828125,838.9400024414062,845.5198974609375
1790789016.3203316,1,1,876.7745361328125,834.0050048828125,838.9400024414062,845.5198974609375
1790789016.3314383,1,1,876.7745361328125,834.0050048828125,838.9400024414062,845.5198974609375
1790789016.3428385,1,1,876.7745361328125,834.0050048828125,838.9400024414062,845.5198974609375
1790789016.3538783,1,1,840.5849609375,824.1351318359375,806.0403442382812,837.2949829101562
1790789016.3652396,1,1,853.7448120117188,829.070068359375,827.4251098632812,848.8098754882812
1790789016.3765821,1,1,866.9046630859375,834.0050048828125,845.5198974609375,840.5849609375
1790789016.3873887,1,1,866.9046630859375,834.0050048828125,845.5198974609375,840.5849609375
1790789016.3985512,1,1,866.9046630859375,834.0050048828125,845.5198974609375,840.5849609375
1790789016.4092288,1,1,866.9046630859375,834.0050048828125,845.5198974609375,840.5849609375
1790789016.4210124,1,1,866.9046630859375,834.0050048828125,845.5198974609375,840.5849609375
1790789016.432682,1,1,866.9046630859375,834.0050048828125,845.5198974609375,840.5849609375
1790789016.4438403,1,1,847.1648559570312,838.9400024414062,830.715087890625,848.8098754882812
1790789016.4548306,1,1,855.3897705078125,834.0050048828125,824.1351318359375,865.2596435546875
1790789016.4660416,1,1,843.8749389648438,824.1351318359375,809.330322265625,852.0997924804688
1790789016.4772866,1,1,883.3544311523438,840.5849609375,842.2299194335938,863.6146850585938
1790789016.4883761,1,1,817.5552368164062,829.070068359375,804.3953857421875,843.8749389648438
1790789016.4994817,1,1,822.4901733398438,825.7801513671875,807.6853637695312,843.8749389648438
1790789016.5104692,1,1,822.4901733398438,825.7801513671875,807.6853637695312,843.8749389648438
1790789016.52192,1,1,822.4901733398438,825.7801513671875,807.6853637695312,843.8749389648438
1790789016.5332491,1,1,822.4901733398438,825.7801513671875,807.6853637695312,843.8749389648438
1790789016.5442846,1,1,822.4901733398438,825.7801513671875,807.6853637695312,843.8749389648438
1790789016.555584,1,1,822.4901733398438,825.7801513671875,807.6853637695312,843.8749389648438
1790789016.5666828,1,1,861.9697265625,832.3600463867188,847.1648559570312,838.9400024414062
1790789016.5777028,1,1,860.32470703125,832.3600463867188,842.2299194335938,845.5198974609375
1790789016.5887961,1,1,863.6146850585938,827.4251098632812,832.3600463867188,853.7448120117188
1790789016.599908,1,1,898.1592407226562,827.4251098632812,838.9400024414062,860.32470703125
1790789016.6110637,1,1,838.9400024414062,820.84521484375,819.2001953125,847.1648559570312
1790789016.6223338,1,1,838.9400024414062,820.84521484375,819.2001953125,847.1648559570312
1790789016.6339018,1,1,889.9343872070312,822.4901733398438,827.4251098632812,852.0997924804688
1790789016.6446724,1,1,843.8749389648438,822.4901733398438,824.1351318359375,840.5849609375
1790789016.6555624,1,1,875.1295166015625,819.2001953125,832.3600463867188,857.0347290039062
1790789016.6672652,1,1,901.44921875,827.4251098632812,853.7448120117188,855.3897705078125
1790789016.678613,1,1,845.5198974609375,822.4901733398438,817.5552368164062,829.070068359375
1790789016.6901734,1,1,845.5198974609375,822.4901733398438,817.5552368164062,829.070068359375
1790789016.7010927,1,1,845.5198974609375,822.4901733398438,817.5552368164062,829.070068359375
1790789016.7123942,1,1,845.5198974609375,822.4901733398438,817.5552368164062,829.070068359375
1790789016.723728,1,1,845.5198974609375,822.4901733398438,817.5552368164062,829.070068359375
1790789016.7353637,1,1,820.84521484375,824.1351318359375,814.2652587890625,829.070068359375
1790789016.7467954,1,1,894.8693237304688,827.4251098632812,845.5198974609375,853.7448120117188
1790789016.7582488,1,1,865.2596435546875,820.84521484375,834.0050048828125,840.5849609375
1790789016.7698889,1,1,855.3897705078125,822.4901733398438,825.7801513671875,829.070068359375
1790789016.780978,1,1,827.4251098632812,817.5552368164062,814.2652587890625,848.8098754882812
1790789016.792581,1,1,827.4251098632812,817.5552368164062,814.2652587890625,848.8098754882812
1790789016.8036368,1,1,827.4251098632812,817.5552368164062,814.2652587890625,848.8098754882812
1790789016.8146577,1,1,827.4251098632812,817.5552368164062,814.2652587890625,848.8098754882812
1790789016.82586,1,1,827.4251098632812,817.5552368164062,814.2652587890625,848.8098754882812
1790789016.8376968,1,1,827.4251098632812,817.5552368164062,814.2652587890625,848.8098754882812
1790789016.8489845,1,1,868.5496215820312,807.6853637695312,825.7801513671875,847.1648559570312
1790789016.860181,1,1,847.1648559570312,814.2652587890625,819.2001953125,838.9400024414062
1790789016.871526,1,1,835.6500244140625,829.070068359375,815.9102783203125,853.7448120117188
1790789016.8827732,1,1,891.579345703125,825.7801513671875,837.2949829101562,858.6797485351562
1790789016.8938253,1,1,858.6797485351562,825.7801513671875,830.715087890625,853.7448120117188
1790789016.9051404,1,1,858.6797485351562,825.7801513671875,830.715087890625,853.7448120117188
1790789016.9162474,1,1,858.6797485351562,825.7801513671875,830.715087890625,853.7448120117188
1790789016.9276783,1,1,858.6797485351562,825.7801513671875,830.715087890625,853.7448120117188
1790789016.938973,1,1,870.194580078125,829.070068359375,840.5849609375,840.5849609375
1790789016.9506001,1,1,829.070068359375,819.2001953125,819.2001953125,834.0050048828125
1790789016.962171,1,1,866.9046630859375,822.4901733398438,815.9102783203125,857.0347290039062
1790789016.9730122,1,1,853.7448120117188,820.84521484375,832.3600463867188,837.2949829101562
1790789016.9841046,1,1,812.6203002929688,817.5552368164062,806.0403442382812,838.9400024414062
1790789016.9948304,1,1,812.6203002929688,817.5552368164062,806.0403442382812,838.9400024414062
1790789017.0059664,1,1,812.6203002929688,817.5552368164062,806.0403442382812,838.9400024414062
1790789017.0171683,1,1,812.6203002929688,817.5552368164062,806.0403442382812,838.9400024414062
1790789017.0283706,1,1,812.6203002929688,817.5552368164062,806.0403442382812,838.9400024414062
1790789017.0395973,1,1,812.6203002929688,817.5552368164062,806.0403442382812,838.9400024414062
1790789017.051326,1,1,812.6203002929688,817.5552368164062,806.0403442382812,838.9400024414062
1790789017.0622618,1,1,797.8154907226562,825.7801513671875,814.2652587890625,835.6500244140625
1790789017.073375,1,1,815.9102783203125,820.84521484375,814.2652587890625,827.4251098632812
1790789017.084644,1,1,815.9102783203125,820.84521484375,814.2652587890625,827.4251098632812
1790789017.0957196,1,1,815.9102783203125,820.84521484375,814.2652587890625,827.4251098632812
1790789017.106434,1,1,815.9102783203125,820.84521484375,814.2652587890625,827.4251098632812
1790789017.1172593,1,1,815.9102783203125,820.84521484375,814.2652587890625,827.4251098632812
1790789017.12805,1,1,815.9102783203125,820.84521484375,814.2652587890625,827.4251098632812
1790789017.139106,1,1,815.9102783203125,820.84521484375,814.2652587890625,827.4251098632812
1790789017.1498082,1,1,840.5849609375,827.4251098632812,832.3600463867188,827.4251098632812
1790789017.1610386,1,1,861.9697265625,824.1351318359375,835.6500244140625,832.3600463867188
1790789017.1721373,1,1,868.5496215820312,825.7801513671875,830.715087890625,834.0050048828125
1790789017.183165,1,1,868.5496215820312,814.2652587890625,834.0050048828125,845.5198974609375
1790789017.1945236,1,1,858.6797485351562,822.4901733398438,835.6500244140625,834.0050048828125
1790789017.2057176,1,1,858.6797485351562,822.4901733398438,835.6500244140625,834.0050048828125
1790789017.2176425,1,1,858.6797485351562,822.4901733398438,835.6500244140625,834.0050048828125
1790789017.228679,1,1,858.6797485351562,822.4901733398438,835.6500244140625,834.0050048828125
1790789017.2398355,1,1,858.6797485351562,822.4901733398438,835.6500244140625,834.0050048828125
1790789017.2509518,1,1,850.454833984375,814.2652587890625,817.5552368164062,842.2299194335938
1790789017.2618089,1,1,827.4251098632812,815.9102783203125,819.2001953125,827.4251098632812
1790789017.2731228,1,1,723.7913208007812,886.6444091796875,794.5255126953125,728.726318359375
1790789017.28422,1,1,723.7913208007812,886.6444091796875,794.5255126953125,728.726318359375
1790789017.295416,1,1,723.7913208007812,886.6444091796875,794.5255126953125,728.726318359375
1790789017.3062088,1,1,723.7913208007812,886.6444091796875,794.5255126953125,728.726318359375
1790789017.3173149,1,1,723.7913208007812,886.6444091796875,794.5255126953125,728.726318359375
1790789017.329217,1,1,723.7913208007812,886.6444091796875,794.5255126953125,728.726318359375
1790789017.3401675,1,1,725.4363403320312,1008.3729248046875,829.070068359375,669.5070190429688
1790789017.3512456,1,1,740.2411499023438,1084.0419921875,838.9400024414062,672.7969360351562
1790789017.3619275,1,1,786.3005981445312,1069.2371826171875,863.6146850585938,704.0515747070312
1790789017.3729494,1,1,750.1110229492188,1080.7520751953125,834.0050048828125,707.341552734375
1790789017.3837712,1,1,827.4251098632812,1139.971435546875,865.2596435546875,756.6909790039062
1790789017.3945107,1,1,809.330322265625,1088.9769287109375,857.0347290039062,784.6556396484375
1790789017.4053879,1,1,809.330322265625,1088.9769287109375,857.0347290039062,784.6556396484375
1790789017.4164696,1,1,809.330322265625,1088.9769287109375,857.0347290039062,784.6556396484375
1790789017.4273272,1,1,809.330322265625,1088.9769287109375,857.0347290039062,784.6556396484375
1790789017.4385977,1,1,809.330322265625,1088.9769287109375,857.0347290039062,784.6556396484375
1790789017.449905,1,1,809.330322265625,1088.9769287109375,857.0347290039062,784.6556396484375
1790789017.4610133,1,1,809.330322265625,1088.9769287109375,857.0347290039062,784.6556396484375
1790789017.472339,1,1,848.8098754882812,1000.1480712890625,847.1648559570312,822.4901733398438
1790789017.4837084,1,1,876.7745361328125,995.213134765625,861.9697265625,855.3897705078125
1790789017.4947093,1,1,861.9697265625,894.8693237304688,838.9400024414062,870.194580078125
1790789017.5059874,1,1,861.9697265625,894.8693237304688,838.9400024414062,870.194580078125
1790789017.5172586,1,1,861.9697265625,894.8693237304688,838.9400024414062,870.194580078125
1790789017.5280356,1,1,861.9697265625,894.8693237304688,838.9400024414062,870.194580078125
1790789017.5390725,1,1,861.9697265625,894.8693237304688,838.9400024414062,870.194580078125
1790789017.5504313,1,1,861.9697265625,894.8693237304688,838.9400024414062,870.194580078125
1790789017.5615537,1,1,906.3841552734375,886.6444091796875,840.5849609375,893.2243041992188
1790789017.5729454,1,1,870.194580078125,889.9343872070312,842.2299194335938,871.839599609375
1790789017.583921,1,1,931.0588989257812,916.2540283203125,866.9046630859375,889.9343872070312
1790789017.594912,1,1,899.8042602539062,903.09423828125,852.0997924804688,888.2893676757812
1790789017.6058517,1,1,896.5142822265625,891.579345703125,838.9400024414062,886.6444091796875
1790789017.624089,1,1,875.1295166015625,865.2596435546875,824.1351318359375,888.2893676757812
1790789017.6401906,1,1,875.1295166015625,870.194580078125,840.5849609375,884.9994506835938
1790789017.6525989,1,1,866.9046630859375,868.5496215820312,838.9400024414062,883.3544311523438
1790789017.664041,1,1,866.9046630859375,868.5496215820312,838.9400024414062,883.3544311523438
1790789017.6755927,1,1,866.9046630859375,868.5496215820312,838.9400024414062,883.3544311523438
1790789017.6915612,1,1,866.9046630859375,868.5496215820312,838.9400024414062,883.3544311523438
1790789017.7030642,1,1,866.9046630859375,868.5496215820312,838.9400024414062,883.3544311523438
1790789017.71447,1,1,866.9046630859375,868.5496215820312,838.9400024414062,883.3544311523438
1790789017.7261624,1,1,886.6444091796875,834.0050048828125,829.070068359375,896.5142822265625
1790789017.7386382,1,1,886.6444091796875,825.7801513671875,838.9400024414062,904.7391967773438
1790789017.750205,1,1,860.32470703125,810.9752807617188,837.2949829101562,886.6444091796875
1790789017.7618742,1,1,860.32470703125,810.9752807617188,837.2949829101562,886.6444091796875
1790789017.775769,1,1,901.44921875,815.9102783203125,857.0347290039062,888.2893676757812
1790789017.787524,1,1,909.6741333007812,774.7857666015625,850.454833984375,893.2243041992188
1790789017.7991416,1,1,884.9994506835938,759.9808959960938,837.2949829101562,883.3544311523438
1790789017.810413,1,1,881.70947265625,748.466064453125,837.2949829101562,883.3544311523438
1790789017.8216794,1,1,855.3897705078125,751.7560424804688,843.8749389648438,861.9697265625
1790789017.8334854,1,1,855.3897705078125,751.7560424804688,843.8749389648438,861.9697265625
1790789017.8453653,1,1,855.3897705078125,751.7560424804688,843.8749389648438,861.9697265625
1790789017.856829,1,1,848.8098754882812,758.3359375,834.0050048828125,863.6146850585938
1790789017.8680742,1,1,858.6797485351562,738.59619140625,817.5552368164062,863.6146850585938
1790789017.8793354,1,1,868.5496215820312,748.466064453125,855.3897705078125,861.9697265625
1790789017.8907726,1,1,842.2299194335938,745.1760864257812,835.6500244140625,848.8098754882812
1790789017.902128,1,1,842.2299194335938,745.1760864257812,835.6500244140625,848.8098754882812
1790789017.9131966,1,1,842.2299194335938,745.1760864257812,835.6500244140625,848.8098754882812
1790789017.9238718,1,1,847.1648559570312,751.7560424804688,825.7801513671875,840.5849609375
1790789017.9351034,1,1,893.2243041992188,763.2708740234375,852.0997924804688,860.32470703125
1790789017.947519,1,1,842.2299194335938,764.9158325195312,830.715087890625,848.8098754882812
1790789017.9586487,1,1,842.2299194335938,764.9158325195312,830.715087890625,848.8098754882812
1790789017.969797,1,1,842.2299194335938,764.9158325195312,830.715087890625,848.8098754882812
1790789017.9806552,1,1,842.2299194335938,764.9158325195312,830.715087890625,848.8098754882812
1790789017.9919462,1,1,842.2299194335938,764.9158325195312,830.715087890625,848.8098754882812
1790789018.003735,1,1,842.2299194335938,764.9158325195312,830.715087890625,848.8098754882812
1790789018.015234,1,1,871.839599609375,761.6259155273438,822.4901733398438,860.32470703125
1790789018.0259612,1,1,866.9046630859375,763.2708740234375,824.1351318359375,857.0347290039062
1790789018.0369847,1,1,812.6203002929688,764.9158325195312,810.9752807617188,834.0050048828125
1790789018.0479808,1,1,876.7745361328125,784.6556396484375,845.5198974609375,858.6797485351562
1790789018.059346,1,1,861.9697265625,779.720703125,827.4251098632812,855.3897705078125
1790789018.0706737,1,1,819.2001953125,779.720703125,819.2001953125,847.1648559570312
1790789018.0828128,1,1,819.2001953125,779.720703125,819.2001953125,847.1648559570312
1790789018.0944366,1,1,819.2001953125,779.720703125,819.2001953125,847.1648559570312
1790789018.1058512,1,1,819.2001953125,779.720703125,819.2001953125,847.1648559570312
1790789018.1169262,1,1,819.2001953125,779.720703125,819.2001953125,847.1648559570312
1790789018.1279233,1,1,819.2001953125,779.720703125,819.2001953125,847.1648559570312
1790789018.1386244,1,1,819.2001953125,779.720703125,819.2001953125,847.1648559570312
1790789018.1495168,1,1,857.0347290039062,783.0106201171875,827.4251098632812,850.454833984375
1790789018.1605766,1,1,843.8749389648438,794.5255126953125,847.1648559570312,840.5849609375
1790789018.171538,1,1,843.8749389648438,794.5255126953125,847.1648559570312,840.5849609375
1790789018.1823041,1,1,875.1295166015625,796.1704711914062,829.070068359375,852.0997924804688
1790789018.1934302,1,1,838.9400024414062,802.7504272460938,840.5849609375,835.6500244140625
1790789018.2047498,1,1,838.9400024414062,802.7504272460938,840.5849609375,835.6500244140625
1790789018.2159486,1,1,838.9400024414062,802.7504272460938,840.5849609375,835.6500244140625
1790789018.2268193,1,1,838.9400024414062,802.7504272460938,840.5849609375,835.6500244140625
1790789018.2382324,1,1,838.9400024414062,802.7504272460938,840.5849609375,835.6500244140625
1790789018.2504795,1,1,838.9400024414062,802.7504272460938,840.5849609375,835.6500244140625
1790789018.2617118,1,1,871.839599609375,812.6203002929688,840.5849609375,847.1648559570312
1790789018.2729573,1,1,830.715087890625,796.1704711914062,835.6500244140625,865.2596435546875
1790789018.2838714,1,1,871.839599609375,797.8154907226562,845.5198974609375,875.1295166015625
1790789018.2950318,1,1,871.839599609375,797.8154907226562,845.5198974609375,875.1295166015625
1790789018.3059266,1,1,871.839599609375,797.8154907226562,845.5198974609375,875.1295166015625
1790789018.3170898,1,1,871.839599609375,797.8154907226562,845.5198974609375,875.1295166015625
1790789018.3285172,1,1,871.839599609375,797.8154907226562,845.5198974609375,875.1295166015625
1790789018.3403003,1,1,871.839599609375,797.8154907226562,845.5198974609375,875.1295166015625
1790789018.3515844,1,1,858.6797485351562,789.590576171875,835.6500244140625,866.9046630859375
1790789018.3626425,1,1,835.6500244140625,801.1054077148438,824.1351318359375,848.8098754882812
1790789018.374293,1,1,870.194580078125,799.46044921875,802.7504272460938,866.9046630859375
1790789018.385436,1,1,834.0050048828125,812.6203002929688,820.84521484375,852.0997924804688
1790789018.3968549,0,1,834.0050048828125,812.6203002929688,820.84521484375,852.0997924804688
1790789018.4078953,0,1,834.0050048828125,812.6203002929688,820.84521484375,852.0997924804688
1790789018.4188137,0,1,834.0050048828125,812.6203002929688,820.84521484375,852.0997924804688
1790789018.4299638,0,1,834.0050048828125,812.6203002929688,820.84521484375,852.0997924804688
1790789018.4406953,0,1,881.70947265625,810.9752807617188,840.5849609375,863.6146850585938
1790789018.4517982,0,1,853.7448120117188,810.9752807617188,827.4251098632812,852.0997924804688
1790789018.4628477,0,1,912.964111328125,820.84521484375,868.5496215820312,858.6797485351562
1790789018.4737012,0,1,835.6500244140625,804.3953857421875,807.6853637695312,848.8098754882812
1790789018.4846363,0,1,909.6741333007812,815.9102783203125,860.32470703125,860.32470703125
1790789018.495838,0,1,853.7448120117188,797.8154907226562,832.3600463867188,853.7448120117188
1790789018.5075526,0,1,853.7448120117188,797.8154907226562,832.3600463867188,853.7448120117188
1790789018.518747,0,1,853.7448120117188,797.8154907226562,832.3600463867188,853.7448120117188
1790789018.530006,0,1,853.7448120117188,797.8154907226562,832.3600463867188,853.7448120117188
1790789018.5411875,0,1,853.7448120117188,797.8154907226562,832.3600463867188,853.7448120117188
1790789018.5523818,0,1,884.9994506835938,814.2652587890625,838.9400024414062,860.32470703125
1790789018.5633965,0,1,852.0997924804688,810.9752807617188,829.070068359375,850.454833984375
1790789018.574339,0,1,855.3897705078125,817.5552368164062,843.8749389648438,838.9400024414062
1790789018.585567,0,1,850.454833984375,812.6203002929688,830.715087890625,845.5198974609375
1790789018.5971034,0,1,850.454833984375,812.6203002929688,830.715087890625,845.5198974609375
1790789018.6082008,0,1,850.454833984375,812.6203002929688,830.715087890625,845.5198974609375
1790789018.6192763,0,1,850.454833984375,812.6203002929688,830.715087890625,845.5198974609375
1790789018.6307008,0,1,850.454833984375,812.6203002929688,830.715087890625,845.5198974609375
1790789018.64188,0,1,850.454833984375,812.6203002929688,830.715087890625,845.5198974609375
1790789018.6533751,0,1,871.839599609375,815.9102783203125,830.715087890625,850.454833984375
1790789018.664286,0,1,857.0347290039062,810.9752807617188,835.6500244140625,850.454833984375
1790789018.67545,0,1,861.9697265625,809.330322265625,810.9752807617188,861.9697265625
1790789018.6865091,0,1,881.70947265625,820.84521484375,830.715087890625,863.6146850585938
1790789018.6975951,0,1,848.8098754882812,820.84521484375,834.0050048828125,843.8749389648438
1790789018.7089777,0,1,848.8098754882812,820.84521484375,834.0050048828125,843.8749389648438
1790789018.7202551,0,1,848.8098754882812,820.84521484375,834.0050048828125,843.8749389648438
1790789018.731447,0,1,848.8098754882812,820.84521484375,834.0050048828125,843.8749389648438
1790789018.742586,0,1,848.8098754882812,820.84521484375,834.0050048828125,843.8749389648438
1790789018.7537785,0,1,848.8098754882812,820.84521484375,834.0050048828125,843.8749389648438
1790789018.76528,0,1,880.064453125,820.84521484375,858.6797485351562,860.32470703125
1790789018.7761426,0,1,863.6146850585938,819.2001953125,843.8749389648438,847.1648559570312
1790789018.787609,0,1,855.3897705078125,807.6853637695312,802.7504272460938,861.9697265625
1790789018.7983534,0,1,876.7745361328125,822.4901733398438,829.070068359375,852.0997924804688
1790789018.8094316,0,1,904.7391967773438,832.3600463867188,848.8098754882812,855.3897705078125
1790789018.8207304,0,1,850.454833984375,819.2001953125,827.4251098632812,837.2949829101562
1790789018.8316596,0,1,838.9400024414062,812.6203002929688,801.1054077148438,840.5849609375
1790789018.8427005,0,1,845.5198974609375,819.2001953125,824.1351318359375,842.2299194335938
1790789018.8539572,0,1,845.5198974609375,819.2001953125,824.1351318359375,842.2299194335938
1790789018.8652337,0,1,845.5198974609375,819.2001953125,824.1351318359375,842.2299194335938
1790789018.876586,0,1,845.5198974609375,819.2001953125,824.1351318359375,842.2299194335938
1790789018.88772,0,1,845.5198974609375,819.2001953125,824.1351318359375,842.2299194335938
1790789018.8990126,0,1,853.7448120117188,822.4901733398438,806.0403442382812,860.32470703125
1790789018.9102561,0,1,871.839599609375,819.2001953125,824.1351318359375,860.32470703125
1790789018.9214792,0,1,857.0347290039062,822.4901733398438,842.2299194335938,850.454833984375
1790789018.9330385,0,1,845.5198974609375,812.6203002929688,812.6203002929688,848.8098754882812
1790789018.9443996,0,1,870.194580078125,819.2001953125,840.5849609375,850.454833984375
1790789018.9556363,0,1,870.194580078125,819.2001953125,840.5849609375,850.454833984375
1790789018.9665234,0,1,870.194580078125,819.2001953125,840.5849609375,850.454833984375
1790789018.9771829,0,1,870.194580078125,819.2001953125,840.5849609375,850.454833984375
1790789018.9882567,0,1,870.194580078125,819.2001953125,840.5849609375,850.454833984375
1790789018.9993274,0,1,870.194580078125,819.2001953125,840.5849609375,850.454833984375
1790789019.010345,0,1,870.194580078125,819.2001953125,840.5849609375,850.454833984375
1790789019.0220857,0,1,870.194580078125,819.2001953125,840.5849609375,850.454833984375
1790789019.0332682,0,1,857.0347290039062,814.2652587890625,830.715087890625,840.5849609375
1790789019.0444214,0,1,834.0050048828125,814.2652587890625,806.0403442382812,848.8098754882812
1790789019.0556867,0,1,834.0050048828125,810.9752807617188,810.9752807617188,845.5198974609375
1790789019.066427,0,1,847.1648559570312,809.330322265625,829.070068359375,842.2299194335938
1790789019.0778573,0,1,847.1648559570312,809.330322265625,829.070068359375,842.2299194335938
1790789019.0891364,0,1,847.1648559570312,809.330322265625,829.070068359375,842.2299194335938
1790789019.100095,0,1,847.1648559570312,809.330322265625,829.070068359375,842.2299194335938
1790789019.1109426,0,1,847.1648559570312,809.330322265625,829.070068359375,842.2299194335938
1790789019.1218126,0,1,847.1648559570312,809.330322265625,829.070068359375,842.2299194335938
1790789019.1329482,0,1,876.7745361328125,815.9102783203125,834.0050048828125,842.2299194335938
1790789019.144193,0,1,870.194580078125,819.2001953125,834.0050048828125,858.6797485351562
1790789019.155187,0,1,903.09423828125,825.7801513671875,860.32470703125,853.7448120117188
1790789019.1664414,0,1,842.2299194335938,817.5552368164062,829.070068359375,834.0050048828125
1790789019.1777673,0,1,861.9697265625,815.9102783203125,840.5849609375,855.3897705078125
1790789019.1891184,0,1,834.0050048828125,809.330322265625,830.715087890625,850.454833984375
1790789019.2004387,0,1,834.0050048828125,809.330322265625,830.715087890625,850.454833984375
1790789019.2113633,0,1,834.0050048828125,809.330322265625,830.715087890625,850.454833984375
1790789019.2222989,0,1,834.0050048828125,809.330322265625,830.715087890625,850.454833984375
1790789019.2340405,0,1,834.0050048828125,809.330322265625,830.715087890625,850.454833984375
1790789019.2451215,0,1,837.2949829101562,807.6853637695312,820.84521484375,835.6500244140625
1790789019.2563214,0,1,881.70947265625,824.1351318359375,837.2949829101562,852.0997924804688
1790789019.2673888,0,1,866.9046630859375,820.84521484375,843.8749389648438,850.454833984375
1790789019.2783132,0,1,827.4251098632812,824.1351318359375,819.2001953125,834.0050048828125
1790789019.2895207,0,1,863.6146850585938,824.1351318359375,845.5198974609375,845.5198974609375
1790789019.3004553,0,1,863.6146850585938,824.1351318359375,845.5198974609375,845.5198974609375
1790789019.311432,0,1,863.6146850585938,824.1351318359375,845.5198974609375,845.5198974609375
1790789019.322408,0,1,863.6146850585938,824.1351318359375,845.5198974609375,845.5198974609375
1790789019.3334577,0,1,863.6146850585938,824.1351318359375,845.5198974609375,845.5198974609375
1790789019.3447957,0,1,863.6146850585938,824.1351318359375,845.5198974609375,845.5198974609375
1790789019.3558743,0,1,848.8098754882812,825.7801513671875,835.6500244140625,840.5849609375
1790789019.3674624,0,1,891.579345703125,830.715087890625,853.7448120117188,843.8749389648438
1790789019.378769,0,1,852.0997924804688,817.5552368164062,827.4251098632812,843.8749389648438
1790789019.390052,0,1,852.0997924804688,817.5552368164062,827.4251098632812,843.8749389648438
1790789019.4016502,0,1,852.0997924804688,817.5552368164062,827.4251098632812,843.8749389648438
1790789019.4127297,0,1,852.0997924804688,817.5552368164062,827.4251098632812,843.8749389648438
1790789019.4234297,0,1,852.0997924804688,817.5552368164062,827.4251098632812,843.8749389648438
1790789019.4340882,0,1,852.0997924804688,817.5552368164062,827.4251098632812,843.8749389648438
1790789019.4455276,0,1,852.0997924804688,817.5552368164062,827.4251098632812,843.8749389648438
1790789019.4569204,0,1,837.2949829101562,817.5552368164062,824.1351318359375,852.0997924804688
1790789019.4684455,0,1,847.1648559570312,814.2652587890625,824.1351318359375,832.3600463867188
1790789019.4796197,0,1,847.1648559570312,814.2652587890625,824.1351318359375,832.3600463867188
1790789019.4906533,0,1,847.1648559570312,814.2652587890625,824.1351318359375,832.3600463867188
1790789019.5016322,0,1,847.1648559570312,814.2652587890625,824.1351318359375,832.3600463867188
1790789019.5132844,0,1,847.1648559570312,814.2652587890625,824.1351318359375,832.3600463867188
1790789019.52489,0,1,847.1648559570312,814.2652587890625,824.1351318359375,832.3600463867188
1790789019.5359259,0,1,845.5198974609375,817.5552368164062,812.6203002929688,848.8098754882812
1790789019.5476496,0,1,837.2949829101562,812.6203002929688,815.9102783203125,843.8749389648438
1790789019.5585284,0,1,880.064453125,817.5552368164062,824.1351318359375,858.6797485351562
1790789019.5696478,0,1,819.2001953125,810.9752807617188,792.8805541992188,848.8098754882812
1790789019.5811946,0,1,850.454833984375,810.9752807617188,817.5552368164062,848.8098754882812
1790789019.592364,0,1,850.454833984375,810.9752807617188,817.5552368164062,848.8098754882812
1790789019.6035218,0,1,850.454833984375,810.9752807617188,817.5552368164062,848.8098754882812
1790789019.6146245,0,1,850.454833984375,810.9752807617188,817.5552368164062,848.8098754882812
1790789019.6264772,0,1,850.454833984375,810.9752807617188,817.5552368164062,848.8098754882812
1790789019.6377861,0,1,832.3600463867188,809.330322265625,802.7504272460938,830.715087890625
1790789019.6490831,0,1,847.1648559570312,809.330322265625,824.1351318359375,837.2949829101562
1790789019.6602428,0,1,855.3897705078125,804.3953857421875,819.2001953125,857.0347290039062
1790789019.6712108,0,1,829.070068359375,807.6853637695312,810.9752807617188,838.9400024414062
1790789019.682486,0,1,861.9697265625,824.1351318359375,842.2299194335938,838.9400024414062
1790789019.6934843,0,1,861.9697265625,824.1351318359375,842.2299194335938,838.9400024414062
1790789019.7045736,0,1,861.9697265625,824.1351318359375,842.2299194335938,838.9400024414062
1790789019.7230654,0,1,861.9697265625,824.1351318359375,842.2299194335938,838.9400024414062
1790789019.7374763,0,1,861.9697265625,824.1351318359375,842.2299194335938,838.9400024414062
1790789019.749043,0,1,848.8098754882812,817.5552368164062,820.84521484375,845.5198974609375
1790789019.7607057,0,1,893.2243041992188,824.1351318359375,848.8098754882812,837.2949829101562
1790789019.7724285,0,1,891.579345703125,824.1351318359375,857.0347290039062,857.0347290039062
1790789019.7886095,0,1,855.3897705078125,815.9102783203125,825.7801513671875,838.9400024414062
1790789019.8013563,0,1,822.4901733398438,806.0403442382812,792.8805541992188,840.5849609375
1790789019.813268,0,1,845.5198974609375,815.9102783203125,822.4901733398438,843.8749389648438
1790789019.824805,0,1,845.5198974609375,815.9102783203125,822.4901733398438,843.8749389648438
1790789019.8362947,0,1,845.5198974609375,815.9102783203125,822.4901733398438,843.8749389648438
1790789019.848683,0,1,845.5198974609375,815.9102783203125,822.4901733398438,843.8749389648438
1790789019.85978,0,1,845.5198974609375,815.9102783203125,822.4901733398438,843.8749389648438
1790789019.870928,0,1,845.5198974609375,815.9102783203125,822.4901733398438,843.8749389648438
1790789019.8822818,0,1,845.5198974609375,815.9102783203125,822.4901733398438,843.8749389648438
1790789019.8943913,0,1,861.9697265625,825.7801513671875,835.6500244140625,840.5849609375
1790789019.90628,0,1,840.5849609375,812.6203002929688,796.1704711914062,840.5849609375
1790789019.9174645,0,1,857.0347290039062,824.1351318359375,832.3600463867188,848.8098754882812
1790789019.9284773,0,1,884.9994506835938,819.2001953125,825.7801513671875,855.3897705078125
1790789019.939465,0,1,896.5142822265625,824.1351318359375,842.2299194335938,865.2596435546875
1790789019.9502485,0,1,824.1351318359375,817.5552368164062,799.46044921875,858.6797485351562
1790789019.9617183,0,1,866.9046630859375,817.5552368164062,835.6500244140625,853.7448120117188
1790789019.972982,0,1,866.9046630859375,817.5552368164062,835.6500244140625,853.7448120117188
1790789019.9842744,0,1,866.9046630859375,817.5552368164062,835.6500244140625,853.7448120117188
1790789019.9956548,0,1,866.9046630859375,817.5552368164062,835.6500244140625,853.7448120117188
1790789020.006605,0,1,866.9046630859375,817.5552368164062,835.6500244140625,853.7448120117188
1790789020.017907,0,1,866.9046630859375,817.5552368164062,835.6500244140625,853.7448120117188
1790789020.028825,0,1,837.2949829101562,820.84521484375,843.8749389648438,838.9400024414062
1790789020.0399084,0,1,845.5198974609375,820.84521484375,815.9102783203125,847.1648559570312
1790789020.051085,0,1,838.9400024414062,822.4901733398438,830.715087890625,835.6500244140625
1790789020.0622802,0,1,899.8042602539062,830.715087890625,873.4845581054688,858.6797485351562
1790789020.0733356,0,1,868.5496215820312,819.2001953125,848.8098754882812,852.0997924804688
1790789020.0846286,0,1,868.5496215820312,819.2001953125,848.8098754882812,852.0997924804688
1790789020.0954602,0,1,868.5496215820312,819.2001953125,848.8098754882812,852.0997924804688
1790789020.1068263,0,1,868.5496215820312,819.2001953125,848.8098754882812,852.0997924804688
1790789020.117791,0,1,886.6444091796875,827.4251098632812,852.0997924804688,853.7448120117188
1790789020.128939,0,1,861.9697265625,815.9102783203125,824.1351318359375,848.8098754882812
1790789020.1401823,0,1,827.4251098632812,807.6853637695312,789.590576171875,848.8098754882812
1790789020.1513512,0,1,889.9343872070312,819.2001953125,848.8098754882812,861.9697265625
1790789020.162779,0,1,858.6797485351562,817.5552368164062,824.1351318359375,840.5849609375
1790789020.1743476,0,1,858.6797485351562,817.5552368164062,824.1351318359375,840.5849609375
1790789020.185607,0,1,858.6797485351562,817.5552368164062,824.1351318359375,840.5849609375
1790789020.196949,0,1,858.6797485351562,817.5552368164062,824.1351318359375,840.5849609375
1790789020.2077358,0,1,858.6797485351562,817.5552368164062,824.1351318359375,840.5849609375
1790789020.2190216,0,1,858.6797485351562,817.5552368164062,824.1351318359375,840.5849609375
1790789020.2297997,0,1,858.6797485351562,817.5552368164062,824.1351318359375,840.5849609375
1790789020.2406003,0,1,866.9046630859375,820.84521484375,834.0050048828125,852.0997924804688
1790789020.2517102,0,1,880.064453125,817.5552368164062,838.9400024414062,860.32470703125
1790789020.2625973,0,1,845.5198974609375,814.2652587890625,825.7801513671875,852.0997924804688
1790789020.2735972,0,1,845.5198974609375,814.2652587890625,825.7801513671875,852.0997924804688
1790789020.2843492,0,1,845.5198974609375,814.2652587890625,825.7801513671875,852.0997924804688
1790789020.2954803,0,1,842.2299194335938,814.2652587890625,809.330322265625,853.7448120117188
1790789020.3064325,0,1,842.2299194335938,814.2652587890625,809.330322265625,853.7448120117188
1790789020.3176246,0,1,842.2299194335938,814.2652587890625,809.330322265625,853.7448120117188
1790789020.3285992,0,1,842.2299194335938,814.2652587890625,809.330322265625,853.7448120117188
1790789020.3399243,0,1,857.0347290039062,812.6203002929688,797.8154907226562,863.6146850585938
1790789020.3513606,0,1,873.4845581054688,815.9102783203125,840.5849609375,850.454833984375
1790789020.3625145,0,1,873.4845581054688,815.9102783203125,840.5849609375,850.454833984375
1790789020.3736105,0,1,873.4845581054688,815.9102783203125,840.5849609375,850.454833984375
1790789020.3843596,0,1,873.4845581054688,815.9102783203125,840.5849609375,850.454833984375
1790789020.3957176,0,1,873.4845581054688,815.9102783203125,840.5849609375,850.454833984375
1790789020.4074464,0,1,860.32470703125,822.4901733398438,838.9400024414062,838.9400024414062
1790789020.4182854,0,1,824.1351318359375,809.330322265625,809.330322265625,847.1648559570312
1790789020.42977,0,1,824.1351318359375,810.9752807617188,815.9102783203125,855.3897705078125
1790789020.4411154,0,1,922.833984375,830.715087890625,863.6146850585938,858.6797485351562
1790789020.452192,0,1,906.3841552734375,832.3600463867188,835.6500244140625,845.5198974609375
1790789020.463587,0,1,906.3841552734375,832.3600463867188,835.6500244140625,845.5198974609375
1790789020.4748533,0,1,906.3841552734375,832.3600463867188,835.6500244140625,845.5198974609375
1790789020.4860518,0,1,906.3841552734375,832.3600463867188,835.6500244140625,845.5198974609375
1790789020.4969327,1,1,906.3841552734375,832.3600463867188,835.6500244140625,845.5198974609375
1790789020.508233,1,1,906.3841552734375,832.3600463867188,835.6500244140625,845.5198974609375
1790789020.5193,1,1,834.0050048828125,825.7801513671875,806.0403442382812,853.7448120117188
1790789020.5307474,1,1,883.3544311523438,827.4251098632812,858.6797485351562,858.6797485351562
1790789020.541933,1,1,847.1648559570312,819.2001953125,834.0050048828125,857.0347290039062
1790789020.5530205,1,1,842.2299194335938,815.9102783203125,830.715087890625,852.0997924804688
1790789020.5640643,1,1,842.2299194335938,815.9102783203125,830.715087890625,852.0997924804688
1790789020.5751972,1,1,842.2299194335938,815.9102783203125,830.715087890625,852.0997924804688
1790789020.5863798,1,1,842.2299194335938,815.9102783203125,830.715087890625,852.0997924804688
1790789020.598065,1,1,842.2299194335938,815.9102783203125,830.715087890625,852.0997924804688
1790789020.6091187,1,1,842.2299194335938,815.9102783203125,830.715087890625,852.0997924804688
1790789020.620449,1,1,870.194580078125,820.84521484375,837.2949829101562,855.3897705078125
1790789020.6315613,1,1,829.070068359375,817.5552368164062,814.2652587890625,842.2299194335938
1790789020.6429422,1,1,829.070068359375,817.5552368164062,814.2652587890625,842.2299194335938
1790789020.6542144,1,1,847.1648559570312,822.4901733398438,835.6500244140625,843.8749389648438
1790789020.665227,1,1,865.2596435546875,817.5552368164062,832.3600463867188,857.0347290039062
1790789020.6763365,1,1,876.7745361328125,812.6203002929688,838.9400024414062,861.9697265625
1790789020.6874092,1,1,876.7745361328125,812.6203002929688,838.9400024414062,861.9697265625
1790789020.698707,1,1,876.7745361328125,812.6203002929688,838.9400024414062,861.9697265625
1790789020.7105534,1,1,876.7745361328125,812.6203002929688,838.9400024414062,861.9697265625
1790789020.7215717,1,1,876.7745361328125,812.6203002929688,838.9400024414062,861.9697265625
1790789020.7331061,1,1,886.6444091796875,815.9102783203125,840.5849609375,845.5198974609375
1790789020.744326,1,1,837.2949829101562,810.9752807617188,797.8154907226562,848.8098754882812
1790789020.7555387,1,1,883.3544311523438,819.2001953125,843.8749389648438,853.7448120117188
1790789020.7664094,1,1,855.3897705078125,812.6203002929688,817.5552368164062,845.5198974609375
1790789020.7778575,1,1,891.579345703125,815.9102783203125,834.0050048828125,858.6797485351562
1790789020.7888126,1,1,875.1295166015625,819.2001953125,835.6500244140625,855.3897705078125
1790789020.7998273,1,1,875.1295166015625,819.2001953125,835.6500244140625,855.3897705078125
1790789020.8109834,1,1,875.1295166015625,819.2001953125,835.6500244140625,855.3897705078125
1790789020.8222177,1,1,875.1295166015625,819.2001953125,835.6500244140625,855.3897705078125
1790789020.8338912,1,1,875.1295166015625,819.2001953125,835.6500244140625,855.3897705078125
1790789020.845249,1,1,868.5496215820312,820.84521484375,830.715087890625,855.3897705078125
1790789020.8565073,1,1,853.7448120117188,819.2001953125,837.2949829101562,853.7448120117188
1790789020.867834,1,1,843.8749389648438,820.84521484375,819.2001953125,842.2299194335938
1790789020.879393,1,1,843.8749389648438,820.84521484375,819.2001953125,842.2299194335938
1790789020.8911328,1,1,843.8749389648438,820.84521484375,819.2001953125,842.2299194335938
1790789020.9027555,1,1,843.8749389648438,820.84521484375,819.2001953125,842.2299194335938
1790789020.9142184,1,1,843.8749389648438,820.84521484375,819.2001953125,842.2299194335938
1790789020.9251091,1,1,843.8749389648438,820.84521484375,819.2001953125,842.2299194335938
1790789020.9366684,1,1,871.839599609375,829.070068359375,838.9400024414062,848.8098754882812
1790789020.9477696,1,1,860.32470703125,819.2001953125,829.070068359375,860.32470703125
1790789020.9588928,1,1,850.454833984375,822.4901733398438,829.070068359375,845.5198974609375
1790789020.9706037,1,1,865.2596435546875,814.2652587890625,815.9102783203125,852.0997924804688
1790789020.9824486,1,1,847.1648559570312,814.2652587890625,815.9102783203125,855.3897705078125
1790789020.9937928,1,1,847.1648559570312,814.2652587890625,815.9102783203125,855.3897705078125
1790789021.0049512,1,1,847.1648559570312,814.2652587890625,815.9102783203125,855.3897705078125
1790789021.016336,1,1,847.1648559570312,814.2652587890625,815.9102783203125,855.3897705078125
1790789021.027341,1,1,847.1648559570312,814.2652587890625,815.9102783203125,855.3897705078125
1790789021.038405,1,1,847.1648559570312,814.2652587890625,815.9102783203125,855.3897705078125
1790789021.0500634,1,1,888.2893676757812,822.4901733398438,850.454833984375,845.5198974609375
1790789021.0612254,1,1,888.2893676757812,822.4901733398438,850.454833984375,845.5198974609375
1790789021.072446,1,1,870.194580078125,820.84521484375,832.3600463867188,853.7448120117188
1790789021.0843592,1,1,840.5849609375,814.2652587890625,820.84521484375,842.2299194335938
1790789021.095487,1,1,840.5849609375,814.2652587890625,820.84521484375,842.2299194335938
1790789021.1064975,1,1,840.5849609375,814.2652587890625,820.84521484375,842.2299194335938
1790789021.11761,1,1,840.5849609375,814.2652587890625,820.84521484375,842.2299194335938
1790789021.1289372,1,1,840.5849609375,814.2652587890625,820.84521484375,842.2299194335938
1790789021.1405454,1,1,840.5849609375,814.2652587890625,820.84521484375,842.2299194335938
1790789021.1520226,1,1,840.5849609375,822.4901733398438,834.0050048828125,845.5198974609375
1790789021.1632977,1,1,868.5496215820312,814.2652587890625,820.84521484375,857.0347290039062
1790789021.1744158,1,1,838.9400024414062,817.5552368164062,825.7801513671875,848.8098754882812
1790789021.1855624,1,1,852.0997924804688,837.2949829101562,837.2949829101562,842.2299194335938
1790789021.196576,1,1,842.2299194335938,830.715087890625,824.1351318359375,855.3897705078125
1790789021.2080753,1,1,842.2299194335938,830.715087890625,824.1351318359375,855.3897705078125
1790789021.2194984,1,1,842.2299194335938,830.715087890625,824.1351318359375,855.3897705078125
1790789021.2318468,1,1,842.2299194335938,830.715087890625,824.1351318359375,855.3897705078125
1790789021.2443955,1,1,842.2299194335938,830.715087890625,824.1351318359375,855.3897705078125
1790789021.2561707,1,1,898.1592407226562,840.5849609375,858.6797485351562,861.9697265625
1790789021.2673292,1,1,832.3600463867188,845.5198974609375,812.6203002929688,845.5198974609375
1790789021.279101,1,1,860.32470703125,853.7448120117188,824.1351318359375,845.5198974609375
1790789021.2907922,1,1,838.9400024414062,840.5849609375,806.0403442382812,845.5198974609375
1790789021.3037715,1,1,876.7745361328125,830.715087890625,832.3600463867188,840.5849609375
1790789021.3154085,1,1,888.2893676757812,848.8098754882812,850.454833984375,853.7448120117188
1790789021.326542,1,1,866.9046630859375,834.0050048828125,822.4901733398438,848.8098754882812
1790789021.3377845,1,1,863.6146850585938,834.0050048828125,797.8154907226562,863.6146850585938
1790789021.349202,1,1,855.3897705078125,837.2949829101562,807.6853637695312,857.0347290039062
1790789021.3612723,1,1,855.3897705078125,837.2949829101562,807.6853637695312,857.0347290039062
1790789021.3725092,1,1,855.3897705078125,837.2949829101562,807.6853637695312,857.0347290039062
1790789021.3845358,1,1,855.3897705078125,837.2949829101562,807.6853637695312,857.0347290039062
1790789021.396007,1,1,891.579345703125,847.1648559570312,832.3600463867188,850.454833984375
1790789021.4069276,1,1,861.9697265625,838.9400024414062,802.7504272460938,866.9046630859375
1790789021.417846,1,1,888.2893676757812,842.2299194335938,832.3600463867188,852.0997924804688
1790789021.4289522,1,1,855.3897705078125,840.5849609375,830.715087890625,850.454833984375
1790789021.439877,1,1,842.2299194335938,827.4251098632812,810.9752807617188,838.9400024414062
1790789021.4516795,1,1,871.839599609375,838.9400024414062,825.7801513671875,853.7448120117188
1790789021.4636045,1,1,871.839599609375,838.9400024414062,825.7801513671875,853.7448120117188
1790789021.4756877,1,1,871.839599609375,838.9400024414062,825.7801513671875,853.7448120117188
1790789021.4874222,1,1,871.839599609375,838.9400024414062,825.7801513671875,853.7448120117188
1790789021.4991276,1,1,865.2596435546875,820.84521484375,807.6853637695312,857.0347290039062
1790789021.5106862,1,1,866.9046630859375,837.2949829101562,845.5198974609375,832.3600463867188
1790789021.522498,1,1,857.0347290039062,832.3600463867188,812.6203002929688,848.8098754882812
1790789021.5344563,1,1,891.579345703125,845.5198974609375,858.6797485351562,852.0997924804688
1790789021.5457199,1,1,891.579345703125,845.5198974609375,858.6797485351562,852.0997924804688
1790789021.5566978,1,1,891.579345703125,845.5198974609375,858.6797485351562,852.0997924804688
1790789021.5674515,1,1,891.579345703125,845.5198974609375,858.6797485351562,852.0997924804688
1790789021.5786366,1,1,891.579345703125,845.5198974609375,858.6797485351562,852.0997924804688
1790789021.591269,1,1,866.9046630859375,834.0050048828125,845.5198974609375,838.9400024414062
1790789021.603033,1,1,886.6444091796875,837.2949829101562,840.5849609375,845.5198974609375
1790789021.614194,1,1,850.454833984375,835.6500244140625,817.5552368164062,842.2299194335938
1790789021.6258318,1,1,848.8098754882812,889.9343872070312,848.8098754882812,825.7801513671875
1790789021.6373043,1,1,888.2893676757812,857.0347290039062,903.09423828125,845.5198974609375
1790789021.649976,1,1,710.6315307617188,916.2540283203125,814.2652587890625,685.956787109375
1790789021.6616585,1,1,710.6315307617188,916.2540283203125,814.2652587890625,685.956787109375
1790789021.6737497,1,1,710.6315307617188,916.2540283203125,814.2652587890625,685.956787109375
1790789021.6864622,1,1,710.6315307617188,916.2540283203125,814.2652587890625,685.956787109375
1790789021.7040045,1,1,710.6315307617188,916.2540283203125,814.2652587890625,685.956787109375
1790789021.715667,1,1,694.1817016601562,1093.9119873046875,838.9400024414062,626.7374877929688
1790789021.7270994,1,1,672.7969360351562,1396.5882568359375,852.0997924804688,633.3174438476562
1790789021.738687,1,1,720.5014038085938,1454.16259765625,888.2893676757812,677.7318725585938
1790789021.7502584,1,1,807.6853637695312,1610.435791015625,903.09423828125,745.1760864257812
1790789021.7616346,1,1,807.6853637695312,1610.435791015625,903.09423828125,745.1760864257812
1790789021.7739193,1,1,807.6853637695312,1610.435791015625,903.09423828125,745.1760864257812
1790789021.785287,1,1,807.6853637695312,1610.435791015625,903.09423828125,745.1760864257812
1790789021.796731,1,1,807.6853637695312,1610.435791015625,903.09423828125,745.1760864257812
1790789021.8083587,1,1,807.6853637695312,1610.435791015625,903.09423828125,745.1760864257812
1790789021.8202689,1,1,799.46044921875,1544.6365966796875,873.4845581054688,791.2355346679688
1790789021.8317635,1,1,899.8042602539062,1350.52880859375,891.579345703125,863.6146850585938
1790789021.8431053,1,1,835.6500244140625,1218.930419921875,819.2001953125,853.7448120117188
1790789021.8552768,1,1,903.09423828125,1107.07177734375,884.9994506835938,876.7745361328125
1790789021.8669991,1,1,903.09423828125,1107.07177734375,884.9994506835938,876.7745361328125
1790789021.8782103,1,1,903.09423828125,1107.07177734375,884.9994506835938,876.7745361328125
1790789021.8891191,1,1,903.09423828125,1107.07177734375,884.9994506835938,876.7745361328125
1790789021.9002116,1,1,903.09423828125,1107.07177734375,884.9994506835938,876.7745361328125
1790789021.911182,1,1,903.09423828125,1107.07177734375,884.9994506835938,876.7745361328125
1790789021.92302,1,1,843.8749389648438,896.5142822265625,824.1351318359375,888.2893676757812
1790789021.933972,1,1,857.0347290039062,807.6853637695312,830.715087890625,871.839599609375
1790789021.9453595,1,1,817.5552368164062,743.5311279296875,834.0050048828125,891.579345703125
1790789021.9567242,1,1,829.070068359375,712.2764892578125,832.3600463867188,908.0291748046875
1790789021.9678185,1,1,834.0050048828125,743.5311279296875,865.2596435546875,904.7391967773438
1790789021.9794583,1,1,834.0050048828125,743.5311279296875,865.2596435546875,904.7391967773438
1790789021.9904234,1,1,834.0050048828125,743.5311279296875,865.2596435546875,904.7391967773438
1790789022.001479,1,1,834.0050048828125,743.5311279296875,865.2596435546875,904.7391967773438
1790789022.012551,1,1,834.0050048828125,743.5311279296875,865.2596435546875,904.7391967773438
1790789022.0235095,1,1,834.0050048828125,743.5311279296875,865.2596435546875,904.7391967773438
1790789022.035026,1,1,834.0050048828125,743.5311279296875,865.2596435546875,904.7391967773438
1790789022.0463233,1,1,679.3768920898438,717.21142578125,827.4251098632812,878.4194946289062
1790789022.0574691,1,1,674.4419555664062,699.1166381835938,807.6853637695312,896.5142822265625
1790789022.0685115,1,1,654.7021484375,685.956787109375,819.2001953125,871.839599609375
1790789022.0800118,1,1,708.9865112304688,692.5367431640625,848.8098754882812,886.6444091796875
1790789022.091667,1,1,708.9865112304688,692.5367431640625,848.8098754882812,886.6444091796875
1790789022.1035223,1,1,708.9865112304688,692.5367431640625,848.8098754882812,886.6444091796875
1790789022.1145897,1,1,708.9865112304688,692.5367431640625,848.8098754882812,886.6444091796875
1790789022.1255155,1,1,708.9865112304688,692.5367431640625,848.8098754882812,886.6444091796875
1790789022.1364462,1,1,681.0218505859375,692.5367431640625,801.1054077148438,883.3544311523438
1790789022.1480167,1,1,725.4363403320312,692.5367431640625,848.8098754882812,893.2243041992188
1790789022.1596196,1,1,692.5367431640625,634.96240234375,837.2949829101562,880.064453125
1790789022.1711314,1,1,727.081298828125,625.092529296875,822.4901733398438,878.4194946289062
1790789022.1826198,1,1,756.6909790039062,618.5126342773438,830.715087890625,871.839599609375
1790789022.193852,1,1,807.6853637695312,636.607421875,832.3600463867188,880.064453125
1790789022.2056086,1,1,807.6853637695312,636.607421875,832.3600463867188,880.064453125
1790789022.2168045,1,1,807.6853637695312,636.607421875,832.3600463867188,880.064453125
1790789022.2278762,1,1,807.6853637695312,636.607421875,832.3600463867188,880.064453125
1790789022.238782,1,1,807.6853637695312,636.607421875,832.3600463867188,880.064453125
1790789022.2506046,1,1,807.6853637695312,636.607421875,832.3600463867188,880.064453125
1790789022.2622497,1,1,815.9102783203125,669.5070190429688,829.070068359375,858.6797485351562
1790789022.2732415,1,1,861.9697265625,679.3768920898438,827.4251098632812,870.194580078125
1790789022.2847493,1,1,898.1592407226562,695.82666015625,827.4251098632812,868.5496215820312
1790789022.2957942,1,1,898.1592407226562,695.82666015625,827.4251098632812,868.5496215820312
1790789022.306568,1,1,898.1592407226562,695.82666015625,827.4251098632812,868.5496215820312
1790789022.31804,1,1,898.1592407226562,695.82666015625,827.4251098632812,868.5496215820312
1790789022.3293295,1,1,858.6797485351562,681.0218505859375,815.9102783203125,852.0997924804688
1790789022.3407674,1,1,838.9400024414062,695.82666015625,796.1704711914062,845.5198974609375
1790789022.35203,1,1,852.0997924804688,704.0515747070312,804.3953857421875,843.8749389648438
1790789022.3629677,1,1,891.579345703125,713.9214477539062,842.2299194335938,868.5496215820312
1790789022.3739982,1,1,891.579345703125,713.9214477539062,842.2299194335938,868.5496215820312
1790789022.3848593,1,1,891.579345703125,713.9214477539062,842.2299194335938,868.5496215820312
1790789022.3962958,1,1,891.579345703125,713.9214477539062,842.2299194335938,868.5496215820312
1790789022.4073808,1,1,891.579345703125,713.9214477539062,842.2299194335938,868.5496215820312
1790789022.4182017,1,1,891.579345703125,713.9214477539062,842.2299194335938,868.5496215820312
1790789022.4292896,1,1,891.579345703125,713.9214477539062,842.2299194335938,868.5496215820312
1790789022.4410284,1,1,914.6090698242188,702.4066162109375,837.2949829101562,881.70947265625
1790789022.4533155,1,1,903.09423828125,704.0515747070312,814.2652587890625,870.194580078125
1790789022.4650006,1,1,871.839599609375,687.601806640625,832.3600463867188,873.4845581054688
1790789022.4772952,1,1,878.4194946289062,654.7021484375,830.715087890625,871.839599609375
1790789022.4892125,1,1,858.6797485351562,689.2467651367188,860.32470703125,876.7745361328125
1790789022.5011606,1,1,908.0291748046875,677.7318725585938,861.9697265625,881.70947265625
1790789022.5136676,1,1,908.0291748046875,677.7318725585938,861.9697265625,881.70947265625
1790789022.526659,1,1,908.0291748046875,677.7318725585938,861.9697265625,881.70947265625
1790789022.53759,1,1,908.0291748046875,677.7318725585938,861.9697265625,881.70947265625
1790789022.5498464,1,1,908.0291748046875,677.7318725585938,861.9697265625,881.70947265625
1790789022.5618422,1,1,908.0291748046875,677.7318725585938,861.9697265625,881.70947265625
1790789022.5739343,1,1,878.4194946289062,674.4419555664062,853.7448120117188,875.1295166015625
1790789022.5853949,1,1,916.2540283203125,702.4066162109375,881.70947265625,870.194580078125
1790789022.5970273,1,1,899.8042602539062,695.82666015625,857.0347290039062,868.5496215820312
1790789022.6079626,1,1,901.44921875,710.6315307617188,830.715087890625,884.9994506835938
1790789022.6194925,1,1,912.964111328125,707.341552734375,824.1351318359375,870.194580078125
1790789022.6332836,1,1,912.964111328125,707.341552734375,824.1351318359375,870.194580078125
1790789022.6452796,1,1,912.964111328125,707.341552734375,824.1351318359375,870.194580078125
1790789022.656788,1,1,935.9938354492188,725.4363403320312,843.8749389648438,871.839599609375
1790789022.667961,1,1,863.6146850585938,730.3712768554688,820.84521484375,840.5849609375
1790789022.6795928,1,1,889.9343872070312,727.081298828125,825.7801513671875,845.5198974609375
1790789022.6912868,1,1,880.064453125,727.081298828125,820.84521484375,834.0050048828125
1790789022.7026024,1,1,909.6741333007812,732.0162353515625,835.6500244140625,834.0050048828125
1790789022.7141442,1,1,873.4845581054688,733.6612548828125,807.6853637695312,835.6500244140625
1790789022.725209,1,1,906.3841552734375,743.5311279296875,847.1648559570312,840.5849609375
1790789022.7362354,1,1,919.5440063476562,745.1760864257812,838.9400024414062,852.0997924804688
1790789022.7477984,1,1,919.5440063476562,745.1760864257812,838.9400024414062,852.0997924804688
1790789022.7590454,1,1,919.5440063476562,745.1760864257812,838.9400024414062,852.0997924804688
1790789022.769984,1,1,919.5440063476562,745.1760864257812,838.9400024414062,852.0997924804688
1790789022.781776,1,1,919.5440063476562,745.1760864257812,838.9400024414062,852.0997924804688
1790789022.793568,1,1,912.964111328125,745.1760864257812,850.454833984375,848.8098754882812
1790789022.804724,1,1,896.5142822265625,740.2411499023438,817.5552368164062,845.5198974609375
1790789022.8165104,1,1,906.3841552734375,736.951171875,842.2299194335938,840.5849609375
1790789022.8277981,1,1,886.6444091796875,751.7560424804688,812.6203002929688,845.5198974609375
1790789022.839527,1,1,873.4845581054688,746.8211059570312,801.1054077148438,838.9400024414062
1790789022.8514419,1,1,901.44921875,758.3359375,822.4901733398438,852.0997924804688
1790789022.8630047,1,1,901.44921875,758.3359375,822.4901733398438,852.0997924804688
1790789022.8746018,1,1,901.44921875,758.3359375,822.4901733398438,852.0997924804688
1790789022.8853836,1,1,914.6090698242188,753.4010009765625,843.8749389648438,852.0997924804688
1790789022.8969219,1,1,863.6146850585938,755.0459594726562,817.5552368164062,834.0050048828125
1790789022.9084506,1,1,868.5496215820312,773.1407470703125,814.2652587890625,832.3600463867188
1790789022.9201357,1,1,876.7745361328125,778.07568359375,832.3600463867188,835.6500244140625
1790789022.931955,1,1,916.2540283203125,771.4957885742188,827.4251098632812,852.0997924804688
1790789022.9442708,1,1,916.2540283203125,771.4957885742188,827.4251098632812,852.0997924804688
1790789022.9556153,1,1,916.2540283203125,771.4957885742188,827.4251098632812,852.0997924804688
1790789022.9667602,1,1,916.2540283203125,771.4957885742188,827.4251098632812,852.0997924804688
1790789022.977911,1,1,916.2540283203125,771.4957885742188,827.4251098632812,852.0997924804688
1790789022.9891276,1,1,894.8693237304688,774.7857666015625,829.070068359375,853.7448120117188
1790789023.000653,1,1,896.5142822265625,779.720703125,822.4901733398438,861.9697265625
1790789023.0118673,1,1,868.5496215820312,791.2355346679688,840.5849609375,827.4251098632812
1790789023.0227442,1,1,917.8990478515625,787.945556640625,857.0347290039062,848.8098754882812
1790789023.0343578,0,1,886.6444091796875,781.3656616210938,827.4251098632812,843.8749389648438
1790789023.045632,0,1,926.1239624023438,797.8154907226562,865.2596435546875,848.8098754882812
1790789023.0564854,0,1,926.1239624023438,797.8154907226562,865.2596435546875,848.8098754882812
1790789023.0682368,0,1,926.1239624023438,797.8154907226562,865.2596435546875,848.8098754882812
1790789023.0797894,0,1,926.1239624023438,797.8154907226562,865.2596435546875,848.8098754882812
1790789023.0912743,0,1,926.1239624023438,797.8154907226562,865.2596435546875,848.8098754882812
1790789023.102642,0,1,926.1239624023438,797.8154907226562,865.2596435546875,848.8098754882812
1790789023.1137476,0,1,837.2949829101562,784.6556396484375,792.8805541992188,850.454833984375
1790789023.1249619,0,1,916.2540283203125,812.6203002929688,876.7745361328125,860.32470703125
1790789023.1361487,0,1,883.3544311523438,792.8805541992188,850.454833984375,847.1648559570312
1790789023.1478229,0,1,883.3544311523438,792.8805541992188,850.454833984375,847.1648559570312
1790789023.158751,0,1,883.3544311523438,792.8805541992188,850.454833984375,847.1648559570312
1790789023.1694126,0,1,883.3544311523438,792.8805541992188,850.454833984375,847.1648559570312
1790789023.1808283,0,1,883.3544311523438,792.8805541992188,850.454833984375,847.1648559570312
1790789023.191941,0,1,883.3544311523438,792.8805541992188,850.454833984375,847.1648559570312
1790789023.2029727,0,1,850.454833984375,791.2355346679688,827.4251098632812,835.6500244140625
1790789023.2141132,0,1,889.9343872070312,794.5255126953125,857.0347290039062,855.3897705078125
1790789023.2250807,0,1,837.2949829101562,791.2355346679688,842.2299194335938,838.9400024414062
1790789023.236147,0,1,911.319091796875,794.5255126953125,858.6797485351562,853.7448120117188
1790789023.247373,0,1,863.6146850585938,784.6556396484375,829.070068359375,853.7448120117188
1790789023.2587254,0,1,899.8042602539062,792.8805541992188,852.0997924804688,863.6146850585938
1790789023.2700653,0,1,899.8042602539062,792.8805541992188,852.0997924804688,863.6146850585938
1790789023.2814286,0,1,899.8042602539062,792.8805541992188,852.0997924804688,863.6146850585938
1790789023.2925034,0,1,899.8042602539062,792.8805541992188,852.0997924804688,863.6146850585938
1790789023.3036685,0,1,899.8042602539062,792.8805541992188,852.0997924804688,863.6146850585938
1790789023.3146133,0,1,899.8042602539062,792.8805541992188,852.0997924804688,863.6146850585938
1790789023.3252494,0,1,873.4845581054688,791.2355346679688,822.4901733398438,857.0347290039062
1790789023.3362916,0,1,870.194580078125,796.1704711914062,843.8749389648438,857.0347290039062
1790789023.3471913,0,1,878.4194946289062,804.3953857421875,845.5198974609375,858.6797485351562
1790789023.358339,0,1,843.8749389648438,799.46044921875,820.84521484375,843.8749389648438
1790789023.3696868,0,1,916.2540283203125,799.46044921875,868.5496215820312,860.32470703125
1790789023.3803933,0,1,916.2540283203125,799.46044921875,868.5496215820312,860.32470703125
1790789023.3911624,0,1,916.2540283203125,799.46044921875,868.5496215820312,860.32470703125
1790789023.4023492,0,1,916.2540283203125,799.46044921875,868.5496215820312,860.32470703125
1790789023.4134295,0,1,916.2540283203125,799.46044921875,868.5496215820312,860.32470703125
1790789023.4249861,0,1,840.5849609375,794.5255126953125,814.2652587890625,845.5198974609375
1790789023.435818,0,1,871.839599609375,799.46044921875,834.0050048828125,838.9400024414062
1790789023.4468718,0,1,855.3897705078125,804.3953857421875,834.0050048828125,838.9400024414062
1790789023.4581602,0,1,914.6090698242188,817.5552368164062,878.4194946289062,861.9697265625
1790789023.4689949,0,1,914.6090698242188,817.5552368164062,878.4194946289062,861.9697265625
1790789023.4805613,0,1,914.6090698242188,817.5552368164062,878.4194946289062,861.9697265625
1790789023.4914815,0,1,914.6090698242188,817.5552368164062,878.4194946289062,861.9697265625
1790789023.5028005,0,1,914.6090698242188,817.5552368164062,878.4194946289062,861.9697265625
1790789023.5134695,0,1,914.6090698242188,817.5552368164062,878.4194946289062,861.9697265625
1790789023.5244627,0,1,878.4194946289062,801.1054077148438,834.0050048828125,855.3897705078125
1790789023.5355499,0,1,894.8693237304688,814.2652587890625,847.1648559570312,883.3544311523438
1790789023.54657,0,1,896.5142822265625,806.0403442382812,842.2299194335938,863.6146850585938
1790789023.55774,0,1,896.5142822265625,806.0403442382812,842.2299194335938,863.6146850585938
1790789023.5688612,0,1,896.5142822265625,806.0403442382812,842.2299194335938,863.6146850585938
1790789023.5795732,0,1,896.5142822265625,806.0403442382812,842.2299194335938,863.6146850585938
1790789023.590664,0,1,896.5142822265625,806.0403442382812,842.2299194335938,863.6146850585938
1790789023.6018069,0,1,896.5142822265625,806.0403442382812,842.2299194335938,863.6146850585938
1790789023.6133635,0,1,898.1592407226562,807.6853637695312,853.7448120117188,863.6146850585938
1790789023.6245437,0,1,824.1351318359375,802.7504272460938,799.46044921875,850.454833984375
1790789023.6354253,0,1,857.0347290039062,819.2001953125,824.1351318359375,850.454833984375
1790789023.6466591,0,1,861.9697265625,822.4901733398438,845.5198974609375,847.1648559570312
1790789023.657645,0,1,875.1295166015625,814.2652587890625,832.3600463867188,863.6146850585938
1790789023.6685386,0,1,875.1295166015625,814.2652587890625,832.3600463867188,863.6146850585938
1790789023.6795113,0,1,875.1295166015625,814.2652587890625,832.3600463867188,863.6146850585938
1790789023.6904318,0,1,875.1295166015625,814.2652587890625,832.3600463867188,863.6146850585938
1790789023.7016854,0,1,875.1295166015625,814.2652587890625,832.3600463867188,863.6146850585938
1790789023.7130811,0,1,850.454833984375,810.9752807617188,824.1351318359375,853.7448120117188
1790789023.7239056,0,1,857.0347290039062,812.6203002929688,830.715087890625,852.0997924804688
1790789023.7348373,0,1,857.0347290039062,812.6203002929688,830.715087890625,852.0997924804688
1790789023.746572,0,1,840.5849609375,812.6203002929688,820.84521484375,852.0997924804688
1790789023.7582638,0,1,840.5849609375,812.6203002929688,820.84521484375,852.0997924804688
1790789023.7695446,0,1,840.5849609375,812.6203002929688,820.84521484375,852.0997924804688
1790789023.7806685,0,1,840.5849609375,812.6203002929688,820.84521484375,852.0997924804688
1790789023.7918692,0,1,840.5849609375,812.6203002929688,820.84521484375,852.0997924804688
1790789023.8032126,0,1,840.5849609375,812.6203002929688,820.84521484375,852.0997924804688
1790789023.814466,0,1,861.9697265625,817.5552368164062,810.9752807617188,855.3897705078125
1790789023.825279,0,1,878.4194946289062,820.84521484375,829.070068359375,860.32470703125
1790789023.8364186,0,1,848.8098754882812,819.2001953125,827.4251098632812,835.6500244140625
1790789023.8476129,0,1,848.8098754882812,819.2001953125,827.4251098632812,835.6500244140625
1790789023.858797,0,1,901.44921875,825.7801513671875,847.1648559570312,865.2596435546875
1790789023.8701985,0,1,901.44921875,825.7801513671875,847.1648559570312,865.2596435546875
1790789023.8813133,0,1,901.44921875,825.7801513671875,847.1648559570312,865.2596435546875
1790789023.8924167,0,1,901.44921875,825.7801513671875,847.1648559570312,865.2596435546875
1790789023.903339,0,1,901.44921875,825.7801513671875,847.1648559570312,865.2596435546875
1790789023.9145365,0,1,901.44921875,825.7801513671875,847.1648559570312,865.2596435546875
1790789023.926051,0,1,866.9046630859375,827.4251098632812,840.5849609375,847.1648559570312
1790789023.936951,0,1,861.9697265625,802.7504272460938,817.5552368164062,845.5198974609375
1790789023.9481204,0,1,884.9994506835938,817.5552368164062,835.6500244140625,860.32470703125
1790789023.9593685,0,1,901.44921875,819.2001953125,840.5849609375,858.6797485351562
1790789023.970258,0,1,858.6797485351562,820.84521484375,834.0050048828125,845.5198974609375
1790789023.981431,0,1,871.839599609375,817.5552368164062,812.6203002929688,853.7448120117188
1790789023.9923382,0,1,871.839599609375,817.5552368164062,812.6203002929688,853.7448120117188
1790789024.003375,0,1,871.839599609375,817.5552368164062,812.6203002929688,853.7448120117188
1790789024.0144763,0,1,871.839599609375,817.5552368164062,812.6203002929688,853.7448120117188
1790789024.025463,0,1,871.839599609375,817.5552368164062,812.6203002929688,853.7448120117188
1790789024.0367463,0,1,891.579345703125,822.4901733398438,848.8098754882812,842.2299194335938
1790789024.0484965,0,1,898.1592407226562,824.1351318359375,829.070068359375,843.8749389648438
1790789024.0595973,0,1,891.579345703125,820.84521484375,822.4901733398438,852.0997924804688
1790789024.0708928,0,1,880.064453125,814.2652587890625,822.4901733398438,847.1648559570312
1790789024.0823264,0,1,878.4194946289062,814.2652587890625,801.1054077148438,858.6797485351562
1790789024.0933516,0,1,878.4194946289062,814.2652587890625,801.1054077148438,858.6797485351562
1790789024.1044178,0,1,878.4194946289062,814.2652587890625,801.1054077148438,858.6797485351562
1790789024.1157079,0,1,878.4194946289062,814.2652587890625,801.1054077148438,858.6797485351562
1790789024.12672,0,1,878.4194946289062,814.2652587890625,801.1054077148438,858.6797485351562
1790789024.137963,0,1,871.839599609375,819.2001953125,837.2949829101562,848.8098754882812
1790789024.1493428,0,1,896.5142822265625,822.4901733398438,840.5849609375,858.6797485351562
1790789024.1603446,0,1,904.7391967773438,819.2001953125,842.2299194335938,853.7448120117188
1790789024.1714447,0,1,901.44921875,814.2652587890625,830.715087890625,834.0050048828125
1790789024.1822562,0,1,929.4138793945312,825.7801513671875,865.2596435546875,855.3897705078125
1790789024.1933603,0,1,929.4138793945312,825.7801513671875,865.2596435546875,855.3897705078125
1790789024.2047312,0,1,929.4138793945312,825.7801513671875,865.2596435546875,855.3897705078125
1790789024.216217,0,1,929.4138793945312,825.7801513671875,865.2596435546875,855.3897705078125
1790789024.2270648,0,1,929.4138793945312,825.7801513671875,865.2596435546875,855.3897705078125
1790789024.2381847,0,1,929.4138793945312,825.7801513671875,865.2596435546875,855.3897705078125
1790789024.2494657,0,1,873.4845581054688,820.84521484375,847.1648559570312,852.0997924804688
1790789024.2602131,0,1,853.7448120117188,807.6853637695312,802.7504272460938,842.2299194335938
1790789024.271943,0,1,893.2243041992188,809.330322265625,835.6500244140625,866.9046630859375
1790789024.2835903,0,1,865.2596435546875,819.2001953125,837.2949829101562,860.32470703125
1790789024.2945967,0,1,837.2949829101562,817.5552368164062,827.4251098632812,829.070068359375
1790789024.306005,0,1,855.3897705078125,820.84521484375,830.715087890625,845.5198974609375
1790789024.3170934,0,1,853.7448120117188,814.2652587890625,830.715087890625,847.1648559570312
1790789024.3279667,1,1,883.3544311523438,819.2001953125,834.0050048828125,855.3897705078125
1790789024.3390439,1,1,883.3544311523438,819.2001953125,834.0050048828125,855.3897705078125
1790789024.3501174,1,1,883.3544311523438,819.2001953125,834.0050048828125,855.3897705078125
1790789024.3619025,1,1,883.3544311523438,819.2001953125,834.0050048828125,855.3897705078125
1790789024.372872,1,1,883.3544311523438,819.2001953125,834.0050048828125,855.3897705078125
1790789024.3843594,1,1,883.3544311523438,819.2001953125,834.0050048828125,855.3897705078125
1790789024.3958542,1,1,911.319091796875,829.070068359375,866.9046630859375,870.194580078125
1790789024.4071887,1,1,884.9994506835938,812.6203002929688,829.070068359375,863.6146850585938
1790789024.4181695,1,1,865.2596435546875,819.2001953125,829.070068359375,855.3897705078125
1790789024.4292617,1,1,870.194580078125,814.2652587890625,842.2299194335938,853.7448120117188
1790789024.4400363,1,1,860.32470703125,815.9102783203125,815.9102783203125,853.7448120117188
1790789024.4509237,1,1,860.32470703125,815.9102783203125,815.9102783203125,853.7448120117188
1790789024.4647408,1,1,860.32470703125,815.9102783203125,815.9102783203125,853.7448120117188
1790789024.47993,1,1,860.32470703125,815.9102783203125,815.9102783203125,853.7448120117188
1790789024.4925706,1,1,860.32470703125,815.9102783203125,815.9102783203125,853.7448120117188
1790789024.505072,1,1,860.32470703125,815.9102783203125,815.9102783203125,853.7448120117188
1790789024.5173788,1,1,860.32470703125,815.9102783203125,815.9102783203125,853.7448120117188
1790789024.528957,1,1,827.4251098632812,806.0403442382812,806.0403442382812,838.9400024414062
1790789024.5409172,1,1,834.0050048828125,812.6203002929688,809.330322265625,845.5198974609375
1790789024.553669,1,1,812.6203002929688,801.1054077148438,792.8805541992188,837.2949829101562
1790789024.5662944,1,1,894.8693237304688,825.7801513671875,858.6797485351562,853.7448120117188
1790789024.5774024,1,1,894.8693237304688,825.7801513671875,858.6797485351562,853.7448120117188
1790789024.5892122,1,1,894.8693237304688,825.7801513671875,858.6797485351562,853.7448120117188
1790789024.6006324,1,1,894.8693237304688,825.7801513671875,858.6797485351562,853.7448120117188
1790789024.6119223,1,1,847.1648559570312,825.7801513671875,810.9752807617188,845.5198974609375
1790789024.6230567,1,1,893.2243041992188,820.84521484375,853.7448120117188,843.8749389648438
1790789024.634432,1,1,843.8749389648438,814.2652587890625,807.6853637695312,848.8098754882812
1790789024.6458836,1,1,840.5849609375,815.9102783203125,829.070068359375,843.8749389648438
1790789024.6569047,1,1,881.70947265625,829.070068359375,840.5849609375,840.5849609375
1790789024.6679952,1,1,881.70947265625,829.070068359375,840.5849609375,840.5849609375
1790789024.67922,1,1,881.70947265625,829.070068359375,840.5849609375,840.5849609375
1790789024.6904507,1,1,881.70947265625,829.070068359375,840.5849609375,840.5849609375
1790789024.70178,1,1,881.70947265625,829.070068359375,840.5849609375,840.5849609375
1790789024.7129796,1,1,861.9697265625,817.5552368164062,812.6203002929688,847.1648559570312
1790789024.7238533,1,1,873.4845581054688,819.2001953125,835.6500244140625,853.7448120117188
1790789024.7347987,1,1,899.8042602539062,822.4901733398438,838.9400024414062,853.7448120117188
1790789024.7458937,1,1,840.5849609375,814.2652587890625,794.5255126953125,850.454833984375
1790789024.757125,1,1,840.5849609375,814.2652587890625,794.5255126953125,850.454833984375
1790789024.768676,1,1,840.5849609375,814.2652587890625,794.5255126953125,850.454833984375
1790789024.7795758,1,1,840.5849609375,814.2652587890625,794.5255126953125,850.454833984375
1790789024.7909508,1,1,840.5849609375,814.2652587890625,794.5255126953125,850.454833984375
1790789024.8024666,1,1,820.84521484375,824.1351318359375,812.6203002929688,832.3600463867188
1790789024.8132567,1,1,861.9697265625,824.1351318359375,820.84521484375,842.2299194335938
1790789024.8244746,1,1,871.839599609375,837.2949829101562,827.4251098632812,853.7448120117188
1790789024.8353722,1,1,838.9400024414062,822.4901733398438,817.5552368164062,852.0997924804688
1790789024.8464031,1,1,825.7801513671875,810.9752807617188,791.2355346679688,838.9400024414062
1790789024.8574505,1,1,876.7745361328125,832.3600463867188,832.3600463867188,842.2299194335938
1790789024.868571,1,1,876.7745361328125,832.3600463867188,832.3600463867188,842.2299194335938
1790789024.879599,1,1,876.7745361328125,832.3600463867188,832.3600463867188,842.2299194335938
1790789024.8906786,1,1,876.7745361328125,832.3600463867188,832.3600463867188,842.2299194335938
1790789024.9018207,1,1,876.7745361328125,832.3600463867188,832.3600463867188,842.2299194335938
1790789024.9128456,1,1,876.7745361328125,832.3600463867188,832.3600463867188,842.2299194335938
1790789024.9239132,1,1,903.09423828125,827.4251098632812,853.7448120117188,842.2299194335938
1790789024.9351742,1,1,827.4251098632812,812.6203002929688,815.9102783203125,845.5198974609375
1790789024.946648,1,1,830.715087890625,815.9102783203125,824.1351318359375,842.2299194335938
1790789024.9582624,1,1,840.5849609375,817.5552368164062,843.8749389648438,855.3897705078125
1790789024.9698176,1,1,838.9400024414062,815.9102783203125,817.5552368164062,857.0347290039062
1790789024.980868,1,1,840.5849609375,817.5552368164062,801.1054077148438,865.2596435546875
1790789024.991645,1,1,840.5849609375,817.5552368164062,801.1054077148438,865.2596435546875
1790789025.0027878,1,1,840.5849609375,817.5552368164062,801.1054077148438,865.2596435546875
1790789025.0135958,1,1,840.5849609375,817.5552368164062,801.1054077148438,865.2596435546875
1790789025.025271,1,1,840.5849609375,817.5552368164062,801.1054077148438,865.2596435546875
1790789025.037,1,1,840.5849609375,817.5552368164062,801.1054077148438,865.2596435546875
1790789025.048382,1,1,850.454833984375,829.070068359375,842.2299194335938,858.6797485351562
1790789025.059621,1,1,810.9752807617188,812.6203002929688,812.6203002929688,842.2299194335938
1790789025.0707119,1,1,886.6444091796875,817.5552368164062,868.5496215820312,850.454833984375
1790789025.0818682,1,1,886.6444091796875,817.5552368164062,868.5496215820312,850.454833984375
1790789025.092714,1,1,886.6444091796875,817.5552368164062,868.5496215820312,850.454833984375
1790789025.103542,1,1,886.6444091796875,817.5552368164062,868.5496215820312,850.454833984375
1790789025.1149788,1,1,886.6444091796875,817.5552368164062,868.5496215820312,850.454833984375
1790789025.1263096,1,1,886.6444091796875,817.5552368164062,868.5496215820312,850.454833984375
1790789025.137669,1,1,868.5496215820312,824.1351318359375,837.2949829101562,853.7448120117188
1790789025.1486852,1,1,838.9400024414062,809.330322265625,804.3953857421875,845.5198974609375
1790789025.1596773,1,1,886.6444091796875,815.9102783203125,825.7801513671875,838.9400024414062
1790789025.17109,1,1,886.6444091796875,815.9102783203125,825.7801513671875,838.9400024414062
1790789025.1826088,1,1,886.6444091796875,815.9102783203125,825.7801513671875,838.9400024414062
1790789025.1933346,1,1,886.6444091796875,815.9102783203125,825.7801513671875,838.9400024414062
1790789025.204406,1,1,886.6444091796875,815.9102783203125,825.7801513671875,838.9400024414062
1790789025.2155707,1,1,886.6444091796875,815.9102783203125,825.7801513671875,838.9400024414062
1790789025.2264886,1,1,889.9343872070312,825.7801513671875,840.5849609375,852.0997924804688
1790789025.2372406,1,1,886.6444091796875,825.7801513671875,840.5849609375,858.6797485351562
1790789025.248363,1,1,868.5496215820312,817.5552368164062,825.7801513671875,858.6797485351562
1790789025.2593484,1,1,865.2596435546875,822.4901733398438,838.9400024414062,845.5198974609375
1790789025.270747,1,1,906.3841552734375,835.6500244140625,855.3897705078125,843.8749389648438
1790789025.2824552,1,1,906.3841552734375,835.6500244140625,855.3897705078125,843.8749389648438
1790789025.293423,1,1,906.3841552734375,835.6500244140625,855.3897705078125,843.8749389648438
1790789025.3046749,1,1,906.3841552734375,835.6500244140625,855.3897705078125,843.8749389648438
1790789025.3161018,1,1,906.3841552734375,835.6500244140625,855.3897705078125,843.8749389648438
1790789025.32727,1,1,906.3841552734375,835.6500244140625,855.3897705078125,843.8749389648438
1790789025.3386984,1,1,852.0997924804688,820.84521484375,814.2652587890625,840.5849609375
1790789025.349728,1,1,858.6797485351562,832.3600463867188,824.1351318359375,837.2949829101562
1790789025.3610501,1,1,860.32470703125,832.3600463867188,824.1351318359375,835.6500244140625
1790789025.3724368,1,1,817.5552368164062,814.2652587890625,799.46044921875,845.5198974609375
1790789025.3836632,1,1,837.2949829101562,824.1351318359375,827.4251098632812,835.6500244140625
1790789025.3950622,1,1,863.6146850585938,820.84521484375,838.9400024414062,852.0997924804688
1790789025.4067957,1,1,884.9994506835938,827.4251098632812,832.3600463867188,857.0347290039062
1790789025.4183822,1,1,838.9400024414062,829.070068359375,820.84521484375,845.5198974609375
1790789025.4290895,1,1,853.7448120117188,814.2652587890625,815.9102783203125,847.1648559570312
1790789025.4403517,1,1,853.7448120117188,814.2652587890625,815.9102783203125,847.1648559570312
1790789025.4511123,1,1,853.7448120117188,814.2652587890625,815.9102783203125,847.1648559570312
1790789025.4622455,1,1,853.7448120117188,814.2652587890625,815.9102783203125,847.1648559570312
1790789025.4733243,1,1,853.7448120117188,814.2652587890625,815.9102783203125,847.1648559570312
1790789025.484547,1,1,876.7745361328125,840.5849609375,857.0347290039062,850.454833984375
1790789025.495549,1,1,835.6500244140625,857.0347290039062,825.7801513671875,848.8098754882812
1790789025.507081,1,1,784.6556396484375,924.4789428710938,807.6853637695312,783.0106201171875
1790789025.5185263,1,1,728.726318359375,1164.6461181640625,814.2652587890625,730.3712768554688
1790789025.5293,1,1,705.6965942382812,1217.285400390625,792.8805541992188,717.21142578125
1790789025.5400941,1,1,705.6965942382812,1217.285400390625,792.8805541992188,717.21142578125
1790789025.551608,1,1,705.6965942382812,1217.285400390625,792.8805541992188,717.21142578125
1790789025.562401,1,1,705.6965942382812,1217.285400390625,792.8805541992188,717.21142578125
1790789025.5737793,1,1,705.6965942382812,1217.285400390625,792.8805541992188,717.21142578125
1790789025.5850222,1,1,705.6965942382812,1217.285400390625,792.8805541992188,717.21142578125
1790789025.5977802,1,1,748.466064453125,1284.7296142578125,802.7504272460938,764.9158325195312
1790789025.6090496,1,1,746.8211059570312,1268.27978515625,809.330322265625,778.07568359375
1790789025.6208127,1,1,812.6203002929688,1227.1553955078125,824.1351318359375,838.9400024414062
1790789025.6321561,1,1,791.2355346679688,1304.4693603515625,825.7801513671875,843.8749389648438
1790789025.6430733,1,1,776.4307250976562,1294.5994873046875,804.3953857421875,842.2299194335938
1790789025.6543152,1,1,776.4307250976562,1294.5994873046875,804.3953857421875,842.2299194335938
1790789025.6657622,1,1,776.4307250976562,1294.5994873046875,804.3953857421875,842.2299194335938
1790789025.6772175,1,1,776.4307250976562,1294.5994873046875,804.3953857421875,842.2299194335938
1790789025.6883094,1,1,776.4307250976562,1294.5994873046875,804.3953857421875,842.2299194335938
1790789025.6996748,1,1,776.4307250976562,1294.5994873046875,804.3953857421875,842.2299194335938
1790789025.7104166,1,1,783.0106201171875,1199.190673828125,799.46044921875,863.6146850585938
1790789025.7216282,1,1,745.1760864257812,1061.0123291015625,824.1351318359375,871.839599609375
1790789025.732514,1,1,537.9085693359375,912.964111328125,783.0106201171875,878.4194946289062
1790789025.7433043,1,1,537.9085693359375,912.964111328125,783.0106201171875,878.4194946289062
1790789025.7546823,1,1,500.07403564453125,806.0403442382812,814.2652587890625,891.579345703125
1790789025.7657948,1,1,427.69488525390625,764.9158325195312,802.7504272460938,871.839599609375
1790789025.777574,1,1,427.69488525390625,764.9158325195312,802.7504272460938,871.839599609375
1790789025.7890835,1,1,427.69488525390625,764.9158325195312,802.7504272460938,871.839599609375
1790789025.7999115,1,1,427.69488525390625,764.9158325195312,802.7504272460938,871.839599609375
1790789025.810831,1,1,427.69488525390625,764.9158325195312,802.7504272460938,871.839599609375
1790789025.8225725,1,1,401.3752136230469,695.82666015625,842.2299194335938,876.7745361328125
1790789025.8335276,1,1,429.3398742675781,633.3174438476562,837.2949829101562,883.3544311523438
1790789025.8444524,1,1,531.3286743164062,613.5776977539062,853.7448120117188,909.6741333007812
1790789025.855964,1,1,537.9085693359375,590.5479125976562,843.8749389648438,891.579345703125
1790789025.866939,1,1,751.7560424804688,598.7728271484375,840.5849609375,901.44921875
1790789025.8779466,1,1,820.84521484375,603.707763671875,863.6146850585938,888.2893676757812
1790789025.8892145,1,1,820.84521484375,603.707763671875,863.6146850585938,888.2893676757812
1790789025.900512,1,1,820.84521484375,603.707763671875,863.6146850585938,888.2893676757812
1790789025.9113405,1,1,820.84521484375,603.707763671875,863.6146850585938,888.2893676757812
1790789025.9224308,1,1,952.443603515625,662.9270629882812,845.5198974609375,880.064453125
1790789025.9340599,1,1,955.7335815429688,664.5720825195312,830.715087890625,866.9046630859375
1790789025.945188,1,1,922.833984375,666.217041015625,807.6853637695312,860.32470703125
1790789025.9563375,1,1,972.1834106445312,682.6668701171875,847.1648559570312,861.9697265625
1790789025.9678802,1,1,972.1834106445312,682.6668701171875,847.1648559570312,861.9697265625
1790789025.979483,1,1,972.1834106445312,682.6668701171875,847.1648559570312,861.9697265625
1790789025.9904478,1,1,972.1834106445312,682.6668701171875,847.1648559570312,861.9697265625
1790789026.0016124,1,1,972.1834106445312,682.6668701171875,847.1648559570312,861.9697265625
1790789026.0128033,1,1,1016.5978393554688,687.601806640625,865.2596435546875,878.4194946289062
1790789026.0240135,1,1,980.4082641601562,684.3118286132812,850.454833984375,861.9697265625
1790789026.035242,1,1,950.7986450195312,695.82666015625,827.4251098632812,847.1648559570312
1790789026.046982,1,1,972.1834106445312,707.341552734375,835.6500244140625,852.0997924804688
1790789026.0580587,1,1,965.6034545898438,717.21142578125,820.84521484375,850.454833984375
1790789026.0694544,1,1,954.088623046875,720.5014038085938,814.2652587890625,852.0997924804688
1790789026.0804126,1,1,954.088623046875,720.5014038085938,814.2652587890625,852.0997924804688
1790789026.091306,1,1,954.088623046875,720.5014038085938,814.2652587890625,852.0997924804688
1790789026.10293,1,1,954.088623046875,720.5014038085938,814.2652587890625,852.0997924804688
1790789026.114259,1,1,954.088623046875,720.5014038085938,814.2652587890625,852.0997924804688
1790789026.125354,1,1,985.3432006835938,723.7913208007812,832.3600463867188,858.6797485351562
1790789026.136761,1,1,963.95849609375,750.1110229492188,838.9400024414062,865.2596435546875
1790789026.1485596,1,1,919.5440063476562,761.6259155273438,848.8098754882812,840.5849609375
1790789026.159915,1,1,909.6741333007812,756.6909790039062,822.4901733398438,843.8749389648438
1790789026.1711726,1,1,909.6741333007812,756.6909790039062,822.4901733398438,843.8749389648438
1790789026.182026,1,1,909.6741333007812,756.6909790039062,822.4901733398438,843.8749389648438
1790789026.1928728,1,1,909.6741333007812,756.6909790039062,822.4901733398438,843.8749389648438
1790789026.2044108,1,1,909.6741333007812,756.6909790039062,822.4901733398438,843.8749389648438
1790789026.2156057,1,1,898.1592407226562,773.1407470703125,848.8098754882812,834.0050048828125
1790789026.2262912,1,1,927.7689208984375,768.205810546875,852.0997924804688,852.0997924804688
1790789026.2376142,1,1,870.194580078125,763.2708740234375,830.715087890625,827.4251098632812
1790789026.249402,1,1,847.1648559570312,759.9808959960938,796.1704711914062,832.3600463867188
1790789026.2606242,1,1,847.1648559570312,759.9808959960938,796.1704711914062,832.3600463867188
1790789026.2723358,1,1,847.1648559570312,759.9808959960938,796.1704711914062,832.3600463867188
1790789026.283376,1,1,847.1648559570312,759.9808959960938,796.1704711914062,832.3600463867188
1790789026.2947226,1,1,847.1648559570312,759.9808959960938,796.1704711914062,832.3600463867188
1790789026.3059368,1,1,847.1648559570312,759.9808959960938,796.1704711914062,832.3600463867188
1790789026.3174431,1,1,878.4194946289062,781.3656616210938,840.5849609375,838.9400024414062
1790789026.3285022,1,1,870.194580078125,779.720703125,843.8749389648438,832.3600463867188
1790789026.3396864,1,1,870.194580078125,778.07568359375,842.2299194335938,827.4251098632812
1790789026.3509858,1,1,880.064453125,786.3005981445312,834.0050048828125,855.3897705078125
1790789026.3623085,1,1,876.7745361328125,779.720703125,845.5198974609375,835.6500244140625
1790789026.373261,1,1,876.7745361328125,779.720703125,845.5198974609375,835.6500244140625
1790789026.384281,1,1,876.7745361328125,779.720703125,845.5198974609375,835.6500244140625
1790789026.3954842,1,1,876.7745361328125,779.720703125,845.5198974609375,835.6500244140625
1790789026.4064102,0,1,876.7745361328125,779.720703125,845.5198974609375,835.6500244140625
1790789026.4172232,0,1,914.6090698242188,791.2355346679688,853.7448120117188,848.8098754882812
1790789026.4281142,0,1,899.8042602539062,784.6556396484375,840.5849609375,852.0997924804688
1790789026.4394312,0,1,858.6797485351562,791.2355346679688,835.6500244140625,837.2949829101562
1790789026.4506655,0,1,886.6444091796875,787.945556640625,845.5198974609375,840.5849609375
1790789026.4614773,0,1,888.2893676757812,791.2355346679688,829.070068359375,853.7448120117188
1790789026.4733553,0,1,889.9343872070312,791.2355346679688,842.2299194335938,835.6500244140625
1790789026.4844851,0,1,873.4845581054688,791.2355346679688,830.715087890625,850.454833984375
1790789026.4952412,0,1,873.4845581054688,791.2355346679688,830.715087890625,850.454833984375
1790789026.5067632,0,1,873.4845581054688,791.2355346679688,830.715087890625,850.454833984375
1790789026.5174756,0,1,873.4845581054688,791.2355346679688,830.715087890625,850.454833984375
1790789026.5283928,0,1,873.4845581054688,791.2355346679688,830.715087890625,850.454833984375
1790789026.5395346,0,1,873.4845581054688,791.2355346679688,830.715087890625,850.454833984375
1790789026.550671,0,1,904.7391967773438,792.8805541992188,840.5849609375,868.5496215820312
1790789026.561723,0,1,861.9697265625,787.945556640625,824.1351318359375,838.9400024414062
1790789026.5727203,0,1,904.7391967773438,807.6853637695312,847.1648559570312,857.0347290039062
1790789026.5833154,0,1,899.8042602539062,806.0403442382812,838.9400024414062,871.839599609375
1790789026.5943458,0,1,843.8749389648438,794.5255126953125,817.5552368164062,850.454833984375
1790789026.6055405,0,1,843.8749389648438,794.5255126953125,817.5552368164062,850.454833984375
1790789026.6172454,0,1,843.8749389648438,794.5255126953125,817.5552368164062,850.454833984375
1790789026.6284952,0,1,843.8749389648438,794.5255126953125,817.5552368164062,850.454833984375
1790789026.6394496,0,1,843.8749389648438,794.5255126953125,817.5552368164062,850.454833984375
1790789026.6508875,0,1,837.2949829101562,806.0403442382812,827.4251098632812,838.9400024414062
1790789026.6809933,0,1,860.32470703125,801.1054077148438,830.715087890625,853.7448120117188
1790789026.7002037,0,1,889.9343872070312,812.6203002929688,866.9046630859375,843.8749389648438
1790789026.7112288,0,1,903.09423828125,804.3953857421875,858.6797485351562,852.0997924804688
1790789026.7228382,0,1,830.715087890625,804.3953857421875,819.2001953125,845.5198974609375
1790789026.7354033,0,1,901.44921875,799.46044921875,847.1648559570312,850.454833984375
1790789026.747958,0,1,888.2893676757812,804.3953857421875,827.4251098632812,842.2299194335938
1790789026.7605736,0,1,881.70947265625,812.6203002929688,848.8098754882812,820.84521484375
1790789026.7727094,0,1,881.70947265625,812.6203002929688,848.8098754882812,820.84521484375
1790789026.7855186,0,1,881.70947265625,812.6203002929688,848.8098754882812,820.84521484375
1790789026.8006592,0,1,881.70947265625,812.6203002929688,848.8098754882812,820.84521484375
1790789026.8123612,0,1,881.70947265625,812.6203002929688,848.8098754882812,820.84521484375
1790789026.8239427,0,1,908.0291748046875,807.6853637695312,847.1648559570312,850.454833984375
1790789026.8349743,0,1,845.5198974609375,809.330322265625,830.715087890625,848.8098754882812
1790789026.846424,0,1,921.18896484375,815.9102783203125,868.5496215820312,850.454833984375
1790789026.8584523,0,1,848.8098754882812,801.1054077148438,824.1351318359375,837.2949829101562
1790789026.870021,0,1,842.2299194335938,806.0403442382812,807.6853637695312,848.8098754882812
1790789026.8814423,0,1,842.2299194335938,806.0403442382812,807.6853637695312,848.8098754882812
1790789026.893041,0,1,842.2299194335938,806.0403442382812,807.6853637695312,848.8098754882812
1790789026.9045992,0,1,852.0997924804688,827.4251098632812,815.9102783203125,838.9400024414062
1790789026.9153454,0,1,884.9994506835938,834.0050048828125,809.330322265625,855.3897705078125
1790789026.9258997,0,1,865.2596435546875,848.8098754882812,829.070068359375,825.7801513671875
1790789026.9373946,0,1,865.2596435546875,848.8098754882812,829.070068359375,825.7801513671875
1790789026.948175,0,1,865.2596435546875,848.8098754882812,829.070068359375,825.7801513671875
1790789026.958898,0,1,865.2596435546875,848.8098754882812,829.070068359375,825.7801513671875
1790789026.96967,0,1,865.2596435546875,848.8098754882812,829.070068359375,825.7801513671875
1790789026.9810753,0,1,865.2596435546875,848.8098754882812,829.070068359375,825.7801513671875
1790789026.9922085,0,1,884.9994506835938,845.5198974609375,824.1351318359375,840.5849609375
1790789027.003314,0,1,921.18896484375,858.6797485351562,857.0347290039062,852.0997924804688
1790789027.0144978,0,1,866.9046630859375,840.5849609375,827.4251098632812,853.7448120117188
1790789027.025634,0,1,894.8693237304688,845.5198974609375,840.5849609375,853.7448120117188
1790789027.0367174,0,1,842.2299194335938,842.2299194335938,822.4901733398438,847.1648559570312
1790789027.047732,0,1,853.7448120117188,843.8749389648438,835.6500244140625,845.5198974609375
1790789027.0584416,0,1,853.7448120117188,843.8749389648438,835.6500244140625,845.5198974609375
1790789027.0694988,0,1,853.7448120117188,843.8749389648438,835.6500244140625,845.5198974609375
1790789027.0801563,0,1,853.7448120117188,843.8749389648438,835.6500244140625,845.5198974609375
1790789027.0914042,0,1,853.7448120117188,843.8749389648438,835.6500244140625,845.5198974609375
1790789027.1027482,0,1,853.7448120117188,843.8749389648438,835.6500244140625,845.5198974609375
1790789027.1138294,0,1,866.9046630859375,838.9400024414062,837.2949829101562,838.9400024414062
1790789027.1249843,0,1,906.3841552734375,835.6500244140625,853.7448120117188,858.6797485351562
1790789027.136246,0,1,909.6741333007812,842.2299194335938,861.9697265625,861.9697265625
1790789027.1472905,0,1,860.32470703125,837.2949829101562,822.4901733398438,842.2299194335938
1790789027.1586154,0,1,857.0347290039062,834.0050048828125,820.84521484375,842.2299194335938
1790789027.1701243,0,1,857.0347290039062,834.0050048828125,820.84521484375,842.2299194335938
1790789027.1815429,0,1,857.0347290039062,834.0050048828125,820.84521484375,842.2299194335938
1790789027.192679,0,1,857.0347290039062,834.0050048828125,820.84521484375,842.2299194335938
1790789027.2036948,0,1,857.0347290039062,834.0050048828125,820.84521484375,842.2299194335938
1790789027.2148545,0,1,904.7391967773438,840.5849609375,848.8098754882812,852.0997924804688
1790789027.2258315,0,1,842.2299194335938,822.4901733398438,802.7504272460938,845.5198974609375
1790789027.2372868,0,1,847.1648559570312,832.3600463867188,830.715087890625,847.1648559570312
1790789027.248301,0,1,827.4251098632812,824.1351318359375,809.330322265625,837.2949829101562
1790789027.2598295,0,1,827.4251098632812,824.1351318359375,809.330322265625,837.2949829101562
1790789027.2710166,0,1,827.4251098632812,824.1351318359375,809.330322265625,837.2949829101562
1790789027.2820213,0,1,827.4251098632812,824.1351318359375,809.330322265625,837.2949829101562
1790789027.293135,0,1,827.4251098632812,824.1351318359375,809.330322265625,837.2949829101562
1790789027.3043377,0,1,842.2299194335938,825.7801513671875,827.4251098632812,843.8749389648438
1790789027.3155768,0,1,853.7448120117188,827.4251098632812,820.84521484375,850.454833984375
1790789027.3268998,0,1,901.44921875,837.2949829101562,855.3897705078125,860.32470703125
1790789027.3379269,0,1,875.1295166015625,830.715087890625,870.194580078125,838.9400024414062
1790789027.3489773,0,1,875.1295166015625,830.715087890625,870.194580078125,838.9400024414062
1790789027.3596969,0,1,875.1295166015625,830.715087890625,870.194580078125,838.9400024414062
1790789027.3710563,0,1,875.1295166015625,830.715087890625,870.194580078125,838.9400024414062
1790789027.3820817,0,1,875.1295166015625,830.715087890625,870.194580078125,838.9400024414062
1790789027.3929164,0,1,875.1295166015625,830.715087890625,870.194580078125,838.9400024414062
1790789027.4039333,0,1,815.9102783203125,824.1351318359375,812.6203002929688,837.2949829101562
1790789027.415318,0,1,866.9046630859375,815.9102783203125,825.7801513671875,843.8749389648438
1790789027.4269578,0,1,861.9697265625,824.1351318359375,822.4901733398438,852.0997924804688
1790789027.4380248,0,1,857.0347290039062,814.2652587890625,809.330322265625,858.6797485351562
1790789027.4495645,0,1,875.1295166015625,829.070068359375,860.32470703125,835.6500244140625
1790789027.4609075,0,1,875.1295166015625,829.070068359375,860.32470703125,835.6500244140625
1790789027.4723058,0,1,875.1295166015625,829.070068359375,860.32470703125,835.6500244140625
1790789027.4830697,0,1,875.1295166015625,829.070068359375,860.32470703125,835.6500244140625
1790789027.494175,0,1,875.1295166015625,829.070068359375,860.32470703125,835.6500244140625
1790789027.5055404,0,1,875.1295166015625,829.070068359375,860.32470703125,835.6500244140625
1790789027.5175653,0,1,889.9343872070312,819.2001953125,829.070068359375,866.9046630859375
1790789027.5288765,0,1,835.6500244140625,824.1351318359375,812.6203002929688,842.2299194335938
1790789027.540408,0,1,898.1592407226562,827.4251098632812,837.2949829101562,845.5198974609375
1790789027.5512593,0,1,848.8098754882812,820.84521484375,815.9102783203125,848.8098754882812
1790789027.5625324,0,1,852.0997924804688,829.070068359375,847.1648559570312,848.8098754882812
1790789027.573536,0,1,852.0997924804688,829.070068359375,847.1648559570312,848.8098754882812
1790789027.5846024,0,1,852.0997924804688,829.070068359375,847.1648559570312,848.8098754882812
1790789027.5959494,0,1,852.0997924804688,829.070068359375,847.1648559570312,848.8098754882812
1790789027.606837,0,1,852.0997924804688,829.070068359375,847.1648559570312,848.8098754882812
1790789027.6175587,0,1,852.0997924804688,829.070068359375,847.1648559570312,848.8098754882812
1790789027.6286197,0,1,884.9994506835938,819.2001953125,838.9400024414062,860.32470703125
1790789027.6396737,0,1,853.7448120117188,809.330322265625,825.7801513671875,855.3897705078125
1790789027.6507273,0,1,898.1592407226562,837.2949829101562,857.0347290039062,860.32470703125
1790789027.6615973,0,1,814.2652587890625,819.2001953125,802.7504272460938,835.6500244140625
1790789027.6729329,0,1,814.2652587890625,819.2001953125,802.7504272460938,835.6500244140625
1790789027.6841884,0,1,814.2652587890625,819.2001953125,802.7504272460938,835.6500244140625
1790789027.6950963,0,1,814.2652587890625,819.2001953125,802.7504272460938,835.6500244140625
1790789027.7061276,0,1,814.2652587890625,819.2001953125,802.7504272460938,835.6500244140625
1790789027.7167947,0,1,814.2652587890625,819.2001953125,802.7504272460938,835.6500244140625
1790789027.7280416,0,1,884.9994506835938,820.84521484375,852.0997924804688,845.5198974609375
1790789027.739101,0,1,878.4194946289062,830.715087890625,848.8098754882812,853.7448120117188
1790789027.750606,0,1,830.715087890625,829.070068359375,838.9400024414062,832.3600463867188
1790789027.7615952,0,1,829.070068359375,824.1351318359375,825.7801513671875,840.5849609375
1790789027.7730284,0,1,845.5198974609375,832.3600463867188,838.9400024414062,840.5849609375
1790789027.7846744,0,1,845.5198974609375,832.3600463867188,838.9400024414062,840.5849609375
1790789027.795832,0,1,845.5198974609375,832.3600463867188,838.9400024414062,840.5849609375
1790789027.8070908,0,1,845.5198974609375,832.3600463867188,838.9400024414062,840.5849609375
1790789027.8184752,0,1,845.5198974609375,832.3600463867188,838.9400024414062,840.5849609375
1790789027.8294804,0,1,865.2596435546875,834.0050048828125,847.1648559570312,829.070068359375
1790789027.8403432,0,1,861.9697265625,819.2001953125,809.330322265625,860.32470703125
1790789027.8516288,0,1,889.9343872070312,827.4251098632812,829.070068359375,871.839599609375
1790789027.8627787,0,1,857.0347290039062,827.4251098632812,830.715087890625,857.0347290039062
1790789027.875065,0,1,888.2893676757812,829.070068359375,840.5849609375,861.9697265625
1790789027.886318,0,1,817.5552368164062,825.7801513671875,807.6853637695312,835.6500244140625
1790789027.8974762,0,1,912.964111328125,835.6500244140625,868.5496215820312,853.7448120117188
1790789027.9081314,0,1,824.1351318359375,830.715087890625,814.2652587890625,840.5849609375
1790789027.9193652,0,1,824.1351318359375,830.715087890625,814.2652587890625,840.5849609375
1790789027.930806,0,1,824.1351318359375,830.715087890625,814.2652587890625,840.5849609375
1790789027.9414635,0,1,824.1351318359375,830.715087890625,814.2652587890625,840.5849609375
1790789027.9523811,1,1,824.1351318359375,830.715087890625,814.2652587890625,840.5849609375
1790789027.963745,1,1,848.8098754882812,822.4901733398438,825.7801513671875,830.715087890625
1790789027.9752302,1,1,898.1592407226562,835.6500244140625,852.0997924804688,843.8749389648438
1790789027.9868357,1,1,891.579345703125,829.070068359375,835.6500244140625,853.7448120117188
1790789027.9984992,1,1,819.2001953125,815.9102783203125,806.0403442382812,843.8749389648438
1790789028.0093033,1,1,814.2652587890625,824.1351318359375,797.8154907226562,832.3600463867188
1790789028.0206418,1,1,814.2652587890625,824.1351318359375,797.8154907226562,832.3600463867188
1790789028.0312343,1,1,814.2652587890625,824.1351318359375,797.8154907226562,832.3600463867188
1790789028.0426924,1,1,814.2652587890625,824.1351318359375,797.8154907226562,832.3600463867188
1790789028.0536656,1,1,814.2652587890625,824.1351318359375,797.8154907226562,832.3600463867188
1790789028.0649426,1,1,896.5142822265625,825.7801513671875,853.7448120117188,860.32470703125
1790789028.0759435,1,1,883.3544311523438,829.070068359375,830.715087890625,853.7448120117188
1790789028.0870159,1,1,852.0997924804688,824.1351318359375,838.9400024414062,842.2299194335938
1790789028.0981286,1,1,837.2949829101562,820.84521484375,820.84521484375,858.6797485351562
1790789028.1090357,1,1,852.0997924804688,829.070068359375,843.8749389648438,840.5849609375
1790789028.1197822,1,1,852.0997924804688,829.070068359375,843.8749389648438,840.5849609375
1790789028.1307423,1,1,852.0997924804688,829.070068359375,843.8749389648438,840.5849609375
1790789028.1414514,1,1,852.0997924804688,829.070068359375,843.8749389648438,840.5849609375
1790789028.1523945,1,1,852.0997924804688,829.070068359375,843.8749389648438,840.5849609375
1790789028.1636634,1,1,852.0997924804688,829.070068359375,843.8749389648438,840.5849609375
1790789028.1742349,1,1,822.4901733398438,827.4251098632812,814.2652587890625,838.9400024414062
1790789028.184769,1,1,852.0997924804688,830.715087890625,853.7448120117188,834.0050048828125
1790789028.195958,1,1,888.2893676757812,819.2001953125,838.9400024414062,861.9697265625
1790789028.2072194,1,1,866.9046630859375,820.84521484375,825.7801513671875,860.32470703125
1790789028.2183077,1,1,830.715087890625,829.070068359375,838.9400024414062,843.8749389648438
1790789028.2295294,1,1,830.715087890625,829.070068359375,838.9400024414062,843.8749389648438
1790789028.2406504,1,1,830.715087890625,829.070068359375,838.9400024414062,843.8749389648438
1790789028.2521105,1,1,830.715087890625,829.070068359375,838.9400024414062,843.8749389648438
1790789028.263122,1,1,830.715087890625,829.070068359375,838.9400024414062,843.8749389648438
1790789028.2746277,1,1,830.715087890625,829.070068359375,838.9400024414062,843.8749389648438
1790789028.2861373,1,1,829.070068359375,822.4901733398438,815.9102783203125,845.5198974609375
1790789028.2974603,1,1,835.6500244140625,815.9102783203125,835.6500244140625,837.2949829101562
1790789028.308273,1,1,878.4194946289062,819.2001953125,845.5198974609375,853.7448120117188
1790789028.3192217,1,1,878.4194946289062,830.715087890625,865.2596435546875,832.3600463867188
1790789028.3302348,1,1,812.6203002929688,824.1351318359375,809.330322265625,842.2299194335938
1790789028.3415995,1,1,812.6203002929688,824.1351318359375,809.330322265625,842.2299194335938
1790789028.3526778,1,1,812.6203002929688,824.1351318359375,809.330322265625,842.2299194335938
1790789028.3637486,1,1,812.6203002929688,824.1351318359375,809.330322265625,842.2299194335938
1790789028.3745418,1,1,812.6203002929688,824.1351318359375,809.330322265625,842.2299194335938
1790789028.3857224,1,1,812.6203002929688,824.1351318359375,809.330322265625,842.2299194335938
1790789028.3965147,1,1,868.5496215820312,801.1054077148438,829.070068359375,860.32470703125
1790789028.4079869,1,1,834.0050048828125,822.4901733398438,829.070068359375,857.0347290039062
1790789028.4191062,1,1,880.064453125,817.5552368164062,845.5198974609375,853.7448120117188
1790789028.4305747,1,1,842.2299194335938,812.6203002929688,801.1054077148438,852.0997924804688
1790789028.441256,1,1,838.9400024414062,830.715087890625,834.0050048828125,845.5198974609375
1790789028.452608,1,1,838.9400024414062,830.715087890625,834.0050048828125,845.5198974609375
1790789028.464252,1,1,838.9400024414062,830.715087890625,834.0050048828125,845.5198974609375
1790789028.4751139,1,1,838.9400024414062,830.715087890625,834.0050048828125,845.5198974609375
1790789028.4865544,1,1,838.9400024414062,830.715087890625,834.0050048828125,845.5198974609375
1790789028.497705,1,1,881.70947265625,827.4251098632812,842.2299194335938,860.32470703125
1790789028.508523,1,1,898.1592407226562,824.1351318359375,835.6500244140625,863.6146850585938
1790789028.519538,1,1,840.5849609375,814.2652587890625,832.3600463867188,838.9400024414062
1790789028.5306158,1,1,866.9046630859375,812.6203002929688,825.7801513671875,855.3897705078125
1790789028.541401,1,1,860.32470703125,815.9102783203125,834.0050048828125,840.5849609375
1790789028.5528922,1,1,860.32470703125,815.9102783203125,834.0050048828125,840.5849609375
1790789028.5643861,1,1,860.32470703125,815.9102783203125,834.0050048828125,840.5849609375
1790789028.5753217,1,1,860.32470703125,815.9102783203125,834.0050048828125,840.5849609375
1790789028.5865712,1,1,860.32470703125,815.9102783203125,834.0050048828125,840.5849609375
1790789028.5978982,1,1,860.32470703125,815.9102783203125,834.0050048828125,840.5849609375
1790789028.6094232,1,1,853.7448120117188,843.8749389648438,848.8098754882812,835.6500244140625
1790789028.6212516,1,1,804.3953857421875,899.8042602539062,796.1704711914062,792.8805541992188
1790789028.6320589,1,1,779.720703125,880.064453125,835.6500244140625,779.720703125
1790789028.6429937,1,1,677.7318725585938,998.5030517578125,779.720703125,718.8563842773438
1790789028.6541345,1,1,677.7318725585938,998.5030517578125,779.720703125,718.8563842773438
1790789028.665234,1,1,677.7318725585938,998.5030517578125,779.720703125,718.8563842773438
1790789028.6761339,1,1,677.7318725585938,998.5030517578125,779.720703125,718.8563842773438
1790789028.6875243,1,1,677.7318725585938,998.5030517578125,779.720703125,718.8563842773438
1790789028.7066524,1,1,677.7318725585938,998.5030517578125,779.720703125,718.8563842773438
1790789028.7263832,1,1,677.7318725585938,998.5030517578125,779.720703125,718.8563842773438
1790789028.738836,1,1,715.5664672851562,1074.172119140625,804.3953857421875,704.0515747070312
1790789028.7520053,1,1,666.217041015625,1561.0863037109375,814.2652587890625,646.477294921875
1790789028.7639632,1,1,618.5126342773438,1587.406005859375,810.9752807617188,636.607421875
1790789028.7751286,1,1,618.5126342773438,1587.406005859375,810.9752807617188,636.607421875
1790789028.7866905,1,1,684.3118286132812,1598.9208984375,858.6797485351562,657.9921264648438
1790789028.7991729,1,1,628.3825073242188,1587.406005859375,834.0050048828125,659.6371459960938
1790789028.8106437,1,1,628.3825073242188,1587.406005859375,834.0050048828125,659.6371459960938
1790789028.8213847,1,1,628.3825073242188,1587.406005859375,834.0050048828125,659.6371459960938
1790789028.8327827,1,1,628.3825073242188,1587.406005859375,834.0050048828125,659.6371459960938
1790789028.8436713,1,1,628.3825073242188,1587.406005859375,834.0050048828125,659.6371459960938
1790789028.8546076,1,1,628.3825073242188,1587.406005859375,834.0050048828125,659.6371459960938
1790789028.8654299,1,1,401.3752136230469,1419.6180419921875,248.39202880859375,536.2636108398438
1790789028.8768759,1,1,253.32696533203125,1417.9730224609375,37.83454895019531,439.2097473144531
1790789028.8893623,1,1,258.26190185546875,1411.3931884765625,195.75265502929688,434.2748107910156
1790789028.9006486,1,1,98.69882202148438,1383.428466796875,590.5479125976562,391.50531005859375
1790789028.9117756,1,1,98.69882202148438,1383.428466796875,590.5479125976562,391.50531005859375
1790789028.9229672,1,1,98.69882202148438,1383.428466796875,590.5479125976562,391.50531005859375
1790789028.9338908,1,1,98.69882202148438,1383.428466796875,590.5479125976562,391.50531005859375
1790789028.9450672,1,1,98.69882202148438,1383.428466796875,590.5479125976562,391.50531005859375
1790789028.9567547,1,1,26.319684982299805,1225.5103759765625,1274.8597412109375,379.9904479980469
1790789028.9678261,1,1,32.89960861206055,1079.1070556640625,1264.9898681640625,442.4997253417969
1790789028.9794152,1,1,179.3028564453125,1000.1480712890625,1251.830078125,524.7487182617188
1790789028.9905531,1,1,179.3028564453125,1000.1480712890625,1251.830078125,524.7487182617188
1790789029.0019138,1,1,179.3028564453125,1000.1480712890625,1251.830078125,524.7487182617188
1790789029.013705,1,1,179.3028564453125,1000.1480712890625,1251.830078125,524.7487182617188
1790789029.0249267,1,1,179.3028564453125,1000.1480712890625,1251.830078125,524.7487182617188
1790789029.0358384,1,1,310.9012756347656,1037.9825439453125,1653.2052001953125,539.5535278320312
1790789029.0469334,1,1,333.9309997558594,1037.9825439453125,1640.04541015625,574.09814453125
1790789029.0586314,1,1,715.5664672851562,824.1351318359375,1107.07177734375,768.205810546875
1790789029.0697222,1,1,715.5664672851562,779.720703125,554.3583984375,799.46044921875
1790789029.0808818,1,1,715.5664672851562,779.720703125,554.3583984375,799.46044921875
1790789029.0917354,1,1,715.5664672851562,779.720703125,554.3583984375,799.46044921875
1790789029.1028867,1,1,715.5664672851562,779.720703125,554.3583984375,799.46044921875
1790789029.114463,1,1,715.5664672851562,779.720703125,554.3583984375,799.46044921875
1790789029.125451,1,1,860.32470703125,735.3062133789062,764.9158325195312,853.7448120117188
1790789029.1364086,1,1,912.964111328125,684.3118286132812,422.75994873046875,855.3897705078125
1790789029.147626,1,1,899.8042602539062,682.6668701171875,633.3174438476562,847.1648559570312
1790789029.1588013,1,1,899.8042602539062,631.6724243164062,554.3583984375,865.2596435546875
1790789029.169794,1,1,853.7448120117188,620.1575927734375,449.0796203613281,878.4194946289062
1790789029.18081,1,1,794.5255126953125,621.8025512695312,264.8418273925781,886.6444091796875
1790789029.1919048,1,1,794.5255126953125,621.8025512695312,264.8418273925781,886.6444091796875
1790789029.2028344,1,1,794.5255126953125,621.8025512695312,264.8418273925781,886.6444091796875
1790789029.2139025,1,1,794.5255126953125,621.8025512695312,264.8418273925781,886.6444091796875
1790789029.2252202,1,1,794.5255126953125,621.8025512695312,264.8418273925781,886.6444091796875
1790789029.2361853,1,1,715.5664672851562,618.5126342773438,264.8418273925781,881.70947265625
1790789029.2471936,1,1,715.5664672851562,618.5126342773438,264.8418273925781,881.70947265625
1790789029.258851,1,1,692.5367431640625,659.6371459960938,449.0796203613281,894.8693237304688
1790789029.270331,1,1,648.1222534179688,695.82666015625,580.6780395507812,889.9343872070312
1790789029.2818942,1,1,648.1222534179688,695.82666015625,580.6780395507812,889.9343872070312
1790789029.2931764,1,1,648.1222534179688,695.82666015625,580.6780395507812,889.9343872070312
1790789029.3044908,1,1,648.1222534179688,695.82666015625,580.6780395507812,889.9343872070312
1790789029.3159785,1,1,648.1222534179688,695.82666015625,580.6780395507812,889.9343872070312
1790789029.3272176,1,1,653.0571899414062,685.956787109375,317.481201171875,908.0291748046875
1790789029.3384356,1,1,733.6612548828125,636.607421875,291.1615295410156,919.5440063476562
1790789029.3496351,1,1,679.3768920898438,653.0571899414062,475.3993225097656,904.7391967773438
1790789029.3608913,1,1,699.1166381835938,641.5423583984375,580.6780395507812,911.319091796875
1790789029.3721204,1,1,791.2355346679688,625.092529296875,659.6371459960938,906.3841552734375
1790789029.3838408,1,1,791.2355346679688,625.092529296875,659.6371459960938,906.3841552734375
1790789029.3950195,1,1,791.2355346679688,625.092529296875,659.6371459960938,906.3841552734375
1790789029.4062524,1,1,791.2355346679688,625.092529296875,659.6371459960938,906.3841552734375
1790789029.4175158,1,1,791.2355346679688,625.092529296875,659.6371459960938,906.3841552734375
1790789029.4289463,1,1,791.2355346679688,625.092529296875,659.6371459960938,906.3841552734375
1790789029.4401765,1,1,955.7335815429688,587.2579956054688,343.8009033203125,903.09423828125
1790789029.4515207,1,1,1169.5810546875,615.22265625,606.9977416992188,914.6090698242188
1790789029.4626312,1,1,1269.9248046875,602.0628051757812,633.3174438476562,917.8990478515625
1790789029.4734452,1,1,1269.9248046875,602.0628051757812,633.3174438476562,917.8990478515625
1790789029.4847534,1,1,1411.3931884765625,350.38079833984375,554.3583984375,909.6741333007812
1790789029.4962204,1,1,1487.062255859375,345.44586181640625,475.3993225097656,960.6685180664062
1790789029.5073934,1,1,1529.8316650390625,381.63543701171875,725.4363403320312,967.2484130859375
1790789029.518494,1,1,1477.1923828125,393.1502990722656,830.715087890625,978.7633056640625
1790789029.5298748,1,1,1477.1923828125,393.1502990722656,830.715087890625,978.7633056640625
1790789029.540971,1,1,1477.1923828125,393.1502990722656,830.715087890625,978.7633056640625
1790789029.5520017,1,1,1477.1923828125,393.1502990722656,830.715087890625,978.7633056640625
1790789029.5632753,1,1,1477.1923828125,393.1502990722656,830.715087890625,978.7633056640625
1790789029.5745144,1,1,1503.5120849609375,403.0201721191406,1067.59228515625,940.9287719726562
1790789029.5862687,1,1,1503.5120849609375,409.60009765625,857.0347290039062,957.3785400390625
1790789029.5973737,1,1,1411.3931884765625,379.9904479980469,1014.952880859375,955.7335815429688
1790789029.6088088,1,1,1434.4228515625,455.6595458984375,1436.06787109375,968.8934326171875
1790789029.6199853,1,1,1388.3634033203125,490.2041320800781,1278.1497802734375,960.6685180664062
1790789029.6315804,1,0,1388.3634033203125,490.2041320800781,1278.1497802734375,960.6685180664062
1790789029.6433983,1,0,1388.3634033203125,490.2041320800781,1278.1497802734375,960.6685180664062
1790789029.6547458,1,0,1388.3634033203125,490.2041320800781,1278.1497802734375,960.6685180664062
1790789029.6662328,1,0,1388.3634033203125,490.2041320800781,1278.1497802734375,960.6685180664062
1790789029.6777515,1,0,1381.783447265625,513.23388671875,1383.428466796875,963.95849609375
1790789029.6888845,1,0,1283.084716796875,621.8025512695312,1067.59228515625,914.6090698242188
1790789029.6999843,1,0,1283.084716796875,621.8025512695312,1067.59228515625,914.6090698242188
1790789029.7109346,1,0,1072.5272216796875,639.8973388671875,935.9938354492188,736.951171875
1790789029.72211,1,0,1085.68701171875,602.0628051757812,988.6331787109375,723.7913208007812
1790789029.7332973,1,0,1006.7279663085938,608.6427001953125,699.1166381835938,733.6612548828125
1790789029.7449923,1,0,1006.7279663085938,608.6427001953125,699.1166381835938,733.6612548828125
1790789029.7561884,1,0,1006.7279663085938,608.6427001953125,699.1166381835938,733.6612548828125
1790789029.7675045,1,0,1006.7279663085938,608.6427001953125,699.1166381835938,733.6612548828125
1790789029.7783127,1,0,1133.3914794921875,613.5776977539062,1120.2315673828125,810.9752807617188
1790789029.7903507,1,0,1217.285400390625,570.8081665039062,909.6741333007812,952.443603515625
1790789029.801701,1,0,1154.7762451171875,572.4531860351562,935.9938354492188,978.7633056640625
1790789029.8134987,1,0,1130.1014404296875,592.1929321289062,672.7969360351562,975.4733276367188
1790789029.8248918,1,0,1130.1014404296875,592.1929321289062,672.7969360351562,975.4733276367188
1790789029.836306,1,0,1130.1014404296875,592.1929321289062,672.7969360351562,975.4733276367188
1790789029.8476713,1,0,1130.1014404296875,592.1929321289062,672.7969360351562,975.4733276367188
1790789029.8587773,1,0,1130.1014404296875,592.1929321289062,672.7969360351562,975.4733276367188
1790789029.8698642,1,0,1153.1312255859375,608.6427001953125,1014.952880859375,967.2484130859375
1790789029.8810806,1,0,1080.7520751953125,597.1278686523438,646.477294921875,965.6034545898438
1790789029.892333,1,0,1151.4862060546875,618.5126342773438,1041.2725830078125,957.3785400390625
1790789029.9031181,1,0,1125.16650390625,620.1575927734375,883.3544311523438,932.703857421875
1790789029.9137902,1,0,1092.2669677734375,633.3174438476562,909.6741333007812,932.703857421875
1790789029.9246116,1,0,1087.33203125,638.2523803710938,988.6331787109375,921.18896484375
1790789029.9357722,1,0,1087.33203125,638.2523803710938,988.6331787109375,921.18896484375
1790789029.9467115,1,0,1087.33203125,638.2523803710938,988.6331787109375,921.18896484375
1790789029.957823,1,0,1087.33203125,638.2523803710938,988.6331787109375,921.18896484375
1790789029.9693177,1,0,1087.33203125,638.2523803710938,988.6331787109375,921.18896484375
1790789029.9806027,1,0,1072.5272216796875,646.477294921875,857.0347290039062,906.3841552734375
1790789029.9918761,1,0,1112.0067138671875,662.9270629882812,1093.9119873046875,898.1592407226562
1790789030.0035145,1,0,1047.8525390625,666.217041015625,804.3953857421875,886.6444091796875
1790789030.0147095,1,0,1047.8525390625,666.217041015625,804.3953857421875,886.6444091796875
1790789030.0258431,1,0,1047.8525390625,666.217041015625,804.3953857421875,886.6444091796875
1790789030.036798,1,0,1047.8525390625,666.217041015625,804.3953857421875,886.6444091796875
1790789030.0476112,1,0,1047.8525390625,666.217041015625,804.3953857421875,886.6444091796875
1790789030.059575,1,0,1047.8525390625,666.217041015625,804.3953857421875,886.6444091796875
1790789030.0707467,1,0,1100.4918212890625,672.7969360351562,1067.59228515625,903.09423828125
1790789030.0825665,1,0,1054.432373046875,684.3118286132812,1120.2315673828125,878.4194946289062
1790789030.0935903,1,0,1057.722412109375,702.4066162109375,1120.2315673828125,855.3897705078125
1790789030.1045508,1,0,899.8042602539062,690.8917236328125,769.850830078125,880.064453125
1790789030.1161184,1,0,847.1648559570312,702.4066162109375,822.4901733398438,876.7745361328125
1790789030.1274452,1,0,847.1648559570312,702.4066162109375,822.4901733398438,876.7745361328125
1790789030.1387937,1,0,847.1648559570312,702.4066162109375,822.4901733398438,876.7745361328125
1790789030.1506405,1,0,847.1648559570312,702.4066162109375,822.4901733398438,876.7745361328125
1790789030.1617699,1,0,847.1648559570312,702.4066162109375,822.4901733398438,876.7745361328125
1790789030.1736841,1,0,847.1648559570312,702.4066162109375,822.4901733398438,876.7745361328125
1790789030.1846347,1,0,870.194580078125,707.341552734375,1006.7279663085938,881.70947265625
1790789030.1953614,1,0,866.9046630859375,722.1463623046875,901.44921875,870.194580078125
1790789030.2064276,1,0,822.4901733398438,727.081298828125,1006.7279663085938,866.9046630859375
1790789030.2174428,1,0,822.4901733398438,727.081298828125,1006.7279663085938,866.9046630859375
1790789030.2285082,1,0,822.4901733398438,727.081298828125,1006.7279663085938,866.9046630859375
1790789030.239265,1,0,822.4901733398438,727.081298828125,1006.7279663085938,866.9046630859375
1790789030.2503314,1,0,822.4901733398438,727.081298828125,1006.7279663085938,866.9046630859375
1790789030.2614186,1,0,822.4901733398438,727.081298828125,1006.7279663085938,866.9046630859375
1790789030.272261,1,0,822.4901733398438,727.081298828125,1006.7279663085938,866.9046630859375
1790789030.2836618,0,0,822.4901733398438,727.081298828125,1006.7279663085938,866.9046630859375
1790789030.2948964,0,0,866.9046630859375,730.3712768554688,954.088623046875,870.194580078125
1790789030.3058448,0,0,824.1351318359375,725.4363403320312,875.1295166015625,858.6797485351562
1790789030.3172112,0,0,824.1351318359375,725.4363403320312,875.1295166015625,858.6797485351562
1790789030.3284292,0,0,820.84521484375,728.726318359375,822.4901733398438,850.454833984375
1790789030.3397696,0,0,857.0347290039062,725.4363403320312,664.5720825195312,873.4845581054688
1790789030.3513322,0,0,822.4901733398438,733.6612548828125,901.44921875,857.0347290039062
1790789030.362701,0,0,822.4901733398438,733.6612548828125,901.44921875,857.0347290039062
1790789030.3737967,0,0,822.4901733398438,733.6612548828125,901.44921875,857.0347290039062
1790789030.3848946,0,0,819.2001953125,718.8563842773438,690.8917236328125,870.194580078125
1790789030.395944,0,0,842.2299194335938,736.951171875,875.1295166015625,855.3897705078125
1790789030.407346,0,0,860.32470703125,751.7560424804688,1033.047607421875,847.1648559570312
1790789030.4183834,0,0,827.4251098632812,743.5311279296875,1006.7279663085938,850.454833984375
1790789030.4296913,0,0,829.070068359375,740.2411499023438,954.088623046875,865.2596435546875
1790789030.4412515,0,0,829.070068359375,740.2411499023438,954.088623046875,865.2596435546875
1790789030.4533355,0,0,829.070068359375,740.2411499023438,954.088623046875,865.2596435546875
1790789030.4650247,0,0,829.070068359375,740.2411499023438,954.088623046875,865.2596435546875
1790789030.4759076,0,0,829.070068359375,740.2411499023438,954.088623046875,865.2596435546875
1790789030.487123,0,0,860.32470703125,748.466064453125,1243.6051025390625,853.7448120117188
1790789030.4984145,0,0,878.4194946289062,741.8861083984375,1085.68701171875,857.0347290039062
1790789030.5091538,0,0,863.6146850585938,751.7560424804688,1112.0067138671875,863.6146850585938
1790789030.5204504,0,0,838.9400024414062,751.7560424804688,1059.3673095703125,853.7448120117188
1790789030.5320675,0,0,838.9400024414062,751.7560424804688,1059.3673095703125,853.7448120117188
1790789030.543356,0,0,838.9400024414062,751.7560424804688,1059.3673095703125,853.7448120117188
1790789030.5541556,0,0,838.9400024414062,751.7560424804688,1059.3673095703125,853.7448120117188
1790789030.5651023,0,0,838.9400024414062,751.7560424804688,1059.3673095703125,853.7448120117188
1790789030.57634,0,0,838.9400024414062,751.7560424804688,1059.3673095703125,853.7448120117188
1790789030.5875106,0,0,847.1648559570312,751.7560424804688,1033.047607421875,863.6146850585938
1790789030.5986733,0,0,840.5849609375,761.6259155273438,1269.9248046875,847.1648559570312
1790789030.6096807,0,0,888.2893676757812,756.6909790039062,1164.6461181640625,857.0347290039062
1790789030.6206203,0,0,855.3897705078125,755.0459594726562,980.4082641601562,868.5496215820312
1790789030.631994,0,0,876.7745361328125,769.850830078125,1164.6461181640625,852.0997924804688
1790789030.6426687,0,0,830.715087890625,761.6259155273438,1112.0067138671875,853.7448120117188
1790789030.65433,0,0,830.715087890625,761.6259155273438,1112.0067138671875,853.7448120117188
1790789030.6662173,0,0,830.715087890625,761.6259155273438,1112.0067138671875,853.7448120117188
1790789030.6776516,0,0,830.715087890625,761.6259155273438,1112.0067138671875,853.7448120117188
1790789030.6889563,0,0,830.715087890625,761.6259155273438,1112.0067138671875,853.7448120117188
1790789030.7007318,0,0,838.9400024414062,758.3359375,1138.326416015625,840.5849609375
1790789030.7125309,0,0,876.7745361328125,764.9158325195312,924.4789428710938,847.1648559570312
1790789030.7232928,0,0,860.32470703125,771.4957885742188,792.8805541992188,847.1648559570312
1790789030.734072,0,0,848.8098754882812,771.4957885742188,766.5608520507812,840.5849609375
1790789030.7456741,0,0,848.8098754882812,771.4957885742188,766.5608520507812,840.5849609375
1790789030.7565038,0,0,848.8098754882812,771.4957885742188,766.5608520507812,840.5849609375
1790789030.7677493,0,0,848.8098754882812,771.4957885742188,766.5608520507812,840.5849609375
1790789030.7792554,0,0,848.8098754882812,771.4957885742188,766.5608520507812,840.5849609375
1790789030.7903962,0,0,896.5142822265625,768.205810546875,792.8805541992188,855.3897705078125
1790789030.8017688,0,0,886.6444091796875,768.205810546875,713.9214477539062,850.454833984375
1790789030.8129194,0,0,820.84521484375,761.6259155273438,450.724609375,848.8098754882812
1790789030.8235915,0,0,807.6853637695312,773.1407470703125,687.601806640625,850.454833984375
1790789030.8348134,0,0,843.8749389648438,753.4010009765625,503.3639831542969,842.2299194335938
1790789030.8461535,0,0,810.9752807617188,763.2708740234375,634.96240234375,843.8749389648438
1790789030.8573241,0,0,810.9752807617188,763.2708740234375,634.96240234375,843.8749389648438
1790789030.8686051,0,0,810.9752807617188,763.2708740234375,634.96240234375,843.8749389648438
1790789030.8798237,0,0,810.9752807617188,763.2708740234375,634.96240234375,843.8749389648438
1790789030.891493,0,0,810.9752807617188,763.2708740234375,634.96240234375,843.8749389648438
1790789030.9031837,0,0,853.7448120117188,764.9158325195312,634.96240234375,832.3600463867188
1790789030.9144971,0,0,855.3897705078125,759.9808959960938,582.3230590820312,845.5198974609375
1790789030.9256802,0,0,825.7801513671875,766.5608520507812,556.0033569335938,840.5849609375
1790789030.937007,0,0,853.7448120117188,789.590576171875,740.2411499023438,845.5198974609375
1790789030.9521422,0,0,814.2652587890625,776.4307250976562,477.0443115234375,834.0050048828125
1790789030.9639974,0,0,866.9046630859375,768.205810546875,503.3639831542969,855.3897705078125
1790789030.9752047,0,0,830.715087890625,769.850830078125,503.3639831542969,850.454833984375
1790789030.9868622,0,0,830.715087890625,769.850830078125,503.3639831542969,850.454833984375
1790789030.9989855,0,0,830.715087890625,769.850830078125,503.3639831542969,850.454833984375
1790789031.0103455,0,0,830.715087890625,769.850830078125,503.3639831542969,850.454833984375
1790789031.0218434,0,0,860.32470703125,771.4957885742188,503.3639831542969,858.6797485351562
1790789031.033059,0,0,855.3897705078125,778.07568359375,529.6836547851562,850.454833984375
1790789031.0448663,0,0,868.5496215820312,784.6556396484375,634.96240234375,853.7448120117188
1790789031.0566168,0,0,868.5496215820312,784.6556396484375,634.96240234375,853.7448120117188
1790789031.068165,0,0,868.5496215820312,784.6556396484375,634.96240234375,853.7448120117188
1790789031.0794897,0,0,868.5496215820312,784.6556396484375,634.96240234375,853.7448120117188
1790789031.0908947,0,0,868.5496215820312,784.6556396484375,634.96240234375,853.7448120117188
1790789031.1024325,0,0,868.5496215820312,784.6556396484375,634.96240234375,853.7448120117188
1790789031.114981,0,0,861.9697265625,787.945556640625,582.3230590820312,863.6146850585938
1790789031.1264493,0,0,878.4194946289062,778.07568359375,477.0443115234375,866.9046630859375
1790789031.1372545,0,0,842.2299194335938,778.07568359375,582.3230590820312,848.8098754882812
1790789031.1482916,0,0,822.4901733398438,784.6556396484375,556.0033569335938,848.8098754882812
1790789031.1590376,0,0,863.6146850585938,781.3656616210938,556.0033569335938,838.9400024414062
1790789031.1699438,0,0,881.70947265625,781.3656616210938,687.601806640625,848.8098754882812
1790789031.1810834,0,0,865.2596435546875,771.4957885742188,398.0852355957031,860.32470703125
1790789031.1916862,0,0,903.09423828125,796.1704711914062,819.2001953125,860.32470703125
1790789031.2025938,0,0,840.5849609375,766.5608520507812,292.8064880371094,858.6797485351562
1790789031.2136612,0,0,840.5849609375,766.5608520507812,292.8064880371094,858.6797485351562
1790789031.2252147,0,0,840.5849609375,766.5608520507812,292.8064880371094,858.6797485351562
1790789031.23611,0,0,840.5849609375,766.5608520507812,292.8064880371094,858.6797485351562
1790789031.2473752,0,0,840.5849609375,766.5608520507812,292.8064880371094,858.6797485351562
1790789031.2585006,0,0,845.5198974609375,784.6556396484375,556.0033569335938,845.5198974609375
1790789031.2695975,0,0,881.70947265625,789.590576171875,687.601806640625,857.0347290039062
1790789031.281057,0,0,857.0347290039062,787.945556640625,784.6556396484375,847.1648559570312
1790789031.2922266,0,0,835.6500244140625,779.720703125,758.3359375,852.0997924804688
1790789031.3029974,0,0,861.9697265625,794.5255126953125,889.9343872070312,848.8098754882812
1790789031.3141675,0,0,832.3600463867188,786.3005981445312,863.6146850585938,857.0347290039062
1790789031.3248937,0,0,832.3600463867188,786.3005981445312,863.6146850585938,857.0347290039062
1790789031.3355472,0,0,832.3600463867188,786.3005981445312,863.6146850585938,857.0347290039062
1790789031.3466508,0,0,832.3600463867188,786.3005981445312,863.6146850585938,857.0347290039062
1790789031.357411,0,0,832.3600463867188,786.3005981445312,863.6146850585938,857.0347290039062
1790789031.3688147,0,0,832.3600463867188,786.3005981445312,863.6146850585938,857.0347290039062
1790789031.3797042,0,0,865.2596435546875,787.945556640625,810.9752807617188,865.2596435546875
1790789031.3907154,0,0,842.2299194335938,791.2355346679688,810.9752807617188,843.8749389648438
1790789031.4017997,0,0,880.064453125,792.8805541992188,916.2540283203125,858.6797485351562
1790789031.4129026,0,0,824.1351318359375,794.5255126953125,942.57373046875,837.2949829101562
1790789031.424241,0,0,871.839599609375,797.8154907226562,889.9343872070312,853.7448120117188
1790789031.4350743,0,0,850.454833984375,797.8154907226562,758.3359375,852.0997924804688
1790789031.4460633,0,0,850.454833984375,797.8154907226562,758.3359375,852.0997924804688
1790789031.457065,0,0,850.454833984375,797.8154907226562,758.3359375,852.0997924804688
1790789031.4679813,0,0,850.454833984375,797.8154907226562,758.3359375,852.0997924804688
1790789031.4787118,0,0,850.454833984375,797.8154907226562,758.3359375,852.0997924804688
1790789031.489964,0,0,799.46044921875,791.2355346679688,679.3768920898438,835.6500244140625
1790789031.501796,0,0,878.4194946289062,807.6853637695312,1100.4918212890625,848.8098754882812
1790789031.5130324,0,0,825.7801513671875,807.6853637695312,916.2540283203125,847.1648559570312
1790789031.5243678,0,0,853.7448120117188,794.5255126953125,810.9752807617188,866.9046630859375
1790789031.5354345,0,0,863.6146850585938,804.3953857421875,1047.8525390625,853.7448120117188
1790789031.546425,0,0,863.6146850585938,804.3953857421875,1047.8525390625,853.7448120117188
1790789031.5575833,0,0,863.6146850585938,804.3953857421875,1047.8525390625,853.7448120117188
1790789031.569671,0,0,863.6146850585938,804.3953857421875,1047.8525390625,853.7448120117188
1790789031.5807102,0,0,863.6146850585938,804.3953857421875,1047.8525390625,853.7448120117188
1790789031.5916495,0,0,863.6146850585938,804.3953857421875,1047.8525390625,853.7448120117188
1790789031.603443,0,0,863.6146850585938,804.3953857421875,1047.8525390625,853.7448120117188
1790789031.6149719,0,0,876.7745361328125,801.1054077148438,916.2540283203125,853.7448120117188
1790789031.6262949,0,0,855.3897705078125,784.6556396484375,732.0162353515625,860.32470703125
1790789031.6369436,0,0,868.5496215820312,799.46044921875,1021.5327758789062,861.9697265625
1790789031.6476316,0,0,855.3897705078125,787.945556640625,837.2949829101562,865.2596435546875
1790789031.6588607,0,0,835.6500244140625,796.1704711914062,942.57373046875,857.0347290039062
1790789031.670222,0,0,868.5496215820312,789.590576171875,758.3359375,858.6797485351562
1790789031.6812751,0,0,868.5496215820312,789.590576171875,758.3359375,858.6797485351562
1790789031.692104,0,0,868.5496215820312,789.590576171875,758.3359375,858.6797485351562
1790789031.7040262,0,0,861.9697265625,802.7504272460938,968.8934326171875,866.9046630859375
1790789031.7153478,0,0,848.8098754882812,792.8805541992188,1021.5327758789062,847.1648559570312
1790789031.726543,0,0,855.3897705078125,802.7504272460938,1100.4918212890625,843.8749389648438
1790789031.7379608,0,0,863.6146850585938,794.5255126953125,889.9343872070312,866.9046630859375
1790789031.7490413,0,0,852.0997924804688,806.0403442382812,1153.1312255859375,860.32470703125
1790789031.7598953,0,0,852.0997924804688,806.0403442382812,1153.1312255859375,860.32470703125
1790789031.7714715,0,0,852.0997924804688,806.0403442382812,1153.1312255859375,860.32470703125
1790789031.782906,0,0,852.0997924804688,806.0403442382812,1153.1312255859375,860.32470703125
1790789031.7941349,0,0,852.0997924804688,806.0403442382812,1153.1312255859375,860.32470703125
1790789031.8052967,0,0,848.8098754882812,802.7504272460938,1179.450927734375,834.0050048828125
1790789031.8166175,0,0,857.0347290039062,799.46044921875,1074.172119140625,850.454833984375
1790789031.8283274,0,0,852.0997924804688,799.46044921875,1153.1312255859375,848.8098754882812
1790789031.839365,0,0,830.715087890625,792.8805541992188,1047.8525390625,835.6500244140625
1790789031.8506403,0,0,857.0347290039062,792.8805541992188,1179.450927734375,853.7448120117188
1790789031.8615947,0,0,858.6797485351562,799.46044921875,1232.09033203125,852.0997924804688
1790789031.8730764,0,0,858.6797485351562,799.46044921875,1232.09033203125,852.0997924804688
1790789031.8843799,0,0,858.6797485351562,799.46044921875,1232.09033203125,852.0997924804688
1790789031.8957393,0,0,858.6797485351562,799.46044921875,1232.09033203125,852.0997924804688
1790789031.9070776,0,0,858.6797485351562,799.46044921875,1232.09033203125,852.0997924804688
1790789031.9181318,0,0,838.9400024414062,787.945556640625,942.57373046875,866.9046630859375
1790789031.9293184,0,0,870.194580078125,791.2355346679688,712.2764892578125,863.6146850585938
1790789031.9411812,0,0,814.2652587890625,789.590576171875,817.5552368164062,847.1648559570312
1790789031.9521375,0,0,871.839599609375,801.1054077148438,922.833984375,855.3897705078125
1790789031.9634247,0,0,891.579345703125,819.2001953125,1133.3914794921875,861.9697265625
1790789031.974728,0,0,891.579345703125,819.2001953125,1133.3914794921875,861.9697265625
1790789031.9860277,0,0,891.579345703125,819.2001953125,1133.3914794921875,861.9697265625
1790789031.9970808,0,0,891.579345703125,819.2001953125,1133.3914794921875,861.9697265625
1790789032.0081298,0,0,891.579345703125,819.2001953125,1133.3914794921875,861.9697265625
1790789032.0191658,0,0,858.6797485351562,824.1351318359375,1159.711181640625,835.6500244140625
1790789032.0304768,0,0,865.2596435546875,807.6853637695312,738.59619140625,861.9697265625
1790789032.0413716,0,0,865.2596435546875,807.6853637695312,738.59619140625,861.9697265625
1790789032.0528257,0,0,865.2596435546875,807.6853637695312,738.59619140625,861.9697265625
1790789032.0640485,0,0,865.2596435546875,807.6853637695312,738.59619140625,861.9697265625
1790789032.0747957,0,0,865.2596435546875,807.6853637695312,738.59619140625,861.9697265625
1790789032.086144,0,0,802.7504272460938,802.7504272460938,738.59619140625,848.8098754882812
1790789032.0975788,0,0,884.9994506835938,820.84521484375,1054.432373046875,855.3897705078125
1790789032.1089413,0,0,878.4194946289062,814.2652587890625,975.4733276367188,843.8749389648438
1790789032.120397,0,0,807.6853637695312,792.8805541992188,606.9977416992188,852.0997924804688
1790789032.1315792,0,0,858.6797485351562,804.3953857421875,870.194580078125,855.3897705078125
1790789032.1425536,0,0,858.6797485351562,804.3953857421875,870.194580078125,855.3897705078125
1790789032.1537495,0,0,858.6797485351562,804.3953857421875,870.194580078125,855.3897705078125
1790789032.164725,0,0,858.6797485351562,804.3953857421875,870.194580078125,855.3897705078125
1790789032.1761901,0,0,858.6797485351562,804.3953857421875,870.194580078125,855.3897705078125
1790789032.1877291,0,0,858.6797485351562,804.3953857421875,870.194580078125,855.3897705078125
1790789032.199051,0,0,835.6500244140625,797.8154907226562,764.9158325195312,850.454833984375
1790789032.2098556,0,0,853.7448120117188,814.2652587890625,1001.7930297851562,847.1648559570312
1790789032.2212775,0,0,812.6203002929688,812.6203002929688,791.2355346679688,843.8749389648438
1790789032.232315,0,0,810.9752807617188,794.5255126953125,606.9977416992188,847.1648559570312
1790789032.243268,0,0,855.3897705078125,820.84521484375,922.833984375,860.32470703125
1790789032.2541637,0,0,855.3897705078125,820.84521484375,922.833984375,860.32470703125
1790789032.2654629,0,0,855.3897705078125,820.84521484375,922.833984375,860.32470703125
1790789032.2767599,0,0,855.3897705078125,820.84521484375,922.833984375,860.32470703125
1790789032.2880342,0,0,855.3897705078125,820.84521484375,922.833984375,860.32470703125
1790789032.2994308,0,0,855.3897705078125,820.84521484375,922.833984375,860.32470703125
1790789032.3107274,0,0,865.2596435546875,814.2652587890625,1107.07177734375,842.2299194335938
1790789032.3220377,0,0,880.064453125,810.9752807617188,975.4733276367188,860.32470703125
1790789032.3332918,0,0,837.2949829101562,801.1054077148438,830.715087890625,842.2299194335938
1790789032.3445537,0,0,852.0997924804688,796.1704711914062,843.8749389648438,857.0347290039062
1790789032.3556073,0,0,852.0997924804688,796.1704711914062,843.8749389648438,857.0347290039062
1790789032.3668568,0,0,852.0997924804688,796.1704711914062,843.8749389648438,857.0347290039062
1790789032.3781261,0,0,852.0997924804688,796.1704711914062,843.8749389648438,857.0347290039062
1790789032.3894517,0,0,852.0997924804688,796.1704711914062,843.8749389648438,857.0347290039062
1790789032.4004152,0,0,876.7745361328125,804.3953857421875,1014.952880859375,843.8749389648438
1790789032.4116244,0,0,884.9994506835938,804.3953857421875,922.833984375,870.194580078125
1790789032.4233572,0,0,820.84521484375,794.5255126953125,633.3174438476562,861.9697265625
1790789032.434745,0,0,880.064453125,809.330322265625,975.4733276367188,863.6146850585938
1790789032.4460945,0,0,868.5496215820312,807.6853637695312,1028.1126708984375,865.2596435546875
1790789032.4569948,0,0,868.5496215820312,807.6853637695312,1028.1126708984375,865.2596435546875
1790789032.4679346,0,0,868.5496215820312,807.6853637695312,1028.1126708984375,865.2596435546875
1790789032.479154,0,0,868.5496215820312,807.6853637695312,1028.1126708984375,865.2596435546875
1790789032.490378,0,0,868.5496215820312,807.6853637695312,1028.1126708984375,865.2596435546875
1790789032.5020397,0,0,868.5496215820312,807.6853637695312,1028.1126708984375,865.2596435546875
1790789032.5132432,0,0,865.2596435546875,799.46044921875,870.194580078125,853.7448120117188
1790789032.5240011,0,0,883.3544311523438,814.2652587890625,1082.3970947265625,847.1648559570312
1790789032.5350497,0,0,843.8749389648438,802.7504272460938,819.2001953125,845.5198974609375
1790789032.5457215,0,0,853.7448120117188,814.2652587890625,871.839599609375,863.6146850585938
1790789032.5568645,0,0,853.7448120117188,814.2652587890625,871.839599609375,863.6146850585938
1790789032.568407,0,0,853.7448120117188,814.2652587890625,871.839599609375,863.6146850585938
1790789032.5793297,0,0,853.7448120117188,814.2652587890625,871.839599609375,863.6146850585938
1790789032.5905945,0,0,853.7448120117188,814.2652587890625,871.839599609375,863.6146850585938
1790789032.602393,0,0,853.7448120117188,814.2652587890625,871.839599609375,863.6146850585938
1790789032.6136084,0,0,832.3600463867188,809.330322265625,1003.43798828125,840.5849609375
1790789032.6250284,0,0,837.2949829101562,807.6853637695312,845.5198974609375,843.8749389648438
1790789032.636639,0,0,801.1054077148438,799.46044921875,713.9214477539062,840.5849609375
1790789032.6482477,0,0,837.2949829101562,796.1704711914062,819.2001953125,847.1648559570312
1790789032.6595094,0,0,852.0997924804688,814.2652587890625,1082.3970947265625,837.2949829101562
1790789032.6708934,0,0,852.0997924804688,814.2652587890625,1082.3970947265625,837.2949829101562
1790789032.682056,0,0,852.0997924804688,814.2652587890625,1082.3970947265625,837.2949829101562
1790789032.6932223,0,0,852.0997924804688,814.2652587890625,1082.3970947265625,837.2949829101562
1790789032.7042744,0,0,852.0997924804688,814.2652587890625,1082.3970947265625,837.2949829101562
1790789032.7162874,0,0,848.8098754882812,815.9102783203125,1082.3970947265625,830.715087890625
1790789032.72711,0,0,832.3600463867188,806.0403442382812,871.839599609375,835.6500244140625
1790789032.7378833,0,0,850.454833984375,809.330322265625,977.1183471679688,855.3897705078125
1790789032.749464,0,0,847.1648559570312,809.330322265625,1082.3970947265625,843.8749389648438
1790789032.76075,0,0,834.0050048828125,801.1054077148438,977.1183471679688,842.2299194335938
1790789032.7725782,0,0,834.0050048828125,801.1054077148438,977.1183471679688,842.2299194335938
1790789032.7836177,0,0,834.0050048828125,801.1054077148438,977.1183471679688,842.2299194335938
1790789032.794572,0,0,834.0050048828125,801.1054077148438,977.1183471679688,842.2299194335938
1790789032.8056726,0,0,834.0050048828125,801.1054077148438,977.1183471679688,842.2299194335938
1790789032.8170304,0,0,855.3897705078125,799.46044921875,1003.43798828125,843.8749389648438
1790789032.8285863,0,0,855.3897705078125,799.46044921875,1003.43798828125,843.8749389648438
1790789032.8395894,0,0,832.3600463867188,807.6853637695312,977.1183471679688,838.9400024414062
1790789032.851203,0,0,876.7745361328125,806.0403442382812,977.1183471679688,850.454833984375
1790789032.862414,0,0,853.7448120117188,806.0403442382812,1082.3970947265625,848.8098754882812
1790789032.8734999,0,0,888.2893676757812,806.0403442382812,1003.43798828125,870.194580078125
1790789032.8842914,0,0,888.2893676757812,806.0403442382812,1003.43798828125,870.194580078125
1790789032.8959565,0,0,888.2893676757812,806.0403442382812,1003.43798828125,870.194580078125
1790789032.9077268,0,0,888.2893676757812,806.0403442382812,1003.43798828125,870.194580078125
1790789032.9190192,0,0,888.2893676757812,806.0403442382812,1003.43798828125,870.194580078125
1790789032.930032,0,0,888.2893676757812,806.0403442382812,1003.43798828125,870.194580078125
1790789032.9421165,0,0,825.7801513671875,797.8154907226562,766.5608520507812,858.6797485351562
1790789032.9536557,0,0,883.3544311523438,809.330322265625,1003.43798828125,860.32470703125
1790789032.965648,0,0,871.839599609375,812.6203002929688,1108.716796875,855.3897705078125
1790789032.977181,0,0,837.2949829101562,812.6203002929688,1108.716796875,847.1648559570312
1790789032.9890428,0,0,837.2949829101562,812.6203002929688,1108.716796875,847.1648559570312
1790789033.0009997,0,0,837.2949829101562,812.6203002929688,1108.716796875,847.1648559570312
1790789033.011675,0,0,837.2949829101562,812.6203002929688,1108.716796875,847.1648559570312
1790789033.0234654,0,0,837.2949829101562,812.6203002929688,1108.716796875,847.1648559570312
1790789033.0353358,0,0,837.2949829101562,812.6203002929688,1108.716796875,847.1648559570312
1790789033.0462937,0,0,852.0997924804688,796.1704711914062,819.2001953125,855.3897705078125
1790789033.057433,0,0,866.9046630859375,827.4251098632812,1240.315185546875,843.8749389648438
1790789033.0684617,0,0,845.5198974609375,817.5552368164062,1082.3970947265625,838.9400024414062
1790789033.0792663,0,0,871.839599609375,812.6203002929688,812.6203002929688,850.454833984375
1790789033.090133,0,0,829.070068359375,819.2001953125,917.8990478515625,845.5198974609375
1790789033.1015027,0,0,881.70947265625,809.330322265625,865.2596435546875,850.454833984375
1790789033.112735,0,0,878.4194946289062,801.1054077148438,759.9808959960938,857.0347290039062
1790789033.1243837,0,0,807.6853637695312,794.5255126953125,602.0628051757812,845.5198974609375
1790789033.135887,0,0,860.32470703125,797.8154907226562,786.3005981445312,857.0347290039062
1790789033.1469564,0,0,860.32470703125,797.8154907226562,786.3005981445312,857.0347290039062
1790789033.1578822,0,0,860.32470703125,797.8154907226562,786.3005981445312,857.0347290039062
1790789033.169006,0,0,860.32470703125,797.8154907226562,786.3005981445312,857.0347290039062
1790789033.1803167,0,0,860.32470703125,797.8154907226562,786.3005981445312,857.0347290039062
1790789033.1913085,0,0,804.3953857421875,794.5255126953125,628.3825073242188,840.5849609375
1790789033.20289,0,0,845.5198974609375,794.5255126953125,707.341552734375,852.0997924804688
1790789033.2138636,0,0,842.2299194335938,797.8154907226562,759.9808959960938,848.8098754882812
1790789033.2254174,0,0,822.4901733398438,806.0403442382812,838.9400024414062,848.8098754882812
1790789033.2363594,0,0,865.2596435546875,812.6203002929688,891.579345703125,847.1648559570312
1790789033.2476244,0,0,865.2596435546875,812.6203002929688,891.579345703125,847.1648559570312
1790789033.2585034,0,0,865.2596435546875,812.6203002929688,891.579345703125,847.1648559570312
1790789033.2695951,0,0,865.2596435546875,812.6203002929688,891.579345703125,847.1648559570312
1790789033.2812836,0,0,865.2596435546875,812.6203002929688,891.579345703125,847.1648559570312
1790789033.2923303,0,0,850.454833984375,806.0403442382812,865.2596435546875,835.6500244140625
1790789033.3039172,0,0,847.1648559570312,801.1054077148438,602.0628051757812,853.7448120117188
1790789033.314955,0,0,820.84521484375,812.6203002929688,681.0218505859375,848.8098754882812
1790789033.326577,0,0,883.3544311523438,810.9752807617188,707.341552734375,860.32470703125
1790789033.3374236,0,0,883.3544311523438,810.9752807617188,707.341552734375,860.32470703125
1790789033.3487556,0,0,883.3544311523438,810.9752807617188,707.341552734375,860.32470703125
1790789033.3596735,0,0,883.3544311523438,810.9752807617188,707.341552734375,860.32470703125
1790789033.3708217,0,0,883.3544311523438,810.9752807617188,707.341552734375,860.32470703125
1790789033.3817961,0,0,883.3544311523438,810.9752807617188,707.341552734375,860.32470703125
1790789033.3929996,0,0,876.7745361328125,829.070068359375,865.2596435546875,857.0347290039062
1790789033.4045217,0,0,861.9697265625,810.9752807617188,523.103759765625,858.6797485351562
1790789033.4156184,0,0,855.3897705078125,815.9102783203125,838.9400024414062,832.3600463867188
1790789033.426606,0,0,871.839599609375,809.330322265625,575.7431030273438,857.0347290039062
1790789033.437497,0,0,871.839599609375,809.330322265625,575.7431030273438,857.0347290039062
1790789033.448336,0,0,871.839599609375,809.330322265625,575.7431030273438,857.0347290039062
1790789033.4591088,0,0,871.839599609375,809.330322265625,575.7431030273438,857.0347290039062
1790789033.470426,0,0,871.839599609375,809.330322265625,575.7431030273438,857.0347290039062
1790789033.4814503,0,0,878.4194946289062,814.2652587890625,628.3825073242188,861.9697265625
1790789033.4921277,0,0,866.9046630859375,806.0403442382812,496.7840576171875,855.3897705078125
1790789033.5031703,0,0,855.3897705078125,817.5552368164062,812.6203002929688,840.5849609375
1790789033.5143957,1,0,845.5198974609375,810.9752807617188,602.0628051757812,835.6500244140625
1790789033.5252934,1,0,871.839599609375,804.3953857421875,496.7840576171875,855.3897705078125
1790789033.5367188,1,0,871.839599609375,804.3953857421875,496.7840576171875,855.3897705078125
1790789033.5478282,1,0,871.839599609375,804.3953857421875,496.7840576171875,855.3897705078125
1790789033.5589194,1,0,871.839599609375,804.3953857421875,496.7840576171875,855.3897705078125
1790789033.5708256,1,0,871.839599609375,804.3953857421875,496.7840576171875,855.3897705078125
1790789033.5819535,1,0,871.839599609375,804.3953857421875,496.7840576171875,855.3897705078125
1790789033.5931187,1,0,863.6146850585938,812.6203002929688,602.0628051757812,860.32470703125
1790789033.6045115,1,0,863.6146850585938,812.6203002929688,602.0628051757812,860.32470703125
1790789033.615373,1,0,815.9102783203125,809.330322265625,391.50531005859375,848.8098754882812
1790789033.6261177,1,0,871.839599609375,824.1351318359375,733.6612548828125,842.2299194335938
1790789033.6374633,1,0,861.9697265625,812.6203002929688,801.1054077148438,847.1648559570312
1790789033.6484618,1,0,898.1592407226562,819.2001953125,906.3841552734375,852.0997924804688
1790789033.6595123,1,0,898.1592407226562,819.2001953125,906.3841552734375,852.0997924804688
1790789033.6708796,1,0,898.1592407226562,819.2001953125,906.3841552734375,852.0997924804688
1790789033.6819613,1,0,898.1592407226562,819.2001953125,906.3841552734375,852.0997924804688
1790789033.6929438,1,0,898.1592407226562,819.2001953125,906.3841552734375,852.0997924804688
1790789033.7045474,1,0,898.1592407226562,819.2001953125,906.3841552734375,852.0997924804688
1790789033.7160482,1,0,852.0997924804688,802.7504272460938,537.9085693359375,850.454833984375
1790789033.7269297,1,0,848.8098754882812,812.6203002929688,827.4251098632812,847.1648559570312
1790789033.73792,1,0,904.7391967773438,814.2652587890625,906.3841552734375,852.0997924804688
1790789033.7492404,1,0,842.2299194335938,814.2652587890625,801.1054077148438,848.8098754882812
1790789033.7602608,1,0,863.6146850585938,801.1054077148438,616.8676147460938,865.2596435546875
1790789033.7712274,1,0,863.6146850585938,801.1054077148438,616.8676147460938,865.2596435546875
1790789033.7828872,1,0,863.6146850585938,801.1054077148438,616.8676147460938,865.2596435546875
1790789033.7939632,1,0,863.6146850585938,801.1054077148438,616.8676147460938,865.2596435546875
1790789033.8050184,1,0,863.6146850585938,801.1054077148438,616.8676147460938,865.2596435546875
1790789033.8157258,1,0,863.6146850585938,801.1054077148438,616.8676147460938,865.2596435546875
1790789033.8268452,1,0,863.6146850585938,801.1054077148438,616.8676147460938,865.2596435546875
1790789033.8394964,1,0,838.9400024414062,817.5552368164062,669.5070190429688,855.3897705078125
1790789033.8507195,1,0,878.4194946289062,814.2652587890625,801.1054077148438,852.0997924804688
1790789033.8615384,1,0,893.2243041992188,822.4901733398438,906.3841552734375,861.9697265625
1790789033.872525,1,0,863.6146850585938,820.84521484375,774.7857666015625,850.454833984375
1790789033.8838506,1,0,883.3544311523438,820.84521484375,774.7857666015625,855.3897705078125
1790789033.8948226,1,0,866.9046630859375,801.1054077148438,537.9085693359375,853.7448120117188
1790789033.9068167,1,0,866.9046630859375,801.1054077148438,537.9085693359375,853.7448120117188
1790789033.9191346,1,0,866.9046630859375,801.1054077148438,537.9085693359375,853.7448120117188
1790789033.9302762,1,0,866.9046630859375,801.1054077148438,537.9085693359375,853.7448120117188
1790789033.9414778,1,0,866.9046630859375,801.1054077148438,537.9085693359375,853.7448120117188
1790789033.952599,1,0,848.8098754882812,807.6853637695312,643.1873168945312,842.2299194335938
1790789033.9637575,1,0,860.32470703125,806.0403442382812,669.5070190429688,838.9400024414062
1790789033.9750013,1,0,855.3897705078125,817.5552368164062,722.1463623046875,847.1648559570312
1790789033.9863255,1,0,861.9697265625,806.0403442382812,695.82666015625,847.1648559570312
1790789033.9977715,1,0,888.2893676757812,802.7504272460938,748.466064453125,858.6797485351562
1790789034.0084321,1,0,888.2893676757812,802.7504272460938,748.466064453125,858.6797485351562
1790789034.0194643,1,0,888.2893676757812,802.7504272460938,748.466064453125,858.6797485351562
1790789034.0305152,1,0,888.2893676757812,802.7504272460938,748.466064453125,858.6797485351562
1790789034.0415804,1,0,888.2893676757812,802.7504272460938,748.466064453125,858.6797485351562
1790789034.052417,1,0,843.8749389648438,809.330322265625,827.4251098632812,834.0050048828125
1790789034.0638638,1,0,857.0347290039062,802.7504272460938,616.8676147460938,848.8098754882812
1790789034.0750902,1,0,857.0347290039062,802.7504272460938,616.8676147460938,848.8098754882812
1790789034.0866153,1,0,878.4194946289062,794.5255126953125,722.1463623046875,853.7448120117188
1790789034.0980408,1,0,830.715087890625,812.6203002929688,748.466064453125,835.6500244140625
1790789034.1094925,1,0,884.9994506835938,809.330322265625,959.0235595703125,853.7448120117188
1790789034.121093,1,0,884.9994506835938,809.330322265625,959.0235595703125,853.7448120117188
1790789034.132139,1,0,884.9994506835938,809.330322265625,959.0235595703125,853.7448120117188
1790789034.1430933,1,0,884.9994506835938,809.330322265625,959.0235595703125,853.7448120117188
1790789034.1548128,1,0,884.9994506835938,809.330322265625,959.0235595703125,853.7448120117188
1790789034.1663332,1,0,868.5496215820312,797.8154907226562,774.7857666015625,858.6797485351562
1790789034.1776147,1,0,865.2596435546875,806.0403442382812,853.7448120117188,845.5198974609375
1790789034.1889431,1,0,845.5198974609375,815.9102783203125,985.3432006835938,838.9400024414062
1790789034.199948,1,0,847.1648559570312,810.9752807617188,827.4251098632812,848.8098754882812
1790789034.211538,1,0,837.2949829101562,807.6853637695312,880.064453125,835.6500244140625
1790789034.223201,1,0,873.4845581054688,812.6203002929688,932.703857421875,855.3897705078125
1790789034.235307,1,0,829.070068359375,806.0403442382812,801.1054077148438,827.4251098632812
1790789034.2465408,1,0,870.194580078125,819.2001953125,1011.6629028320312,837.2949829101562
1790789034.2579195,1,0,870.194580078125,819.2001953125,1011.6629028320312,837.2949829101562
1790789034.2697809,1,0,870.194580078125,819.2001953125,1011.6629028320312,837.2949829101562
1790789034.2809515,1,0,870.194580078125,819.2001953125,1011.6629028320312,837.2949829101562
1790789034.2919862,1,0,870.194580078125,819.2001953125,1011.6629028320312,837.2949829101562
1790789034.303835,1,0,870.194580078125,819.2001953125,1011.6629028320312,837.2949829101562
1790789034.314834,1,0,847.1648559570312,809.330322265625,774.7857666015625,858.6797485351562
1790789034.3261225,1,0,883.3544311523438,814.2652587890625,959.0235595703125,858.6797485351562
1790789034.337408,1,0,883.3544311523438,814.2652587890625,959.0235595703125,858.6797485351562
1790789034.3489106,1,0,883.3544311523438,814.2652587890625,959.0235595703125,858.6797485351562
1790789034.3598723,1,0,883.3544311523438,814.2652587890625,959.0235595703125,858.6797485351562
1790789034.3718054,1,0,883.3544311523438,814.2652587890625,959.0235595703125,858.6797485351562
1790789034.3833663,1,0,883.3544311523438,814.2652587890625,959.0235595703125,858.6797485351562
1790789034.3946288,1,0,866.9046630859375,809.330322265625,853.7448120117188,848.8098754882812
1790789034.406299,1,0,855.3897705078125,804.3953857421875,722.1463623046875,840.5849609375
1790789034.4172883,1,0,855.3897705078125,804.3953857421875,722.1463623046875,840.5849609375
1790789034.4281795,1,0,860.32470703125,802.7504272460938,827.4251098632812,832.3600463867188
1790789034.439241,1,0,853.7448120117188,809.330322265625,801.1054077148438,835.6500244140625
1790789034.4504733,1,0,857.0347290039062,820.84521484375,1011.6629028320312,837.2949829101562
1790789034.4616504,1,0,861.9697265625,792.8805541992188,748.466064453125,853.7448120117188
1790789034.4727144,1,0,861.9697265625,792.8805541992188,748.466064453125,853.7448120117188
1790789034.483855,1,0,861.9697265625,792.8805541992188,748.466064453125,853.7448120117188
1790789034.4949858,1,0,861.9697265625,792.8805541992188,748.466064453125,853.7448120117188
1790789034.5060344,1,0,861.9697265625,792.8805541992188,748.466064453125,853.7448120117188
1790789034.5172067,1,0,861.9697265625,792.8805541992188,748.466064453125,853.7448120117188
1790789034.52843,1,0,861.9697265625,792.8805541992188,748.466064453125,853.7448120117188
1790789034.5394049,1,0,876.7745361328125,810.9752807617188,1011.6629028320312,860.32470703125
1790789034.5507689,1,0,837.2949829101562,801.1054077148438,853.7448120117188,852.0997924804688
1790789034.561906,1,0,865.2596435546875,807.6853637695312,827.4251098632812,863.6146850585938
1790789034.5739386,1,0,865.2596435546875,807.6853637695312,827.4251098632812,863.6146850585938
1790789034.5859785,1,0,865.2596435546875,807.6853637695312,827.4251098632812,863.6146850585938
1790789034.5984383,1,0,878.4194946289062,809.330322265625,880.064453125,865.2596435546875
1790789034.6095207,1,0,873.4845581054688,804.3953857421875,827.4251098632812,865.2596435546875
1790789034.621301,1,0,884.9994506835938,806.0403442382812,906.3841552734375,868.5496215820312
1790789034.6324265,1,0,889.9343872070312,829.070068359375,1090.6219482421875,853.7448120117188
1790789034.6436784,1,0,880.064453125,822.4901733398438,985.3432006835938,847.1648559570312
1790789034.6550782,1,0,880.064453125,822.4901733398438,985.3432006835938,847.1648559570312
1790789034.66676,1,0,880.064453125,822.4901733398438,985.3432006835938,847.1648559570312
1790789034.6774716,1,0,880.064453125,822.4901733398438,985.3432006835938,847.1648559570312
1790789034.6887739,1,0,880.064453125,822.4901733398438,985.3432006835938,847.1648559570312
1790789034.6999278,1,0,834.0050048828125,834.0050048828125,695.82666015625,835.6500244140625
1790789034.7107725,1,0,870.194580078125,837.2949829101562,1116.941650390625,840.5849609375
1790789034.7217057,1,0,776.4307250976562,893.2243041992188,695.82666015625,817.5552368164062
1790789034.7326722,1,0,776.4307250976562,880.064453125,932.703857421875,774.7857666015625
1790789034.743851,1,0,781.3656616210938,857.0347290039062,748.466064453125,786.3005981445312
1790789034.7546158,1,0,781.3656616210938,857.0347290039062,748.466064453125,786.3005981445312
1790789034.766695,1,0,781.3656616210938,857.0347290039062,748.466064453125,786.3005981445312
1790789034.7779305,1,0,781.3656616210938,857.0347290039062,748.466064453125,786.3005981445312
1790789034.7895634,1,0,766.5608520507812,812.6203002929688,853.7448120117188,787.945556640625
1790789034.800993,1,0,822.4901733398438,898.1592407226562,906.3841552734375,825.7801513671875
1790789034.8120308,1,0,832.3600463867188,929.4138793945312,959.0235595703125,843.8749389648438
1790789034.8227804,1,0,827.4251098632812,931.0588989257812,820.84521484375,838.9400024414062
1790789034.8336158,1,0,815.9102783203125,957.3785400390625,899.8042602539062,832.3600463867188
1790789034.8447433,1,0,855.3897705078125,965.6034545898438,899.8042602539062,838.9400024414062
1790789034.8558393,1,0,855.3897705078125,965.6034545898438,899.8042602539062,838.9400024414062
1790789034.8668206,1,0,855.3897705078125,965.6034545898438,899.8042602539062,838.9400024414062
1790789034.8775082,1,0,855.3897705078125,965.6034545898438,899.8042602539062,838.9400024414062
1790789034.8885064,1,0,855.3897705078125,965.6034545898438,899.8042602539062,838.9400024414062
1790789034.899973,1,0,827.4251098632812,947.5086669921875,689.2467651367188,860.32470703125
1790789034.91111,1,0,850.454833984375,934.3488159179688,873.4845581054688,850.454833984375
1790789034.9226553,1,0,817.5552368164062,922.833984375,873.4845581054688,857.0347290039062
1790789034.9338813,1,0,830.715087890625,868.5496215820312,978.7633056640625,842.2299194335938
1790789034.9446964,1,0,824.1351318359375,843.8749389648438,768.205810546875,858.6797485351562
1790789034.9565086,1,0,824.1351318359375,843.8749389648438,768.205810546875,858.6797485351562
1790789034.9678056,1,0,824.1351318359375,843.8749389648438,768.205810546875,858.6797485351562
1790789034.979079,1,0,824.1351318359375,843.8749389648438,768.205810546875,858.6797485351562
1790789034.9902542,1,0,824.1351318359375,843.8749389648438,768.205810546875,858.6797485351562
1790789035.0015168,1,0,824.1351318359375,843.8749389648438,768.205810546875,858.6797485351562
1790789035.0128627,1,0,814.2652587890625,853.7448120117188,873.4845581054688,847.1648559570312
1790789035.0248344,1,0,812.6203002929688,827.4251098632812,794.5255126953125,863.6146850585938
1790789035.036126,1,0,822.4901733398438,616.8676147460938,899.8042602539062,876.7745361328125
1790789035.0473394,1,0,881.70947265625,582.3230590820312,926.1239624023438,884.9994506835938
1790789035.0584629,1,0,881.70947265625,582.3230590820312,926.1239624023438,884.9994506835938
1790789035.0693414,1,0,881.70947265625,582.3230590820312,926.1239624023438,884.9994506835938
1790789035.0803978,1,0,881.70947265625,582.3230590820312,926.1239624023438,884.9994506835938
1790789035.0916681,1,0,881.70947265625,582.3230590820312,926.1239624023438,884.9994506835938
1790789035.1035454,1,0,848.8098754882812,582.3230590820312,847.1648559570312,888.2893676757812
1790789035.115101,1,0,875.1295166015625,625.092529296875,899.8042602539062,871.839599609375
1790789035.1262574,1,0,886.6444091796875,631.6724243164062,636.607421875,891.579345703125
1790789035.1373837,1,0,880.064453125,648.1222534179688,715.5664672851562,886.6444091796875
1790789035.14882,1,0,883.3544311523438,669.5070190429688,610.2877197265625,880.064453125
1790789035.1601882,1,0,883.3544311523438,669.5070190429688,610.2877197265625,880.064453125
1790789035.1714706,1,0,883.3544311523438,669.5070190429688,610.2877197265625,880.064453125
1790789035.1824534,1,0,883.3544311523438,669.5070190429688,610.2877197265625,880.064453125
1790789035.1938741,1,0,883.3544311523438,669.5070190429688,610.2877197265625,880.064453125
1790789035.2051787,1,0,926.1239624023438,689.2467651367188,847.1648559570312,886.6444091796875
1790789035.2162051,1,0,870.194580078125,700.7615966796875,426.0498962402344,876.7745361328125
1790789035.2270184,1,0,870.194580078125,700.7615966796875,426.0498962402344,876.7745361328125
1790789035.2378278,1,0,870.194580078125,718.8563842773438,557.6483154296875,865.2596435546875
1790789035.249117,1,0,853.7448120117188,735.3062133789062,426.0498962402344,866.9046630859375
1790789035.2634456,1,0,853.7448120117188,735.3062133789062,426.0498962402344,866.9046630859375
1790789035.2758448,1,0,888.2893676757812,753.4010009765625,557.6483154296875,883.3544311523438
1790789035.2881098,1,0,878.4194946289062,776.4307250976562,452.3695983886719,850.454833984375
1790789035.2996597,1,0,852.0997924804688,791.2355346679688,610.2877197265625,843.8749389648438
1790789035.3111846,1,0,820.84521484375,779.720703125,347.0908508300781,840.5849609375
1790789035.3224607,1,0,830.715087890625,789.590576171875,373.4105529785156,837.2949829101562
1790789035.3345523,1,0,829.070068359375,783.0106201171875,189.17274475097656,838.9400024414062
1790789035.3455145,1,0,829.070068359375,783.0106201171875,189.17274475097656,838.9400024414062
1790789035.3567998,1,0,829.070068359375,783.0106201171875,189.17274475097656,838.9400024414062
1790789035.3686807,1,0,835.6500244140625,787.945556640625,399.730224609375,850.454833984375
1790789035.381502,1,0,886.6444091796875,796.1704711914062,505.00897216796875,857.0347290039062
1790789035.3930159,1,0,835.6500244140625,784.6556396484375,824.1351318359375,838.9400024414062
1790789035.4047985,1,0,857.0347290039062,786.3005981445312,797.8154907226562,858.6797485351562
1790789035.4160173,1,0,852.0997924804688,787.945556640625,745.1760864257812,852.0997924804688
1790789035.427286,1,0,852.0997924804688,787.945556640625,745.1760864257812,852.0997924804688
1790789035.4382,1,0,852.0997924804688,787.945556640625,745.1760864257812,852.0997924804688
1790789035.4488246,1,0,852.0997924804688,787.945556640625,745.1760864257812,852.0997924804688
1790789035.4595008,1,0,852.0997924804688,787.945556640625,745.1760864257812,852.0997924804688
1790789035.4706402,1,0,852.0997924804688,787.945556640625,745.1760864257812,852.0997924804688
1790789035.4824333,1,0,873.4845581054688,797.8154907226562,929.4138793945312,855.3897705078125
1790789035.4941213,1,0,855.3897705078125,787.945556640625,955.7335815429688,845.5198974609375
1790789035.505487,1,0,875.1295166015625,802.7504272460938,903.09423828125,845.5198974609375
1790789035.51705,1,0,845.5198974609375,845.5198974609375,1139.971435546875,814.2652587890625
1790789035.5284789,1,0,845.5198974609375,845.5198974609375,1139.971435546875,814.2652587890625
1790789035.5396376,1,0,845.5198974609375,845.5198974609375,1139.971435546875,814.2652587890625
1790789035.550509,1,0,845.5198974609375,845.5198974609375,1139.971435546875,814.2652587890625
1790789035.5615025,1,0,855.3897705078125,837.2949829101562,850.454833984375,797.8154907226562
1790789035.5726597,1,0,730.3712768554688,843.8749389648438,666.217041015625,713.9214477539062
1790789035.5836968,1,0,707.341552734375,866.9046630859375,1008.3729248046875,656.34716796875
1790789035.594589,1,0,730.3712768554688,868.5496215820312,1034.692626953125,720.5014038085938
1790789035.6056557,1,0,784.6556396484375,837.2949829101562,929.4138793945312,746.8211059570312
1790789035.617057,1,0,829.070068359375,825.7801513671875,876.7745361328125,809.330322265625
1790789035.628054,1,0,829.070068359375,825.7801513671875,876.7745361328125,809.330322265625
1790789035.6390638,1,0,829.070068359375,825.7801513671875,876.7745361328125,809.330322265625
1790789035.6502092,0,0,829.070068359375,825.7801513671875,876.7745361328125,809.330322265625
1790789035.661614,0,0,829.070068359375,825.7801513671875,876.7745361328125,809.330322265625
1790789035.6728191,0,0,903.09423828125,799.46044921875,929.4138793945312,896.5142822265625
1790789035.683736,0,0,893.2243041992188,781.3656616210938,745.1760864257812,898.1592407226562
1790789035.6946907,0,0,921.18896484375,791.2355346679688,797.8154907226562,896.5142822265625
1790789035.7055542,0,0,921.18896484375,791.2355346679688,797.8154907226562,896.5142822265625
1790789035.716931,0,0,921.18896484375,791.2355346679688,797.8154907226562,896.5142822265625
1790789035.7276254,0,0,921.18896484375,791.2355346679688,797.8154907226562,896.5142822265625
1790789035.7388973,0,0,921.18896484375,791.2355346679688,797.8154907226562,896.5142822265625
1790789035.7497065,0,0,935.9938354492188,781.3656616210938,745.1760864257812,911.319091796875
1790789035.76091,0,0,893.2243041992188,789.590576171875,771.4957885742188,884.9994506835938
1790789035.7718074,0,0,901.44921875,781.3656616210938,666.217041015625,904.7391967773438
1790789035.7828443,0,0,881.70947265625,787.945556640625,718.8563842773438,884.9994506835938
1790789035.7936537,0,0,921.18896484375,786.3005981445312,850.454833984375,888.2893676757812
1790789035.8047767,0,0,881.70947265625,804.3953857421875,876.7745361328125,881.70947265625
1790789035.8159313,0,0,870.194580078125,797.8154907226562,666.217041015625,873.4845581054688
1790789035.8274307,0,0,870.194580078125,797.8154907226562,666.217041015625,873.4845581054688
1790789035.8390987,0,0,870.194580078125,797.8154907226562,666.217041015625,873.4845581054688
1790789035.8499563,0,0,870.194580078125,797.8154907226562,666.217041015625,873.4845581054688
1790789035.8611932,0,0,870.194580078125,797.8154907226562,666.217041015625,873.4845581054688
1790789035.8720903,0,0,876.7745361328125,806.0403442382812,929.4138793945312,875.1295166015625
1790789035.8837314,0,0,868.5496215820312,814.2652587890625,771.4957885742188,873.4845581054688
1790789035.8949804,0,0,893.2243041992188,829.070068359375,929.4138793945312,868.5496215820312
1790789035.906223,0,0,852.0997924804688,822.4901733398438,824.1351318359375,850.454833984375
1790789035.9173672,0,0,853.7448120117188,825.7801513671875,771.4957885742188,860.32470703125
1790789035.928136,0,0,853.7448120117188,825.7801513671875,771.4957885742188,860.32470703125
1790789035.9393728,0,0,853.7448120117188,825.7801513671875,771.4957885742188,860.32470703125
1790789035.950494,0,0,853.7448120117188,825.7801513671875,771.4957885742188,860.32470703125
1790789035.961515,0,0,853.7448120117188,825.7801513671875,771.4957885742188,860.32470703125
1790789035.9728143,0,0,878.4194946289062,835.6500244140625,886.6444091796875,863.6146850585938
1790789035.9838934,0,0,898.1592407226562,820.84521484375,886.6444091796875,853.7448120117188
1790789035.9946291,0,0,866.9046630859375,819.2001953125,755.0459594726562,847.1648559570312
1790789036.005663,0,0,866.9046630859375,819.2001953125,755.0459594726562,847.1648559570312
1790789036.0166354,0,0,866.9046630859375,819.2001953125,755.0459594726562,847.1648559570312
1790789036.0274813,0,0,866.9046630859375,819.2001953125,755.0459594726562,847.1648559570312
1790789036.039031,0,0,866.9046630859375,819.2001953125,755.0459594726562,847.1648559570312
1790789036.0501964,0,0,866.9046630859375,819.2001953125,755.0459594726562,847.1648559570312
1790789036.0615244,0,0,832.3600463867188,829.070068359375,886.6444091796875,842.2299194335938
1790789036.0724823,0,0,880.064453125,819.2001953125,702.4066162109375,863.6146850585938
1790789036.083753,0,0,857.0347290039062,817.5552368164062,939.2837524414062,842.2299194335938
1790789036.09513,0,0,884.9994506835938,815.9102783203125,1018.2428588867188,853.7448120117188
1790789036.1058867,0,0,884.9994506835938,822.4901733398438,1044.5625,848.8098754882812
1790789036.1174543,0,0,865.2596435546875,807.6853637695312,781.3656616210938,837.2949829101562
1790789036.128681,0,0,865.2596435546875,807.6853637695312,781.3656616210938,837.2949829101562
1790789036.1395218,0,0,865.2596435546875,807.6853637695312,781.3656616210938,837.2949829101562
1790789036.1509633,0,0,865.2596435546875,807.6853637695312,781.3656616210938,837.2949829101562
1790789036.1622365,0,0,865.2596435546875,807.6853637695312,781.3656616210938,837.2949829101562
1790789036.172917,0,0,825.7801513671875,810.9752807617188,912.964111328125,848.8098754882812
1790789036.1841314,0,0,866.9046630859375,822.4901733398438,781.3656616210938,871.839599609375
1790789036.1950526,0,0,832.3600463867188,824.1351318359375,965.6034545898438,852.0997924804688
1790789036.20588,0,0,871.839599609375,832.3600463867188,1176.160888671875,855.3897705078125
1790789036.2165556,0,0,853.7448120117188,814.2652587890625,912.964111328125,847.1648559570312
1790789036.2278879,0,0,853.7448120117188,814.2652587890625,912.964111328125,847.1648559570312
1790789036.2397356,0,0,853.7448120117188,814.2652587890625,912.964111328125,847.1648559570312
1790789036.250826,0,0,853.7448120117188,814.2652587890625,912.964111328125,847.1648559570312
1790789036.261948,0,0,853.7448120117188,814.2652587890625,912.964111328125,847.1648559570312
1790789036.2732375,0,0,880.064453125,822.4901733398438,1018.2428588867188,858.6797485351562
1790789036.2841828,0,0,866.9046630859375,827.4251098632812,1044.5625,860.32470703125
1790789036.2953174,0,0,840.5849609375,814.2652587890625,1070.8822021484375,850.454833984375
1790789036.3065064,0,0,883.3544311523438,822.4901733398438,1255.1199951171875,858.6797485351562
1790789036.3177116,0,0,858.6797485351562,819.2001953125,1176.160888671875,840.5849609375
1790789036.3286388,0,0,858.6797485351562,819.2001953125,1176.160888671875,840.5849609375
1790789036.3393042,0,0,858.6797485351562,819.2001953125,1176.160888671875,840.5849609375
1790789036.3503397,0,0,858.6797485351562,819.2001953125,1176.160888671875,840.5849609375
1790789036.3614194,0,0,858.6797485351562,819.2001953125,1176.160888671875,840.5849609375
1790789036.3728957,0,0,857.0347290039062,802.7504272460938,991.9231567382812,853.7448120117188
1790789036.3840876,0,0,845.5198974609375,819.2001953125,1307.7593994140625,852.0997924804688
1790789036.395292,0,0,861.9697265625,819.2001953125,1228.80029296875,837.2949829101562
1790789036.406825,0,0,855.3897705078125,817.5552368164062,1228.80029296875,853.7448120117188
1790789036.4181046,0,0,866.9046630859375,810.9752807617188,1149.84130859375,865.2596435546875
1790789036.4292037,0,0,843.8749389648438,827.4251098632812,1360.3988037109375,848.8098754882812
1790789036.4404993,0,0,843.8749389648438,827.4251098632812,1360.3988037109375,848.8098754882812
1790789036.451525,0,0,843.8749389648438,827.4251098632812,1360.3988037109375,848.8098754882812
1790789036.4629765,0,0,843.8749389648438,827.4251098632812,1360.3988037109375,848.8098754882812
1790789036.474146,0,0,843.8749389648438,827.4251098632812,1360.3988037109375,848.8098754882812
1790789036.4859157,0,0,843.8749389648438,827.4251098632812,1360.3988037109375,848.8098754882812
1790789036.4969604,0,0,845.5198974609375,830.715087890625,1439.3577880859375,838.9400024414062
1790789036.5079007,0,0,865.2596435546875,825.7801513671875,1518.31689453125,845.5198974609375
1790789036.5190368,0,0,860.32470703125,822.4901733398438,1334.0791015625,848.8098754882812
1790789036.5305007,0,0,860.32470703125,822.4901733398438,1334.0791015625,848.8098754882812
1790789036.5423026,0,0,860.32470703125,822.4901733398438,1334.0791015625,848.8098754882812
1790789036.5531628,0,0,860.32470703125,822.4901733398438,1334.0791015625,848.8098754882812
1790789036.5639381,0,0,860.32470703125,822.4901733398438,1334.0791015625,848.8098754882812
1790789036.575237,0,0,860.32470703125,822.4901733398438,1334.0791015625,848.8098754882812
1790789036.5861192,0,0,863.6146850585938,832.3600463867188,1544.6365966796875,850.454833984375
1790789036.5975778,0,0,850.454833984375,827.4251098632812,784.6556396484375,850.454833984375
1790789036.608854,0,0,865.2596435546875,843.8749389648438,1047.8525390625,847.1648559570312
1790789036.6199574,0,0,852.0997924804688,830.715087890625,810.9752807617188,835.6500244140625
1790789036.6316829,0,0,848.8098754882812,829.070068359375,837.2949829101562,845.5198974609375
1790789036.6428878,0,0,848.8098754882812,829.070068359375,837.2949829101562,845.5198974609375
1790789036.654325,0,0,848.8098754882812,829.070068359375,837.2949829101562,845.5198974609375
1790789036.6651325,0,0,848.8098754882812,829.070068359375,837.2949829101562,845.5198974609375
1790789036.6759326,0,0,848.8098754882812,829.070068359375,837.2949829101562,845.5198974609375
1790789036.6871002,0,0,848.8098754882812,829.070068359375,837.2949829101562,845.5198974609375
1790789036.6986642,0,0,848.8098754882812,829.070068359375,837.2949829101562,845.5198974609375
1790789036.7098744,0,0,832.3600463867188,827.4251098632812,653.0571899414062,843.8749389648438
1790789036.7210445,0,0,850.454833984375,827.4251098632812,784.6556396484375,847.1648559570312
1790789036.7321863,0,0,842.2299194335938,834.0050048828125,837.2949829101562,840.5849609375
1790789036.7430935,0,0,838.9400024414062,825.7801513671875,653.0571899414062,842.2299194335938
1790789036.754051,0,0,838.9400024414062,825.7801513671875,653.0571899414062,842.2299194335938
1790789036.7654166,0,0,838.9400024414062,825.7801513671875,653.0571899414062,842.2299194335938
1790789036.7761712,0,0,838.9400024414062,825.7801513671875,653.0571899414062,842.2299194335938
1790789036.7875843,0,0,838.9400024414062,825.7801513671875,653.0571899414062,842.2299194335938
1790789036.7993298,0,0,838.9400024414062,825.7801513671875,653.0571899414062,842.2299194335938
1790789036.8104444,0,0,842.2299194335938,817.5552368164062,679.3768920898438,842.2299194335938
1790789036.8217769,0,0,853.7448120117188,824.1351318359375,732.0162353515625,842.2299194335938
1790789036.8339145,0,0,868.5496215820312,834.0050048828125,784.6556396484375,853.7448120117188
1790789036.8449452,0,0,848.8098754882812,835.6500244140625,889.9343872070312,848.8098754882812
1790789036.8557954,0,0,857.0347290039062,824.1351318359375,732.0162353515625,853.7448120117188
1790789036.8673131,0,0,860.32470703125,832.3600463867188,732.0162353515625,852.0997924804688
1790789036.8783147,0,0,860.32470703125,832.3600463867188,732.0162353515625,852.0997924804688
1790789036.88923,0,0,860.32470703125,832.3600463867188,732.0162353515625,852.0997924804688
1790789036.899949,0,0,860.32470703125,832.3600463867188,732.0162353515625,852.0997924804688
1790789036.9111388,0,0,860.32470703125,832.3600463867188,732.0162353515625,852.0997924804688
1790789036.9220805,0,0,847.1648559570312,830.715087890625,732.0162353515625,858.6797485351562
1790789036.9331126,0,0,857.0347290039062,834.0050048828125,863.6146850585938,840.5849609375
1790789036.943948,0,0,847.1648559570312,820.84521484375,626.7374877929688,837.2949829101562
1790789036.955357,0,0,827.4251098632812,812.6203002929688,574.09814453125,837.2949829101562
1790789036.9666371,0,0,827.4251098632812,812.6203002929688,574.09814453125,837.2949829101562
1790789036.9775686,0,0,827.4251098632812,812.6203002929688,574.09814453125,837.2949829101562
1790789036.9887862,0,0,827.4251098632812,812.6203002929688,574.09814453125,837.2949829101562
1790789036.9997535,0,0,827.4251098632812,812.6203002929688,574.09814453125,837.2949829101562
1790789037.0109835,0,0,827.4251098632812,812.6203002929688,574.09814453125,837.2949829101562
1790789037.0220737,0,0,875.1295166015625,829.070068359375,810.9752807617188,825.7801513671875
1790789037.0336938,0,0,850.454833984375,825.7801513671875,732.0162353515625,852.0997924804688
1790789037.0447192,0,0,873.4845581054688,829.070068359375,863.6146850585938,847.1648559570312
1790789037.0557325,0,0,829.070068359375,815.9102783203125,574.09814453125,842.2299194335938
1790789037.0665503,0,0,848.8098754882812,835.6500244140625,942.57373046875,847.1648559570312
1790789037.0778966,0,0,848.8098754882812,835.6500244140625,942.57373046875,847.1648559570312
1790789037.0890126,0,0,848.8098754882812,835.6500244140625,942.57373046875,847.1648559570312
1790789037.1000268,0,0,848.8098754882812,835.6500244140625,942.57373046875,847.1648559570312
1790789037.1119907,0,0,848.8098754882812,835.6500244140625,942.57373046875,847.1648559570312
1790789037.1231685,0,0,866.9046630859375,832.3600463867188,810.9752807617188,852.0997924804688
1790789037.1342556,0,0,855.3897705078125,832.3600463867188,968.8934326171875,845.5198974609375
1790789037.1450229,0,0,857.0347290039062,840.5849609375,1074.172119140625,830.715087890625
1790789037.1564674,0,0,860.32470703125,835.6500244140625,889.9343872070312,845.5198974609375
1790789037.1683385,0,0,834.0050048828125,834.0050048828125,819.2001953125,861.9697265625
1790789037.1797714,0,0,878.4194946289062,827.4251098632812,819.2001953125,866.9046630859375
1790789037.1910436,0,0,878.4194946289062,825.7801513671875,792.8805541992188,866.9046630859375
1790789037.2021828,0,0,863.6146850585938,830.715087890625,898.1592407226562,866.9046630859375
1790789037.2132802,0,0,837.2949829101562,825.7801513671875,740.2411499023438,842.2299194335938
1790789037.236404,0,0,837.2949829101562,825.7801513671875,740.2411499023438,842.2299194335938
1790789037.2476306,0,0,837.2949829101562,825.7801513671875,740.2411499023438,842.2299194335938
1790789037.2589989,0,0,837.2949829101562,825.7801513671875,740.2411499023438,842.2299194335938
1790789037.2707505,0,0,837.2949829101562,825.7801513671875,740.2411499023438,842.2299194335938
1790789037.2822645,0,0,837.2949829101562,825.7801513671875,740.2411499023438,842.2299194335938
1790789037.2936132,0,0,837.2949829101562,819.2001953125,740.2411499023438,845.5198974609375
1790789037.3056242,0,0,822.4901733398438,820.84521484375,687.601806640625,835.6500244140625
1790789037.317533,0,0,855.3897705078125,830.715087890625,898.1592407226562,848.8098754882812
1790789037.328704,0,0,822.4901733398438,825.7801513671875,766.5608520507812,837.2949829101562
1790789037.340685,0,0,822.4901733398438,829.070068359375,740.2411499023438,838.9400024414062
1790789037.351407,0,0,822.4901733398438,829.070068359375,740.2411499023438,838.9400024414062
1790789037.362415,0,0,822.4901733398438,829.070068359375,740.2411499023438,838.9400024414062
1790789037.3735986,0,0,822.4901733398438,829.070068359375,740.2411499023438,838.9400024414062
1790789037.3846421,0,0,822.4901733398438,829.070068359375,740.2411499023438,838.9400024414062
1790789037.3955483,0,0,822.4901733398438,829.070068359375,740.2411499023438,838.9400024414062
1790789037.4071841,0,0,822.4901733398438,829.070068359375,740.2411499023438,838.9400024414062
1790789037.4180493,0,0,884.9994506835938,829.070068359375,1161.3560791015625,840.5849609375
1790789037.4285805,0,0,834.0050048828125,820.84521484375,898.1592407226562,842.2299194335938
1790789037.4396636,0,0,834.0050048828125,820.84521484375,898.1592407226562,842.2299194335938
1790789037.45034,0,0,834.0050048828125,820.84521484375,898.1592407226562,842.2299194335938
1790789037.4613245,0,0,834.0050048828125,820.84521484375,898.1592407226562,842.2299194335938
1790789037.47265,0,0,834.0050048828125,820.84521484375,898.1592407226562,842.2299194335938
1790789037.483823,0,0,824.1351318359375,817.5552368164062,845.5198974609375,842.2299194335938
1790789037.4948714,0,0,861.9697265625,838.9400024414062,1213.9954833984375,850.454833984375
1790789037.5057132,0,0,840.5849609375,829.070068359375,1056.077392578125,852.0997924804688
1790789037.5167809,0,0,881.70947265625,848.8098754882812,1266.6348876953125,860.32470703125
1790789037.5277855,0,0,850.454833984375,830.715087890625,950.7986450195312,861.9697265625
1790789037.5384972,0,0,801.1054077148438,819.2001953125,845.5198974609375,847.1648559570312
1790789037.5499516,0,0,837.2949829101562,829.070068359375,1108.716796875,847.1648559570312
1790789037.5615156,0,0,832.3600463867188,817.5552368164062,845.5198974609375,848.8098754882812
1790789037.5729523,0,0,819.2001953125,822.4901733398438,1003.43798828125,824.1351318359375
1790789037.5835638,0,0,819.2001953125,822.4901733398438,1003.43798828125,824.1351318359375
1790789037.5947177,0,0,819.2001953125,822.4901733398438,1003.43798828125,824.1351318359375
1790789037.6057932,0,0,819.2001953125,822.4901733398438,1003.43798828125,824.1351318359375
1790789037.6169136,0,0,819.2001953125,822.4901733398438,1003.43798828125,824.1351318359375
1790789037.6279066,0,0,819.2001953125,822.4901733398438,1003.43798828125,824.1351318359375
1790789037.6388865,0,0,819.2001953125,822.4901733398438,1003.43798828125,824.1351318359375
1790789037.6502678,0,0,848.8098754882812,825.7801513671875,977.1183471679688,858.6797485351562
1790789037.660994,0,0,858.6797485351562,825.7801513671875,1003.43798828125,860.32470703125
1790789037.671809,0,0,820.84521484375,815.9102783203125,871.839599609375,847.1648559570312
1790789037.6829045,0,0,820.84521484375,815.9102783203125,871.839599609375,847.1648559570312
1790789037.6944919,0,0,820.84521484375,815.9102783203125,871.839599609375,847.1648559570312
1790789037.7058754,0,0,820.84521484375,815.9102783203125,871.839599609375,847.1648559570312
1790789037.7175038,0,0,868.5496215820312,834.0050048828125,1187.67578125,845.5198974609375
1790789037.7283952,0,0,875.1295166015625,835.6500244140625,1108.716796875,843.8749389648438
1790789037.740164,0,0,852.0997924804688,829.070068359375,977.1183471679688,852.0997924804688
1790789037.7515597,0,0,852.0997924804688,829.070068359375,977.1183471679688,852.0997924804688
1790789037.76329,0,0,852.0997924804688,829.070068359375,977.1183471679688,852.0997924804688
1790789037.7742682,1,0,852.0997924804688,820.84521484375,850.454833984375,848.8098754882812
1790789037.7856052,1,0,840.5849609375,806.0403442382812,771.4957885742188,848.8098754882812
1790789037.7969072,1,0,863.6146850585938,814.2652587890625,745.1760864257812,845.5198974609375
1790789037.8081787,1,0,873.4845581054688,814.2652587890625,771.4957885742188,843.8749389648438
1790789037.8195868,1,0,848.8098754882812,817.5552368164062,929.4138793945312,840.5849609375
1790789037.831037,1,0,848.8098754882812,817.5552368164062,929.4138793945312,840.5849609375
1790789037.8419623,1,0,848.8098754882812,817.5552368164062,929.4138793945312,840.5849609375
1790789037.8532193,1,0,848.8098754882812,817.5552368164062,929.4138793945312,840.5849609375
1790789037.8642437,1,0,848.8098754882812,817.5552368164062,929.4138793945312,840.5849609375
1790789037.8755767,1,0,912.964111328125,827.4251098632812,1087.33203125,855.3897705078125
1790789037.8862584,1,0,835.6500244140625,812.6203002929688,850.454833984375,847.1648559570312
1790789037.8975637,1,0,891.579345703125,825.7801513671875,1087.33203125,857.0347290039062
1790789037.9086194,1,0,860.32470703125,814.2652587890625,955.7335815429688,857.0347290039062
1790789037.9197156,1,0,873.4845581054688,822.4901733398438,1034.692626953125,860.32470703125
1790789037.9307768,1,0,843.8749389648438,817.5552368164062,876.7745361328125,850.454833984375
1790789037.9417763,1,0,843.8749389648438,817.5552368164062,876.7745361328125,850.454833984375
1790789037.9526882,1,0,843.8749389648438,817.5552368164062,876.7745361328125,850.454833984375
1790789037.9634447,1,0,843.8749389648438,817.5552368164062,876.7745361328125,850.454833984375
1790789037.9753053,1,0,843.8749389648438,817.5552368164062,876.7745361328125,850.454833984375
1790789037.986439,1,0,860.32470703125,824.1351318359375,1008.3729248046875,863.6146850585938
1790789037.997642,1,0,860.32470703125,820.84521484375,1034.692626953125,847.1648559570312
1790789038.0083873,1,0,830.715087890625,824.1351318359375,1139.971435546875,848.8098754882812
1790789038.0200129,1,0,873.4845581054688,829.070068359375,1061.0123291015625,860.32470703125
1790789038.0319936,1,0,824.1351318359375,806.0403442382812,824.1351318359375,848.8098754882812
1790789038.0431106,1,0,824.1351318359375,806.0403442382812,824.1351318359375,848.8098754882812
1790789038.054366,1,0,824.1351318359375,806.0403442382812,824.1351318359375,848.8098754882812
1790789038.0652332,1,0,824.1351318359375,806.0403442382812,824.1351318359375,848.8098754882812
1790789038.076814,1,0,824.1351318359375,806.0403442382812,824.1351318359375,848.8098754882812
1790789038.0880113,1,0,886.6444091796875,830.715087890625,1297.8895263671875,857.0347290039062
1790789038.0990708,1,0,847.1648559570312,824.1351318359375,1034.692626953125,848.8098754882812
1790789038.1102946,1,0,837.2949829101562,812.6203002929688,955.7335815429688,850.454833984375
1790789038.1215491,1,0,880.064453125,832.3600463867188,1192.6107177734375,852.0997924804688
1790789038.1326349,1,0,873.4845581054688,827.4251098632812,1166.291015625,845.5198974609375
1790789038.1435666,1,0,873.4845581054688,827.4251098632812,1166.291015625,845.5198974609375
1790789038.1554139,1,0,873.4845581054688,827.4251098632812,1166.291015625,845.5198974609375
1790789038.1663313,1,0,873.4845581054688,827.4251098632812,1166.291015625,845.5198974609375
1790789038.1778548,1,0,873.4845581054688,827.4251098632812,1166.291015625,845.5198974609375
1790789038.1890874,1,0,883.3544311523438,817.5552368164062,1271.56982421875,855.3897705078125
1790789038.200075,1,0,866.9046630859375,820.84521484375,1166.291015625,852.0997924804688
1790789038.2111797,1,0,850.454833984375,817.5552368164062,1061.0123291015625,843.8749389648438
1790789038.222227,1,0,868.5496215820312,825.7801513671875,1192.6107177734375,843.8749389648438
1790789038.233124,1,0,871.839599609375,814.2652587890625,1008.3729248046875,837.2949829101562
1790789038.2441742,1,0,861.9697265625,819.2001953125,1087.33203125,830.715087890625
1790789038.2555375,1,0,861.9697265625,819.2001953125,1087.33203125,830.715087890625
1790789038.266699,1,0,861.9697265625,819.2001953125,1087.33203125,830.715087890625
1790789038.2777758,1,0,861.9697265625,819.2001953125,1087.33203125,830.715087890625
1790789038.2887905,1,0,861.9697265625,819.2001953125,1087.33203125,830.715087890625
1790789038.3004873,1,0,861.9697265625,819.2001953125,1087.33203125,830.715087890625
1790789038.3112588,1,0,861.9697265625,810.9752807617188,903.09423828125,837.2949829101562
1790789038.3228998,1,0,903.09423828125,838.9400024414062,1271.56982421875,852.0997924804688
1790789038.3348663,1,0,873.4845581054688,830.715087890625,1113.6517333984375,835.6500244140625
1790789038.3460324,1,0,886.6444091796875,834.0050048828125,1139.971435546875,832.3600463867188
1790789038.3570964,1,0,871.839599609375,824.1351318359375,669.5070190429688,855.3897705078125
1790789038.3677857,1,0,827.4251098632812,820.84521484375,669.5070190429688,834.0050048828125
1790789038.3788707,1,0,827.4251098632812,820.84521484375,669.5070190429688,834.0050048828125
1790789038.3898926,1,0,827.4251098632812,820.84521484375,669.5070190429688,834.0050048828125
1790789038.4009547,1,0,827.4251098632812,820.84521484375,669.5070190429688,834.0050048828125
1790789038.4123094,1,0,827.4251098632812,820.84521484375,669.5070190429688,834.0050048828125
1790789038.4237752,1,0,860.32470703125,843.8749389648438,1037.9825439453125,837.2949829101562
1790789038.434794,1,0,817.5552368164062,820.84521484375,801.1054077148438,827.4251098632812
1790789038.4458358,1,0,837.2949829101562,827.4251098632812,801.1054077148438,835.6500244140625
1790789038.4572778,1,0,863.6146850585938,824.1351318359375,748.466064453125,848.8098754882812
1790789038.4690437,1,0,807.6853637695312,812.6203002929688,669.5070190429688,835.6500244140625
1790789038.4805143,1,0,807.6853637695312,812.6203002929688,669.5070190429688,835.6500244140625
1790789038.492089,1,0,807.6853637695312,812.6203002929688,669.5070190429688,835.6500244140625
1790789038.5031617,1,0,807.6853637695312,812.6203002929688,669.5070190429688,835.6500244140625
1790789038.5145853,1,0,807.6853637695312,812.6203002929688,669.5070190429688,835.6500244140625
1790789038.525956,1,0,835.6500244140625,834.0050048828125,1011.6629028320312,830.715087890625
1790789038.5376322,1,0,835.6500244140625,834.0050048828125,1011.6629028320312,830.715087890625
1790789038.5489852,1,0,858.6797485351562,832.3600463867188,985.3432006835938,843.8749389648438
1790789038.5605006,1,0,868.5496215820312,814.2652587890625,1037.9825439453125,860.32470703125
1790789038.5719788,1,0,876.7745361328125,792.8805541992188,1011.6629028320312,857.0347290039062
1790789038.583808,1,0,884.9994506835938,738.59619140625,1090.6219482421875,857.0347290039062
1790789038.5948732,1,0,893.2243041992188,720.5014038085938,906.3841552734375,868.5496215820312
1790789038.605917,1,0,852.0997924804688,720.5014038085938,906.3841552734375,861.9697265625
1790789038.616885,1,0,896.5142822265625,743.5311279296875,959.0235595703125,871.839599609375
1790789038.6279721,1,0,896.5142822265625,743.5311279296875,959.0235595703125,871.839599609375
1790789038.6391647,1,0,853.7448120117188,738.59619140625,669.5070190429688,850.454833984375
1790789038.650608,1,0,853.7448120117188,738.59619140625,669.5070190429688,850.454833984375
1790789038.6627862,1,0,853.7448120117188,738.59619140625,669.5070190429688,850.454833984375
1790789038.674198,1,0,894.8693237304688,776.4307250976562,985.3432006835938,843.8749389648438
1790789038.6856434,1,0,896.5142822265625,796.1704711914062,1011.6629028320312,848.8098754882812
1790789038.6976995,1,0,830.715087890625,820.84521484375,669.5070190429688,837.2949829101562
1790789038.7090929,1,0,810.9752807617188,939.2837524414062,1090.6219482421875,773.1407470703125
1790789038.7202675,1,0,769.850830078125,1041.2725830078125,748.466064453125,768.205810546875
1790789038.732049,1,0,769.850830078125,1041.2725830078125,748.466064453125,768.205810546875
1790789038.743449,1,0,769.850830078125,1041.2725830078125,748.466064453125,768.205810546875
1790789038.7550194,1,0,769.850830078125,1041.2725830078125,748.466064453125,768.205810546875
1790789038.76598,1,0,769.850830078125,1041.2725830078125,748.466064453125,768.205810546875
1790789038.7779915,1,0,810.9752807617188,1013.307861328125,1143.2613525390625,771.4957885742188
1790789038.7890759,1,0,791.2355346679688,955.7335815429688,801.1054077148438,773.1407470703125
1790789038.8000824,1,0,804.3953857421875,967.2484130859375,669.5070190429688,796.1704711914062
1790789038.811507,1,0,855.3897705078125,978.7633056640625,959.0235595703125,819.2001953125
1790789038.8232157,1,0,855.3897705078125,978.7633056640625,959.0235595703125,819.2001953125
1790789038.8347356,1,0,855.3897705078125,978.7633056640625,959.0235595703125,819.2001953125
1790789038.846144,1,0,855.3897705078125,978.7633056640625,959.0235595703125,819.2001953125
1790789038.857365,1,0,855.3897705078125,978.7633056640625,959.0235595703125,819.2001953125
1790789038.8686817,1,0,855.3897705078125,978.7633056640625,959.0235595703125,819.2001953125
1790789038.8800733,1,0,855.3897705078125,978.7633056640625,959.0235595703125,819.2001953125
1790789038.8916743,1,0,863.6146850585938,927.7689208984375,801.1054077148438,848.8098754882812
1790789038.9035463,1,0,911.319091796875,916.2540283203125,1011.6629028320312,858.6797485351562
1790789038.9149692,1,0,899.8042602539062,850.454833984375,944.2186889648438,870.194580078125
1790789038.9260726,1,0,889.9343872070312,822.4901733398438,970.5383911132812,866.9046630859375
1790789038.937015,1,0,891.579345703125,769.850830078125,707.341552734375,883.3544311523438
1790789038.9484017,1,0,845.5198974609375,753.4010009765625,707.341552734375,876.7745361328125
1790789038.9597068,1,0,845.5198974609375,753.4010009765625,707.341552734375,876.7745361328125
1790789038.970663,1,0,845.5198974609375,753.4010009765625,707.341552734375,876.7745361328125
1790789038.9821272,1,0,845.5198974609375,753.4010009765625,707.341552734375,876.7745361328125
1790789038.99383,1,0,845.5198974609375,753.4010009765625,707.341552734375,876.7745361328125
1790789039.0053337,1,0,898.1592407226562,620.1575927734375,681.0218505859375,893.2243041992188
1790789039.0167797,1,0,906.3841552734375,684.3118286132812,944.2186889648438,891.579345703125
1790789039.0280445,1,0,899.8042602539062,687.601806640625,733.6612548828125,901.44921875
1790789039.0391145,1,0,899.8042602539062,687.601806640625,733.6612548828125,901.44921875
1790789039.050338,1,0,899.8042602539062,687.601806640625,733.6612548828125,901.44921875
1790789039.0620925,1,0,899.8042602539062,687.601806640625,733.6612548828125,901.44921875
1790789039.073195,1,0,899.8042602539062,687.601806640625,733.6612548828125,901.44921875
1790789039.0845916,1,0,899.8042602539062,687.601806640625,733.6612548828125,901.44921875
1790789039.0958884,1,0,896.5142822265625,718.8563842773438,812.6203002929688,903.09423828125
1790789039.1071162,1,0,873.4845581054688,720.5014038085938,575.7431030273438,893.2243041992188
1790789039.118094,1,0,893.2243041992188,748.466064453125,812.6203002929688,875.1295166015625
1790789039.1293724,1,0,873.4845581054688,763.2708740234375,838.9400024414062,876.7745361328125
1790789039.1406422,1,0,880.064453125,761.6259155273438,812.6203002929688,886.6444091796875
1790789039.1517978,1,0,883.3544311523438,787.945556640625,891.579345703125,883.3544311523438
1790789039.1627927,1,0,883.3544311523438,787.945556640625,891.579345703125,883.3544311523438
1790789039.1737826,1,0,883.3544311523438,787.945556640625,891.579345703125,883.3544311523438
1790789039.1847296,1,0,883.3544311523438,787.945556640625,891.579345703125,883.3544311523438
1790789039.1960084,1,0,883.3544311523438,787.945556640625,891.579345703125,883.3544311523438
1790789039.207068,1,0,870.194580078125,779.720703125,838.9400024414062,881.70947265625
1790789039.2183175,1,0,873.4845581054688,781.3656616210938,786.3005981445312,860.32470703125
1790789039.2293792,1,0,817.5552368164062,773.1407470703125,575.7431030273438,848.8098754882812
1790789039.2405639,1,0,860.32470703125,806.0403442382812,917.8990478515625,850.454833984375
1790789039.25205,1,0,860.32470703125,806.0403442382812,917.8990478515625,850.454833984375
1790789039.2626498,1,0,860.32470703125,806.0403442382812,917.8990478515625,850.454833984375
1790789039.2736244,1,0,860.32470703125,806.0403442382812,917.8990478515625,850.454833984375
1790789039.2850707,1,0,860.32470703125,806.0403442382812,917.8990478515625,850.454833984375
1790789039.295875,1,0,860.32470703125,806.0403442382812,917.8990478515625,850.454833984375
1790789039.3073418,1,0,858.6797485351562,807.6853637695312,759.9808959960938,847.1648559570312
1790789039.3189027,1,0,806.0403442382812,819.2001953125,602.0628051757812,825.7801513671875
1790789039.3302202,1,0,822.4901733398438,899.8042602539062,1181.0958251953125,776.4307250976562
1790789039.3411899,1,0,684.3118286132812,972.1834106445312,891.579345703125,664.5720825195312
1790789039.3520114,1,0,684.3118286132812,972.1834106445312,891.579345703125,664.5720825195312
1790789039.3632064,1,1,684.3118286132812,972.1834106445312,891.579345703125,664.5720825195312
1790789039.3741236,1,1,684.3118286132812,972.1834106445312,891.579345703125,664.5720825195312
1790789039.3854475,1,1,684.3118286132812,972.1834106445312,891.579345703125,664.5720825195312
1790789039.397284,1,1,684.3118286132812,972.1834106445312,891.579345703125,664.5720825195312
1790789039.4090672,1,1,684.3118286132812,967.2484130859375,865.2596435546875,657.9921264648438
1790789039.4207554,1,1,748.466064453125,962.3134765625,1154.7762451171875,712.2764892578125
1790789039.4315643,1,1,774.7857666015625,942.57373046875,970.5383911132812,755.0459594726562
1790789039.4423277,1,1,873.4845581054688,977.1183471679688,1128.45654296875,829.070068359375
1790789039.4531956,1,1,832.3600463867188,968.8934326171875,733.6612548828125,840.5849609375
1790789039.4648674,1,1,832.3600463867188,968.8934326171875,733.6612548828125,840.5849609375
1790789039.4757543,1,1,832.3600463867188,968.8934326171875,733.6612548828125,840.5849609375
1790789039.4865682,1,1,832.3600463867188,968.8934326171875,733.6612548828125,840.5849609375
1790789039.4978983,1,1,832.3600463867188,968.8934326171875,733.6612548828125,840.5849609375
1790789039.5092993,1,1,866.9046630859375,963.95849609375,812.6203002929688,847.1648559570312
1790789039.520489,1,1,899.8042602539062,935.9938354492188,996.8580932617188,861.9697265625
1790789039.531862,1,1,880.064453125,917.8990478515625,783.0106201171875,873.4845581054688
1790789039.542958,1,1,893.2243041992188,914.6090698242188,861.9697265625,865.2596435546875
1790789039.553653,1,1,857.0347290039062,912.964111328125,783.0106201171875,860.32470703125
1790789039.5646012,1,1,853.7448120117188,894.8693237304688,861.9697265625,873.4845581054688
1790789039.5755851,1,1,853.7448120117188,894.8693237304688,861.9697265625,873.4845581054688
1790789039.5866811,1,1,853.7448120117188,894.8693237304688,861.9697265625,873.4845581054688
1790789039.5984688,1,1,853.7448120117188,894.8693237304688,861.9697265625,873.4845581054688
1790789039.612462,1,1,853.7448120117188,894.8693237304688,861.9697265625,873.4845581054688
1790789039.6243973,1,1,853.7448120117188,894.8693237304688,861.9697265625,873.4845581054688
1790789039.6361873,1,1,840.5849609375,884.9994506835938,861.9697265625,865.2596435546875
1790789039.6480482,1,1,857.0347290039062,832.3600463867188,940.9287719726562,871.839599609375
1790789039.6599333,1,1,870.194580078125,774.7857666015625,914.6090698242188,894.8693237304688
1790789039.6718981,1,1,889.9343872070312,621.8025512695312,1019.8878173828125,896.5142822265625
1790789039.683645,1,1,906.3841552734375,653.0571899414062,993.568115234375,893.2243041992188
1790789039.6953857,1,1,880.064453125,671.1519775390625,1019.8878173828125,888.2893676757812
1790789039.7071218,1,0,860.32470703125,694.1817016601562,1046.20751953125,889.9343872070312
1790789039.7184334,1,0,860.32470703125,694.1817016601562,1046.20751953125,889.9343872070312
1790789039.7299836,1,0,860.32470703125,694.1817016601562,1046.20751953125,889.9343872070312
1790789039.7410274,1,0,860.32470703125,694.1817016601562,1046.20751953125,889.9343872070312
1790789039.7523384,1,0,860.32470703125,694.1817016601562,1046.20751953125,889.9343872070312
1790789039.7642052,1,0,896.5142822265625,705.6965942382812,1046.20751953125,884.9994506835938
1790789039.7754772,1,0,855.3897705078125,728.726318359375,993.568115234375,855.3897705078125
1790789039.786364,1,0,873.4845581054688,725.4363403320312,1019.8878173828125,866.9046630859375
1790789039.797386,1,0,852.0997924804688,741.8861083984375,1125.16650390625,863.6146850585938
1790789039.808141,1,0,873.4845581054688,743.5311279296875,1072.5272216796875,870.194580078125
1790789039.8194468,1,0,843.8749389648438,753.4010009765625,1046.20751953125,860.32470703125
1790789039.8313532,1,0,843.8749389648438,753.4010009765625,1046.20751953125,860.32470703125
1790789039.8427618,1,0,843.8749389648438,753.4010009765625,1046.20751953125,860.32470703125
1790789039.8537648,1,0,843.8749389648438,753.4010009765625,1046.20751953125,860.32470703125
1790789039.8656116,1,0,860.32470703125,759.9808959960938,993.568115234375,868.5496215820312
1790789039.8766694,1,0,802.7504272460938,768.205810546875,1072.5272216796875,843.8749389648438
1790789039.8873086,1,0,824.1351318359375,789.590576171875,1151.4862060546875,845.5198974609375
1790789039.8990293,1,0,871.839599609375,796.1704711914062,1230.4453125,865.2596435546875
1790789039.9104078,1,0,848.8098754882812,787.945556640625,1125.16650390625,857.0347290039062
1790789039.921437,1,0,848.8098754882812,787.945556640625,1125.16650390625,857.0347290039062
1790789039.9320407,1,0,848.8098754882812,787.945556640625,1125.16650390625,857.0347290039062
1790789039.9428763,1,0,848.8098754882812,787.945556640625,1125.16650390625,857.0347290039062
1790789039.954438,1,0,848.8098754882812,787.945556640625,1125.16650390625,857.0347290039062
1790789039.9659293,0,0,835.6500244140625,799.46044921875,1177.805908203125,842.2299194335938
1790789039.976942,0,0,880.064453125,796.1704711914062,1072.5272216796875,853.7448120117188
1790789039.9881194,0,0,845.5198974609375,807.6853637695312,1177.805908203125,852.0997924804688
1790789039.9993544,0,0,802.7504272460938,802.7504272460938,1151.4862060546875,835.6500244140625
1790789040.0105402,0,0,802.7504272460938,802.7504272460938,1151.4862060546875,835.6500244140625
1790789040.021722,0,0,840.5849609375,799.46044921875,1125.16650390625,852.0997924804688
1790789040.0326674,0,0,829.070068359375,807.6853637695312,1283.084716796875,845.5198974609375
1790789040.0434017,0,0,829.070068359375,807.6853637695312,1283.084716796875,845.5198974609375
1790789040.0541358,0,0,829.070068359375,807.6853637695312,1283.084716796875,845.5198974609375
1790789040.0653565,0,0,829.070068359375,807.6853637695312,1283.084716796875,845.5198974609375
1790789040.0764499,0,0,829.070068359375,807.6853637695312,1283.084716796875,845.5198974609375
1790789040.0876248,0,0,829.070068359375,807.6853637695312,1283.084716796875,845.5198974609375
1790789040.0988803,0,0,829.070068359375,807.6853637695312,1283.084716796875,845.5198974609375
1790789040.109731,0,0,829.070068359375,807.6853637695312,1283.084716796875,845.5198974609375
1790789040.1206255,0,0,824.1351318359375,809.330322265625,674.4419555664062,832.3600463867188
1790789040.1320148,0,0,842.2299194335938,822.4901733398438,806.0403442382812,843.8749389648438
1790789040.1428378,0,0,835.6500244140625,802.7504272460938,648.1222534179688,852.0997924804688
1790789040.1540837,0,0,835.6500244140625,802.7504272460938,648.1222534179688,852.0997924804688
1790789040.1654332,0,0,835.6500244140625,802.7504272460938,648.1222534179688,852.0997924804688
1790789040.176399,0,0,835.6500244140625,802.7504272460938,648.1222534179688,852.0997924804688
1790789040.1878912,0,0,835.6500244140625,802.7504272460938,648.1222534179688,852.0997924804688
1790789040.1990836,0,0,835.6500244140625,802.7504272460938,648.1222534179688,852.0997924804688
1790789040.210544,0,0,835.6500244140625,802.7504272460938,648.1222534179688,852.0997924804688
1790789040.2221117,0,0,812.6203002929688,806.0403442382812,516.5238037109375,842.2299194335938
1790789040.234591,0,0,865.2596435546875,827.4251098632812,937.6387939453125,842.2299194335938
1790789040.2460847,0,0,891.579345703125,827.4251098632812,1042.91748046875,845.5198974609375
1790789040.257065,0,0,852.0997924804688,807.6853637695312,806.0403442382812,840.5849609375
1790789040.269174,0,0,852.0997924804688,807.6853637695312,806.0403442382812,840.5849609375
1790789040.280201,0,0,852.0997924804688,807.6853637695312,806.0403442382812,840.5849609375
1790789040.2916782,0,0,886.6444091796875,830.715087890625,1042.91748046875,843.8749389648438
1790789040.3026097,0,0,875.1295166015625,824.1351318359375,937.6387939453125,838.9400024414062
1790789040.313894,0,0,875.1295166015625,824.1351318359375,937.6387939453125,838.9400024414062
1790789040.325479,0,0,875.1295166015625,824.1351318359375,937.6387939453125,838.9400024414062
1790789040.3368545,0,0,875.1295166015625,824.1351318359375,937.6387939453125,838.9400024414062
1790789040.3478923,0,0,875.1295166015625,824.1351318359375,937.6387939453125,838.9400024414062
1790789040.3591974,0,0,875.1295166015625,824.1351318359375,937.6387939453125,838.9400024414062
1790789040.3710139,0,0,894.8693237304688,829.070068359375,1121.8765869140625,847.1648559570312
1790789040.3819578,0,0,868.5496215820312,820.84521484375,832.3600463867188,861.9697265625
1790789040.3930123,0,0,880.064453125,825.7801513671875,1042.91748046875,858.6797485351562
1790789040.4045417,0,0,842.2299194335938,824.1351318359375,1016.5978393554688,835.6500244140625
1790789040.4157832,0,0,894.8693237304688,842.2299194335938,1069.2371826171875,852.0997924804688
1790789040.4271178,0,0,894.8693237304688,842.2299194335938,1069.2371826171875,852.0997924804688
1790789040.4382126,0,0,894.8693237304688,842.2299194335938,1069.2371826171875,852.0997924804688
1790789040.4492202,0,0,894.8693237304688,842.2299194335938,1069.2371826171875,852.0997924804688
1790789040.459766,0,0,894.8693237304688,842.2299194335938,1069.2371826171875,852.0997924804688
1790789040.4708211,0,0,894.8693237304688,842.2299194335938,1069.2371826171875,852.0997924804688
1790789040.4821253,0,0,894.8693237304688,842.2299194335938,1069.2371826171875,852.0997924804688
1790789040.493081,0,0,848.8098754882812,848.8098754882812,1121.8765869140625,834.0050048828125
1790789040.504242,0,0,901.44921875,858.6797485351562,1227.1553955078125,845.5198974609375
1790789040.515452,0,0,855.3897705078125,871.839599609375,1253.4749755859375,814.2652587890625
1790789040.5263755,0,0,848.8098754882812,858.6797485351562,1148.1962890625,809.330322265625
1790789040.5370455,0,0,848.8098754882812,858.6797485351562,1148.1962890625,809.330322265625
1790789040.548112,0,0,848.8098754882812,858.6797485351562,1148.1962890625,809.330322265625
1790789040.5590563,0,0,848.8098754882812,858.6797485351562,1148.1962890625,809.330322265625
1790789040.5702047,0,0,848.8098754882812,858.6797485351562,1148.1962890625,809.330322265625
1790789040.581463,0,0,848.8098754882812,858.6797485351562,1148.1962890625,809.330322265625
1790789040.592723,0,0,852.0997924804688,848.8098754882812,1174.5159912109375,817.5552368164062
1790789040.6036847,0,0,911.319091796875,835.6500244140625,1385.073486328125,840.5849609375
1790789040.6147208,0,0,878.4194946289062,807.6853637695312,1069.2371826171875,873.4845581054688
1790789040.6257708,0,0,908.0291748046875,815.9102783203125,1358.7537841796875,873.4845581054688
1790789040.6371136,0,0,914.6090698242188,807.6853637695312,1174.5159912109375,878.4194946289062
1790789040.6481392,0,0,914.6090698242188,807.6853637695312,1174.5159912109375,878.4194946289062
1790789040.659419,0,0,914.6090698242188,807.6853637695312,1174.5159912109375,878.4194946289062
1790789040.670687,0,0,914.6090698242188,807.6853637695312,1174.5159912109375,878.4194946289062
1790789040.682101,0,0,914.6090698242188,807.6853637695312,1174.5159912109375,878.4194946289062
1790789040.6932237,0,0,914.6090698242188,807.6853637695312,1174.5159912109375,878.4194946289062
1790789040.704433,0,0,934.3488159179688,817.5552368164062,1332.43408203125,888.2893676757812
1790789040.715602,0,0,886.6444091796875,815.9102783203125,1039.6275634765625,866.9046630859375
1790789040.7268112,0,0,850.454833984375,815.9102783203125,802.7504272460938,868.5496215820312
1790789040.7381184,0,0,883.3544311523438,804.3953857421875,829.070068359375,868.5496215820312
1790789040.749452,0,0,899.8042602539062,817.5552368164062,986.9882202148438,870.194580078125
1790789040.7605429,0,0,899.8042602539062,817.5552368164062,986.9882202148438,870.194580078125
1790789040.7716763,0,0,899.8042602539062,817.5552368164062,986.9882202148438,870.194580078125
1790789040.7828004,0,0,899.8042602539062,817.5552368164062,986.9882202148438,870.194580078125
1790789040.793937,0,0,899.8042602539062,817.5552368164062,986.9882202148438,870.194580078125
1790789040.8055806,0,0,899.8042602539062,817.5552368164062,986.9882202148438,870.194580078125
1790789040.8168907,0,0,857.0347290039062,806.0403442382812,855.3897705078125,855.3897705078125
1790789040.8277915,0,0,852.0997924804688,817.5552368164062,1092.2669677734375,850.454833984375
1790789040.8389943,0,0,880.064453125,819.2001953125,934.3488159179688,868.5496215820312
1790789040.8504717,0,0,863.6146850585938,819.2001953125,881.70947265625,866.9046630859375
1790789040.8613281,0,0,863.6146850585938,819.2001953125,881.70947265625,866.9046630859375
1790789040.8721678,0,0,863.6146850585938,819.2001953125,881.70947265625,866.9046630859375
1790789040.8834305,0,0,863.6146850585938,819.2001953125,881.70947265625,866.9046630859375
1790789040.8955898,0,0,863.6146850585938,819.2001953125,881.70947265625,866.9046630859375
1790789040.9066775,0,0,863.6146850585938,819.2001953125,881.70947265625,866.9046630859375
1790789040.9182763,0,0,847.1648559570312,817.5552368164062,750.1110229492188,866.9046630859375
1790789040.929308,0,0,832.3600463867188,822.4901733398438,855.3897705078125,842.2299194335938
1790789040.940881,0,0,878.4194946289062,819.2001953125,908.0291748046875,857.0347290039062
1790789040.9527867,0,0,857.0347290039062,835.6500244140625,1065.947265625,845.5198974609375
1790789040.9635925,0,0,837.2949829101562,830.715087890625,855.3897705078125,857.0347290039062
1790789040.9747865,0,0,863.6146850585938,827.4251098632812,881.70947265625,835.6500244140625
1790789040.986162,0,0,868.5496215820312,825.7801513671875,829.070068359375,857.0347290039062
1790789040.9972358,0,0,901.44921875,840.5849609375,1092.2669677734375,861.9697265625
1790789041.008261,0,0,901.44921875,840.5849609375,1092.2669677734375,861.9697265625
1790789041.0194027,0,0,901.44921875,840.5849609375,1092.2669677734375,861.9697265625
1790789041.030346,0,0,901.44921875,840.5849609375,1092.2669677734375,861.9697265625
1790789041.0414174,0,0,901.44921875,840.5849609375,1092.2669677734375,861.9697265625
1790789041.052417,0,0,901.44921875,840.5849609375,1092.2669677734375,861.9697265625
1790789041.0636785,0,0,858.6797485351562,822.4901733398438,723.7913208007812,857.0347290039062
1790789041.0749567,0,0,858.6797485351562,819.2001953125,750.1110229492188,870.194580078125
1790789041.0859866,0,0,829.070068359375,819.2001953125,802.7504272460938,865.2596435546875
1790789041.0969577,0,0,876.7745361328125,824.1351318359375,960.6685180664062,865.2596435546875
1790789041.108144,0,0,825.7801513671875,822.4901733398438,881.70947265625,858.6797485351562
1790789041.1201403,0,0,857.0347290039062,817.5552368164062,855.3897705078125,871.839599609375
1790789041.131565,0,0,857.0347290039062,817.5552368164062,855.3897705078125,871.839599609375
1790789041.1430774,0,0,857.0347290039062,817.5552368164062,855.3897705078125,871.839599609375
1790789041.1544704,0,0,857.0347290039062,817.5552368164062,855.3897705078125,871.839599609375
1790789041.165901,0,0,857.0347290039062,817.5552368164062,855.3897705078125,871.839599609375
1790789041.1772525,0,0,837.2949829101562,820.84521484375,934.3488159179688,853.7448120117188
1790789041.1881814,0,0,899.8042602539062,825.7801513671875,908.0291748046875,850.454833984375
1790789041.199549,0,0,868.5496215820312,817.5552368164062,960.6685180664062,865.2596435546875
1790789041.2104769,0,0,868.5496215820312,817.5552368164062,960.6685180664062,865.2596435546875
1790789041.221895,0,0,868.5496215820312,817.5552368164062,960.6685180664062,865.2596435546875
1790789041.233135,0,0,868.5496215820312,817.5552368164062,960.6685180664062,865.2596435546875
1790789041.2441065,0,0,868.5496215820312,817.5552368164062,960.6685180664062,865.2596435546875
1790789041.255391,0,0,868.5496215820312,817.5552368164062,960.6685180664062,865.2596435546875
1790789041.2666862,0,0,889.9343872070312,830.715087890625,1018.2428588867188,863.6146850585938
1790789041.2775075,0,0,838.9400024414062,829.070068359375,991.9231567382812,847.1648559570312
1790789041.2883093,0,0,899.8042602539062,825.7801513671875,912.964111328125,857.0347290039062
1790789041.299258,0,0,896.5142822265625,825.7801513671875,807.6853637695312,853.7448120117188
1790789041.3104591,0,0,853.7448120117188,832.3600463867188,1018.2428588867188,838.9400024414062
1790789041.3223388,0,0,893.2243041992188,830.715087890625,886.6444091796875,860.32470703125
1790789041.3334439,0,0,893.2243041992188,830.715087890625,886.6444091796875,860.32470703125
1790789041.3442814,0,0,893.2243041992188,830.715087890625,886.6444091796875,860.32470703125
1790789041.355247,0,0,893.2243041992188,830.715087890625,886.6444091796875,860.32470703125
1790789041.3667915,0,0,893.2243041992188,830.715087890625,886.6444091796875,860.32470703125
1790789041.3778548,0,0,893.2243041992188,830.715087890625,886.6444091796875,860.32470703125
1790789041.389103,0,0,893.2243041992188,830.715087890625,886.6444091796875,860.32470703125
1790789041.4002805,0,0,857.0347290039062,824.1351318359375,834.0050048828125,857.0347290039062
1790789041.4112318,0,0,893.2243041992188,838.9400024414062,1255.1199951171875,852.0997924804688
1790789041.4223309,0,0,893.2243041992188,838.9400024414062,1255.1199951171875,852.0997924804688
1790789041.4334154,0,0,893.2243041992188,838.9400024414062,1255.1199951171875,852.0997924804688
1790789041.4449017,0,0,893.2243041992188,838.9400024414062,1255.1199951171875,852.0997924804688
1790789041.4561322,0,0,863.6146850585938,840.5849609375,1334.0791015625,832.3600463867188
1790789041.4679239,0,0,888.2893676757812,834.0050048828125,1307.7593994140625,848.8098754882812
1790789041.4786296,0,0,848.8098754882812,830.715087890625,1228.80029296875,834.0050048828125
1790789041.4897316,0,0,884.9994506835938,822.4901733398438,1123.5216064453125,861.9697265625
1790789041.5005934,1,0,889.9343872070312,822.4901733398438,1123.5216064453125,857.0347290039062
1790789041.511374,1,0,889.9343872070312,822.4901733398438,1123.5216064453125,857.0347290039062
1790789041.52245,1,0,889.9343872070312,822.4901733398438,1123.5216064453125,857.0347290039062
1790789041.5335002,1,0,889.9343872070312,822.4901733398438,1123.5216064453125,857.0347290039062
1790789041.544333,1,0,889.9343872070312,822.4901733398438,1123.5216064453125,857.0347290039062
1790789041.5551722,1,0,889.9343872070312,822.4901733398438,1123.5216064453125,857.0347290039062
1790789041.5666387,1,0,832.3600463867188,830.715087890625,1281.439697265625,848.8098754882812
1790789041.57824,1,0,857.0347290039062,829.070068359375,1097.201904296875,852.0997924804688
1790789041.5893254,1,0,847.1648559570312,827.4251098632812,1149.84130859375,858.6797485351562
1790789041.600415,1,0,873.4845581054688,840.5849609375,1307.7593994140625,865.2596435546875
1790789041.6114721,1,0,873.4845581054688,840.5849609375,1307.7593994140625,865.2596435546875
1790789041.622327,1,0,873.4845581054688,840.5849609375,1307.7593994140625,865.2596435546875
1790789041.6334522,1,0,873.4845581054688,840.5849609375,1307.7593994140625,865.2596435546875
1790789041.6448145,1,0,873.4845581054688,840.5849609375,1307.7593994140625,865.2596435546875
1790789041.6561503,1,0,889.9343872070312,840.5849609375,1334.0791015625,852.0997924804688
1790789041.6684854,1,0,829.070068359375,840.5849609375,1255.1199951171875,843.8749389648438
1790789041.6929193,1,0,855.3897705078125,829.070068359375,1176.160888671875,848.8098754882812
1790789041.7049203,1,0,888.2893676757812,837.2949829101562,1334.0791015625,865.2596435546875
1790789041.71657,1,0,868.5496215820312,829.070068359375,1228.80029296875,852.0997924804688
1790789041.7283194,1,0,868.5496215820312,829.070068359375,1228.80029296875,852.0997924804688
1790789041.7402277,1,0,868.5496215820312,829.070068359375,1228.80029296875,852.0997924804688
1790789041.7517416,1,0,868.5496215820312,829.070068359375,1228.80029296875,852.0997924804688
1790789041.763925,1,0,876.7745361328125,830.715087890625,1255.1199951171875,855.3897705078125
1790789041.7754645,1,0,834.0050048828125,822.4901733398438,1149.84130859375,843.8749389648438
1790789041.7866614,1,0,832.3600463867188,827.4251098632812,1176.160888671875,837.2949829101562
1790789041.7980523,1,0,850.454833984375,829.070068359375,1307.7593994140625,842.2299194335938
1790789041.809274,1,0,889.9343872070312,820.84521484375,1149.84130859375,852.0997924804688
1790789041.8203647,1,0,889.9343872070312,820.84521484375,1149.84130859375,852.0997924804688
1790789041.8316338,1,0,889.9343872070312,820.84521484375,1149.84130859375,852.0997924804688
1790789041.842421,1,0,889.9343872070312,820.84521484375,1149.84130859375,852.0997924804688
1790789041.8540294,1,0,889.9343872070312,820.84521484375,1149.84130859375,852.0997924804688
1790789041.8652115,1,0,889.9343872070312,820.84521484375,1149.84130859375,852.0997924804688
1790789041.8760524,1,0,832.3600463867188,815.9102783203125,602.0628051757812,848.8098754882812
1790789041.8868034,1,0,889.9343872070312,829.070068359375,812.6203002929688,857.0347290039062
1790789041.897695,1,0,863.6146850585938,832.3600463867188,733.6612548828125,858.6797485351562
1790789041.9090943,1,0,875.1295166015625,840.5849609375,759.9808959960938,858.6797485351562
1790789041.9202874,1,0,875.1295166015625,840.5849609375,759.9808959960938,858.6797485351562
1790789041.9319038,1,0,875.1295166015625,840.5849609375,759.9808959960938,858.6797485351562
1790789041.9430835,1,0,875.1295166015625,840.5849609375,759.9808959960938,858.6797485351562
1790789041.9543302,1,0,875.1295166015625,840.5849609375,759.9808959960938,858.6797485351562
1790789041.965752,1,0,871.839599609375,845.5198974609375,786.3005981445312,858.6797485351562
1790789041.976803,1,0,829.070068359375,840.5849609375,759.9808959960938,835.6500244140625
1790789041.9874032,1,0,825.7801513671875,829.070068359375,496.7840576171875,842.2299194335938
1790789041.99865,1,0,886.6444091796875,820.84521484375,733.6612548828125,853.7448120117188
1790789042.0092874,1,0,880.064453125,835.6500244140625,838.9400024414062,853.7448120117188
1790789042.0205693,1,0,896.5142822265625,815.9102783203125,786.3005981445312,850.454833984375
1790789042.0319982,1,0,896.5142822265625,815.9102783203125,786.3005981445312,850.454833984375
1790789042.0429754,1,0,896.5142822265625,815.9102783203125,786.3005981445312,850.454833984375
1790789042.0539286,1,0,896.5142822265625,815.9102783203125,786.3005981445312,850.454833984375
1790789042.065282,1,0,896.5142822265625,815.9102783203125,786.3005981445312,850.454833984375
1790789042.0766144,1,0,896.5142822265625,815.9102783203125,786.3005981445312,850.454833984375
1790789042.087786,1,0,871.839599609375,825.7801513671875,733.6612548828125,848.8098754882812
1790789042.0991511,1,0,853.7448120117188,820.84521484375,759.9808959960938,845.5198974609375
1790789042.110539,1,0,855.3897705078125,815.9102783203125,891.579345703125,852.0997924804688
1790789042.121926,1,0,871.839599609375,815.9102783203125,681.0218505859375,860.32470703125
1790789042.1335213,1,0,871.839599609375,815.9102783203125,681.0218505859375,860.32470703125
1790789042.1443918,1,0,871.839599609375,815.9102783203125,681.0218505859375,860.32470703125
1790789042.1556695,1,0,871.839599609375,815.9102783203125,681.0218505859375,860.32470703125
1790789042.1663735,1,0,871.839599609375,815.9102783203125,681.0218505859375,860.32470703125
1790789042.1775992,1,0,871.839599609375,815.9102783203125,681.0218505859375,860.32470703125
1790789042.1891644,1,0,840.5849609375,753.4010009765625,733.6612548828125,855.3897705078125
1790789042.2001803,1,0,832.3600463867188,755.0459594726562,759.9808959960938,835.6500244140625
1790789042.2115636,1,0,832.3600463867188,755.0459594726562,759.9808959960938,835.6500244140625
1790789042.2230518,1,0,837.2949829101562,768.205810546875,523.103759765625,848.8098754882812
1790789042.234387,1,0,863.6146850585938,778.07568359375,681.0218505859375,860.32470703125
1790789042.245621,1,0,863.6146850585938,778.07568359375,681.0218505859375,860.32470703125
1790789042.2566872,1,0,863.6146850585938,778.07568359375,681.0218505859375,860.32470703125
1790789042.2678702,1,0,863.6146850585938,778.07568359375,681.0218505859375,860.32470703125
1790789042.278518,1,0,863.6146850585938,778.07568359375,681.0218505859375,860.32470703125
1790789042.289787,1,0,837.2949829101562,784.6556396484375,733.6612548828125,845.5198974609375
1790789042.3009067,1,0,881.70947265625,809.330322265625,917.8990478515625,860.32470703125
1790789042.3116288,1,0,903.09423828125,807.6853637695312,812.6203002929688,870.194580078125
1790789042.323195,1,0,876.7745361328125,807.6853637695312,733.6612548828125,853.7448120117188
1790789042.3344848,1,0,876.7745361328125,807.6853637695312,733.6612548828125,853.7448120117188
1790789042.3455927,1,0,876.7745361328125,807.6853637695312,733.6612548828125,853.7448120117188
1790789042.3565986,1,0,876.7745361328125,807.6853637695312,733.6612548828125,853.7448120117188
1790789042.3677375,1,0,876.7745361328125,807.6853637695312,733.6612548828125,853.7448120117188
1790789042.3791046,1,0,876.7745361328125,807.6853637695312,733.6612548828125,853.7448120117188
1790789042.390096,1,0,817.5552368164062,810.9752807617188,523.103759765625,848.8098754882812
1790789042.4012964,1,0,804.3953857421875,814.2652587890625,575.7431030273438,835.6500244140625
1790789042.4125984,1,0,883.3544311523438,842.2299194335938,1128.45654296875,850.454833984375
1790789042.4238384,1,0,850.454833984375,843.8749389648438,1102.1368408203125,848.8098754882812
1790789042.4355297,1,0,822.4901733398438,830.715087890625,661.2821044921875,840.5849609375
1790789042.4467642,1,0,878.4194946289062,837.2949829101562,924.4789428710938,860.32470703125
1790789042.4575903,1,0,878.4194946289062,837.2949829101562,924.4789428710938,860.32470703125
1790789042.468535,1,0,878.4194946289062,837.2949829101562,924.4789428710938,860.32470703125
1790789042.479152,1,0,878.4194946289062,837.2949829101562,924.4789428710938,860.32470703125
1790789042.4902508,1,0,878.4194946289062,837.2949829101562,924.4789428710938,860.32470703125
1790789042.5016828,1,0,827.4251098632812,843.8749389648438,845.5198974609375,842.2299194335938
1790789042.5127642,1,0,837.2949829101562,843.8749389648438,924.4789428710938,832.3600463867188
1790789042.5242102,1,0,857.0347290039062,847.1648559570312,740.2411499023438,847.1648559570312
1790789042.5355248,1,0,857.0347290039062,830.715087890625,424.4049377441406,863.6146850585938
1790789042.546607,1,0,850.454833984375,847.1648559570312,740.2411499023438,843.8749389648438
1790789042.5579498,1,0,894.8693237304688,842.2299194335938,792.8805541992188,858.6797485351562
1790789042.5691397,1,0,894.8693237304688,842.2299194335938,792.8805541992188,858.6797485351562
1790789042.579895,1,0,894.8693237304688,842.2299194335938,792.8805541992188,858.6797485351562
1790789042.5909212,1,0,894.8693237304688,842.2299194335938,792.8805541992188,858.6797485351562
1790789042.6019154,1,0,894.8693237304688,842.2299194335938,792.8805541992188,858.6797485351562
1790789042.613304,1,0,858.6797485351562,838.9400024414062,740.2411499023438,840.5849609375
1790789042.6240547,1,0,863.6146850585938,840.5849609375,740.2411499023438,848.8098754882812
1790789042.635605,1,0,896.5142822265625,850.454833984375,950.7986450195312,852.0997924804688
1790789042.646958,1,0,824.1351318359375,832.3600463867188,713.9214477539062,842.2299194335938
1790789042.6579146,1,0,850.454833984375,835.6500244140625,898.1592407226562,843.8749389648438
1790789042.668882,1,0,873.4845581054688,832.3600463867188,871.839599609375,845.5198974609375
1790789042.6800702,1,0,814.2652587890625,809.330322265625,608.6427001953125,838.9400024414062
1790789042.6911407,1,0,873.4845581054688,825.7801513671875,977.1183471679688,840.5849609375
1790789042.7022202,1,0,883.3544311523438,830.715087890625,950.7986450195312,852.0997924804688
1790789042.7137635,1,0,784.6556396484375,815.9102783203125,582.3230590820312,834.0050048828125
1790789042.7250264,1,0,876.7745361328125,825.7801513671875,1003.43798828125,848.8098754882812
1790789042.7363944,1,0,876.7745361328125,825.7801513671875,1003.43798828125,848.8098754882812
1790789042.7478638,1,0,876.7745361328125,825.7801513671875,1003.43798828125,848.8098754882812
1790789042.7590322,1,0,876.7745361328125,825.7801513671875,1003.43798828125,848.8098754882812
1790789042.7701502,1,0,876.7745361328125,825.7801513671875,1003.43798828125,848.8098754882812
1790789042.78135,1,0,876.7745361328125,825.7801513671875,1003.43798828125,848.8098754882812
1790789042.7924364,1,0,876.7745361328125,825.7801513671875,1003.43798828125,848.8098754882812
1790789042.803807,1,0,876.7745361328125,832.3600463867188,1082.3970947265625,853.7448120117188
1790789042.8152733,1,0,857.0347290039062,822.4901733398438,924.4789428710938,857.0347290039062
1790789042.8263175,1,0,824.1351318359375,814.2652587890625,766.5608520507812,825.7801513671875
1790789042.8375485,1,0,843.8749389648438,830.715087890625,1082.3970947265625,822.4901733398438
1790789042.8482225,1,0,853.7448120117188,845.5198974609375,1135.036376953125,834.0050048828125
1790789042.8589487,1,0,878.4194946289062,861.9697265625,1108.716796875,834.0050048828125
1790789042.8702545,1,0,878.4194946289062,861.9697265625,1108.716796875,834.0050048828125
1790789042.8813572,1,0,878.4194946289062,861.9697265625,1108.716796875,834.0050048828125
1790789042.8924596,1,0,878.4194946289062,861.9697265625,1108.716796875,834.0050048828125
1790789042.9039268,1,0,878.4194946289062,861.9697265625,1108.716796875,834.0050048828125
1790789042.9152942,1,0,809.330322265625,937.6387939453125,1082.3970947265625,779.720703125
1790789042.9262433,1,0,769.850830078125,1092.2669677734375,898.1592407226562,769.850830078125
1790789042.9374948,1,0,843.8749389648438,1064.30224609375,924.4789428710938,810.9752807617188
1790789042.9483457,1,0,830.715087890625,1031.4027099609375,950.7986450195312,824.1351318359375
1790789042.9591906,1,0,830.715087890625,1031.4027099609375,950.7986450195312,824.1351318359375
1790789042.970259,1,0,830.715087890625,1031.4027099609375,950.7986450195312,824.1351318359375
1790789042.9812799,1,0,830.715087890625,1031.4027099609375,950.7986450195312,824.1351318359375
1790789042.9923453,1,0,830.715087890625,1031.4027099609375,950.7986450195312,824.1351318359375
1790789043.0032427,1,0,830.715087890625,1031.4027099609375,950.7986450195312,824.1351318359375
1790789043.0144823,1,0,830.715087890625,1031.4027099609375,950.7986450195312,824.1351318359375
1790789043.0260577,1,0,840.5849609375,1028.1126708984375,819.2001953125,834.0050048828125
1790789043.0377355,1,0,876.7745361328125,1059.3673095703125,1213.9954833984375,852.0997924804688
1790789043.0488064,1,0,889.9343872070312,960.6685180664062,977.1183471679688,875.1295166015625
1790789043.059686,1,0,878.4194946289062,937.6387939453125,1100.4918212890625,863.6146850585938
1790789043.0707948,1,0,888.2893676757812,858.6797485351562,968.8934326171875,871.839599609375
1790789043.0822246,1,0,888.2893676757812,858.6797485351562,968.8934326171875,871.839599609375
1790789043.0936882,1,0,888.2893676757812,858.6797485351562,968.8934326171875,871.839599609375
1790789043.104818,1,0,888.2893676757812,858.6797485351562,968.8934326171875,871.839599609375
1790789043.116325,1,0,888.2893676757812,858.6797485351562,968.8934326171875,871.839599609375
1790789043.1275413,1,0,888.2893676757812,858.6797485351562,968.8934326171875,871.839599609375
1790789043.1386678,1,0,932.703857421875,740.2411499023438,1284.7296142578125,876.7745361328125
1790789043.1498227,1,0,840.5849609375,723.7913208007812,837.2949829101562,871.839599609375
1790789043.161083,1,0,931.0588989257812,733.6612548828125,1074.172119140625,888.2893676757812
1790789043.172273,1,0,931.0588989257812,733.6612548828125,1074.172119140625,888.2893676757812
1790789043.1838357,1,0,931.0588989257812,733.6612548828125,1074.172119140625,888.2893676757812
1790789043.1951883,1,0,931.0588989257812,733.6612548828125,1074.172119140625,888.2893676757812
1790789043.2065399,1,0,931.0588989257812,733.6612548828125,1074.172119140625,888.2893676757812
1790789043.2179756,1,0,873.4845581054688,725.4363403320312,942.57373046875,873.4845581054688
1790789043.2294743,1,0,917.8990478515625,720.5014038085938,942.57373046875,884.9994506835938
1790789043.241511,1,0,899.8042602539062,773.1407470703125,1126.8115234375,873.4845581054688
1790789043.2531297,1,0,899.8042602539062,773.1407470703125,1126.8115234375,873.4845581054688
1790789043.2643876,1,0,899.8042602539062,773.1407470703125,1126.8115234375,873.4845581054688
1790789043.2757075,1,0,899.8042602539062,773.1407470703125,1126.8115234375,873.4845581054688
1790789043.286811,1,0,899.8042602539062,773.1407470703125,1126.8115234375,873.4845581054688
1790789043.2980487,1,0,899.8042602539062,773.1407470703125,1126.8115234375,873.4845581054688
1790789043.3090303,1,0,899.8042602539062,773.1407470703125,1126.8115234375,873.4845581054688
1790789043.319914,1,0,853.7448120117188,768.205810546875,810.9752807617188,857.0347290039062
1790789043.3309696,1,0,857.0347290039062,756.6909790039062,705.6965942382812,868.5496215820312
1790789043.342584,1,0,847.1648559570312,766.5608520507812,784.6556396484375,855.3897705078125
1790789043.3537157,1,0,876.7745361328125,778.07568359375,837.2949829101562,857.0347290039062
1790789043.365059,1,0,876.7745361328125,784.6556396484375,863.6146850585938,852.0997924804688
1790789043.376387,1,0,876.7745361328125,784.6556396484375,863.6146850585938,852.0997924804688
1790789043.3875353,1,0,876.7745361328125,784.6556396484375,863.6146850585938,852.0997924804688
1790789043.399356,1,0,876.7745361328125,784.6556396484375,863.6146850585938,852.0997924804688
1790789043.4106042,1,0,876.7745361328125,784.6556396484375,863.6146850585938,852.0997924804688
1790789043.422135,1,0,876.7745361328125,784.6556396484375,863.6146850585938,852.0997924804688
1790789043.4333124,1,0,852.0997924804688,783.0106201171875,626.7374877929688,857.0347290039062
1790789043.4444296,1,0,893.2243041992188,794.5255126953125,784.6556396484375,855.3897705078125
1790789043.4556942,1,0,829.070068359375,794.5255126953125,679.3768920898438,837.2949829101562
1790789043.4675574,1,0,835.6500244140625,761.6259155273438,679.3768920898438,860.32470703125
1790789043.4785533,1,0,848.8098754882812,779.720703125,837.2949829101562,834.0050048828125
1790789043.4900968,1,0,857.0347290039062,783.0106201171875,837.2949829101562,847.1648559570312
1790789043.5011692,1,0,819.2001953125,792.8805541992188,968.8934326171875,842.2299194335938
1790789043.5125277,1,0,873.4845581054688,787.945556640625,810.9752807617188,842.2299194335938
1790789043.5236368,1,1,873.4845581054688,787.945556640625,810.9752807617188,842.2299194335938
1790789043.534639,1,1,873.4845581054688,787.945556640625,810.9752807617188,842.2299194335938
1790789043.5787258,1,1,845.5198974609375,797.8154907226562,889.9343872070312,837.2949829101562
1790789043.5902495,0,1,858.6797485351562,809.330322265625,942.57373046875,838.9400024414062
1790789043.6020148,0,1,852.0997924804688,802.7504272460938,784.6556396484375,834.0050048828125
1790789043.6132724,0,1,871.839599609375,809.330322265625,888.2893676757812,848.8098754882812
1790789043.6250577,0,1,886.6444091796875,814.2652587890625,1019.8878173828125,852.0997924804688
1790789043.636191,0,1,886.6444091796875,814.2652587890625,1019.8878173828125,852.0997924804688
1790789043.647903,0,1,886.6444091796875,814.2652587890625,1019.8878173828125,852.0997924804688
1790789043.6587405,0,1,886.6444091796875,814.2652587890625,1019.8878173828125,852.0997924804688
1790789043.6696184,0,1,886.6444091796875,814.2652587890625,1019.8878173828125,852.0997924804688
1790789043.6812077,0,1,884.9994506835938,817.5552368164062,993.568115234375,850.454833984375
1790789043.6924555,0,1,822.4901733398438,799.46044921875,756.6909790039062,837.2949829101562
1790789043.7031052,0,1,830.715087890625,807.6853637695312,835.6500244140625,842.2299194335938
1790789043.7147818,0,1,860.32470703125,810.9752807617188,940.9287719726562,845.5198974609375
1790789043.725937,0,1,860.32470703125,810.9752807617188,940.9287719726562,845.5198974609375
1790789043.7367535,0,1,860.32470703125,810.9752807617188,940.9287719726562,845.5198974609375
1790789043.7483463,0,1,860.32470703125,810.9752807617188,940.9287719726562,845.5198974609375
1790789043.7593632,0,1,860.32470703125,810.9752807617188,940.9287719726562,845.5198974609375
1790789043.7700858,0,1,850.454833984375,822.4901733398438,1046.20751953125,847.1648559570312
1790789043.781478,0,1,909.6741333007812,809.330322265625,1046.20751953125,853.7448120117188
1790789043.7927918,0,1,850.454833984375,843.8749389648438,1098.846923828125,848.8098754882812
1790789043.804582,0,1,830.715087890625,825.7801513671875,888.2893676757812,843.8749389648438
1790789043.8161533,0,1,883.3544311523438,845.5198974609375,1072.5272216796875,848.8098754882812
1790789043.8271892,0,1,837.2949829101562,824.1351318359375,861.9697265625,845.5198974609375
1790789043.8384533,0,1,853.7448120117188,824.1351318359375,940.9287719726562,845.5198974609375
1790789043.8497827,0,1,853.7448120117188,824.1351318359375,940.9287719726562,845.5198974609375
1790789043.8604732,0,1,853.7448120117188,824.1351318359375,940.9287719726562,845.5198974609375
1790789043.8719642,0,1,853.7448120117188,824.1351318359375,940.9287719726562,845.5198974609375
1790789043.8835616,0,1,853.7448120117188,824.1351318359375,940.9287719726562,845.5198974609375
1790789043.8948848,0,1,853.7448120117188,824.1351318359375,940.9287719726562,845.5198974609375
1790789043.9055977,0,1,855.3897705078125,796.1704711914062,1046.20751953125,850.454833984375
1790789043.9163332,0,1,903.09423828125,806.0403442382812,1151.4862060546875,855.3897705078125
1790789043.927082,0,1,884.9994506835938,807.6853637695312,1256.7650146484375,838.9400024414062
1790789043.9384027,0,0,884.9994506835938,807.6853637695312,1256.7650146484375,838.9400024414062
1790789043.9610574,0,0,884.9994506835938,807.6853637695312,1256.7650146484375,838.9400024414062
1790789044.026334,0,0,884.9994506835938,807.6853637695312,1256.7650146484375,838.9400024414062
1790789044.0382974,0,0,884.9994506835938,807.6853637695312,1256.7650146484375,838.9400024414062
1790789044.0539331,0,0,884.9994506835938,807.6853637695312,1256.7650146484375,838.9400024414062
1790789044.0653174,0,0,870.194580078125,787.945556640625,835.6500244140625,857.0347290039062
1790789044.07618,0,0,842.2299194335938,797.8154907226562,967.2484130859375,837.2949829101562
1790789044.0873287,0,0,883.3544311523438,801.1054077148438,993.568115234375,858.6797485351562
1790789044.098927,0,0,871.839599609375,802.7504272460938,914.6090698242188,861.9697265625
1790789044.1105964,0,0,889.9343872070312,819.2001953125,1046.20751953125,843.8749389648438
1790789044.1219435,0,0,889.9343872070312,819.2001953125,1046.20751953125,843.8749389648438
1790789044.132806,0,0,889.9343872070312,819.2001953125,1046.20751953125,843.8749389648438
1790789044.1444411,0,0,848.8098754882812,822.4901733398438,1125.16650390625,837.2949829101562
1790789044.158458,0,0,878.4194946289062,835.6500244140625,1046.20751953125,860.32470703125
1790789044.170776,0,0,878.4194946289062,835.6500244140625,1046.20751953125,860.32470703125
1790789044.182315,0,0,878.4194946289062,835.6500244140625,1046.20751953125,860.32470703125
1790789044.1934066,0,0,878.4194946289062,835.6500244140625,1046.20751953125,860.32470703125
1790789044.2046397,0,0,894.8693237304688,825.7801513671875,1019.8878173828125,855.3897705078125
1790789044.2158933,0,0,852.0997924804688,829.070068359375,873.4845581054688,845.5198974609375
1790789044.2264988,0,0,857.0347290039062,820.84521484375,702.4066162109375,855.3897705078125
1790789044.2376022,0,0,853.7448120117188,827.4251098632812,860.32470703125,852.0997924804688
1790789044.2487323,0,0,870.194580078125,834.0050048828125,912.964111328125,843.8749389648438
1790789044.2598898,0,0,870.194580078125,834.0050048828125,912.964111328125,843.8749389648438
1790789044.2711046,0,0,870.194580078125,834.0050048828125,912.964111328125,843.8749389648438
1790789044.2828255,0,0,870.194580078125,834.0050048828125,912.964111328125,843.8749389648438
1790789044.293799,0,0,870.194580078125,834.0050048828125,912.964111328125,843.8749389648438
1790789044.3050025,0,0,870.194580078125,834.0050048828125,912.964111328125,843.8749389648438
1790789044.3163874,0,0,870.194580078125,834.0050048828125,912.964111328125,843.8749389648438
1790789044.3273692,0,0,866.9046630859375,842.2299194335938,899.8042602539062,852.0997924804688
1790789044.3387506,0,0,891.579345703125,845.5198974609375,886.6444091796875,863.6146850585938
1790789044.3498547,0,0,853.7448120117188,843.8749389648438,965.6034545898438,842.2299194335938
1790789044.3611348,0,0,875.1295166015625,855.3897705078125,1176.160888671875,840.5849609375
1790789044.3722312,0,0,875.1295166015625,855.3897705078125,1176.160888671875,840.5849609375
1790789044.3836656,0,0,875.1295166015625,855.3897705078125,1176.160888671875,840.5849609375
1790789044.3946736,0,0,875.1295166015625,855.3897705078125,1176.160888671875,840.5849609375
1790789044.4058738,0,0,875.1295166015625,855.3897705078125,1176.160888671875,840.5849609375
1790789044.4169092,0,0,875.1295166015625,855.3897705078125,1176.160888671875,840.5849609375
1790789044.4281728,0,0,875.1295166015625,855.3897705078125,1176.160888671875,840.5849609375
1790789044.4392772,0,0,894.8693237304688,850.454833984375,1044.5625,848.8098754882812
1790789044.4503117,0,0,847.1648559570312,845.5198974609375,991.9231567382812,837.2949829101562
1790789044.4618523,0,0,894.8693237304688,838.9400024414062,1044.5625,852.0997924804688
1790789044.4730198,0,0,886.6444091796875,840.5849609375,1018.2428588867188,857.0347290039062
1790789044.4842322,0,0,848.8098754882812,835.6500244140625,1044.5625,848.8098754882812
1790789044.4957364,0,0,853.7448120117188,838.9400024414062,1202.4805908203125,837.2949829101562
1790789044.5065906,0,0,853.7448120117188,838.9400024414062,1202.4805908203125,837.2949829101562
1790789044.5184746,0,0,853.7448120117188,838.9400024414062,1202.4805908203125,837.2949829101562
1790789044.529351,0,0,853.7448120117188,838.9400024414062,1202.4805908203125,837.2949829101562
1790789044.5401423,0,0,853.7448120117188,838.9400024414062,1202.4805908203125,837.2949829101562
1790789044.551226,0,0,880.064453125,824.1351318359375,1018.2428588867188,850.454833984375
1790789044.562086,0,0,868.5496215820312,837.2949829101562,1149.84130859375,857.0347290039062
1790789044.5731585,0,0,863.6146850585938,832.3600463867188,1044.5625,852.0997924804688
1790789044.5842748,0,0,832.3600463867188,827.4251098632812,991.9231567382812,824.1351318359375
1790789044.5953784,0,0,837.2949829101562,840.5849609375,1123.5216064453125,819.2001953125
1790789044.6065822,0,0,857.0347290039062,850.454833984375,1202.4805908203125,852.0997924804688
1790789044.618293,0,0,889.9343872070312,843.8749389648438,1149.84130859375,857.0347290039062
1790789044.6302938,0,0,870.194580078125,838.9400024414062,1176.160888671875,857.0347290039062
1790789044.6411989,0,0,855.3897705078125,850.454833984375,1413.0380859375,850.454833984375
1790789044.6526775,0,0,855.3897705078125,850.454833984375,1413.0380859375,850.454833984375
1790789044.6638489,0,0,855.3897705078125,850.454833984375,1413.0380859375,850.454833984375
1790789044.675347,0,0,855.3897705078125,850.454833984375,1413.0380859375,850.454833984375
1790789044.6862159,1,0,855.3897705078125,850.454833984375,1413.0380859375,850.454833984375
1790789044.6979122,1,0,855.3897705078125,850.454833984375,1413.0380859375,850.454833984375
1790789044.7088642,1,0,852.0997924804688,842.2299194335938,1334.0791015625,850.454833984375
1790789044.7200415,1,0,860.32470703125,845.5198974609375,1491.9971923828125,850.454833984375
1790789044.731343,1,0,858.6797485351562,830.715087890625,1176.160888671875,857.0347290039062
1790789044.7425613,1,0,858.6797485351562,830.715087890625,1176.160888671875,857.0347290039062
1790789044.7539318,1,0,858.6797485351562,830.715087890625,1176.160888671875,857.0347290039062
1790789044.7658973,1,0,858.6797485351562,830.715087890625,1176.160888671875,857.0347290039062
1790789044.778067,1,0,858.6797485351562,830.715087890625,1176.160888671875,857.0347290039062
1790789044.7895074,1,0,868.5496215820312,830.715087890625,1018.2428588867188,865.2596435546875
1790789044.800579,1,0,829.070068359375,834.0050048828125,827.4251098632812,835.6500244140625
1790789044.8113437,1,0,843.8749389648438,820.84521484375,590.5479125976562,858.6797485351562
1790789044.8224764,1,0,850.454833984375,837.2949829101562,827.4251098632812,850.454833984375
1790789044.833456,1,0,850.454833984375,837.2949829101562,827.4251098632812,850.454833984375
1790789044.8442004,1,0,861.9697265625,827.4251098632812,801.1054077148438,850.454833984375
1790789044.8552947,1,0,842.2299194335938,827.4251098632812,616.8676147460938,842.2299194335938
1790789044.8663366,1,0,842.2299194335938,827.4251098632812,616.8676147460938,842.2299194335938
1790789044.8772423,1,0,842.2299194335938,827.4251098632812,616.8676147460938,842.2299194335938
1790789044.8878999,1,0,842.2299194335938,827.4251098632812,616.8676147460938,842.2299194335938
1790789044.8987656,1,0,842.2299194335938,827.4251098632812,616.8676147460938,842.2299194335938
1790789044.9098036,1,0,842.2299194335938,827.4251098632812,616.8676147460938,842.2299194335938
1790789044.9208493,1,0,886.6444091796875,835.6500244140625,827.4251098632812,853.7448120117188
1790789044.9319184,1,0,860.32470703125,835.6500244140625,880.064453125,842.2299194335938
1790789044.9426491,1,0,860.32470703125,835.6500244140625,880.064453125,842.2299194335938
1790789044.9539392,1,0,835.6500244140625,829.070068359375,722.1463623046875,835.6500244140625
1790789044.966134,1,0,835.6500244140625,829.070068359375,722.1463623046875,835.6500244140625
1790789044.9775333,1,0,835.6500244140625,829.070068359375,722.1463623046875,835.6500244140625
1790789044.9886193,1,0,871.839599609375,837.2949829101562,906.3841552734375,845.5198974609375
1790789044.9997382,1,0,858.6797485351562,848.8098754882812,1090.6219482421875,832.3600463867188
1790789045.010647,1,0,852.0997924804688,840.5849609375,906.3841552734375,847.1648559570312
1790789045.021442,1,0,883.3544311523438,855.3897705078125,1222.2203369140625,858.6797485351562
1790789045.0325766,1,0,883.3544311523438,855.3897705078125,1222.2203369140625,858.6797485351562
1790789045.0432045,1,0,883.3544311523438,855.3897705078125,1222.2203369140625,858.6797485351562
1790789045.0541072,1,0,883.3544311523438,855.3897705078125,1222.2203369140625,858.6797485351562
1790789045.0655077,1,0,883.3544311523438,855.3897705078125,1222.2203369140625,858.6797485351562
1790789045.0765176,1,0,883.3544311523438,855.3897705078125,1222.2203369140625,858.6797485351562
1790789045.0875037,1,0,824.1351318359375,830.715087890625,1037.9825439453125,843.8749389648438
1790789045.0990114,1,0,861.9697265625,832.3600463867188,932.703857421875,855.3897705078125
1790789045.1098268,1,0,850.454833984375,832.3600463867188,959.0235595703125,852.0997924804688
1790789045.1208787,1,0,861.9697265625,830.715087890625,827.4251098632812,845.5198974609375
1790789045.132523,1,0,847.1648559570312,845.5198974609375,1037.9825439453125,834.0050048828125
1790789045.143807,1,0,848.8098754882812,834.0050048828125,1116.941650390625,837.2949829101562
1790789045.1551347,1,0,875.1295166015625,840.5849609375,1037.9825439453125,847.1648559570312
1790789045.1661854,1,0,829.070068359375,830.715087890625,880.064453125,832.3600463867188
1790789045.1772223,1,0,871.839599609375,838.9400024414062,774.7857666015625,858.6797485351562
1790789045.1885405,1,0,830.715087890625,843.8749389648438,985.3432006835938,842.2299194335938
1790789045.1995955,1,0,830.715087890625,843.8749389648438,985.3432006835938,842.2299194335938
1790789045.2105308,1,0,830.715087890625,843.8749389648438,985.3432006835938,842.2299194335938
1790789045.2217293,1,0,830.715087890625,843.8749389648438,985.3432006835938,842.2299194335938
1790789045.2325952,1,0,830.715087890625,843.8749389648438,985.3432006835938,842.2299194335938
1790789045.243512,1,0,830.715087890625,843.8749389648438,985.3432006835938,842.2299194335938
1790789045.254499,1,0,830.715087890625,843.8749389648438,985.3432006835938,842.2299194335938
1790789045.2659264,1,0,865.2596435546875,842.2299194335938,959.0235595703125,857.0347290039062
1790789045.2765267,1,0,863.6146850585938,835.6500244140625,959.0235595703125,860.32470703125
1790789045.287898,1,0,863.6146850585938,835.6500244140625,959.0235595703125,860.32470703125
1790789045.2986605,1,0,855.3897705078125,838.9400024414062,1143.2613525390625,842.2299194335938
1790789045.3094282,1,0,838.9400024414062,840.5849609375,1169.5810546875,832.3600463867188
1790789045.320875,1,0,838.9400024414062,840.5849609375,1169.5810546875,832.3600463867188
1790789045.3321266,1,0,838.9400024414062,840.5849609375,1169.5810546875,832.3600463867188
1790789045.343081,1,0,838.9400024414062,840.5849609375,1169.5810546875,832.3600463867188
1790789045.3540382,1,0,838.9400024414062,840.5849609375,1169.5810546875,832.3600463867188
1790789045.3651097,1,0,863.6146850585938,819.2001953125,677.7318725585938,848.8098754882812
1790789045.3763218,1,0,873.4845581054688,840.5849609375,940.9287719726562,861.9697265625
1790789045.3876595,1,0,858.6797485351562,817.5552368164062,861.9697265625,848.8098754882812
1790789045.3984184,1,0,838.9400024414062,819.2001953125,783.0106201171875,860.32470703125
1790789045.4097354,1,0,848.8098754882812,830.715087890625,1072.5272216796875,845.5198974609375
1790789045.421125,1,0,848.8098754882812,830.715087890625,1072.5272216796875,845.5198974609375
1790789045.4324362,1,0,848.8098754882812,830.715087890625,1072.5272216796875,845.5198974609375
1790789045.443513,1,0,848.8098754882812,830.715087890625,1072.5272216796875,845.5198974609375
1790789045.455048,1,0,848.8098754882812,830.715087890625,1072.5272216796875,845.5198974609375
1790789045.466355,1,0,861.9697265625,819.2001953125,730.3712768554688,852.0997924804688
1790789045.4777925,1,0,883.3544311523438,838.9400024414062,967.2484130859375,861.9697265625
1790789045.4890265,1,0,850.454833984375,829.070068359375,809.330322265625,848.8098754882812
1790789045.5007143,1,0,842.2299194335938,814.2652587890625,625.092529296875,863.6146850585938
1790789045.5125957,1,0,852.0997924804688,820.84521484375,914.6090698242188,860.32470703125
1790789045.5237246,1,0,809.330322265625,814.2652587890625,783.0106201171875,842.2299194335938
1790789045.5351644,1,0,809.330322265625,814.2652587890625,783.0106201171875,842.2299194335938
1790789045.5463915,1,0,809.330322265625,814.2652587890625,783.0106201171875,842.2299194335938
1790789045.5584357,1,0,809.330322265625,814.2652587890625,783.0106201171875,842.2299194335938
1790789045.5694544,1,0,809.330322265625,814.2652587890625,783.0106201171875,842.2299194335938
1790789045.5804403,1,0,884.9994506835938,830.715087890625,1046.20751953125,840.5849609375
1790789045.5914843,1,0,875.1295166015625,830.715087890625,1046.20751953125,861.9697265625
1790789045.6027544,1,0,870.194580078125,829.070068359375,1072.5272216796875,845.5198974609375
1790789045.614693,1,0,858.6797485351562,825.7801513671875,967.2484130859375,838.9400024414062
1790789045.6261213,1,0,858.6797485351562,825.7801513671875,967.2484130859375,838.9400024414062
1790789045.6372006,1,0,858.6797485351562,825.7801513671875,967.2484130859375,838.9400024414062
1790789045.6482077,1,0,858.6797485351562,825.7801513671875,967.2484130859375,838.9400024414062
1790789045.6595786,1,0,858.6797485351562,825.7801513671875,967.2484130859375,838.9400024414062
1790789045.6709285,1,0,847.1648559570312,820.84521484375,783.0106201171875,850.454833984375
1790789045.682352,1,0,829.070068359375,815.9102783203125,783.0106201171875,845.5198974609375
1790789045.6933208,1,0,888.2893676757812,827.4251098632812,967.2484130859375,861.9697265625
1790789045.7049205,1,0,884.9994506835938,822.4901733398438,1019.8878173828125,852.0997924804688
1790789045.7164583,1,0,845.5198974609375,822.4901733398438,993.568115234375,845.5198974609375
1790789045.72727,1,0,850.454833984375,824.1351318359375,993.568115234375,835.6500244140625
1790789045.7385364,1,0,850.454833984375,824.1351318359375,993.568115234375,835.6500244140625
1790789045.749487,1,0,850.454833984375,824.1351318359375,993.568115234375,835.6500244140625
1790789045.76069,1,0,850.454833984375,824.1351318359375,993.568115234375,835.6500244140625
1790789045.7716577,1,0,850.454833984375,824.1351318359375,993.568115234375,835.6500244140625
1790789045.7831266,1,0,893.2243041992188,835.6500244140625,1177.805908203125,852.0997924804688
1790789045.7955236,1,0,837.2949829101562,809.330322265625,651.4122314453125,855.3897705078125
1790789045.8072362,1,0,855.3897705078125,825.7801513671875,1046.20751953125,860.32470703125
1790789045.8186345,1,0,825.7801513671875,806.0403442382812,835.6500244140625,843.8749389648438
1790789045.829817,1,0,825.7801513671875,806.0403442382812,835.6500244140625,843.8749389648438
1790789045.8407645,1,0,825.7801513671875,806.0403442382812,835.6500244140625,843.8749389648438
1790789045.851947,1,0,825.7801513671875,806.0403442382812,835.6500244140625,843.8749389648438
1790789045.8627071,1,0,825.7801513671875,806.0403442382812,835.6500244140625,843.8749389648438
1790789045.8738568,1,0,876.7745361328125,814.2652587890625,1046.20751953125,861.9697265625
1790789045.885034,1,0,870.194580078125,822.4901733398438,914.6090698242188,865.2596435546875
1790789045.8967407,1,0,880.064453125,824.1351318359375,940.9287719726562,853.7448120117188
1790789045.9075282,1,0,852.0997924804688,834.0050048828125,1098.846923828125,843.8749389648438
1790789045.9185128,1,0,812.6203002929688,845.5198974609375,1072.5272216796875,827.4251098632812
1790789045.9300034,1,0,812.6203002929688,845.5198974609375,1072.5272216796875,827.4251098632812
1790789045.941815,1,0,812.6203002929688,845.5198974609375,1072.5272216796875,827.4251098632812
1790789045.9527857,1,0,812.6203002929688,845.5198974609375,1072.5272216796875,827.4251098632812
1790789045.9635203,1,0,812.6203002929688,845.5198974609375,1072.5272216796875,827.4251098632812
1790789045.9744132,1,0,812.6203002929688,845.5198974609375,1072.5272216796875,827.4251098632812
1790789045.985574,1,0,812.6203002929688,845.5198974609375,1072.5272216796875,827.4251098632812
1790789045.9965763,1,0,880.064453125,848.8098754882812,1041.2725830078125,838.9400024414062
1790789046.0079749,1,0,848.8098754882812,842.2299194335938,620.1575927734375,840.5849609375
1790789046.0190587,1,0,784.6556396484375,927.7689208984375,883.3544311523438,756.6909790039062
1790789046.0297909,1,0,822.4901733398438,916.2540283203125,1093.9119873046875,781.3656616210938
1790789046.0408854,1,0,822.4901733398438,916.2540283203125,1093.9119873046875,781.3656616210938
1790789046.0524645,1,0,784.6556396484375,899.8042602539062,804.3953857421875,781.3656616210938
1790789046.0639787,1,0,784.6556396484375,899.8042602539062,804.3953857421875,781.3656616210938
1790789046.0751169,1,0,784.6556396484375,899.8042602539062,804.3953857421875,781.3656616210938
1790789046.0862865,1,0,784.6556396484375,899.8042602539062,804.3953857421875,781.3656616210938
1790789046.0969884,1,0,794.5255126953125,904.7391967773438,725.4363403320312,789.590576171875
1790789046.1083827,1,0,860.32470703125,947.5086669921875,804.3953857421875,827.4251098632812
1790789046.1193588,1,0,850.454833984375,968.8934326171875,830.715087890625,827.4251098632812
1790789046.1305711,1,0,857.0347290039062,967.2484130859375,962.3134765625,858.6797485351562
1790789046.1414447,1,0,863.6146850585938,988.6331787109375,857.0347290039062,837.2949829101562
1790789046.1525345,1,0,863.6146850585938,988.6331787109375,857.0347290039062,837.2949829101562
1790789046.1638498,1,0,863.6146850585938,988.6331787109375,857.0347290039062,837.2949829101562
1790789046.1749175,1,0,863.6146850585938,988.6331787109375,857.0347290039062,837.2949829101562
1790789046.1856174,1,0,863.6146850585938,988.6331787109375,857.0347290039062,837.2949829101562
1790789046.1965475,1,0,863.6146850585938,988.6331787109375,857.0347290039062,837.2949829101562
1790789046.2080138,1,0,873.4845581054688,967.2484130859375,857.0347290039062,842.2299194335938
1790789046.2193913,1,0,893.2243041992188,968.8934326171875,935.9938354492188,863.6146850585938
1790789046.2305064,1,0,860.32470703125,922.833984375,830.715087890625,865.2596435546875
1790789046.2415042,1,0,860.32470703125,922.833984375,830.715087890625,865.2596435546875
1790789046.253036,1,0,860.32470703125,922.833984375,830.715087890625,865.2596435546875
1790789046.263923,1,0,860.32470703125,922.833984375,830.715087890625,865.2596435546875
1790789046.2751262,1,0,860.32470703125,922.833984375,830.715087890625,865.2596435546875
1790789046.2869713,1,0,860.32470703125,922.833984375,830.715087890625,865.2596435546875
1790789046.2983668,1,0,860.32470703125,922.833984375,830.715087890625,865.2596435546875
1790789046.3093555,1,0,860.32470703125,730.3712768554688,699.1166381835938,883.3544311523438
1790789046.3211055,1,0,888.2893676757812,674.4419555664062,988.6331787109375,881.70947265625
1790789046.332463,1,0,861.9697265625,667.8619995117188,909.6741333007812,888.2893676757812
1790789046.343602,1,0,906.3841552734375,684.3118286132812,935.9938354492188,888.2893676757812
1790789046.3547258,1,0,906.3841552734375,684.3118286132812,935.9938354492188,888.2893676757812
1790789046.3686457,1,0,906.3841552734375,684.3118286132812,935.9938354492188,888.2893676757812
1790789046.38155,1,0,860.32470703125,697.4716796875,909.6741333007812,878.4194946289062
1790789046.396947,1,0,860.32470703125,697.4716796875,909.6741333007812,878.4194946289062
1790789046.4081385,1,0,860.32470703125,697.4716796875,909.6741333007812,878.4194946289062
1790789046.4202602,1,0,860.32470703125,697.4716796875,909.6741333007812,878.4194946289062
1790789046.4350057,1,0,860.32470703125,697.4716796875,909.6741333007812,878.4194946289062
1790789046.446122,1,0,870.194580078125,676.0869140625,725.4363403320312,884.9994506835938
1790789046.458913,1,0,875.1295166015625,702.4066162109375,751.7560424804688,866.9046630859375
1790789046.4700508,1,0,883.3544311523438,715.5664672851562,909.6741333007812,873.4845581054688
1790789046.4814038,1,0,909.6741333007812,725.4363403320312,1041.2725830078125,880.064453125
1790789046.494782,1,0,838.9400024414062,745.1760864257812,830.715087890625,845.5198974609375
1790789046.5072098,1,0,857.0347290039062,758.3359375,857.0347290039062,861.9697265625
1790789046.5188797,1,0,850.454833984375,773.1407470703125,830.715087890625,848.8098754882812
1790789046.530734,1,0,827.4251098632812,774.7857666015625,802.7504272460938,847.1648559570312
1790789046.5444562,1,0,827.4251098632812,774.7857666015625,802.7504272460938,847.1648559570312
1790789046.5557294,1,0,827.4251098632812,774.7857666015625,802.7504272460938,847.1648559570312
1790789046.5670674,1,0,858.6797485351562,792.8805541992188,750.1110229492188,857.0347290039062
1790789046.5790648,1,0,863.6146850585938,797.8154907226562,750.1110229492188,857.0347290039062
1790789046.5903769,1,0,863.6146850585938,797.8154907226562,750.1110229492188,857.0347290039062
1790789046.6021495,1,0,868.5496215820312,794.5255126953125,776.4307250976562,857.0347290039062
1790789046.6137793,1,0,809.330322265625,802.7504272460938,750.1110229492188,842.2299194335938
1790789046.6251605,1,0,809.330322265625,802.7504272460938,750.1110229492188,842.2299194335938
1790789046.6360857,1,0,809.330322265625,802.7504272460938,750.1110229492188,842.2299194335938
1790789046.6468744,1,0,809.330322265625,802.7504272460938,750.1110229492188,842.2299194335938
1790789046.657646,1,0,809.330322265625,802.7504272460938,750.1110229492188,842.2299194335938
1790789046.668917,1,0,809.330322265625,802.7504272460938,750.1110229492188,842.2299194335938
1790789046.6798286,1,0,889.9343872070312,825.7801513671875,934.3488159179688,857.0347290039062
1790789046.6914005,1,0,848.8098754882812,812.6203002929688,565.8732299804688,848.8098754882812
1790789046.7029524,1,0,830.715087890625,822.4901733398438,776.4307250976562,837.2949829101562
1790789046.7143085,1,0,830.715087890625,822.4901733398438,776.4307250976562,837.2949829101562
1790789046.7253757,1,0,830.715087890625,822.4901733398438,776.4307250976562,837.2949829101562
1790789046.7371242,1,0,830.715087890625,822.4901733398438,776.4307250976562,837.2949829101562
1790789046.7489233,1,0,830.715087890625,822.4901733398438,776.4307250976562,837.2949829101562
1790789046.760076,1,0,884.9994506835938,817.5552368164062,750.1110229492188,843.8749389648438
1790789046.7712166,1,0,868.5496215820312,807.6853637695312,539.5535278320312,852.0997924804688
1790789046.7825267,1,0,873.4845581054688,820.84521484375,565.8732299804688,860.32470703125
1790789046.7933042,1,0,848.8098754882812,804.3953857421875,486.9141845703125,852.0997924804688
1790789046.8043678,1,0,835.6500244140625,809.330322265625,513.23388671875,842.2299194335938
1790789046.815723,1,0,835.6500244140625,827.4251098632812,697.4716796875,848.8098754882812
1790789046.827345,1,0,835.6500244140625,827.4251098632812,697.4716796875,848.8098754882812
1790789046.8392816,1,0,835.6500244140625,827.4251098632812,697.4716796875,848.8098754882812
1790789046.8510582,1,0,835.6500244140625,827.4251098632812,697.4716796875,848.8098754882812
1790789046.861909,1,0,835.6500244140625,827.4251098632812,697.4716796875,848.8098754882812
1790789046.8731976,1,0,835.6500244140625,827.4251098632812,697.4716796875,848.8098754882812
1790789046.884192,1,0,825.7801513671875,817.5552368164062,486.9141845703125,845.5198974609375
1790789046.8954842,1,0,842.2299194335938,814.2652587890625,644.832275390625,838.9400024414062
1790789046.9070964,1,0,842.2299194335938,814.2652587890625,644.832275390625,838.9400024414062
1790789046.9185636,1,0,842.2299194335938,814.2652587890625,644.832275390625,838.9400024414062
1790789046.9294972,1,0,842.2299194335938,814.2652587890625,644.832275390625,838.9400024414062
1790789046.940375,1,0,842.2299194335938,814.2652587890625,644.832275390625,838.9400024414062
1790789046.9520068,1,0,842.2299194335938,814.2652587890625,644.832275390625,838.9400024414062
1790789046.963135,1,0,842.2299194335938,832.3600463867188,671.1519775390625,845.5198974609375
1790789046.9743328,1,0,883.3544311523438,840.5849609375,723.7913208007812,842.2299194335938
1790789046.9853075,1,0,861.9697265625,824.1351318359375,460.594482421875,840.5849609375
1790789046.9965749,1,0,853.7448120117188,843.8749389648438,750.1110229492188,843.8749389648438
1790789047.007619,1,0,857.0347290039062,832.3600463867188,539.5535278320312,842.2299194335938
1790789047.0189862,1,0,857.0347290039062,832.3600463867188,539.5535278320312,842.2299194335938
1790789047.029833,1,0,857.0347290039062,832.3600463867188,539.5535278320312,842.2299194335938
1790789047.040976,1,0,857.0347290039062,832.3600463867188,539.5535278320312,842.2299194335938
1790789047.05222,1,0,857.0347290039062,832.3600463867188,539.5535278320312,842.2299194335938
1790789047.0634809,1,0,857.0347290039062,832.3600463867188,539.5535278320312,842.2299194335938
1790789047.0741503,1,0,840.5849609375,830.715087890625,539.5535278320312,838.9400024414062
1790789047.0853302,1,0,866.9046630859375,829.070068359375,460.594482421875,843.8749389648438
1790789047.096536,1,0,860.32470703125,848.8098754882812,834.0050048828125,829.070068359375
1790789047.1079729,1,0,825.7801513671875,827.4251098632812,702.4066162109375,842.2299194335938
1790789047.1194167,1,0,825.7801513671875,827.4251098632812,702.4066162109375,842.2299194335938
1790789047.1306427,1,0,825.7801513671875,827.4251098632812,702.4066162109375,842.2299194335938
1790789047.1413646,1,0,825.7801513671875,827.4251098632812,702.4066162109375,842.2299194335938
1790789047.1524866,1,0,825.7801513671875,827.4251098632812,702.4066162109375,842.2299194335938
1790789047.1636813,1,0,825.7801513671875,827.4251098632812,702.4066162109375,842.2299194335938
1790789047.1746607,1,0,886.6444091796875,838.9400024414062,886.6444091796875,853.7448120117188
1790789047.1857648,1,0,866.9046630859375,832.3600463867188,702.4066162109375,852.0997924804688
1790789047.1972551,1,0,868.5496215820312,820.84521484375,649.7672119140625,855.3897705078125
1790789047.2085066,1,0,847.1648559570312,815.9102783203125,544.4884643554688,853.7448120117188
1790789047.2196693,1,0,876.7745361328125,834.0050048828125,544.4884643554688,860.32470703125
1790789047.2307136,1,0,883.3544311523438,843.8749389648438,755.0459594726562,852.0997924804688
1790789047.2425263,1,0,883.3544311523438,843.8749389648438,755.0459594726562,852.0997924804688
1790789047.2533135,1,0,883.3544311523438,843.8749389648438,755.0459594726562,852.0997924804688
1790789047.2647634,1,0,883.3544311523438,843.8749389648438,755.0459594726562,852.0997924804688
1790789047.275744,1,0,883.3544311523438,843.8749389648438,755.0459594726562,852.0997924804688
1790789047.2872088,1,0,860.32470703125,822.4901733398438,439.2097473144531,842.2299194335938
1790789047.29871,0,0,860.32470703125,822.4901733398438,439.2097473144531,842.2299194335938
1790789047.3099365,0,0,870.194580078125,834.0050048828125,570.8081665039062,861.9697265625
1790789047.3212185,0,0,870.194580078125,834.0050048828125,570.8081665039062,861.9697265625
1790789047.3325422,0,0,870.194580078125,834.0050048828125,570.8081665039062,861.9697265625
1790789047.3433318,0,0,870.194580078125,834.0050048828125,570.8081665039062,861.9697265625
1790789047.3542144,0,0,870.194580078125,834.0050048828125,570.8081665039062,861.9697265625
1790789047.3653493,0,0,870.194580078125,834.0050048828125,570.8081665039062,861.9697265625
1790789047.3766906,0,0,871.839599609375,822.4901733398438,491.84912109375,858.6797485351562
1790789047.3881035,0,0,843.8749389648438,827.4251098632812,439.2097473144531,855.3897705078125
1790789047.3989885,0,0,843.8749389648438,827.4251098632812,439.2097473144531,855.3897705078125
1790789047.4103026,0,0,899.8042602539062,835.6500244140625,623.4475708007812,855.3897705078125
1790789047.421403,0,0,860.32470703125,815.9102783203125,570.8081665039062,857.0347290039062
1790789047.4321542,0,0,860.32470703125,815.9102783203125,570.8081665039062,857.0347290039062
1790789047.4431596,0,0,860.32470703125,815.9102783203125,570.8081665039062,857.0347290039062
1790789047.453995,0,0,860.32470703125,815.9102783203125,570.8081665039062,857.0347290039062
1790789047.4650297,0,0,860.32470703125,815.9102783203125,570.8081665039062,857.0347290039062
1790789047.4760833,0,0,860.32470703125,815.9102783203125,570.8081665039062,857.0347290039062
1790789047.4867435,0,0,881.70947265625,832.3600463867188,807.6853637695312,845.5198974609375
1790789047.4976857,0,0,878.4194946289062,814.2652587890625,597.1278686523438,853.7448120117188
1790789047.5084033,0,0,858.6797485351562,830.715087890625,702.4066162109375,838.9400024414062
1790789047.5192857,0,0,881.70947265625,819.2001953125,570.8081665039062,847.1648559570312
1790789047.530237,0,0,830.715087890625,810.9752807617188,491.84912109375,840.5849609375
1790789047.5415828,0,0,884.9994506835938,829.070068359375,807.6853637695312,845.5198974609375
1790789047.5522747,0,0,868.5496215820312,824.1351318359375,702.4066162109375,848.8098754882812
1790789047.5635073,0,0,868.5496215820312,835.6500244140625,834.0050048828125,840.5849609375
1790789047.5743992,0,0,855.3897705078125,817.5552368164062,623.4475708007812,845.5198974609375
1790789047.585676,0,0,857.0347290039062,815.9102783203125,439.2097473144531,848.8098754882812
1790789047.5968258,0,0,857.0347290039062,815.9102783203125,439.2097473144531,848.8098754882812
1790789047.6078713,0,0,857.0347290039062,815.9102783203125,439.2097473144531,848.8098754882812
1790789047.6195505,0,0,857.0347290039062,815.9102783203125,439.2097473144531,848.8098754882812
1790789047.6306922,0,0,857.0347290039062,815.9102783203125,439.2097473144531,848.8098754882812
1790789047.6419997,0,0,834.0050048828125,807.6853637695312,254.97195434570312,840.5849609375
1790789047.6529217,0,0,861.9697265625,824.1351318359375,570.8081665039062,855.3897705078125
1790789047.6638005,0,0,850.454833984375,819.2001953125,412.89007568359375,860.32470703125
1790789047.6750546,0,0,891.579345703125,837.2949829101562,1014.952880859375,860.32470703125
1790789047.686106,0,0,886.6444091796875,829.070068359375,1014.952880859375,865.2596435546875
1790789047.6968482,0,0,870.194580078125,829.070068359375,1014.952880859375,860.32470703125
1790789047.7080026,0,0,870.194580078125,829.070068359375,1014.952880859375,860.32470703125
1790789047.7192197,0,0,870.194580078125,829.070068359375,1014.952880859375,860.32470703125
1790789047.7299697,0,0,870.194580078125,829.070068359375,1014.952880859375,860.32470703125
1790789047.7412102,0,0,870.194580078125,829.070068359375,1014.952880859375,860.32470703125
1790789047.752148,0,0,815.9102783203125,804.3953857421875,699.1166381835938,855.3897705078125
1790789047.763417,0,0,827.4251098632812,810.9752807617188,935.9938354492188,853.7448120117188
1790789047.774661,0,0,838.9400024414062,802.7504272460938,909.6741333007812,852.0997924804688
1790789047.7865398,0,0,858.6797485351562,807.6853637695312,883.3544311523438,860.32470703125
1790789047.7975862,0,0,842.2299194335938,804.3953857421875,909.6741333007812,827.4251098632812
1790789047.8082583,0,0,858.6797485351562,830.715087890625,1225.5103759765625,835.6500244140625
1790789047.819132,0,0,858.6797485351562,830.715087890625,1225.5103759765625,835.6500244140625
1790789047.830039,0,0,858.6797485351562,830.715087890625,1225.5103759765625,835.6500244140625
1790789047.8407326,0,0,858.6797485351562,830.715087890625,1225.5103759765625,835.6500244140625
1790789047.852285,0,0,858.6797485351562,830.715087890625,1225.5103759765625,835.6500244140625
1790789047.8631606,0,0,814.2652587890625,822.4901733398438,1041.2725830078125,838.9400024414062
1790789047.8742507,0,0,848.8098754882812,832.3600463867188,1093.9119873046875,830.715087890625
1790789047.8849745,0,0,843.8749389648438,820.84521484375,883.3544311523438,837.2949829101562
1790789047.8961656,0,0,837.2949829101562,824.1351318359375,935.9938354492188,842.2299194335938
1790789047.9076247,0,0,857.0347290039062,825.7801513671875,935.9938354492188,853.7448120117188
1790789047.9186502,0,0,852.0997924804688,835.6500244140625,1041.2725830078125,853.7448120117188
1790789047.9296973,0,0,852.0997924804688,835.6500244140625,1041.2725830078125,853.7448120117188
1790789047.9408371,0,0,852.0997924804688,835.6500244140625,1041.2725830078125,853.7448120117188
1790789047.95164,0,0,852.0997924804688,835.6500244140625,1041.2725830078125,853.7448120117188
1790789047.962452,0,0,852.0997924804688,835.6500244140625,1041.2725830078125,853.7448120117188
1790789047.9737153,0,0,847.1648559570312,817.5552368164062,935.9938354492188,860.32470703125
1790789047.9851224,0,0,868.5496215820312,837.2949829101562,1093.9119873046875,837.2949829101562
1790789047.9958649,0,0,873.4845581054688,835.6500244140625,1199.190673828125,858.6797485351562
1790789048.0071936,0,0,852.0997924804688,829.070068359375,1067.59228515625,855.3897705078125
1790789048.0187125,0,0,858.6797485351562,824.1351318359375,778.07568359375,852.0997924804688
1790789048.0299437,0,0,858.6797485351562,824.1351318359375,778.07568359375,852.0997924804688
1790789048.0410137,0,0,858.6797485351562,824.1351318359375,778.07568359375,852.0997924804688
1790789048.0521193,0,0,858.6797485351562,824.1351318359375,778.07568359375,852.0997924804688
1790789048.0630643,0,0,858.6797485351562,824.1351318359375,778.07568359375,852.0997924804688
1790789048.073803,0,0,863.6146850585938,825.7801513671875,935.9938354492188,857.0347290039062
1790789048.0849495,0,0,883.3544311523438,822.4901733398438,988.6331787109375,855.3897705078125
1790789048.0960886,0,0,871.839599609375,827.4251098632812,1041.2725830078125,865.2596435546875
1790789048.1070292,0,0,871.839599609375,827.4251098632812,1041.2725830078125,865.2596435546875
1790789048.1185308,0,0,871.839599609375,827.4251098632812,1041.2725830078125,865.2596435546875
1790789048.1293564,0,0,871.839599609375,827.4251098632812,1041.2725830078125,865.2596435546875
1790789048.1414206,0,0,871.839599609375,827.4251098632812,1041.2725830078125,865.2596435546875
1790789048.1533213,0,0,838.9400024414062,827.4251098632812,883.3544311523438,852.0997924804688
1790789048.1647396,0,0,865.2596435546875,829.070068359375,1014.952880859375,852.0997924804688
1790789048.175749,0,0,834.0050048828125,820.84521484375,672.7969360351562,840.5849609375
1790789048.1881757,0,0,883.3544311523438,838.9400024414062,935.9938354492188,853.7448120117188
1790789048.199172,0,0,853.7448120117188,824.1351318359375,830.715087890625,842.2299194335938
1790789048.210241,0,0,837.2949829101562,829.070068359375,699.1166381835938,857.0347290039062
1790789048.2218263,0,0,837.2949829101562,829.070068359375,699.1166381835938,857.0347290039062
1790789048.233117,0,0,837.2949829101562,829.070068359375,699.1166381835938,857.0347290039062
1790789048.2440739,0,0,837.2949829101562,829.070068359375,699.1166381835938,857.0347290039062
1790789048.257501,0,0,837.2949829101562,829.070068359375,699.1166381835938,857.0347290039062
1790789048.270043,0,0,871.839599609375,838.9400024414062,901.44921875,845.5198974609375
1790789048.280799,0,0,822.4901733398438,815.9102783203125,717.21142578125,842.2299194335938
1790789048.292177,0,0,837.2949829101562,820.84521484375,769.850830078125,845.5198974609375
1790789048.3035932,0,0,837.2949829101562,820.84521484375,769.850830078125,845.5198974609375
1790789048.3154159,0,0,837.2949829101562,820.84521484375,769.850830078125,845.5198974609375
1790789048.3262954,0,0,837.2949829101562,820.84521484375,769.850830078125,845.5198974609375
1790789048.3374665,0,0,837.2949829101562,820.84521484375,769.850830078125,845.5198974609375
1790789048.348959,0,0,848.8098754882812,820.84521484375,875.1295166015625,827.4251098632812
1790789048.3605254,0,0,817.5552368164062,807.6853637695312,611.9326782226562,830.715087890625
1790789048.3716927,0,0,845.5198974609375,814.2652587890625,796.1704711914062,843.8749389648438
1790789048.3832426,0,0,855.3897705078125,802.7504272460938,796.1704711914062,847.1648559570312
1790789048.3944254,0,0,880.064453125,806.0403442382812,954.088623046875,848.8098754882812
1790789048.4050899,1,0,880.064453125,806.0403442382812,954.088623046875,848.8098754882812
1790789048.4162588,1,0,880.064453125,806.0403442382812,954.088623046875,848.8098754882812
1790789048.4272158,1,0,880.064453125,806.0403442382812,954.088623046875,848.8098754882812
1790789048.4380727,1,0,880.064453125,806.0403442382812,954.088623046875,848.8098754882812
1790789048.4494705,1,0,880.064453125,806.0403442382812,954.088623046875,848.8098754882812
1790789048.460535,1,0,847.1648559570312,796.1704711914062,769.850830078125,834.0050048828125
1790789048.4718127,1,0,824.1351318359375,774.7857666015625,664.5720825195312,843.8749389648438
1790789048.4830253,1,0,843.8749389648438,824.1351318359375,927.7689208984375,838.9400024414062
1790789048.4941359,1,0,883.3544311523438,810.9752807617188,848.8098754882812,857.0347290039062
1790789048.505476,1,0,883.3544311523438,810.9752807617188,848.8098754882812,857.0347290039062
1790789048.5170171,1,0,883.3544311523438,810.9752807617188,848.8098754882812,857.0347290039062
1790789048.5279129,1,0,883.3544311523438,810.9752807617188,848.8098754882812,857.0347290039062
1790789048.5391037,1,0,883.3544311523438,810.9752807617188,848.8098754882812,857.0347290039062
1790789048.5502818,1,0,837.2949829101562,810.9752807617188,611.9326782226562,857.0347290039062
1790789048.5616055,1,0,883.3544311523438,827.4251098632812,875.1295166015625,865.2596435546875
1790789048.5774539,1,0,883.3544311523438,827.4251098632812,875.1295166015625,865.2596435546875
1790789048.5908918,1,0,916.2540283203125,832.3600463867188,1033.047607421875,865.2596435546875
1790789048.6027954,1,0,903.09423828125,855.3897705078125,1059.3673095703125,858.6797485351562
1790789048.6144114,1,0,903.09423828125,855.3897705078125,1059.3673095703125,858.6797485351562
1790789048.625579,1,0,903.09423828125,855.3897705078125,1059.3673095703125,858.6797485351562
1790789048.6368709,1,0,903.09423828125,855.3897705078125,1059.3673095703125,858.6797485351562
1790789048.64817,1,0,903.09423828125,855.3897705078125,1059.3673095703125,858.6797485351562
1790789048.6594038,1,0,868.5496215820312,848.8098754882812,875.1295166015625,850.454833984375
1790789048.6708941,1,0,868.5496215820312,848.8098754882812,875.1295166015625,850.454833984375
1790789048.6819315,1,0,845.5198974609375,837.2949829101562,848.8098754882812,848.8098754882812
1790789048.6929827,1,0,871.839599609375,815.9102783203125,769.850830078125,840.5849609375
1790789048.7039595,1,0,845.5198974609375,814.2652587890625,690.8917236328125,852.0997924804688
1790789048.714997,1,0,845.5198974609375,814.2652587890625,690.8917236328125,852.0997924804688
1790789048.7262866,1,0,845.5198974609375,814.2652587890625,690.8917236328125,852.0997924804688
1790789048.738025,1,0,845.5198974609375,814.2652587890625,690.8917236328125,852.0997924804688
1790789048.7492683,1,0,845.5198974609375,814.2652587890625,690.8917236328125,852.0997924804688
1790789048.7608173,1,0,832.3600463867188,827.4251098632812,848.8098754882812,840.5849609375
1790789048.7717583,1,0,861.9697265625,822.4901733398438,927.7689208984375,853.7448120117188
1790789048.7832074,1,0,861.9697265625,822.4901733398438,927.7689208984375,853.7448120117188
1790789048.794526,1,0,852.0997924804688,809.330322265625,954.088623046875,850.454833984375
1790789048.806319,1,0,883.3544311523438,819.2001953125,1059.3673095703125,860.32470703125
1790789048.817649,1,0,883.3544311523438,819.2001953125,1059.3673095703125,860.32470703125
1790789048.828708,1,0,883.3544311523438,819.2001953125,1059.3673095703125,860.32470703125
1790789048.8395603,1,0,883.3544311523438,819.2001953125,1059.3673095703125,860.32470703125
1790789048.8509564,1,0,883.3544311523438,819.2001953125,1059.3673095703125,860.32470703125
1790789048.8617735,1,0,824.1351318359375,822.4901733398438,875.1295166015625,843.8749389648438
1790789048.872401,1,0,883.3544311523438,819.2001953125,901.44921875,858.6797485351562
1790789048.8833642,1,0,853.7448120117188,806.0403442382812,704.0515747070312,848.8098754882812
1790789048.8944664,1,0,865.2596435546875,817.5552368164062,967.2484130859375,845.5198974609375
1790789048.9052567,1,0,870.194580078125,810.9752807617188,730.3712768554688,860.32470703125
1790789048.916449,1,0,853.7448120117188,810.9752807617188,730.3712768554688,865.2596435546875
1790789048.9274814,1,0,853.7448120117188,810.9752807617188,730.3712768554688,865.2596435546875
1790789048.9387832,1,0,853.7448120117188,810.9752807617188,730.3712768554688,865.2596435546875
1790789048.949683,1,0,853.7448120117188,810.9752807617188,730.3712768554688,865.2596435546875
1790789048.9612622,1,0,853.7448120117188,810.9752807617188,730.3712768554688,865.2596435546875
1790789048.9728744,1,0,863.6146850585938,819.2001953125,914.6090698242188,838.9400024414062
1790789048.9843342,1,0,883.3544311523438,817.5552368164062,894.8693237304688,852.0997924804688
1790789048.995699,1,0,875.1295166015625,815.9102783203125,802.7504272460938,861.9697265625
1790789049.0072162,1,0,858.6797485351562,812.6203002929688,802.7504272460938,865.2596435546875
1790789049.018123,1,0,858.6797485351562,812.6203002929688,802.7504272460938,865.2596435546875
1790789049.0290945,1,0,858.6797485351562,812.6203002929688,802.7504272460938,865.2596435546875
1790789049.0400612,1,0,858.6797485351562,812.6203002929688,802.7504272460938,865.2596435546875
1790789049.0511186,1,0,858.6797485351562,812.6203002929688,802.7504272460938,865.2596435546875
1790789049.061808,1,0,858.6797485351562,812.6203002929688,802.7504272460938,865.2596435546875
1790789049.0732374,1,0,858.6797485351562,812.6203002929688,802.7504272460938,865.2596435546875
1790789049.0846775,1,0,843.8749389648438,812.6203002929688,855.3897705078125,848.8098754882812
1790789049.0958235,1,0,858.6797485351562,802.7504272460938,671.1519775390625,843.8749389648438
1790789049.1068485,1,0,911.319091796875,825.7801513671875,960.6685180664062,855.3897705078125
1790789049.118514,1,0,845.5198974609375,807.6853637695312,671.1519775390625,852.0997924804688
1790789049.1297941,1,0,888.2893676757812,827.4251098632812,960.6685180664062,868.5496215820312
1790789049.140803,1,0,888.2893676757812,827.4251098632812,960.6685180664062,868.5496215820312
1790789049.1520815,1,0,888.2893676757812,827.4251098632812,960.6685180664062,868.5496215820312
1790789049.1639023,1,0,888.2893676757812,827.4251098632812,960.6685180664062,868.5496215820312
1790789049.1748083,1,0,888.2893676757812,827.4251098632812,960.6685180664062,868.5496215820312
1790789049.1860878,1,0,888.2893676757812,827.4251098632812,960.6685180664062,868.5496215820312
1790789049.197354,1,0,845.5198974609375,819.2001953125,802.7504272460938,842.2299194335938
1790789049.2084942,1,0,855.3897705078125,820.84521484375,855.3897705078125,857.0347290039062
1790789049.2192318,1,0,888.2893676757812,827.4251098632812,934.3488159179688,861.9697265625
1790789049.2302828,1,0,888.2893676757812,827.4251098632812,934.3488159179688,861.9697265625
1790789049.2408535,1,0,888.2893676757812,827.4251098632812,934.3488159179688,861.9697265625
1790789049.251515,1,0,888.2893676757812,827.4251098632812,934.3488159179688,861.9697265625
1790789049.262674,1,0,888.2893676757812,827.4251098632812,934.3488159179688,861.9697265625
1790789049.2738662,1,0,888.2893676757812,827.4251098632812,934.3488159179688,861.9697265625
1790789049.2855742,1,0,865.2596435546875,822.4901733398438,881.70947265625,853.7448120117188
1790789049.297075,1,0,832.3600463867188,822.4901733398438,829.070068359375,852.0997924804688
1790789049.3080866,1,0,888.2893676757812,822.4901733398438,1013.307861328125,857.0347290039062
1790789049.318759,1,0,881.70947265625,815.9102783203125,934.3488159179688,860.32470703125
1790789049.3294322,1,0,881.70947265625,815.9102783203125,934.3488159179688,860.32470703125
1790789049.3403394,1,0,903.09423828125,822.4901733398438,934.3488159179688,858.6797485351562
1790789049.3516366,1,0,903.09423828125,822.4901733398438,934.3488159179688,858.6797485351562
1790789049.3630373,1,0,903.09423828125,822.4901733398438,934.3488159179688,858.6797485351562
1790789049.3737035,1,0,903.09423828125,822.4901733398438,934.3488159179688,858.6797485351562
1790789049.3850229,1,0,903.09423828125,822.4901733398438,934.3488159179688,858.6797485351562
1790789049.396268,1,0,861.9697265625,824.1351318359375,986.9882202148438,850.454833984375
1790789049.407572,1,0,912.964111328125,824.1351318359375,1039.6275634765625,848.8098754882812
1790789049.4186344,1,0,870.194580078125,815.9102783203125,829.070068359375,852.0997924804688
1790789049.4295235,1,0,857.0347290039062,815.9102783203125,829.070068359375,860.32470703125
1790789049.4403436,1,0,858.6797485351562,827.4251098632812,935.9938354492188,837.2949829101562
1790789049.451614,1,0,916.2540283203125,832.3600463867188,935.9938354492188,850.454833984375
1790789049.4629986,1,0,916.2540283203125,832.3600463867188,935.9938354492188,850.454833984375
1790789049.4746373,1,0,868.5496215820312,822.4901733398438,935.9938354492188,845.5198974609375
1790789049.4866078,1,0,868.5496215820312,822.4901733398438,935.9938354492188,845.5198974609375
1790789049.4973822,1,0,868.5496215820312,822.4901733398438,935.9938354492188,845.5198974609375
1790789049.508672,1,0,868.5496215820312,822.4901733398438,935.9938354492188,845.5198974609375
1790789049.5200493,1,0,868.5496215820312,822.4901733398438,935.9938354492188,845.5198974609375
1790789049.5318923,1,0,889.9343872070312,829.070068359375,1067.59228515625,863.6146850585938
1790789049.5433462,1,0,824.1351318359375,824.1351318359375,935.9938354492188,830.715087890625
1790789049.554551,1,0,863.6146850585938,865.2596435546875,1199.190673828125,837.2949829101562
1790789049.5658104,1,0,817.5552368164062,889.9343872070312,1120.2315673828125,792.8805541992188
1790789049.5765917,1,0,807.6853637695312,1000.1480712890625,1172.8709716796875,764.9158325195312
1790789049.5876467,1,0,807.6853637695312,1000.1480712890625,1172.8709716796875,764.9158325195312
1790789049.599053,1,0,807.6853637695312,1000.1480712890625,1172.8709716796875,764.9158325195312
1790789049.6102076,1,0,807.6853637695312,1000.1480712890625,1172.8709716796875,764.9158325195312
1790789049.621522,1,0,807.6853637695312,1000.1480712890625,1172.8709716796875,764.9158325195312
1790789049.6332796,1,0,807.6853637695312,1000.1480712890625,1172.8709716796875,764.9158325195312
1790789049.644125,1,0,758.3359375,998.5030517578125,909.6741333007812,764.9158325195312
1790789049.6551855,1,0,827.4251098632812,993.568115234375,1120.2315673828125,783.0106201171875
1790789049.6663609,1,0,787.945556640625,1011.6629028320312,988.6331787109375,778.07568359375
1790789049.6776552,1,0,817.5552368164062,973.828369140625,935.9938354492188,812.6203002929688
1790789049.6890924,1,0,873.4845581054688,995.213134765625,1120.2315673828125,838.9400024414062
1790789049.700232,1,0,893.2243041992188,995.213134765625,1278.1497802734375,842.2299194335938
1790789049.7112262,1,0,893.2243041992188,995.213134765625,1278.1497802734375,842.2299194335938
1790789049.722087,1,0,893.2243041992188,995.213134765625,1278.1497802734375,842.2299194335938
1790789049.7336547,1,0,893.2243041992188,995.213134765625,1278.1497802734375,842.2299194335938
1790789049.7447639,1,0,893.2243041992188,995.213134765625,1278.1497802734375,842.2299194335938
1790789049.756442,1,0,893.2243041992188,995.213134765625,1278.1497802734375,842.2299194335938
1790789049.767591,1,0,861.9697265625,991.9231567382812,1067.59228515625,848.8098754882812
1790789049.7789626,1,0,889.9343872070312,975.4733276367188,1067.59228515625,876.7745361328125
1790789049.790089,1,0,830.715087890625,909.6741333007812,751.7560424804688,855.3897705078125
1790789049.801851,1,0,830.715087890625,909.6741333007812,751.7560424804688,855.3897705078125
1790789049.81256,1,0,889.9343872070312,899.8042602539062,935.9938354492188,878.4194946289062
1790789049.8237805,1,0,889.9343872070312,899.8042602539062,935.9938354492188,878.4194946289062
1790789049.8346527,1,0,889.9343872070312,899.8042602539062,935.9938354492188,878.4194946289062
1790789049.8453643,1,0,889.9343872070312,899.8042602539062,935.9938354492188,878.4194946289062
1790789049.857272,1,0,889.9343872070312,899.8042602539062,935.9938354492188,878.4194946289062
1790789049.8682134,1,0,889.9343872070312,899.8042602539062,935.9938354492188,878.4194946289062
1790789049.8792903,1,0,889.9343872070312,899.8042602539062,935.9938354492188,878.4194946289062
1790789049.8905408,1,0,857.0347290039062,873.4845581054688,935.9938354492188,873.4845581054688
1790789049.9015322,1,0,863.6146850585938,873.4845581054688,830.715087890625,855.3897705078125
1790789049.9127524,1,0,914.6090698242188,799.46044921875,883.3544311523438,873.4845581054688
1790789049.9239776,1,0,911.319091796875,763.2708740234375,909.6741333007812,878.4194946289062
1790789049.9356015,1,0,870.194580078125,718.8563842773438,804.3953857421875,866.9046630859375
1790789049.946722,1,0,924.4789428710938,690.8917236328125,935.9938354492188,883.3544311523438
1790789049.9581065,1,0,924.4789428710938,690.8917236328125,935.9938354492188,883.3544311523438
1790789049.9695654,1,0,924.4789428710938,690.8917236328125,935.9938354492188,883.3544311523438
1790789049.9811103,1,0,924.4789428710938,690.8917236328125,935.9938354492188,883.3544311523438
1790789049.9919665,1,0,924.4789428710938,690.8917236328125,935.9938354492188,883.3544311523438
1790789050.0034533,1,0,884.9994506835938,687.601806640625,778.07568359375,861.9697265625
1790789050.0148137,1,0,891.579345703125,687.601806640625,857.0347290039062,873.4845581054688
1790789050.0263286,1,0,898.1592407226562,704.0515747070312,935.9938354492188,870.194580078125
1790789050.0373743,1,0,898.1592407226562,704.0515747070312,935.9938354492188,870.194580078125
1790789050.0484483,1,0,898.1592407226562,704.0515747070312,935.9938354492188,870.194580078125
1790789050.0601513,1,0,898.1592407226562,704.0515747070312,935.9938354492188,870.194580078125
1790789050.0713131,1,0,898.1592407226562,704.0515747070312,935.9938354492188,870.194580078125
1790789050.083186,1,0,865.2596435546875,715.5664672851562,794.5255126953125,876.7745361328125
1790789050.0944417,1,0,863.6146850585938,722.1463623046875,794.5255126953125,868.5496215820312
1790789050.105671,1,0,843.8749389648438,727.081298828125,794.5255126953125,850.454833984375
1790789050.1163685,1,0,873.4845581054688,745.1760864257812,820.84521484375,863.6146850585938
1790789050.1271205,1,0,868.5496215820312,748.466064453125,899.8042602539062,853.7448120117188
1790789050.138475,1,0,868.5496215820312,748.466064453125,689.2467651367188,863.6146850585938
1790789050.1494334,1,0,868.5496215820312,748.466064453125,689.2467651367188,863.6146850585938
1790789050.160463,1,0,868.5496215820312,748.466064453125,689.2467651367188,863.6146850585938
1790789050.171425,1,0,868.5496215820312,748.466064453125,689.2467651367188,863.6146850585938
1790789050.1825967,1,0,868.5496215820312,748.466064453125,689.2467651367188,863.6146850585938
1790789050.1935537,1,0,868.5496215820312,748.466064453125,689.2467651367188,863.6146850585938
1790789050.2043743,1,0,878.4194946289062,778.07568359375,899.8042602539062,858.6797485351562
1790789050.2151988,1,0,850.454833984375,786.3005981445312,741.8861083984375,847.1648559570312
1790789050.2259104,1,0,850.454833984375,786.3005981445312,741.8861083984375,847.1648559570312
1790789050.2369,1,0,850.454833984375,786.3005981445312,741.8861083984375,847.1648559570312
1790789050.2483091,1,0,850.454833984375,786.3005981445312,741.8861083984375,847.1648559570312
1790789050.2598615,1,0,850.454833984375,786.3005981445312,741.8861083984375,847.1648559570312
1790789050.2714643,1,0,850.454833984375,786.3005981445312,741.8861083984375,847.1648559570312
1790789050.2830215,1,0,834.0050048828125,804.3953857421875,820.84521484375,845.5198974609375
1790789050.294357,1,0,840.5849609375,806.0403442382812,820.84521484375,837.2949829101562
1790789050.305185,1,0,801.1054077148438,797.8154907226562,636.607421875,832.3600463867188
1790789050.316733,1,0,850.454833984375,848.8098754882812,741.8861083984375,852.0997924804688
1790789050.3277295,1,0,863.6146850585938,858.6797485351562,1057.722412109375,848.8098754882812
1790789050.3388395,1,0,850.454833984375,853.7448120117188,952.443603515625,838.9400024414062
1790789050.3500016,1,0,850.454833984375,853.7448120117188,952.443603515625,838.9400024414062
1790789050.3612843,1,0,830.715087890625,842.2299194335938,873.4845581054688,848.8098754882812
1790789050.3725042,1,0,830.715087890625,842.2299194335938,873.4845581054688,848.8098754882812
1790789050.383488,1,0,830.715087890625,842.2299194335938,873.4845581054688,848.8098754882812
1790789050.3947477,1,0,830.715087890625,842.2299194335938,873.4845581054688,848.8098754882812
1790789050.4067597,1,0,830.715087890625,842.2299194335938,873.4845581054688,848.8098754882812
1790789050.4178789,1,0,868.5496215820312,834.0050048828125,820.84521484375,857.0347290039062
1790789050.429294,1,0,838.9400024414062,827.4251098632812,926.1239624023438,850.454833984375
1790789050.4406734,1,0,878.4194946289062,825.7801513671875,978.7633056640625,845.5198974609375
1790789050.4517024,1,0,852.0997924804688,819.2001953125,715.5664672851562,863.6146850585938
1790789050.4626904,1,0,878.4194946289062,834.0050048828125,1057.722412109375,850.454833984375
1790789050.4739664,1,0,878.4194946289062,834.0050048828125,1057.722412109375,850.454833984375
1790789050.4854417,1,0,878.4194946289062,834.0050048828125,1057.722412109375,850.454833984375
1790789050.497145,1,0,878.4194946289062,834.0050048828125,1057.722412109375,850.454833984375
1790789050.5086691,1,0,878.4194946289062,834.0050048828125,1057.722412109375,850.454833984375
1790789050.520458,1,0,876.7745361328125,809.330322265625,847.1648559570312,868.5496215820312
1790789050.5320556,1,0,842.2299194335938,820.84521484375,926.1239624023438,840.5849609375
1790789050.5429718,1,0,837.2949829101562,807.6853637695312,636.607421875,852.0997924804688
1790789050.553954,1,0,848.8098754882812,815.9102783203125,743.5311279296875,848.8098754882812
1790789050.5653892,1,0,848.8098754882812,815.9102783203125,743.5311279296875,848.8098754882812
1790789050.5767868,1,0,848.8098754882812,815.9102783203125,743.5311279296875,848.8098754882812
1790789050.5889611,1,0,848.8098754882812,815.9102783203125,743.5311279296875,848.8098754882812
1790789050.600853,1,0,848.8098754882812,815.9102783203125,743.5311279296875,848.8098754882812
1790789050.6118739,1,0,848.8098754882812,815.9102783203125,743.5311279296875,848.8098754882812
1790789050.623307,1,0,830.715087890625,812.6203002929688,822.4901733398438,835.6500244140625
1790789050.6342032,1,0,843.8749389648438,822.4901733398438,875.1295166015625,832.3600463867188
1790789050.645314,1,0,858.6797485351562,824.1351318359375,901.44921875,853.7448120117188
1790789050.6566172,1,0,855.3897705078125,835.6500244140625,927.7689208984375,837.2949829101562
1790789050.667489,1,0,855.3897705078125,835.6500244140625,927.7689208984375,837.2949829101562
1790789050.6787422,1,0,820.84521484375,810.9752807617188,559.2933349609375,850.454833984375
1790789050.6897624,1,0,865.2596435546875,824.1351318359375,796.1704711914062,852.0997924804688
1790789050.7009513,1,0,865.2596435546875,824.1351318359375,796.1704711914062,852.0997924804688
1790789050.7119973,1,0,865.2596435546875,824.1351318359375,796.1704711914062,852.0997924804688
1790789050.722587,1,0,865.2596435546875,824.1351318359375,796.1704711914062,852.0997924804688
1790789050.7338355,1,0,865.2596435546875,824.1351318359375,796.1704711914062,852.0997924804688
1790789050.7449236,1,0,865.2596435546875,835.6500244140625,875.1295166015625,852.0997924804688
1790789050.7561557,1,0,908.0291748046875,834.0050048828125,927.7689208984375,861.9697265625
1790789050.7675116,1,0,880.064453125,840.5849609375,1006.7279663085938,838.9400024414062
1790789050.7786784,1,0,909.6741333007812,835.6500244140625,1138.326416015625,852.0997924804688
1790789050.7898698,1,0,884.9994506835938,837.2949829101562,1190.9658203125,842.2299194335938
1790789050.8011785,1,0,884.9994506835938,837.2949829101562,1190.9658203125,842.2299194335938
1790789050.8127017,1,0,884.9994506835938,837.2949829101562,1190.9658203125,842.2299194335938
1790789050.8244786,1,0,884.9994506835938,837.2949829101562,1190.9658203125,842.2299194335938
1790789050.8366065,1,0,884.9994506835938,837.2949829101562,1190.9658203125,842.2299194335938
1790789050.8481793,1,0,884.9994506835938,837.2949829101562,1190.9658203125,842.2299194335938
1790789050.8593206,1,0,889.9343872070312,840.5849609375,1190.9658203125,865.2596435546875
1790789050.8705683,1,0,858.6797485351562,827.4251098632812,1059.3673095703125,832.3600463867188
1790789050.8815937,1,0,850.454833984375,832.3600463867188,954.088623046875,838.9400024414062
1790789050.892268,1,0,855.3897705078125,822.4901733398438,822.4901733398438,845.5198974609375
1790789050.9035404,1,0,855.3897705078125,822.4901733398438,822.4901733398438,845.5198974609375
1790789050.9148219,1,0,855.3897705078125,822.4901733398438,822.4901733398438,845.5198974609375
1790789050.9262042,1,0,855.3897705078125,822.4901733398438,822.4901733398438,845.5198974609375
1790789050.9374273,1,0,855.3897705078125,822.4901733398438,822.4901733398438,845.5198974609375
1790789050.9490588,1,0,830.715087890625,827.4251098632812,954.088623046875,847.1648559570312
1790789050.9600396,1,0,835.6500244140625,824.1351318359375,954.088623046875,827.4251098632812
1790789050.9720075,1,0,922.833984375,837.2949829101562,1138.326416015625,857.0347290039062
1790789050.9837596,1,0,829.070068359375,820.84521484375,875.1295166015625,838.9400024414062
1790789050.99473,1,0,868.5496215820312,829.070068359375,1006.7279663085938,847.1648559570312
1790789051.0058472,1,0,868.5496215820312,829.070068359375,1006.7279663085938,847.1648559570312
1790789051.0173147,1,0,868.5496215820312,829.070068359375,1006.7279663085938,847.1648559570312
1790789051.028235,1,0,868.5496215820312,829.070068359375,1006.7279663085938,847.1648559570312
1790789051.039239,1,0,868.5496215820312,829.070068359375,1006.7279663085938,847.1648559570312
1790789051.050345,1,0,875.1295166015625,832.3600463867188,1085.68701171875,847.1648559570312
1790789051.0612485,1,0,863.6146850585938,820.84521484375,901.44921875,843.8749389648438
1790789051.0725172,1,0,848.8098754882812,809.330322265625,769.850830078125,850.454833984375
1790789051.0842514,1,0,848.8098754882812,809.330322265625,769.850830078125,850.454833984375
1790789051.0953987,1,0,848.8098754882812,809.330322265625,769.850830078125,850.454833984375
1790789051.106374,1,0,848.8098754882812,809.330322265625,769.850830078125,850.454833984375
1790789051.1177454,1,0,848.8098754882812,809.330322265625,769.850830078125,850.454833984375
1790789051.1289697,0,0,848.8098754882812,809.330322265625,769.850830078125,850.454833984375
1790789051.140005,0,0,847.1648559570312,822.4901733398438,822.4901733398438,853.7448120117188
1790789051.151943,0,0,863.6146850585938,825.7801513671875,927.7689208984375,843.8749389648438
1790789051.1667416,0,0,871.839599609375,822.4901733398438,927.7689208984375,850.454833984375
1790789051.178748,0,0,860.32470703125,810.9752807617188,875.1295166015625,858.6797485351562
1790789051.1898737,0,0,848.8098754882812,802.7504272460938,722.1463623046875,861.9697265625
1790789051.201215,0,0,845.5198974609375,801.1054077148438,774.7857666015625,850.454833984375
1790789051.2124236,0,0,845.5198974609375,801.1054077148438,774.7857666015625,850.454833984375
1790789051.223488,0,0,845.5198974609375,801.1054077148438,774.7857666015625,850.454833984375
1790789051.2351732,0,0,845.5198974609375,801.1054077148438,774.7857666015625,850.454833984375
1790789051.2471836,0,0,845.5198974609375,801.1054077148438,774.7857666015625,850.454833984375
1790789051.2583025,0,0,866.9046630859375,806.0403442382812,1011.6629028320312,850.454833984375
1790789051.2705445,0,0,863.6146850585938,817.5552368164062,906.3841552734375,858.6797485351562
1790789051.2822134,0,0,884.9994506835938,817.5552368164062,1116.941650390625,858.6797485351562
1790789051.2935343,0,0,884.9994506835938,817.5552368164062,1116.941650390625,858.6797485351562
1790789051.30506,0,0,884.9994506835938,817.5552368164062,1116.941650390625,858.6797485351562
1790789051.31691,0,0,884.9994506835938,817.5552368164062,1116.941650390625,858.6797485351562
1790789051.3286047,0,0,884.9994506835938,817.5552368164062,1116.941650390625,858.6797485351562
1790789051.339937,0,0,837.2949829101562,807.6853637695312,1037.9825439453125,850.454833984375
1790789051.3509066,0,0,834.0050048828125,801.1054077148438,774.7857666015625,845.5198974609375
1790789051.3616366,0,0,858.6797485351562,824.1351318359375,959.0235595703125,855.3897705078125
1790789051.372546,0,0,884.9994506835938,825.7801513671875,1037.9825439453125,860.32470703125
1790789051.3838105,0,0,886.6444091796875,825.7801513671875,1037.9825439453125,837.2949829101562
1790789051.394453,0,0,886.6444091796875,825.7801513671875,1037.9825439453125,837.2949829101562
1790789051.4053934,0,0,886.6444091796875,825.7801513671875,1037.9825439453125,837.2949829101562
1790789051.4172056,0,0,886.6444091796875,825.7801513671875,1037.9825439453125,837.2949829101562
1790789051.4283974,0,0,886.6444091796875,825.7801513671875,1037.9825439453125,837.2949829101562
1790789051.439211,0,0,886.6444091796875,825.7801513671875,1037.9825439453125,837.2949829101562
1790789051.4501984,0,0,886.6444091796875,825.7801513671875,1037.9825439453125,837.2949829101562
1790789051.4614334,0,0,886.6444091796875,825.7801513671875,1037.9825439453125,837.2949829101562
1790789051.4728518,0,0,898.1592407226562,827.4251098632812,985.3432006835938,850.454833984375
1790789051.4841964,0,0,807.6853637695312,807.6853637695312,722.1463623046875,840.5849609375
1790789051.4949698,0,0,842.2299194335938,820.84521484375,959.0235595703125,850.454833984375
1790789051.5066607,0,0,847.1648559570312,824.1351318359375,853.7448120117188,847.1648559570312
1790789051.5185914,0,0,847.1648559570312,824.1351318359375,853.7448120117188,847.1648559570312
1790789051.5299332,0,0,847.1648559570312,824.1351318359375,853.7448120117188,847.1648559570312
1790789051.5411847,0,0,847.1648559570312,824.1351318359375,853.7448120117188,847.1648559570312
1790789051.552189,0,0,847.1648559570312,824.1351318359375,853.7448120117188,847.1648559570312
1790789051.563509,0,0,871.839599609375,830.715087890625,959.0235595703125,860.32470703125
1790789051.574666,0,0,891.579345703125,838.9400024414062,959.0235595703125,876.7745361328125
1790789051.586468,0,0,884.9994506835938,830.715087890625,1064.30224609375,861.9697265625
1790789051.598791,0,0,878.4194946289062,825.7801513671875,880.064453125,876.7745361328125
1790789051.6097913,0,0,884.9994506835938,829.070068359375,1116.941650390625,852.0997924804688
1790789051.6207163,0,0,884.9994506835938,829.070068359375,1116.941650390625,852.0997924804688
1790789051.6319892,0,0,884.9994506835938,829.070068359375,1116.941650390625,852.0997924804688
1790789051.643037,0,0,884.9994506835938,829.070068359375,1116.941650390625,852.0997924804688
1790789051.6542306,0,0,884.9994506835938,829.070068359375,1116.941650390625,852.0997924804688
1790789051.6657634,0,0,884.9994506835938,829.070068359375,1116.941650390625,852.0997924804688
1790789051.6767461,0,0,904.7391967773438,824.1351318359375,1011.6629028320312,852.0997924804688
1790789051.687916,0,0,875.1295166015625,827.4251098632812,959.0235595703125,858.6797485351562
1790789051.6993663,0,0,889.9343872070312,819.2001953125,827.4251098632812,868.5496215820312
1790789051.7101502,0,0,911.319091796875,834.0050048828125,1090.6219482421875,866.9046630859375
1790789051.723672,0,0,835.6500244140625,812.6203002929688,853.7448120117188,852.0997924804688
1790789051.735186,0,0,873.4845581054688,827.4251098632812,1037.9825439453125,855.3897705078125
1790789051.746293,0,0,873.4845581054688,827.4251098632812,1037.9825439453125,855.3897705078125
1790789051.7572725,0,0,873.4845581054688,827.4251098632812,1037.9825439453125,855.3897705078125
1790789051.7682438,0,0,873.4845581054688,827.4251098632812,1037.9825439453125,855.3897705078125
1790789051.779744,0,0,873.4845581054688,827.4251098632812,1037.9825439453125,855.3897705078125
1790789051.7907903,0,0,843.8749389648438,817.5552368164062,722.1463623046875,855.3897705078125
1790789051.80172,0,0,883.3544311523438,832.3600463867188,1090.6219482421875,855.3897705078125
1790789051.8127916,0,0,837.2949829101562,820.84521484375,625.092529296875,840.5849609375
1790789051.8238482,0,0,848.8098754882812,825.7801513671875,730.3712768554688,850.454833984375
1790789051.8350334,0,0,848.8098754882812,825.7801513671875,730.3712768554688,850.454833984375
1790789051.8461587,0,0,848.8098754882812,825.7801513671875,730.3712768554688,850.454833984375
1790789051.8570085,0,0,848.8098754882812,825.7801513671875,730.3712768554688,850.454833984375
1790789051.8685257,0,0,848.8098754882812,825.7801513671875,730.3712768554688,850.454833984375
1790789051.8799186,0,0,843.8749389648438,820.84521484375,651.4122314453125,860.32470703125
1790789051.8909705,0,0,852.0997924804688,829.070068359375,651.4122314453125,843.8749389648438
1790789051.901972,0,0,880.064453125,835.6500244140625,756.6909790039062,861.9697265625
1790789051.9127069,0,0,880.064453125,835.6500244140625,756.6909790039062,861.9697265625
1790789051.9238777,0,0,880.064453125,835.6500244140625,756.6909790039062,861.9697265625
1790789051.9354093,0,0,880.064453125,835.6500244140625,756.6909790039062,861.9697265625
1790789051.9461524,0,0,880.064453125,835.6500244140625,756.6909790039062,861.9697265625
1790789051.9570036,0,0,880.064453125,835.6500244140625,756.6909790039062,861.9697265625
1790789051.9683304,0,0,850.454833984375,825.7801513671875,730.3712768554688,832.3600463867188
1790789051.9795787,0,0,871.839599609375,825.7801513671875,704.0515747070312,847.1648559570312
1790789051.9908843,0,0,870.194580078125,820.84521484375,730.3712768554688,845.5198974609375
1790789052.002859,0,0,852.0997924804688,822.4901733398438,756.6909790039062,843.8749389648438
1790789052.014175,0,0,861.9697265625,822.4901733398438,783.0106201171875,827.4251098632812
1790789052.025042,0,0,861.9697265625,822.4901733398438,783.0106201171875,827.4251098632812
1790789052.0364192,0,0,861.9697265625,822.4901733398438,783.0106201171875,827.4251098632812
1790789052.0475469,0,0,861.9697265625,822.4901733398438,783.0106201171875,827.4251098632812
1790789052.0582173,0,0,861.9697265625,822.4901733398438,783.0106201171875,827.4251098632812
1790789052.0694299,0,0,861.9697265625,822.4901733398438,783.0106201171875,827.4251098632812
1790789052.080496,0,0,873.4845581054688,820.84521484375,783.0106201171875,848.8098754882812
1790789052.091204,0,0,863.6146850585938,809.330322265625,625.092529296875,848.8098754882812
1790789052.1024017,0,0,873.4845581054688,815.9102783203125,756.6909790039062,842.2299194335938
1790789052.113732,0,0,881.70947265625,810.9752807617188,704.0515747070312,850.454833984375
1790789052.1246166,0,0,855.3897705078125,814.2652587890625,677.7318725585938,857.0347290039062
1790789052.1358435,0,0,868.5496215820312,834.0050048828125,940.9287719726562,848.8098754882812
1790789052.1467574,0,0,868.5496215820312,834.0050048828125,940.9287719726562,848.8098754882812
1790789052.1577773,0,0,868.5496215820312,834.0050048828125,940.9287719726562,848.8098754882812
1790789052.1685622,0,0,868.5496215820312,834.0050048828125,940.9287719726562,848.8098754882812
1790789052.1796672,0,0,868.5496215820312,834.0050048828125,940.9287719726562,848.8098754882812
1790789052.1906168,0,0,881.70947265625,814.2652587890625,704.0515747070312,858.6797485351562
1790789052.2020044,0,0,853.7448120117188,824.1351318359375,756.6909790039062,837.2949829101562
1790789052.2132704,0,0,865.2596435546875,819.2001953125,677.7318725585938,843.8749389648438
1790789052.2245266,0,0,870.194580078125,827.4251098632812,704.0515747070312,853.7448120117188
1790789052.2358432,0,0,863.6146850585938,814.2652587890625,388.2153625488281,853.7448120117188
1790789052.2465925,0,0,824.1351318359375,817.5552368164062,467.1744079589844,847.1648559570312
1790789052.257717,0,0,860.32470703125,824.1351318359375,651.4122314453125,840.5849609375
1790789052.2687588,0,0,893.2243041992188,827.4251098632812,625.092529296875,857.0347290039062
1790789052.2800634,0,0,852.0997924804688,822.4901733398438,519.8137817382812,834.0050048828125
1790789052.2910004,0,0,852.0997924804688,822.4901733398438,519.8137817382812,834.0050048828125
1790789052.3019164,0,0,852.0997924804688,822.4901733398438,519.8137817382812,834.0050048828125
1790789052.3130045,0,0,852.0997924804688,822.4901733398438,519.8137817382812,834.0050048828125
1790789052.323597,0,0,852.0997924804688,822.4901733398438,519.8137817382812,834.0050048828125
1790789052.3349464,0,0,871.839599609375,820.84521484375,519.8137817382812,843.8749389648438
1790789052.3461463,0,0,845.5198974609375,820.84521484375,467.1744079589844,847.1648559570312
1790789052.3573465,0,0,855.3897705078125,819.2001953125,965.6034545898438,834.0050048828125
1790789052.36849,0,0,835.6500244140625,822.4901733398438,755.0459594726562,853.7448120117188
1790789052.379463,0,0,855.3897705078125,834.0050048828125,1123.5216064453125,855.3897705078125
1790789052.3902295,0,0,855.3897705078125,834.0050048828125,1123.5216064453125,855.3897705078125
1790789052.401558,0,0,855.3897705078125,834.0050048828125,1123.5216064453125,855.3897705078125
1790789052.4127123,0,0,855.3897705078125,834.0050048828125,1123.5216064453125,855.3897705078125
1790789052.4237823,0,0,855.3897705078125,834.0050048828125,1123.5216064453125,855.3897705078125
1790789052.4346344,0,0,855.3897705078125,834.0050048828125,1123.5216064453125,855.3897705078125
1790789052.4455202,0,0,819.2001953125,822.4901733398438,807.6853637695312,837.2949829101562
1790789052.456754,0,0,815.9102783203125,819.2001953125,807.6853637695312,838.9400024414062
1790789052.467997,0,0,881.70947265625,820.84521484375,886.6444091796875,842.2299194335938
1790789052.4789107,0,0,835.6500244140625,835.6500244140625,965.6034545898438,847.1648559570312
1790789052.4902804,0,0,835.6500244140625,835.6500244140625,965.6034545898438,847.1648559570312
1790789052.501164,0,0,835.6500244140625,835.6500244140625,965.6034545898438,847.1648559570312
1790789052.5119622,0,0,835.6500244140625,835.6500244140625,965.6034545898438,847.1648559570312
1790789052.5233285,0,0,835.6500244140625,835.6500244140625,965.6034545898438,847.1648559570312
1790789052.5345614,0,0,835.6500244140625,835.6500244140625,965.6034545898438,847.1648559570312
1790789052.5454555,0,0,888.2893676757812,842.2299194335938,1123.5216064453125,857.0347290039062
1790789052.5567296,0,0,861.9697265625,822.4901733398438,860.32470703125,840.5849609375
1790789052.5681527,0,0,863.6146850585938,824.1351318359375,886.6444091796875,850.454833984375
1790789052.5792708,0,0,870.194580078125,817.5552368164062,702.4066162109375,850.454833984375
1790789052.5906386,0,0,825.7801513671875,824.1351318359375,755.0459594726562,835.6500244140625
1790789052.6017056,0,0,827.4251098632812,820.84521484375,623.4475708007812,837.2949829101562
1790789052.6126502,0,0,829.070068359375,819.2001953125,649.7672119140625,834.0050048828125
1790789052.6242363,0,0,829.070068359375,819.2001953125,649.7672119140625,834.0050048828125
1790789052.6355195,0,0,829.070068359375,819.2001953125,649.7672119140625,834.0050048828125
1790789052.646396,1,0,829.070068359375,819.2001953125,649.7672119140625,834.0050048828125
1790789052.6571236,1,0,829.070068359375,819.2001953125,649.7672119140625,834.0050048828125
1790789052.6686752,1,0,817.5552368164062,812.6203002929688,544.4884643554688,845.5198974609375
1790789052.6794567,1,0,899.8042602539062,832.3600463867188,781.3656616210938,860.32470703125
1790789052.6908026,1,0,860.32470703125,814.2652587890625,649.7672119140625,842.2299194335938
1790789052.7023878,1,0,860.32470703125,814.2652587890625,649.7672119140625,842.2299194335938
1790789052.7135217,1,0,860.32470703125,814.2652587890625,649.7672119140625,842.2299194335938
1790789052.72454,1,0,860.32470703125,814.2652587890625,649.7672119140625,842.2299194335938
1790789052.7354612,1,0,860.32470703125,814.2652587890625,649.7672119140625,842.2299194335938
1790789052.7465801,1,0,860.32470703125,814.2652587890625,649.7672119140625,842.2299194335938
1790789052.7575955,1,0,870.194580078125,819.2001953125,649.7672119140625,852.0997924804688
1790789052.7699666,1,0,865.2596435546875,820.84521484375,781.3656616210938,847.1648559570312
1790789052.7815583,1,0,876.7745361328125,815.9102783203125,649.7672119140625,848.8098754882812
1790789052.794223,1,0,829.070068359375,824.1351318359375,781.3656616210938,834.0050048828125
1790789052.8056939,1,0,825.7801513671875,812.6203002929688,518.1688232421875,840.5849609375
1790789052.817224,1,0,822.4901733398438,820.84521484375,649.7672119140625,830.715087890625
1790789052.828397,1,0,822.4901733398438,820.84521484375,649.7672119140625,830.715087890625
1790789052.8397117,1,0,822.4901733398438,820.84521484375,649.7672119140625,830.715087890625
1790789052.8511436,1,0,822.4901733398438,820.84521484375,649.7672119140625,830.715087890625
1790789052.8624241,1,0,822.4901733398438,820.84521484375,649.7672119140625,830.715087890625
1790789052.8740678,1,0,863.6146850585938,817.5552368164062,412.89007568359375,850.454833984375
1790789052.8852222,1,0,873.4845581054688,830.715087890625,570.8081665039062,853.7448120117188
1790789052.896135,1,0,835.6500244140625,825.7801513671875,465.5294494628906,847.1648559570312
1790789052.90725,1,0,835.6500244140625,825.7801513671875,465.5294494628906,847.1648559570312
1790789052.918472,1,0,835.6500244140625,825.7801513671875,465.5294494628906,847.1648559570312
1790789052.929124,1,0,835.6500244140625,825.7801513671875,465.5294494628906,847.1648559570312
1790789052.9400043,1,0,835.6500244140625,825.7801513671875,465.5294494628906,847.1648559570312
1790789052.951165,1,0,858.6797485351562,824.1351318359375,439.2097473144531,857.0347290039062
1790789052.9624546,1,0,880.064453125,835.6500244140625,1019.8878173828125,855.3897705078125
1790789052.9737031,1,0,884.9994506835938,822.4901733398438,835.6500244140625,860.32470703125
1790789052.984454,1,0,880.064453125,838.9400024414062,914.6090698242188,860.32470703125
1790789052.9959834,1,0,858.6797485351562,832.3600463867188,914.6090698242188,850.454833984375
1790789053.0071223,1,0,880.064453125,838.9400024414062,1046.20751953125,843.8749389648438
1790789053.0187557,1,0,880.064453125,838.9400024414062,1046.20751953125,843.8749389648438
1790789053.0297415,1,0,880.064453125,838.9400024414062,1046.20751953125,843.8749389648438
1790789053.0408764,1,0,880.064453125,838.9400024414062,1046.20751953125,843.8749389648438
1790789053.0517125,1,0,880.064453125,838.9400024414062,1046.20751953125,843.8749389648438
1790789053.0627484,1,0,894.8693237304688,825.7801513671875,783.0106201171875,857.0347290039062
1790789053.0735657,1,0,852.0997924804688,835.6500244140625,993.568115234375,842.2299194335938
1790789053.0849862,1,0,824.1351318359375,819.2001953125,651.4122314453125,847.1648559570312
1790789053.0956745,1,0,847.1648559570312,832.3600463867188,967.2484130859375,847.1648559570312
1790789053.1071231,1,0,815.9102783203125,817.5552368164062,625.092529296875,832.3600463867188
1790789053.118617,1,0,815.9102783203125,817.5552368164062,625.092529296875,832.3600463867188
1790789053.1300097,1,0,815.9102783203125,817.5552368164062,625.092529296875,832.3600463867188
1790789053.1409292,1,0,815.9102783203125,817.5552368164062,625.092529296875,832.3600463867188
1790789053.1517115,1,0,815.9102783203125,817.5552368164062,625.092529296875,832.3600463867188
1790789053.1623304,1,0,847.1648559570312,838.9400024414062,967.2484130859375,847.1648559570312
1790789053.1733873,1,0,843.8749389648438,819.2001953125,651.4122314453125,848.8098754882812
1790789053.1844065,1,0,868.5496215820312,838.9400024414062,940.9287719726562,852.0997924804688
1790789053.1958065,1,0,865.2596435546875,837.2949829101562,993.568115234375,848.8098754882812
1790789053.206797,1,0,848.8098754882812,824.1351318359375,730.3712768554688,848.8098754882812
1790789053.2179997,1,0,830.715087890625,830.715087890625,940.9287719726562,842.2299194335938
1790789053.2291331,1,0,830.715087890625,830.715087890625,940.9287719726562,842.2299194335938
1790789053.2411714,1,0,830.715087890625,830.715087890625,940.9287719726562,842.2299194335938
1790789053.252468,1,0,830.715087890625,830.715087890625,940.9287719726562,842.2299194335938
1790789053.2639716,1,0,830.715087890625,830.715087890625,940.9287719726562,842.2299194335938
1790789053.2756577,1,0,893.2243041992188,835.6500244140625,1125.16650390625,860.32470703125
1790789053.2866921,1,0,812.6203002929688,819.2001953125,730.3712768554688,852.0997924804688
1790789053.2976487,1,0,827.4251098632812,835.6500244140625,967.2484130859375,843.8749389648438
1790789053.3088374,1,0,848.8098754882812,830.715087890625,1019.8878173828125,837.2949829101562
1790789053.31989,1,0,848.8098754882812,830.715087890625,1019.8878173828125,837.2949829101562
1790789053.331348,1,0,838.9400024414062,834.0050048828125,1019.8878173828125,848.8098754882812
1790789053.3430095,1,0,822.4901733398438,827.4251098632812,993.568115234375,842.2299194335938
1790789053.3546598,1,0,829.070068359375,830.715087890625,1019.8878173828125,840.5849609375
1790789053.3662462,1,0,829.070068359375,830.715087890625,1019.8878173828125,840.5849609375
1790789053.3783178,1,0,829.070068359375,830.715087890625,1019.8878173828125,840.5849609375
1790789053.390408,1,0,829.070068359375,830.715087890625,1019.8878173828125,840.5849609375
1790789053.401782,1,0,829.070068359375,830.715087890625,1019.8878173828125,840.5849609375
1790789053.413527,1,0,848.8098754882812,817.5552368164062,940.9287719726562,855.3897705078125
1790789053.424546,1,0,853.7448120117188,814.2652587890625,861.9697265625,843.8749389648438
1790789053.4354925,1,0,832.3600463867188,815.9102783203125,861.9697265625,853.7448120117188
1790789053.4468637,1,0,858.6797485351562,812.6203002929688,1019.8878173828125,843.8749389648438
1790789053.458234,1,0,855.3897705078125,815.9102783203125,1019.8878173828125,842.2299194335938
1790789053.470187,1,0,830.715087890625,824.1351318359375,993.568115234375,830.715087890625
1790789053.482013,1,0,830.715087890625,824.1351318359375,993.568115234375,830.715087890625
1790789053.4933515,1,0,830.715087890625,824.1351318359375,993.568115234375,830.715087890625
1790789053.5050445,1,0,830.715087890625,824.1351318359375,993.568115234375,830.715087890625
1790789053.5166368,1,0,830.715087890625,824.1351318359375,993.568115234375,830.715087890625
1790789053.5284312,1,0,880.064453125,806.0403442382812,973.828369140625,847.1648559570312
1790789053.5403266,1,0,896.5142822265625,824.1351318359375,1000.1480712890625,852.0997924804688
1790789053.5517783,1,0,840.5849609375,815.9102783203125,763.2708740234375,850.454833984375
1790789053.562913,1,0,863.6146850585938,806.0403442382812,631.6724243164062,860.32470703125
1790789053.5743566,1,0,857.0347290039062,824.1351318359375,842.2299194335938,840.5849609375
1790789053.5866594,1,0,857.0347290039062,824.1351318359375,842.2299194335938,840.5849609375
1790789053.5976677,1,0,857.0347290039062,824.1351318359375,842.2299194335938,840.5849609375
1790789053.60898,1,0,857.0347290039062,824.1351318359375,842.2299194335938,840.5849609375
1790789053.6200852,1,0,835.6500244140625,824.1351318359375,684.3118286132812,848.8098754882812
1790789053.6313894,1,0,840.5849609375,819.2001953125,579.0330810546875,842.2299194335938
1790789053.642646,1,0,875.1295166015625,824.1351318359375,684.3118286132812,853.7448120117188
1790789053.6554105,1,0,853.7448120117188,822.4901733398438,605.352783203125,843.8749389648438
1790789053.6996763,1,0,853.7448120117188,822.4901733398438,605.352783203125,843.8749389648438
1790789053.7145958,1,0,876.7745361328125,822.4901733398438,447.4346618652344,838.9400024414062
1790789053.7261305,1,0,810.9752807617188,820.84521484375,342.1559143066406,824.1351318359375
1790789053.7389767,1,0,810.9752807617188,820.84521484375,342.1559143066406,824.1351318359375
1790789053.750674,1,0,810.9752807617188,820.84521484375,342.1559143066406,824.1351318359375
1790789053.7618601,1,0,847.1648559570312,832.3600463867188,500.07403564453125,822.4901733398438
1790789053.7732265,1,0,817.5552368164062,825.7801513671875,421.1149597167969,827.4251098632812
1790789053.7841728,1,0,883.3544311523438,832.3600463867188,552.71337890625,843.8749389648438
1790789053.7963126,1,0,875.1295166015625,822.4901733398438,421.1149597167969,863.6146850585938
1790789053.8090172,1,0,843.8749389648438,835.6500244140625,579.0330810546875,842.2299194335938
1790789053.8206563,1,0,843.8749389648438,835.6500244140625,579.0330810546875,842.2299194335938
1790789053.8322651,1,0,843.8749389648438,835.6500244140625,579.0330810546875,842.2299194335938
1790789053.8435547,1,0,843.8749389648438,835.6500244140625,579.0330810546875,842.2299194335938
1790789053.8550138,1,0,843.8749389648438,835.6500244140625,579.0330810546875,842.2299194335938
1790789053.8658838,1,0,842.2299194335938,840.5849609375,552.71337890625,848.8098754882812
1790789053.8772182,1,0,796.1704711914062,950.7986450195312,631.6724243164062,817.5552368164062
1790789053.8885257,1,0,820.84521484375,1047.8525390625,763.2708740234375,815.9102783203125
1790789053.8999112,1,0,806.0403442382812,1041.2725830078125,710.6315307617188,812.6203002929688
1790789053.9106307,1,0,809.330322265625,1061.0123291015625,763.2708740234375,797.8154907226562
1790789053.9223485,1,0,809.330322265625,1061.0123291015625,763.2708740234375,797.8154907226562
1790789053.9333107,1,0,809.330322265625,1061.0123291015625,763.2708740234375,797.8154907226562
1790789053.9447744,1,0,809.330322265625,1061.0123291015625,763.2708740234375,797.8154907226562
1790789053.9556916,1,0,809.330322265625,1061.0123291015625,763.2708740234375,797.8154907226562
1790789053.9666986,1,0,741.8861083984375,1067.59228515625,500.07403564453125,789.590576171875
1790789053.977932,1,0,847.1648559570312,1113.6517333984375,710.6315307617188,835.6500244140625
1790789053.9895308,1,0,840.5849609375,1090.6219482421875,579.0330810546875,853.7448120117188
1790789054.0011215,1,0,873.4845581054688,1136.681396484375,605.352783203125,852.0997924804688
1790789054.0122728,1,0,809.330322265625,1116.941650390625,473.75433349609375,845.5198974609375
1790789054.0231307,1,0,809.330322265625,1116.941650390625,473.75433349609375,845.5198974609375
1790789054.0342968,1,0,809.330322265625,1116.941650390625,473.75433349609375,845.5198974609375
1790789054.045143,1,0,809.330322265625,1116.941650390625,473.75433349609375,845.5198974609375
1790789054.0560942,1,0,809.330322265625,1116.941650390625,473.75433349609375,845.5198974609375
1790789054.067884,1,0,799.46044921875,988.6331787109375,552.71337890625,852.0997924804688
1790789054.0788496,1,0,860.32470703125,898.1592407226562,526.3937377929688,863.6146850585938
1790789054.0897443,1,0,835.6500244140625,827.4251098632812,631.6724243164062,870.194580078125
1790789054.1005921,1,0,835.6500244140625,827.4251098632812,631.6724243164062,870.194580078125
1790789054.1115499,1,0,835.6500244140625,827.4251098632812,631.6724243164062,870.194580078125
1790789054.1228652,1,0,835.6500244140625,827.4251098632812,631.6724243164062,870.194580078125
1790789054.133964,1,0,835.6500244140625,827.4251098632812,631.6724243164062,870.194580078125
1790789054.145311,1,0,866.9046630859375,783.0106201171875,552.71337890625,880.064453125
1790789054.1567318,1,0,835.6500244140625,745.1760864257812,968.8934326171875,858.6797485351562
1790789054.1681206,1,0,884.9994506835938,625.092529296875,679.3768920898438,883.3544311523438
1790789054.1789122,1,0,881.70947265625,638.2523803710938,837.2949829101562,871.839599609375
1790789054.1900868,1,0,881.70947265625,638.2523803710938,837.2949829101562,871.839599609375
1790789054.2014763,1,0,881.70947265625,638.2523803710938,837.2949829101562,871.839599609375
1790789054.2123828,1,0,881.70947265625,638.2523803710938,837.2949829101562,871.839599609375
1790789054.223884,1,0,881.70947265625,638.2523803710938,837.2949829101562,871.839599609375
1790789054.2354836,1,0,873.4845581054688,654.7021484375,732.0162353515625,858.6797485351562
1790789054.2468607,1,0,906.3841552734375,651.4122314453125,626.7374877929688,884.9994506835938
1790789054.2578998,1,0,819.2001953125,638.2523803710938,521.458740234375,855.3897705078125
1790789054.26989,1,0,889.9343872070312,671.1519775390625,732.0162353515625,857.0347290039062
1790789054.2811763,1,0,893.2243041992188,681.0218505859375,732.0162353515625,855.3897705078125
1790789054.2923806,1,0,893.2243041992188,681.0218505859375,732.0162353515625,855.3897705078125
1790789054.3037372,1,0,893.2243041992188,681.0218505859375,732.0162353515625,855.3897705078125
1790789054.3145301,1,0,893.2243041992188,681.0218505859375,732.0162353515625,855.3897705078125
1790789054.3256726,1,0,893.2243041992188,681.0218505859375,732.0162353515625,855.3897705078125
1790789054.33675,1,0,893.2243041992188,681.0218505859375,732.0162353515625,855.3897705078125
1790789054.3476217,1,0,896.5142822265625,685.956787109375,679.3768920898438,853.7448120117188
1790789054.3587668,1,0,881.70947265625,692.5367431640625,810.9752807617188,845.5198974609375
1790789054.3701944,1,0,820.84521484375,702.4066162109375,600.4178466796875,825.7801513671875
1790789054.3812659,1,0,901.44921875,727.081298828125,705.6965942382812,852.0997924804688
1790789054.3923788,1,0,827.4251098632812,718.8563842773438,442.4997253417969,843.8749389648438
1790789054.4032636,1,0,827.4251098632812,718.8563842773438,442.4997253417969,843.8749389648438
1790789054.4151022,1,0,827.4251098632812,718.8563842773438,442.4997253417969,843.8749389648438
1790789054.426322,1,0,827.4251098632812,718.8563842773438,442.4997253417969,843.8749389648438
1790789054.437058,1,0,827.4251098632812,718.8563842773438,442.4997253417969,843.8749389648438
1790789054.4483306,1,0,827.4251098632812,718.8563842773438,442.4997253417969,843.8749389648438
1790789054.4599552,1,0,827.4251098632812,718.8563842773438,442.4997253417969,843.8749389648438
1790789054.4717922,0,0,876.7745361328125,735.3062133789062,653.0571899414062,848.8098754882812
1790789054.4829016,0,0,880.064453125,751.7560424804688,732.0162353515625,853.7448120117188
1790789054.495671,0,0,876.7745361328125,756.6909790039062,574.09814453125,857.0347290039062
1790789054.5069811,0,0,843.8749389648438,764.9158325195312,679.3768920898438,845.5198974609375
1790789054.5179772,0,0,863.6146850585938,779.720703125,784.6556396484375,832.3600463867188
1790789054.5291748,0,0,817.5552368164062,766.5608520507812,389.8603515625,847.1648559570312
1790789054.540252,0,0,817.5552368164062,766.5608520507812,389.8603515625,847.1648559570312
1790789054.551222,0,0,817.5552368164062,766.5608520507812,389.8603515625,847.1648559570312
1790789054.5623932,0,0,817.5552368164062,766.5608520507812,389.8603515625,847.1648559570312
1790789054.5731719,0,0,817.5552368164062,766.5608520507812,389.8603515625,847.1648559570312
1790789054.5843236,0,0,825.7801513671875,773.1407470703125,679.3768920898438,845.5198974609375
1790789054.5949364,0,0,871.839599609375,791.2355346679688,784.6556396484375,827.4251098632812
1790789054.6058922,0,0,894.8693237304688,797.8154907226562,810.9752807617188,848.8098754882812
1790789054.61706,0,0,850.454833984375,779.720703125,547.7784423828125,842.2299194335938
1790789054.6282506,0,0,830.715087890625,799.46044921875,758.3359375,838.9400024414062
1790789054.6397324,0,0,830.715087890625,797.8154907226562,810.9752807617188,830.715087890625
1790789054.650784,0,0,830.715087890625,797.8154907226562,810.9752807617188,830.715087890625
1790789054.661648,0,0,830.715087890625,797.8154907226562,810.9752807617188,830.715087890625
1790789054.672508,0,0,830.715087890625,797.8154907226562,810.9752807617188,830.715087890625
1790789054.6834056,0,0,830.715087890625,797.8154907226562,810.9752807617188,830.715087890625
1790789054.6942458,0,0,861.9697265625,796.1704711914062,679.3768920898438,845.5198974609375
1790789054.705439,0,0,840.5849609375,810.9752807617188,732.0162353515625,840.5849609375
1790789054.7167628,0,0,858.6797485351562,814.2652587890625,784.6556396484375,840.5849609375
1790789054.7278228,0,0,866.9046630859375,815.9102783203125,784.6556396484375,855.3897705078125
1790789054.7390277,0,0,866.9046630859375,815.9102783203125,784.6556396484375,855.3897705078125
1790789054.7507336,0,0,866.9046630859375,815.9102783203125,784.6556396484375,855.3897705078125
1790789054.7618055,0,0,850.454833984375,802.7504272460938,822.4901733398438,840.5849609375
1790789054.7738242,0,0,863.6146850585938,802.7504272460938,901.44921875,853.7448120117188
1790789054.7855678,0,0,858.6797485351562,797.8154907226562,822.4901733398438,834.0050048828125
1790789054.7967172,0,0,852.0997924804688,812.6203002929688,1006.7279663085938,840.5849609375
1790789054.8077972,0,0,868.5496215820312,810.9752807617188,954.088623046875,842.2299194335938
1790789054.8192844,0,0,842.2299194335938,815.9102783203125,796.1704711914062,842.2299194335938
1790789054.8302615,0,0,842.2299194335938,815.9102783203125,796.1704711914062,842.2299194335938
1790789054.8413935,0,0,842.2299194335938,815.9102783203125,796.1704711914062,842.2299194335938
1790789054.8526223,0,0,842.2299194335938,815.9102783203125,796.1704711914062,842.2299194335938
1790789054.8641222,0,0,842.2299194335938,815.9102783203125,796.1704711914062,842.2299194335938
1790789054.87521,0,0,842.2299194335938,815.9102783203125,796.1704711914062,842.2299194335938
1790789054.8863647,0,0,875.1295166015625,809.330322265625,875.1295166015625,842.2299194335938
1790789054.8970919,0,0,875.1295166015625,809.330322265625,875.1295166015625,842.2299194335938
1790789054.908036,0,0,921.18896484375,829.070068359375,980.4082641601562,858.6797485351562
1790789054.9193375,0,0,834.0050048828125,796.1704711914062,375.0555114746094,852.0997924804688
1790789054.9307323,0,0,827.4251098632812,804.3953857421875,375.0555114746094,842.2299194335938
1790789054.9416914,0,0,827.4251098632812,804.3953857421875,375.0555114746094,842.2299194335938
1790789054.9530163,0,0,908.0291748046875,822.4901733398438,480.3342590332031,855.3897705078125
1790789054.9636123,0,0,898.1592407226562,822.4901733398438,532.9736328125,845.5198974609375
1790789054.9745786,0,0,845.5198974609375,814.2652587890625,506.6539306640625,832.3600463867188
1790789054.9860296,0,0,845.5198974609375,814.2652587890625,506.6539306640625,832.3600463867188
1790789054.9975011,0,0,845.5198974609375,814.2652587890625,506.6539306640625,832.3600463867188
1790789055.0084405,0,0,845.5198974609375,814.2652587890625,506.6539306640625,832.3600463867188
1790789055.0198312,0,0,845.5198974609375,814.2652587890625,506.6539306640625,832.3600463867188
1790789055.0308135,0,0,845.5198974609375,814.2652587890625,506.6539306640625,832.3600463867188
1790789055.041883,0,0,845.5198974609375,814.2652587890625,506.6539306640625,832.3600463867188
1790789055.053473,0,0,904.7391967773438,824.1351318359375,690.8917236328125,852.0997924804688
1790789055.0648167,0,0,884.9994506835938,812.6203002929688,454.01458740234375,852.0997924804688
1790789055.076282,0,0,898.1592407226562,815.9102783203125,532.9736328125,855.3897705078125
1790789055.0875146,0,0,853.7448120117188,806.0403442382812,401.3752136230469,860.32470703125
1790789055.0986753,0,0,853.7448120117188,806.0403442382812,401.3752136230469,860.32470703125
1790789055.1099787,0,0,853.7448120117188,806.0403442382812,401.3752136230469,860.32470703125
1790789055.120932,0,0,853.7448120117188,806.0403442382812,401.3752136230469,860.32470703125
1790789055.1324406,0,0,853.7448120117188,806.0403442382812,401.3752136230469,860.32470703125
1790789055.1434803,0,0,853.7448120117188,806.0403442382812,401.3752136230469,860.32470703125
1790789055.1549,0,0,871.839599609375,819.2001953125,427.69488525390625,847.1648559570312
1790789055.166674,0,0,860.32470703125,815.9102783203125,348.73583984375,842.2299194335938
1790789055.1782918,0,0,893.2243041992188,812.6203002929688,375.0555114746094,855.3897705078125
1790789055.1897526,0,0,853.7448120117188,812.6203002929688,243.45709228515625,850.454833984375
1790789055.2009559,0,0,853.7448120117188,812.6203002929688,243.45709228515625,850.454833984375
1790789055.2118564,0,0,853.7448120117188,812.6203002929688,243.45709228515625,850.454833984375
1790789055.2230759,0,0,853.7448120117188,812.6203002929688,243.45709228515625,850.454833984375
1790789055.2343876,0,0,860.32470703125,827.4251098632812,480.3342590332031,847.1648559570312
1790789055.2455814,0,0,889.9343872070312,807.6853637695312,269.7767639160156,863.6146850585938
1790789055.25708,0,0,899.8042602539062,825.7801513671875,506.6539306640625,855.3897705078125
1790789055.2684488,0,0,847.1648559570312,809.330322265625,6.579921245574951,861.9697265625
1790789055.2796102,0,0,901.44921875,830.715087890625,912.964111328125,843.8749389648438
1790789055.29104,0,0,878.4194946289062,827.4251098632812,834.0050048828125,853.7448120117188
1790789055.3022752,0,0,865.2596435546875,825.7801513671875,834.0050048828125,852.0997924804688
1790789055.3130138,0,0,865.2596435546875,825.7801513671875,834.0050048828125,852.0997924804688
1790789055.3238182,0,0,865.2596435546875,825.7801513671875,834.0050048828125,852.0997924804688
1790789055.3348422,0,0,865.2596435546875,825.7801513671875,834.0050048828125,852.0997924804688
1790789055.34583,0,0,865.2596435546875,825.7801513671875,834.0050048828125,852.0997924804688
1790789055.3570611,0,0,883.3544311523438,817.5552368164062,834.0050048828125,863.6146850585938
1790789055.368605,0,0,880.064453125,832.3600463867188,965.6034545898438,847.1648559570312
1790789055.3799574,0,0,860.32470703125,825.7801513671875,912.964111328125,830.715087890625
1790789055.3913689,0,0,860.32470703125,825.7801513671875,912.964111328125,830.715087890625
1790789055.4024668,0,0,860.32470703125,825.7801513671875,912.964111328125,830.715087890625
1790789055.41356,0,0,860.32470703125,825.7801513671875,912.964111328125,830.715087890625
1790789055.4249728,0,0,860.32470703125,825.7801513671875,912.964111328125,830.715087890625
1790789055.4358537,0,0,847.1648559570312,815.9102783203125,781.3656616210938,837.2949829101562
1790789055.4471495,0,0,878.4194946289062,835.6500244140625,912.964111328125,845.5198974609375
1790789055.4581301,0,0,881.70947265625,827.4251098632812,860.32470703125,853.7448120117188
1790789055.469187,0,0,819.2001953125,814.2652587890625,491.84912109375,850.454833984375
1790789055.4804025,0,0,858.6797485351562,827.4251098632812,807.6853637695312,847.1648559570312
1790789055.4914706,0,0,834.0050048828125,815.9102783203125,570.8081665039062,853.7448120117188
1790789055.5032034,0,0,834.0050048828125,815.9102783203125,570.8081665039062,853.7448120117188
1790789055.5143,0,0,834.0050048828125,815.9102783203125,570.8081665039062,853.7448120117188
1790789055.5254734,0,0,834.0050048828125,815.9102783203125,570.8081665039062,853.7448120117188
1790789055.536723,0,0,834.0050048828125,815.9102783203125,570.8081665039062,853.7448120117188
1790789055.5481932,0,0,873.4845581054688,834.0050048828125,886.6444091796875,845.5198974609375
1790789055.5589008,0,0,868.5496215820312,837.2949829101562,860.32470703125,829.070068359375
1790789055.5695121,0,0,883.3544311523438,835.6500244140625,912.964111328125,848.8098754882812
1790789055.580458,0,0,861.9697265625,835.6500244140625,755.0459594726562,857.0347290039062
1790789055.591435,0,0,861.9697265625,835.6500244140625,755.0459594726562,857.0347290039062
1790789055.6022801,0,0,861.9697265625,835.6500244140625,755.0459594726562,857.0347290039062
1790789055.6133368,0,0,861.9697265625,835.6500244140625,755.0459594726562,857.0347290039062
1790789055.6243763,0,0,861.9697265625,835.6500244140625,755.0459594726562,857.0347290039062
1790789055.6353357,0,0,861.9697265625,835.6500244140625,755.0459594726562,857.0347290039062
1790789055.646787,0,0,824.1351318359375,825.7801513671875,702.4066162109375,842.2299194335938
1790789055.6581616,0,0,876.7745361328125,804.3953857421875,649.7672119140625,863.6146850585938
1790789055.669799,0,0,847.1648559570312,838.9400024414062,991.9231567382812,838.9400024414062
1790789055.6822774,0,0,863.6146850585938,807.6853637695312,544.4884643554688,858.6797485351562
1790789055.6940567,0,0,822.4901733398438,824.1351318359375,755.0459594726562,847.1648559570312
1790789055.7055833,0,0,822.4901733398438,824.1351318359375,755.0459594726562,847.1648559570312
1790789055.7171118,0,0,822.4901733398438,824.1351318359375,755.0459594726562,847.1648559570312
1790789055.7282157,0,0,822.4901733398438,824.1351318359375,755.0459594726562,847.1648559570312
1790789055.7394402,0,0,822.4901733398438,824.1351318359375,755.0459594726562,847.1648559570312
1790789055.7504842,0,0,866.9046630859375,814.2652587890625,755.0459594726562,848.8098754882812
1790789055.7612398,0,0,858.6797485351562,806.0403442382812,597.1278686523438,861.9697265625
1790789055.7720528,0,0,860.32470703125,822.4901733398438,807.6853637695312,858.6797485351562
1790789055.7834759,0,0,835.6500244140625,812.6203002929688,702.4066162109375,855.3897705078125
1790789055.7945223,0,0,840.5849609375,807.6853637695312,702.4066162109375,855.3897705078125
1790789055.8058126,0,0,840.5849609375,807.6853637695312,702.4066162109375,855.3897705078125
1790789055.817056,0,0,840.5849609375,807.6853637695312,702.4066162109375,855.3897705078125
1790789055.8277683,0,0,840.5849609375,807.6853637695312,702.4066162109375,855.3897705078125
1790789055.839125,0,0,840.5849609375,807.6853637695312,702.4066162109375,855.3897705078125
1790789055.850105,0,0,840.5849609375,807.6853637695312,702.4066162109375,855.3897705078125
1790789055.8612695,0,0,847.1648559570312,806.0403442382812,570.8081665039062,868.5496215820312
1790789055.8719418,0,0,830.715087890625,817.5552368164062,728.726318359375,848.8098754882812
1790789055.883242,0,0,827.4251098632812,848.8098754882812,786.3005981445312,801.1054077148438
1790789055.894056,0,0,786.3005981445312,850.454833984375,654.7021484375,778.07568359375
1790789055.9056294,0,0,786.3005981445312,850.454833984375,654.7021484375,778.07568359375
1790789055.9173079,0,0,786.3005981445312,850.454833984375,654.7021484375,778.07568359375
1790789055.928395,0,0,786.3005981445312,850.454833984375,654.7021484375,778.07568359375
1790789055.939532,0,0,786.3005981445312,850.454833984375,654.7021484375,778.07568359375
1790789055.9509742,0,0,786.3005981445312,850.454833984375,654.7021484375,778.07568359375
1790789055.9615912,0,0,748.466064453125,865.2596435546875,759.9808959960938,748.466064453125
1790789055.985357,1,0,768.205810546875,876.7745361328125,944.2186889648438,743.5311279296875
1790789056.0080564,1,0,725.4363403320312,889.9343872070312,865.2596435546875,700.7615966796875
1790789056.0190732,1,0,708.9865112304688,880.064453125,865.2596435546875,702.4066162109375
1790789056.0319552,1,0,768.205810546875,889.9343872070312,1102.1368408203125,713.9214477539062
1790789056.0446975,1,0,791.2355346679688,870.194580078125,891.579345703125,722.1463623046875
1790789056.0567768,1,0,857.0347290039062,838.9400024414062,1049.4974365234375,824.1351318359375
1790789056.070456,1,0,840.5849609375,829.070068359375,917.8990478515625,832.3600463867188
1790789056.081998,1,0,840.5849609375,829.070068359375,917.8990478515625,832.3600463867188
1790789056.0934756,1,0,840.5849609375,829.070068359375,917.8990478515625,832.3600463867188
1790789056.1055427,1,0,899.8042602539062,832.3600463867188,1260.054931640625,852.0997924804688
1790789056.117855,1,0,875.1295166015625,789.590576171875,759.9808959960938,893.2243041992188
1790789056.129159,1,0,909.6741333007812,820.84521484375,1154.7762451171875,888.2893676757812
1790789056.1403542,1,0,909.6741333007812,820.84521484375,1154.7762451171875,888.2893676757812
1790789056.1514752,1,0,909.6741333007812,820.84521484375,1154.7762451171875,888.2893676757812
1790789056.1628292,1,0,909.6741333007812,820.84521484375,1154.7762451171875,888.2893676757812
1790789056.173859,1,0,909.6741333007812,820.84521484375,1154.7762451171875,888.2893676757812
1790789056.1850362,1,0,909.6741333007812,820.84521484375,1154.7762451171875,888.2893676757812
1790789056.1959414,1,0,911.319091796875,806.0403442382812,812.6203002929688,908.0291748046875
1790789056.2070434,1,0,896.5142822265625,820.84521484375,1181.0958251953125,886.6444091796875
1790789056.2182667,1,0,889.9343872070312,820.84521484375,1023.1777954101562,878.4194946289062
1790789056.2296796,1,0,908.0291748046875,840.5849609375,1154.7762451171875,858.6797485351562
1790789056.240939,1,0,908.0291748046875,840.5849609375,1154.7762451171875,858.6797485351562
1790789056.2519662,1,0,908.0291748046875,840.5849609375,1154.7762451171875,858.6797485351562
1790789056.2634587,1,0,908.0291748046875,840.5849609375,1154.7762451171875,858.6797485351562
1790789056.2741952,1,0,908.0291748046875,840.5849609375,1154.7762451171875,858.6797485351562
1790789056.2856674,1,0,863.6146850585938,829.070068359375,1049.4974365234375,863.6146850585938
1790789056.2967446,1,0,873.4845581054688,827.4251098632812,1023.1777954101562,875.1295166015625
1790789056.3077838,1,0,886.6444091796875,814.2652587890625,1049.4974365234375,880.064453125
1790789056.3188722,1,0,847.1648559570312,843.8749389648438,1181.0958251953125,850.454833984375
1790789056.3300564,1,0,896.5142822265625,842.2299194335938,1312.6943359375,850.454833984375
1790789056.3410838,1,0,888.2893676757812,827.4251098632812,1049.4974365234375,865.2596435546875
1790789056.3518696,1,0,883.3544311523438,830.715087890625,1049.4974365234375,848.8098754882812
1790789056.3631244,1,0,845.5198974609375,827.4251098632812,917.8990478515625,853.7448120117188
1790789056.3741038,1,0,845.5198974609375,827.4251098632812,917.8990478515625,853.7448120117188
1790789056.3848627,1,0,845.5198974609375,827.4251098632812,917.8990478515625,853.7448120117188
1790789056.3960671,1,0,845.5198974609375,827.4251098632812,917.8990478515625,853.7448120117188
1790789056.4067187,1,0,845.5198974609375,827.4251098632812,917.8990478515625,853.7448120117188
1790789056.4177287,1,0,830.715087890625,825.7801513671875,944.2186889648438,840.5849609375
1790789056.4288409,1,0,893.2243041992188,829.070068359375,891.579345703125,857.0347290039062
1790789056.439977,1,0,893.2243041992188,830.715087890625,944.2186889648438,853.7448120117188
1790789056.4510558,1,0,853.7448120117188,832.3600463867188,927.7689208984375,848.8098754882812
1790789056.4619837,1,0,850.454833984375,812.6203002929688,822.4901733398438,855.3897705078125
1790789056.473627,1,0,842.2299194335938,807.6853637695312,796.1704711914062,855.3897705078125
1790789056.4852896,1,0,842.2299194335938,807.6853637695312,796.1704711914062,855.3897705078125
1790789056.496589,1,0,842.2299194335938,807.6853637695312,796.1704711914062,855.3897705078125
1790789056.5082035,1,0,842.2299194335938,807.6853637695312,796.1704711914062,855.3897705078125
1790789056.5202382,1,0,842.2299194335938,807.6853637695312,796.1704711914062,855.3897705078125
1790789056.531849,1,0,829.070068359375,812.6203002929688,743.5311279296875,855.3897705078125
1790789056.5432987,1,0,842.2299194335938,815.9102783203125,822.4901733398438,842.2299194335938
1790789056.5556593,1,0,863.6146850585938,838.9400024414062,954.088623046875,852.0997924804688
1790789056.5672224,1,0,870.194580078125,842.2299194335938,1138.326416015625,855.3897705078125
1790789056.5786216,1,0,870.194580078125,842.2299194335938,1138.326416015625,855.3897705078125
1790789056.5896883,1,0,870.194580078125,842.2299194335938,1138.326416015625,855.3897705078125
1790789056.6004534,1,0,870.194580078125,842.2299194335938,1138.326416015625,855.3897705078125
1790789056.6116254,1,0,870.194580078125,842.2299194335938,1138.326416015625,855.3897705078125
1790789056.6226606,1,0,870.194580078125,842.2299194335938,1138.326416015625,855.3897705078125
1790789056.6336756,1,0,865.2596435546875,829.070068359375,875.1295166015625,852.0997924804688
1790789056.6448793,1,0,840.5849609375,827.4251098632812,954.088623046875,843.8749389648438
1790789056.6559105,1,0,871.839599609375,825.7801513671875,927.7689208984375,858.6797485351562
1790789056.6671028,1,0,855.3897705078125,822.4901733398438,822.4901733398438,850.454833984375
1790789056.678394,1,0,834.0050048828125,827.4251098632812,901.44921875,852.0997924804688
1790789056.6904068,1,0,866.9046630859375,829.070068359375,1006.7279663085938,857.0347290039062
1790789056.701681,1,0,866.9046630859375,829.070068359375,1006.7279663085938,857.0347290039062
1790789056.712728,1,0,866.9046630859375,829.070068359375,1006.7279663085938,857.0347290039062
1790789056.723882,1,0,866.9046630859375,829.070068359375,1006.7279663085938,857.0347290039062
1790789056.7353883,1,0,866.9046630859375,829.070068359375,1006.7279663085938,857.0347290039062
1790789056.746673,1,0,866.9046630859375,829.070068359375,1006.7279663085938,857.0347290039062
1790789056.7579136,1,0,880.064453125,838.9400024414062,1059.3673095703125,853.7448120117188
1790789056.7695909,1,0,868.5496215820312,834.0050048828125,1033.047607421875,857.0347290039062
1790789056.7816556,1,0,881.70947265625,822.4901733398438,980.4082641601562,861.9697265625
1790789056.7928333,1,0,870.194580078125,819.2001953125,927.7689208984375,861.9697265625
1790789056.8039336,1,0,852.0997924804688,827.4251098632812,1085.68701171875,847.1648559570312
1790789056.8148015,1,0,865.2596435546875,827.4251098632812,1112.0067138671875,857.0347290039062
1790789056.8258693,1,0,865.2596435546875,827.4251098632812,1112.0067138671875,857.0347290039062
1790789056.837361,1,0,865.2596435546875,827.4251098632812,1112.0067138671875,857.0347290039062
1790789056.848773,1,0,865.2596435546875,827.4251098632812,1112.0067138671875,857.0347290039062
1790789056.8595936,1,0,865.2596435546875,827.4251098632812,1112.0067138671875,857.0347290039062
1790789056.8706346,1,0,865.2596435546875,827.4251098632812,1112.0067138671875,857.0347290039062
1790789056.8822465,1,0,868.5496215820312,819.2001953125,927.7689208984375,858.6797485351562
1790789056.8934278,1,0,850.454833984375,817.5552368164062,954.088623046875,860.32470703125
1790789056.9048445,1,0,875.1295166015625,837.2949829101562,1217.285400390625,855.3897705078125
1790789056.916224,1,0,835.6500244140625,815.9102783203125,954.088623046875,850.454833984375
1790789056.9274654,1,0,835.6500244140625,815.9102783203125,954.088623046875,850.454833984375
1790789056.9383006,1,0,835.6500244140625,815.9102783203125,954.088623046875,850.454833984375
1790789056.9492886,1,0,835.6500244140625,815.9102783203125,954.088623046875,850.454833984375
1790789056.9603846,1,0,835.6500244140625,815.9102783203125,954.088623046875,850.454833984375
1790789056.9714625,1,0,835.6500244140625,815.9102783203125,954.088623046875,850.454833984375
1790789056.9825613,1,0,835.6500244140625,815.9102783203125,954.088623046875,850.454833984375
1790789056.9936318,1,0,848.8098754882812,819.2001953125,1085.68701171875,838.9400024414062
1790789057.0048316,1,0,858.6797485351562,835.6500244140625,1059.3673095703125,853.7448120117188
1790789057.0163853,1,0,858.6797485351562,835.6500244140625,1059.3673095703125,853.7448120117188
1790789057.0273972,1,0,858.6797485351562,835.6500244140625,1059.3673095703125,853.7448120117188
1790789057.0386686,1,0,858.6797485351562,835.6500244140625,1059.3673095703125,853.7448120117188
1790789057.0498514,1,0,898.1592407226562,824.1351318359375,1059.3673095703125,845.5198974609375
1790789057.0614066,1,0,830.715087890625,812.6203002929688,848.8098754882812,838.9400024414062
1790789057.0722575,1,0,873.4845581054688,830.715087890625,1008.3729248046875,838.9400024414062
1790789057.0831232,1,0,899.8042602539062,827.4251098632812,929.4138793945312,850.454833984375
1790789057.0944955,1,0,853.7448120117188,822.4901733398438,639.8973388671875,853.7448120117188
1790789057.1055279,1,0,880.064453125,843.8749389648438,850.454833984375,845.5198974609375
1790789057.1167915,1,0,880.064453125,843.8749389648438,850.454833984375,845.5198974609375
1790789057.1275475,1,0,880.064453125,843.8749389648438,850.454833984375,845.5198974609375
1790789057.138751,1,0,880.064453125,843.8749389648438,850.454833984375,845.5198974609375
1790789057.1498299,1,0,880.064453125,843.8749389648438,850.454833984375,845.5198974609375
1790789057.1606436,1,0,843.8749389648438,912.964111328125,876.7745361328125,825.7801513671875
1790789057.1714287,1,0,807.6853637695312,926.1239624023438,718.8563842773438,794.5255126953125
1790789057.1824763,1,0,781.3656616210938,1042.91748046875,613.5776977539062,789.590576171875
1790789057.1936338,1,0,827.4251098632812,1092.2669677734375,692.5367431640625,807.6853637695312
1790789057.2047265,1,0,827.4251098632812,1092.2669677734375,692.5367431640625,807.6853637695312
1790789057.216163,1,0,827.4251098632812,1092.2669677734375,692.5367431640625,807.6853637695312
1790789057.2278259,1,0,827.4251098632812,1092.2669677734375,692.5367431640625,807.6853637695312
1790789057.239261,1,0,827.4251098632812,1092.2669677734375,692.5367431640625,807.6853637695312
1790789057.2505257,1,0,820.84521484375,1075.817138671875,692.5367431640625,801.1054077148438
1790789057.2620263,1,0,822.4901733398438,1084.0419921875,403.0201721191406,812.6203002929688
1790789057.2730272,1,0,875.1295166015625,1052.7874755859375,692.5367431640625,860.32470703125
1790789057.283885,1,0,848.8098754882812,1047.8525390625,718.8563842773438,850.454833984375
1790789057.2950044,1,0,893.2243041992188,973.828369140625,639.8973388671875,865.2596435546875
1790789057.3061218,1,0,916.2540283203125,983.6982421875,718.8563842773438,881.70947265625
1790789057.3176348,1,0,916.2540283203125,983.6982421875,718.8563842773438,881.70947265625
1790789057.3283484,1,0,916.2540283203125,983.6982421875,718.8563842773438,881.70947265625
1790789057.3390336,1,0,916.2540283203125,983.6982421875,718.8563842773438,881.70947265625
1790789057.3502197,1,0,916.2540283203125,983.6982421875,718.8563842773438,881.70947265625
1790789057.3615189,1,0,850.454833984375,942.57373046875,481.979248046875,876.7745361328125
1790789057.3730743,1,0,914.6090698242188,903.09423828125,692.5367431640625,876.7745361328125
1790789057.3845985,1,0,884.9994506835938,870.194580078125,403.0201721191406,863.6146850585938
1790789057.395385,1,0,850.454833984375,832.3600463867188,403.0201721191406,868.5496215820312
1790789057.406271,1,0,878.4194946289062,838.9400024414062,481.979248046875,876.7745361328125
1790789057.4174814,1,0,878.4194946289062,838.9400024414062,481.979248046875,876.7745361328125
1790789057.428624,1,0,878.4194946289062,838.9400024414062,481.979248046875,876.7745361328125
1790789057.4395483,1,0,878.4194946289062,838.9400024414062,481.979248046875,876.7745361328125
1790789057.4507809,1,0,878.4194946289062,838.9400024414062,481.979248046875,876.7745361328125
1790789057.4622664,1,0,909.6741333007812,792.8805541992188,666.217041015625,865.2596435546875
1790789057.4729922,1,0,855.3897705078125,784.6556396484375,481.979248046875,853.7448120117188
1790789057.483794,1,0,843.8749389648438,774.7857666015625,481.979248046875,853.7448120117188
1790789057.4947157,1,0,852.0997924804688,743.5311279296875,455.6595458984375,852.0997924804688
1790789057.505942,1,0,838.9400024414062,722.1463623046875,324.0611267089844,850.454833984375
1790789057.517193,1,0,893.2243041992188,728.726318359375,481.979248046875,868.5496215820312
1790789057.5285861,1,0,878.4194946289062,717.21142578125,429.3398742675781,873.4845581054688
1790789057.540171,1,0,878.4194946289062,717.21142578125,429.3398742675781,873.4845581054688
1790789057.5513453,1,0,878.4194946289062,717.21142578125,429.3398742675781,873.4845581054688
1790789057.5629935,1,0,878.4194946289062,717.21142578125,429.3398742675781,873.4845581054688
1790789057.5742416,1,0,878.4194946289062,717.21142578125,429.3398742675781,873.4845581054688
1790789057.5864205,1,0,880.064453125,681.0218505859375,560.9382934570312,857.0347290039062
1790789057.5973647,1,0,871.839599609375,651.4122314453125,429.3398742675781,866.9046630859375
1790789057.6086907,1,0,886.6444091796875,657.9921264648438,613.5776977539062,883.3544311523438
1790789057.6202645,1,0,903.09423828125,664.5720825195312,574.09814453125,876.7745361328125
1790789057.6322346,1,0,875.1295166015625,704.0515747070312,978.7633056640625,861.9697265625
1790789057.6432483,1,0,860.32470703125,712.2764892578125,847.1648559570312,866.9046630859375
1790789057.6541493,1,0,884.9994506835938,728.726318359375,978.7633056640625,861.9697265625
1790789057.6652453,1,0,884.9994506835938,728.726318359375,978.7633056640625,861.9697265625
1790789057.6764748,1,0,884.9994506835938,728.726318359375,978.7633056640625,861.9697265625
1790789057.6880436,1,0,884.9994506835938,728.726318359375,978.7633056640625,861.9697265625
1790789057.6992,1,0,884.9994506835938,728.726318359375,978.7633056640625,861.9697265625
1790789057.7101064,0,0,884.9994506835938,728.726318359375,978.7633056640625,861.9697265625
1790789057.721378,0,0,855.3897705078125,722.1463623046875,820.84521484375,838.9400024414062
1790789057.7324934,0,0,893.2243041992188,746.8211059570312,1031.4027099609375,852.0997924804688
1790789057.7438197,0,0,829.070068359375,748.466064453125,820.84521484375,842.2299194335938
1790789057.754996,0,0,875.1295166015625,769.850830078125,1005.0830078125,858.6797485351562
1790789057.7665565,0,0,858.6797485351562,756.6909790039062,820.84521484375,853.7448120117188
1790789057.7783346,0,0,858.6797485351562,756.6909790039062,820.84521484375,853.7448120117188
1790789057.7893653,0,0,858.6797485351562,756.6909790039062,820.84521484375,853.7448120117188
1790789057.8002949,0,0,858.6797485351562,756.6909790039062,820.84521484375,853.7448120117188
1790789057.810993,0,0,858.6797485351562,756.6909790039062,820.84521484375,853.7448120117188
1790789057.8217285,0,0,858.6797485351562,756.6909790039062,820.84521484375,853.7448120117188
1790789057.8329396,0,0,837.2949829101562,783.0106201171875,1057.722412109375,838.9400024414062
1790789057.843792,0,0,870.194580078125,783.0106201171875,873.4845581054688,840.5849609375
1790789057.8547208,0,0,870.194580078125,783.0106201171875,873.4845581054688,840.5849609375
1790789057.8655753,0,0,853.7448120117188,796.1704711914062,899.8042602539062,827.4251098632812
1790789057.876454,0,0,880.064453125,794.5255126953125,847.1648559570312,848.8098754882812
1790789057.8874178,0,0,880.064453125,794.5255126953125,847.1648559570312,848.8098754882812
1790789057.8979805,0,0,880.064453125,794.5255126953125,847.1648559570312,848.8098754882812
1790789057.9086747,0,0,880.064453125,794.5255126953125,847.1648559570312,848.8098754882812
1790789057.919931,0,0,880.064453125,794.5255126953125,847.1648559570312,848.8098754882812
1790789057.930909,0,0,847.1648559570312,797.8154907226562,794.5255126953125,835.6500244140625
1790789057.9424124,0,0,843.8749389648438,814.2652587890625,899.8042602539062,848.8098754882812
1790789057.953285,0,0,838.9400024414062,820.84521484375,873.4845581054688,838.9400024414062
1790789057.96432,0,0,845.5198974609375,819.2001953125,873.4845581054688,847.1648559570312
1790789057.9755669,0,0,845.5198974609375,819.2001953125,873.4845581054688,847.1648559570312
1790789057.9870877,0,0,845.5198974609375,819.2001953125,873.4845581054688,847.1648559570312
1790789057.998989,0,0,845.5198974609375,819.2001953125,873.4845581054688,847.1648559570312
1790789058.0103772,0,0,845.5198974609375,819.2001953125,873.4845581054688,847.1648559570312
1790789058.0216613,0,0,845.5198974609375,819.2001953125,873.4845581054688,847.1648559570312
1790789058.032873,0,0,880.064453125,827.4251098632812,899.8042602539062,861.9697265625
1790789058.0441203,0,0,835.6500244140625,822.4901733398438,1005.0830078125,835.6500244140625
1790789058.0553977,0,0,861.9697265625,822.4901733398438,873.4845581054688,838.9400024414062
1790789058.0665684,0,0,804.3953857421875,815.9102783203125,715.5664672851562,848.8098754882812
1790789058.0779798,0,0,858.6797485351562,829.070068359375,899.8042602539062,865.2596435546875
1790789058.0888119,0,0,858.6797485351562,829.070068359375,899.8042602539062,865.2596435546875
1790789058.1000292,0,0,858.6797485351562,829.070068359375,899.8042602539062,865.2596435546875
1790789058.111284,0,0,858.6797485351562,829.070068359375,899.8042602539062,865.2596435546875
1790789058.1221642,0,0,858.6797485351562,829.070068359375,899.8042602539062,865.2596435546875
1790789058.133201,0,0,858.6797485351562,829.070068359375,899.8042602539062,865.2596435546875
1790789058.1444526,0,0,858.6797485351562,825.7801513671875,873.4845581054688,848.8098754882812
1790789058.1555479,0,0,858.6797485351562,829.070068359375,794.5255126953125,845.5198974609375
1790789058.1666908,0,0,857.0347290039062,825.7801513671875,794.5255126953125,847.1648559570312
1790789058.1779037,0,0,857.0347290039062,825.7801513671875,794.5255126953125,847.1648559570312
1790789058.1889966,0,0,857.0347290039062,825.7801513671875,794.5255126953125,847.1648559570312
1790789058.2006729,0,0,857.0347290039062,825.7801513671875,794.5255126953125,847.1648559570312
1790789058.2121189,0,0,857.0347290039062,825.7801513671875,794.5255126953125,847.1648559570312
1790789058.2231908,0,0,866.9046630859375,822.4901733398438,794.5255126953125,852.0997924804688
1790789058.2342324,0,0,850.454833984375,820.84521484375,755.0459594726562,835.6500244140625
1790789058.2452633,0,0,838.9400024414062,809.330322265625,728.726318359375,850.454833984375
1790789058.2563667,0,0,861.9697265625,824.1351318359375,702.4066162109375,847.1648559570312
1790789058.2673192,0,0,881.70947265625,820.84521484375,886.6444091796875,857.0347290039062
1790789058.2786033,0,0,875.1295166015625,817.5552368164062,834.0050048828125,845.5198974609375
1790789058.2900288,0,0,889.9343872070312,819.2001953125,886.6444091796875,847.1648559570312
1790789058.3014698,0,0,889.9343872070312,819.2001953125,886.6444091796875,847.1648559570312
1790789058.3121443,0,0,889.9343872070312,819.2001953125,886.6444091796875,847.1648559570312
1790789058.3232412,0,0,889.9343872070312,819.2001953125,886.6444091796875,847.1648559570312
1790789058.3338404,0,0,889.9343872070312,819.2001953125,886.6444091796875,847.1648559570312
1790789058.3451142,0,0,889.9343872070312,819.2001953125,886.6444091796875,847.1648559570312
1790789058.3561473,0,0,838.9400024414062,802.7504272460938,623.4475708007812,847.1648559570312
1790789058.3670151,0,0,866.9046630859375,814.2652587890625,886.6444091796875,860.32470703125
1790789058.3782756,0,0,853.7448120117188,806.0403442382812,702.4066162109375,847.1648559570312
1790789058.389561,0,0,857.0347290039062,812.6203002929688,860.32470703125,848.8098754882812
1790789058.4006011,0,0,857.0347290039062,812.6203002929688,860.32470703125,848.8098754882812
1790789058.411851,0,0,857.0347290039062,812.6203002929688,860.32470703125,848.8098754882812
1790789058.4229999,0,0,857.0347290039062,812.6203002929688,860.32470703125,848.8098754882812
1790789058.442717,0,0,857.0347290039062,812.6203002929688,860.32470703125,848.8098754882812
1790789058.461871,0,0,857.0347290039062,812.6203002929688,860.32470703125,848.8098754882812
1790789058.4737365,0,0,857.0347290039062,812.6203002929688,860.32470703125,848.8098754882812
1790789058.4851215,0,0,868.5496215820312,804.3953857421875,649.7672119140625,863.6146850585938
1790789058.496942,0,0,824.1351318359375,807.6853637695312,728.726318359375,853.7448120117188
1790789058.5097675,0,0,840.5849609375,810.9752807617188,676.0869140625,838.9400024414062
1790789058.5216234,0,0,880.064453125,830.715087890625,834.0050048828125,855.3897705078125
1790789058.5332272,0,0,880.064453125,830.715087890625,834.0050048828125,855.3897705078125
1790789058.544366,0,0,880.064453125,830.715087890625,834.0050048828125,855.3897705078125
1790789058.5567389,0,0,880.064453125,830.715087890625,834.0050048828125,855.3897705078125
1790789058.568254,0,0,884.9994506835938,832.3600463867188,781.3656616210938,840.5849609375
1790789058.5791059,0,0,825.7801513671875,820.84521484375,597.1278686523438,842.2299194335938
1790789058.590288,0,0,830.715087890625,824.1351318359375,412.89007568359375,847.1648559570312
1790789058.6011398,0,0,853.7448120117188,838.9400024414062,755.0459594726562,842.2299194335938
1790789058.613147,0,0,894.8693237304688,822.4901733398438,570.8081665039062,858.6797485351562
1790789058.6242504,0,0,894.8693237304688,822.4901733398438,570.8081665039062,858.6797485351562
1790789058.6354377,0,0,894.8693237304688,822.4901733398438,570.8081665039062,858.6797485351562
1790789058.6465218,0,0,894.8693237304688,822.4901733398438,570.8081665039062,858.6797485351562
1790789058.6575258,0,0,894.8693237304688,822.4901733398438,570.8081665039062,858.6797485351562
1790789058.6685948,0,0,896.5142822265625,838.9400024414062,939.2837524414062,868.5496215820312
1790789058.6795886,0,0,883.3544311523438,834.0050048828125,939.2837524414062,865.2596435546875
1790789058.690949,0,0,880.064453125,829.070068359375,834.0050048828125,858.6797485351562
1790789058.701703,0,0,880.064453125,829.070068359375,834.0050048828125,858.6797485351562
1790789058.7125542,0,0,880.064453125,829.070068359375,834.0050048828125,858.6797485351562
1790789058.723907,0,0,880.064453125,829.070068359375,834.0050048828125,858.6797485351562
1790789058.7345736,0,0,880.064453125,829.070068359375,834.0050048828125,858.6797485351562
1790789058.7457385,0,0,880.064453125,829.070068359375,834.0050048828125,858.6797485351562
1790789058.7570004,0,0,848.8098754882812,830.715087890625,860.32470703125,855.3897705078125
1790789058.7684531,0,0,858.6797485351562,810.9752807617188,676.0869140625,852.0997924804688
1790789058.7796786,0,0,834.0050048828125,817.5552368164062,728.726318359375,834.0050048828125
1790789058.7906983,0,0,834.0050048828125,817.5552368164062,728.726318359375,834.0050048828125
1790789058.801373,0,0,834.0050048828125,817.5552368164062,728.726318359375,834.0050048828125
1790789058.8127873,0,0,834.0050048828125,817.5552368164062,728.726318359375,834.0050048828125
1790789058.824039,0,0,834.0050048828125,817.5552368164062,728.726318359375,834.0050048828125
1790789058.834947,0,0,834.0050048828125,819.2001953125,781.3656616210938,850.454833984375
1790789058.8467543,0,0,843.8749389648438,824.1351318359375,889.9343872070312,834.0050048828125
1790789058.8581917,0,0,893.2243041992188,817.5552368164062,863.6146850585938,870.194580078125
1790789058.869888,0,0,875.1295166015625,824.1351318359375,863.6146850585938,843.8749389648438
1790789058.8817036,0,0,878.4194946289062,817.5552368164062,653.0571899414062,858.6797485351562
