Timestamp,Trigger,Sensores_OK,TP9,FP1,FP2,TP10
1790951486.5841916,0,1,825.7801513671875,794.5255126953125,886.6444091796875,884.9994506835938
1790951486.5955355,0,1,825.7801513671875,794.5255126953125,886.6444091796875,884.9994506835938
1790951486.606189,0,1,857.0347290039062,807.6853637695312,870.194580078125,919.5440063476562
1790951486.6170154,0,1,768.205810546875,820.84521484375,853.7448120117188,868.5496215820312
1790951486.627871,0,1,852.0997924804688,794.5255126953125,858.6797485351562,884.9994506835938
1790951486.6387558,0,1,824.1351318359375,878.4194946289062,870.194580078125,853.7448120117188
1790951486.6495783,0,1,858.6797485351562,810.9752807617188,863.6146850585938,873.4845581054688
1790951486.6604044,0,1,857.0347290039062,819.2001953125,860.32470703125,899.8042602539062
1790951486.671024,0,1,857.0347290039062,819.2001953125,860.32470703125,899.8042602539062
1790951486.6820483,0,1,857.0347290039062,819.2001953125,860.32470703125,899.8042602539062
1790951486.6928122,0,1,857.0347290039062,819.2001953125,860.32470703125,899.8042602539062
1790951486.7040484,0,1,857.0347290039062,819.2001953125,860.32470703125,899.8042602539062
1790951486.714702,0,1,857.0347290039062,819.2001953125,860.32470703125,899.8042602539062
1790951486.7254865,0,1,871.839599609375,858.6797485351562,837.2949829101562,875.1295166015625
1790951486.736546,0,1,832.3600463867188,878.4194946289062,837.2949829101562,835.6500244140625
1790951486.7474086,0,1,850.454833984375,848.8098754882812,838.9400024414062,865.2596435546875
1790951486.7583976,0,1,850.454833984375,848.8098754882812,838.9400024414062,865.2596435546875
1790951486.769065,0,1,850.454833984375,848.8098754882812,838.9400024414062,865.2596435546875
1790951486.7796137,0,1,850.454833984375,848.8098754882812,838.9400024414062,865.2596435546875
1790951486.7903786,0,1,850.454833984375,848.8098754882812,838.9400024414062,865.2596435546875
1790951486.801752,0,1,850.454833984375,848.8098754882812,838.9400024414062,865.2596435546875
1790951486.812754,0,1,880.064453125,865.2596435546875,837.2949829101562,852.0997924804688
1790951486.8236597,0,1,848.8098754882812,848.8098754882812,852.0997924804688,835.6500244140625
1790951486.8343387,0,1,825.7801513671875,857.0347290039062,843.8749389648438,824.1351318359375
1790951486.845227,0,1,825.7801513671875,857.0347290039062,843.8749389648438,824.1351318359375
1790951486.8557677,0,1,825.7801513671875,857.0347290039062,843.8749389648438,824.1351318359375
1790951486.866486,0,1,825.7801513671875,857.0347290039062,843.8749389648438,824.1351318359375
1790951486.8774881,0,1,825.7801513671875,857.0347290039062,843.8749389648438,824.1351318359375
1790951486.8881114,0,1,825.7801513671875,857.0347290039062,843.8749389648438,824.1351318359375
1790951486.8995142,0,1,835.6500244140625,837.2949829101562,847.1648559570312,799.46044921875
1790951486.9099863,0,1,842.2299194335938,832.3600463867188,840.5849609375,835.6500244140625
1790951486.9206169,0,1,845.5198974609375,837.2949829101562,845.5198974609375,819.2001953125
1790951486.9315698,0,1,883.3544311523438,837.2949829101562,857.0347290039062,845.5198974609375
1790951486.9426212,0,1,843.8749389648438,827.4251098632812,847.1648559570312,842.2299194335938
1790951486.9536965,0,1,843.8749389648438,827.4251098632812,847.1648559570312,842.2299194335938
1790951486.965364,0,1,843.8749389648438,827.4251098632812,847.1648559570312,842.2299194335938
1790951486.9762053,0,1,843.8749389648438,827.4251098632812,847.1648559570312,842.2299194335938
1790951486.987199,0,1,843.8749389648438,827.4251098632812,847.1648559570312,842.2299194335938
1790951486.9986165,0,1,843.8749389648438,827.4251098632812,847.1648559570312,842.2299194335938
1790951487.0099673,0,1,873.4845581054688,830.715087890625,845.5198974609375,863.6146850585938
1790951487.0206444,0,1,870.194580078125,835.6500244140625,857.0347290039062,871.839599609375
1790951487.0317252,0,1,870.194580078125,835.6500244140625,857.0347290039062,871.839599609375
1790951487.0427163,0,1,863.6146850585938,814.2652587890625,853.7448120117188,850.454833984375
1790951487.0542784,0,1,840.5849609375,824.1351318359375,857.0347290039062,871.839599609375
1790951487.065334,0,1,863.6146850585938,835.6500244140625,847.1648559570312,855.3897705078125
1790951487.0762866,0,1,866.9046630859375,827.4251098632812,843.8749389648438,837.2949829101562
1790951487.0873458,0,1,861.9697265625,838.9400024414062,850.454833984375,855.3897705078125
1790951487.0985541,0,1,861.9697265625,838.9400024414062,850.454833984375,855.3897705078125
1790951487.1094482,0,1,861.9697265625,838.9400024414062,850.454833984375,855.3897705078125
1790951487.1205049,0,1,861.9697265625,838.9400024414062,850.454833984375,855.3897705078125
1790951487.132002,0,1,861.9697265625,838.9400024414062,850.454833984375,855.3897705078125
1790951487.1432369,0,1,861.9697265625,838.9400024414062,850.454833984375,855.3897705078125
1790951487.154013,0,1,868.5496215820312,824.1351318359375,845.5198974609375,830.715087890625
1790951487.1652665,0,1,865.2596435546875,824.1351318359375,842.2299194335938,855.3897705078125
1790951487.1758916,0,1,876.7745361328125,824.1351318359375,848.8098754882812,845.5198974609375
1790951487.186833,0,1,838.9400024414062,830.715087890625,835.6500244140625,840.5849609375
1790951487.1975658,0,1,880.064453125,810.9752807617188,848.8098754882812,848.8098754882812
1790951487.2086027,0,1,880.064453125,810.9752807617188,848.8098754882812,848.8098754882812
1790951487.2194357,0,1,880.064453125,810.9752807617188,848.8098754882812,848.8098754882812
1790951487.2305741,0,1,880.064453125,810.9752807617188,848.8098754882812,848.8098754882812
1790951487.2411737,0,1,880.064453125,810.9752807617188,848.8098754882812,848.8098754882812
1790951487.2519138,0,1,873.4845581054688,817.5552368164062,845.5198974609375,850.454833984375
1790951487.2631278,0,1,837.2949829101562,829.070068359375,843.8749389648438,847.1648559570312
1790951487.273674,0,1,863.6146850585938,827.4251098632812,834.0050048828125,852.0997924804688
1790951487.2847114,0,1,843.8749389648438,807.6853637695312,848.8098754882812,855.3897705078125
1790951487.2956653,0,1,843.8749389648438,807.6853637695312,848.8098754882812,855.3897705078125
1790951487.3066332,0,1,843.8749389648438,807.6853637695312,848.8098754882812,855.3897705078125
1790951487.3181002,0,1,843.8749389648438,807.6853637695312,848.8098754882812,855.3897705078125
1790951487.3295112,0,1,843.8749389648438,807.6853637695312,848.8098754882812,855.3897705078125
1790951487.3404062,0,1,843.8749389648438,807.6853637695312,848.8098754882812,855.3897705078125
1790951487.3514106,0,1,832.3600463867188,814.2652587890625,843.8749389648438,835.6500244140625
1790951487.362284,0,1,830.715087890625,825.7801513671875,838.9400024414062,847.1648559570312
1790951487.373163,0,1,843.8749389648438,842.2299194335938,827.4251098632812,820.84521484375
1790951487.384437,0,1,822.4901733398438,853.7448120117188,827.4251098632812,810.9752807617188
1790951487.3954856,0,1,858.6797485351562,843.8749389648438,835.6500244140625,830.715087890625
1790951487.406388,0,1,855.3897705078125,835.6500244140625,840.5849609375,832.3600463867188
1790951487.4176142,0,1,855.3897705078125,835.6500244140625,840.5849609375,832.3600463867188
1790951487.428471,0,1,855.3897705078125,835.6500244140625,840.5849609375,832.3600463867188
1790951487.439363,0,1,855.3897705078125,835.6500244140625,840.5849609375,832.3600463867188
1790951487.4498506,0,1,855.3897705078125,835.6500244140625,840.5849609375,832.3600463867188
1790951487.4610028,0,1,855.3897705078125,835.6500244140625,840.5849609375,832.3600463867188
1790951487.472083,0,1,863.6146850585938,845.5198974609375,840.5849609375,842.2299194335938
1790951487.4833465,0,1,838.9400024414062,832.3600463867188,838.9400024414062,860.32470703125
1790951487.4943025,0,1,804.3953857421875,858.6797485351562,825.7801513671875,794.5255126953125
1790951487.505217,0,1,804.3953857421875,858.6797485351562,825.7801513671875,794.5255126953125
1790951487.5160937,0,1,804.3953857421875,858.6797485351562,825.7801513671875,794.5255126953125
1790951487.5271502,0,1,804.3953857421875,858.6797485351562,825.7801513671875,794.5255126953125
1790951487.5386488,0,1,804.3953857421875,858.6797485351562,825.7801513671875,794.5255126953125
1790951487.5498354,0,1,804.3953857421875,858.6797485351562,825.7801513671875,794.5255126953125
1790951487.5606647,0,1,804.3953857421875,858.6797485351562,825.7801513671875,794.5255126953125
1790951487.5713122,0,1,759.9808959960938,853.7448120117188,815.9102783203125,740.2411499023438
1790951487.5824394,0,1,723.7913208007812,865.2596435546875,810.9752807617188,707.341552734375
1790951487.5940437,0,1,797.8154907226562,853.7448120117188,814.2652587890625,759.9808959960938
1790951487.604782,0,1,801.1054077148438,870.194580078125,822.4901733398438,802.7504272460938
1790951487.6157916,0,1,801.1054077148438,870.194580078125,822.4901733398438,802.7504272460938
1790951487.6264768,0,1,801.1054077148438,870.194580078125,822.4901733398438,802.7504272460938
1790951487.6371722,0,1,801.1054077148438,870.194580078125,822.4901733398438,802.7504272460938
1790951487.6491408,0,1,801.1054077148438,870.194580078125,822.4901733398438,802.7504272460938
1790951487.6597254,0,1,801.1054077148438,870.194580078125,822.4901733398438,802.7504272460938
1790951487.6711197,0,1,848.8098754882812,852.0997924804688,830.715087890625,812.6203002929688
1790951487.6818867,0,1,855.3897705078125,852.0997924804688,834.0050048828125,829.070068359375
1790951487.6932993,0,1,838.9400024414062,840.5849609375,832.3600463867188,840.5849609375
1790951487.7043588,0,1,824.1351318359375,843.8749389648438,835.6500244140625,838.9400024414062
1790951487.7149384,0,1,855.3897705078125,852.0997924804688,842.2299194335938,832.3600463867188
1790951487.7260082,0,1,855.3897705078125,852.0997924804688,842.2299194335938,832.3600463867188
1790951487.7369094,0,1,855.3897705078125,852.0997924804688,842.2299194335938,832.3600463867188
1790951487.7481189,0,1,855.3897705078125,852.0997924804688,842.2299194335938,832.3600463867188
1790951487.7598357,0,1,855.3897705078125,852.0997924804688,842.2299194335938,832.3600463867188
1790951487.7708752,0,1,855.3897705078125,852.0997924804688,842.2299194335938,832.3600463867188
1790951487.782318,0,1,842.2299194335938,848.8098754882812,829.070068359375,832.3600463867188
1790951487.7928293,0,1,835.6500244140625,837.2949829101562,832.3600463867188,843.8749389648438
1790951487.803811,0,1,853.7448120117188,830.715087890625,834.0050048828125,838.9400024414062
1790951487.8149421,0,1,871.839599609375,838.9400024414062,845.5198974609375,871.839599609375
1790951487.8260124,0,1,871.839599609375,838.9400024414062,845.5198974609375,871.839599609375
1790951487.8371441,0,1,871.839599609375,838.9400024414062,845.5198974609375,871.839599609375
1790951487.8477933,0,1,871.839599609375,838.9400024414062,845.5198974609375,871.839599609375
1790951487.858343,0,1,871.839599609375,838.9400024414062,845.5198974609375,871.839599609375
1790951487.868974,0,1,871.839599609375,838.9400024414062,845.5198974609375,871.839599609375
1790951487.8800232,0,1,845.5198974609375,814.2652587890625,840.5849609375,829.070068359375
1790951487.8910074,0,1,861.9697265625,837.2949829101562,834.0050048828125,848.8098754882812
1790951487.9018974,0,1,843.8749389648438,819.2001953125,827.4251098632812,843.8749389648438
1790951487.9128385,0,1,843.8749389648438,819.2001953125,827.4251098632812,843.8749389648438
1790951487.9239225,0,1,843.8749389648438,819.2001953125,827.4251098632812,843.8749389648438
1790951487.9349349,0,1,843.8749389648438,819.2001953125,827.4251098632812,843.8749389648438
1790951487.9471612,0,1,843.8749389648438,819.2001953125,827.4251098632812,843.8749389648438
1790951487.9584315,0,1,852.0997924804688,847.1648559570312,842.2299194335938,847.1648559570312
1790951487.9692705,0,1,845.5198974609375,843.8749389648438,838.9400024414062,837.2949829101562
1790951487.9808078,0,1,838.9400024414062,829.070068359375,838.9400024414062,855.3897705078125
1790951487.9917696,0,1,847.1648559570312,824.1351318359375,840.5849609375,847.1648559570312
1790951488.0024045,0,1,876.7745361328125,810.9752807617188,847.1648559570312,855.3897705078125
1790951488.013263,0,1,845.5198974609375,829.070068359375,838.9400024414062,847.1648559570312
1790951488.0240955,0,1,845.5198974609375,829.070068359375,838.9400024414062,847.1648559570312
1790951488.035138,0,1,845.5198974609375,829.070068359375,838.9400024414062,847.1648559570312
1790951488.0462377,0,1,845.5198974609375,829.070068359375,838.9400024414062,847.1648559570312
1790951488.0572128,0,1,845.5198974609375,829.070068359375,838.9400024414062,847.1648559570312
1790951488.0681355,0,1,855.3897705078125,837.2949829101562,837.2949829101562,853.7448120117188
1790951488.0792847,0,1,860.32470703125,829.070068359375,843.8749389648438,857.0347290039062
1790951488.0903714,0,1,863.6146850585938,845.5198974609375,838.9400024414062,861.9697265625
1790951488.1009495,0,1,876.7745361328125,827.4251098632812,835.6500244140625,875.1295166015625
1790951488.1118543,0,1,880.064453125,842.2299194335938,838.9400024414062,855.3897705078125
1790951488.12346,0,1,880.064453125,842.2299194335938,838.9400024414062,855.3897705078125
1790951488.13414,0,1,880.064453125,842.2299194335938,838.9400024414062,855.3897705078125
1790951488.1452634,0,1,880.064453125,842.2299194335938,838.9400024414062,855.3897705078125
1790951488.156918,0,1,880.064453125,842.2299194335938,838.9400024414062,855.3897705078125
1790951488.1679554,0,1,880.064453125,842.2299194335938,838.9400024414062,858.6797485351562
1790951488.1793664,0,1,883.3544311523438,834.0050048828125,837.2949829101562,871.839599609375
1790951488.1907053,0,1,860.32470703125,848.8098754882812,837.2949829101562,834.0050048828125
1790951488.202005,0,1,878.4194946289062,838.9400024414062,847.1648559570312,847.1648559570312
1790951488.2135181,0,1,893.2243041992188,853.7448120117188,845.5198974609375,842.2299194335938
1790951488.2272484,0,1,893.2243041992188,853.7448120117188,845.5198974609375,842.2299194335938
1790951488.2384057,0,1,893.2243041992188,853.7448120117188,845.5198974609375,842.2299194335938
1790951488.2491639,0,1,893.2243041992188,853.7448120117188,845.5198974609375,842.2299194335938
1790951488.2603173,0,1,893.2243041992188,853.7448120117188,845.5198974609375,842.2299194335938
1790951488.2712111,0,1,893.2243041992188,853.7448120117188,845.5198974609375,842.2299194335938
1790951488.2829373,0,1,888.2893676757812,829.070068359375,840.5849609375,860.32470703125
1790951488.2941914,0,1,880.064453125,835.6500244140625,840.5849609375,845.5198974609375
1790951488.3055413,0,1,884.9994506835938,840.5849609375,843.8749389648438,845.5198974609375
1790951488.316874,0,1,871.839599609375,845.5198974609375,845.5198974609375,855.3897705078125
1790951488.3278632,0,1,891.579345703125,840.5849609375,843.8749389648438,853.7448120117188
1790951488.338896,0,1,891.579345703125,840.5849609375,843.8749389648438,853.7448120117188
1790951488.3508365,0,1,891.579345703125,840.5849609375,843.8749389648438,853.7448120117188
1790951488.3614686,0,1,891.579345703125,840.5849609375,843.8749389648438,853.7448120117188
1790951488.372456,0,1,891.579345703125,840.5849609375,843.8749389648438,853.7448120117188
1790951488.3836236,0,1,891.579345703125,840.5849609375,843.8749389648438,853.7448120117188
1790951488.3949234,0,1,917.8990478515625,852.0997924804688,843.8749389648438,880.064453125
1790951488.4058475,0,1,880.064453125,863.6146850585938,837.2949829101562,855.3897705078125
1790951488.416697,0,1,904.7391967773438,893.2243041992188,807.6853637695312,834.0050048828125
1790951488.4277706,0,1,934.3488159179688,898.1592407226562,792.8805541992188,837.2949829101562
1790951488.4385715,0,1,916.2540283203125,896.5142822265625,797.8154907226562,832.3600463867188
1790951488.4498546,0,1,914.6090698242188,878.4194946289062,809.330322265625,863.6146850585938
1790951488.4610837,0,1,909.6741333007812,866.9046630859375,822.4901733398438,830.715087890625
1790951488.4718387,0,1,916.2540283203125,855.3897705078125,825.7801513671875,847.1648559570312
1790951488.4828718,0,1,881.70947265625,840.5849609375,829.070068359375,829.070068359375
1790951488.4938755,0,1,881.70947265625,840.5849609375,829.070068359375,829.070068359375
1790951488.50477,0,1,881.70947265625,840.5849609375,829.070068359375,829.070068359375
1790951488.5155723,0,1,881.70947265625,840.5849609375,829.070068359375,829.070068359375
1790951488.5265555,0,1,881.70947265625,840.5849609375,829.070068359375,829.070068359375
1790951488.5376847,0,1,881.70947265625,840.5849609375,829.070068359375,829.070068359375
1790951488.5487309,0,1,903.09423828125,857.0347290039062,832.3600463867188,838.9400024414062
1790951488.559585,0,1,894.8693237304688,820.84521484375,830.715087890625,843.8749389648438
1790951488.5705235,0,1,881.70947265625,858.6797485351562,830.715087890625,829.070068359375
1790951488.5813317,0,1,870.194580078125,840.5849609375,838.9400024414062,842.2299194335938
1790951488.5923948,0,1,871.839599609375,848.8098754882812,829.070068359375,840.5849609375
1790951488.6034362,0,1,871.839599609375,848.8098754882812,829.070068359375,840.5849609375
1790951488.6141722,0,1,871.839599609375,848.8098754882812,829.070068359375,840.5849609375
1790951488.6247215,0,1,871.839599609375,848.8098754882812,829.070068359375,840.5849609375
1790951488.6353407,0,1,871.839599609375,848.8098754882812,829.070068359375,840.5849609375
1790951488.6464117,0,1,878.4194946289062,843.8749389648438,838.9400024414062,838.9400024414062
1790951488.6575217,0,1,863.6146850585938,845.5198974609375,834.0050048828125,845.5198974609375
1790951488.6683576,0,1,857.0347290039062,838.9400024414062,832.3600463867188,840.5849609375
1790951488.6798184,0,1,899.8042602539062,835.6500244140625,850.454833984375,848.8098754882812
1790951488.6904628,0,1,866.9046630859375,835.6500244140625,838.9400024414062,838.9400024414062
1790951488.7014081,0,1,858.6797485351562,837.2949829101562,843.8749389648438,847.1648559570312
1790951488.7129483,0,1,858.6797485351562,837.2949829101562,843.8749389648438,847.1648559570312
1790951488.7240117,0,1,858.6797485351562,837.2949829101562,843.8749389648438,847.1648559570312
1790951488.7350147,0,1,858.6797485351562,837.2949829101562,843.8749389648438,847.1648559570312
1790951488.7462652,0,1,858.6797485351562,837.2949829101562,843.8749389648438,847.1648559570312
1790951488.7573314,0,1,858.6797485351562,837.2949829101562,843.8749389648438,847.1648559570312
1790951488.7681057,0,1,875.1295166015625,838.9400024414062,837.2949829101562,842.2299194335938
1790951488.779444,0,1,880.064453125,829.070068359375,837.2949829101562,840.5849609375
1790951488.7901068,0,1,855.3897705078125,829.070068359375,847.1648559570312,827.4251098632812
1790951488.8011508,0,1,858.6797485351562,822.4901733398438,842.2299194335938,830.715087890625
1790951488.812313,0,1,873.4845581054688,820.84521484375,842.2299194335938,853.7448120117188
1790951488.8234484,0,1,871.839599609375,825.7801513671875,837.2949829101562,850.454833984375
1790951488.8346305,0,1,871.839599609375,825.7801513671875,837.2949829101562,850.454833984375
1790951488.845876,0,1,871.839599609375,825.7801513671875,837.2949829101562,850.454833984375
1790951488.8568037,0,1,870.194580078125,819.2001953125,843.8749389648438,840.5849609375
1790951488.8680024,0,1,861.9697265625,834.0050048828125,842.2299194335938,827.4251098632812
1790951488.8794017,0,1,857.0347290039062,827.4251098632812,845.5198974609375,853.7448120117188
1790951488.890381,0,1,863.6146850585938,837.2949829101562,834.0050048828125,825.7801513671875
1790951488.9011807,0,1,883.3544311523438,820.84521484375,847.1648559570312,863.6146850585938
1790951488.9124725,0,1,883.3544311523438,820.84521484375,847.1648559570312,863.6146850585938
1790951488.9231806,0,1,883.3544311523438,820.84521484375,847.1648559570312,863.6146850585938
1790951488.9336762,0,1,883.3544311523438,820.84521484375,847.1648559570312,863.6146850585938
1790951488.9442368,0,1,878.4194946289062,830.715087890625,845.5198974609375,870.194580078125
1790951488.9554322,0,1,878.4194946289062,815.9102783203125,850.454833984375,880.064453125
1790951488.966757,0,1,853.7448120117188,838.9400024414062,847.1648559570312,868.5496215820312
1790951488.9774463,0,1,853.7448120117188,838.9400024414062,847.1648559570312,868.5496215820312
1790951488.9888391,0,1,868.5496215820312,827.4251098632812,845.5198974609375,873.4845581054688
1790951489.0001416,0,1,868.5496215820312,827.4251098632812,845.5198974609375,873.4845581054688
1790951489.0109408,0,1,868.5496215820312,827.4251098632812,845.5198974609375,873.4845581054688
1790951489.0221446,0,1,868.5496215820312,827.4251098632812,845.5198974609375,873.4845581054688
1790951489.033318,0,1,868.5496215820312,827.4251098632812,845.5198974609375,873.4845581054688
1790951489.044348,0,1,861.9697265625,822.4901733398438,842.2299194335938,876.7745361328125
1790951489.05553,0,1,855.3897705078125,835.6500244140625,852.0997924804688,894.8693237304688
1790951489.0662217,0,1,858.6797485351562,827.4251098632812,848.8098754882812,898.1592407226562
1790951489.077089,0,1,863.6146850585938,820.84521484375,845.5198974609375,914.6090698242188
1790951489.0877085,0,1,863.6146850585938,820.84521484375,845.5198974609375,914.6090698242188
1790951489.0981865,0,1,840.5849609375,834.0050048828125,847.1648559570312,880.064453125
1790951489.10881,0,1,840.5849609375,834.0050048828125,847.1648559570312,880.064453125
1790951489.1198425,0,1,840.5849609375,834.0050048828125,847.1648559570312,880.064453125
1790951489.130399,0,1,840.5849609375,834.0050048828125,847.1648559570312,880.064453125
1790951489.1413872,0,1,840.5849609375,834.0050048828125,847.1648559570312,880.064453125
1790951489.1526012,0,1,820.84521484375,848.8098754882812,847.1648559570312,884.9994506835938
1790951489.1633818,0,1,866.9046630859375,838.9400024414062,842.2299194335938,860.32470703125
1790951489.174213,0,1,860.32470703125,822.4901733398438,848.8098754882812,866.9046630859375
1790951489.185287,0,1,848.8098754882812,822.4901733398438,843.8749389648438,861.9697265625
1790951489.1959345,0,1,848.8098754882812,822.4901733398438,843.8749389648438,861.9697265625
1790951489.2066407,0,1,848.8098754882812,822.4901733398438,843.8749389648438,861.9697265625
1790951489.2178285,0,1,848.8098754882812,822.4901733398438,843.8749389648438,861.9697265625
1790951489.2292306,0,1,848.8098754882812,822.4901733398438,843.8749389648438,861.9697265625
1790951489.2401624,0,1,860.32470703125,840.5849609375,843.8749389648438,858.6797485351562
1790951489.2513528,0,1,860.32470703125,840.5849609375,843.8749389648438,858.6797485351562
1790951489.262138,0,1,880.064453125,843.8749389648438,843.8749389648438,861.9697265625
1790951489.2730553,0,1,858.6797485351562,832.3600463867188,843.8749389648438,850.454833984375
1790951489.2835732,0,1,871.839599609375,860.32470703125,848.8098754882812,830.715087890625
1790951489.294263,0,1,870.194580078125,855.3897705078125,837.2949829101562,848.8098754882812
1790951489.305216,0,1,883.3544311523438,848.8098754882812,832.3600463867188,829.070068359375
1790951489.3161952,0,1,888.2893676757812,847.1648559570312,840.5849609375,855.3897705078125
1790951489.3267646,0,1,886.6444091796875,842.2299194335938,843.8749389648438,855.3897705078125
1790951489.3372998,0,1,886.6444091796875,842.2299194335938,843.8749389648438,855.3897705078125
1790951489.3479786,0,1,886.6444091796875,842.2299194335938,843.8749389648438,855.3897705078125
1790951489.358757,0,1,886.6444091796875,842.2299194335938,843.8749389648438,855.3897705078125
1790951489.3701677,0,1,886.6444091796875,842.2299194335938,843.8749389648438,855.3897705078125
1790951489.3806949,0,1,886.6444091796875,842.2299194335938,843.8749389648438,855.3897705078125
1790951489.3917239,0,1,886.6444091796875,842.2299194335938,843.8749389648438,855.3897705078125
1790951489.402793,0,1,888.2893676757812,857.0347290039062,838.9400024414062,848.8098754882812
1790951489.4196272,0,1,886.6444091796875,858.6797485351562,830.715087890625,838.9400024414062
1790951489.430646,0,1,886.6444091796875,870.194580078125,829.070068359375,848.8098754882812
1790951489.441467,0,1,911.319091796875,843.8749389648438,829.070068359375,866.9046630859375
1790951489.4526742,0,1,896.5142822265625,853.7448120117188,835.6500244140625,860.32470703125
1790951489.4640286,0,1,896.5142822265625,853.7448120117188,835.6500244140625,860.32470703125
1790951489.475281,0,1,896.5142822265625,853.7448120117188,835.6500244140625,860.32470703125
1790951489.4866507,0,1,896.5142822265625,853.7448120117188,835.6500244140625,860.32470703125
1790951489.4975872,0,1,896.5142822265625,853.7448120117188,835.6500244140625,860.32470703125
1790951489.5089633,0,1,896.5142822265625,853.7448120117188,835.6500244140625,860.32470703125
1790951489.5210917,0,1,894.8693237304688,868.5496215820312,827.4251098632812,852.0997924804688
1790951489.5323544,0,1,894.8693237304688,866.9046630859375,842.2299194335938,852.0997924804688
1790951489.5433955,0,1,894.8693237304688,866.9046630859375,842.2299194335938,852.0997924804688
1790951489.554641,0,1,894.8693237304688,866.9046630859375,842.2299194335938,852.0997924804688
1790951489.5662403,0,1,894.8693237304688,866.9046630859375,842.2299194335938,852.0997924804688
1790951489.5807219,0,1,894.8693237304688,866.9046630859375,842.2299194335938,852.0997924804688
1790951489.5924146,0,1,894.8693237304688,866.9046630859375,842.2299194335938,852.0997924804688
1790951489.603509,0,1,871.839599609375,863.6146850585938,829.070068359375,837.2949829101562
1790951489.614405,0,1,876.7745361328125,842.2299194335938,832.3600463867188,861.9697265625
1790951489.6250834,0,1,876.7745361328125,842.2299194335938,832.3600463867188,861.9697265625
1790951489.6358516,0,1,876.7745361328125,842.2299194335938,832.3600463867188,861.9697265625
1790951489.6469235,0,1,876.7745361328125,842.2299194335938,832.3600463867188,861.9697265625
1790951489.6584332,0,1,876.7745361328125,842.2299194335938,832.3600463867188,861.9697265625
1790951489.6693938,0,1,876.7745361328125,842.2299194335938,832.3600463867188,861.9697265625
1790951489.680494,0,1,899.8042602539062,845.5198974609375,842.2299194335938,861.9697265625
1790951489.6917336,0,1,873.4845581054688,847.1648559570312,838.9400024414062,860.32470703125
1790951489.7025843,0,1,871.839599609375,842.2299194335938,832.3600463867188,848.8098754882812
1790951489.7138884,0,1,863.6146850585938,830.715087890625,837.2949829101562,873.4845581054688
1790951489.7251747,0,1,861.9697265625,857.0347290039062,832.3600463867188,848.8098754882812
1790951489.736244,0,1,861.9697265625,857.0347290039062,832.3600463867188,848.8098754882812
1790951489.7473636,0,1,861.9697265625,857.0347290039062,832.3600463867188,848.8098754882812
1790951489.758034,0,1,861.9697265625,857.0347290039062,832.3600463867188,848.8098754882812
1790951489.7686696,0,1,861.9697265625,857.0347290039062,832.3600463867188,848.8098754882812
1790951489.780115,0,1,861.9697265625,857.0347290039062,832.3600463867188,848.8098754882812
1790951489.7906666,0,1,855.3897705078125,838.9400024414062,840.5849609375,868.5496215820312
1790951489.8018327,0,1,855.3897705078125,838.9400024414062,840.5849609375,868.5496215820312
1790951489.812908,0,1,848.8098754882812,848.8098754882812,842.2299194335938,871.839599609375
1790951489.8234668,0,1,848.8098754882812,848.8098754882812,842.2299194335938,871.839599609375
1790951489.8345013,0,1,848.8098754882812,848.8098754882812,842.2299194335938,871.839599609375
1790951489.8463788,0,1,848.8098754882812,848.8098754882812,842.2299194335938,871.839599609375
1790951489.8574295,0,1,848.8098754882812,848.8098754882812,842.2299194335938,871.839599609375
1790951489.8679395,0,1,861.9697265625,865.2596435546875,842.2299194335938,889.9343872070312
1790951489.8794706,0,1,878.4194946289062,845.5198974609375,840.5849609375,868.5496215820312
1790951489.8908083,0,1,870.194580078125,853.7448120117188,827.4251098632812,858.6797485351562
1790951489.9024265,0,1,860.32470703125,842.2299194335938,842.2299194335938,875.1295166015625
1790951489.9137537,0,1,848.8098754882812,850.454833984375,842.2299194335938,858.6797485351562
1790951489.924909,0,1,860.32470703125,848.8098754882812,837.2949829101562,848.8098754882812
1790951489.935633,0,1,860.32470703125,848.8098754882812,837.2949829101562,848.8098754882812
1790951489.9465208,0,1,860.32470703125,848.8098754882812,837.2949829101562,848.8098754882812
1790951489.9576259,0,1,860.32470703125,848.8098754882812,837.2949829101562,848.8098754882812
1790951489.9686456,0,1,860.32470703125,848.8098754882812,837.2949829101562,848.8098754882812
1790951489.9794922,0,1,855.3897705078125,847.1648559570312,840.5849609375,863.6146850585938
1790951489.9906251,0,1,861.9697265625,848.8098754882812,835.6500244140625,850.454833984375
1790951490.001936,0,1,840.5849609375,848.8098754882812,843.8749389648438,845.5198974609375
1790951490.013139,0,1,875.1295166015625,835.6500244140625,835.6500244140625,857.0347290039062
1790951490.0236945,0,1,860.32470703125,850.454833984375,827.4251098632812,832.3600463867188
1790951490.0344172,0,1,853.7448120117188,852.0997924804688,842.2299194335938,853.7448120117188
1790951490.0453062,0,1,840.5849609375,838.9400024414062,840.5849609375,852.0997924804688
1790951490.056201,0,1,845.5198974609375,842.2299194335938,835.6500244140625,827.4251098632812
1790951490.0670972,0,1,840.5849609375,842.2299194335938,838.9400024414062,842.2299194335938
1790951490.0782669,0,1,850.454833984375,857.0347290039062,840.5849609375,837.2949829101562
1790951490.0889382,0,1,850.454833984375,857.0347290039062,840.5849609375,837.2949829101562
1790951490.099942,0,1,850.454833984375,857.0347290039062,840.5849609375,837.2949829101562
1790951490.1108618,0,1,850.454833984375,857.0347290039062,840.5849609375,837.2949829101562
1790951490.121351,0,1,850.454833984375,857.0347290039062,840.5849609375,837.2949829101562
1790951490.1323612,0,1,850.454833984375,857.0347290039062,840.5849609375,837.2949829101562
1790951490.1430337,0,1,850.454833984375,857.0347290039062,840.5849609375,837.2949829101562
1790951490.1541042,0,1,850.454833984375,857.0347290039062,840.5849609375,837.2949829101562
1790951490.1648364,0,1,840.5849609375,837.2949829101562,843.8749389648438,852.0997924804688
1790951490.1753848,0,1,832.3600463867188,855.3897705078125,834.0050048828125,824.1351318359375
1790951490.1858656,0,1,860.32470703125,848.8098754882812,829.070068359375,807.6853637695312
1790951490.196411,0,1,845.5198974609375,855.3897705078125,830.715087890625,815.9102783203125
1790951490.2069702,0,1,845.5198974609375,837.2949829101562,837.2949829101562,814.2652587890625
1790951490.2179797,0,1,857.0347290039062,855.3897705078125,830.715087890625,802.7504272460938
1790951490.2290137,0,1,863.6146850585938,857.0347290039062,829.070068359375,815.9102783203125
1790951490.2399864,0,1,863.6146850585938,857.0347290039062,829.070068359375,815.9102783203125
1790951490.250682,0,1,863.6146850585938,857.0347290039062,829.070068359375,815.9102783203125
1790951490.2613645,0,1,863.6146850585938,857.0347290039062,829.070068359375,815.9102783203125
1790951490.2727487,0,1,863.6146850585938,857.0347290039062,829.070068359375,815.9102783203125
1790951490.2835135,0,1,863.6146850585938,857.0347290039062,829.070068359375,815.9102783203125
1790951490.2944536,0,1,860.32470703125,861.9697265625,827.4251098632812,817.5552368164062
1790951490.3052888,0,1,865.2596435546875,838.9400024414062,835.6500244140625,825.7801513671875
1790951490.3159976,0,1,842.2299194335938,853.7448120117188,832.3600463867188,835.6500244140625
1790951490.326568,0,1,838.9400024414062,840.5849609375,829.070068359375,835.6500244140625
1790951490.3371694,0,1,850.454833984375,829.070068359375,840.5849609375,840.5849609375
1790951490.3477407,0,1,840.5849609375,842.2299194335938,835.6500244140625,832.3600463867188
1790951490.358214,0,1,840.5849609375,842.2299194335938,835.6500244140625,832.3600463867188
1790951490.3688517,0,1,840.5849609375,842.2299194335938,835.6500244140625,832.3600463867188
1790951490.379746,0,1,840.5849609375,842.2299194335938,835.6500244140625,832.3600463867188
1790951490.3904412,0,1,840.5849609375,842.2299194335938,835.6500244140625,832.3600463867188
1790951490.4009523,0,1,830.715087890625,838.9400024414062,827.4251098632812,830.715087890625
1790951490.4120326,0,1,824.1351318359375,835.6500244140625,840.5849609375,834.0050048828125
1790951490.422587,0,1,853.7448120117188,845.5198974609375,838.9400024414062,850.454833984375
1790951490.4336798,0,1,850.454833984375,825.7801513671875,832.3600463867188,843.8749389648438
1790951490.4445975,0,1,853.7448120117188,827.4251098632812,832.3600463867188,845.5198974609375
1790951490.456008,0,1,853.7448120117188,827.4251098632812,832.3600463867188,845.5198974609375
1790951490.4665842,0,1,853.7448120117188,827.4251098632812,832.3600463867188,845.5198974609375
1790951490.4773145,0,1,853.7448120117188,827.4251098632812,832.3600463867188,845.5198974609375
1790951490.4881134,0,1,853.7448120117188,827.4251098632812,832.3600463867188,845.5198974609375
1790951490.4990516,0,1,866.9046630859375,850.454833984375,837.2949829101562,852.0997924804688
1790951490.5095122,0,1,870.194580078125,835.6500244140625,835.6500244140625,865.2596435546875
1790951490.5200946,0,1,855.3897705078125,829.070068359375,840.5849609375,838.9400024414062
1790951490.5373096,0,1,855.3897705078125,829.070068359375,840.5849609375,838.9400024414062
1790951490.5526779,0,1,855.3897705078125,829.070068359375,840.5849609375,838.9400024414062
1790951490.565293,0,1,848.8098754882812,842.2299194335938,842.2299194335938,868.5496215820312
1790951490.576466,0,1,853.7448120117188,845.5198974609375,842.2299194335938,871.839599609375
1790951490.5875244,0,1,860.32470703125,857.0347290039062,845.5198974609375,848.8098754882812
1790951490.5983703,0,1,860.32470703125,857.0347290039062,845.5198974609375,848.8098754882812
1790951490.6094491,0,1,865.2596435546875,857.0347290039062,837.2949829101562,834.0050048828125
1790951490.62089,0,1,870.194580078125,850.454833984375,847.1648559570312,852.0997924804688
1790951490.631986,0,1,858.6797485351562,865.2596435546875,830.715087890625,834.0050048828125
1790951490.642975,0,1,871.839599609375,857.0347290039062,837.2949829101562,853.7448120117188
1790951490.6557162,0,1,871.839599609375,857.0347290039062,837.2949829101562,853.7448120117188
1790951490.6683493,0,1,871.839599609375,857.0347290039062,837.2949829101562,853.7448120117188
1790951490.67998,0,1,871.839599609375,857.0347290039062,837.2949829101562,853.7448120117188
1790951490.6909573,0,1,866.9046630859375,858.6797485351562,837.2949829101562,876.7745361328125
1790951490.7026274,0,1,861.9697265625,820.84521484375,832.3600463867188,837.2949829101562
1790951490.7138858,0,1,850.454833984375,825.7801513671875,825.7801513671875,817.5552368164062
1790951490.724931,0,1,850.454833984375,825.7801513671875,825.7801513671875,817.5552368164062
1790951490.7358632,0,1,850.454833984375,825.7801513671875,825.7801513671875,817.5552368164062
1790951490.7484186,0,1,850.454833984375,825.7801513671875,825.7801513671875,817.5552368164062
1790951490.7592165,0,1,850.454833984375,825.7801513671875,825.7801513671875,817.5552368164062
1790951490.7703884,0,1,850.454833984375,825.7801513671875,825.7801513671875,817.5552368164062
1790951490.7813642,0,1,870.194580078125,824.1351318359375,835.6500244140625,842.2299194335938
1790951490.7925088,0,1,827.4251098632812,820.84521484375,830.715087890625,812.6203002929688
1790951490.804261,0,1,827.4251098632812,820.84521484375,830.715087890625,812.6203002929688
1790951490.8155732,0,1,848.8098754882812,814.2652587890625,842.2299194335938,824.1351318359375
1790951490.8266022,0,1,861.9697265625,832.3600463867188,832.3600463867188,834.0050048828125
1790951490.8376415,0,1,861.9697265625,832.3600463867188,832.3600463867188,834.0050048828125
1790951490.8485222,0,1,861.9697265625,832.3600463867188,832.3600463867188,834.0050048828125
1790951490.8596025,0,1,861.9697265625,832.3600463867188,832.3600463867188,834.0050048828125
1790951490.8702314,0,1,861.9697265625,832.3600463867188,832.3600463867188,834.0050048828125
1790951490.8813126,0,1,861.9697265625,832.3600463867188,832.3600463867188,834.0050048828125
1790951490.8924515,0,1,865.2596435546875,824.1351318359375,837.2949829101562,802.7504272460938
1790951490.9036524,0,1,870.194580078125,822.4901733398438,837.2949829101562,814.2652587890625
1790951490.914567,0,1,850.454833984375,822.4901733398438,847.1648559570312,840.5849609375
1790951490.9256783,0,1,850.454833984375,822.4901733398438,847.1648559570312,840.5849609375
1790951490.9367085,0,1,850.454833984375,822.4901733398438,847.1648559570312,840.5849609375
1790951490.9476497,0,1,850.454833984375,822.4901733398438,847.1648559570312,840.5849609375
1790951490.958568,0,1,850.454833984375,822.4901733398438,847.1648559570312,840.5849609375
1790951490.969389,0,1,850.454833984375,822.4901733398438,847.1648559570312,840.5849609375
1790951490.980424,0,1,870.194580078125,827.4251098632812,848.8098754882812,868.5496215820312
1790951490.9913828,0,1,857.0347290039062,819.2001953125,843.8749389648438,863.6146850585938
1790951491.0020843,0,1,871.839599609375,825.7801513671875,845.5198974609375,898.1592407226562
1790951491.0131848,0,1,838.9400024414062,834.0050048828125,838.9400024414062,855.3897705078125
1790951491.0243902,0,1,858.6797485351562,820.84521484375,842.2299194335938,863.6146850585938
1790951491.0353074,0,1,870.194580078125,817.5552368164062,837.2949829101562,858.6797485351562
1790951491.0462592,0,1,868.5496215820312,809.330322265625,838.9400024414062,858.6797485351562
1790951491.0578032,0,1,868.5496215820312,809.330322265625,838.9400024414062,858.6797485351562
1790951491.0691025,0,1,868.5496215820312,809.330322265625,838.9400024414062,858.6797485351562
1790951491.0800915,0,1,868.5496215820312,809.330322265625,838.9400024414062,858.6797485351562
1790951491.0913074,0,1,868.5496215820312,809.330322265625,838.9400024414062,858.6797485351562
1790951491.102668,0,1,840.5849609375,829.070068359375,832.3600463867188,863.6146850585938
1790951491.1136198,0,1,881.70947265625,815.9102783203125,837.2949829101562,843.8749389648438
1790951491.1242385,0,1,848.8098754882812,824.1351318359375,837.2949829101562,866.9046630859375
1790951491.1355436,0,1,861.9697265625,819.2001953125,838.9400024414062,868.5496215820312
1790951491.146248,0,1,868.5496215820312,830.715087890625,835.6500244140625,850.454833984375
1790951491.1570144,0,1,829.070068359375,825.7801513671875,837.2949829101562,829.070068359375
1790951491.167705,0,1,850.454833984375,835.6500244140625,834.0050048828125,822.4901733398438
1790951491.1785855,0,1,860.32470703125,840.5849609375,845.5198974609375,845.5198974609375
1790951491.189297,0,1,845.5198974609375,820.84521484375,834.0050048828125,819.2001953125
1790951491.2003543,0,1,845.5198974609375,820.84521484375,834.0050048828125,819.2001953125
1790951491.2109208,0,1,845.5198974609375,820.84521484375,834.0050048828125,819.2001953125
1790951491.2215245,0,1,845.5198974609375,820.84521484375,834.0050048828125,819.2001953125
1790951491.2325459,0,1,845.5198974609375,820.84521484375,834.0050048828125,819.2001953125
1790951491.2431161,0,1,852.0997924804688,834.0050048828125,840.5849609375,819.2001953125
1790951491.2543283,0,1,850.454833984375,835.6500244140625,830.715087890625,820.84521484375
1790951491.2653074,0,1,840.5849609375,820.84521484375,842.2299194335938,815.9102783203125
1790951491.2764528,0,1,861.9697265625,814.2652587890625,842.2299194335938,843.8749389648438
1790951491.287011,0,1,868.5496215820312,837.2949829101562,842.2299194335938,847.1648559570312
1790951491.2980132,0,1,868.5496215820312,837.2949829101562,842.2299194335938,847.1648559570312
1790951491.3087306,0,1,868.5496215820312,837.2949829101562,842.2299194335938,847.1648559570312
1790951491.3194711,0,1,868.5496215820312,837.2949829101562,842.2299194335938,847.1648559570312
1790951491.3306673,0,1,868.5496215820312,837.2949829101562,842.2299194335938,847.1648559570312
1790951491.3415086,0,1,868.5496215820312,837.2949829101562,842.2299194335938,847.1648559570312
1790951491.3528445,0,1,866.9046630859375,824.1351318359375,840.5849609375,835.6500244140625
1790951491.3637261,0,1,866.9046630859375,832.3600463867188,843.8749389648438,873.4845581054688
1790951491.3742766,0,1,843.8749389648438,835.6500244140625,847.1648559570312,840.5849609375
1790951491.385341,1,1,876.7745361328125,825.7801513671875,847.1648559570312,860.32470703125
1790951491.3962202,1,1,878.4194946289062,825.7801513671875,840.5849609375,860.32470703125
1790951491.4071083,1,1,878.4194946289062,825.7801513671875,840.5849609375,860.32470703125
1790951491.4180174,1,1,878.4194946289062,825.7801513671875,840.5849609375,860.32470703125
1790951491.4290998,1,1,878.4194946289062,825.7801513671875,840.5849609375,860.32470703125
1790951491.43991,1,1,878.4194946289062,825.7801513671875,840.5849609375,860.32470703125
1790951491.4514477,1,1,866.9046630859375,819.2001953125,842.2299194335938,850.454833984375
1790951491.4629588,1,1,863.6146850585938,835.6500244140625,842.2299194335938,842.2299194335938
1790951491.4740312,1,1,865.2596435546875,832.3600463867188,842.2299194335938,840.5849609375
1790951491.485082,1,1,866.9046630859375,832.3600463867188,840.5849609375,824.1351318359375
1790951491.4964392,1,1,880.064453125,829.070068359375,850.454833984375,850.454833984375
1790951491.5072525,1,1,880.064453125,829.070068359375,850.454833984375,850.454833984375
1790951491.519032,1,1,880.064453125,829.070068359375,850.454833984375,850.454833984375
1790951491.5298953,1,1,880.064453125,829.070068359375,850.454833984375,850.454833984375
1790951491.5408835,1,1,880.064453125,829.070068359375,850.454833984375,850.454833984375
1790951491.5520935,1,1,880.064453125,829.070068359375,850.454833984375,850.454833984375
1790951491.562936,1,1,880.064453125,829.070068359375,850.454833984375,850.454833984375
1790951491.5737927,1,1,880.064453125,829.070068359375,850.454833984375,850.454833984375
1790951491.584886,1,1,881.70947265625,840.5849609375,830.715087890625,824.1351318359375
1790951491.5957599,1,1,852.0997924804688,822.4901733398438,838.9400024414062,815.9102783203125
1790951491.6066272,1,1,860.32470703125,825.7801513671875,847.1648559570312,824.1351318359375
1790951491.6176462,1,1,858.6797485351562,842.2299194335938,847.1648559570312,832.3600463867188
1790951491.628722,1,1,875.1295166015625,832.3600463867188,838.9400024414062,852.0997924804688
1790951491.6397045,1,1,875.1295166015625,832.3600463867188,838.9400024414062,852.0997924804688
1790951491.6503563,1,1,875.1295166015625,832.3600463867188,838.9400024414062,852.0997924804688
1790951491.6612732,1,1,875.1295166015625,832.3600463867188,838.9400024414062,852.0997924804688
1790951491.6723146,1,1,865.2596435546875,835.6500244140625,842.2299194335938,832.3600463867188
1790951491.6833553,1,1,860.32470703125,802.7504272460938,838.9400024414062,853.7448120117188
1790951491.694094,1,1,871.839599609375,827.4251098632812,840.5849609375,847.1648559570312
1790951491.7051013,1,1,871.839599609375,827.4251098632812,840.5849609375,847.1648559570312
1790951491.7156248,1,1,871.839599609375,827.4251098632812,840.5849609375,847.1648559570312
1790951491.7261302,1,1,871.839599609375,827.4251098632812,840.5849609375,847.1648559570312
1790951491.7369428,1,1,871.839599609375,827.4251098632812,840.5849609375,847.1648559570312
1790951491.7478175,1,1,871.839599609375,827.4251098632812,840.5849609375,847.1648559570312
1790951491.7583141,1,1,858.6797485351562,832.3600463867188,842.2299194335938,863.6146850585938
1790951491.7690318,1,1,865.2596435546875,824.1351318359375,835.6500244140625,832.3600463867188
1790951491.7794845,1,1,860.32470703125,830.715087890625,835.6500244140625,835.6500244140625
1790951491.7901185,1,1,860.32470703125,822.4901733398438,830.715087890625,845.5198974609375
1790951491.8007972,1,1,860.32470703125,822.4901733398438,830.715087890625,845.5198974609375
1790951491.8114247,1,1,832.3600463867188,825.7801513671875,835.6500244140625,815.9102783203125
1790951491.8223493,1,1,875.1295166015625,820.84521484375,840.5849609375,853.7448120117188
1790951491.8331316,1,1,873.4845581054688,820.84521484375,835.6500244140625,853.7448120117188
1790951491.843956,1,1,873.4845581054688,820.84521484375,835.6500244140625,853.7448120117188
1790951491.8547556,1,1,873.4845581054688,820.84521484375,835.6500244140625,853.7448120117188
1790951491.8660886,1,1,873.4845581054688,820.84521484375,835.6500244140625,853.7448120117188
1790951491.8774004,1,1,873.4845581054688,820.84521484375,835.6500244140625,853.7448120117188
1790951491.8880005,1,1,873.4845581054688,820.84521484375,835.6500244140625,853.7448120117188
1790951491.8994083,1,1,850.454833984375,843.8749389648438,834.0050048828125,845.5198974609375
1790951491.9106686,1,1,889.9343872070312,842.2299194335938,830.715087890625,834.0050048828125
1790951491.9217489,1,1,830.715087890625,847.1648559570312,832.3600463867188,814.2652587890625
1790951491.932842,1,1,830.715087890625,847.1648559570312,832.3600463867188,814.2652587890625
1790951491.9433203,1,1,830.715087890625,847.1648559570312,832.3600463867188,814.2652587890625
1790951491.9539344,1,1,830.715087890625,847.1648559570312,832.3600463867188,814.2652587890625
1790951491.9646049,1,1,830.715087890625,847.1648559570312,832.3600463867188,814.2652587890625
1790951491.9755106,1,1,830.715087890625,847.1648559570312,832.3600463867188,814.2652587890625
1790951491.9868648,1,1,858.6797485351562,837.2949829101562,829.070068359375,830.715087890625
1790951491.9975445,1,1,865.2596435546875,830.715087890625,842.2299194335938,840.5849609375
1790951492.0087278,1,1,865.2596435546875,840.5849609375,837.2949829101562,865.2596435546875
1790951492.0194867,1,1,850.454833984375,845.5198974609375,827.4251098632812,830.715087890625
1790951492.0299644,1,1,871.839599609375,832.3600463867188,837.2949829101562,845.5198974609375
1790951492.040722,1,1,871.839599609375,832.3600463867188,837.2949829101562,845.5198974609375
1790951492.0528116,1,1,871.839599609375,832.3600463867188,837.2949829101562,845.5198974609375
1790951492.0636144,1,1,871.839599609375,832.3600463867188,837.2949829101562,845.5198974609375
1790951492.0745263,1,1,871.839599609375,832.3600463867188,837.2949829101562,845.5198974609375
1790951492.085143,1,1,871.839599609375,832.3600463867188,837.2949829101562,845.5198974609375
1790951492.0961826,1,1,850.454833984375,847.1648559570312,837.2949829101562,824.1351318359375
1790951492.1066687,1,1,888.2893676757812,809.330322265625,834.0050048828125,858.6797485351562
1790951492.117273,1,1,857.0347290039062,835.6500244140625,830.715087890625,861.9697265625
1790951492.1279817,1,1,861.9697265625,834.0050048828125,825.7801513671875,865.2596435546875
1790951492.1385114,1,1,883.3544311523438,837.2949829101562,822.4901733398438,837.2949829101562
1790951492.1495378,1,1,883.3544311523438,837.2949829101562,822.4901733398438,837.2949829101562
1790951492.1604004,1,1,883.3544311523438,837.2949829101562,822.4901733398438,837.2949829101562
1790951492.1713762,1,1,883.3544311523438,837.2949829101562,822.4901733398438,837.2949829101562
1790951492.1818776,1,1,883.3544311523438,837.2949829101562,822.4901733398438,837.2949829101562
1790951492.1929796,1,1,883.3544311523438,837.2949829101562,822.4901733398438,837.2949829101562
1790951492.2038727,1,1,858.6797485351562,822.4901733398438,838.9400024414062,860.32470703125
1790951492.21489,1,1,858.6797485351562,822.4901733398438,838.9400024414062,860.32470703125
1790951492.2259703,1,1,858.6797485351562,822.4901733398438,838.9400024414062,860.32470703125
1790951492.2371435,1,1,858.6797485351562,822.4901733398438,838.9400024414062,860.32470703125
1790951492.247816,1,1,858.6797485351562,822.4901733398438,838.9400024414062,860.32470703125
1790951492.258788,1,1,858.6797485351562,822.4901733398438,838.9400024414062,860.32470703125
1790951492.2703207,1,1,861.9697265625,863.6146850585938,840.5849609375,829.070068359375
1790951492.2808244,1,1,779.720703125,876.7745361328125,835.6500244140625,748.466064453125
1790951492.291438,1,1,708.9865112304688,934.3488159179688,820.84521484375,664.5720825195312
1790951492.3024924,1,1,779.720703125,884.9994506835938,829.070068359375,751.7560424804688
1790951492.3136237,1,1,779.720703125,883.3544311523438,834.0050048828125,771.4957885742188
1790951492.3242908,1,1,779.720703125,883.3544311523438,834.0050048828125,771.4957885742188
1790951492.3354907,1,1,779.720703125,883.3544311523438,834.0050048828125,771.4957885742188
1790951492.346176,1,1,779.720703125,883.3544311523438,834.0050048828125,771.4957885742188
1790951492.3571541,1,1,779.720703125,883.3544311523438,834.0050048828125,771.4957885742188
1790951492.368133,1,1,779.720703125,883.3544311523438,834.0050048828125,771.4957885742188
1790951492.3788471,1,1,834.0050048828125,842.2299194335938,838.9400024414062,809.330322265625
1790951492.389377,1,1,843.8749389648438,817.5552368164062,838.9400024414062,838.9400024414062
1790951492.3999255,1,1,848.8098754882812,815.9102783203125,845.5198974609375,860.32470703125
1790951492.4104002,1,1,878.4194946289062,834.0050048828125,843.8749389648438,870.194580078125
1790951492.421247,1,1,870.194580078125,829.070068359375,835.6500244140625,840.5849609375
1790951492.4321682,1,1,870.194580078125,829.070068359375,835.6500244140625,840.5849609375
1790951492.4433682,1,1,870.194580078125,829.070068359375,835.6500244140625,840.5849609375
1790951492.4550178,1,1,870.194580078125,829.070068359375,835.6500244140625,840.5849609375
1790951492.4657662,1,1,870.194580078125,829.070068359375,835.6500244140625,840.5849609375
1790951492.4765584,1,1,870.194580078125,829.070068359375,835.6500244140625,840.5849609375
1790951492.4872038,1,1,871.839599609375,829.070068359375,842.2299194335938,863.6146850585938
1790951492.4981215,1,1,875.1295166015625,843.8749389648438,835.6500244140625,868.5496215820312
1790951492.508766,1,1,873.4845581054688,825.7801513671875,838.9400024414062,852.0997924804688
1790951492.5194156,1,1,863.6146850585938,850.454833984375,842.2299194335938,861.9697265625
1790951492.5305924,1,1,861.9697265625,835.6500244140625,835.6500244140625,847.1648559570312
1790951492.5414786,1,1,878.4194946289062,832.3600463867188,840.5849609375,834.0050048828125
1790951492.5526807,1,1,871.839599609375,829.070068359375,837.2949829101562,830.715087890625
1790951492.5641263,1,1,878.4194946289062,827.4251098632812,842.2299194335938,868.5496215820312
1790951492.574667,1,1,865.2596435546875,825.7801513671875,832.3600463867188,845.5198974609375
1790951492.58521,1,1,865.2596435546875,825.7801513671875,832.3600463867188,845.5198974609375
1790951492.5961685,1,1,865.2596435546875,825.7801513671875,832.3600463867188,845.5198974609375
1790951492.6067183,1,1,865.2596435546875,825.7801513671875,832.3600463867188,845.5198974609375
1790951492.6172838,1,1,865.2596435546875,825.7801513671875,832.3600463867188,845.5198974609375
1790951492.6278057,1,1,865.2596435546875,825.7801513671875,832.3600463867188,845.5198974609375
1790951492.6384413,1,1,865.2596435546875,825.7801513671875,832.3600463867188,845.5198974609375
1790951492.6495488,1,1,843.8749389648438,820.84521484375,843.8749389648438,848.8098754882812
1790951492.6602445,1,1,868.5496215820312,827.4251098632812,843.8749389648438,834.0050048828125
1790951492.6714098,1,1,889.9343872070312,809.330322265625,845.5198974609375,855.3897705078125
1790951492.682349,1,1,860.32470703125,829.070068359375,837.2949829101562,822.4901733398438
1790951492.6933262,1,1,860.32470703125,824.1351318359375,842.2299194335938,822.4901733398438
1790951492.7044516,1,1,861.9697265625,825.7801513671875,847.1648559570312,827.4251098632812
1790951492.7156436,1,1,861.9697265625,825.7801513671875,847.1648559570312,827.4251098632812
1790951492.7267396,1,1,861.9697265625,825.7801513671875,847.1648559570312,827.4251098632812
1790951492.7378435,1,1,861.9697265625,825.7801513671875,847.1648559570312,827.4251098632812
1790951492.7487376,1,1,861.9697265625,825.7801513671875,847.1648559570312,827.4251098632812
1790951492.759904,1,1,873.4845581054688,812.6203002929688,845.5198974609375,850.454833984375
1790951492.7716024,1,1,858.6797485351562,822.4901733398438,840.5849609375,837.2949829101562
1790951492.7828078,1,1,858.6797485351562,835.6500244140625,832.3600463867188,814.2652587890625
1790951492.7934325,1,1,850.454833984375,822.4901733398438,837.2949829101562,848.8098754882812
1790951492.8040857,1,1,850.454833984375,817.5552368164062,824.1351318359375,837.2949829101562
1790951492.8151057,1,1,830.715087890625,778.07568359375,870.194580078125,827.4251098632812
1790951492.825978,1,1,830.715087890625,778.07568359375,870.194580078125,827.4251098632812
1790951492.8370733,1,1,830.715087890625,778.07568359375,870.194580078125,827.4251098632812
1790951492.8479724,1,1,830.715087890625,778.07568359375,870.194580078125,827.4251098632812
1790951492.8589332,1,1,820.84521484375,769.850830078125,883.3544311523438,827.4251098632812
1790951492.8699212,1,1,807.6853637695312,718.8563842773438,891.579345703125,838.9400024414062
1790951492.8811758,1,1,837.2949829101562,768.205810546875,870.194580078125,852.0997924804688
1790951492.8920593,1,1,870.194580078125,794.5255126953125,860.32470703125,876.7745361328125
1790951492.9029896,1,1,870.194580078125,799.46044921875,860.32470703125,871.839599609375
1790951492.9138105,1,1,886.6444091796875,791.2355346679688,852.0997924804688,893.2243041992188
1790951492.9250555,1,1,886.6444091796875,791.2355346679688,852.0997924804688,893.2243041992188
1790951492.9360461,1,1,886.6444091796875,791.2355346679688,852.0997924804688,893.2243041992188
1790951492.9476032,1,1,886.6444091796875,791.2355346679688,852.0997924804688,893.2243041992188
1790951492.9583244,1,1,886.6444091796875,791.2355346679688,852.0997924804688,893.2243041992188
1790951492.969422,1,1,886.6444091796875,796.1704711914062,855.3897705078125,873.4845581054688
1790951492.980953,1,1,883.3544311523438,827.4251098632812,861.9697265625,881.70947265625
1790951492.992064,1,1,883.3544311523438,787.945556640625,861.9697265625,888.2893676757812
1790951493.0030656,1,1,852.0997924804688,827.4251098632812,878.4194946289062,855.3897705078125
1790951493.0136616,1,1,806.0403442382812,820.84521484375,870.194580078125,809.330322265625
1790951493.0247743,1,1,806.0403442382812,820.84521484375,870.194580078125,809.330322265625
1790951493.0363922,1,1,806.0403442382812,820.84521484375,870.194580078125,809.330322265625
1790951493.0475316,1,1,806.0403442382812,820.84521484375,870.194580078125,809.330322265625
1790951493.0586252,1,1,806.0403442382812,820.84521484375,870.194580078125,809.330322265625
1790951493.0691767,1,1,657.9921264648438,733.6612548828125,891.579345703125,722.1463623046875
1790951493.080348,1,1,500.07403564453125,694.1817016601562,884.9994506835938,551.0684204101562
1790951493.0912602,1,1,486.9141845703125,707.341552734375,1088.9769287109375,537.9085693359375
1790951493.1026652,1,1,486.9141845703125,759.9808959960938,1158.066162109375,564.228271484375
1790951493.1138003,1,1,355.3157653808594,657.9921264648438,1125.16650390625,356.9607238769531
1790951493.1246753,1,1,355.3157653808594,657.9921264648438,1125.16650390625,356.9607238769531
1790951493.1353936,1,1,355.3157653808594,657.9921264648438,1125.16650390625,356.9607238769531
1790951493.1463647,1,1,355.3157653808594,657.9921264648438,1125.16650390625,356.9607238769531
1790951493.1573043,1,1,355.3157653808594,657.9921264648438,1125.16650390625,356.9607238769531
1790951493.1682725,1,1,445.7896728515625,684.3118286132812,1158.066162109375,465.5294494628906
1790951493.1791706,1,1,641.5423583984375,8.224902153015137,1590.696044921875,712.2764892578125
1790951493.1901107,1,1,623.4475708007812,16.449804306030273,1380.1385498046875,653.0571899414062
1790951493.20098,1,1,623.4475708007812,16.449804306030273,1380.1385498046875,653.0571899414062
1790951493.212293,1,1,623.4475708007812,16.449804306030273,1380.1385498046875,653.0571899414062
1790951493.223247,1,1,623.4475708007812,16.449804306030273,1380.1385498046875,653.0571899414062
1790951493.2340195,1,1,623.4475708007812,16.449804306030273,1380.1385498046875,653.0571899414062
1790951493.2445104,1,1,623.4475708007812,16.449804306030273,1380.1385498046875,653.0571899414062
1790951493.2556722,1,1,766.5608520507812,23.02972412109375,1366.9786376953125,815.9102783203125
1790951493.2666047,1,1,751.7560424804688,31.254627227783203,1169.5810546875,799.46044921875
1790951493.2776153,1,1,783.0106201171875,24.674705505371094,1110.3616943359375,825.7801513671875
1790951493.2885568,1,1,931.0588989257812,27.96466636657715,898.1592407226562,888.2893676757812
1790951493.29936,1,1,1008.3729248046875,26.319684982299805,825.7801513671875,884.9994506835938
1790951493.3108177,1,1,1008.3729248046875,26.319684982299805,825.7801513671875,884.9994506835938
1790951493.321875,1,1,1008.3729248046875,26.319684982299805,825.7801513671875,884.9994506835938
1790951493.3324354,1,1,1008.3729248046875,26.319684982299805,825.7801513671875,884.9994506835938
1790951493.3431263,1,1,1008.3729248046875,26.319684982299805,825.7801513671875,884.9994506835938
1790951493.3539379,1,1,1029.7576904296875,27.96466636657715,799.46044921875,898.1592407226562
1790951493.3650491,1,1,1067.59228515625,27.96466636657715,751.7560424804688,922.833984375
1790951493.3759308,1,1,1084.0419921875,27.96466636657715,751.7560424804688,935.9938354492188
1790951493.3869445,1,1,1125.16650390625,148.04823303222656,722.1463623046875,952.443603515625
1790951493.3978174,1,1,1039.6275634765625,409.60009765625,736.951171875,983.6982421875
1790951493.4083843,1,1,1037.9825439453125,442.4997253417969,732.0162353515625,977.1183471679688
1790951493.4193892,1,1,1037.9825439453125,442.4997253417969,732.0162353515625,977.1183471679688
1790951493.4303083,1,1,1037.9825439453125,442.4997253417969,732.0162353515625,977.1183471679688
1790951493.4409585,1,1,1037.9825439453125,442.4997253417969,732.0162353515625,977.1183471679688
1790951493.4520607,1,1,1037.9825439453125,442.4997253417969,732.0162353515625,977.1183471679688
1790951493.4628868,1,1,1037.9825439453125,442.4997253417969,732.0162353515625,977.1183471679688
1790951493.4735308,1,1,1037.9825439453125,442.4997253417969,732.0162353515625,977.1183471679688
1790951493.4841948,1,1,998.5030517578125,505.00897216796875,750.1110229492188,955.7335815429688
1790951493.4952931,1,1,1000.1480712890625,552.71337890625,736.951171875,980.4082641601562
1790951493.5062463,1,1,977.1183471679688,597.1278686523438,761.6259155273438,968.8934326171875
1790951493.5171998,1,1,944.2186889648438,597.1278686523438,771.4957885742188,968.8934326171875
1790951493.5283997,1,1,934.3488159179688,638.2523803710938,773.1407470703125,939.2837524414062
1790951493.5395684,1,1,934.3488159179688,638.2523803710938,773.1407470703125,939.2837524414062
1790951493.5502834,1,1,934.3488159179688,638.2523803710938,773.1407470703125,939.2837524414062
1790951493.5607972,1,1,934.3488159179688,638.2523803710938,773.1407470703125,939.2837524414062
1790951493.5715551,1,1,934.3488159179688,638.2523803710938,773.1407470703125,939.2837524414062
1790951493.5824773,1,1,934.3488159179688,638.2523803710938,773.1407470703125,939.2837524414062
1790951493.5933735,1,1,926.1239624023438,633.3174438476562,779.720703125,965.6034545898438
1790951493.6045437,1,1,903.09423828125,644.832275390625,763.2708740234375,937.6387939453125
1790951493.6156077,1,1,898.1592407226562,659.6371459960938,804.3953857421875,912.964111328125
1790951493.626278,1,1,880.064453125,676.0869140625,802.7504272460938,909.6741333007812
1790951493.6370654,1,1,866.9046630859375,704.0515747070312,804.3953857421875,865.2596435546875
1790951493.6481192,1,1,883.3544311523438,735.3062133789062,817.5552368164062,884.9994506835938
1790951493.6593838,1,1,868.5496215820312,741.8861083984375,825.7801513671875,876.7745361328125
1790951493.6704266,1,1,875.1295166015625,758.3359375,812.6203002929688,883.3544311523438
1790951493.6817322,1,1,884.9994506835938,753.4010009765625,832.3600463867188,871.839599609375
1790951493.6928272,1,0,884.9994506835938,753.4010009765625,832.3600463867188,871.839599609375
1790951493.7036018,1,0,884.9994506835938,753.4010009765625,832.3600463867188,871.839599609375
1790951493.714557,1,0,884.9994506835938,753.4010009765625,832.3600463867188,871.839599609375
1790951493.7251515,1,0,884.9994506835938,753.4010009765625,832.3600463867188,871.839599609375
1790951493.7363262,1,0,850.454833984375,781.3656616210938,848.8098754882812,857.0347290039062
1790951493.747467,1,0,871.839599609375,771.4957885742188,845.5198974609375,878.4194946289062
1790951493.7586184,1,0,850.454833984375,794.5255126953125,769.850830078125,827.4251098632812
1790951493.769623,1,0,870.194580078125,799.46044921875,773.1407470703125,834.0050048828125
1790951493.7806869,1,0,853.7448120117188,792.8805541992188,801.1054077148438,848.8098754882812
1790951493.7912614,1,0,857.0347290039062,806.0403442382812,774.7857666015625,842.2299194335938
1790951493.8024826,1,0,857.0347290039062,806.0403442382812,774.7857666015625,842.2299194335938
1790951493.8131766,1,0,857.0347290039062,806.0403442382812,774.7857666015625,842.2299194335938
1790951493.8237283,1,0,857.0347290039062,806.0403442382812,774.7857666015625,842.2299194335938
1790951493.8347712,1,0,861.9697265625,783.0106201171875,789.590576171875,858.6797485351562
1790951493.8458517,1,0,865.2596435546875,810.9752807617188,796.1704711914062,838.9400024414062
1790951493.8569138,1,0,871.839599609375,806.0403442382812,794.5255126953125,853.7448120117188
1790951493.8679812,1,0,889.9343872070312,809.330322265625,796.1704711914062,857.0347290039062
1790951493.879274,1,0,889.9343872070312,809.330322265625,796.1704711914062,857.0347290039062
1790951493.8907244,1,0,889.9343872070312,809.330322265625,796.1704711914062,857.0347290039062
1790951493.9014413,1,0,889.9343872070312,809.330322265625,796.1704711914062,857.0347290039062
1790951493.9123633,1,0,889.9343872070312,809.330322265625,796.1704711914062,857.0347290039062
1790951493.9234097,1,0,889.9343872070312,809.330322265625,796.1704711914062,857.0347290039062
1790951493.9345727,1,0,888.2893676757812,804.3953857421875,787.945556640625,863.6146850585938
1790951493.9458838,1,0,883.3544311523438,817.5552368164062,812.6203002929688,855.3897705078125
1790951493.9574711,1,0,878.4194946289062,822.4901733398438,802.7504272460938,863.6146850585938
1790951493.96843,1,0,898.1592407226562,806.0403442382812,804.3953857421875,865.2596435546875
1790951493.9796035,1,0,871.839599609375,820.84521484375,815.9102783203125,871.839599609375
1790951493.990489,1,0,868.5496215820312,812.6203002929688,810.9752807617188,852.0997924804688
1790951494.001642,1,0,868.5496215820312,812.6203002929688,810.9752807617188,852.0997924804688
1790951494.0125358,1,0,868.5496215820312,812.6203002929688,810.9752807617188,852.0997924804688
1790951494.0230393,1,0,868.5496215820312,812.6203002929688,810.9752807617188,852.0997924804688
1790951494.033644,1,0,868.5496215820312,812.6203002929688,810.9752807617188,852.0997924804688
1790951494.044643,1,0,868.5496215820312,812.6203002929688,810.9752807617188,852.0997924804688
1790951494.0551157,1,0,868.5496215820312,804.3953857421875,814.2652587890625,873.4845581054688
1790951494.0662153,1,0,881.70947265625,815.9102783203125,815.9102783203125,855.3897705078125
1790951494.077163,1,0,870.194580078125,806.0403442382812,819.2001953125,863.6146850585938
1790951494.0882423,1,0,876.7745361328125,822.4901733398438,820.84521484375,863.6146850585938
1790951494.0993326,1,0,880.064453125,817.5552368164062,824.1351318359375,861.9697265625
1790951494.1103132,1,0,866.9046630859375,809.330322265625,815.9102783203125,865.2596435546875
1790951494.121281,1,0,866.9046630859375,809.330322265625,815.9102783203125,865.2596435546875
1790951494.1328492,1,0,866.9046630859375,809.330322265625,815.9102783203125,865.2596435546875
1790951494.143975,1,0,866.9046630859375,809.330322265625,815.9102783203125,865.2596435546875
1790951494.1549366,1,0,866.9046630859375,809.330322265625,815.9102783203125,865.2596435546875
1790951494.1657739,1,0,870.194580078125,814.2652587890625,820.84521484375,861.9697265625
1790951494.176821,1,0,855.3897705078125,810.9752807617188,829.070068359375,853.7448120117188
1790951494.1879547,1,0,843.8749389648438,817.5552368164062,817.5552368164062,847.1648559570312
1790951494.1989086,1,0,848.8098754882812,819.2001953125,824.1351318359375,853.7448120117188
1790951494.209535,1,0,848.8098754882812,819.2001953125,824.1351318359375,853.7448120117188
1790951494.2210727,1,0,848.8098754882812,822.4901733398438,825.7801513671875,832.3600463867188
1790951494.231964,1,1,848.8098754882812,822.4901733398438,825.7801513671875,832.3600463867188
1790951494.2430613,1,1,848.8098754882812,822.4901733398438,825.7801513671875,832.3600463867188
1790951494.2545447,1,1,848.8098754882812,822.4901733398438,825.7801513671875,832.3600463867188
1790951494.2655587,1,1,848.8098754882812,822.4901733398438,825.7801513671875,832.3600463867188
1790951494.2765658,1,1,848.8098754882812,822.4901733398438,825.7801513671875,832.3600463867188
1790951494.2873461,1,1,848.8098754882812,807.6853637695312,830.715087890625,848.8098754882812
1790951494.2980638,1,1,847.1648559570312,827.4251098632812,814.2652587890625,866.9046630859375
1790951494.3090856,1,1,863.6146850585938,815.9102783203125,819.2001953125,842.2299194335938
1790951494.3197656,1,1,843.8749389648438,810.9752807617188,830.715087890625,840.5849609375
1790951494.3311825,1,1,834.0050048828125,832.3600463867188,829.070068359375,842.2299194335938
1790951494.3421967,0,1,857.0347290039062,832.3600463867188,824.1351318359375,842.2299194335938
1790951494.3528306,0,1,857.0347290039062,832.3600463867188,824.1351318359375,842.2299194335938
1790951494.3636756,0,1,857.0347290039062,832.3600463867188,824.1351318359375,842.2299194335938
1790951494.3742633,0,1,857.0347290039062,832.3600463867188,824.1351318359375,842.2299194335938
1790951494.385376,0,1,857.0347290039062,832.3600463867188,824.1351318359375,842.2299194335938
1790951494.396509,0,1,866.9046630859375,829.070068359375,825.7801513671875,848.8098754882812
1790951494.4077258,0,1,843.8749389648438,834.0050048828125,814.2652587890625,843.8749389648438
1790951494.419039,0,1,861.9697265625,832.3600463867188,819.2001953125,834.0050048828125
1790951494.430417,0,1,861.9697265625,832.3600463867188,819.2001953125,834.0050048828125
1790951494.4414592,0,1,861.9697265625,832.3600463867188,819.2001953125,834.0050048828125
1790951494.4526632,0,1,861.9697265625,832.3600463867188,819.2001953125,834.0050048828125
1790951494.4638164,0,1,861.9697265625,832.3600463867188,819.2001953125,834.0050048828125
1790951494.4750159,0,1,858.6797485351562,825.7801513671875,822.4901733398438,865.2596435546875
1790951494.4859273,0,1,865.2596435546875,827.4251098632812,822.4901733398438,847.1648559570312
1790951494.4968212,0,1,865.2596435546875,822.4901733398438,817.5552368164062,835.6500244140625
1790951494.5073576,0,1,852.0997924804688,825.7801513671875,824.1351318359375,853.7448120117188
1790951494.5184548,0,1,838.9400024414062,848.8098754882812,843.8749389648438,829.070068359375
1790951494.5294468,0,1,804.3953857421875,855.3897705078125,832.3600463867188,796.1704711914062
1790951494.5403514,0,1,804.3953857421875,866.9046630859375,834.0050048828125,781.3656616210938
1790951494.5512843,0,1,804.3953857421875,866.9046630859375,834.0050048828125,781.3656616210938
1790951494.5622964,0,1,804.3953857421875,866.9046630859375,834.0050048828125,781.3656616210938
1790951494.5728855,0,1,804.3953857421875,866.9046630859375,834.0050048828125,781.3656616210938
1790951494.5834816,0,1,804.3953857421875,866.9046630859375,834.0050048828125,781.3656616210938
1790951494.5945446,0,1,746.8211059570312,870.194580078125,830.715087890625,707.341552734375
1790951494.6055017,0,1,796.1704711914062,840.5849609375,834.0050048828125,776.4307250976562
1790951494.61657,0,1,810.9752807617188,827.4251098632812,830.715087890625,806.0403442382812
1790951494.6275084,0,1,810.9752807617188,827.4251098632812,830.715087890625,806.0403442382812
1790951494.6389437,0,1,810.9752807617188,827.4251098632812,830.715087890625,806.0403442382812
1790951494.6496227,0,1,810.9752807617188,827.4251098632812,830.715087890625,806.0403442382812
1790951494.660257,0,1,810.9752807617188,827.4251098632812,830.715087890625,806.0403442382812
1790951494.6710534,0,1,842.2299194335938,827.4251098632812,832.3600463867188,812.6203002929688
1790951494.681848,0,1,840.5849609375,807.6853637695312,835.6500244140625,848.8098754882812
1790951494.6931734,0,1,852.0997924804688,809.330322265625,834.0050048828125,838.9400024414062
1790951494.7042172,0,1,848.8098754882812,814.2652587890625,832.3600463867188,827.4251098632812
1790951494.715001,0,1,848.8098754882812,814.2652587890625,832.3600463867188,827.4251098632812
1790951494.7257051,0,1,848.8098754882812,814.2652587890625,832.3600463867188,827.4251098632812
1790951494.7372942,0,1,848.8098754882812,814.2652587890625,832.3600463867188,827.4251098632812
1790951494.748159,0,1,848.8098754882812,814.2652587890625,832.3600463867188,827.4251098632812
1790951494.758767,0,1,848.8098754882812,814.2652587890625,832.3600463867188,827.4251098632812
1790951494.7699943,0,1,873.4845581054688,817.5552368164062,835.6500244140625,838.9400024414062
1790951494.781097,0,1,866.9046630859375,812.6203002929688,834.0050048828125,852.0997924804688
1790951494.7921462,0,1,881.70947265625,825.7801513671875,829.070068359375,850.454833984375
1790951494.8033292,0,1,881.70947265625,807.6853637695312,835.6500244140625,852.0997924804688
1790951494.8143263,0,1,881.70947265625,807.6853637695312,835.6500244140625,852.0997924804688
1790951494.8254576,0,1,860.32470703125,806.0403442382812,837.2949829101562,834.0050048828125
1790951494.836643,0,1,883.3544311523438,814.2652587890625,835.6500244140625,852.0997924804688
1790951494.8477654,0,1,883.3544311523438,814.2652587890625,835.6500244140625,852.0997924804688
1790951494.8588312,0,1,883.3544311523438,814.2652587890625,835.6500244140625,852.0997924804688
1790951494.8711627,0,1,883.3544311523438,814.2652587890625,835.6500244140625,852.0997924804688
1790951494.8825696,0,1,883.3544311523438,814.2652587890625,835.6500244140625,852.0997924804688
1790951494.8932815,0,1,883.3544311523438,814.2652587890625,835.6500244140625,852.0997924804688
1790951494.9043155,0,1,875.1295166015625,825.7801513671875,825.7801513671875,860.32470703125
1790951494.9149282,0,1,875.1295166015625,825.7801513671875,825.7801513671875,860.32470703125
1790951494.9260201,0,1,868.5496215820312,817.5552368164062,834.0050048828125,850.454833984375
1790951494.9373372,0,1,868.5496215820312,817.5552368164062,834.0050048828125,850.454833984375
1790951494.9480348,0,1,868.5496215820312,817.5552368164062,834.0050048828125,850.454833984375
1790951494.959229,0,1,852.0997924804688,825.7801513671875,829.070068359375,832.3600463867188
1790951494.9701738,0,1,876.7745361328125,796.1704711914062,843.8749389648438,853.7448120117188
1790951494.980987,0,1,866.9046630859375,824.1351318359375,829.070068359375,840.5849609375
1790951494.991734,0,1,870.194580078125,810.9752807617188,840.5849609375,847.1648559570312
1790951495.0028644,0,1,870.194580078125,810.9752807617188,840.5849609375,847.1648559570312
1790951495.0136912,0,1,870.194580078125,810.9752807617188,840.5849609375,847.1648559570312
1790951495.0257561,0,1,870.194580078125,810.9752807617188,840.5849609375,847.1648559570312
1790951495.0372074,0,1,870.194580078125,810.9752807617188,840.5849609375,847.1648559570312
1790951495.048228,0,1,876.7745361328125,830.715087890625,834.0050048828125,845.5198974609375
1790951495.0592477,0,1,894.8693237304688,822.4901733398438,837.2949829101562,880.064453125
1790951495.0705192,0,1,912.964111328125,807.6853637695312,829.070068359375,883.3544311523438
1790951495.0813856,0,1,893.2243041992188,807.6853637695312,827.4251098632812,842.2299194335938
1790951495.0918689,0,1,881.70947265625,824.1351318359375,829.070068359375,837.2949829101562
1790951495.1028626,0,1,881.70947265625,824.1351318359375,829.070068359375,837.2949829101562
1790951495.1135285,0,1,881.70947265625,824.1351318359375,829.070068359375,837.2949829101562
1790951495.124381,0,1,881.70947265625,824.1351318359375,829.070068359375,837.2949829101562
1790951495.1352386,0,1,881.70947265625,824.1351318359375,829.070068359375,837.2949829101562
1790951495.1458018,0,1,881.70947265625,824.1351318359375,829.070068359375,837.2949829101562
1790951495.1567068,0,1,881.70947265625,824.1351318359375,829.070068359375,837.2949829101562
1790951495.1680064,0,1,875.1295166015625,814.2652587890625,832.3600463867188,850.454833984375
1790951495.1790524,0,1,889.9343872070312,814.2652587890625,834.0050048828125,853.7448120117188
1790951495.1900764,0,1,871.839599609375,822.4901733398438,830.715087890625,852.0997924804688
1790951495.2005882,0,1,893.2243041992188,817.5552368164062,837.2949829101562,866.9046630859375
1790951495.2113287,0,1,886.6444091796875,815.9102783203125,834.0050048828125,848.8098754882812
1790951495.2227542,0,1,886.6444091796875,815.9102783203125,834.0050048828125,848.8098754882812
1790951495.2335951,0,1,886.6444091796875,815.9102783203125,834.0050048828125,848.8098754882812
1790951495.2442582,0,1,886.6444091796875,815.9102783203125,834.0050048828125,848.8098754882812
1790951495.2550855,0,1,866.9046630859375,824.1351318359375,840.5849609375,838.9400024414062
1790951495.2668245,0,1,899.8042602539062,809.330322265625,835.6500244140625,855.3897705078125
1790951495.2778244,0,1,881.70947265625,825.7801513671875,824.1351318359375,845.5198974609375
1790951495.2888722,0,1,853.7448120117188,810.9752807617188,837.2949829101562,857.0347290039062
1790951495.299523,0,1,881.70947265625,814.2652587890625,835.6500244140625,840.5849609375
1790951495.3106017,0,1,881.70947265625,814.2652587890625,835.6500244140625,840.5849609375
1790951495.3217788,0,1,881.70947265625,814.2652587890625,835.6500244140625,840.5849609375
1790951495.3325884,0,1,881.70947265625,814.2652587890625,835.6500244140625,840.5849609375
1790951495.3442595,0,1,881.70947265625,814.2652587890625,835.6500244140625,840.5849609375
1790951495.3552618,0,1,875.1295166015625,812.6203002929688,842.2299194335938,855.3897705078125
1790951495.3663895,0,1,855.3897705078125,829.070068359375,840.5849609375,835.6500244140625
1790951495.37731,0,1,880.064453125,817.5552368164062,837.2949829101562,832.3600463867188
1790951495.38813,0,1,880.064453125,817.5552368164062,837.2949829101562,832.3600463867188
1790951495.3994944,1,1,871.839599609375,820.84521484375,838.9400024414062,835.6500244140625
1790951495.4103765,1,1,871.839599609375,820.84521484375,838.9400024414062,835.6500244140625
1790951495.4210007,1,1,871.839599609375,820.84521484375,838.9400024414062,835.6500244140625
1790951495.4322379,1,1,871.839599609375,820.84521484375,838.9400024414062,835.6500244140625
1790951495.443537,1,1,871.839599609375,820.84521484375,838.9400024414062,835.6500244140625
1790951495.4545205,1,1,871.839599609375,820.84521484375,838.9400024414062,835.6500244140625
1790951495.4653294,1,1,868.5496215820312,834.0050048828125,834.0050048828125,838.9400024414062
1790951495.4761386,1,1,860.32470703125,829.070068359375,824.1351318359375,829.070068359375
1790951495.48736,1,1,875.1295166015625,825.7801513671875,840.5849609375,835.6500244140625
1790951495.4981475,1,1,875.1295166015625,825.7801513671875,840.5849609375,835.6500244140625
1790951495.5090933,1,1,875.1295166015625,825.7801513671875,840.5849609375,835.6500244140625
1790951495.520071,1,1,875.1295166015625,825.7801513671875,840.5849609375,835.6500244140625
1790951495.5314898,1,1,875.1295166015625,825.7801513671875,840.5849609375,835.6500244140625
1790951495.5422454,1,1,865.2596435546875,819.2001953125,838.9400024414062,852.0997924804688
1790951495.553306,1,1,876.7745361328125,824.1351318359375,838.9400024414062,845.5198974609375
1790951495.5641444,1,1,860.32470703125,817.5552368164062,835.6500244140625,842.2299194335938
1790951495.5752835,1,1,868.5496215820312,812.6203002929688,827.4251098632812,845.5198974609375
1790951495.5859137,1,1,866.9046630859375,810.9752807617188,840.5849609375,838.9400024414062
1790951495.5972133,1,1,858.6797485351562,829.070068359375,834.0050048828125,838.9400024414062
1790951495.6083393,1,1,858.6797485351562,829.070068359375,834.0050048828125,838.9400024414062
1790951495.61926,1,1,858.6797485351562,829.070068359375,834.0050048828125,838.9400024414062
1790951495.6297233,1,1,858.6797485351562,829.070068359375,834.0050048828125,838.9400024414062
1790951495.6407042,1,1,858.6797485351562,829.070068359375,834.0050048828125,838.9400024414062
1790951495.6511805,1,1,875.1295166015625,815.9102783203125,835.6500244140625,850.454833984375
1790951495.6619709,1,1,853.7448120117188,827.4251098632812,843.8749389648438,835.6500244140625
1790951495.6726062,1,1,875.1295166015625,815.9102783203125,837.2949829101562,845.5198974609375
1790951495.6835144,1,1,857.0347290039062,838.9400024414062,835.6500244140625,814.2652587890625
1790951495.6944282,1,1,857.0347290039062,838.9400024414062,835.6500244140625,814.2652587890625
1790951495.70589,1,1,857.0347290039062,838.9400024414062,835.6500244140625,814.2652587890625
1790951495.717248,1,1,857.0347290039062,838.9400024414062,835.6500244140625,814.2652587890625
1790951495.7282872,1,1,857.0347290039062,838.9400024414062,835.6500244140625,814.2652587890625
1790951495.7396624,1,1,857.0347290039062,838.9400024414062,835.6500244140625,814.2652587890625
1790951495.7501748,1,1,857.0347290039062,838.9400024414062,835.6500244140625,814.2652587890625
1790951495.7610068,1,1,857.0347290039062,838.9400024414062,835.6500244140625,814.2652587890625
1790951495.7720003,1,1,863.6146850585938,824.1351318359375,837.2949829101562,834.0050048828125
1790951495.7826269,1,1,853.7448120117188,832.3600463867188,830.715087890625,845.5198974609375
1790951495.793623,1,1,852.0997924804688,825.7801513671875,829.070068359375,852.0997924804688
1790951495.804367,1,1,863.6146850585938,827.4251098632812,850.454833984375,861.9697265625
1790951495.815448,1,1,835.6500244140625,815.9102783203125,837.2949829101562,804.3953857421875
1790951495.8260698,1,1,829.070068359375,817.5552368164062,829.070068359375,794.5255126953125
1790951495.837212,1,1,829.070068359375,817.5552368164062,829.070068359375,794.5255126953125
1790951495.8483992,1,1,829.070068359375,817.5552368164062,829.070068359375,794.5255126953125
1790951495.8591201,1,1,829.070068359375,817.5552368164062,829.070068359375,794.5255126953125
1790951495.8698637,1,1,829.070068359375,817.5552368164062,829.070068359375,794.5255126953125
1790951495.8807683,1,1,829.070068359375,817.5552368164062,829.070068359375,794.5255126953125
1790951495.8922696,1,1,847.1648559570312,814.2652587890625,837.2949829101562,815.9102783203125
1790951495.9037354,1,1,837.2949829101562,817.5552368164062,837.2949829101562,824.1351318359375
1790951495.914923,1,1,866.9046630859375,825.7801513671875,843.8749389648438,852.0997924804688
1790951495.9256837,1,1,868.5496215820312,824.1351318359375,845.5198974609375,840.5849609375
1790951495.9367752,1,1,868.5496215820312,824.1351318359375,845.5198974609375,840.5849609375
1790951495.947962,1,1,868.5496215820312,824.1351318359375,845.5198974609375,840.5849609375
1790951495.9589067,1,1,868.5496215820312,824.1351318359375,845.5198974609375,840.5849609375
1790951495.9694993,1,1,868.5496215820312,824.1351318359375,845.5198974609375,840.5849609375
1790951495.9804344,1,1,868.5496215820312,824.1351318359375,845.5198974609375,840.5849609375
1790951495.9912784,1,1,860.32470703125,835.6500244140625,843.8749389648438,827.4251098632812
1790951496.002229,1,1,868.5496215820312,834.0050048828125,838.9400024414062,838.9400024414062
1790951496.013391,1,1,880.064453125,801.1054077148438,845.5198974609375,853.7448120117188
1790951496.0245116,1,1,848.8098754882812,825.7801513671875,837.2949829101562,832.3600463867188
1790951496.0356715,1,1,848.8098754882812,827.4251098632812,837.2949829101562,824.1351318359375
1790951496.0465019,1,1,848.8098754882812,827.4251098632812,837.2949829101562,824.1351318359375
1790951496.0571327,1,1,848.8098754882812,827.4251098632812,837.2949829101562,824.1351318359375
1790951496.0685837,1,1,848.8098754882812,827.4251098632812,837.2949829101562,824.1351318359375
1790951496.0795481,1,1,848.8098754882812,827.4251098632812,837.2949829101562,824.1351318359375
1790951496.0903769,1,1,848.8098754882812,827.4251098632812,837.2949829101562,824.1351318359375
1790951496.1017723,1,1,860.32470703125,820.84521484375,845.5198974609375,842.2299194335938
1790951496.1126966,1,1,855.3897705078125,827.4251098632812,847.1648559570312,853.7448120117188
1790951496.123589,1,1,880.064453125,806.0403442382812,843.8749389648438,855.3897705078125
1790951496.1345143,1,1,894.8693237304688,817.5552368164062,830.715087890625,861.9697265625
1790951496.1457984,1,1,903.09423828125,814.2652587890625,835.6500244140625,870.194580078125
1790951496.1570086,1,1,881.70947265625,830.715087890625,835.6500244140625,850.454833984375
1790951496.1678474,1,1,898.1592407226562,837.2949829101562,843.8749389648438,843.8749389648438
1790951496.178584,1,1,873.4845581054688,848.8098754882812,838.9400024414062,832.3600463867188
1790951496.1896071,1,1,873.4845581054688,848.8098754882812,838.9400024414062,832.3600463867188
1790951496.200769,1,1,873.4845581054688,848.8098754882812,838.9400024414062,832.3600463867188
1790951496.2114232,1,1,873.4845581054688,848.8098754882812,838.9400024414062,832.3600463867188
1790951496.2228513,1,1,873.4845581054688,848.8098754882812,838.9400024414062,832.3600463867188
1790951496.2336135,1,1,873.4845581054688,848.8098754882812,838.9400024414062,832.3600463867188
1790951496.2445333,1,1,710.6315307617188,884.9994506835938,845.5198974609375,682.6668701171875
1790951496.2550592,1,1,690.8917236328125,899.8042602539062,838.9400024414062,661.2821044921875
1790951496.2656746,1,1,743.5311279296875,896.5142822265625,847.1648559570312,702.4066162109375
1790951496.2762246,1,1,786.3005981445312,835.6500244140625,842.2299194335938,778.07568359375
1790951496.2871351,1,1,809.330322265625,838.9400024414062,837.2949829101562,778.07568359375
1790951496.2983823,1,1,809.330322265625,838.9400024414062,837.2949829101562,778.07568359375
1790951496.308954,1,1,809.330322265625,838.9400024414062,837.2949829101562,778.07568359375
1790951496.3200953,1,1,809.330322265625,838.9400024414062,837.2949829101562,778.07568359375
1790951496.3310556,1,1,838.9400024414062,814.2652587890625,843.8749389648438,810.9752807617188
1790951496.3425262,1,1,865.2596435546875,814.2652587890625,838.9400024414062,858.6797485351562
1790951496.3536093,1,1,875.1295166015625,797.8154907226562,837.2949829101562,861.9697265625
1790951496.3643112,1,1,894.8693237304688,810.9752807617188,843.8749389648438,875.1295166015625
1790951496.3749228,1,1,880.064453125,812.6203002929688,837.2949829101562,860.32470703125
1790951496.3861434,1,1,880.064453125,812.6203002929688,837.2949829101562,860.32470703125
1790951496.3974395,1,1,880.064453125,812.6203002929688,837.2949829101562,860.32470703125
1790951496.4080195,1,1,880.064453125,812.6203002929688,837.2949829101562,860.32470703125
1790951496.4191842,1,1,880.064453125,812.6203002929688,837.2949829101562,860.32470703125
1790951496.4308033,1,1,883.3544311523438,804.3953857421875,845.5198974609375,873.4845581054688
1790951496.4414022,1,1,880.064453125,792.8805541992188,842.2299194335938,886.6444091796875
1790951496.4521346,1,1,876.7745361328125,806.0403442382812,842.2299194335938,866.9046630859375
1790951496.4634168,1,1,883.3544311523438,792.8805541992188,838.9400024414062,873.4845581054688
1790951496.474541,1,1,868.5496215820312,810.9752807617188,840.5849609375,847.1648559570312
1790951496.4853423,1,1,861.9697265625,822.4901733398438,837.2949829101562,857.0347290039062
1790951496.4966629,1,1,876.7745361328125,810.9752807617188,842.2299194335938,855.3897705078125
1790951496.5076146,1,1,876.7745361328125,810.9752807617188,842.2299194335938,855.3897705078125
1790951496.5193129,1,1,876.7745361328125,810.9752807617188,842.2299194335938,855.3897705078125
1790951496.5311108,1,1,876.7745361328125,810.9752807617188,842.2299194335938,855.3897705078125
1790951496.5416996,1,1,876.7745361328125,810.9752807617188,842.2299194335938,855.3897705078125
1790951496.5533159,1,1,876.7745361328125,810.9752807617188,842.2299194335938,855.3897705078125
1790951496.564365,1,1,876.7745361328125,810.9752807617188,842.2299194335938,855.3897705078125
1790951496.5755496,1,1,878.4194946289062,806.0403442382812,834.0050048828125,842.2299194335938
1790951496.5864792,1,1,866.9046630859375,822.4901733398438,835.6500244140625,850.454833984375
1790951496.5976863,1,1,886.6444091796875,814.2652587890625,829.070068359375,855.3897705078125
1790951496.6091182,1,1,886.6444091796875,814.2652587890625,829.070068359375,855.3897705078125
1790951496.6201904,1,1,886.6444091796875,814.2652587890625,829.070068359375,855.3897705078125
1790951496.6310878,1,1,886.6444091796875,814.2652587890625,829.070068359375,855.3897705078125
1790951496.6422486,1,1,886.6444091796875,814.2652587890625,829.070068359375,855.3897705078125
1790951496.6537702,1,1,886.6444091796875,814.2652587890625,829.070068359375,855.3897705078125
1790951496.6649384,1,1,896.5142822265625,814.2652587890625,820.84521484375,871.839599609375
1790951496.6754575,1,1,899.8042602539062,822.4901733398438,827.4251098632812,878.4194946289062
1790951496.6863613,1,1,876.7745361328125,822.4901733398438,840.5849609375,848.8098754882812
1790951496.69741,1,1,873.4845581054688,819.2001953125,845.5198974609375,857.0347290039062
1790951496.7082076,1,1,868.5496215820312,840.5849609375,861.9697265625,861.9697265625
1790951496.719513,1,1,911.319091796875,835.6500244140625,827.4251098632812,875.1295166015625
1790951496.730677,1,1,911.319091796875,835.6500244140625,827.4251098632812,875.1295166015625
1790951496.7413304,1,1,911.319091796875,835.6500244140625,827.4251098632812,875.1295166015625
1790951496.7524617,1,1,911.319091796875,835.6500244140625,827.4251098632812,875.1295166015625
1790951496.7640607,1,1,911.319091796875,835.6500244140625,827.4251098632812,875.1295166015625
1790951496.7747173,1,1,875.1295166015625,801.1054077148438,858.6797485351562,852.0997924804688
1790951496.7852998,1,1,786.3005981445312,822.4901733398438,858.6797485351562,789.590576171875
1790951496.796395,1,1,713.9214477539062,802.7504272460938,883.3544311523438,704.0515747070312
1790951496.8071847,1,1,713.9214477539062,802.7504272460938,883.3544311523438,704.0515747070312
1790951496.817853,1,1,651.4122314453125,888.2893676757812,995.213134765625,695.82666015625
1790951496.8289425,1,1,638.2523803710938,870.194580078125,1006.7279663085938,702.4066162109375
1790951496.8400583,1,1,638.2523803710938,870.194580078125,1006.7279663085938,702.4066162109375
1790951496.8507726,1,1,638.2523803710938,870.194580078125,1006.7279663085938,702.4066162109375
1790951496.861814,1,1,638.2523803710938,870.194580078125,1006.7279663085938,702.4066162109375
1790951496.872709,1,1,638.2523803710938,870.194580078125,1006.7279663085938,702.4066162109375
1790951496.883768,1,1,786.3005981445312,850.454833984375,1102.1368408203125,840.5849609375
1790951496.894261,1,1,815.9102783203125,888.2893676757812,1118.586669921875,832.3600463867188
1790951496.905252,1,1,855.3897705078125,914.6090698242188,1112.0067138671875,845.5198974609375
1790951496.916156,1,1,855.3897705078125,914.6090698242188,1112.0067138671875,845.5198974609375
1790951496.9272778,1,1,855.3897705078125,914.6090698242188,1112.0067138671875,845.5198974609375
1790951496.9387398,1,1,855.3897705078125,914.6090698242188,1112.0067138671875,845.5198974609375
1790951496.9498591,1,1,855.3897705078125,914.6090698242188,1112.0067138671875,845.5198974609375
1790951496.9606335,1,1,855.3897705078125,914.6090698242188,1112.0067138671875,845.5198974609375
1790951496.9717255,1,1,855.3897705078125,914.6090698242188,1112.0067138671875,845.5198974609375
1790951496.9828033,1,1,848.8098754882812,914.6090698242188,1113.6517333984375,845.5198974609375
1790951496.9939125,1,1,865.2596435546875,866.9046630859375,1107.07177734375,865.2596435546875
1790951497.004806,1,1,1024.82275390625,926.1239624023438,843.8749389648438,891.579345703125
1790951497.0153556,1,1,1024.82275390625,926.1239624023438,843.8749389648438,891.579345703125
1790951497.0264347,1,1,1024.82275390625,926.1239624023438,843.8749389648438,891.579345703125
1790951497.0375311,1,1,1024.82275390625,926.1239624023438,843.8749389648438,891.579345703125
1790951497.0481894,1,1,1024.82275390625,926.1239624023438,843.8749389648438,891.579345703125
1790951497.059393,1,1,1024.82275390625,926.1239624023438,843.8749389648438,891.579345703125
1790951497.0705445,1,1,986.9882202148438,929.4138793945312,848.8098754882812,875.1295166015625
1790951497.081588,1,1,1026.4677734375,904.7391967773438,792.8805541992188,888.2893676757812
1790951497.0924554,1,1,995.213134765625,916.2540283203125,776.4307250976562,878.4194946289062
1790951497.1034694,1,1,993.568115234375,880.064453125,730.3712768554688,924.4789428710938
1790951497.1141658,1,1,962.3134765625,891.579345703125,755.0459594726562,889.9343872070312
1790951497.1251988,1,1,962.3134765625,891.579345703125,755.0459594726562,889.9343872070312
1790951497.1363862,1,1,962.3134765625,891.579345703125,755.0459594726562,889.9343872070312
1790951497.1470144,1,1,962.3134765625,891.579345703125,755.0459594726562,889.9343872070312
1790951497.1579754,1,1,962.3134765625,891.579345703125,755.0459594726562,889.9343872070312
1790951497.1685925,1,1,962.3134765625,891.579345703125,755.0459594726562,889.9343872070312
1790951497.1794684,1,1,950.7986450195312,889.9343872070312,761.6259155273438,886.6444091796875
1790951497.1906676,1,1,954.088623046875,858.6797485351562,758.3359375,894.8693237304688
1790951497.201698,1,1,942.57373046875,861.9697265625,764.9158325195312,875.1295166015625
1790951497.2128882,1,1,934.3488159179688,835.6500244140625,776.4307250976562,899.8042602539062
1790951497.223816,1,1,934.3488159179688,835.6500244140625,776.4307250976562,899.8042602539062
1790951497.2351215,1,1,934.3488159179688,835.6500244140625,776.4307250976562,899.8042602539062
1790951497.2459846,1,1,934.3488159179688,835.6500244140625,776.4307250976562,899.8042602539062
1790951497.2570326,1,1,934.3488159179688,835.6500244140625,776.4307250976562,899.8042602539062
1790951497.2678988,1,1,934.3488159179688,835.6500244140625,776.4307250976562,899.8042602539062
1790951497.2787893,1,1,896.5142822265625,845.5198974609375,781.3656616210938,863.6146850585938
1790951497.289984,1,1,894.8693237304688,822.4901733398438,789.590576171875,875.1295166015625
1790951497.3006601,1,1,886.6444091796875,834.0050048828125,784.6556396484375,842.2299194335938
1790951497.311164,1,1,873.4845581054688,804.3953857421875,791.2355346679688,866.9046630859375
1790951497.3222668,1,1,878.4194946289062,797.8154907226562,784.6556396484375,853.7448120117188
1790951497.3332927,1,1,868.5496215820312,825.7801513671875,786.3005981445312,845.5198974609375
1790951497.3442788,1,1,868.5496215820312,825.7801513671875,786.3005981445312,845.5198974609375
1790951497.3555975,1,1,868.5496215820312,825.7801513671875,786.3005981445312,845.5198974609375
1790951497.367008,1,1,868.5496215820312,825.7801513671875,786.3005981445312,845.5198974609375
1790951497.3778467,1,1,868.5496215820312,825.7801513671875,786.3005981445312,845.5198974609375
1790951497.3886452,1,1,868.5496215820312,825.7801513671875,786.3005981445312,845.5198974609375
1790951497.3997033,1,1,875.1295166015625,820.84521484375,789.590576171875,845.5198974609375
1790951497.4106355,1,1,873.4845581054688,814.2652587890625,787.945556640625,853.7448120117188
1790951497.4214697,1,1,850.454833984375,815.9102783203125,787.945556640625,838.9400024414062
1790951497.4320726,1,1,873.4845581054688,830.715087890625,787.945556640625,845.5198974609375
1790951497.4431689,1,1,873.4845581054688,830.715087890625,787.945556640625,845.5198974609375
1790951497.4539459,1,1,873.4845581054688,830.715087890625,787.945556640625,845.5198974609375
1790951497.4649198,1,1,873.4845581054688,830.715087890625,787.945556640625,845.5198974609375
1790951497.4760616,1,1,873.4845581054688,830.715087890625,787.945556640625,845.5198974609375
1790951497.4870331,1,1,876.7745361328125,819.2001953125,797.8154907226562,842.2299194335938
1790951497.4979527,1,1,873.4845581054688,820.84521484375,792.8805541992188,835.6500244140625
1790951497.5085776,1,1,878.4194946289062,810.9752807617188,802.7504272460938,857.0347290039062
1790951497.5192986,1,1,866.9046630859375,825.7801513671875,807.6853637695312,857.0347290039062
1790951497.5302918,1,1,875.1295166015625,810.9752807617188,812.6203002929688,865.2596435546875
1790951497.5415583,1,1,876.7745361328125,796.1704711914062,804.3953857421875,852.0997924804688
1790951497.5526729,1,1,876.7745361328125,796.1704711914062,804.3953857421875,852.0997924804688
1790951497.5638149,1,1,876.7745361328125,796.1704711914062,804.3953857421875,852.0997924804688
1790951497.57489,1,1,876.7745361328125,796.1704711914062,804.3953857421875,852.0997924804688
1790951497.5860653,1,1,876.7745361328125,796.1704711914062,804.3953857421875,852.0997924804688
1790951497.5971403,1,1,876.7745361328125,796.1704711914062,804.3953857421875,852.0997924804688
1790951497.607965,1,1,853.7448120117188,825.7801513671875,812.6203002929688,847.1648559570312
1790951497.6193728,1,1,868.5496215820312,815.9102783203125,829.070068359375,838.9400024414062
1790951497.6301816,1,1,857.0347290039062,819.2001953125,819.2001953125,829.070068359375
1790951497.640985,1,1,868.5496215820312,812.6203002929688,822.4901733398438,868.5496215820312
1790951497.652469,1,1,861.9697265625,810.9752807617188,829.070068359375,858.6797485351562
1790951497.663499,1,1,870.194580078125,817.5552368164062,827.4251098632812,840.5849609375
1790951497.6743453,1,1,866.9046630859375,817.5552368164062,824.1351318359375,822.4901733398438
1790951497.6852982,1,1,852.0997924804688,832.3600463867188,819.2001953125,842.2299194335938
1790951497.6958897,1,1,865.2596435546875,829.070068359375,822.4901733398438,829.070068359375
1790951497.706687,1,1,865.2596435546875,829.070068359375,822.4901733398438,829.070068359375
1790951497.7180986,1,1,865.2596435546875,829.070068359375,822.4901733398438,829.070068359375
1790951497.7291927,1,1,865.2596435546875,829.070068359375,822.4901733398438,829.070068359375
1790951497.7404332,1,1,865.2596435546875,829.070068359375,822.4901733398438,829.070068359375
1790951497.7513623,1,1,845.5198974609375,827.4251098632812,817.5552368164062,827.4251098632812
1790951497.7622914,1,1,853.7448120117188,815.9102783203125,825.7801513671875,837.2949829101562
1790951497.7729192,1,1,860.32470703125,838.9400024414062,827.4251098632812,845.5198974609375
1790951497.7839193,1,1,866.9046630859375,830.715087890625,822.4901733398438,825.7801513671875
1790951497.7947092,1,1,866.9046630859375,830.715087890625,822.4901733398438,825.7801513671875
1790951497.805791,1,1,868.5496215820312,825.7801513671875,830.715087890625,830.715087890625
1790951497.8169842,1,1,868.5496215820312,825.7801513671875,830.715087890625,830.715087890625
1790951497.828288,1,1,868.5496215820312,825.7801513671875,830.715087890625,830.715087890625
1790951497.8393505,1,1,868.5496215820312,825.7801513671875,830.715087890625,830.715087890625
1790951497.8503277,1,1,868.5496215820312,825.7801513671875,830.715087890625,830.715087890625
1790951497.8610272,1,1,868.5496215820312,825.7801513671875,830.715087890625,830.715087890625
1790951497.8720684,1,1,865.2596435546875,824.1351318359375,832.3600463867188,843.8749389648438
1790951497.883311,1,1,863.6146850585938,830.715087890625,827.4251098632812,827.4251098632812
1790951497.8946905,1,1,853.7448120117188,835.6500244140625,822.4901733398438,830.715087890625
1790951497.9058254,1,1,857.0347290039062,824.1351318359375,827.4251098632812,827.4251098632812
1790951497.9171274,1,1,825.7801513671875,868.5496215820312,830.715087890625,791.2355346679688
1790951497.9278793,1,1,825.7801513671875,868.5496215820312,830.715087890625,791.2355346679688
1790951497.9389284,1,1,825.7801513671875,868.5496215820312,830.715087890625,791.2355346679688
1790951497.949534,1,1,825.7801513671875,868.5496215820312,830.715087890625,791.2355346679688
1790951497.9602618,1,1,728.726318359375,911.319091796875,814.2652587890625,699.1166381835938
1790951497.9710205,1,1,781.3656616210938,883.3544311523438,825.7801513671875,738.59619140625
1790951497.9821303,1,1,810.9752807617188,860.32470703125,817.5552368164062,781.3656616210938
1790951497.9931889,1,1,860.32470703125,807.6853637695312,825.7801513671875,838.9400024414062
1790951498.0042071,1,1,860.32470703125,807.6853637695312,825.7801513671875,838.9400024414062
1790951498.015342,1,1,860.32470703125,807.6853637695312,825.7801513671875,838.9400024414062
1790951498.0262127,1,1,860.32470703125,807.6853637695312,825.7801513671875,838.9400024414062
1790951498.0375075,1,1,860.32470703125,807.6853637695312,825.7801513671875,838.9400024414062
1790951498.0486774,1,1,873.4845581054688,806.0403442382812,827.4251098632812,843.8749389648438
1790951498.059933,1,1,873.4845581054688,812.6203002929688,825.7801513671875,843.8749389648438
1790951498.0711079,1,1,884.9994506835938,824.1351318359375,824.1351318359375,838.9400024414062
1790951498.0821068,1,1,876.7745361328125,814.2652587890625,830.715087890625,842.2299194335938
1790951498.0933428,1,1,863.6146850585938,806.0403442382812,832.3600463867188,855.3897705078125
1790951498.104529,1,1,847.1648559570312,815.9102783203125,835.6500244140625,850.454833984375
1790951498.115502,1,1,857.0347290039062,822.4901733398438,834.0050048828125,838.9400024414062
1790951498.1263144,1,1,857.0347290039062,822.4901733398438,834.0050048828125,838.9400024414062
1790951498.1372938,1,1,857.0347290039062,822.4901733398438,834.0050048828125,838.9400024414062
1790951498.148432,1,1,857.0347290039062,822.4901733398438,834.0050048828125,838.9400024414062
1790951498.159404,1,1,857.0347290039062,822.4901733398438,834.0050048828125,838.9400024414062
1790951498.1704762,1,1,857.0347290039062,822.4901733398438,834.0050048828125,838.9400024414062
1790951498.181073,1,1,857.0347290039062,822.4901733398438,834.0050048828125,838.9400024414062
1790951498.1920426,1,1,865.2596435546875,814.2652587890625,822.4901733398438,861.9697265625
1790951498.2033083,1,1,860.32470703125,820.84521484375,835.6500244140625,855.3897705078125
1790951498.214211,1,1,883.3544311523438,809.330322265625,842.2299194335938,847.1648559570312
1790951498.2252474,1,1,884.9994506835938,807.6853637695312,838.9400024414062,855.3897705078125
1790951498.2366405,1,1,884.9994506835938,807.6853637695312,838.9400024414062,855.3897705078125
1790951498.247902,1,1,884.9994506835938,807.6853637695312,838.9400024414062,855.3897705078125
1790951498.2591226,1,1,884.9994506835938,807.6853637695312,838.9400024414062,855.3897705078125
1790951498.2701626,1,1,884.9994506835938,807.6853637695312,838.9400024414062,855.3897705078125
1790951498.2811697,1,1,884.9994506835938,807.6853637695312,838.9400024414062,855.3897705078125
1790951498.2920868,1,1,884.9994506835938,807.6853637695312,838.9400024414062,855.3897705078125
1790951498.303196,1,1,884.9994506835938,807.6853637695312,838.9400024414062,855.3897705078125
1790951498.3142898,1,1,884.9994506835938,807.6853637695312,838.9400024414062,855.3897705078125
1790951498.3248703,1,1,884.9994506835938,807.6853637695312,838.9400024414062,855.3897705078125
1790951498.3356352,1,1,884.9994506835938,807.6853637695312,838.9400024414062,855.3897705078125
1790951498.3472586,1,1,878.4194946289062,809.330322265625,832.3600463867188,848.8098754882812
1790951498.357839,1,1,865.2596435546875,815.9102783203125,834.0050048828125,850.454833984375
1790951498.3690355,1,1,881.70947265625,809.330322265625,830.715087890625,861.9697265625
1790951498.3796124,1,1,888.2893676757812,784.6556396484375,847.1648559570312,871.839599609375
1790951498.3905659,1,1,865.2596435546875,792.8805541992188,840.5849609375,860.32470703125
1790951498.4014494,1,1,865.2596435546875,792.8805541992188,840.5849609375,860.32470703125
1790951498.41237,1,1,865.2596435546875,792.8805541992188,840.5849609375,860.32470703125
1790951498.4231186,1,1,870.194580078125,809.330322265625,845.5198974609375,848.8098754882812
1790951498.4338002,1,1,853.7448120117188,827.4251098632812,845.5198974609375,852.0997924804688
1790951498.444337,1,1,812.6203002929688,855.3897705078125,843.8749389648438,783.0106201171875
1790951498.4549813,1,1,812.6203002929688,855.3897705078125,843.8749389648438,783.0106201171875
1790951498.4662266,1,1,812.6203002929688,855.3897705078125,843.8749389648438,783.0106201171875
1790951498.477272,1,1,812.6203002929688,855.3897705078125,843.8749389648438,783.0106201171875
1790951498.4880197,1,1,812.6203002929688,855.3897705078125,843.8749389648438,783.0106201171875
1790951498.4990716,1,1,812.6203002929688,855.3897705078125,843.8749389648438,783.0106201171875
1790951498.5096812,1,1,764.9158325195312,863.6146850585938,853.7448120117188,745.1760864257812
1790951498.520691,1,1,712.2764892578125,886.6444091796875,835.6500244140625,694.1817016601562
1790951498.531714,1,1,723.7913208007812,898.1592407226562,830.715087890625,700.7615966796875
1790951498.542731,1,1,741.8861083984375,881.70947265625,837.2949829101562,699.1166381835938
1790951498.553324,1,1,741.8861083984375,881.70947265625,837.2949829101562,699.1166381835938
1790951498.5638106,1,1,741.8861083984375,881.70947265625,837.2949829101562,699.1166381835938
1790951498.5743623,1,1,741.8861083984375,881.70947265625,837.2949829101562,699.1166381835938
1790951498.5857613,1,1,741.8861083984375,881.70947265625,837.2949829101562,699.1166381835938
1790951498.597087,0,1,876.7745361328125,807.6853637695312,834.0050048828125,881.70947265625
1790951498.6078036,0,1,899.8042602539062,820.84521484375,829.070068359375,871.839599609375
1790951498.6190798,0,1,893.2243041992188,804.3953857421875,840.5849609375,868.5496215820312
1790951498.6303566,0,1,896.5142822265625,794.5255126953125,838.9400024414062,893.2243041992188
1790951498.6413417,0,1,894.8693237304688,801.1054077148438,842.2299194335938,891.579345703125
1790951498.6519287,0,1,893.2243041992188,810.9752807617188,832.3600463867188,865.2596435546875
1790951498.6628304,0,1,893.2243041992188,810.9752807617188,832.3600463867188,865.2596435546875
1790951498.6736522,0,1,893.2243041992188,810.9752807617188,832.3600463867188,865.2596435546875
1790951498.6842246,0,1,893.2243041992188,810.9752807617188,832.3600463867188,865.2596435546875
1790951498.6952553,0,1,893.2243041992188,810.9752807617188,832.3600463867188,865.2596435546875
1790951498.7059443,0,1,893.2243041992188,810.9752807617188,832.3600463867188,865.2596435546875
1790951498.7163727,0,1,911.319091796875,799.46044921875,832.3600463867188,871.839599609375
1790951498.7269855,0,1,880.064453125,815.9102783203125,834.0050048828125,863.6146850585938
1790951498.7375426,0,1,880.064453125,822.4901733398438,832.3600463867188,863.6146850585938
1790951498.7485046,0,1,871.839599609375,812.6203002929688,832.3600463867188,848.8098754882812
1790951498.7594662,0,1,868.5496215820312,817.5552368164062,827.4251098632812,847.1648559570312
1790951498.7705526,0,1,860.32470703125,834.0050048828125,829.070068359375,866.9046630859375
1790951498.7811146,0,1,878.4194946289062,809.330322265625,832.3600463867188,853.7448120117188
1790951498.7919314,0,1,878.4194946289062,809.330322265625,832.3600463867188,853.7448120117188
1790951498.80334,0,1,878.4194946289062,809.330322265625,832.3600463867188,853.7448120117188
1790951498.8143651,0,1,878.4194946289062,809.330322265625,832.3600463867188,853.7448120117188
1790951498.825045,0,1,878.4194946289062,809.330322265625,832.3600463867188,853.7448120117188
1790951498.8361726,0,1,878.4194946289062,809.330322265625,832.3600463867188,853.7448120117188
1790951498.8469,0,1,868.5496215820312,824.1351318359375,838.9400024414062,861.9697265625
1790951498.857586,0,1,860.32470703125,822.4901733398438,832.3600463867188,847.1648559570312
1790951498.8680887,0,1,881.70947265625,820.84521484375,842.2299194335938,857.0347290039062
1790951498.8791103,0,1,888.2893676757812,843.8749389648438,820.84521484375,837.2949829101562
1790951498.8897173,0,1,886.6444091796875,848.8098754882812,825.7801513671875,843.8749389648438
1790951498.9006083,0,1,876.7745361328125,834.0050048828125,829.070068359375,847.1648559570312
1790951498.9112413,0,1,876.7745361328125,834.0050048828125,829.070068359375,847.1648559570312
1790951498.9226124,0,1,876.7745361328125,834.0050048828125,829.070068359375,847.1648559570312
1790951498.9339635,0,1,876.7745361328125,834.0050048828125,829.070068359375,847.1648559570312
1790951498.9449658,0,1,876.7745361328125,834.0050048828125,829.070068359375,847.1648559570312
1790951498.956336,0,1,888.2893676757812,825.7801513671875,830.715087890625,845.5198974609375
1790951498.9674613,0,1,861.9697265625,822.4901733398438,838.9400024414062,835.6500244140625
1790951498.9791496,0,1,875.1295166015625,830.715087890625,837.2949829101562,840.5849609375
1790951498.9902244,0,1,875.1295166015625,830.715087890625,837.2949829101562,840.5849609375
1790951499.0012293,0,1,875.1295166015625,830.715087890625,837.2949829101562,840.5849609375
1790951499.0119696,0,1,875.1295166015625,830.715087890625,837.2949829101562,840.5849609375
1790951499.0229301,0,1,875.1295166015625,830.715087890625,837.2949829101562,840.5849609375
1790951499.0338,0,1,875.1295166015625,830.715087890625,837.2949829101562,840.5849609375
1790951499.0448165,0,1,865.2596435546875,827.4251098632812,837.2949829101562,857.0347290039062
1790951499.0588393,0,1,878.4194946289062,822.4901733398438,830.715087890625,857.0347290039062
1790951499.0700636,0,1,861.9697265625,829.070068359375,829.070068359375,842.2299194335938
1790951499.0811656,0,1,865.2596435546875,838.9400024414062,835.6500244140625,829.070068359375
1790951499.0921376,0,1,809.330322265625,806.0403442382812,843.8749389648438,789.590576171875
1790951499.1030369,0,1,827.4251098632812,796.1704711914062,843.8749389648438,807.6853637695312
1790951499.1140687,0,1,827.4251098632812,796.1704711914062,843.8749389648438,807.6853637695312
1790951499.1248703,0,1,827.4251098632812,796.1704711914062,843.8749389648438,807.6853637695312
1790951499.1363697,0,1,827.4251098632812,796.1704711914062,843.8749389648438,807.6853637695312
1790951499.1472921,0,1,827.4251098632812,796.1704711914062,843.8749389648438,807.6853637695312
1790951499.1581132,1,1,829.070068359375,804.3953857421875,845.5198974609375,806.0403442382812
1790951499.1691067,1,1,832.3600463867188,810.9752807617188,843.8749389648438,825.7801513671875
1790951499.1799767,1,1,842.2299194335938,814.2652587890625,848.8098754882812,835.6500244140625
1790951499.1910996,1,1,848.8098754882812,820.84521484375,843.8749389648438,837.2949829101562
1790951499.2021859,1,1,848.8098754882812,820.84521484375,843.8749389648438,837.2949829101562
1790951499.2133133,1,1,850.454833984375,825.7801513671875,838.9400024414062,835.6500244140625
1790951499.2245855,1,1,850.454833984375,825.7801513671875,838.9400024414062,835.6500244140625
1790951499.235295,1,1,850.454833984375,825.7801513671875,838.9400024414062,835.6500244140625
1790951499.2461684,1,1,850.454833984375,825.7801513671875,838.9400024414062,835.6500244140625
1790951499.257336,1,1,850.454833984375,825.7801513671875,838.9400024414062,835.6500244140625
1790951499.2679014,1,1,855.3897705078125,815.9102783203125,842.2299194335938,834.0050048828125
1790951499.2785134,1,1,840.5849609375,815.9102783203125,845.5198974609375,832.3600463867188
1790951499.2895858,1,1,863.6146850585938,815.9102783203125,840.5849609375,820.84521484375
1790951499.3001437,1,1,853.7448120117188,825.7801513671875,843.8749389648438,835.6500244140625
1790951499.310703,1,1,855.3897705078125,830.715087890625,842.2299194335938,835.6500244140625
1790951499.3212373,1,1,855.3897705078125,830.715087890625,842.2299194335938,835.6500244140625
1790951499.3323812,1,1,855.3897705078125,830.715087890625,842.2299194335938,835.6500244140625
1790951499.3430939,1,1,855.3897705078125,830.715087890625,842.2299194335938,835.6500244140625
1790951499.3541014,1,1,855.3897705078125,830.715087890625,842.2299194335938,835.6500244140625
1790951499.3648586,1,1,871.839599609375,825.7801513671875,840.5849609375,829.070068359375
1790951499.3759847,1,1,863.6146850585938,822.4901733398438,840.5849609375,827.4251098632812
1790951499.3868768,1,1,834.0050048828125,824.1351318359375,835.6500244140625,817.5552368164062
1790951499.397891,1,1,858.6797485351562,814.2652587890625,843.8749389648438,824.1351318359375
1790951499.4090176,1,1,858.6797485351562,814.2652587890625,843.8749389648438,824.1351318359375
1790951499.4197736,1,1,858.6797485351562,814.2652587890625,843.8749389648438,824.1351318359375
1790951499.4304552,1,1,858.6797485351562,814.2652587890625,843.8749389648438,824.1351318359375
1790951499.4413443,1,1,858.6797485351562,814.2652587890625,843.8749389648438,824.1351318359375
1790951499.452115,1,1,858.6797485351562,814.2652587890625,843.8749389648438,824.1351318359375
1790951499.4628952,1,1,857.0347290039062,791.2355346679688,842.2299194335938,855.3897705078125
1790951499.4737906,1,1,860.32470703125,806.0403442382812,850.454833984375,840.5849609375
1790951499.485004,1,1,855.3897705078125,815.9102783203125,852.0997924804688,843.8749389648438
1790951499.4955976,1,1,852.0997924804688,829.070068359375,842.2299194335938,834.0050048828125
1790951499.5061622,1,1,847.1648559570312,819.2001953125,840.5849609375,829.070068359375
1790951499.517205,1,1,847.1648559570312,819.2001953125,840.5849609375,829.070068359375
1790951499.5283017,1,1,847.1648559570312,819.2001953125,840.5849609375,829.070068359375
1790951499.5393066,1,1,847.1648559570312,819.2001953125,840.5849609375,829.070068359375
1790951499.5501156,1,1,847.1648559570312,819.2001953125,840.5849609375,829.070068359375
1790951499.5608883,1,1,837.2949829101562,820.84521484375,840.5849609375,830.715087890625
1790951499.5716798,1,1,835.6500244140625,806.0403442382812,835.6500244140625,829.070068359375
1790951499.5829053,1,1,870.194580078125,825.7801513671875,837.2949829101562,860.32470703125
1790951499.5938177,1,1,921.18896484375,829.070068359375,824.1351318359375,908.0291748046875
1790951499.604506,1,1,916.2540283203125,820.84521484375,834.0050048828125,899.8042602539062
1790951499.6151707,1,1,921.18896484375,829.070068359375,830.715087890625,889.9343872070312
1790951499.6260953,1,1,921.18896484375,829.070068359375,830.715087890625,889.9343872070312
1790951499.6366663,1,1,921.18896484375,829.070068359375,830.715087890625,889.9343872070312
1790951499.6472783,1,1,921.18896484375,829.070068359375,830.715087890625,889.9343872070312
1790951499.658025,1,1,921.18896484375,829.070068359375,830.715087890625,889.9343872070312
1790951499.6686447,1,1,911.319091796875,829.070068359375,834.0050048828125,891.579345703125
1790951499.6799242,1,1,901.44921875,825.7801513671875,837.2949829101562,878.4194946289062
1790951499.6911442,1,1,893.2243041992188,835.6500244140625,845.5198974609375,876.7745361328125
1790951499.7021568,1,1,875.1295166015625,838.9400024414062,832.3600463867188,870.194580078125
1790951499.7135646,1,1,886.6444091796875,840.5849609375,834.0050048828125,852.0997924804688
1790951499.7245686,1,1,886.6444091796875,840.5849609375,834.0050048828125,852.0997924804688
1790951499.735787,1,1,886.6444091796875,840.5849609375,834.0050048828125,852.0997924804688
1790951499.7468605,1,1,886.6444091796875,840.5849609375,834.0050048828125,852.0997924804688
1790951499.7577157,1,1,886.6444091796875,840.5849609375,834.0050048828125,852.0997924804688
1790951499.7689307,1,1,886.6444091796875,840.5849609375,834.0050048828125,852.0997924804688
1790951499.780336,1,1,871.839599609375,827.4251098632812,832.3600463867188,840.5849609375
1790951499.7908266,1,1,873.4845581054688,814.2652587890625,837.2949829101562,857.0347290039062
1790951499.8019438,1,1,880.064453125,819.2001953125,832.3600463867188,824.1351318359375
1790951499.8126893,1,1,871.839599609375,817.5552368164062,840.5849609375,835.6500244140625
1790951499.8238149,1,1,850.454833984375,825.7801513671875,830.715087890625,827.4251098632812
1790951499.834966,1,1,842.2299194335938,834.0050048828125,834.0050048828125,824.1351318359375
1790951499.8457904,1,1,842.2299194335938,834.0050048828125,834.0050048828125,824.1351318359375
1790951499.8563883,1,1,842.2299194335938,834.0050048828125,834.0050048828125,824.1351318359375
1790951499.8675408,1,1,842.2299194335938,834.0050048828125,834.0050048828125,824.1351318359375
1790951499.878398,1,1,842.2299194335938,834.0050048828125,834.0050048828125,824.1351318359375
1790951499.8894448,1,1,842.2299194335938,834.0050048828125,834.0050048828125,824.1351318359375
1790951499.9002395,1,1,842.2299194335938,834.0050048828125,834.0050048828125,824.1351318359375
1790951499.911212,1,1,842.2299194335938,835.6500244140625,840.5849609375,820.84521484375
1790951499.921873,1,1,883.3544311523438,810.9752807617188,853.7448120117188,870.194580078125
1790951499.933043,1,1,843.8749389648438,838.9400024414062,842.2299194335938,845.5198974609375
1790951499.9441316,1,1,850.454833984375,834.0050048828125,848.8098754882812,834.0050048828125
1790951499.9547367,1,1,843.8749389648438,832.3600463867188,842.2299194335938,848.8098754882812
1790951499.9655447,1,1,847.1648559570312,834.0050048828125,840.5849609375,834.0050048828125
1790951499.9764698,1,1,852.0997924804688,822.4901733398438,850.454833984375,840.5849609375
1790951499.9872866,1,1,848.8098754882812,834.0050048828125,840.5849609375,832.3600463867188
1790951499.9983346,1,1,848.8098754882812,834.0050048828125,840.5849609375,832.3600463867188
1790951500.0091865,1,1,848.8098754882812,834.0050048828125,840.5849609375,832.3600463867188
1790951500.020109,1,1,848.8098754882812,834.0050048828125,840.5849609375,832.3600463867188
1790951500.0310485,1,1,848.8098754882812,834.0050048828125,840.5849609375,832.3600463867188
1790951500.0422156,1,1,848.8098754882812,834.0050048828125,840.5849609375,832.3600463867188
1790951500.0534024,1,1,850.454833984375,825.7801513671875,842.2299194335938,835.6500244140625
1790951500.0641665,1,1,876.7745361328125,814.2652587890625,845.5198974609375,840.5849609375
1790951500.075052,1,1,860.32470703125,838.9400024414062,835.6500244140625,834.0050048828125
1790951500.0863922,1,1,860.32470703125,832.3600463867188,838.9400024414062,834.0050048828125
1790951500.097163,1,1,863.6146850585938,815.9102783203125,842.2299194335938,845.5198974609375
1790951500.1081545,1,1,870.194580078125,827.4251098632812,837.2949829101562,840.5849609375
1790951500.1194382,1,1,870.194580078125,827.4251098632812,837.2949829101562,840.5849609375
1790951500.1305056,1,1,870.194580078125,827.4251098632812,837.2949829101562,840.5849609375
1790951500.1412747,1,1,870.194580078125,827.4251098632812,837.2949829101562,840.5849609375
1790951500.1521473,1,1,870.194580078125,827.4251098632812,837.2949829101562,840.5849609375
1790951500.1632442,1,1,861.9697265625,825.7801513671875,843.8749389648438,861.9697265625
1790951500.1744783,1,1,838.9400024414062,812.6203002929688,840.5849609375,829.070068359375
1790951500.185685,1,1,705.6965942382812,763.2708740234375,886.6444091796875,723.7913208007812
1790951500.196314,1,1,679.3768920898438,755.0459594726562,891.579345703125,715.5664672851562
1790951500.2077396,1,1,625.092529296875,740.2411499023438,906.3841552734375,661.2821044921875
1790951500.2186868,1,1,625.092529296875,740.2411499023438,906.3841552734375,661.2821044921875
1790951500.2296517,1,1,625.092529296875,740.2411499023438,906.3841552734375,661.2821044921875
1790951500.2402997,1,1,625.092529296875,740.2411499023438,906.3841552734375,661.2821044921875
1790951500.2514641,1,1,625.092529296875,740.2411499023438,906.3841552734375,661.2821044921875
1790951500.2628896,1,1,700.7615966796875,727.081298828125,888.2893676757812,735.3062133789062
1790951500.2740471,1,1,792.8805541992188,763.2708740234375,865.2596435546875,830.715087890625
1790951500.2853541,1,1,829.070068359375,761.6259155273438,860.32470703125,861.9697265625
1790951500.2960334,1,1,853.7448120117188,779.720703125,855.3897705078125,868.5496215820312
1790951500.306983,1,1,857.0347290039062,796.1704711914062,863.6146850585938,880.064453125
1790951500.3175418,1,1,857.0347290039062,796.1704711914062,863.6146850585938,880.064453125
1790951500.3285136,1,1,857.0347290039062,796.1704711914062,863.6146850585938,880.064453125
1790951500.3393362,1,1,857.0347290039062,796.1704711914062,863.6146850585938,880.064453125
1790951500.3503356,1,1,857.0347290039062,796.1704711914062,863.6146850585938,880.064453125
1790951500.3613703,1,1,881.70947265625,789.590576171875,858.6797485351562,909.6741333007812
1790951500.3722484,1,1,883.3544311523438,797.8154907226562,852.0997924804688,888.2893676757812
1790951500.3833442,1,1,827.4251098632812,845.5198974609375,880.064453125,857.0347290039062
1790951500.394249,1,1,860.32470703125,804.3953857421875,875.1295166015625,868.5496215820312
1790951500.4051218,1,1,860.32470703125,804.3953857421875,875.1295166015625,868.5496215820312
1790951500.416313,1,1,860.32470703125,804.3953857421875,875.1295166015625,868.5496215820312
1790951500.42722,1,1,860.32470703125,804.3953857421875,875.1295166015625,868.5496215820312
1790951500.4378507,1,1,860.32470703125,804.3953857421875,875.1295166015625,868.5496215820312
1790951500.4484441,1,1,832.3600463867188,804.3953857421875,853.7448120117188,847.1648559570312
1790951500.4594235,1,1,855.3897705078125,827.4251098632812,860.32470703125,880.064453125
1790951500.4704144,1,1,654.7021484375,764.9158325195312,978.7633056640625,710.6315307617188
1790951500.4812236,1,1,585.6129760742188,801.1054077148438,1057.722412109375,616.8676147460938
1790951500.4924366,1,1,421.1149597167969,761.6259155273438,1005.0830078125,513.23388671875
1790951500.5037801,1,1,421.1149597167969,761.6259155273438,1005.0830078125,513.23388671875
1790951500.5146978,1,1,421.1149597167969,761.6259155273438,1005.0830078125,513.23388671875
1790951500.5260842,1,1,421.1149597167969,761.6259155273438,1005.0830078125,513.23388671875
1790951500.536692,1,1,421.1149597167969,761.6259155273438,1005.0830078125,513.23388671875
1790951500.548419,1,1,421.1149597167969,761.6259155273438,1005.0830078125,513.23388671875
1790951500.5595315,1,1,381.63543701171875,774.7857666015625,1008.3729248046875,493.4941101074219
1790951500.5703855,1,1,605.352783203125,932.703857421875,1353.81884765625,704.0515747070312
1790951500.581853,1,1,552.71337890625,906.3841552734375,1564.3763427734375,625.092529296875
1790951500.5932562,1,1,552.71337890625,906.3841552734375,1564.3763427734375,625.092529296875
1790951500.6048074,1,1,552.71337890625,906.3841552734375,1564.3763427734375,625.092529296875
1790951500.6155436,1,1,552.71337890625,906.3841552734375,1564.3763427734375,625.092529296875
1790951500.6269772,1,1,552.71337890625,906.3841552734375,1564.3763427734375,625.092529296875
1790951500.6378453,1,1,552.71337890625,906.3841552734375,1564.3763427734375,625.092529296875
1790951500.6491113,1,1,552.71337890625,906.3841552734375,1564.3763427734375,625.092529296875
1790951500.6599636,1,1,552.71337890625,1064.30224609375,1643.3353271484375,677.7318725585938
1790951500.671317,1,1,473.75433349609375,1011.6629028320312,1623.5955810546875,519.8137817382812
1790951500.6823413,1,1,605.352783203125,1116.941650390625,1628.530517578125,677.7318725585938
1790951500.6932456,1,1,592.1929321289062,1164.6461181640625,1623.5955810546875,654.7021484375
1790951500.7041483,1,1,575.7431030273438,1210.70556640625,1630.175537109375,661.2821044921875
1790951500.7151787,1,1,638.2523803710938,1444.292724609375,1628.530517578125,730.3712768554688
1790951500.726325,1,1,638.2523803710938,1444.292724609375,1628.530517578125,730.3712768554688
1790951500.7372239,1,1,638.2523803710938,1444.292724609375,1628.530517578125,730.3712768554688
1790951500.748206,1,1,638.2523803710938,1444.292724609375,1628.530517578125,730.3712768554688
1790951500.7593064,1,1,638.2523803710938,1444.292724609375,1628.530517578125,730.3712768554688
1790951500.7703457,1,1,638.2523803710938,1444.292724609375,1628.530517578125,730.3712768554688
1790951500.78133,1,1,687.601806640625,1534.7666015625,1626.885498046875,750.1110229492188
1790951500.7920866,1,1,741.8861083984375,1564.3763427734375,1628.530517578125,748.466064453125
1790951500.802984,1,1,845.5198974609375,1506.802001953125,1626.885498046875,863.6146850585938
1790951500.814316,1,1,1061.0123291015625,1482.1273193359375,215.492431640625,995.213134765625
1790951500.8248632,1,1,1061.0123291015625,1482.1273193359375,215.492431640625,995.213134765625
1790951500.8358986,1,1,1061.0123291015625,1482.1273193359375,215.492431640625,995.213134765625
1790951500.8469925,1,1,1061.0123291015625,1482.1273193359375,215.492431640625,995.213134765625
1790951500.8575616,1,1,1061.0123291015625,1482.1273193359375,215.492431640625,995.213134765625
1790951500.8685412,1,1,1061.0123291015625,1482.1273193359375,215.492431640625,995.213134765625
1790951500.8795125,1,1,1113.6517333984375,1454.16259765625,65.7992172241211,1001.7930297851562
1790951500.8905635,1,1,1093.9119873046875,1368.6236572265625,29.60964584350586,996.8580932617188
1790951500.901036,1,1,1097.201904296875,1311.04931640625,29.60964584350586,998.5030517578125
1790951500.9122176,1,1,1069.2371826171875,1245.2501220703125,34.544586181640625,1013.307861328125
1790951500.9233446,1,1,1052.7874755859375,1194.2557373046875,42.76948928833008,1005.0830078125
1790951500.9339764,1,1,1052.7874755859375,1194.2557373046875,42.76948928833008,1005.0830078125
1790951500.9446368,1,1,1052.7874755859375,1194.2557373046875,42.76948928833008,1005.0830078125
1790951500.9552634,1,1,1052.7874755859375,1194.2557373046875,42.76948928833008,1005.0830078125
1790951500.9661493,1,1,1052.7874755859375,1194.2557373046875,42.76948928833008,1005.0830078125
1790951500.9768841,1,1,1056.077392578125,1167.93603515625,47.704429626464844,1005.0830078125
1790951500.9876165,1,1,1014.952880859375,1059.3673095703125,162.85305786132812,963.95849609375
1790951500.998557,1,1,1021.5327758789062,993.568115234375,220.4273681640625,973.828369140625
1790951501.009856,1,1,1021.5327758789062,993.568115234375,220.4273681640625,973.828369140625
1790951501.020828,1,1,1021.5327758789062,993.568115234375,220.4273681640625,973.828369140625
1790951501.0316367,1,1,1021.5327758789062,993.568115234375,220.4273681640625,973.828369140625
1790951501.0423045,1,1,1021.5327758789062,993.568115234375,220.4273681640625,973.828369140625
1790951501.0537882,1,1,1021.5327758789062,993.568115234375,220.4273681640625,973.828369140625
1790951501.0647998,1,1,959.0235595703125,847.1648559570312,347.0908508300781,921.18896484375
1790951501.0760407,1,1,1018.2428588867188,807.6853637695312,342.1559143066406,954.088623046875
1790951501.0873384,1,1,1080.7520751953125,847.1648559570312,373.4105529785156,986.9882202148438
1790951501.0982378,1,1,1133.3914794921875,832.3600463867188,396.4402770996094,1046.20751953125
1790951501.1095068,1,1,1133.3914794921875,832.3600463867188,396.4402770996094,1046.20751953125
1790951501.1208494,1,1,1108.716796875,837.2949829101562,406.3101501464844,1018.2428588867188
1790951501.1320686,1,1,1108.716796875,837.2949829101562,406.3101501464844,1018.2428588867188
1790951501.1436477,1,1,1108.716796875,837.2949829101562,406.3101501464844,1018.2428588867188
1790951501.1546178,1,1,1108.716796875,837.2949829101562,406.3101501464844,1018.2428588867188
1790951501.1652365,1,1,1108.716796875,837.2949829101562,406.3101501464844,1018.2428588867188
1790951501.1762807,1,1,1108.716796875,837.2949829101562,406.3101501464844,1018.2428588867188
1790951501.1873338,1,1,1092.2669677734375,812.6203002929688,458.94952392578125,991.9231567382812
1790951501.198261,1,1,1019.8878173828125,806.0403442382812,498.4290466308594,962.3134765625
1790951501.208984,1,1,1021.5327758789062,779.720703125,506.6539306640625,949.1536865234375
1790951501.2200656,1,1,985.3432006835938,802.7504272460938,564.228271484375,904.7391967773438
1790951501.2314067,1,0,985.3432006835938,802.7504272460938,564.228271484375,904.7391967773438
1790951501.2428753,1,0,985.3432006835938,802.7504272460938,564.228271484375,904.7391967773438
1790951501.2539852,1,0,985.3432006835938,802.7504272460938,564.228271484375,904.7391967773438
1790951501.2650604,1,0,985.3432006835938,802.7504272460938,564.228271484375,904.7391967773438
1790951501.2762067,1,0,985.3432006835938,802.7504272460938,564.228271484375,904.7391967773438
1790951501.287179,1,0,965.6034545898438,778.07568359375,582.3230590820312,929.4138793945312
1790951501.2982948,1,0,970.5383911132812,750.1110229492188,587.2579956054688,911.319091796875
1790951501.3091862,1,0,957.3785400390625,746.8211059570312,608.6427001953125,898.1592407226562
1790951501.3203194,1,0,935.9938354492188,769.850830078125,641.5423583984375,883.3544311523438
1790951501.3311734,1,0,904.7391967773438,746.8211059570312,669.5070190429688,883.3544311523438
1790951501.3422637,1,0,919.5440063476562,743.5311279296875,700.7615966796875,876.7745361328125
1790951501.3530962,1,0,921.18896484375,708.9865112304688,705.6965942382812,893.2243041992188
1790951501.3638997,1,0,884.9994506835938,758.3359375,708.9865112304688,858.6797485351562
1790951501.3748157,1,0,889.9343872070312,712.2764892578125,713.9214477539062,866.9046630859375
1790951501.3854496,1,0,889.9343872070312,712.2764892578125,713.9214477539062,866.9046630859375
1790951501.3969095,1,0,889.9343872070312,712.2764892578125,713.9214477539062,866.9046630859375
1790951501.4078913,1,0,889.9343872070312,712.2764892578125,713.9214477539062,866.9046630859375
1790951501.4189882,1,0,889.9343872070312,712.2764892578125,713.9214477539062,866.9046630859375
1790951501.4304605,1,0,889.9343872070312,712.2764892578125,713.9214477539062,866.9046630859375
1790951501.4418705,1,0,883.3544311523438,732.0162353515625,725.4363403320312,858.6797485351562
1790951501.4527965,1,0,860.32470703125,705.6965942382812,732.0162353515625,845.5198974609375
1790951501.463967,1,0,850.454833984375,717.21142578125,736.951171875,827.4251098632812
1790951501.4747708,1,0,871.839599609375,699.1166381835938,741.8861083984375,838.9400024414062
1790951501.485834,1,0,881.70947265625,689.2467651367188,743.5311279296875,866.9046630859375
1790951501.4966006,1,0,881.70947265625,689.2467651367188,743.5311279296875,866.9046630859375
1790951501.507604,1,0,881.70947265625,689.2467651367188,743.5311279296875,866.9046630859375
1790951501.5182524,1,0,881.70947265625,689.2467651367188,743.5311279296875,866.9046630859375
1790951501.5292628,1,0,881.70947265625,689.2467651367188,743.5311279296875,866.9046630859375
1790951501.5402505,1,0,860.32470703125,727.081298828125,753.4010009765625,838.9400024414062
1790951501.551088,1,0,871.839599609375,736.951171875,748.466064453125,835.6500244140625
1790951501.561803,1,0,883.3544311523438,730.3712768554688,759.9808959960938,848.8098754882812
1790951501.5728018,1,0,871.839599609375,746.8211059570312,774.7857666015625,858.6797485351562
1790951501.583637,1,0,875.1295166015625,753.4010009765625,769.850830078125,863.6146850585938
1790951501.594633,1,0,875.1295166015625,753.4010009765625,769.850830078125,863.6146850585938
1790951501.6053405,1,0,875.1295166015625,753.4010009765625,769.850830078125,863.6146850585938
1790951501.6162906,1,0,875.1295166015625,753.4010009765625,769.850830078125,863.6146850585938
1790951501.627248,1,0,875.1295166015625,753.4010009765625,769.850830078125,863.6146850585938
1790951501.6381955,1,0,883.3544311523438,728.726318359375,769.850830078125,868.5496215820312
1790951501.6492364,1,0,866.9046630859375,766.5608520507812,776.4307250976562,843.8749389648438
1790951501.6602156,1,0,881.70947265625,746.8211059570312,769.850830078125,875.1295166015625
1790951501.671432,1,0,876.7745361328125,743.5311279296875,769.850830078125,847.1648559570312
1790951501.682456,1,0,875.1295166015625,751.7560424804688,778.07568359375,861.9697265625
1790951501.6933029,1,0,875.1295166015625,751.7560424804688,778.07568359375,861.9697265625
1790951501.7038376,1,0,875.1295166015625,751.7560424804688,778.07568359375,861.9697265625
1790951501.7151647,1,0,875.1295166015625,751.7560424804688,778.07568359375,861.9697265625
1790951501.7257235,1,0,875.1295166015625,751.7560424804688,778.07568359375,861.9697265625
1790951501.7362719,1,0,875.1295166015625,751.7560424804688,778.07568359375,861.9697265625
1790951501.747498,1,0,875.1295166015625,751.7560424804688,778.07568359375,861.9697265625
1790951501.7587488,1,0,855.3897705078125,781.3656616210938,786.3005981445312,858.6797485351562
1790951501.76979,1,0,810.9752807617188,779.720703125,809.330322265625,827.4251098632812
1790951501.7807214,0,0,687.601806640625,763.2708740234375,822.4901733398438,730.3712768554688
1790951501.7921116,0,1,687.601806640625,763.2708740234375,822.4901733398438,730.3712768554688
1790951501.8029258,0,1,687.601806640625,763.2708740234375,822.4901733398438,730.3712768554688
1790951501.8138707,0,1,687.601806640625,763.2708740234375,822.4901733398438,730.3712768554688
1790951501.8245516,0,1,687.601806640625,763.2708740234375,822.4901733398438,730.3712768554688
1790951501.8354778,0,1,649.7672119140625,769.850830078125,857.0347290039062,651.4122314453125
1790951501.8467083,0,1,595.48291015625,759.9808959960938,861.9697265625,618.5126342773438
1790951501.8576524,0,1,417.82501220703125,776.4307250976562,901.44921875,450.724609375
1790951501.8681629,0,1,396.4402770996094,796.1704711914062,889.9343872070312,409.60009765625
1790951501.879435,0,1,462.2394714355469,778.07568359375,875.1295166015625,486.9141845703125
1790951501.890628,0,1,485.2691955566406,764.9158325195312,870.194580078125,503.3639831542969
1790951501.9015706,0,1,531.3286743164062,740.2411499023438,878.4194946289062,559.2933349609375
1790951501.9129617,0,0,531.3286743164062,740.2411499023438,878.4194946289062,559.2933349609375
1790951501.9237132,0,0,531.3286743164062,740.2411499023438,878.4194946289062,559.2933349609375
1790951501.9353755,0,0,531.3286743164062,740.2411499023438,878.4194946289062,559.2933349609375
1790951501.9461474,0,0,531.3286743164062,740.2411499023438,878.4194946289062,559.2933349609375
1790951501.956825,0,0,531.3286743164062,740.2411499023438,878.4194946289062,559.2933349609375
1790951501.9679954,0,0,924.4789428710938,733.6612548828125,787.945556640625,919.5440063476562
1790951501.9789243,0,0,947.5086669921875,748.466064453125,773.1407470703125,945.8637084960938
1790951501.9900794,0,0,947.5086669921875,748.466064453125,773.1407470703125,945.8637084960938
1790951502.0012126,0,0,947.5086669921875,748.466064453125,773.1407470703125,945.8637084960938
1790951502.0121715,0,0,947.5086669921875,748.466064453125,773.1407470703125,945.8637084960938
1790951502.0229084,0,0,947.5086669921875,748.466064453125,773.1407470703125,945.8637084960938
1790951502.0339696,0,0,955.7335815429688,715.5664672851562,789.590576171875,945.8637084960938
1790951502.0449398,0,0,962.3134765625,743.5311279296875,792.8805541992188,963.95849609375
1790951502.0557191,0,0,980.4082641601562,745.1760864257812,786.3005981445312,962.3134765625
1790951502.0667098,0,0,960.6685180664062,750.1110229492188,781.3656616210938,944.2186889648438
1790951502.0773015,0,0,929.4138793945312,814.2652587890625,784.6556396484375,912.964111328125
1790951502.0885808,0,0,929.4138793945312,809.330322265625,796.1704711914062,926.1239624023438
1790951502.0994222,0,0,929.4138793945312,809.330322265625,796.1704711914062,926.1239624023438
1790951502.1103914,0,0,929.4138793945312,809.330322265625,796.1704711914062,926.1239624023438
1790951502.1209705,0,0,929.4138793945312,809.330322265625,796.1704711914062,926.1239624023438
1790951502.1317255,0,0,929.4138793945312,809.330322265625,796.1704711914062,926.1239624023438
1790951502.1425834,0,0,944.2186889648438,783.0106201171875,812.6203002929688,931.0588989257812
1790951502.153165,0,0,921.18896484375,789.590576171875,801.1054077148438,914.6090698242188
1790951502.1636682,0,0,927.7689208984375,786.3005981445312,809.330322265625,917.8990478515625
1790951502.1742632,0,0,942.57373046875,794.5255126953125,792.8805541992188,914.6090698242188
1790951502.18481,0,0,896.5142822265625,802.7504272460938,820.84521484375,906.3841552734375
1790951502.1959875,0,0,909.6741333007812,797.8154907226562,802.7504272460938,909.6741333007812
1790951502.2070763,0,0,916.2540283203125,801.1054077148438,804.3953857421875,919.5440063476562
1790951502.2182264,0,0,914.6090698242188,801.1054077148438,807.6853637695312,903.09423828125
1790951502.2292345,0,0,914.6090698242188,801.1054077148438,807.6853637695312,903.09423828125
1790951502.2398958,0,0,914.6090698242188,801.1054077148438,807.6853637695312,903.09423828125
1790951502.2508268,0,0,914.6090698242188,801.1054077148438,807.6853637695312,903.09423828125
1790951502.2618113,0,0,914.6090698242188,801.1054077148438,807.6853637695312,903.09423828125
1790951502.272335,0,0,914.6090698242188,801.1054077148438,807.6853637695312,903.09423828125
1790951502.2830882,0,0,886.6444091796875,809.330322265625,792.8805541992188,852.0997924804688
1790951502.294258,0,0,912.964111328125,837.2949829101562,797.8154907226562,881.70947265625
1790951502.3051977,0,0,921.18896484375,825.7801513671875,801.1054077148438,881.70947265625
1790951502.3161013,0,0,891.579345703125,830.715087890625,802.7504272460938,875.1295166015625
1790951502.3267698,0,0,891.579345703125,830.715087890625,802.7504272460938,875.1295166015625
1790951502.3384168,0,0,891.579345703125,830.715087890625,802.7504272460938,875.1295166015625
1790951502.3493066,0,0,891.579345703125,830.715087890625,802.7504272460938,875.1295166015625
1790951502.360446,0,0,891.579345703125,830.715087890625,802.7504272460938,875.1295166015625
1790951502.3715038,0,0,891.579345703125,830.715087890625,802.7504272460938,875.1295166015625
1790951502.3825796,0,0,919.5440063476562,819.2001953125,804.3953857421875,865.2596435546875
1790951502.39325,0,0,899.8042602539062,825.7801513671875,804.3953857421875,880.064453125
1790951502.4042954,0,0,878.4194946289062,809.330322265625,792.8805541992188,868.5496215820312
1790951502.415076,0,0,896.5142822265625,806.0403442382812,809.330322265625,863.6146850585938
1790951502.4261062,0,0,886.6444091796875,812.6203002929688,819.2001953125,865.2596435546875
1790951502.4371276,0,0,868.5496215820312,796.1704711914062,829.070068359375,876.7745361328125
1790951502.4484193,0,0,868.5496215820312,796.1704711914062,829.070068359375,876.7745361328125
1790951502.4593782,0,0,868.5496215820312,796.1704711914062,829.070068359375,876.7745361328125
1790951502.4705462,0,0,868.5496215820312,796.1704711914062,829.070068359375,876.7745361328125
1790951502.4812465,1,0,868.5496215820312,796.1704711914062,829.070068359375,876.7745361328125
1790951502.49242,1,0,888.2893676757812,807.6853637695312,817.5552368164062,868.5496215820312
1790951502.5033357,1,0,888.2893676757812,817.5552368164062,819.2001953125,868.5496215820312
1790951502.5142848,1,0,873.4845581054688,815.9102783203125,814.2652587890625,866.9046630859375
1790951502.5254586,1,0,871.839599609375,815.9102783203125,837.2949829101562,848.8098754882812
1790951502.536016,1,0,871.839599609375,815.9102783203125,837.2949829101562,848.8098754882812
1790951502.5470269,1,0,871.839599609375,815.9102783203125,837.2949829101562,848.8098754882812
1790951502.5575771,1,0,871.839599609375,815.9102783203125,837.2949829101562,848.8098754882812
1790951502.568651,1,0,871.839599609375,815.9102783203125,837.2949829101562,848.8098754882812
1790951502.5797079,1,0,871.839599609375,815.9102783203125,837.2949829101562,848.8098754882812
1790951502.5906587,1,0,865.2596435546875,817.5552368164062,827.4251098632812,861.9697265625
1790951502.6012728,1,0,840.5849609375,814.2652587890625,832.3600463867188,843.8749389648438
1790951502.612224,1,0,843.8749389648438,809.330322265625,830.715087890625,837.2949829101562
1790951502.623091,1,0,825.7801513671875,783.0106201171875,848.8098754882812,853.7448120117188
1790951502.6339262,1,0,847.1648559570312,776.4307250976562,855.3897705078125,853.7448120117188
1790951502.6452086,1,0,852.0997924804688,797.8154907226562,804.3953857421875,871.839599609375
1790951502.6558394,1,0,852.0997924804688,797.8154907226562,804.3953857421875,871.839599609375
1790951502.6670437,1,0,852.0997924804688,797.8154907226562,804.3953857421875,871.839599609375
1790951502.6780288,1,0,852.0997924804688,797.8154907226562,804.3953857421875,871.839599609375
1790951502.6891413,1,0,852.0997924804688,797.8154907226562,804.3953857421875,871.839599609375
1790951502.6998265,1,0,845.5198974609375,794.5255126953125,853.7448120117188,865.2596435546875
1790951502.711032,1,0,850.454833984375,792.8805541992188,820.84521484375,861.9697265625
1790951502.722145,1,0,871.839599609375,802.7504272460938,817.5552368164062,853.7448120117188
1790951502.7327206,1,0,860.32470703125,810.9752807617188,829.070068359375,868.5496215820312
1790951502.7441056,1,0,860.32470703125,810.9752807617188,829.070068359375,868.5496215820312
1790951502.7549627,1,0,860.32470703125,810.9752807617188,829.070068359375,868.5496215820312
1790951502.7657175,1,0,860.32470703125,810.9752807617188,829.070068359375,868.5496215820312
1790951502.776973,1,0,860.32470703125,810.9752807617188,829.070068359375,868.5496215820312
1790951502.7876787,1,0,860.32470703125,810.9752807617188,829.070068359375,868.5496215820312
1790951502.798833,1,0,829.070068359375,817.5552368164062,838.9400024414062,835.6500244140625
1790951502.8099763,1,0,771.4957885742188,820.84521484375,876.7745361328125,751.7560424804688
1790951502.821216,1,0,792.8805541992188,824.1351318359375,865.2596435546875,771.4957885742188
1790951502.8325708,1,0,830.715087890625,794.5255126953125,848.8098754882812,814.2652587890625
1790951502.843731,1,0,810.9752807617188,810.9752807617188,850.454833984375,824.1351318359375
1790951502.854845,1,1,810.9752807617188,810.9752807617188,850.454833984375,824.1351318359375
1790951502.8655155,1,1,810.9752807617188,810.9752807617188,850.454833984375,824.1351318359375
1790951502.87618,1,1,810.9752807617188,810.9752807617188,850.454833984375,824.1351318359375
1790951502.8872821,1,1,810.9752807617188,810.9752807617188,850.454833984375,824.1351318359375
1790951502.89839,1,1,810.9752807617188,810.9752807617188,850.454833984375,824.1351318359375
1790951502.9095314,1,1,834.0050048828125,806.0403442382812,852.0997924804688,820.84521484375
1790951502.9202743,1,1,837.2949829101562,806.0403442382812,840.5849609375,830.715087890625
1790951502.9312513,1,1,861.9697265625,820.84521484375,843.8749389648438,832.3600463867188
1790951502.9419656,1,1,871.839599609375,792.8805541992188,834.0050048828125,865.2596435546875
1790951502.9529092,1,1,853.7448120117188,815.9102783203125,840.5849609375,837.2949829101562
1790951502.9639938,1,1,858.6797485351562,812.6203002929688,832.3600463867188,852.0997924804688
1790951502.9748769,1,1,876.7745361328125,792.8805541992188,843.8749389648438,852.0997924804688
1790951502.9856544,1,1,857.0347290039062,804.3953857421875,832.3600463867188,832.3600463867188
1790951502.9969,1,1,860.32470703125,830.715087890625,832.3600463867188,853.7448120117188
1790951503.007691,1,1,860.32470703125,830.715087890625,832.3600463867188,853.7448120117188
1790951503.0188258,1,1,860.32470703125,830.715087890625,832.3600463867188,853.7448120117188
1790951503.0295475,1,1,860.32470703125,830.715087890625,832.3600463867188,853.7448120117188
1790951503.0403361,1,1,860.32470703125,830.715087890625,832.3600463867188,853.7448120117188
1790951503.0514357,1,1,860.32470703125,830.715087890625,832.3600463867188,853.7448120117188
1790951503.062363,1,1,860.32470703125,830.715087890625,832.3600463867188,853.7448120117188
1790951503.0732243,1,1,891.579345703125,799.46044921875,820.84521484375,886.6444091796875
1790951503.0840676,1,1,870.194580078125,842.2299194335938,807.6853637695312,845.5198974609375
1790951503.094726,1,1,881.70947265625,835.6500244140625,804.3953857421875,830.715087890625
1790951503.1052642,1,1,908.0291748046875,819.2001953125,804.3953857421875,852.0997924804688
1790951503.1162405,1,1,884.9994506835938,797.8154907226562,817.5552368164062,868.5496215820312
1790951503.1267402,1,1,884.9994506835938,797.8154907226562,817.5552368164062,868.5496215820312
1790951503.1377335,1,1,884.9994506835938,797.8154907226562,817.5552368164062,868.5496215820312
1790951503.1486547,1,1,884.9994506835938,797.8154907226562,817.5552368164062,868.5496215820312
1790951503.1593242,1,1,884.9994506835938,797.8154907226562,817.5552368164062,868.5496215820312
1790951503.170239,1,1,871.839599609375,814.2652587890625,820.84521484375,857.0347290039062
1790951503.1810045,1,1,878.4194946289062,796.1704711914062,845.5198974609375,855.3897705078125
1790951503.1921902,1,1,868.5496215820312,822.4901733398438,830.715087890625,840.5849609375
1790951503.2028322,1,1,875.1295166015625,819.2001953125,827.4251098632812,863.6146850585938
1790951503.2139397,1,1,875.1295166015625,819.2001953125,827.4251098632812,863.6146850585938
1790951503.224409,1,1,875.1295166015625,819.2001953125,827.4251098632812,863.6146850585938
1790951503.2350109,1,1,875.1295166015625,819.2001953125,827.4251098632812,863.6146850585938
1790951503.2483528,1,1,875.1295166015625,819.2001953125,827.4251098632812,863.6146850585938
1790951503.2606478,1,1,883.3544311523438,802.7504272460938,834.0050048828125,855.3897705078125
1790951503.2718122,1,1,850.454833984375,807.6853637695312,822.4901733398438,853.7448120117188
1790951503.2827086,1,1,861.9697265625,810.9752807617188,832.3600463867188,848.8098754882812
1790951503.293555,1,1,871.839599609375,776.4307250976562,850.454833984375,855.3897705078125
1790951503.3047721,1,1,873.4845581054688,797.8154907226562,835.6500244140625,837.2949829101562
1790951503.3154724,1,1,860.32470703125,792.8805541992188,840.5849609375,858.6797485351562
1790951503.3265212,1,1,860.32470703125,792.8805541992188,840.5849609375,858.6797485351562
1790951503.3377695,1,1,860.32470703125,792.8805541992188,840.5849609375,858.6797485351562
1790951503.3489175,1,1,860.32470703125,792.8805541992188,840.5849609375,858.6797485351562
1790951503.3596227,1,1,860.32470703125,792.8805541992188,840.5849609375,858.6797485351562
1790951503.3707974,1,1,858.6797485351562,820.84521484375,829.070068359375,835.6500244140625
1790951503.381599,1,1,835.6500244140625,801.1054077148438,840.5849609375,837.2949829101562
1790951503.3927524,1,1,855.3897705078125,802.7504272460938,834.0050048828125,832.3600463867188
1790951503.4036305,1,1,843.8749389648438,801.1054077148438,830.715087890625,832.3600463867188
1790951503.4147158,1,1,843.8749389648438,801.1054077148438,830.715087890625,832.3600463867188
1790951503.4261732,1,1,843.8749389648438,801.1054077148438,830.715087890625,832.3600463867188
1790951503.4369206,1,1,843.8749389648438,801.1054077148438,830.715087890625,832.3600463867188
1790951503.447928,1,1,843.8749389648438,801.1054077148438,830.715087890625,832.3600463867188
1790951503.4587924,1,1,853.7448120117188,812.6203002929688,832.3600463867188,838.9400024414062
1790951503.4703481,1,1,857.0347290039062,809.330322265625,843.8749389648438,835.6500244140625
1790951503.4820392,1,1,865.2596435546875,822.4901733398438,834.0050048828125,838.9400024414062
1790951503.4927402,1,1,875.1295166015625,806.0403442382812,824.1351318359375,845.5198974609375
1790951503.5033836,1,1,875.1295166015625,806.0403442382812,824.1351318359375,845.5198974609375
1790951503.513981,1,1,871.839599609375,799.46044921875,838.9400024414062,848.8098754882812
1790951503.5246596,1,1,871.839599609375,799.46044921875,838.9400024414062,848.8098754882812
1790951503.535878,1,1,871.839599609375,799.46044921875,838.9400024414062,848.8098754882812
1790951503.54672,1,1,871.839599609375,799.46044921875,838.9400024414062,848.8098754882812
1790951503.5573328,1,1,871.839599609375,799.46044921875,838.9400024414062,848.8098754882812
1790951503.5686884,1,1,871.839599609375,799.46044921875,838.9400024414062,848.8098754882812
1790951503.579435,1,1,496.7840576171875,758.3359375,1016.5978393554688,532.9736328125
1790951503.590015,1,1,483.62420654296875,804.3953857421875,986.9882202148438,572.4531860351562
1790951503.6007423,1,1,483.62420654296875,804.3953857421875,986.9882202148438,572.4531860351562
1790951503.6117501,1,1,483.62420654296875,804.3953857421875,986.9882202148438,572.4531860351562
1790951503.622528,1,1,483.62420654296875,804.3953857421875,986.9882202148438,572.4531860351562
1790951503.6335936,1,1,483.62420654296875,804.3953857421875,986.9882202148438,572.4531860351562
1790951503.6448412,1,1,483.62420654296875,804.3953857421875,986.9882202148438,572.4531860351562
1790951503.6556485,1,1,483.62420654296875,850.454833984375,1052.7874755859375,532.9736328125
1790951503.6669369,1,1,490.2041320800781,1008.3729248046875,1342.303955078125,638.2523803710938
1790951503.677736,1,1,490.2041320800781,1008.3729248046875,1358.7537841796875,598.7728271484375
1790951503.688573,1,1,644.832275390625,1192.6107177734375,1353.81884765625,723.7913208007812
1790951503.6995957,1,1,704.0515747070312,1238.670166015625,1315.9842529296875,743.5311279296875
1790951503.710052,1,1,801.1054077148438,1278.1497802734375,1253.4749755859375,860.32470703125
1790951503.7206168,1,1,801.1054077148438,1278.1497802734375,1253.4749755859375,860.32470703125
1790951503.731095,1,1,801.1054077148438,1278.1497802734375,1253.4749755859375,860.32470703125
1790951503.741673,1,1,801.1054077148438,1278.1497802734375,1253.4749755859375,860.32470703125
1790951503.7523787,1,1,801.1054077148438,1278.1497802734375,1253.4749755859375,860.32470703125
1790951503.763343,1,1,801.1054077148438,1278.1497802734375,1253.4749755859375,860.32470703125
1790951503.7743118,1,1,819.2001953125,1238.670166015625,1186.0308837890625,860.32470703125
1790951503.7850425,1,1,845.5198974609375,1294.5994873046875,1184.3858642578125,870.194580078125
1790951503.7964132,1,1,888.2893676757812,1288.0196533203125,1144.9063720703125,899.8042602539062
1790951503.8076026,1,1,873.4845581054688,1243.6051025390625,1061.0123291015625,899.8042602539062
1790951503.8189046,1,1,975.4733276367188,1159.711181640625,903.09423828125,1000.1480712890625
1790951503.830073,1,1,975.4733276367188,1159.711181640625,903.09423828125,1000.1480712890625
1790951503.8405788,1,1,975.4733276367188,1159.711181640625,903.09423828125,1000.1480712890625
1790951503.8511953,1,1,975.4733276367188,1159.711181640625,903.09423828125,1000.1480712890625
1790951503.8618984,1,1,975.4733276367188,1159.711181640625,903.09423828125,1000.1480712890625
1790951503.872829,1,1,975.4733276367188,1159.711181640625,903.09423828125,1000.1480712890625
1790951503.883787,1,1,1006.7279663085938,1102.1368408203125,860.32470703125,988.6331787109375
1790951503.8946218,1,1,1056.077392578125,1154.7762451171875,776.4307250976562,995.213134765625
1790951503.9053385,1,1,1074.172119140625,1088.9769287109375,781.3656616210938,970.5383911132812
1790951503.9165397,1,1,1079.1070556640625,1070.8822021484375,717.21142578125,990.2781372070312
1790951503.9274862,1,1,1061.0123291015625,1051.1424560546875,708.9865112304688,996.8580932617188
1790951503.938748,1,1,1061.0123291015625,1051.1424560546875,708.9865112304688,996.8580932617188
1790951503.9501488,1,1,1061.0123291015625,1051.1424560546875,708.9865112304688,996.8580932617188
1790951503.9611232,1,1,1061.0123291015625,1051.1424560546875,708.9865112304688,996.8580932617188
1790951503.9718356,1,1,1061.0123291015625,1051.1424560546875,708.9865112304688,996.8580932617188
1790951503.9828362,1,1,1061.0123291015625,1051.1424560546875,708.9865112304688,996.8580932617188
1790951503.9944732,1,1,1034.692626953125,1013.307861328125,633.3174438476562,959.0235595703125
1790951504.0054202,1,1,996.8580932617188,965.6034545898438,653.0571899414062,960.6685180664062
1790951504.0163937,1,1,980.4082641601562,917.8990478515625,633.3174438476562,952.443603515625
1790951504.0276783,1,1,949.1536865234375,876.7745361328125,694.1817016601562,899.8042602539062
1790951504.0386288,1,1,949.1536865234375,863.6146850585938,685.956787109375,927.7689208984375
1790951504.049988,1,1,949.1536865234375,863.6146850585938,685.956787109375,927.7689208984375
1790951504.0607061,1,1,949.1536865234375,863.6146850585938,685.956787109375,927.7689208984375
1790951504.0714607,1,1,949.1536865234375,863.6146850585938,685.956787109375,927.7689208984375
1790951504.0823948,1,1,949.1536865234375,863.6146850585938,685.956787109375,927.7689208984375
1790951504.0931637,1,1,934.3488159179688,840.5849609375,692.5367431640625,903.09423828125
1790951504.1047099,1,1,935.9938354492188,812.6203002929688,699.1166381835938,894.8693237304688
1790951504.1159182,1,1,894.8693237304688,723.7913208007812,700.7615966796875,868.5496215820312
1790951504.1267498,1,1,873.4845581054688,730.3712768554688,741.8861083984375,880.064453125
1790951504.1378462,1,1,873.4845581054688,730.3712768554688,741.8861083984375,880.064453125
1790951504.149155,1,1,873.4845581054688,730.3712768554688,741.8861083984375,880.064453125
1790951504.1598456,1,1,873.4845581054688,730.3712768554688,741.8861083984375,880.064453125
1790951504.1709244,1,1,873.4845581054688,730.3712768554688,741.8861083984375,880.064453125
1790951504.1820045,1,1,899.8042602539062,736.951171875,751.7560424804688,875.1295166015625
1790951504.192852,1,1,903.09423828125,697.4716796875,741.8861083984375,880.064453125
1790951504.2036755,1,1,888.2893676757812,728.726318359375,740.2411499023438,847.1648559570312
1790951504.2145782,1,1,868.5496215820312,745.1760864257812,713.9214477539062,845.5198974609375
1790951504.2252996,1,1,881.70947265625,738.59619140625,750.1110229492188,834.0050048828125
1790951504.2359266,1,1,875.1295166015625,707.341552734375,741.8861083984375,850.454833984375
1790951504.2465231,1,1,875.1295166015625,707.341552734375,779.720703125,858.6797485351562
1790951504.2575448,1,1,863.6146850585938,677.7318725585938,801.1054077148438,858.6797485351562
1790951504.268517,1,1,863.6146850585938,677.7318725585938,801.1054077148438,858.6797485351562
1790951504.279034,1,1,863.6146850585938,677.7318725585938,801.1054077148438,858.6797485351562
1790951504.2897086,1,1,863.6146850585938,677.7318725585938,801.1054077148438,858.6797485351562
1790951504.300627,1,1,863.6146850585938,677.7318725585938,801.1054077148438,858.6797485351562
1790951504.3113868,1,1,863.6146850585938,677.7318725585938,801.1054077148438,858.6797485351562
1790951504.322447,1,1,866.9046630859375,677.7318725585938,792.8805541992188,852.0997924804688
1790951504.333494,1,1,855.3897705078125,672.7969360351562,787.945556640625,855.3897705078125
1790951504.344104,1,1,878.4194946289062,692.5367431640625,809.330322265625,852.0997924804688
1790951504.3552182,1,1,883.3544311523438,667.8619995117188,799.46044921875,848.8098754882812
1790951504.3663733,1,1,857.0347290039062,684.3118286132812,789.590576171875,855.3897705078125
1790951504.377248,1,1,899.8042602539062,681.0218505859375,794.5255126953125,888.2893676757812
1790951504.3882697,1,1,899.8042602539062,681.0218505859375,794.5255126953125,888.2893676757812
1790951504.398803,1,1,899.8042602539062,681.0218505859375,794.5255126953125,888.2893676757812
1790951504.4095132,1,1,899.8042602539062,681.0218505859375,794.5255126953125,888.2893676757812
1790951504.420346,1,1,899.8042602539062,681.0218505859375,794.5255126953125,888.2893676757812
1790951504.4311042,1,1,899.8042602539062,681.0218505859375,794.5255126953125,888.2893676757812
1790951504.441735,0,1,871.839599609375,705.6965942382812,801.1054077148438,843.8749389648438
1790951504.4527826,0,1,876.7745361328125,713.9214477539062,810.9752807617188,855.3897705078125
1790951504.4636695,0,1,857.0347290039062,732.0162353515625,804.3953857421875,855.3897705078125
1790951504.4745572,0,1,866.9046630859375,750.1110229492188,817.5552368164062,832.3600463867188
1790951504.48555,0,1,855.3897705078125,741.8861083984375,797.8154907226562,858.6797485351562
1790951504.4965055,0,1,855.3897705078125,741.8861083984375,797.8154907226562,858.6797485351562
1790951504.5077407,0,1,855.3897705078125,741.8861083984375,797.8154907226562,858.6797485351562
1790951504.5190232,0,1,855.3897705078125,741.8861083984375,797.8154907226562,858.6797485351562
1790951504.530262,0,1,855.3897705078125,741.8861083984375,797.8154907226562,858.6797485351562
1790951504.5415926,0,1,855.3897705078125,720.5014038085938,812.6203002929688,850.454833984375
1790951504.5527241,0,1,894.8693237304688,718.8563842773438,809.330322265625,873.4845581054688
1790951504.5641766,0,1,868.5496215820312,720.5014038085938,837.2949829101562,850.454833984375
1790951504.575025,0,1,847.1648559570312,733.6612548828125,830.715087890625,858.6797485351562
1790951504.5857265,0,1,847.1648559570312,733.6612548828125,830.715087890625,858.6797485351562
1790951504.596745,0,1,847.1648559570312,733.6612548828125,830.715087890625,858.6797485351562
1790951504.6080134,0,1,847.1648559570312,733.6612548828125,830.715087890625,858.6797485351562
1790951504.6189086,0,1,847.1648559570312,733.6612548828125,830.715087890625,858.6797485351562
1790951504.6297333,0,1,847.1648559570312,733.6612548828125,830.715087890625,858.6797485351562
1790951504.6412458,0,1,880.064453125,720.5014038085938,812.6203002929688,860.32470703125
1790951504.6523147,0,1,855.3897705078125,730.3712768554688,838.9400024414062,843.8749389648438
1790951504.663208,0,1,855.3897705078125,743.5311279296875,834.0050048828125,853.7448120117188
1790951504.6741638,0,1,847.1648559570312,779.720703125,837.2949829101562,845.5198974609375
1790951504.6849039,0,1,858.6797485351562,746.8211059570312,832.3600463867188,865.2596435546875
1790951504.6959162,0,1,858.6797485351562,746.8211059570312,832.3600463867188,865.2596435546875
1790951504.7064188,0,1,858.6797485351562,746.8211059570312,832.3600463867188,865.2596435546875
1790951504.7170396,0,1,858.6797485351562,746.8211059570312,832.3600463867188,865.2596435546875
1790951504.7276163,0,1,858.6797485351562,746.8211059570312,832.3600463867188,865.2596435546875
1790951504.7395897,0,1,858.6797485351562,746.8211059570312,832.3600463867188,865.2596435546875
1790951504.7504992,0,1,857.0347290039062,761.6259155273438,817.5552368164062,842.2299194335938
1790951504.7614403,0,1,863.6146850585938,791.2355346679688,825.7801513671875,845.5198974609375
1790951504.7725656,0,1,848.8098754882812,791.2355346679688,837.2949829101562,835.6500244140625
1790951504.7830906,0,1,847.1648559570312,792.8805541992188,834.0050048828125,835.6500244140625
1790951504.7936275,0,1,847.1648559570312,792.8805541992188,834.0050048828125,835.6500244140625
1790951504.8046796,0,1,847.1648559570312,792.8805541992188,834.0050048828125,835.6500244140625
1790951504.8155806,0,1,847.1648559570312,792.8805541992188,834.0050048828125,835.6500244140625
1790951504.8264651,0,1,847.1648559570312,792.8805541992188,834.0050048828125,835.6500244140625
1790951504.8372273,0,1,847.1648559570312,792.8805541992188,834.0050048828125,835.6500244140625
1790951504.8481956,0,1,871.839599609375,781.3656616210938,822.4901733398438,837.2949829101562
1790951504.8593166,0,1,850.454833984375,764.9158325195312,822.4901733398438,850.454833984375
1790951504.8714285,0,1,850.454833984375,764.9158325195312,822.4901733398438,850.454833984375
1790951504.8823757,0,1,870.194580078125,764.9158325195312,824.1351318359375,873.4845581054688
1790951504.8934033,0,1,883.3544311523438,766.5608520507812,825.7801513671875,875.1295166015625
1790951504.904186,0,1,876.7745361328125,771.4957885742188,835.6500244140625,873.4845581054688
1790951504.915221,0,1,894.8693237304688,778.07568359375,845.5198974609375,875.1295166015625
1790951504.926019,0,1,889.9343872070312,769.850830078125,822.4901733398438,891.579345703125
1790951504.9367273,0,1,889.9343872070312,769.850830078125,822.4901733398438,891.579345703125
1790951504.9479814,0,1,889.9343872070312,769.850830078125,822.4901733398438,891.579345703125
1790951504.9586382,0,1,889.9343872070312,769.850830078125,822.4901733398438,891.579345703125
1790951504.9691775,0,1,889.9343872070312,769.850830078125,822.4901733398438,891.579345703125
1790951504.9806602,0,1,889.9343872070312,769.850830078125,822.4901733398438,891.579345703125
1790951504.9914412,0,1,898.1592407226562,776.4307250976562,830.715087890625,875.1295166015625
1790951505.0024316,0,1,858.6797485351562,759.9808959960938,830.715087890625,871.839599609375
1790951505.013386,0,1,855.3897705078125,796.1704711914062,822.4901733398438,853.7448120117188
1790951505.0241058,0,1,883.3544311523438,766.5608520507812,843.8749389648438,860.32470703125
1790951505.034863,0,1,860.32470703125,796.1704711914062,840.5849609375,875.1295166015625
1790951505.0457587,0,1,860.32470703125,796.1704711914062,840.5849609375,875.1295166015625
1790951505.0563436,0,1,860.32470703125,796.1704711914062,840.5849609375,875.1295166015625
1790951505.0668392,0,1,860.32470703125,796.1704711914062,840.5849609375,875.1295166015625
1790951505.0777397,0,1,860.32470703125,796.1704711914062,840.5849609375,875.1295166015625
1790951505.0885026,0,1,860.32470703125,796.1704711914062,840.5849609375,875.1295166015625
1790951505.099486,0,1,873.4845581054688,806.0403442382812,837.2949829101562,858.6797485351562
1790951505.1101255,0,1,889.9343872070312,817.5552368164062,819.2001953125,870.194580078125
1790951505.1210825,0,1,870.194580078125,848.8098754882812,824.1351318359375,857.0347290039062
1790951505.1320503,0,1,870.194580078125,848.8098754882812,824.1351318359375,857.0347290039062
1790951505.1427555,0,1,870.194580078125,848.8098754882812,824.1351318359375,857.0347290039062
1790951505.1544757,0,1,870.194580078125,848.8098754882812,824.1351318359375,857.0347290039062
1790951505.1651835,0,1,870.194580078125,848.8098754882812,824.1351318359375,857.0347290039062
1790951505.1759048,0,1,870.194580078125,848.8098754882812,824.1351318359375,857.0347290039062
1790951505.1869051,0,1,881.70947265625,814.2652587890625,829.070068359375,865.2596435546875
1790951505.1975527,0,1,898.1592407226562,820.84521484375,835.6500244140625,866.9046630859375
1790951505.2086446,0,1,868.5496215820312,825.7801513671875,842.2299194335938,848.8098754882812
1790951505.2195735,0,1,863.6146850585938,809.330322265625,830.715087890625,853.7448120117188
1790951505.2301035,0,1,863.6146850585938,809.330322265625,830.715087890625,853.7448120117188
1790951505.2411506,0,1,863.6146850585938,809.330322265625,830.715087890625,853.7448120117188
1790951505.251834,0,1,863.6146850585938,809.330322265625,830.715087890625,853.7448120117188
1790951505.2628663,0,1,863.6146850585938,809.330322265625,830.715087890625,853.7448120117188
1790951505.2736595,0,1,883.3544311523438,830.715087890625,840.5849609375,881.70947265625
1790951505.2846103,0,1,852.0997924804688,827.4251098632812,845.5198974609375,850.454833984375
1790951505.2957704,0,1,850.454833984375,822.4901733398438,838.9400024414062,855.3897705078125
1790951505.3068113,0,1,870.194580078125,819.2001953125,835.6500244140625,853.7448120117188
1790951505.318134,0,1,860.32470703125,837.2949829101562,843.8749389648438,848.8098754882812
1790951505.328822,0,1,860.32470703125,837.2949829101562,843.8749389648438,848.8098754882812
1790951505.3395169,0,1,860.32470703125,837.2949829101562,843.8749389648438,848.8098754882812
1790951505.3506422,0,1,860.32470703125,837.2949829101562,843.8749389648438,848.8098754882812
1790951505.3615775,0,1,860.32470703125,837.2949829101562,843.8749389648438,848.8098754882812
1790951505.3731613,0,1,860.32470703125,837.2949829101562,843.8749389648438,848.8098754882812
1790951505.3846323,0,1,860.32470703125,837.2949829101562,843.8749389648438,848.8098754882812
1790951505.397763,0,1,837.2949829101562,771.4957885742188,842.2299194335938,857.0347290039062
1790951505.4097774,0,1,842.2299194335938,786.3005981445312,850.454833984375,850.454833984375
1790951505.4207659,0,1,829.070068359375,817.5552368164062,842.2299194335938,850.454833984375
1790951505.4319744,0,1,861.9697265625,815.9102783203125,835.6500244140625,866.9046630859375
1790951505.443342,0,1,848.8098754882812,827.4251098632812,835.6500244140625,842.2299194335938
1790951505.454157,0,1,870.194580078125,796.1704711914062,843.8749389648438,873.4845581054688
1790951505.465031,0,1,870.194580078125,796.1704711914062,843.8749389648438,873.4845581054688
1790951505.4757664,0,1,855.3897705078125,802.7504272460938,847.1648559570312,848.8098754882812
1790951505.486775,0,1,853.7448120117188,817.5552368164062,840.5849609375,850.454833984375
1790951505.4976106,0,1,857.0347290039062,812.6203002929688,830.715087890625,861.9697265625
1790951505.5086854,0,1,857.0347290039062,812.6203002929688,830.715087890625,861.9697265625
1790951505.5202956,0,1,857.0347290039062,812.6203002929688,830.715087890625,861.9697265625
1790951505.5311165,0,1,857.0347290039062,812.6203002929688,830.715087890625,861.9697265625
1790951505.54168,0,1,857.0347290039062,812.6203002929688,830.715087890625,861.9697265625
1790951505.5526261,0,1,857.0347290039062,812.6203002929688,830.715087890625,861.9697265625
1790951505.563596,0,1,857.0347290039062,812.6203002929688,830.715087890625,861.9697265625
1790951505.5745637,0,1,852.0997924804688,830.715087890625,835.6500244140625,843.8749389648438
1790951505.5856948,0,1,852.0997924804688,822.4901733398438,843.8749389648438,845.5198974609375
1790951505.5974748,0,1,870.194580078125,792.8805541992188,832.3600463867188,840.5849609375
1790951505.6090167,0,1,857.0347290039062,819.2001953125,837.2949829101562,843.8749389648438
1790951505.620943,0,1,857.0347290039062,819.2001953125,837.2949829101562,843.8749389648438
1790951505.6323755,0,1,876.7745361328125,804.3953857421875,834.0050048828125,847.1648559570312
1790951505.6434727,0,1,884.9994506835938,812.6203002929688,829.070068359375,871.839599609375
1790951505.6545973,0,1,912.964111328125,840.5849609375,801.1054077148438,870.194580078125
1790951505.6658912,0,1,960.6685180664062,838.9400024414062,797.8154907226562,904.7391967773438
1790951505.6765363,0,1,955.7335815429688,842.2299194335938,810.9752807617188,909.6741333007812
1790951505.6876762,0,1,955.7335815429688,842.2299194335938,810.9752807617188,909.6741333007812
1790951505.698695,0,1,955.7335815429688,842.2299194335938,810.9752807617188,909.6741333007812
1790951505.7096317,0,1,955.7335815429688,842.2299194335938,810.9752807617188,909.6741333007812
1790951505.7209582,0,1,952.443603515625,847.1648559570312,809.330322265625,889.9343872070312
1790951505.7322545,0,1,919.5440063476562,838.9400024414062,825.7801513671875,886.6444091796875
1790951505.7429092,0,1,903.09423828125,845.5198974609375,824.1351318359375,848.8098754882812
1790951505.7545402,0,1,906.3841552734375,837.2949829101562,824.1351318359375,866.9046630859375
1790951505.7657974,0,1,875.1295166015625,842.2299194335938,827.4251098632812,866.9046630859375
1790951505.7768435,0,1,875.1295166015625,842.2299194335938,827.4251098632812,866.9046630859375
1790951505.78771,0,1,875.1295166015625,842.2299194335938,827.4251098632812,866.9046630859375
1790951505.7987382,0,1,875.1295166015625,842.2299194335938,827.4251098632812,866.9046630859375
1790951505.8097696,0,1,875.1295166015625,842.2299194335938,827.4251098632812,866.9046630859375
1790951505.8208778,0,1,875.1295166015625,842.2299194335938,827.4251098632812,866.9046630859375
1790951505.832043,0,1,894.8693237304688,819.2001953125,822.4901733398438,866.9046630859375
1790951505.8430042,0,1,896.5142822265625,852.0997924804688,822.4901733398438,873.4845581054688
1790951505.8542216,0,1,896.5142822265625,852.0997924804688,822.4901733398438,873.4845581054688
1790951505.8657165,1,1,926.1239624023438,840.5849609375,817.5552368164062,893.2243041992188
1790951505.8766067,1,1,916.2540283203125,837.2949829101562,814.2652587890625,873.4845581054688
1790951505.8875139,1,1,889.9343872070312,835.6500244140625,815.9102783203125,881.70947265625
1790951505.8985984,1,1,889.9343872070312,835.6500244140625,815.9102783203125,881.70947265625
1790951505.9100957,1,1,889.9343872070312,835.6500244140625,815.9102783203125,881.70947265625
1790951505.9213598,1,1,889.9343872070312,835.6500244140625,815.9102783203125,881.70947265625
1790951505.9322877,1,1,889.9343872070312,835.6500244140625,815.9102783203125,881.70947265625
1790951505.9431472,1,1,906.3841552734375,834.0050048828125,832.3600463867188,875.1295166015625
1790951505.9545703,1,1,888.2893676757812,838.9400024414062,835.6500244140625,857.0347290039062
1790951505.9657106,1,1,888.2893676757812,835.6500244140625,832.3600463867188,857.0347290039062
1790951505.976192,1,1,889.9343872070312,812.6203002929688,830.715087890625,857.0347290039062
1790951505.9870057,1,1,889.9343872070312,807.6853637695312,830.715087890625,855.3897705078125
1790951505.9983966,1,1,871.839599609375,822.4901733398438,830.715087890625,843.8749389648438
1790951506.0096908,1,1,871.839599609375,822.4901733398438,830.715087890625,843.8749389648438
1790951506.0206058,1,1,871.839599609375,822.4901733398438,830.715087890625,843.8749389648438
1790951506.0316246,1,1,871.839599609375,822.4901733398438,830.715087890625,843.8749389648438
1790951506.0426676,1,1,871.839599609375,822.4901733398438,830.715087890625,843.8749389648438
1790951506.0534236,1,1,871.839599609375,822.4901733398438,830.715087890625,843.8749389648438
1790951506.0642557,1,1,871.839599609375,822.4901733398438,830.715087890625,843.8749389648438
1790951506.0748317,1,1,853.7448120117188,825.7801513671875,847.1648559570312,861.9697265625
1790951506.0853467,1,1,866.9046630859375,845.5198974609375,832.3600463867188,842.2299194335938
1790951506.096607,1,1,876.7745361328125,819.2001953125,810.9752807617188,857.0347290039062
1790951506.1073673,1,1,883.3544311523438,817.5552368164062,837.2949829101562,860.32470703125
1790951506.117999,1,1,873.4845581054688,824.1351318359375,827.4251098632812,855.3897705078125
1790951506.1297143,1,1,873.4845581054688,824.1351318359375,827.4251098632812,855.3897705078125
1790951506.140679,1,1,873.4845581054688,824.1351318359375,827.4251098632812,855.3897705078125
1790951506.1519415,1,1,873.4845581054688,824.1351318359375,827.4251098632812,855.3897705078125
1790951506.163588,1,1,873.4845581054688,824.1351318359375,827.4251098632812,855.3897705078125
1790951506.174401,1,1,873.4845581054688,824.1351318359375,827.4251098632812,855.3897705078125
1790951506.185295,1,1,889.9343872070312,820.84521484375,820.84521484375,858.6797485351562
1790951506.1959946,1,1,863.6146850585938,830.715087890625,829.070068359375,850.454833984375
1790951506.2069798,1,1,866.9046630859375,824.1351318359375,835.6500244140625,853.7448120117188
1790951506.218096,1,1,888.2893676757812,835.6500244140625,827.4251098632812,857.0347290039062
1790951506.2291875,1,1,875.1295166015625,822.4901733398438,838.9400024414062,860.32470703125
1790951506.2401724,1,1,870.194580078125,812.6203002929688,840.5849609375,860.32470703125
1790951506.2513497,1,1,870.194580078125,812.6203002929688,840.5849609375,860.32470703125
1790951506.262118,1,1,870.194580078125,812.6203002929688,840.5849609375,860.32470703125
1790951506.2734523,1,1,870.194580078125,812.6203002929688,840.5849609375,860.32470703125
1790951506.2840476,1,1,870.194580078125,812.6203002929688,840.5849609375,860.32470703125
1790951506.2949903,1,1,865.2596435546875,819.2001953125,824.1351318359375,855.3897705078125
1790951506.305977,1,1,853.7448120117188,827.4251098632812,827.4251098632812,842.2299194335938
1790951506.317018,1,1,865.2596435546875,815.9102783203125,822.4901733398438,843.8749389648438
1790951506.3279495,1,1,852.0997924804688,832.3600463867188,834.0050048828125,832.3600463867188
1790951506.3384993,1,1,866.9046630859375,825.7801513671875,822.4901733398438,843.8749389648438
1790951506.3500493,1,1,871.839599609375,804.3953857421875,843.8749389648438,863.6146850585938
1790951506.3606546,1,1,871.839599609375,804.3953857421875,843.8749389648438,863.6146850585938
1790951506.3716016,1,1,871.839599609375,804.3953857421875,843.8749389648438,863.6146850585938
1790951506.3821855,1,1,871.839599609375,804.3953857421875,843.8749389648438,863.6146850585938
1790951506.3927696,1,1,871.839599609375,804.3953857421875,843.8749389648438,863.6146850585938
1790951506.4037902,1,1,871.839599609375,804.3953857421875,843.8749389648438,863.6146850585938
1790951506.415039,1,1,871.839599609375,804.3953857421875,843.8749389648438,863.6146850585938
1790951506.4257495,1,1,855.3897705078125,825.7801513671875,830.715087890625,871.839599609375
1790951506.4365127,1,1,857.0347290039062,812.6203002929688,843.8749389648438,858.6797485351562
1790951506.447802,1,1,857.0347290039062,812.6203002929688,843.8749389648438,858.6797485351562
1790951506.4591599,1,1,857.0347290039062,812.6203002929688,843.8749389648438,858.6797485351562
1790951506.4697793,1,1,857.0347290039062,812.6203002929688,843.8749389648438,858.6797485351562
1790951506.4807875,1,1,857.0347290039062,812.6203002929688,843.8749389648438,858.6797485351562
1790951506.492277,1,1,860.32470703125,814.2652587890625,838.9400024414062,842.2299194335938
1790951506.5033238,1,1,868.5496215820312,812.6203002929688,837.2949829101562,843.8749389648438
1790951506.5145535,1,1,868.5496215820312,827.4251098632812,820.84521484375,838.9400024414062
1790951506.5255666,1,1,868.5496215820312,827.4251098632812,820.84521484375,838.9400024414062
1790951506.5364697,1,1,868.5496215820312,827.4251098632812,820.84521484375,838.9400024414062
1790951506.5485408,1,1,868.5496215820312,827.4251098632812,820.84521484375,838.9400024414062
1790951506.55953,1,1,868.5496215820312,827.4251098632812,820.84521484375,838.9400024414062
1790951506.570646,1,1,868.5496215820312,827.4251098632812,820.84521484375,838.9400024414062
1790951506.5824127,1,1,827.4251098632812,783.0106201171875,852.0997924804688,837.2949829101562
1790951506.5938873,1,1,835.6500244140625,796.1704711914062,857.0347290039062,835.6500244140625
1790951506.6048152,1,1,852.0997924804688,806.0403442382812,840.5849609375,853.7448120117188
1790951506.6157603,1,1,858.6797485351562,791.2355346679688,850.454833984375,848.8098754882812
1790951506.6266768,1,1,878.4194946289062,768.205810546875,820.84521484375,868.5496215820312
1790951506.6377447,1,1,852.0997924804688,814.2652587890625,838.9400024414062,853.7448120117188
1790951506.648556,1,1,852.0997924804688,814.2652587890625,838.9400024414062,853.7448120117188
1790951506.6591535,1,1,852.0997924804688,814.2652587890625,838.9400024414062,853.7448120117188
1790951506.6702378,1,1,852.0997924804688,814.2652587890625,838.9400024414062,853.7448120117188
1790951506.6812334,1,1,852.0997924804688,814.2652587890625,838.9400024414062,853.7448120117188
1790951506.6921113,1,1,871.839599609375,794.5255126953125,850.454833984375,865.2596435546875
1790951506.7037997,1,1,866.9046630859375,815.9102783203125,832.3600463867188,845.5198974609375
1790951506.714539,1,1,860.32470703125,812.6203002929688,842.2299194335938,853.7448120117188
1790951506.725132,1,1,853.7448120117188,810.9752807617188,827.4251098632812,837.2949829101562
1790951506.7367227,1,1,871.839599609375,822.4901733398438,845.5198974609375,865.2596435546875
1790951506.74851,1,1,865.2596435546875,815.9102783203125,824.1351318359375,858.6797485351562
1790951506.7591915,1,1,832.3600463867188,838.9400024414062,853.7448120117188,840.5849609375
1790951506.7699108,1,1,832.3600463867188,838.9400024414062,853.7448120117188,840.5849609375
1790951506.7812219,1,1,832.3600463867188,838.9400024414062,853.7448120117188,840.5849609375
1790951506.791877,1,1,832.3600463867188,838.9400024414062,853.7448120117188,840.5849609375
1790951506.8026307,1,1,832.3600463867188,838.9400024414062,853.7448120117188,840.5849609375
1790951506.813716,1,1,832.3600463867188,838.9400024414062,853.7448120117188,840.5849609375
1790951506.824406,1,1,832.3600463867188,838.9400024414062,853.7448120117188,840.5849609375
1790951506.8350585,1,1,832.3600463867188,838.9400024414062,853.7448120117188,840.5849609375
1790951506.8461745,1,1,858.6797485351562,853.7448120117188,835.6500244140625,857.0347290039062
1790951506.857416,1,1,796.1704711914062,789.590576171875,855.3897705078125,830.715087890625
1790951506.8680532,1,1,753.4010009765625,804.3953857421875,881.70947265625,779.720703125
1790951506.8791566,1,1,727.081298828125,804.3953857421875,868.5496215820312,753.4010009765625
1790951506.8901749,1,1,457.3045349121094,817.5552368164062,908.0291748046875,569.1632080078125
1790951506.9006221,1,1,457.3045349121094,817.5552368164062,908.0291748046875,569.1632080078125
1790951506.911641,1,1,457.3045349121094,817.5552368164062,908.0291748046875,569.1632080078125
1790951506.9221363,1,1,457.3045349121094,817.5552368164062,908.0291748046875,569.1632080078125
1790951506.9327652,1,1,457.3045349121094,817.5552368164062,908.0291748046875,569.1632080078125
1790951506.9437613,1,1,457.3045349121094,817.5552368164062,908.0291748046875,569.1632080078125
1790951506.9546273,1,1,365.1856384277344,962.3134765625,1118.586669921875,582.3230590820312
1790951506.965817,1,1,220.4273681640625,1067.59228515625,1592.3409423828125,424.4049377441406
1790951506.9773738,1,1,194.10768127441406,1080.7520751953125,1575.89111328125,391.50531005859375
1790951506.9885883,1,1,299.38641357421875,1330.7890625,1577.5361328125,509.94390869140625
1790951506.9992537,1,1,365.1856384277344,1256.7650146484375,1584.1160888671875,562.583251953125
1790951507.0101266,1,1,365.1856384277344,1256.7650146484375,1584.1160888671875,562.583251953125
1790951507.021662,1,1,365.1856384277344,1256.7650146484375,1584.1160888671875,562.583251953125
1790951507.0326211,1,1,365.1856384277344,1256.7650146484375,1584.1160888671875,562.583251953125
1790951507.0435674,1,1,365.1856384277344,1256.7650146484375,1584.1160888671875,562.583251953125
1790951507.0549917,1,1,273.0667419433594,1371.91357421875,1590.696044921875,523.103759765625
1790951507.0659955,1,1,352.0257873535156,1636.7554931640625,1587.406005859375,562.583251953125
1790951507.0765169,1,1,483.62420654296875,1654.8502197265625,1589.051025390625,681.0218505859375
1790951507.0875642,1,1,483.62420654296875,1649.915283203125,1587.406005859375,628.3825073242188
1790951507.0993106,1,1,493.4941101074219,1666.3651123046875,1587.406005859375,671.1519775390625
1790951507.109785,1,1,493.4941101074219,1666.3651123046875,1587.406005859375,671.1519775390625
1790951507.1204808,1,1,493.4941101074219,1666.3651123046875,1587.406005859375,671.1519775390625
1790951507.1318061,1,1,493.4941101074219,1666.3651123046875,1587.406005859375,671.1519775390625
1790951507.1428146,1,1,493.4941101074219,1666.3651123046875,1587.406005859375,671.1519775390625
1790951507.1538882,1,1,493.4941101074219,1666.3651123046875,1587.406005859375,671.1519775390625
1790951507.1647651,1,1,514.8788452148438,1663.0750732421875,1587.406005859375,697.4716796875
1790951507.1754315,1,1,495.1390686035156,1654.8502197265625,1587.406005859375,733.6612548828125
1790951507.186518,1,1,524.7487182617188,1656.4952392578125,1587.406005859375,763.2708740234375
1790951507.1980748,1,1,498.4290466308594,1658.14013671875,1587.406005859375,710.6315307617188
1790951507.209098,1,1,485.2691955566406,1658.14013671875,1587.406005859375,710.6315307617188
1790951507.2201412,1,1,485.2691955566406,1658.14013671875,1587.406005859375,710.6315307617188
1790951507.2315803,1,1,485.2691955566406,1658.14013671875,1587.406005859375,710.6315307617188
1790951507.2424293,1,1,485.2691955566406,1658.14013671875,1587.406005859375,710.6315307617188
1790951507.2534626,1,1,485.2691955566406,1658.14013671875,1587.406005859375,710.6315307617188
1790951507.2647974,1,1,485.2691955566406,1658.14013671875,1587.406005859375,710.6315307617188
1790951507.2757173,1,1,509.94390869140625,1653.2052001953125,1547.926513671875,755.0459594726562
1790951507.2870166,1,1,536.2636108398438,1653.2052001953125,1297.8895263671875,794.5255126953125
1790951507.2980947,1,1,444.1446838378906,1653.2052001953125,1258.409912109375,728.726318359375
1790951507.309031,1,1,444.1446838378906,1653.2052001953125,1258.409912109375,728.726318359375
1790951507.3198147,1,1,444.1446838378906,1653.2052001953125,1258.409912109375,728.726318359375
1790951507.330351,1,1,444.1446838378906,1653.2052001953125,1258.409912109375,728.726318359375
1790951507.3407931,1,1,444.1446838378906,1653.2052001953125,1258.409912109375,728.726318359375
1790951507.3515973,1,1,483.62420654296875,1653.2052001953125,1192.6107177734375,715.5664672851562
1790951507.3628187,1,1,588.9029541015625,1653.2052001953125,1205.7706298828125,847.1648559570312
1790951507.3739822,1,1,667.8619995117188,1653.2052001953125,1021.5327758789062,820.84521484375
1790951507.3845177,1,1,720.5014038085938,1635.1104736328125,784.6556396484375,794.5255126953125
1790951507.3956218,1,1,707.341552734375,1628.530517578125,666.217041015625,768.205810546875
1790951507.4063244,1,1,707.341552734375,1562.7313232421875,587.2579956054688,807.6853637695312
1790951507.41723,1,1,707.341552734375,1562.7313232421875,587.2579956054688,807.6853637695312
1790951507.4279587,1,1,707.341552734375,1562.7313232421875,587.2579956054688,807.6853637695312
1790951507.4388316,1,1,707.341552734375,1562.7313232421875,587.2579956054688,807.6853637695312
1790951507.449901,1,1,707.341552734375,1562.7313232421875,587.2579956054688,807.6853637695312
1790951507.4608808,1,1,707.341552734375,1562.7313232421875,587.2579956054688,807.6853637695312
1790951507.4719486,1,1,681.0218505859375,1431.1329345703125,442.4997253417969,768.205810546875
1790951507.483174,1,1,738.59619140625,1135.036376953125,327.35107421875,843.8749389648438
1790951507.4940207,1,1,728.726318359375,1010.0179443359375,352.0257873535156,781.3656616210938
1790951507.50529,1,1,830.715087890625,957.3785400390625,378.3454895019531,868.5496215820312
1790951507.5160627,1,1,830.715087890625,957.3785400390625,378.3454895019531,868.5496215820312
1790951507.5269084,1,1,830.715087890625,957.3785400390625,378.3454895019531,868.5496215820312
1790951507.5398746,1,1,830.715087890625,957.3785400390625,378.3454895019531,868.5496215820312
1790951507.5514321,1,1,830.715087890625,957.3785400390625,378.3454895019531,868.5496215820312
1790951507.5628366,1,1,787.945556640625,832.3600463867188,337.2209777832031,817.5552368164062
1790951507.5739467,1,1,868.5496215820312,687.601806640625,301.0314025878906,830.715087890625
1790951507.585183,1,1,973.828369140625,483.62420654296875,240.16712951660156,845.5198974609375
1790951507.5960398,1,1,932.703857421875,398.0852355957031,136.5333709716797,810.9752807617188
1790951507.6072123,1,1,982.0532836914062,207.26751708984375,156.27313232421875,853.7448120117188
1790951507.6185777,1,1,982.0532836914062,207.26751708984375,156.27313232421875,853.7448120117188
1790951507.6300614,1,1,982.0532836914062,207.26751708984375,156.27313232421875,853.7448120117188
1790951507.6412208,1,1,982.0532836914062,207.26751708984375,156.27313232421875,853.7448120117188
1790951507.6523836,1,1,982.0532836914062,207.26751708984375,156.27313232421875,853.7448120117188
1790951507.663396,1,1,1003.43798828125,194.10768127441406,156.27313232421875,893.2243041992188
1790951507.6742523,1,1,1019.8878173828125,203.97756958007812,148.04823303222656,886.6444091796875
1790951507.6854644,1,1,1026.4677734375,212.2024688720703,152.98316955566406,904.7391967773438
1790951507.696661,1,1,1047.8525390625,259.9068908691406,152.98316955566406,1010.0179443359375
1790951507.7075355,1,1,1047.8525390625,259.9068908691406,152.98316955566406,1010.0179443359375
1790951507.7184675,1,1,1047.8525390625,259.9068908691406,152.98316955566406,1010.0179443359375
1790951507.7296877,1,1,1047.8525390625,259.9068908691406,152.98316955566406,1010.0179443359375
1790951507.7407584,1,1,1047.8525390625,259.9068908691406,152.98316955566406,1010.0179443359375
1790951507.7523432,1,1,1037.9825439453125,301.0314025878906,152.98316955566406,1011.6629028320312
1790951507.7632241,1,1,1019.8878173828125,287.8715515136719,248.39202880859375,1034.692626953125
1790951507.7740974,1,1,1023.1777954101562,274.71173095703125,248.39202880859375,1033.047607421875
1790951507.7856095,1,1,921.18896484375,227.00729370117188,409.60009765625,982.0532836914062
1790951507.7968688,1,1,847.1648559570312,263.1968688964844,478.68927001953125,911.319091796875
1790951507.8079166,1,1,847.1648559570312,263.1968688964844,478.68927001953125,911.319091796875
1790951507.8189561,1,1,847.1648559570312,263.1968688964844,478.68927001953125,911.319091796875
1790951507.8300445,1,1,847.1648559570312,263.1968688964844,478.68927001953125,911.319091796875
1790951507.84072,1,1,847.1648559570312,263.1968688964844,478.68927001953125,911.319091796875
1790951507.8518324,1,1,847.1648559570312,263.1968688964844,478.68927001953125,911.319091796875
1790951507.8629456,1,1,806.0403442382812,299.38641357421875,511.5888977050781,855.3897705078125
1790951507.8737118,1,1,732.0162353515625,121.72854614257812,508.2989196777344,736.951171875
1790951507.8847578,1,1,732.0162353515625,121.72854614257812,508.2989196777344,736.951171875
1790951507.8958056,1,1,704.0515747070312,110.21368408203125,541.1985473632812,697.4716796875
1790951507.906673,1,0,704.0515747070312,110.21368408203125,541.1985473632812,697.4716796875
1790951507.917576,1,0,704.0515747070312,110.21368408203125,541.1985473632812,697.4716796875
1790951507.9284127,1,0,704.0515747070312,110.21368408203125,541.1985473632812,697.4716796875
1790951507.9390323,1,0,704.0515747070312,110.21368408203125,541.1985473632812,697.4716796875
1790951507.9500096,1,0,704.0515747070312,110.21368408203125,541.1985473632812,697.4716796875
1790951507.9609864,1,0,855.3897705078125,26.319684982299805,659.6371459960938,939.2837524414062
1790951507.9719057,1,0,894.8693237304688,27.96466636657715,662.9270629882812,962.3134765625
1790951507.983084,1,0,929.4138793945312,52.63936996459961,638.2523803710938,967.2484130859375
1790951507.9941514,1,0,932.703857421875,103.63375854492188,605.352783203125,975.4733276367188
1790951508.0047867,1,0,939.2837524414062,240.16712951660156,592.1929321289062,968.8934326171875
1790951508.0153472,1,0,939.2837524414062,240.16712951660156,592.1929321289062,968.8934326171875
1790951508.0258803,1,0,939.2837524414062,240.16712951660156,592.1929321289062,968.8934326171875
1790951508.0364628,1,0,939.2837524414062,240.16712951660156,592.1929321289062,968.8934326171875
1790951508.0474913,1,0,939.2837524414062,240.16712951660156,592.1929321289062,968.8934326171875
1790951508.0583744,1,0,939.2837524414062,240.16712951660156,592.1929321289062,968.8934326171875
1790951508.0691383,1,0,939.2837524414062,240.16712951660156,592.1929321289062,968.8934326171875
1790951508.0799856,1,0,947.5086669921875,279.64666748046875,602.0628051757812,952.443603515625
1790951508.0907779,1,0,950.7986450195312,389.8603515625,597.1278686523438,970.5383911132812
1790951508.1017542,1,0,940.9287719726562,449.0796203613281,582.3230590820312,944.2186889648438
1790951508.112801,1,0,945.8637084960938,511.5888977050781,579.0330810546875,959.0235595703125
1790951508.1241853,1,0,962.3134765625,516.5238037109375,603.707763671875,937.6387939453125
1790951508.135174,1,0,962.3134765625,516.5238037109375,603.707763671875,937.6387939453125
1790951508.1460273,1,0,962.3134765625,516.5238037109375,603.707763671875,937.6387939453125
1790951508.1572611,1,0,962.3134765625,516.5238037109375,603.707763671875,937.6387939453125
1790951508.1681802,1,0,962.3134765625,516.5238037109375,603.707763671875,937.6387939453125
1790951508.1792352,1,0,939.2837524414062,554.3583984375,623.4475708007812,909.6741333007812
1790951508.1905582,1,0,940.9287719726562,570.8081665039062,618.5126342773438,916.2540283203125
1790951508.201666,1,0,950.7986450195312,572.4531860351562,618.5126342773438,926.1239624023438
1790951508.212977,1,0,940.9287719726562,674.4419555664062,623.4475708007812,891.579345703125
1790951508.2237294,1,0,922.833984375,674.4419555664062,630.0274658203125,898.1592407226562
1790951508.23483,1,0,922.833984375,674.4419555664062,630.0274658203125,898.1592407226562
1790951508.2456682,1,0,922.833984375,674.4419555664062,630.0274658203125,898.1592407226562
1790951508.2567067,1,0,922.833984375,674.4419555664062,630.0274658203125,898.1592407226562
1790951508.2677412,1,0,922.833984375,674.4419555664062,630.0274658203125,898.1592407226562
1790951508.278587,1,0,921.18896484375,669.5070190429688,656.34716796875,894.8693237304688
1790951508.2894642,1,0,911.319091796875,681.0218505859375,646.477294921875,873.4845581054688
1790951508.3001375,1,0,904.7391967773438,689.2467651367188,643.1873168945312,901.44921875
1790951508.310616,1,0,914.6090698242188,689.2467651367188,653.0571899414062,924.4789428710938
1790951508.3212664,1,0,914.6090698242188,689.2467651367188,653.0571899414062,924.4789428710938
1790951508.3321908,1,0,940.9287719726562,750.1110229492188,639.8973388671875,903.09423828125
1790951508.3431838,1,0,940.9287719726562,750.1110229492188,639.8973388671875,903.09423828125
1790951508.354409,1,0,940.9287719726562,750.1110229492188,639.8973388671875,903.09423828125
1790951508.3649468,1,0,940.9287719726562,750.1110229492188,639.8973388671875,903.09423828125
1790951508.3760302,1,0,940.9287719726562,750.1110229492188,639.8973388671875,903.09423828125
1790951508.3873036,1,0,940.9287719726562,750.1110229492188,639.8973388671875,903.09423828125
1790951508.3980856,1,0,988.6331787109375,741.8861083984375,643.1873168945312,906.3841552734375
1790951508.4091115,1,0,991.9231567382812,786.3005981445312,646.477294921875,912.964111328125
1790951508.420085,1,0,995.213134765625,759.9808959960938,651.4122314453125,947.5086669921875
1790951508.4310024,1,0,988.6331787109375,779.720703125,634.96240234375,940.9287719726562
1790951508.4415596,1,0,975.4733276367188,796.1704711914062,669.5070190429688,919.5440063476562
1790951508.4527762,1,0,935.9938354492188,791.2355346679688,684.3118286132812,906.3841552734375
1790951508.4636064,1,0,921.18896484375,781.3656616210938,667.8619995117188,899.8042602539062
1790951508.4741895,1,0,940.9287719726562,779.720703125,671.1519775390625,901.44921875
1790951508.4856288,1,0,924.4789428710938,773.1407470703125,695.82666015625,903.09423828125
1790951508.4967399,1,0,924.4789428710938,773.1407470703125,695.82666015625,903.09423828125
1790951508.5073166,1,0,924.4789428710938,773.1407470703125,695.82666015625,903.09423828125
1790951508.5186,1,0,924.4789428710938,773.1407470703125,695.82666015625,903.09423828125
1790951508.5298378,1,0,924.4789428710938,773.1407470703125,695.82666015625,903.09423828125
1790951508.5404956,1,0,912.964111328125,794.5255126953125,679.3768920898438,871.839599609375
1790951508.5514774,1,0,899.8042602539062,771.4957885742188,681.0218505859375,884.9994506835938
1790951508.5621247,1,0,888.2893676757812,797.8154907226562,690.8917236328125,881.70947265625
1790951508.572813,1,0,876.7745361328125,791.2355346679688,681.0218505859375,876.7745361328125
1790951508.583829,1,0,896.5142822265625,792.8805541992188,681.0218505859375,891.579345703125
1790951508.5945544,1,0,893.2243041992188,796.1704711914062,677.7318725585938,881.70947265625
1790951508.6055698,1,0,893.2243041992188,796.1704711914062,677.7318725585938,881.70947265625
1790951508.6160655,1,0,893.2243041992188,796.1704711914062,677.7318725585938,881.70947265625
1790951508.6266432,0,0,893.2243041992188,796.1704711914062,677.7318725585938,881.70947265625
1790951508.6371577,0,0,893.2243041992188,796.1704711914062,677.7318725585938,881.70947265625
1790951508.6481125,0,0,893.2243041992188,796.1704711914062,677.7318725585938,881.70947265625
1790951508.6592257,0,0,1054.432373046875,852.0997924804688,659.6371459960938,985.3432006835938
1790951508.6701455,0,0,1052.7874755859375,865.2596435546875,662.9270629882812,1005.0830078125
1790951508.6813917,0,0,1037.9825439453125,812.6203002929688,662.9270629882812,995.213134765625
1790951508.6923494,0,1,1037.9825439453125,812.6203002929688,662.9270629882812,995.213134765625
1790951508.7029946,0,1,1037.9825439453125,812.6203002929688,662.9270629882812,995.213134765625
1790951508.713887,0,1,1037.9825439453125,812.6203002929688,662.9270629882812,995.213134765625
1790951508.7245595,0,1,1037.9825439453125,812.6203002929688,662.9270629882812,995.213134765625
1790951508.7355232,0,1,1037.9825439453125,812.6203002929688,662.9270629882812,995.213134765625
1790951508.746554,0,1,998.5030517578125,845.5198974609375,682.6668701171875,957.3785400390625
1790951508.7575884,0,1,973.828369140625,837.2949829101562,681.0218505859375,944.2186889648438
1790951508.7686267,0,1,959.0235595703125,817.5552368164062,682.6668701171875,917.8990478515625
1790951508.780103,0,1,932.703857421875,827.4251098632812,694.1817016601562,903.09423828125
1790951508.7909777,0,1,929.4138793945312,824.1351318359375,695.82666015625,904.7391967773438
1790951508.8021235,0,1,917.8990478515625,830.715087890625,702.4066162109375,904.7391967773438
1790951508.8131824,0,1,917.8990478515625,830.715087890625,702.4066162109375,904.7391967773438
1790951508.8240118,0,1,917.8990478515625,830.715087890625,702.4066162109375,904.7391967773438
1790951508.8351374,0,1,917.8990478515625,830.715087890625,702.4066162109375,904.7391967773438
1790951508.8464353,0,1,917.8990478515625,830.715087890625,702.4066162109375,904.7391967773438
1790951508.8569374,0,1,917.8990478515625,830.715087890625,702.4066162109375,904.7391967773438
1790951508.8675299,0,1,878.4194946289062,830.715087890625,692.5367431640625,868.5496215820312
1790951508.8784409,0,1,896.5142822265625,814.2652587890625,704.0515747070312,865.2596435546875
1790951508.8891566,0,1,903.09423828125,794.5255126953125,725.4363403320312,881.70947265625
1790951508.900448,0,0,903.09423828125,794.5255126953125,725.4363403320312,881.70947265625
1790951508.9116323,0,0,903.09423828125,794.5255126953125,725.4363403320312,881.70947265625
1790951508.922175,0,0,903.09423828125,794.5255126953125,725.4363403320312,881.70947265625
1790951508.9332957,0,0,903.09423828125,794.5255126953125,725.4363403320312,881.70947265625
1790951508.9442232,0,0,894.8693237304688,825.7801513671875,713.9214477539062,860.32470703125
1790951508.9550455,0,0,896.5142822265625,802.7504272460938,718.8563842773438,889.9343872070312
1790951508.9660277,0,0,898.1592407226562,799.46044921875,704.0515747070312,889.9343872070312
1790951508.9766946,0,0,884.9994506835938,819.2001953125,718.8563842773438,866.9046630859375
1790951508.9876375,0,0,880.064453125,830.715087890625,722.1463623046875,843.8749389648438
1790951508.998476,0,0,880.064453125,797.8154907226562,715.5664672851562,860.32470703125
1790951509.0092955,0,1,880.064453125,797.8154907226562,715.5664672851562,860.32470703125
1790951509.0200827,0,1,880.064453125,797.8154907226562,715.5664672851562,860.32470703125
1790951509.0310988,0,1,880.064453125,797.8154907226562,715.5664672851562,860.32470703125
1790951509.0421245,0,1,880.064453125,797.8154907226562,715.5664672851562,860.32470703125
1790951509.0527208,0,1,880.064453125,797.8154907226562,715.5664672851562,860.32470703125
1790951509.063688,0,1,880.064453125,797.8154907226562,715.5664672851562,860.32470703125
1790951509.074604,0,1,894.8693237304688,759.9808959960938,727.081298828125,889.9343872070312
1790951509.085298,0,1,855.3897705078125,784.6556396484375,722.1463623046875,842.2299194335938
1790951509.0961804,0,1,865.2596435546875,807.6853637695312,727.081298828125,853.7448120117188
1790951509.107128,0,1,865.2596435546875,807.6853637695312,727.081298828125,853.7448120117188
1790951509.117948,0,1,865.2596435546875,807.6853637695312,727.081298828125,853.7448120117188
1790951509.1291566,0,1,865.2596435546875,807.6853637695312,727.081298828125,853.7448120117188
1790951509.139792,0,1,865.2596435546875,807.6853637695312,727.081298828125,853.7448120117188
1790951509.1508176,0,1,843.8749389648438,802.7504272460938,740.2411499023438,840.5849609375
1790951509.1619554,0,1,870.194580078125,796.1704711914062,727.081298828125,848.8098754882812
1790951509.173423,0,1,875.1295166015625,796.1704711914062,740.2411499023438,860.32470703125
1790951509.1845062,0,1,866.9046630859375,806.0403442382812,733.6612548828125,865.2596435546875
1790951509.195339,0,1,871.839599609375,791.2355346679688,730.3712768554688,850.454833984375
1790951509.2063897,0,1,863.6146850585938,797.8154907226562,735.3062133789062,848.8098754882812
1790951509.2175019,0,1,863.6146850585938,797.8154907226562,735.3062133789062,848.8098754882812
1790951509.2284184,0,1,863.6146850585938,797.8154907226562,735.3062133789062,848.8098754882812
1790951509.2393994,0,1,863.6146850585938,797.8154907226562,735.3062133789062,848.8098754882812
1790951509.2505274,0,1,863.6146850585938,797.8154907226562,735.3062133789062,848.8098754882812
1790951509.2614696,0,1,881.70947265625,796.1704711914062,735.3062133789062,855.3897705078125
1790951509.2725878,0,1,878.4194946289062,804.3953857421875,746.8211059570312,858.6797485351562
1790951509.283785,0,1,878.4194946289062,815.9102783203125,740.2411499023438,861.9697265625
1790951509.2948782,0,1,880.064453125,802.7504272460938,730.3712768554688,876.7745361328125
1790951509.3058622,0,1,898.1592407226562,830.715087890625,743.5311279296875,863.6146850585938
1790951509.3172438,0,1,886.6444091796875,796.1704711914062,746.8211059570312,878.4194946289062
1790951509.3283753,0,1,886.6444091796875,796.1704711914062,746.8211059570312,878.4194946289062
1790951509.3389823,0,1,886.6444091796875,796.1704711914062,746.8211059570312,878.4194946289062
1790951509.350102,0,1,886.6444091796875,796.1704711914062,746.8211059570312,878.4194946289062
1790951509.3609126,0,1,886.6444091796875,796.1704711914062,746.8211059570312,878.4194946289062
1790951509.372181,0,1,883.3544311523438,806.0403442382812,745.1760864257812,855.3897705078125
1790951509.3830905,0,1,876.7745361328125,824.1351318359375,748.466064453125,861.9697265625
1790951509.3941631,0,1,899.8042602539062,794.5255126953125,745.1760864257812,865.2596435546875
1790951509.404826,0,1,875.1295166015625,806.0403442382812,756.6909790039062,852.0997924804688
1790951509.4156103,0,1,875.1295166015625,806.0403442382812,756.6909790039062,852.0997924804688
1790951509.4269793,0,1,875.1295166015625,806.0403442382812,756.6909790039062,852.0997924804688
1790951509.4381738,0,1,875.1295166015625,806.0403442382812,756.6909790039062,852.0997924804688
1790951509.4491735,0,1,875.1295166015625,806.0403442382812,756.6909790039062,852.0997924804688
1790951509.4601746,0,1,875.1295166015625,806.0403442382812,756.6909790039062,852.0997924804688
1790951509.4714825,0,1,870.194580078125,812.6203002929688,755.0459594726562,860.32470703125
1790951509.482418,0,1,884.9994506835938,819.2001953125,745.1760864257812,848.8098754882812
1790951509.4933379,0,1,868.5496215820312,783.0106201171875,743.5311279296875,850.454833984375
1790951509.5042775,0,1,880.064453125,806.0403442382812,753.4010009765625,838.9400024414062
1790951509.514987,0,1,766.5608520507812,756.6909790039062,796.1704711914062,794.5255126953125
1790951509.5258436,0,1,740.2411499023438,727.081298828125,801.1054077148438,773.1407470703125
1790951509.5364947,0,1,746.8211059570312,743.5311279296875,804.3953857421875,774.7857666015625
1790951509.5477827,0,1,763.2708740234375,756.6909790039062,787.945556640625,784.6556396484375
1790951509.5584795,0,1,763.2708740234375,756.6909790039062,787.945556640625,784.6556396484375
1790951509.5695,0,1,763.2708740234375,756.6909790039062,787.945556640625,784.6556396484375
1790951509.58078,0,1,763.2708740234375,756.6909790039062,787.945556640625,784.6556396484375
1790951509.5918696,0,1,763.2708740234375,756.6909790039062,787.945556640625,784.6556396484375
1790951509.6026294,0,1,809.330322265625,736.951171875,794.5255126953125,814.2652587890625
1790951509.6135495,0,1,781.3656616210938,776.4307250976562,787.945556640625,809.330322265625
1790951509.6245704,0,1,824.1351318359375,801.1054077148438,769.850830078125,820.84521484375
1790951509.6354742,0,1,825.7801513671875,796.1704711914062,764.9158325195312,824.1351318359375
1790951509.6462998,0,1,829.070068359375,787.945556640625,766.5608520507812,835.6500244140625
1790951509.65771,0,1,850.454833984375,792.8805541992188,787.945556640625,837.2949829101562
1790951509.674699,0,1,850.454833984375,792.8805541992188,787.945556640625,837.2949829101562
1790951509.685716,0,1,850.454833984375,792.8805541992188,787.945556640625,837.2949829101562
1790951509.697086,0,1,850.454833984375,792.8805541992188,787.945556640625,837.2949829101562
1790951509.7079415,0,1,850.454833984375,792.8805541992188,787.945556640625,837.2949829101562
1790951509.7189617,0,1,850.454833984375,792.8805541992188,787.945556640625,837.2949829101562
1790951509.7298784,0,1,847.1648559570312,804.3953857421875,768.205810546875,837.2949829101562
1790951509.7411273,0,1,866.9046630859375,799.46044921875,779.720703125,852.0997924804688
1790951509.752638,0,1,853.7448120117188,822.4901733398438,768.205810546875,860.32470703125
1790951509.7636633,0,1,906.3841552734375,840.5849609375,743.5311279296875,880.064453125
1790951509.7747855,0,1,906.3841552734375,840.5849609375,743.5311279296875,880.064453125
1790951509.7856355,0,1,906.3841552734375,840.5849609375,743.5311279296875,880.064453125
1790951509.7966733,0,1,906.3841552734375,840.5849609375,743.5311279296875,880.064453125
1790951509.8075702,0,1,906.3841552734375,840.5849609375,743.5311279296875,880.064453125
1790951509.8187287,0,1,906.3841552734375,840.5849609375,743.5311279296875,880.064453125
1790951509.8298106,0,1,906.3841552734375,840.5849609375,743.5311279296875,880.064453125
1790951509.8412673,0,1,952.443603515625,847.1648559570312,722.1463623046875,903.09423828125
1790951509.8523762,0,1,921.18896484375,870.194580078125,740.2411499023438,881.70947265625
1790951509.8636248,0,1,917.8990478515625,835.6500244140625,755.0459594726562,884.9994506835938
1790951509.8744621,0,1,916.2540283203125,842.2299194335938,751.7560424804688,880.064453125
1790951509.8858962,0,1,916.2540283203125,842.2299194335938,751.7560424804688,880.064453125
1790951509.8967714,0,1,917.8990478515625,827.4251098632812,750.1110229492188,893.2243041992188
1790951509.907836,0,1,903.09423828125,845.5198974609375,759.9808959960938,878.4194946289062
1790951509.9187548,0,1,903.09423828125,845.5198974609375,759.9808959960938,878.4194946289062
1790951509.9300294,0,1,903.09423828125,845.5198974609375,759.9808959960938,878.4194946289062
1790951509.9413652,0,1,903.09423828125,845.5198974609375,759.9808959960938,878.4194946289062
1790951509.9526331,0,1,903.09423828125,845.5198974609375,759.9808959960938,878.4194946289062
1790951509.9639654,0,1,903.09423828125,845.5198974609375,759.9808959960938,878.4194946289062
1790951509.9750319,0,1,903.09423828125,845.5198974609375,759.9808959960938,878.4194946289062
1790951509.9858103,0,1,911.319091796875,824.1351318359375,759.9808959960938,875.1295166015625
1790951509.9967146,0,1,893.2243041992188,825.7801513671875,776.4307250976562,875.1295166015625
1790951510.007561,0,1,896.5142822265625,794.5255126953125,773.1407470703125,855.3897705078125
1790951510.0187583,0,1,881.70947265625,827.4251098632812,769.850830078125,850.454833984375
1790951510.0294054,0,1,878.4194946289062,812.6203002929688,771.4957885742188,848.8098754882812
1790951510.0407767,0,1,878.4194946289062,812.6203002929688,771.4957885742188,848.8098754882812
1790951510.0523343,0,1,878.4194946289062,812.6203002929688,771.4957885742188,848.8098754882812
1790951510.0629718,0,1,878.4194946289062,812.6203002929688,771.4957885742188,848.8098754882812
1790951510.0741458,0,1,880.064453125,817.5552368164062,774.7857666015625,834.0050048828125
1790951510.0851893,0,1,868.5496215820312,794.5255126953125,781.3656616210938,837.2949829101562
1790951510.0961683,0,1,868.5496215820312,778.07568359375,774.7857666015625,855.3897705078125
1790951510.1073325,0,1,868.5496215820312,807.6853637695312,787.945556640625,838.9400024414062
1790951510.1185098,0,1,875.1295166015625,801.1054077148438,781.3656616210938,840.5849609375
1790951510.1295338,0,1,875.1295166015625,801.1054077148438,781.3656616210938,840.5849609375
1790951510.140066,0,1,875.1295166015625,801.1054077148438,781.3656616210938,840.5849609375
1790951510.1506703,0,1,875.1295166015625,801.1054077148438,781.3656616210938,840.5849609375
1790951510.1615186,0,1,875.1295166015625,801.1054077148438,781.3656616210938,840.5849609375
1790951510.172415,0,1,850.454833984375,797.8154907226562,778.07568359375,842.2299194335938
1790951510.1836917,0,1,857.0347290039062,801.1054077148438,787.945556640625,822.4901733398438
1790951510.1943767,0,1,860.32470703125,768.205810546875,786.3005981445312,824.1351318359375
1790951510.2054958,0,1,857.0347290039062,784.6556396484375,786.3005981445312,825.7801513671875
1790951510.2166276,0,1,868.5496215820312,774.7857666015625,787.945556640625,838.9400024414062
1790951510.227736,0,1,868.5496215820312,774.7857666015625,787.945556640625,838.9400024414062
1790951510.2391012,0,1,868.5496215820312,774.7857666015625,787.945556640625,838.9400024414062
1790951510.2502937,0,1,868.5496215820312,774.7857666015625,787.945556640625,838.9400024414062
1790951510.2616074,0,1,868.5496215820312,774.7857666015625,787.945556640625,838.9400024414062
1790951510.2732627,0,1,868.5496215820312,774.7857666015625,787.945556640625,838.9400024414062
1790951510.2848582,0,1,797.8154907226562,759.9808959960938,822.4901733398438,810.9752807617188
1790951510.295844,0,1,758.3359375,730.3712768554688,848.8098754882812,778.07568359375
1790951510.3069468,0,1,758.3359375,730.3712768554688,848.8098754882812,778.07568359375
1790951510.3180022,0,1,758.3359375,730.3712768554688,848.8098754882812,778.07568359375
1790951510.3289838,0,1,758.3359375,730.3712768554688,848.8098754882812,778.07568359375
1790951510.3397942,0,1,758.3359375,730.3712768554688,848.8098754882812,778.07568359375
1790951510.350838,0,1,758.3359375,715.5664672851562,853.7448120117188,792.8805541992188
1790951510.3618476,0,1,781.3656616210938,723.7913208007812,837.2949829101562,801.1054077148438
1790951510.373028,0,1,809.330322265625,723.7913208007812,829.070068359375,814.2652587890625
1790951510.3839424,0,1,835.6500244140625,756.6909790039062,810.9752807617188,832.3600463867188
1790951510.3948915,0,1,835.6500244140625,756.6909790039062,810.9752807617188,832.3600463867188
1790951510.4060626,0,1,835.6500244140625,756.6909790039062,810.9752807617188,832.3600463867188
1790951510.4167242,0,1,835.6500244140625,756.6909790039062,810.9752807617188,832.3600463867188
1790951510.4277399,0,1,835.6500244140625,756.6909790039062,810.9752807617188,832.3600463867188
1790951510.4384072,0,1,835.6500244140625,756.6909790039062,810.9752807617188,832.3600463867188
1790951510.4494922,0,1,838.9400024414062,766.5608520507812,814.2652587890625,842.2299194335938
1790951510.4601197,0,1,838.9400024414062,750.1110229492188,801.1054077148438,832.3600463867188
1790951510.4709592,0,1,840.5849609375,761.6259155273438,792.8805541992188,840.5849609375
1790951510.4815533,0,1,853.7448120117188,774.7857666015625,804.3953857421875,825.7801513671875
1790951510.4926689,0,1,850.454833984375,755.0459594726562,806.0403442382812,834.0050048828125
1790951510.5037107,0,1,850.454833984375,755.0459594726562,806.0403442382812,834.0050048828125
1790951510.5146668,0,1,850.454833984375,755.0459594726562,806.0403442382812,834.0050048828125
1790951510.525253,0,1,850.454833984375,755.0459594726562,806.0403442382812,834.0050048828125
1790951510.5362782,0,1,850.454833984375,755.0459594726562,806.0403442382812,834.0050048828125
1790951510.5478125,0,1,850.454833984375,755.0459594726562,806.0403442382812,834.0050048828125
1790951510.5588527,0,1,858.6797485351562,766.5608520507812,806.0403442382812,838.9400024414062
1790951510.5694492,0,1,853.7448120117188,771.4957885742188,799.46044921875,829.070068359375
1790951510.5804462,0,1,863.6146850585938,761.6259155273438,802.7504272460938,837.2949829101562
1790951510.5910997,0,1,842.2299194335938,774.7857666015625,797.8154907226562,845.5198974609375
1790951510.6021533,0,1,857.0347290039062,776.4307250976562,815.9102783203125,838.9400024414062
1790951510.6133225,0,1,857.0347290039062,776.4307250976562,815.9102783203125,838.9400024414062
1790951510.6240385,0,1,857.0347290039062,776.4307250976562,815.9102783203125,838.9400024414062
1790951510.6349885,0,1,857.0347290039062,776.4307250976562,815.9102783203125,838.9400024414062
1790951510.646251,0,1,857.0347290039062,776.4307250976562,815.9102783203125,838.9400024414062
1790951510.6573737,0,1,857.0347290039062,776.4307250976562,815.9102783203125,838.9400024414062
1790951510.668843,0,1,853.7448120117188,769.850830078125,799.46044921875,835.6500244140625
1790951510.6799636,0,1,852.0997924804688,764.9158325195312,789.590576171875,853.7448120117188
1790951510.6910186,0,1,860.32470703125,786.3005981445312,799.46044921875,853.7448120117188
1790951510.7017505,0,1,852.0997924804688,794.5255126953125,807.6853637695312,845.5198974609375
1790951510.7127242,0,1,873.4845581054688,786.3005981445312,810.9752807617188,853.7448120117188
1790951510.723543,0,1,873.4845581054688,786.3005981445312,810.9752807617188,853.7448120117188
1790951510.7348866,0,1,873.4845581054688,786.3005981445312,810.9752807617188,853.7448120117188
1790951510.7456322,0,1,873.4845581054688,786.3005981445312,810.9752807617188,853.7448120117188
1790951510.7566853,0,1,873.4845581054688,786.3005981445312,810.9752807617188,853.7448120117188
1790951510.7677166,0,1,873.4845581054688,786.3005981445312,810.9752807617188,853.7448120117188
1790951510.7787259,0,1,873.4845581054688,786.3005981445312,810.9752807617188,853.7448120117188
1790951510.7893517,0,1,861.9697265625,789.590576171875,804.3953857421875,838.9400024414062
1790951510.8003652,0,1,843.8749389648438,796.1704711914062,824.1351318359375,848.8098754882812
1790951510.8113852,0,1,822.4901733398438,723.7913208007812,845.5198974609375,835.6500244140625
1790951510.8221078,0,1,812.6203002929688,718.8563842773438,840.5849609375,835.6500244140625
1790951510.8330774,0,1,825.7801513671875,713.9214477539062,861.9697265625,873.4845581054688
1790951510.8437655,0,1,830.715087890625,730.3712768554688,840.5849609375,863.6146850585938
1790951510.8547215,0,1,830.715087890625,730.3712768554688,840.5849609375,863.6146850585938
1790951510.8653154,0,1,830.715087890625,730.3712768554688,840.5849609375,863.6146850585938
1790951510.876337,0,1,830.715087890625,730.3712768554688,840.5849609375,863.6146850585938
1790951510.887005,0,1,830.715087890625,730.3712768554688,840.5849609375,863.6146850585938
1790951510.8977053,0,1,830.715087890625,730.3712768554688,840.5849609375,863.6146850585938
1790951510.9086375,0,1,834.0050048828125,763.2708740234375,830.715087890625,861.9697265625
1790951510.9197402,0,1,825.7801513671875,745.1760864257812,834.0050048828125,866.9046630859375
1790951510.9305897,0,1,850.454833984375,766.5608520507812,827.4251098632812,861.9697265625
1790951510.9415178,0,1,797.8154907226562,774.7857666015625,824.1351318359375,817.5552368164062
1790951510.9522943,0,1,735.3062133789062,728.726318359375,857.0347290039062,834.0050048828125
1790951510.9630795,0,1,746.8211059570312,733.6612548828125,835.6500244140625,842.2299194335938
1790951510.9740224,0,1,713.9214477539062,733.6612548828125,861.9697265625,758.3359375
1790951510.984552,0,1,705.6965942382812,725.4363403320312,845.5198974609375,794.5255126953125
1790951510.9956262,0,1,705.6965942382812,725.4363403320312,845.5198974609375,794.5255126953125
1790951511.0067132,0,1,705.6965942382812,725.4363403320312,845.5198974609375,794.5255126953125
1790951511.0178246,0,1,705.6965942382812,725.4363403320312,845.5198974609375,794.5255126953125
1790951511.0287247,0,1,705.6965942382812,725.4363403320312,845.5198974609375,794.5255126953125
1790951511.039818,0,1,705.6965942382812,725.4363403320312,845.5198974609375,794.5255126953125
1790951511.050812,0,1,659.6371459960938,727.081298828125,870.194580078125,758.3359375
1790951511.0618653,0,1,618.5126342773438,727.081298828125,865.2596435546875,753.4010009765625
1790951511.0726714,0,1,597.1278686523438,725.4363403320312,860.32470703125,750.1110229492188
1790951511.0833435,0,1,628.3825073242188,738.59619140625,847.1648559570312,778.07568359375
1790951511.094359,0,1,579.0330810546875,748.466064453125,855.3897705078125,794.5255126953125
1790951511.1056473,0,1,570.8081665039062,727.081298828125,847.1648559570312,794.5255126953125
1790951511.1165948,0,1,570.8081665039062,727.081298828125,847.1648559570312,794.5255126953125
1790951511.1276405,0,1,570.8081665039062,727.081298828125,847.1648559570312,794.5255126953125
1790951511.1383052,0,1,570.8081665039062,727.081298828125,847.1648559570312,794.5255126953125
1790951511.1492596,0,1,470.4643859863281,720.5014038085938,825.7801513671875,848.8098754882812
1790951511.160611,0,1,220.4273681640625,713.9214477539062,807.6853637695312,830.715087890625
1790951511.171353,0,1,36.18956756591797,704.0515747070312,796.1704711914062,898.1592407226562
1790951511.182107,0,1,21.38474464416504,684.3118286132812,792.8805541992188,924.4789428710938
1790951511.1928155,0,1,31.254627227783203,651.4122314453125,786.3005981445312,934.3488159179688
1790951511.2040324,0,1,31.254627227783203,651.4122314453125,786.3005981445312,934.3488159179688
1790951511.2147017,0,1,31.254627227783203,651.4122314453125,786.3005981445312,934.3488159179688
1790951511.2254038,0,1,31.254627227783203,651.4122314453125,786.3005981445312,934.3488159179688
1790951511.2364576,0,1,31.254627227783203,651.4122314453125,786.3005981445312,934.3488159179688
1790951511.2473466,0,1,27.96466636657715,661.2821044921875,807.6853637695312,934.3488159179688
1790951511.2578661,0,1,27.96466636657715,634.96240234375,819.2001953125,891.579345703125
1790951511.2687342,0,1,27.96466636657715,626.7374877929688,796.1704711914062,880.064453125
1790951511.2792597,0,1,27.96466636657715,602.0628051757812,801.1054077148438,949.1536865234375
1790951511.2901711,0,1,74.02411651611328,605.352783203125,806.0403442382812,880.064453125
1790951511.3007557,0,1,74.02411651611328,605.352783203125,806.0403442382812,880.064453125
1790951511.3120775,0,1,74.02411651611328,605.352783203125,806.0403442382812,880.064453125
1790951511.3226678,0,1,74.02411651611328,605.352783203125,806.0403442382812,880.064453125
1790951511.3334732,0,1,74.02411651611328,605.352783203125,806.0403442382812,880.064453125
1790951511.344041,0,1,141.4683074951172,602.0628051757812,786.3005981445312,893.2243041992188
1790951511.3551812,0,1,473.75433349609375,648.1222534179688,759.9808959960938,802.7504272460938
1790951511.3661573,0,1,644.832275390625,661.2821044921875,763.2708740234375,769.850830078125
1790951511.3769636,0,1,664.5720825195312,659.6371459960938,764.9158325195312,769.850830078125
1790951511.388214,0,1,664.5720825195312,659.6371459960938,764.9158325195312,769.850830078125
1790951511.3988304,0,1,664.5720825195312,659.6371459960938,764.9158325195312,769.850830078125
1790951511.4092977,0,1,664.5720825195312,659.6371459960938,764.9158325195312,769.850830078125
1790951511.4204361,0,1,664.5720825195312,659.6371459960938,764.9158325195312,769.850830078125
1790951511.4312017,0,1,822.4901733398438,684.3118286132812,758.3359375,743.5311279296875
1790951511.4425836,0,1,835.6500244140625,679.3768920898438,753.4010009765625,769.850830078125
1790951511.453544,0,1,937.6387939453125,710.6315307617188,789.590576171875,815.9102783203125
1790951511.4649558,0,1,1001.7930297851562,740.2411499023438,766.5608520507812,730.3712768554688
1790951511.47565,0,1,978.7633056640625,725.4363403320312,794.5255126953125,875.1295166015625
1790951511.4867709,0,1,1039.6275634765625,717.21142578125,806.0403442382812,751.7560424804688
1790951511.4980712,0,1,1039.6275634765625,717.21142578125,806.0403442382812,751.7560424804688
1790951511.5085468,0,1,1039.6275634765625,717.21142578125,806.0403442382812,751.7560424804688
1790951511.5193408,0,1,1039.6275634765625,717.21142578125,806.0403442382812,751.7560424804688
1790951511.530276,0,1,1039.6275634765625,717.21142578125,806.0403442382812,751.7560424804688
1790951511.5406985,0,1,1039.6275634765625,717.21142578125,806.0403442382812,751.7560424804688
1790951511.5520792,0,1,1008.3729248046875,692.5367431640625,817.5552368164062,804.3953857421875
1790951511.5629334,0,1,1213.9954833984375,740.2411499023438,820.84521484375,840.5849609375
1790951511.5739107,0,1,1213.9954833984375,736.951171875,815.9102783203125,804.3953857421875
1790951511.5847704,0,1,1213.9954833984375,736.951171875,815.9102783203125,804.3953857421875
1790951511.595491,0,1,1213.9954833984375,736.951171875,815.9102783203125,804.3953857421875
1790951511.6067736,0,1,1213.9954833984375,736.951171875,815.9102783203125,804.3953857421875
1790951511.6173468,0,1,1213.9954833984375,736.951171875,815.9102783203125,804.3953857421875
1790951511.6282423,0,1,1199.190673828125,722.1463623046875,820.84521484375,873.4845581054688
1790951511.6395655,0,1,1189.32080078125,750.1110229492188,832.3600463867188,834.0050048828125
1790951511.6505754,0,1,1156.421142578125,741.8861083984375,802.7504272460938,835.6500244140625
1790951511.6616633,0,1,1151.4862060546875,740.2411499023438,819.2001953125,819.2001953125
1790951511.672706,0,1,1107.07177734375,786.3005981445312,824.1351318359375,889.9343872070312
1790951511.6836963,0,1,1107.07177734375,786.3005981445312,824.1351318359375,889.9343872070312
1790951511.6944358,0,1,1107.07177734375,786.3005981445312,824.1351318359375,889.9343872070312
1790951511.705483,0,1,1107.07177734375,786.3005981445312,824.1351318359375,889.9343872070312
1790951511.7164536,0,1,1107.07177734375,786.3005981445312,824.1351318359375,889.9343872070312
1790951511.7272003,0,1,1107.07177734375,786.3005981445312,824.1351318359375,889.9343872070312
1790951511.7382524,0,1,1079.1070556640625,764.9158325195312,812.6203002929688,761.6259155273438
1790951511.7492754,0,1,1059.3673095703125,764.9158325195312,835.6500244140625,802.7504272460938
1790951511.7599416,0,1,1049.4974365234375,751.7560424804688,825.7801513671875,878.4194946289062
1790951511.7708187,0,1,1046.20751953125,776.4307250976562,832.3600463867188,835.6500244140625
1790951511.7817142,0,1,970.5383911132812,776.4307250976562,835.6500244140625,855.3897705078125
1790951511.7926126,0,1,970.5383911132812,776.4307250976562,835.6500244140625,855.3897705078125
1790951511.8033977,0,1,970.5383911132812,776.4307250976562,835.6500244140625,855.3897705078125
1790951511.814339,0,1,970.5383911132812,776.4307250976562,835.6500244140625,855.3897705078125
1790951511.8249815,0,1,970.5383911132812,776.4307250976562,835.6500244140625,855.3897705078125
1790951511.8361857,0,1,970.5383911132812,776.4307250976562,835.6500244140625,855.3897705078125
1790951511.8469677,0,1,960.6685180664062,781.3656616210938,806.0403442382812,855.3897705078125
1790951511.8583946,0,1,978.7633056640625,783.0106201171875,820.84521484375,802.7504272460938
1790951511.8712344,0,1,955.7335815429688,781.3656616210938,832.3600463867188,829.070068359375
1790951511.8827016,0,1,924.4789428710938,783.0106201171875,830.715087890625,766.5608520507812
1790951511.8937087,0,1,924.4789428710938,783.0106201171875,830.715087890625,766.5608520507812
1790951511.9043741,0,1,924.4789428710938,783.0106201171875,830.715087890625,766.5608520507812
1790951511.9153826,0,1,924.4789428710938,783.0106201171875,830.715087890625,766.5608520507812
1790951511.9260252,0,1,924.4789428710938,783.0106201171875,830.715087890625,766.5608520507812
1790951511.9373236,0,1,924.4789428710938,783.0106201171875,830.715087890625,766.5608520507812
1790951511.9481661,0,1,884.9994506835938,783.0106201171875,850.454833984375,847.1648559570312
1790951511.9592488,0,1,950.7986450195312,783.0106201171875,837.2949829101562,865.2596435546875
1790951511.9702792,0,1,944.2186889648438,786.3005981445312,848.8098754882812,847.1648559570312
1790951511.9811795,0,1,960.6685180664062,794.5255126953125,845.5198974609375,847.1648559570312
1790951511.992387,0,1,960.6685180664062,794.5255126953125,845.5198974609375,847.1648559570312
1790951512.0031095,0,1,960.6685180664062,794.5255126953125,845.5198974609375,847.1648559570312
1790951512.0142138,0,1,960.6685180664062,794.5255126953125,845.5198974609375,847.1648559570312
1790951512.0249891,0,1,960.6685180664062,794.5255126953125,845.5198974609375,847.1648559570312
1790951512.0359728,0,1,960.6685180664062,794.5255126953125,845.5198974609375,847.1648559570312
1790951512.0469031,0,1,942.57373046875,792.8805541992188,834.0050048828125,845.5198974609375
1790951512.0577989,0,1,965.6034545898438,781.3656616210938,840.5849609375,847.1648559570312
1790951512.068922,0,1,840.5849609375,939.2837524414062,827.4251098632812,557.6483154296875
1790951512.079885,0,1,848.8098754882812,963.95849609375,797.8154907226562,536.2636108398438
1790951512.0907738,0,1,848.8098754882812,963.95849609375,797.8154907226562,536.2636108398438
1790951512.1016016,0,1,848.8098754882812,963.95849609375,797.8154907226562,536.2636108398438
1790951512.1128936,0,1,848.8098754882812,963.95849609375,797.8154907226562,536.2636108398438
1790951512.1241033,0,1,848.8098754882812,963.95849609375,797.8154907226562,536.2636108398438
1790951512.1348815,0,1,796.1704711914062,996.8580932617188,817.5552368164062,506.6539306640625
1790951512.1459525,0,1,825.7801513671875,990.2781372070312,791.2355346679688,562.583251953125
1790951512.1570227,0,1,829.070068359375,1001.7930297851562,815.9102783203125,557.6483154296875
1790951512.1683502,0,1,853.7448120117188,975.4733276367188,786.3005981445312,626.7374877929688
1790951512.1801214,0,1,842.2299194335938,963.95849609375,806.0403442382812,679.3768920898438
1790951512.1913435,0,0,842.2299194335938,963.95849609375,806.0403442382812,679.3768920898438
1790951512.202248,0,0,842.2299194335938,963.95849609375,806.0403442382812,679.3768920898438
1790951512.2128496,0,0,842.2299194335938,963.95849609375,806.0403442382812,679.3768920898438
1790951512.2237554,0,0,842.2299194335938,963.95849609375,806.0403442382812,679.3768920898438
1790951512.2346995,0,0,840.5849609375,963.95849609375,783.0106201171875,692.5367431640625
1790951512.2454934,0,0,899.8042602539062,921.18896484375,789.590576171875,778.07568359375
1790951512.2562888,0,0,901.44921875,914.6090698242188,802.7504272460938,786.3005981445312
1790951512.26703,0,0,954.088623046875,868.5496215820312,807.6853637695312,855.3897705078125
1790951512.2780023,0,0,983.6982421875,847.1648559570312,787.945556640625,935.9938354492188
1790951512.289372,0,0,1028.1126708984375,832.3600463867188,807.6853637695312,949.1536865234375
1790951512.3008306,0,1,1000.1480712890625,838.9400024414062,825.7801513671875,922.833984375
1790951512.311878,0,1,1000.1480712890625,838.9400024414062,825.7801513671875,922.833984375
1790951512.323259,0,1,1000.1480712890625,838.9400024414062,825.7801513671875,922.833984375
1790951512.3337455,0,1,1000.1480712890625,838.9400024414062,825.7801513671875,922.833984375
1790951512.3443725,0,1,1000.1480712890625,838.9400024414062,825.7801513671875,922.833984375
1790951512.3554256,0,1,1011.6629028320312,815.9102783203125,819.2001953125,949.1536865234375
1790951512.3661716,0,1,1072.5272216796875,820.84521484375,810.9752807617188,968.8934326171875
1790951512.3768735,0,1,1125.16650390625,799.46044921875,814.2652587890625,954.088623046875
1790951512.38779,0,1,1103.7818603515625,769.850830078125,834.0050048828125,926.1239624023438
1790951512.3987443,0,1,1103.7818603515625,769.850830078125,834.0050048828125,926.1239624023438
1790951512.4096558,0,1,1103.7818603515625,769.850830078125,834.0050048828125,926.1239624023438
1790951512.4203775,0,1,1103.7818603515625,769.850830078125,834.0050048828125,926.1239624023438
1790951512.4314551,0,1,1103.7818603515625,769.850830078125,834.0050048828125,926.1239624023438
1790951512.4426162,0,1,1103.7818603515625,769.850830078125,834.0050048828125,926.1239624023438
1790951512.4535558,0,1,1087.33203125,766.5608520507812,852.0997924804688,911.319091796875
1790951512.4646049,0,1,1107.07177734375,763.2708740234375,858.6797485351562,896.5142822265625
1790951512.475235,0,1,1107.07177734375,763.2708740234375,858.6797485351562,896.5142822265625
1790951512.4864576,0,1,1126.8115234375,768.205810546875,850.454833984375,911.319091796875
1790951512.4980328,1,1,1080.7520751953125,779.720703125,870.194580078125,871.839599609375
1790951512.5088453,1,1,1070.8822021484375,779.720703125,868.5496215820312,860.32470703125
1790951512.5196407,1,1,1070.8822021484375,779.720703125,868.5496215820312,860.32470703125
1790951512.5306711,1,1,1070.8822021484375,779.720703125,868.5496215820312,860.32470703125
1790951512.5417387,1,1,1070.8822021484375,779.720703125,868.5496215820312,860.32470703125
1790951512.5533235,1,1,1070.8822021484375,779.720703125,868.5496215820312,860.32470703125
1790951512.5642965,1,1,1080.7520751953125,794.5255126953125,858.6797485351562,868.5496215820312
1790951512.5754335,1,1,1070.8822021484375,787.945556640625,866.9046630859375,876.7745361328125
1790951512.586436,1,1,1084.0419921875,779.720703125,863.6146850585938,876.7745361328125
1790951512.597124,1,1,1105.4267578125,797.8154907226562,822.4901733398438,884.9994506835938
1790951512.6077688,1,1,1105.4267578125,797.8154907226562,822.4901733398438,884.9994506835938
1790951512.6185362,1,1,1105.4267578125,797.8154907226562,822.4901733398438,884.9994506835938
1790951512.6291108,1,1,1105.4267578125,797.8154907226562,822.4901733398438,884.9994506835938
1790951512.6401222,1,1,1105.4267578125,797.8154907226562,822.4901733398438,884.9994506835938
1790951512.6506565,1,1,1105.4267578125,810.9752807617188,827.4251098632812,883.3544311523438
1790951512.661265,1,1,1067.59228515625,822.4901733398438,840.5849609375,863.6146850585938
1790951512.672019,1,1,1028.1126708984375,801.1054077148438,848.8098754882812,868.5496215820312
1790951512.6829557,1,1,1024.82275390625,806.0403442382812,837.2949829101562,868.5496215820312
1790951512.6935866,1,1,1013.307861328125,806.0403442382812,842.2299194335938,860.32470703125
1790951512.7044325,1,1,993.568115234375,814.2652587890625,847.1648559570312,858.6797485351562
1790951512.715147,1,1,993.568115234375,814.2652587890625,847.1648559570312,858.6797485351562
1790951512.7257404,1,1,993.568115234375,814.2652587890625,847.1648559570312,858.6797485351562
1790951512.7365522,1,1,993.568115234375,814.2652587890625,847.1648559570312,858.6797485351562
1790951512.7473865,1,1,993.568115234375,814.2652587890625,847.1648559570312,858.6797485351562
1790951512.7585561,1,1,993.568115234375,814.2652587890625,847.1648559570312,858.6797485351562
1790951512.769504,1,1,1005.0830078125,806.0403442382812,855.3897705078125,853.7448120117188
1790951512.78063,1,1,982.0532836914062,797.8154907226562,838.9400024414062,845.5198974609375
1790951512.7917411,1,1,965.6034545898438,773.1407470703125,865.2596435546875,855.3897705078125
1790951512.8030796,1,1,982.0532836914062,796.1704711914062,850.454833984375,863.6146850585938
1790951512.8136764,1,1,959.0235595703125,796.1704711914062,830.715087890625,870.194580078125
1790951512.8247156,1,1,975.4733276367188,807.6853637695312,827.4251098632812,850.454833984375
1790951512.8365645,1,1,957.3785400390625,820.84521484375,837.2949829101562,838.9400024414062
1790951512.8477988,1,1,957.3785400390625,812.6203002929688,837.2949829101562,840.5849609375
1790951512.8588076,1,1,963.95849609375,799.46044921875,832.3600463867188,847.1648559570312
1790951512.869591,1,1,963.95849609375,799.46044921875,832.3600463867188,847.1648559570312
1790951512.8803163,1,1,963.95849609375,799.46044921875,832.3600463867188,847.1648559570312
1790951512.8913372,1,1,963.95849609375,799.46044921875,832.3600463867188,847.1648559570312
1790951512.9026358,1,1,963.95849609375,799.46044921875,832.3600463867188,847.1648559570312
1790951512.914135,1,1,963.95849609375,799.46044921875,832.3600463867188,847.1648559570312
1790951512.9248126,1,1,940.9287719726562,812.6203002929688,830.715087890625,837.2949829101562
1790951512.9355686,1,1,937.6387939453125,815.9102783203125,835.6500244140625,842.2299194335938
1790951512.946367,1,1,945.8637084960938,807.6853637695312,834.0050048828125,842.2299194335938
1790951512.956976,1,1,945.8637084960938,807.6853637695312,834.0050048828125,842.2299194335938
1790951512.9677484,1,1,944.2186889648438,815.9102783203125,824.1351318359375,852.0997924804688
1790951512.9783561,1,1,932.703857421875,792.8805541992188,832.3600463867188,853.7448120117188
1790951512.9893937,1,1,935.9938354492188,822.4901733398438,820.84521484375,848.8098754882812
1790951512.9999924,1,1,935.9938354492188,822.4901733398438,820.84521484375,848.8098754882812
1790951513.0108654,1,1,935.9938354492188,822.4901733398438,820.84521484375,848.8098754882812
1790951513.0217633,1,1,935.9938354492188,822.4901733398438,820.84521484375,848.8098754882812
1790951513.0323126,1,1,935.9938354492188,822.4901733398438,820.84521484375,848.8098754882812
1790951513.0430696,1,1,935.9938354492188,822.4901733398438,820.84521484375,848.8098754882812
1790951513.053662,1,1,935.9938354492188,812.6203002929688,809.330322265625,843.8749389648438
1790951513.065158,1,1,935.9938354492188,809.330322265625,837.2949829101562,840.5849609375
1790951513.075941,1,1,978.7633056640625,843.8749389648438,799.46044921875,863.6146850585938
1790951513.086512,1,1,1059.3673095703125,883.3544311523438,771.4957885742188,903.09423828125
1790951513.0977898,1,1,1100.4918212890625,857.0347290039062,768.205810546875,931.0588989257812
1790951513.1089268,1,1,1100.4918212890625,857.0347290039062,768.205810546875,931.0588989257812
1790951513.1201024,1,1,1100.4918212890625,857.0347290039062,768.205810546875,931.0588989257812
1790951513.1307878,1,1,1100.4918212890625,857.0347290039062,768.205810546875,931.0588989257812
1790951513.1414943,1,1,1100.4918212890625,857.0347290039062,768.205810546875,931.0588989257812
1790951513.1524713,1,1,1135.036376953125,909.6741333007812,769.850830078125,940.9287719726562
1790951513.1634753,1,1,1141.6163330078125,871.839599609375,773.1407470703125,960.6685180664062
1790951513.1742132,1,1,1075.817138671875,860.32470703125,792.8805541992188,926.1239624023438
1790951513.185227,1,1,1059.3673095703125,860.32470703125,802.7504272460938,906.3841552734375
1790951513.196042,1,1,1051.1424560546875,866.9046630859375,809.330322265625,899.8042602539062
1790951513.2071931,1,1,1039.6275634765625,848.8098754882812,815.9102783203125,904.7391967773438
1790951513.2180104,1,1,1039.6275634765625,848.8098754882812,815.9102783203125,904.7391967773438
1790951513.2285967,1,1,1039.6275634765625,848.8098754882812,815.9102783203125,904.7391967773438
1790951513.2397366,1,1,1039.6275634765625,848.8098754882812,815.9102783203125,904.7391967773438
1790951513.2511384,1,1,1039.6275634765625,848.8098754882812,815.9102783203125,904.7391967773438
1790951513.2619956,1,1,1016.5978393554688,832.3600463867188,822.4901733398438,899.8042602539062
1790951513.2727206,1,1,990.2781372070312,835.6500244140625,830.715087890625,873.4845581054688
1790951513.2834666,1,1,1005.0830078125,825.7801513671875,829.070068359375,878.4194946289062
1790951513.294615,1,1,968.8934326171875,832.3600463867188,812.6203002929688,858.6797485351562
1790951513.3055649,1,1,975.4733276367188,829.070068359375,834.0050048828125,863.6146850585938
1790951513.3162606,1,1,975.4733276367188,829.070068359375,834.0050048828125,863.6146850585938
1790951513.3273234,1,1,975.4733276367188,829.070068359375,834.0050048828125,863.6146850585938
1790951513.3383958,1,1,975.4733276367188,829.070068359375,834.0050048828125,863.6146850585938
1790951513.3494837,1,1,957.3785400390625,835.6500244140625,815.9102783203125,850.454833984375
1790951513.360385,1,1,944.2186889648438,825.7801513671875,830.715087890625,850.454833984375
1790951513.3710477,1,1,950.7986450195312,809.330322265625,825.7801513671875,843.8749389648438
1790951513.3819063,1,1,939.2837524414062,830.715087890625,827.4251098632812,822.4901733398438
1790951513.3930697,1,1,940.9287719726562,824.1351318359375,820.84521484375,827.4251098632812
1790951513.404118,1,1,940.9287719726562,824.1351318359375,820.84521484375,827.4251098632812
1790951513.4152894,1,1,940.9287719726562,824.1351318359375,820.84521484375,827.4251098632812
1790951513.4268782,1,1,940.9287719726562,824.1351318359375,820.84521484375,827.4251098632812
1790951513.4380748,1,1,940.9287719726562,824.1351318359375,820.84521484375,827.4251098632812
1790951513.4487665,1,1,945.8637084960938,825.7801513671875,820.84521484375,840.5849609375
1790951513.4596603,1,1,944.2186889648438,817.5552368164062,827.4251098632812,852.0997924804688
1790951513.4705095,1,1,965.6034545898438,807.6853637695312,829.070068359375,843.8749389648438
1790951513.4814353,1,1,965.6034545898438,807.6853637695312,829.070068359375,843.8749389648438
1790951513.4927058,1,1,965.6034545898438,807.6853637695312,829.070068359375,843.8749389648438
1790951513.5042458,1,1,965.6034545898438,807.6853637695312,829.070068359375,843.8749389648438
1790951513.5153024,1,1,965.6034545898438,807.6853637695312,829.070068359375,843.8749389648438
1790951513.526204,1,1,939.2837524414062,835.6500244140625,817.5552368164062,842.2299194335938
1790951513.5368972,1,1,865.2596435546875,797.8154907226562,845.5198974609375,779.720703125
1790951513.547978,1,1,845.5198974609375,774.7857666015625,855.3897705078125,779.720703125
1790951513.559057,1,1,720.5014038085938,695.82666015625,889.9343872070312,669.5070190429688
1790951513.5699584,1,1,687.601806640625,707.341552734375,917.8990478515625,657.9921264648438
1790951513.580891,1,1,666.217041015625,695.82666015625,924.4789428710938,646.477294921875
1790951513.5918505,1,1,666.217041015625,695.82666015625,924.4789428710938,646.477294921875
1790951513.6028335,1,1,666.217041015625,695.82666015625,924.4789428710938,646.477294921875
1790951513.6140332,1,1,666.217041015625,695.82666015625,924.4789428710938,646.477294921875
1790951513.624812,1,1,666.217041015625,695.82666015625,924.4789428710938,646.477294921875
1790951513.6359406,1,1,725.4363403320312,704.0515747070312,871.839599609375,702.4066162109375
1790951513.646673,1,1,727.081298828125,743.5311279296875,870.194580078125,699.1166381835938
1790951513.658181,1,1,802.7504272460938,736.951171875,875.1295166015625,783.0106201171875
1790951513.669031,1,1,832.3600463867188,728.726318359375,850.454833984375,804.3953857421875
1790951513.680191,1,1,873.4845581054688,791.2355346679688,842.2299194335938,843.8749389648438
1790951513.6914186,1,1,901.44921875,787.945556640625,858.6797485351562,840.5849609375
1790951513.7019563,1,1,901.44921875,787.945556640625,858.6797485351562,840.5849609375
1790951513.7124908,1,1,901.44921875,787.945556640625,858.6797485351562,840.5849609375
1790951513.723238,1,1,901.44921875,787.945556640625,858.6797485351562,840.5849609375
1790951513.7341337,1,1,901.44921875,787.945556640625,858.6797485351562,840.5849609375
1790951513.7456973,1,1,901.44921875,787.945556640625,858.6797485351562,840.5849609375
1790951513.7568798,1,1,889.9343872070312,801.1054077148438,875.1295166015625,858.6797485351562
1790951513.767928,1,1,894.8693237304688,804.3953857421875,876.7745361328125,870.194580078125
1790951513.7787757,1,1,934.3488159179688,810.9752807617188,858.6797485351562,866.9046630859375
1790951513.7897606,1,1,934.3488159179688,810.9752807617188,858.6797485351562,866.9046630859375
1790951513.8006592,1,1,934.3488159179688,810.9752807617188,858.6797485351562,866.9046630859375
1790951513.811281,1,1,934.3488159179688,810.9752807617188,858.6797485351562,866.9046630859375
1790951513.8220766,1,1,934.3488159179688,810.9752807617188,858.6797485351562,866.9046630859375
1790951513.8330073,1,1,934.3488159179688,810.9752807617188,858.6797485351562,866.9046630859375
1790951513.8439758,1,1,912.964111328125,799.46044921875,848.8098754882812,860.32470703125
1790951513.8546062,1,1,741.8861083984375,702.4066162109375,932.703857421875,666.217041015625
1790951513.865223,1,1,689.2467651367188,745.1760864257812,985.3432006835938,639.8973388671875
1790951513.8764997,1,1,287.8715515136719,820.84521484375,959.0235595703125,363.5406494140625
1790951513.8872936,1,1,57.574310302734375,896.5142822265625,1485.417236328125,251.68199157714844
1790951513.897963,1,1,37.83454895019531,972.1834106445312,1432.77783203125,212.2024688720703
1790951513.9090827,1,1,37.83454895019531,972.1834106445312,1432.77783203125,212.2024688720703
1790951513.920053,1,1,37.83454895019531,972.1834106445312,1432.77783203125,212.2024688720703
1790951513.931218,1,1,37.83454895019531,972.1834106445312,1432.77783203125,212.2024688720703
1790951513.941681,1,1,37.83454895019531,972.1834106445312,1432.77783203125,212.2024688720703
1790951513.9523606,1,1,64.15423583984375,1136.681396484375,1485.417236328125,297.741455078125
1790951513.963308,1,1,37.83454895019531,1084.0419921875,1457.45263671875,218.78237915039062
1790951513.9745834,1,1,403.0201721191406,1549.571533203125,1445.937744140625,403.0201721191406
1790951513.9859123,1,1,669.5070190429688,1551.2164306640625,1445.937744140625,560.9382934570312
1790951513.9970741,1,1,669.5070190429688,1551.2164306640625,1445.937744140625,560.9382934570312
1790951514.0080042,1,1,669.5070190429688,1551.2164306640625,1445.937744140625,560.9382934570312
1790951514.0191698,1,1,669.5070190429688,1551.2164306640625,1445.937744140625,560.9382934570312
1790951514.0309086,1,1,669.5070190429688,1551.2164306640625,1445.937744140625,560.9382934570312
1790951514.0432155,1,1,643.1873168945312,1552.8614501953125,1447.5826416015625,560.9382934570312
1790951514.0568123,1,1,794.5255126953125,1557.79638671875,1445.937744140625,666.217041015625
1790951514.067718,1,1,807.6853637695312,1554.5064697265625,1445.937744140625,692.5367431640625
1790951514.078946,1,1,926.1239624023438,1554.5064697265625,1445.937744140625,763.2708740234375
1790951514.0897841,1,1,935.9938354492188,1554.5064697265625,1445.937744140625,794.5255126953125
1790951514.1009266,1,1,1047.8525390625,1554.5064697265625,1445.937744140625,858.6797485351562
1790951514.1122968,1,1,1047.8525390625,1554.5064697265625,1445.937744140625,858.6797485351562
1790951514.1231613,1,1,1047.8525390625,1554.5064697265625,1445.937744140625,858.6797485351562
1790951514.1338532,1,1,1047.8525390625,1554.5064697265625,1445.937744140625,858.6797485351562
1790951514.1448438,1,1,1047.8525390625,1554.5064697265625,1445.937744140625,858.6797485351562
1790951514.1555946,1,1,1062.6573486328125,1554.5064697265625,1445.937744140625,889.9343872070312
1790951514.1667025,1,1,1190.9658203125,1554.5064697265625,37.83454895019531,947.5086669921875
1790951514.1777313,1,1,1245.2501220703125,1554.5064697265625,21.38474464416504,942.57373046875
1790951514.1885815,1,1,1268.27978515625,1554.5064697265625,26.319684982299805,931.0588989257812
1790951514.1996682,1,1,1233.7352294921875,1093.9119873046875,16.449804306030273,965.6034545898438
1790951514.2102797,1,1,1148.1962890625,830.715087890625,16.449804306030273,911.319091796875
1790951514.2212803,1,1,1177.805908203125,773.1407470703125,27.96466636657715,1029.7576904296875
1790951514.2318952,1,1,1156.421142578125,763.2708740234375,27.96466636657715,1016.5978393554688
1790951514.242731,1,1,1121.8765869140625,651.4122314453125,27.96466636657715,990.2781372070312
1790951514.253281,1,1,1121.8765869140625,651.4122314453125,27.96466636657715,990.2781372070312
1790951514.2643332,1,1,1121.8765869140625,651.4122314453125,27.96466636657715,990.2781372070312
1790951514.2754915,1,1,1121.8765869140625,651.4122314453125,27.96466636657715,990.2781372070312
1790951514.2867124,1,1,1121.8765869140625,651.4122314453125,27.96466636657715,990.2781372070312
1790951514.2975934,1,1,1103.7818603515625,585.6129760742188,27.96466636657715,995.213134765625
1790951514.3081548,1,1,1080.7520751953125,407.95513916015625,27.96466636657715,993.568115234375
1790951514.3195004,1,1,1049.4974365234375,421.1149597167969,27.96466636657715,962.3134765625
1790951514.3306992,1,1,1046.20751953125,417.82501220703125,27.96466636657715,955.7335815429688
1790951514.3419442,1,1,1046.20751953125,403.0201721191406,27.96466636657715,975.4733276367188
1790951514.3536856,1,1,1008.3729248046875,468.81939697265625,27.96466636657715,919.5440063476562
1790951514.3646598,1,1,1008.3729248046875,468.81939697265625,27.96466636657715,919.5440063476562
1790951514.375721,1,1,1008.3729248046875,468.81939697265625,27.96466636657715,919.5440063476562
1790951514.3867798,1,1,1008.3729248046875,468.81939697265625,27.96466636657715,919.5440063476562
1790951514.3976974,1,1,1008.3729248046875,468.81939697265625,27.96466636657715,919.5440063476562
1790951514.408627,1,1,1006.7279663085938,511.5888977050781,27.96466636657715,931.0588989257812
1790951514.4193678,1,1,1065.947265625,495.1390686035156,27.96466636657715,942.57373046875
1790951514.4307706,1,1,1092.2669677734375,490.2041320800781,27.96466636657715,963.95849609375
1790951514.4421225,1,1,1121.8765869140625,580.6780395507812,27.96466636657715,983.6982421875
1790951514.4527922,1,1,1141.6163330078125,582.3230590820312,27.96466636657715,1006.7279663085938
1790951514.464343,1,1,1171.2259521484375,667.8619995117188,42.76948928833008,1039.6275634765625
1790951514.4751945,1,1,1171.2259521484375,667.8619995117188,42.76948928833008,1039.6275634765625
1790951514.4866924,1,1,1167.93603515625,643.1873168945312,62.509254455566406,1049.4974365234375
1790951514.4978,1,0,1167.93603515625,643.1873168945312,62.509254455566406,1049.4974365234375
1790951514.5089784,1,0,1167.93603515625,643.1873168945312,62.509254455566406,1049.4974365234375
1790951514.5198312,1,0,1167.93603515625,643.1873168945312,62.509254455566406,1049.4974365234375
1790951514.530874,1,0,1167.93603515625,643.1873168945312,62.509254455566406,1049.4974365234375
1790951514.5413609,1,0,1167.93603515625,643.1873168945312,62.509254455566406,1049.4974365234375
1790951514.551968,1,0,1167.93603515625,643.1873168945312,62.509254455566406,1049.4974365234375
1790951514.5631168,1,0,1133.3914794921875,608.6427001953125,136.5333709716797,1028.1126708984375
1790951514.5742104,1,0,1133.3914794921875,608.6427001953125,136.5333709716797,1028.1126708984375
1790951514.5853312,1,0,1056.077392578125,615.22265625,282.9366149902344,977.1183471679688
1790951514.5958962,1,0,1036.337646484375,606.9977416992188,287.8715515136719,978.7633056640625
1790951514.6068788,1,0,1044.5625,598.7728271484375,307.611328125,954.088623046875
1790951514.6176,1,0,1029.7576904296875,603.707763671875,310.9012756347656,959.0235595703125
1790951514.6283984,1,0,1010.0179443359375,595.48291015625,373.4105529785156,929.4138793945312
1790951514.6390638,1,0,1010.0179443359375,595.48291015625,373.4105529785156,929.4138793945312
1790951514.6502748,1,0,1010.0179443359375,595.48291015625,373.4105529785156,929.4138793945312
1790951514.661185,1,0,1010.0179443359375,595.48291015625,373.4105529785156,929.4138793945312
1790951514.6722567,1,0,1010.0179443359375,595.48291015625,373.4105529785156,929.4138793945312
1790951514.6834357,1,0,1010.0179443359375,595.48291015625,373.4105529785156,929.4138793945312
1790951514.6942942,1,0,1010.0179443359375,595.48291015625,373.4105529785156,929.4138793945312
1790951514.705058,1,0,996.8580932617188,590.5479125976562,379.9904479980469,949.1536865234375
1790951514.7161727,1,0,950.7986450195312,608.6427001953125,447.4346618652344,889.9343872070312
1790951514.7269309,1,0,955.7335815429688,597.1278686523438,452.3695983886719,893.2243041992188
1790951514.7388437,1,0,945.8637084960938,606.9977416992188,496.7840576171875,899.8042602539062
1790951514.7498894,1,0,944.2186889648438,621.8025512695312,528.0386962890625,870.194580078125
1790951514.7605202,1,0,944.2186889648438,621.8025512695312,528.0386962890625,870.194580078125
1790951514.7711942,1,0,944.2186889648438,621.8025512695312,528.0386962890625,870.194580078125
1790951514.7826607,1,0,932.703857421875,636.607421875,569.1632080078125,894.8693237304688
1790951514.793788,1,0,940.9287719726562,651.4122314453125,593.837890625,898.1592407226562
1790951514.8044398,1,0,929.4138793945312,634.96240234375,585.6129760742188,884.9994506835938
1790951514.81551,1,0,911.319091796875,633.3174438476562,646.477294921875,875.1295166015625
1790951514.8266737,1,0,901.44921875,633.3174438476562,639.8973388671875,861.9697265625
1790951514.837938,0,0,901.44921875,633.3174438476562,639.8973388671875,861.9697265625
1790951514.8490472,0,0,901.44921875,633.3174438476562,639.8973388671875,861.9697265625
1790951514.8597753,0,0,901.44921875,633.3174438476562,639.8973388671875,861.9697265625
1790951514.8711903,0,0,901.44921875,633.3174438476562,639.8973388671875,861.9697265625
1790951514.8825312,0,0,916.2540283203125,634.96240234375,631.6724243164062,878.4194946289062
1790951514.8938222,0,0,916.2540283203125,616.8676147460938,651.4122314453125,871.839599609375
1790951514.904834,0,0,911.319091796875,603.707763671875,654.7021484375,866.9046630859375
1790951514.915887,0,0,898.1592407226562,597.1278686523438,653.0571899414062,861.9697265625
1790951514.9270558,0,0,896.5142822265625,630.0274658203125,676.0869140625,837.2949829101562
1790951514.9378593,0,0,899.8042602539062,611.9326782226562,682.6668701171875,863.6146850585938
1790951514.9487114,0,0,899.8042602539062,611.9326782226562,682.6668701171875,863.6146850585938
1790951514.9594827,0,0,899.8042602539062,611.9326782226562,682.6668701171875,863.6146850585938
1790951514.9700584,0,0,899.8042602539062,611.9326782226562,682.6668701171875,863.6146850585938
1790951514.9814942,0,0,884.9994506835938,587.2579956054688,692.5367431640625,843.8749389648438
1790951514.9927156,0,0,881.70947265625,631.6724243164062,713.9214477539062,848.8098754882812
1790951515.003784,0,0,881.70947265625,653.0571899414062,715.5664672851562,825.7801513671875
1790951515.0146115,0,0,881.70947265625,653.0571899414062,715.5664672851562,825.7801513671875
1790951515.0258605,0,0,881.70947265625,653.0571899414062,715.5664672851562,825.7801513671875
1790951515.0370393,0,0,881.70947265625,653.0571899414062,715.5664672851562,825.7801513671875
1790951515.0479968,0,0,881.70947265625,653.0571899414062,715.5664672851562,825.7801513671875
1790951515.0585258,0,0,881.70947265625,653.0571899414062,715.5664672851562,825.7801513671875
1790951515.0696764,0,0,884.9994506835938,659.6371459960938,708.9865112304688,850.454833984375
1790951515.0806053,0,0,873.4845581054688,684.3118286132812,722.1463623046875,829.070068359375
1790951515.0910583,0,0,884.9994506835938,722.1463623046875,728.726318359375,853.7448120117188
1790951515.1018372,0,0,884.9994506835938,722.1463623046875,728.726318359375,853.7448120117188
1790951515.112735,0,0,884.9994506835938,722.1463623046875,728.726318359375,853.7448120117188
1790951515.1232815,0,0,884.9994506835938,722.1463623046875,728.726318359375,853.7448120117188
1790951515.1343803,0,0,884.9994506835938,722.1463623046875,728.726318359375,853.7448120117188
1790951515.1451404,0,0,884.9994506835938,722.1463623046875,728.726318359375,853.7448120117188
1790951515.155949,0,0,893.2243041992188,727.081298828125,738.59619140625,860.32470703125
1790951515.1671903,0,0,878.4194946289062,741.8861083984375,745.1760864257812,861.9697265625
1790951515.1782224,0,0,871.839599609375,741.8861083984375,750.1110229492188,852.0997924804688
1790951515.189071,0,0,863.6146850585938,740.2411499023438,740.2411499023438,845.5198974609375
1790951515.1998208,0,0,868.5496215820312,746.8211059570312,753.4010009765625,827.4251098632812
1790951515.2104669,0,0,868.5496215820312,746.8211059570312,753.4010009765625,827.4251098632812
1790951515.2215629,0,0,868.5496215820312,746.8211059570312,753.4010009765625,827.4251098632812
1790951515.232666,0,0,868.5496215820312,746.8211059570312,753.4010009765625,827.4251098632812
1790951515.2433681,0,0,868.5496215820312,746.8211059570312,753.4010009765625,827.4251098632812
1790951515.2544987,0,0,868.5496215820312,746.8211059570312,753.4010009765625,827.4251098632812
1790951515.265463,0,0,865.2596435546875,735.3062133789062,753.4010009765625,840.5849609375
1790951515.2761233,0,0,878.4194946289062,768.205810546875,741.8861083984375,845.5198974609375
1790951515.286734,0,0,866.9046630859375,761.6259155273438,761.6259155273438,834.0050048828125
1790951515.297695,0,1,866.9046630859375,761.6259155273438,761.6259155273438,834.0050048828125
1790951515.3086376,0,1,866.9046630859375,761.6259155273438,761.6259155273438,834.0050048828125
1790951515.3192663,0,1,866.9046630859375,761.6259155273438,761.6259155273438,834.0050048828125
1790951515.3302639,0,1,866.9046630859375,761.6259155273438,761.6259155273438,834.0050048828125
1790951515.3410437,0,1,866.9046630859375,761.6259155273438,761.6259155273438,834.0050048828125
1790951515.3517678,0,1,863.6146850585938,769.850830078125,766.5608520507812,840.5849609375
1790951515.3627987,0,1,855.3897705078125,794.5255126953125,761.6259155273438,832.3600463867188
1790951515.37333,0,1,884.9994506835938,784.6556396484375,761.6259155273438,829.070068359375
1790951515.3839722,0,1,886.6444091796875,789.590576171875,741.8861083984375,830.715087890625
1790951515.394749,0,1,850.454833984375,814.2652587890625,776.4307250976562,829.070068359375
1790951515.4058404,0,1,876.7745361328125,776.4307250976562,759.9808959960938,829.070068359375
1790951515.4166412,0,1,876.7745361328125,776.4307250976562,759.9808959960938,829.070068359375
1790951515.4276528,0,1,876.7745361328125,776.4307250976562,759.9808959960938,829.070068359375
1790951515.4387069,0,1,876.7745361328125,776.4307250976562,759.9808959960938,829.070068359375
1790951515.449283,0,1,876.7745361328125,776.4307250976562,759.9808959960938,829.070068359375
1790951515.459878,0,1,876.7745361328125,776.4307250976562,759.9808959960938,829.070068359375
1790951515.4707682,0,1,876.7745361328125,776.4307250976562,759.9808959960938,829.070068359375
1790951515.4817998,0,1,861.9697265625,792.8805541992188,769.850830078125,832.3600463867188
1790951515.492512,0,1,873.4845581054688,797.8154907226562,761.6259155273438,857.0347290039062
1790951515.504188,0,1,857.0347290039062,804.3953857421875,778.07568359375,843.8749389648438
1790951515.5150425,0,1,880.064453125,801.1054077148438,781.3656616210938,850.454833984375
1790951515.5260472,0,1,889.9343872070312,783.0106201171875,769.850830078125,842.2299194335938
1790951515.5374665,0,1,889.9343872070312,783.0106201171875,769.850830078125,842.2299194335938
1790951515.5486743,0,1,889.9343872070312,783.0106201171875,769.850830078125,842.2299194335938
1790951515.5593698,0,1,889.9343872070312,783.0106201171875,769.850830078125,842.2299194335938
1790951515.5700548,0,1,889.9343872070312,783.0106201171875,769.850830078125,842.2299194335938
1790951515.5807319,0,1,889.9343872070312,783.0106201171875,769.850830078125,842.2299194335938
1790951515.5916417,0,1,889.9343872070312,783.0106201171875,769.850830078125,842.2299194335938
1790951515.602357,0,1,870.194580078125,783.0106201171875,776.4307250976562,838.9400024414062
1790951515.613765,0,1,858.6797485351562,804.3953857421875,784.6556396484375,842.2299194335938
1790951515.6250372,0,1,878.4194946289062,753.4010009765625,807.6853637695312,875.1295166015625
1790951515.6361322,0,1,865.2596435546875,755.0459594726562,806.0403442382812,866.9046630859375
1790951515.6470847,0,1,855.3897705078125,781.3656616210938,797.8154907226562,847.1648559570312
1790951515.657673,0,1,865.2596435546875,779.720703125,801.1054077148438,843.8749389648438
1790951515.668773,0,1,865.2596435546875,779.720703125,801.1054077148438,843.8749389648438
1790951515.6799128,0,1,865.2596435546875,779.720703125,801.1054077148438,843.8749389648438
1790951515.6907494,0,1,865.2596435546875,779.720703125,801.1054077148438,843.8749389648438
1790951515.701969,0,1,865.2596435546875,779.720703125,801.1054077148438,843.8749389648438
1790951515.712794,0,1,865.2596435546875,779.720703125,801.1054077148438,843.8749389648438
1790951515.723636,0,1,868.5496215820312,766.5608520507812,797.8154907226562,857.0347290039062
1790951515.7343647,0,1,873.4845581054688,799.46044921875,804.3953857421875,845.5198974609375
1790951515.7453682,0,1,853.7448120117188,797.8154907226562,806.0403442382812,857.0347290039062
1790951515.7558908,0,1,850.454833984375,807.6853637695312,786.3005981445312,852.0997924804688
1790951515.7665355,0,1,875.1295166015625,801.1054077148438,792.8805541992188,852.0997924804688
1790951515.7777002,0,1,873.4845581054688,801.1054077148438,792.8805541992188,847.1648559570312
1790951515.788377,0,1,873.4845581054688,801.1054077148438,792.8805541992188,847.1648559570312
1790951515.7989166,0,1,873.4845581054688,801.1054077148438,792.8805541992188,847.1648559570312
1790951515.8096926,0,1,873.4845581054688,801.1054077148438,792.8805541992188,847.1648559570312
1790951515.8208282,0,1,873.4845581054688,801.1054077148438,792.8805541992188,847.1648559570312
1790951515.831395,0,1,857.0347290039062,791.2355346679688,786.3005981445312,850.454833984375
1790951515.842307,0,1,861.9697265625,809.330322265625,787.945556640625,834.0050048828125
1790951515.8533058,0,1,848.8098754882812,789.590576171875,789.590576171875,834.0050048828125
1790951515.8650398,0,1,848.8098754882812,817.5552368164062,779.720703125,834.0050048828125
1790951515.875851,0,1,636.607421875,717.21142578125,880.064453125,677.7318725585938
1790951515.8868177,0,1,674.4419555664062,699.1166381835938,865.2596435546875,727.081298828125
1790951515.8975656,0,1,728.726318359375,718.8563842773438,866.9046630859375,766.5608520507812
1790951515.9084885,0,1,728.726318359375,718.8563842773438,866.9046630859375,766.5608520507812
1790951515.919573,0,1,763.2708740234375,745.1760864257812,838.9400024414062,806.0403442382812
1790951515.9303927,0,1,763.2708740234375,745.1760864257812,838.9400024414062,806.0403442382812
1790951515.94135,0,1,763.2708740234375,745.1760864257812,838.9400024414062,806.0403442382812
1790951515.9518816,0,1,763.2708740234375,745.1760864257812,838.9400024414062,806.0403442382812
1790951515.9630291,0,1,763.2708740234375,745.1760864257812,838.9400024414062,806.0403442382812
1790951515.9746025,0,1,829.070068359375,761.6259155273438,824.1351318359375,842.2299194335938
1790951515.985791,0,1,809.330322265625,755.0459594726562,815.9102783203125,843.8749389648438
1790951515.9968894,0,1,787.945556640625,745.1760864257812,860.32470703125,810.9752807617188
1790951516.0082033,0,0,787.945556640625,745.1760864257812,860.32470703125,810.9752807617188
1790951516.0190034,0,0,787.945556640625,745.1760864257812,860.32470703125,810.9752807617188
1790951516.0297406,0,0,787.945556640625,745.1760864257812,860.32470703125,810.9752807617188
1790951516.0403287,0,0,787.945556640625,745.1760864257812,860.32470703125,810.9752807617188
1790951516.0513458,0,0,781.3656616210938,733.6612548828125,852.0997924804688,817.5552368164062
1790951516.0623767,0,0,758.3359375,728.726318359375,870.194580078125,825.7801513671875
1790951516.0729258,0,0,753.4010009765625,712.2764892578125,871.839599609375,850.454833984375
1790951516.083942,0,0,763.2708740234375,710.6315307617188,835.6500244140625,825.7801513671875
1790951516.0948198,0,0,779.720703125,715.5664672851562,842.2299194335938,834.0050048828125
1790951516.1061,0,0,794.5255126953125,715.5664672851562,842.2299194335938,857.0347290039062
1790951516.1170259,0,1,794.5255126953125,715.5664672851562,842.2299194335938,857.0347290039062
1790951516.1279416,0,1,794.5255126953125,715.5664672851562,842.2299194335938,857.0347290039062
1790951516.139272,0,1,794.5255126953125,715.5664672851562,842.2299194335938,857.0347290039062
1790951516.1498606,0,1,794.5255126953125,715.5664672851562,842.2299194335938,857.0347290039062
1790951516.1606185,0,1,794.5255126953125,715.5664672851562,842.2299194335938,857.0347290039062
1790951516.1719239,0,1,753.4010009765625,722.1463623046875,820.84521484375,889.9343872070312
1790951516.1831603,0,1,774.7857666015625,718.8563842773438,807.6853637695312,815.9102783203125
1790951516.1940408,0,1,625.092529296875,648.1222534179688,783.0106201171875,794.5255126953125
1790951516.2046833,0,1,625.092529296875,648.1222534179688,783.0106201171875,794.5255126953125
1790951516.2156,0,1,625.092529296875,648.1222534179688,783.0106201171875,794.5255126953125
1790951516.226166,0,1,625.092529296875,648.1222534179688,783.0106201171875,794.5255126953125
1790951516.2372274,0,1,625.092529296875,648.1222534179688,783.0106201171875,794.5255126953125
1790951516.2483954,0,1,625.092529296875,648.1222534179688,783.0106201171875,794.5255126953125
1790951516.25916,0,1,577.3881225585938,615.22265625,804.3953857421875,860.32470703125
1790951516.2697687,0,1,493.4941101074219,606.9977416992188,794.5255126953125,807.6853637695312
1790951516.280736,0,1,406.3101501464844,552.71337890625,806.0403442382812,855.3897705078125
1790951516.291585,0,1,391.50531005859375,564.228271484375,802.7504272460938,830.715087890625
1790951516.3025997,0,1,243.45709228515625,537.9085693359375,810.9752807617188,861.9697265625
1790951516.3134625,0,1,217.1374053955078,528.0386962890625,824.1351318359375,850.454833984375
1790951516.3245661,0,1,217.1374053955078,528.0386962890625,824.1351318359375,850.454833984375
1790951516.33721,0,1,217.1374053955078,528.0386962890625,824.1351318359375,850.454833984375
1790951516.3479133,0,1,217.1374053955078,528.0386962890625,824.1351318359375,850.454833984375
1790951516.3590384,0,1,217.1374053955078,528.0386962890625,824.1351318359375,850.454833984375
1790951516.3697412,0,1,217.1374053955078,528.0386962890625,824.1351318359375,850.454833984375
1790951516.380832,0,1,217.1374053955078,528.0386962890625,824.1351318359375,850.454833984375
1790951516.3919125,0,1,195.75265502929688,529.6836547851562,812.6203002929688,847.1648559570312
1790951516.4031153,0,1,210.55747985839844,518.1688232421875,794.5255126953125,827.4251098632812
1790951516.4143066,0,1,159.56309509277344,503.3639831542969,824.1351318359375,866.9046630859375
1790951516.425157,0,1,149.69320678710938,467.1744079589844,822.4901733398438,860.32470703125
1790951516.4362974,0,1,108.5687026977539,488.5591735839844,799.46044921875,820.84521484375
1790951516.446981,0,1,39.47952651977539,551.0684204101562,778.07568359375,741.8861083984375
1790951516.4581208,0,1,49.34941101074219,551.0684204101562,755.0459594726562,843.8749389648438
1790951516.4691913,0,1,24.674705505371094,588.9029541015625,781.3656616210938,824.1351318359375
1790951516.480172,0,1,399.730224609375,646.477294921875,766.5608520507812,796.1704711914062
1790951516.4909523,0,1,427.69488525390625,641.5423583984375,764.9158325195312,756.6909790039062
1790951516.5018458,0,1,427.69488525390625,641.5423583984375,764.9158325195312,756.6909790039062
1790951516.5128722,0,1,427.69488525390625,641.5423583984375,764.9158325195312,756.6909790039062
1790951516.5238748,0,1,427.69488525390625,641.5423583984375,764.9158325195312,756.6909790039062
1790951516.5352447,0,1,427.69488525390625,641.5423583984375,764.9158325195312,756.6909790039062
1790951516.5466456,0,1,470.4643859863281,662.9270629882812,769.850830078125,796.1704711914062
1790951516.5575755,0,1,496.7840576171875,679.3768920898438,787.945556640625,819.2001953125
1790951516.5684192,0,1,375.0555114746094,718.8563842773438,784.6556396484375,802.7504272460938
1790951516.579482,0,1,375.0555114746094,727.081298828125,806.0403442382812,843.8749389648438
1790951516.5906394,0,1,427.69488525390625,732.0162353515625,830.715087890625,875.1295166015625
1790951516.6013603,0,1,427.69488525390625,732.0162353515625,830.715087890625,875.1295166015625
1790951516.6129012,0,1,427.69488525390625,732.0162353515625,830.715087890625,875.1295166015625
1790951516.623973,0,1,427.69488525390625,732.0162353515625,830.715087890625,875.1295166015625
1790951516.6350546,0,1,427.69488525390625,732.0162353515625,830.715087890625,875.1295166015625
1790951516.6461678,0,1,600.4178466796875,743.5311279296875,807.6853637695312,825.7801513671875
1790951516.6571033,0,1,712.2764892578125,763.2708740234375,804.3953857421875,799.46044921875
1790951516.6677601,0,1,755.0459594726562,781.3656616210938,814.2652587890625,814.2652587890625
1790951516.678485,0,1,781.3656616210938,792.8805541992188,810.9752807617188,822.4901733398438
1790951516.6893916,0,1,807.6853637695312,779.720703125,799.46044921875,799.46044921875
1790951516.7005727,0,1,807.6853637695312,779.720703125,799.46044921875,799.46044921875
1790951516.7114246,0,1,807.6853637695312,779.720703125,799.46044921875,799.46044921875
1790951516.7222698,0,1,807.6853637695312,779.720703125,799.46044921875,799.46044921875
1790951516.733482,0,1,807.6853637695312,779.720703125,799.46044921875,799.46044921875
1790951516.74448,0,1,814.2652587890625,787.945556640625,838.9400024414062,830.715087890625
1790951516.7555416,0,1,825.7801513671875,794.5255126953125,827.4251098632812,852.0997924804688
1790951516.766457,0,1,842.2299194335938,779.720703125,817.5552368164062,817.5552368164062
1790951516.777217,0,1,845.5198974609375,829.070068359375,806.0403442382812,820.84521484375
1790951516.788758,0,1,866.9046630859375,829.070068359375,809.330322265625,825.7801513671875
1790951516.7998374,0,1,866.9046630859375,829.070068359375,809.330322265625,825.7801513671875
1790951516.8106601,0,1,866.9046630859375,829.070068359375,809.330322265625,825.7801513671875
1790951516.8215177,0,1,866.9046630859375,829.070068359375,809.330322265625,825.7801513671875
1790951516.8322995,0,1,866.9046630859375,829.070068359375,809.330322265625,825.7801513671875
1790951516.8430102,0,1,967.2484130859375,852.0997924804688,773.1407470703125,812.6203002929688
1790951516.8541079,0,1,998.5030517578125,809.330322265625,787.945556640625,827.4251098632812
1790951516.8651316,0,1,1018.2428588867188,824.1351318359375,799.46044921875,817.5552368164062
1790951516.8761523,0,1,1018.2428588867188,824.1351318359375,799.46044921875,817.5552368164062
1790951516.887032,0,1,1018.2428588867188,824.1351318359375,799.46044921875,817.5552368164062
1790951516.8984373,0,1,1018.2428588867188,824.1351318359375,799.46044921875,817.5552368164062
1790951516.909702,0,1,1018.2428588867188,824.1351318359375,799.46044921875,817.5552368164062
1790951516.9205418,0,1,996.8580932617188,820.84521484375,786.3005981445312,855.3897705078125
1790951516.9311585,0,1,996.8580932617188,820.84521484375,786.3005981445312,855.3897705078125
1790951516.9419186,0,1,1005.0830078125,820.84521484375,810.9752807617188,824.1351318359375
1790951516.9529476,0,1,1006.7279663085938,842.2299194335938,786.3005981445312,822.4901733398438
1790951516.964107,0,1,1052.7874755859375,858.6797485351562,778.07568359375,802.7504272460938
1790951516.97502,0,1,1021.5327758789062,868.5496215820312,789.590576171875,797.8154907226562
1790951516.985915,0,1,1033.047607421875,889.9343872070312,776.4307250976562,781.3656616210938
1790951516.9965878,0,1,1033.047607421875,889.9343872070312,776.4307250976562,781.3656616210938
1790951517.0077813,0,1,1033.047607421875,889.9343872070312,776.4307250976562,781.3656616210938
1790951517.0192041,0,1,1033.047607421875,889.9343872070312,776.4307250976562,781.3656616210938
1790951517.030348,0,1,1033.047607421875,889.9343872070312,776.4307250976562,781.3656616210938
1790951517.041593,0,1,1033.047607421875,889.9343872070312,776.4307250976562,781.3656616210938
1790951517.0524366,0,1,963.95849609375,880.064453125,784.6556396484375,776.4307250976562
1790951517.0633276,0,1,991.9231567382812,873.4845581054688,801.1054077148438,815.9102783203125
1790951517.0743754,0,1,985.3432006835938,871.839599609375,807.6853637695312,829.070068359375
1790951517.0858955,0,1,985.3432006835938,871.839599609375,807.6853637695312,829.070068359375
1790951517.0969224,0,1,985.3432006835938,871.839599609375,807.6853637695312,829.070068359375
1790951517.1075034,0,1,985.3432006835938,871.839599609375,807.6853637695312,829.070068359375
1790951517.1184227,0,1,985.3432006835938,871.839599609375,807.6853637695312,829.070068359375
1790951517.129525,0,1,985.3432006835938,871.839599609375,807.6853637695312,829.070068359375
1790951517.1406333,0,1,963.95849609375,857.0347290039062,792.8805541992188,848.8098754882812
1790951517.1511333,0,1,896.5142822265625,850.454833984375,809.330322265625,875.1295166015625
1790951517.1626399,0,1,898.1592407226562,838.9400024414062,815.9102783203125,881.70947265625
1790951517.1736522,0,1,850.454833984375,822.4901733398438,810.9752807617188,871.839599609375
1790951517.1843474,0,1,850.454833984375,858.6797485351562,806.0403442382812,893.2243041992188
1790951517.1952512,0,1,883.3544311523438,858.6797485351562,802.7504272460938,906.3841552734375
1790951517.2060173,0,1,903.09423828125,840.5849609375,809.330322265625,891.579345703125
1790951517.2168746,0,1,903.09423828125,840.5849609375,809.330322265625,891.579345703125
1790951517.227816,0,1,903.09423828125,840.5849609375,809.330322265625,891.579345703125
1790951517.2384353,0,1,903.09423828125,840.5849609375,809.330322265625,891.579345703125
1790951517.2494838,0,1,903.09423828125,840.5849609375,809.330322265625,891.579345703125
1790951517.2608967,0,1,898.1592407226562,857.0347290039062,810.9752807617188,896.5142822265625
1790951517.2719946,0,1,926.1239624023438,834.0050048828125,789.590576171875,909.6741333007812
1790951517.282926,0,1,1037.9825439453125,853.7448120117188,774.7857666015625,889.9343872070312
1790951517.2936366,0,1,993.568115234375,845.5198974609375,792.8805541992188,912.964111328125
1790951517.30446,0,1,1006.7279663085938,812.6203002929688,807.6853637695312,909.6741333007812
1790951517.316203,0,1,1005.0830078125,819.2001953125,810.9752807617188,896.5142822265625
1790951517.3277035,0,0,1005.0830078125,819.2001953125,810.9752807617188,896.5142822265625
1790951517.3383343,0,0,1005.0830078125,819.2001953125,810.9752807617188,896.5142822265625
1790951517.3494387,0,0,1005.0830078125,819.2001953125,810.9752807617188,896.5142822265625
1790951517.360427,0,0,1005.0830078125,819.2001953125,810.9752807617188,896.5142822265625
1790951517.3714972,0,0,1005.0830078125,819.2001953125,810.9752807617188,896.5142822265625
1790951517.38207,0,0,1001.7930297851562,773.1407470703125,820.84521484375,911.319091796875
1790951517.3930824,0,0,990.2781372070312,781.3656616210938,822.4901733398438,880.064453125
1790951517.4039068,0,0,978.7633056640625,807.6853637695312,845.5198974609375,876.7745361328125
1790951517.4144883,0,0,1010.0179443359375,787.945556640625,848.8098754882812,853.7448120117188
1790951517.4250348,0,1,1010.0179443359375,787.945556640625,848.8098754882812,853.7448120117188
1790951517.4359171,0,1,1010.0179443359375,787.945556640625,848.8098754882812,853.7448120117188
1790951517.4467604,0,1,1010.0179443359375,787.945556640625,848.8098754882812,853.7448120117188
1790951517.4575615,0,1,1010.0179443359375,787.945556640625,848.8098754882812,853.7448120117188
1790951517.4683995,0,1,1010.0179443359375,787.945556640625,848.8098754882812,853.7448120117188
1790951517.4796607,0,1,988.6331787109375,825.7801513671875,825.7801513671875,835.6500244140625
1790951517.4905531,0,1,995.213134765625,786.3005981445312,825.7801513671875,860.32470703125
1790951517.5011096,0,1,1003.43798828125,792.8805541992188,832.3600463867188,858.6797485351562
1790951517.5120473,0,1,1003.43798828125,792.8805541992188,832.3600463867188,858.6797485351562
1790951517.5225985,0,1,1003.43798828125,792.8805541992188,832.3600463867188,858.6797485351562
1790951517.5333285,0,1,1003.43798828125,792.8805541992188,832.3600463867188,858.6797485351562
1790951517.544354,0,1,1003.43798828125,792.8805541992188,832.3600463867188,858.6797485351562
1790951517.5553637,0,1,1003.43798828125,792.8805541992188,832.3600463867188,858.6797485351562
1790951517.565926,1,1,985.3432006835938,801.1054077148438,840.5849609375,837.2949829101562
1790951517.5765948,1,1,1014.952880859375,804.3953857421875,827.4251098632812,853.7448120117188
1790951517.5878448,1,1,1031.4027099609375,794.5255126953125,829.070068359375,853.7448120117188
1790951517.599163,1,1,1041.2725830078125,779.720703125,799.46044921875,871.839599609375
1790951517.6097438,1,1,1041.2725830078125,779.720703125,799.46044921875,871.839599609375
1790951517.6207817,1,1,1041.2725830078125,829.070068359375,820.84521484375,837.2949829101562
1790951517.63139,1,1,1046.20751953125,824.1351318359375,815.9102783203125,845.5198974609375
1790951517.64242,1,1,1046.20751953125,824.1351318359375,815.9102783203125,845.5198974609375
1790951517.653179,1,1,1046.20751953125,824.1351318359375,815.9102783203125,845.5198974609375
1790951517.6641657,1,1,1046.20751953125,824.1351318359375,815.9102783203125,845.5198974609375
1790951517.6752906,1,1,1046.20751953125,824.1351318359375,815.9102783203125,845.5198974609375
1790951517.6858926,1,1,1037.9825439453125,804.3953857421875,815.9102783203125,847.1648559570312
1790951517.6967952,1,1,1028.1126708984375,853.7448120117188,814.2652587890625,827.4251098632812
1790951517.7074537,1,1,1026.4677734375,820.84521484375,819.2001953125,820.84521484375
1790951517.718356,1,1,1005.0830078125,794.5255126953125,810.9752807617188,802.7504272460938
1790951517.7292092,1,1,1000.1480712890625,819.2001953125,812.6203002929688,810.9752807617188
1790951517.7403798,1,1,1008.3729248046875,809.330322265625,801.1054077148438,835.6500244140625
1790951517.7510843,1,1,967.2484130859375,796.1704711914062,820.84521484375,840.5849609375
1790951517.7622378,1,1,980.4082641601562,809.330322265625,794.5255126953125,834.0050048828125
1790951517.7737834,1,1,978.7633056640625,812.6203002929688,809.330322265625,842.2299194335938
1790951517.7850723,1,1,978.7633056640625,812.6203002929688,809.330322265625,842.2299194335938
1790951517.7961345,1,1,978.7633056640625,812.6203002929688,809.330322265625,842.2299194335938
1790951517.8070927,1,1,978.7633056640625,812.6203002929688,809.330322265625,842.2299194335938
1790951517.8180685,1,1,978.7633056640625,812.6203002929688,809.330322265625,842.2299194335938
1790951517.8290498,1,1,978.7633056640625,812.6203002929688,809.330322265625,842.2299194335938
1790951517.8399506,1,1,873.4845581054688,779.720703125,827.4251098632812,763.2708740234375
1790951517.8508599,1,1,883.3544311523438,766.5608520507812,827.4251098632812,817.5552368164062
1790951517.8615417,1,1,896.5142822265625,746.8211059570312,814.2652587890625,809.330322265625
1790951517.8724504,1,1,906.3841552734375,801.1054077148438,825.7801513671875,819.2001953125
1790951517.8833728,1,1,931.0588989257812,786.3005981445312,819.2001953125,829.070068359375
1790951517.8950624,1,1,931.0588989257812,786.3005981445312,819.2001953125,829.070068359375
1790951517.9058833,1,1,931.0588989257812,786.3005981445312,819.2001953125,829.070068359375
1790951517.9169557,1,1,931.0588989257812,786.3005981445312,819.2001953125,829.070068359375
1790951517.9279552,1,1,931.0588989257812,786.3005981445312,819.2001953125,829.070068359375
1790951517.9385853,1,1,909.6741333007812,809.330322265625,824.1351318359375,814.2652587890625
1790951517.9499025,1,1,794.5255126953125,835.6500244140625,855.3897705078125,717.21142578125
1790951517.961189,1,1,514.8788452148438,901.44921875,898.1592407226562,411.2450866699219
1790951517.972098,1,1,514.8788452148438,901.44921875,898.1592407226562,411.2450866699219
1790951517.983045,1,1,514.8788452148438,901.44921875,898.1592407226562,411.2450866699219
1790951517.9938915,1,1,514.8788452148438,901.44921875,898.1592407226562,411.2450866699219
1790951518.0050392,1,1,514.8788452148438,901.44921875,898.1592407226562,411.2450866699219
1790951518.0156264,1,1,514.8788452148438,901.44921875,898.1592407226562,411.2450866699219
1790951518.0264604,1,1,514.8788452148438,901.44921875,898.1592407226562,411.2450866699219
1790951518.0374267,1,1,514.8788452148438,901.44921875,898.1592407226562,411.2450866699219
1790951518.0484846,1,1,495.1390686035156,904.7391967773438,881.70947265625,399.730224609375
1790951518.0593903,1,1,606.9977416992188,896.5142822265625,852.0997924804688,495.1390686035156
1790951518.069973,1,1,695.82666015625,896.5142822265625,852.0997924804688,593.837890625
1790951518.0809355,1,1,888.2893676757812,810.9752807617188,784.6556396484375,794.5255126953125
1790951518.0918405,1,1,927.7689208984375,819.2001953125,779.720703125,807.6853637695312
1790951518.1031778,1,1,978.7633056640625,797.8154907226562,779.720703125,855.3897705078125
1790951518.114149,1,1,978.7633056640625,797.8154907226562,779.720703125,855.3897705078125
1790951518.125412,1,1,978.7633056640625,797.8154907226562,779.720703125,855.3897705078125
1790951518.136645,1,1,978.7633056640625,797.8154907226562,779.720703125,855.3897705078125
1790951518.1475356,1,1,978.7633056640625,797.8154907226562,779.720703125,855.3897705078125
1790951518.1587205,1,1,978.7633056640625,797.8154907226562,779.720703125,855.3897705078125
1790951518.1697662,1,1,980.4082641601562,801.1054077148438,758.3359375,878.4194946289062
1790951518.1807716,1,1,990.2781372070312,776.4307250976562,781.3656616210938,891.579345703125
1790951518.191744,1,1,982.0532836914062,804.3953857421875,794.5255126953125,878.4194946289062
1790951518.2030528,1,1,1001.7930297851562,781.3656616210938,802.7504272460938,893.2243041992188
1790951518.2137954,1,1,1001.7930297851562,781.3656616210938,802.7504272460938,893.2243041992188
1790951518.2244093,1,1,1001.7930297851562,781.3656616210938,802.7504272460938,893.2243041992188
1790951518.2350416,1,1,1001.7930297851562,781.3656616210938,802.7504272460938,893.2243041992188
1790951518.246104,1,1,1001.7930297851562,781.3656616210938,802.7504272460938,893.2243041992188
1790951518.2566266,1,1,970.5383911132812,809.330322265625,802.7504272460938,908.0291748046875
1790951518.2675536,1,1,977.1183471679688,807.6853637695312,814.2652587890625,884.9994506835938
1790951518.2786794,1,1,967.2484130859375,820.84521484375,801.1054077148438,884.9994506835938
1790951518.2900035,1,1,945.8637084960938,796.1704711914062,809.330322265625,868.5496215820312
1790951518.3012362,1,1,942.57373046875,809.330322265625,796.1704711914062,852.0997924804688
1790951518.3122911,1,1,942.57373046875,809.330322265625,796.1704711914062,852.0997924804688
1790951518.323491,1,1,942.57373046875,809.330322265625,796.1704711914062,852.0997924804688
1790951518.334411,1,1,942.57373046875,809.330322265625,796.1704711914062,852.0997924804688
1790951518.3460143,1,1,942.57373046875,809.330322265625,796.1704711914062,852.0997924804688
1790951518.3569796,1,1,942.57373046875,809.330322265625,796.1704711914062,852.0997924804688
1790951518.3676252,1,1,932.703857421875,807.6853637695312,802.7504272460938,845.5198974609375
1790951518.378575,1,1,931.0588989257812,781.3656616210938,806.0403442382812,852.0997924804688
1790951518.389656,1,1,914.6090698242188,820.84521484375,810.9752807617188,850.454833984375
1790951518.4004014,1,1,906.3841552734375,797.8154907226562,807.6853637695312,852.0997924804688
1790951518.41135,1,1,906.3841552734375,797.8154907226562,807.6853637695312,852.0997924804688
1790951518.4219801,1,1,906.3841552734375,797.8154907226562,807.6853637695312,852.0997924804688
1790951518.432944,1,1,906.3841552734375,797.8154907226562,807.6853637695312,852.0997924804688
1790951518.4438746,1,1,906.3841552734375,797.8154907226562,807.6853637695312,852.0997924804688
1790951518.4547422,1,1,914.6090698242188,773.1407470703125,817.5552368164062,855.3897705078125
1790951518.4655442,1,1,917.8990478515625,809.330322265625,806.0403442382812,870.194580078125
1790951518.4764879,1,1,934.3488159179688,814.2652587890625,812.6203002929688,886.6444091796875
1790951518.4870646,1,1,899.8042602539062,802.7504272460938,832.3600463867188,857.0347290039062
1790951518.4978642,1,1,903.09423828125,733.6612548828125,852.0997924804688,861.9697265625
1790951518.5088315,1,1,924.4789428710938,884.9994506835938,791.2355346679688,860.32470703125
1790951518.5210917,1,1,924.4789428710938,884.9994506835938,791.2355346679688,860.32470703125
1790951518.5324755,1,1,924.4789428710938,884.9994506835938,791.2355346679688,860.32470703125
1790951518.543979,1,1,924.4789428710938,884.9994506835938,791.2355346679688,860.32470703125
1790951518.5548322,1,1,924.4789428710938,884.9994506835938,791.2355346679688,860.32470703125
1790951518.5659451,1,1,945.8637084960938,842.2299194335938,804.3953857421875,899.8042602539062
1790951518.5770693,1,1,939.2837524414062,866.9046630859375,830.715087890625,924.4789428710938
1790951518.5878503,1,1,886.6444091796875,801.1054077148438,870.194580078125,871.839599609375
1790951518.5988657,1,1,952.443603515625,801.1054077148438,843.8749389648438,1003.43798828125
1790951518.6095676,1,1,952.443603515625,801.1054077148438,843.8749389648438,1003.43798828125
1790951518.6206925,1,1,215.492431640625,1353.81884765625,1610.435791015625,523.103759765625
1790951518.6314766,1,1,426.0498962402344,1524.896728515625,1623.5955810546875,720.5014038085938
1790951518.6433997,1,1,452.3695983886719,1541.3465576171875,1623.5955810546875,694.1817016601562
1790951518.6544287,1,1,662.9270629882812,1518.31689453125,1630.175537109375,799.46044921875
1790951518.6660492,1,1,662.9270629882812,1518.31689453125,1630.175537109375,799.46044921875
1790951518.6771624,1,1,662.9270629882812,1518.31689453125,1630.175537109375,799.46044921875
1790951518.6882112,1,1,662.9270629882812,1518.31689453125,1630.175537109375,799.46044921875
1790951518.6991246,1,1,662.9270629882812,1518.31689453125,1630.175537109375,799.46044921875
1790951518.7103388,1,1,662.9270629882812,1518.31689453125,1630.175537109375,799.46044921875
1790951518.721659,1,1,689.2467651367188,1523.2518310546875,1628.530517578125,825.7801513671875
1790951518.7327197,1,1,847.1648559570312,1516.671875,1628.530517578125,878.4194946289062
1790951518.743544,1,1,899.8042602539062,1521.6068115234375,1626.885498046875,904.7391967773438
1790951518.7543783,1,1,919.5440063476562,1519.9617919921875,1626.885498046875,891.579345703125
1790951518.76553,1,1,1084.0419921875,1518.31689453125,1626.885498046875,1075.817138671875
1790951518.7765636,1,1,998.5030517578125,1518.31689453125,1626.885498046875,996.8580932617188
1790951518.7873473,1,1,998.5030517578125,1518.31689453125,1626.885498046875,996.8580932617188
1790951518.79834,1,1,998.5030517578125,1518.31689453125,1626.885498046875,996.8580932617188
1790951518.809309,1,1,998.5030517578125,1518.31689453125,1626.885498046875,996.8580932617188
1790951518.8208787,1,1,998.5030517578125,1518.31689453125,1626.885498046875,996.8580932617188
1790951518.8318152,1,1,998.5030517578125,1518.31689453125,1626.885498046875,996.8580932617188
1790951518.8427346,1,1,998.5030517578125,1518.31689453125,1626.885498046875,996.8580932617188
1790951518.8539298,1,1,1039.6275634765625,1518.31689453125,1626.885498046875,1054.432373046875
1790951518.8652418,1,1,1159.711181640625,1518.31689453125,514.8788452148438,1105.4267578125
1790951518.8764443,1,1,1218.930419921875,1518.31689453125,42.76948928833008,1102.1368408203125
1790951518.8872664,1,1,1243.6051025390625,1518.31689453125,13.159842491149902,1112.0067138671875
1790951518.8982198,1,1,1218.930419921875,1518.31689453125,29.60964584350586,1072.5272216796875
1790951518.9087563,1,1,1218.930419921875,1518.31689453125,29.60964584350586,1072.5272216796875
1790951518.9193404,1,1,1218.930419921875,1518.31689453125,29.60964584350586,1072.5272216796875
1790951518.9300818,1,1,1218.930419921875,1518.31689453125,29.60964584350586,1072.5272216796875
1790951518.9406672,1,1,1218.930419921875,1518.31689453125,29.60964584350586,1072.5272216796875
1790951518.951385,1,1,1218.930419921875,1518.31689453125,29.60964584350586,1072.5272216796875
1790951518.9624004,1,1,1213.9954833984375,1149.84130859375,18.094783782958984,1088.9769287109375
1790951518.9734428,1,1,1204.1256103515625,491.84912109375,24.674705505371094,1112.0067138671875
1790951518.9845839,1,1,1153.1312255859375,365.1856384277344,27.96466636657715,935.9938354492188
1790951518.9958277,1,1,1146.55126953125,208.91250610351562,27.96466636657715,940.9287719726562
1790951519.0065103,1,1,1092.2669677734375,134.8883819580078,27.96466636657715,922.833984375
1790951519.0172348,1,0,1092.2669677734375,134.8883819580078,27.96466636657715,922.833984375
1790951519.0278187,1,0,1092.2669677734375,134.8883819580078,27.96466636657715,922.833984375
1790951519.0387378,1,0,1092.2669677734375,134.8883819580078,27.96466636657715,922.833984375
1790951519.049266,1,0,1092.2669677734375,134.8883819580078,27.96466636657715,922.833984375
1790951519.0603714,1,0,1092.2669677734375,134.8883819580078,27.96466636657715,922.833984375
1790951519.0715208,1,0,1074.172119140625,14.80482292175293,27.96466636657715,929.4138793945312
1790951519.082417,1,0,1061.0123291015625,208.91250610351562,27.96466636657715,939.2837524414062
1790951519.0935552,1,0,1029.7576904296875,202.33258056640625,27.96466636657715,950.7986450195312
1790951519.1049013,1,0,1001.7930297851562,205.62254333496094,27.96466636657715,934.3488159179688
1790951519.116128,1,0,983.6982421875,203.97756958007812,27.96466636657715,898.1592407226562
1790951519.1268067,1,0,983.6982421875,203.97756958007812,27.96466636657715,898.1592407226562
1790951519.137445,1,0,983.6982421875,203.97756958007812,27.96466636657715,898.1592407226562
1790951519.1484654,1,0,983.6982421875,203.97756958007812,27.96466636657715,898.1592407226562
1790951519.1593788,1,0,983.6982421875,205.62254333496094,27.96466636657715,911.319091796875
1790951519.1699762,1,0,968.8934326171875,205.62254333496094,39.47952651977539,894.8693237304688
1790951519.1809988,1,0,949.1536865234375,205.62254333496094,151.33819580078125,886.6444091796875
1790951519.1916378,1,0,954.088623046875,205.62254333496094,171.0779571533203,896.5142822265625
1790951519.202684,1,0,954.088623046875,205.62254333496094,171.0779571533203,896.5142822265625
1790951519.2140749,1,0,962.3134765625,205.62254333496094,177.6578826904297,901.44921875
1790951519.2250867,1,0,962.3134765625,205.62254333496094,177.6578826904297,901.44921875
1790951519.2368171,1,0,962.3134765625,205.62254333496094,177.6578826904297,901.44921875
1790951519.2477863,1,0,962.3134765625,205.62254333496094,177.6578826904297,901.44921875
1790951519.2589457,1,0,962.3134765625,205.62254333496094,177.6578826904297,901.44921875
1790951519.2700095,1,0,970.5383911132812,565.8732299804688,401.3752136230469,904.7391967773438
1790951519.2806253,1,0,1000.1480712890625,583.968017578125,406.3101501464844,917.8990478515625
1790951519.2910876,1,0,1000.1480712890625,583.968017578125,406.3101501464844,917.8990478515625
1790951519.3018324,1,0,1000.1480712890625,583.968017578125,406.3101501464844,917.8990478515625
1790951519.3125274,1,0,1000.1480712890625,583.968017578125,406.3101501464844,917.8990478515625
1790951519.3235934,1,0,1000.1480712890625,583.968017578125,406.3101501464844,917.8990478515625
1790951519.3341188,1,0,1000.1480712890625,583.968017578125,406.3101501464844,917.8990478515625
1790951519.3447676,1,0,991.9231567382812,692.5367431640625,449.0796203613281,911.319091796875
1790951519.3554459,1,0,986.9882202148438,710.6315307617188,462.2394714355469,917.8990478515625
1790951519.3660884,1,0,998.5030517578125,723.7913208007812,491.84912109375,919.5440063476562
1790951519.3769612,1,0,959.0235595703125,781.3656616210938,534.6185913085938,904.7391967773438
1790951519.3881855,1,0,949.1536865234375,834.0050048828125,565.8732299804688,899.8042602539062
1790951519.3995442,1,0,949.1536865234375,834.0050048828125,565.8732299804688,899.8042602539062
1790951519.4103718,1,0,949.1536865234375,834.0050048828125,565.8732299804688,899.8042602539062
1790951519.4212606,1,0,949.1536865234375,834.0050048828125,565.8732299804688,899.8042602539062
1790951519.4324265,1,0,949.1536865234375,834.0050048828125,565.8732299804688,899.8042602539062
1790951519.4430532,1,0,949.1536865234375,834.0050048828125,565.8732299804688,899.8042602539062
1790951519.4540844,1,0,949.1536865234375,842.2299194335938,556.0033569335938,903.09423828125
1790951519.4647195,1,0,922.833984375,880.064453125,585.6129760742188,894.8693237304688
1790951519.475638,1,0,1011.6629028320312,960.6685180664062,588.9029541015625,968.8934326171875
1790951519.487257,1,0,1023.1777954101562,977.1183471679688,585.6129760742188,962.3134765625
1790951519.4979792,1,0,1023.1777954101562,977.1183471679688,585.6129760742188,962.3134765625
1790951519.509328,1,0,1023.1777954101562,977.1183471679688,585.6129760742188,962.3134765625
1790951519.519988,1,0,1023.1777954101562,977.1183471679688,585.6129760742188,962.3134765625
1790951519.5308263,1,0,1029.7576904296875,978.7633056640625,587.2579956054688,972.1834106445312
1790951519.541389,1,0,1059.3673095703125,990.2781372070312,600.4178466796875,986.9882202148438
1790951519.551968,1,0,1088.9769287109375,1000.1480712890625,613.5776977539062,1013.307861328125
1790951519.5628064,1,0,1070.8822021484375,837.2949829101562,616.8676147460938,1018.2428588867188
1790951519.5738602,1,0,1061.0123291015625,835.6500244140625,610.2877197265625,995.213134765625
1790951519.5848932,1,0,1042.91748046875,807.6853637695312,633.3174438476562,996.8580932617188
1790951519.5960279,1,0,1008.3729248046875,802.7504272460938,649.7672119140625,942.57373046875
1790951519.6074023,1,0,1008.3729248046875,802.7504272460938,649.7672119140625,942.57373046875
1790951519.618397,1,0,1008.3729248046875,802.7504272460938,649.7672119140625,942.57373046875
1790951519.6293647,1,0,1008.3729248046875,802.7504272460938,649.7672119140625,942.57373046875
1790951519.6403177,1,0,1008.3729248046875,802.7504272460938,649.7672119140625,942.57373046875
1790951519.6509557,1,0,1008.3729248046875,802.7504272460938,649.7672119140625,942.57373046875
1790951519.661904,1,0,1008.3729248046875,802.7504272460938,649.7672119140625,942.57373046875
1790951519.672877,1,0,978.7633056640625,789.590576171875,656.34716796875,944.2186889648438
1790951519.6834006,1,0,972.1834106445312,797.8154907226562,669.5070190429688,926.1239624023438
1790951519.6939611,1,0,962.3134765625,801.1054077148438,692.5367431640625,914.6090698242188
1790951519.7049525,1,0,962.3134765625,801.1054077148438,692.5367431640625,914.6090698242188
1790951519.7154999,1,0,962.3134765625,801.1054077148438,692.5367431640625,914.6090698242188
1790951519.726047,1,0,914.6090698242188,791.2355346679688,694.1817016601562,870.194580078125
1790951519.7370048,1,0,891.579345703125,778.07568359375,720.5014038085938,866.9046630859375
1790951519.748021,1,0,896.5142822265625,784.6556396484375,723.7913208007812,866.9046630859375
1790951519.758954,1,0,896.5142822265625,784.6556396484375,723.7913208007812,866.9046630859375
1790951519.7697797,1,0,896.5142822265625,784.6556396484375,723.7913208007812,866.9046630859375
1790951519.7808723,0,0,896.5142822265625,784.6556396484375,723.7913208007812,866.9046630859375
1790951519.791969,0,0,896.5142822265625,784.6556396484375,723.7913208007812,866.9046630859375
1790951519.8030689,0,0,896.5142822265625,784.6556396484375,723.7913208007812,866.9046630859375
1790951519.8141577,0,0,888.2893676757812,778.07568359375,708.9865112304688,866.9046630859375
1790951519.8246186,0,0,880.064453125,812.6203002929688,740.2411499023438,845.5198974609375
1790951519.8356302,0,0,896.5142822265625,809.330322265625,727.081298828125,852.0997924804688
1790951519.846568,0,0,873.4845581054688,799.46044921875,733.6612548828125,853.7448120117188
1790951519.8576076,0,0,865.2596435546875,807.6853637695312,741.8861083984375,843.8749389648438
1790951519.868981,0,0,880.064453125,799.46044921875,741.8861083984375,840.5849609375
1790951519.8796802,0,0,880.064453125,799.46044921875,741.8861083984375,840.5849609375
1790951519.89026,0,0,880.064453125,799.46044921875,741.8861083984375,840.5849609375
1790951519.9008942,0,0,880.064453125,799.46044921875,741.8861083984375,840.5849609375
1790951519.9120376,0,0,880.064453125,799.46044921875,741.8861083984375,840.5849609375
1790951519.9229395,0,0,878.4194946289062,794.5255126953125,743.5311279296875,842.2299194335938
1790951519.9337938,0,0,850.454833984375,806.0403442382812,740.2411499023438,822.4901733398438
1790951519.9443119,0,0,858.6797485351562,801.1054077148438,746.8211059570312,825.7801513671875
1790951519.9553187,0,0,870.194580078125,791.2355346679688,745.1760864257812,835.6500244140625
1790951519.9659433,0,0,870.194580078125,802.7504272460938,755.0459594726562,843.8749389648438
1790951519.9771636,0,0,868.5496215820312,807.6853637695312,759.9808959960938,837.2949829101562
1790951519.9884524,0,0,886.6444091796875,787.945556640625,748.466064453125,861.9697265625
1790951519.9995432,0,0,886.6444091796875,787.945556640625,748.466064453125,861.9697265625
1790951520.0104868,0,0,886.6444091796875,787.945556640625,748.466064453125,861.9697265625
1790951520.0216238,0,0,886.6444091796875,787.945556640625,748.466064453125,861.9697265625
1790951520.032614,0,0,886.6444091796875,787.945556640625,748.466064453125,861.9697265625
1790951520.0434222,0,0,886.6444091796875,787.945556640625,748.466064453125,861.9697265625
1790951520.0541034,0,0,873.4845581054688,815.9102783203125,748.466064453125,830.715087890625
1790951520.0647137,0,0,860.32470703125,806.0403442382812,764.9158325195312,848.8098754882812
1790951520.0755749,0,0,878.4194946289062,789.590576171875,756.6909790039062,843.8749389648438
1790951520.0870626,0,0,888.2893676757812,786.3005981445312,745.1760864257812,848.8098754882812
1790951520.0983489,0,0,860.32470703125,832.3600463867188,771.4957885742188,825.7801513671875
1790951520.1088402,0,0,860.32470703125,832.3600463867188,771.4957885742188,825.7801513671875
1790951520.1196575,0,0,868.5496215820312,848.8098754882812,746.8211059570312,827.4251098632812
1790951520.1304476,0,0,881.70947265625,830.715087890625,753.4010009765625,838.9400024414062
1790951520.141155,0,0,857.0347290039062,825.7801513671875,758.3359375,832.3600463867188
1790951520.152292,0,1,857.0347290039062,825.7801513671875,758.3359375,832.3600463867188
1790951520.1629035,0,1,857.0347290039062,825.7801513671875,758.3359375,832.3600463867188
1790951520.1738453,0,1,857.0347290039062,825.7801513671875,758.3359375,832.3600463867188
1790951520.1848764,0,1,857.0347290039062,825.7801513671875,758.3359375,832.3600463867188
1790951520.195829,0,1,857.0347290039062,825.7801513671875,758.3359375,832.3600463867188
1790951520.2067432,0,1,880.064453125,830.715087890625,751.7560424804688,842.2299194335938
1790951520.217578,0,1,870.194580078125,847.1648559570312,764.9158325195312,830.715087890625
1790951520.2283998,0,1,873.4845581054688,820.84521484375,768.205810546875,852.0997924804688
1790951520.2391982,0,1,883.3544311523438,829.070068359375,756.6909790039062,848.8098754882812
1790951520.250012,0,1,870.194580078125,858.6797485351562,769.850830078125,829.070068359375
1790951520.2610974,0,1,870.194580078125,858.6797485351562,769.850830078125,829.070068359375
1790951520.2725887,0,1,881.70947265625,809.330322265625,766.5608520507812,845.5198974609375
1790951520.2835543,0,1,881.70947265625,809.330322265625,766.5608520507812,845.5198974609375
1790951520.294144,0,1,881.70947265625,809.330322265625,766.5608520507812,845.5198974609375
1790951520.3053937,0,1,881.70947265625,809.330322265625,766.5608520507812,845.5198974609375
1790951520.3161461,0,1,881.70947265625,809.330322265625,766.5608520507812,845.5198974609375
1790951520.3266597,0,1,870.194580078125,835.6500244140625,769.850830078125,843.8749389648438
1790951520.3372226,0,1,870.194580078125,802.7504272460938,764.9158325195312,837.2949829101562
1790951520.3481646,0,1,853.7448120117188,835.6500244140625,776.4307250976562,845.5198974609375
1790951520.358779,0,1,857.0347290039062,794.5255126953125,786.3005981445312,860.32470703125
1790951520.3702505,0,1,860.32470703125,797.8154907226562,784.6556396484375,860.32470703125
1790951520.3812501,0,1,873.4845581054688,797.8154907226562,778.07568359375,860.32470703125
1790951520.3921628,0,1,873.4845581054688,797.8154907226562,778.07568359375,860.32470703125
1790951520.402792,0,1,873.4845581054688,797.8154907226562,778.07568359375,860.32470703125
1790951520.4133976,0,1,873.4845581054688,797.8154907226562,778.07568359375,860.32470703125
1790951520.4238675,0,1,873.4845581054688,797.8154907226562,778.07568359375,860.32470703125
1790951520.434397,0,1,873.4845581054688,797.8154907226562,778.07568359375,860.32470703125
1790951520.4449522,0,1,873.4845581054688,797.8154907226562,778.07568359375,860.32470703125
1790951520.4558625,0,1,865.2596435546875,812.6203002929688,781.3656616210938,838.9400024414062
1790951520.4664404,0,1,866.9046630859375,810.9752807617188,786.3005981445312,845.5198974609375
1790951520.4769666,0,1,853.7448120117188,834.0050048828125,781.3656616210938,848.8098754882812
1790951520.4879262,0,1,853.7448120117188,834.0050048828125,781.3656616210938,848.8098754882812
1790951520.4987698,0,1,853.7448120117188,834.0050048828125,781.3656616210938,848.8098754882812
1790951520.5097623,0,1,853.7448120117188,834.0050048828125,781.3656616210938,848.8098754882812
1790951520.5207558,0,1,853.7448120117188,834.0050048828125,781.3656616210938,848.8098754882812
1790951520.531575,0,1,853.7448120117188,834.0050048828125,781.3656616210938,848.8098754882812
1790951520.542583,0,1,843.8749389648438,814.2652587890625,773.1407470703125,835.6500244140625
1790951520.5534337,0,1,868.5496215820312,809.330322265625,778.07568359375,847.1648559570312
1790951520.564658,0,1,852.0997924804688,817.5552368164062,773.1407470703125,858.6797485351562
1790951520.57569,0,1,850.454833984375,817.5552368164062,779.720703125,852.0997924804688
1790951520.586332,0,1,868.5496215820312,817.5552368164062,781.3656616210938,837.2949829101562
1790951520.597425,0,1,868.5496215820312,787.945556640625,789.590576171875,860.32470703125
1790951520.6083627,0,1,868.5496215820312,787.945556640625,789.590576171875,860.32470703125
1790951520.6190405,0,1,868.5496215820312,787.945556640625,789.590576171875,860.32470703125
1790951520.62993,0,1,868.5496215820312,787.945556640625,789.590576171875,860.32470703125
1790951520.6406677,0,1,868.5496215820312,787.945556640625,789.590576171875,860.32470703125
1790951520.6512637,0,1,868.5496215820312,787.945556640625,789.590576171875,860.32470703125
1790951520.6622307,0,1,861.9697265625,817.5552368164062,779.720703125,838.9400024414062
1790951520.6728246,0,1,822.4901733398438,787.945556640625,820.84521484375,830.715087890625
1790951520.683732,0,1,705.6965942382812,746.8211059570312,842.2299194335938,730.3712768554688
1790951520.6942034,0,1,715.5664672851562,738.59619140625,842.2299194335938,723.7913208007812
1790951520.705021,0,1,715.5664672851562,738.59619140625,842.2299194335938,723.7913208007812
1790951520.7158923,0,1,715.5664672851562,738.59619140625,842.2299194335938,723.7913208007812
1790951520.726774,0,1,715.5664672851562,738.59619140625,842.2299194335938,723.7913208007812
1790951520.737572,0,1,715.5664672851562,738.59619140625,842.2299194335938,723.7913208007812
1790951520.7485423,0,1,690.8917236328125,736.951171875,838.9400024414062,708.9865112304688
1790951520.7590766,0,1,713.9214477539062,723.7913208007812,830.715087890625,743.5311279296875
1790951520.770443,0,1,715.5664672851562,735.3062133789062,837.2949829101562,738.59619140625
1790951520.7815537,0,1,753.4010009765625,756.6909790039062,829.070068359375,789.590576171875
1790951520.7928777,0,1,797.8154907226562,779.720703125,812.6203002929688,815.9102783203125
1790951520.8036475,0,1,820.84521484375,769.850830078125,817.5552368164062,825.7801513671875
1790951520.8147438,0,0,820.84521484375,769.850830078125,817.5552368164062,825.7801513671875
1790951520.8262515,0,0,820.84521484375,769.850830078125,817.5552368164062,825.7801513671875
1790951520.83786,0,0,820.84521484375,769.850830078125,817.5552368164062,825.7801513671875
1790951520.8489227,0,0,820.84521484375,769.850830078125,817.5552368164062,825.7801513671875
1790951520.860456,0,0,820.84521484375,769.850830078125,817.5552368164062,825.7801513671875
1790951520.8715625,0,0,820.84521484375,769.850830078125,817.5552368164062,825.7801513671875
1790951520.8826554,0,0,852.0997924804688,802.7504272460938,812.6203002929688,825.7801513671875
1790951520.893466,0,0,853.7448120117188,806.0403442382812,796.1704711914062,837.2949829101562
1790951520.9047687,0,0,845.5198974609375,784.6556396484375,807.6853637695312,840.5849609375
1790951520.916403,0,1,845.5198974609375,784.6556396484375,807.6853637695312,840.5849609375
1790951520.9272065,0,1,845.5198974609375,784.6556396484375,807.6853637695312,840.5849609375
1790951520.9387283,0,1,845.5198974609375,784.6556396484375,807.6853637695312,840.5849609375
1790951520.9497359,0,1,845.5198974609375,784.6556396484375,807.6853637695312,840.5849609375
1790951520.96102,0,1,850.454833984375,804.3953857421875,807.6853637695312,819.2001953125
1790951520.972917,0,1,845.5198974609375,792.8805541992188,796.1704711914062,829.070068359375
1790951520.9840782,0,1,848.8098754882812,801.1054077148438,817.5552368164062,822.4901733398438
1790951520.9947119,0,1,835.6500244140625,764.9158325195312,802.7504272460938,852.0997924804688
1790951521.0060174,0,1,840.5849609375,799.46044921875,794.5255126953125,837.2949829101562
1790951521.017091,0,1,840.5849609375,799.46044921875,794.5255126953125,837.2949829101562
1790951521.0281627,0,1,840.5849609375,799.46044921875,794.5255126953125,837.2949829101562
1790951521.0390966,0,1,840.5849609375,799.46044921875,794.5255126953125,837.2949829101562
1790951521.050308,0,1,840.5849609375,799.46044921875,794.5255126953125,837.2949829101562
1790951521.0612185,0,1,840.5849609375,799.46044921875,794.5255126953125,837.2949829101562
1790951521.072632,0,1,857.0347290039062,796.1704711914062,806.0403442382812,853.7448120117188
1790951521.0839343,0,1,861.9697265625,789.590576171875,806.0403442382812,857.0347290039062
1790951521.0949914,0,1,861.9697265625,797.8154907226562,807.6853637695312,863.6146850585938
1790951521.105521,0,1,861.9697265625,797.8154907226562,807.6853637695312,863.6146850585938
1790951521.1165473,0,1,861.9697265625,797.8154907226562,807.6853637695312,863.6146850585938
1790951521.1271741,0,1,861.9697265625,797.8154907226562,807.6853637695312,863.6146850585938
1790951521.1382532,0,1,861.9697265625,797.8154907226562,807.6853637695312,863.6146850585938
1790951521.1489377,0,1,861.9697265625,797.8154907226562,807.6853637695312,863.6146850585938
1790951521.1595142,0,1,857.0347290039062,804.3953857421875,814.2652587890625,866.9046630859375
1790951521.1701596,0,1,857.0347290039062,812.6203002929688,819.2001953125,861.9697265625
1790951521.1808197,0,1,876.7745361328125,809.330322265625,799.46044921875,870.194580078125
1790951521.1913655,0,1,875.1295166015625,799.46044921875,822.4901733398438,848.8098754882812
1790951521.2027397,0,1,870.194580078125,794.5255126953125,814.2652587890625,845.5198974609375
1790951521.2135518,0,1,871.839599609375,814.2652587890625,799.46044921875,840.5849609375
1790951521.224758,0,1,861.9697265625,810.9752807617188,802.7504272460938,848.8098754882812
1790951521.2362897,0,1,861.9697265625,810.9752807617188,802.7504272460938,848.8098754882812
1790951521.2475078,0,1,861.9697265625,810.9752807617188,802.7504272460938,848.8098754882812
1790951521.258115,0,1,861.9697265625,810.9752807617188,802.7504272460938,848.8098754882812
1790951521.268661,0,1,861.9697265625,810.9752807617188,802.7504272460938,848.8098754882812
1790951521.280223,0,1,861.9697265625,810.9752807617188,802.7504272460938,848.8098754882812
1790951521.291282,0,1,853.7448120117188,822.4901733398438,812.6203002929688,845.5198974609375
1790951521.3025606,0,1,786.3005981445312,794.5255126953125,814.2652587890625,789.590576171875
1790951521.3137105,0,1,794.5255126953125,773.1407470703125,806.0403442382812,774.7857666015625
1790951521.324465,0,1,722.1463623046875,787.945556640625,832.3600463867188,710.6315307617188
1790951521.3355958,0,1,804.3953857421875,804.3953857421875,825.7801513671875,778.07568359375
1790951521.346523,0,1,804.3953857421875,804.3953857421875,825.7801513671875,778.07568359375
1790951521.357036,0,1,825.7801513671875,801.1054077148438,824.1351318359375,819.2001953125
1790951521.3679025,0,1,863.6146850585938,784.6556396484375,819.2001953125,829.070068359375
1790951521.378629,0,1,842.2299194335938,815.9102783203125,825.7801513671875,835.6500244140625
1790951521.38955,0,1,842.2299194335938,815.9102783203125,825.7801513671875,835.6500244140625
1790951521.4005582,0,1,842.2299194335938,815.9102783203125,825.7801513671875,835.6500244140625
1790951521.4112864,0,1,842.2299194335938,815.9102783203125,825.7801513671875,835.6500244140625
1790951521.422206,0,1,842.2299194335938,815.9102783203125,825.7801513671875,835.6500244140625
1790951521.433314,0,1,842.2299194335938,815.9102783203125,825.7801513671875,835.6500244140625
1790951521.444528,0,1,860.32470703125,797.8154907226562,819.2001953125,838.9400024414062
1790951521.455913,0,1,847.1648559570312,819.2001953125,834.0050048828125,848.8098754882812
1790951521.4668512,0,1,842.2299194335938,797.8154907226562,827.4251098632812,832.3600463867188
1790951521.477626,0,1,868.5496215820312,786.3005981445312,824.1351318359375,870.194580078125
1790951521.488817,0,1,850.454833984375,820.84521484375,835.6500244140625,832.3600463867188
1790951521.4997816,0,1,850.454833984375,820.84521484375,835.6500244140625,832.3600463867188
1790951521.5106304,0,1,850.454833984375,820.84521484375,835.6500244140625,832.3600463867188
1790951521.5216777,0,1,850.454833984375,820.84521484375,835.6500244140625,832.3600463867188
1790951521.5325806,0,1,850.454833984375,820.84521484375,835.6500244140625,832.3600463867188
1790951521.5434072,0,1,855.3897705078125,810.9752807617188,838.9400024414062,842.2299194335938
1790951521.5542603,0,1,863.6146850585938,806.0403442382812,814.2652587890625,857.0347290039062
1790951521.5654182,0,1,845.5198974609375,797.8154907226562,825.7801513671875,845.5198974609375
1790951521.5764964,0,1,842.2299194335938,815.9102783203125,822.4901733398438,802.7504272460938
1790951521.5876396,0,1,820.84521484375,812.6203002929688,830.715087890625,792.8805541992188
1790951521.5988855,0,1,810.9752807617188,815.9102783203125,825.7801513671875,792.8805541992188
1790951521.6095872,0,1,810.9752807617188,815.9102783203125,825.7801513671875,792.8805541992188
1790951521.6202483,0,1,810.9752807617188,815.9102783203125,825.7801513671875,792.8805541992188
1790951521.6312344,0,1,810.9752807617188,815.9102783203125,825.7801513671875,792.8805541992188
1790951521.6428988,0,1,810.9752807617188,815.9102783203125,825.7801513671875,792.8805541992188
1790951521.653736,0,1,840.5849609375,812.6203002929688,820.84521484375,810.9752807617188
1790951521.6645548,0,1,838.9400024414062,806.0403442382812,807.6853637695312,832.3600463867188
1790951521.6751924,0,1,840.5849609375,815.9102783203125,820.84521484375,845.5198974609375
1790951521.686271,0,1,852.0997924804688,817.5552368164062,809.330322265625,829.070068359375
1790951521.6973007,0,1,850.454833984375,806.0403442382812,820.84521484375,832.3600463867188
1790951521.708279,0,1,850.454833984375,806.0403442382812,820.84521484375,832.3600463867188
1790951521.7190053,0,1,850.454833984375,806.0403442382812,820.84521484375,832.3600463867188
1790951521.7295127,0,1,850.454833984375,806.0403442382812,820.84521484375,832.3600463867188
1790951521.7401614,0,1,850.454833984375,806.0403442382812,820.84521484375,832.3600463867188
1790951521.7511988,0,1,857.0347290039062,809.330322265625,815.9102783203125,838.9400024414062
1790951521.7622783,0,1,857.0347290039062,801.1054077148438,815.9102783203125,829.070068359375
1790951521.7732532,0,1,855.3897705078125,817.5552368164062,810.9752807617188,835.6500244140625
1790951521.7839024,0,1,855.3897705078125,817.5552368164062,810.9752807617188,835.6500244140625
1790951521.794697,0,1,852.0997924804688,819.2001953125,815.9102783203125,843.8749389648438
1790951521.8053288,0,1,860.32470703125,814.2652587890625,815.9102783203125,837.2949829101562
1790951521.8162577,0,1,848.8098754882812,810.9752807617188,810.9752807617188,850.454833984375
1790951521.8270464,0,1,848.8098754882812,810.9752807617188,810.9752807617188,850.454833984375
1790951521.838107,0,1,848.8098754882812,810.9752807617188,810.9752807617188,850.454833984375
1790951521.8488786,0,1,848.8098754882812,810.9752807617188,810.9752807617188,850.454833984375
1790951521.8593948,0,1,848.8098754882812,810.9752807617188,810.9752807617188,850.454833984375
1790951521.8700392,0,1,810.9752807617188,776.4307250976562,835.6500244140625,819.2001953125
1790951521.8806784,0,1,843.8749389648438,796.1704711914062,820.84521484375,819.2001953125
1790951521.8913546,0,1,837.2949829101562,774.7857666015625,832.3600463867188,838.9400024414062
1790951521.9019964,0,1,834.0050048828125,776.4307250976562,822.4901733398438,837.2949829101562
1790951521.9131203,0,1,834.0050048828125,776.4307250976562,822.4901733398438,837.2949829101562
1790951521.924037,0,1,834.0050048828125,776.4307250976562,822.4901733398438,837.2949829101562
1790951521.935706,0,1,834.0050048828125,776.4307250976562,822.4901733398438,837.2949829101562
1790951521.94654,0,1,834.0050048828125,776.4307250976562,822.4901733398438,837.2949829101562
1790951521.95734,0,1,834.0050048828125,776.4307250976562,822.4901733398438,837.2949829101562
1790951521.9678051,1,1,834.0050048828125,776.4307250976562,822.4901733398438,837.2949829101562
1790951521.9786994,1,1,852.0997924804688,787.945556640625,825.7801513671875,834.0050048828125
1790951521.989782,1,1,847.1648559570312,801.1054077148438,807.6853637695312,840.5849609375
1790951522.0006473,1,1,848.8098754882812,799.46044921875,812.6203002929688,832.3600463867188
1790951522.0116093,1,1,848.8098754882812,799.46044921875,812.6203002929688,832.3600463867188
1790951522.023047,1,1,848.8098754882812,799.46044921875,812.6203002929688,832.3600463867188
1790951522.033518,1,1,848.8098754882812,799.46044921875,812.6203002929688,832.3600463867188
1790951522.0442812,1,1,848.8098754882812,799.46044921875,812.6203002929688,832.3600463867188
1790951522.055101,1,1,848.8098754882812,799.46044921875,812.6203002929688,832.3600463867188
1790951522.0658736,1,1,848.8098754882812,799.46044921875,812.6203002929688,832.3600463867188
1790951522.0767093,1,1,857.0347290039062,789.590576171875,817.5552368164062,848.8098754882812
1790951522.0875828,1,1,891.579345703125,796.1704711914062,830.715087890625,857.0347290039062
1790951522.0983095,1,1,866.9046630859375,787.945556640625,820.84521484375,842.2299194335938
1790951522.1093838,1,1,861.9697265625,812.6203002929688,810.9752807617188,855.3897705078125
1790951522.1201384,1,1,861.9697265625,801.1054077148438,807.6853637695312,866.9046630859375
1790951522.1307135,1,1,861.9697265625,801.1054077148438,807.6853637695312,866.9046630859375
1790951522.142008,1,1,861.9697265625,801.1054077148438,807.6853637695312,866.9046630859375
1790951522.153027,1,1,861.9697265625,801.1054077148438,807.6853637695312,866.9046630859375
1790951522.1645901,1,1,861.9697265625,801.1054077148438,807.6853637695312,866.9046630859375
1790951522.1755393,1,1,863.6146850585938,768.205810546875,830.715087890625,842.2299194335938
1790951522.186659,1,1,853.7448120117188,812.6203002929688,819.2001953125,832.3600463867188
1790951522.1974843,1,1,870.194580078125,799.46044921875,822.4901733398438,848.8098754882812
1790951522.2084074,1,1,857.0347290039062,768.205810546875,822.4901733398438,868.5496215820312
1790951522.2192833,1,1,857.0347290039062,768.205810546875,822.4901733398438,868.5496215820312
1790951522.2299914,1,1,857.0347290039062,768.205810546875,822.4901733398438,868.5496215820312
1790951522.2408168,1,1,857.0347290039062,768.205810546875,822.4901733398438,868.5496215820312
1790951522.2517307,1,1,857.0347290039062,768.205810546875,822.4901733398438,868.5496215820312
1790951522.2628636,1,1,857.0347290039062,768.205810546875,822.4901733398438,868.5496215820312
1790951522.273921,1,1,860.32470703125,799.46044921875,825.7801513671875,861.9697265625
1790951522.2844381,1,1,848.8098754882812,783.0106201171875,791.2355346679688,848.8098754882812
1790951522.2952523,1,1,857.0347290039062,806.0403442382812,830.715087890625,837.2949829101562
1790951522.3060975,1,1,850.454833984375,817.5552368164062,825.7801513671875,837.2949829101562
1790951522.3170009,1,1,855.3897705078125,804.3953857421875,815.9102783203125,863.6146850585938
1790951522.3276427,1,1,855.3897705078125,804.3953857421875,815.9102783203125,863.6146850585938
1790951522.33864,1,1,855.3897705078125,804.3953857421875,815.9102783203125,863.6146850585938
1790951522.3499851,1,1,855.3897705078125,804.3953857421875,815.9102783203125,863.6146850585938
1790951522.3607879,1,1,855.3897705078125,804.3953857421875,815.9102783203125,863.6146850585938
1790951522.3720462,1,1,866.9046630859375,824.1351318359375,820.84521484375,857.0347290039062
1790951522.382824,1,1,850.454833984375,810.9752807617188,804.3953857421875,860.32470703125
1790951522.393315,1,1,858.6797485351562,804.3953857421875,815.9102783203125,852.0997924804688
1790951522.404267,1,1,866.9046630859375,810.9752807617188,810.9752807617188,852.0997924804688
1790951522.4149451,1,1,860.32470703125,797.8154907226562,820.84521484375,843.8749389648438
1790951522.426159,1,1,848.8098754882812,791.2355346679688,825.7801513671875,850.454833984375
1790951522.4369845,1,1,866.9046630859375,792.8805541992188,824.1351318359375,852.0997924804688
1790951522.447771,1,1,863.6146850585938,804.3953857421875,829.070068359375,848.8098754882812
1790951522.4586382,1,1,855.3897705078125,799.46044921875,817.5552368164062,848.8098754882812
1790951522.4696379,1,1,855.3897705078125,799.46044921875,817.5552368164062,848.8098754882812
1790951522.4810405,1,1,855.3897705078125,799.46044921875,817.5552368164062,848.8098754882812
1790951522.4920278,1,1,855.3897705078125,799.46044921875,817.5552368164062,848.8098754882812
1790951522.5030024,1,1,855.3897705078125,799.46044921875,817.5552368164062,848.8098754882812
1790951522.5136282,1,1,855.3897705078125,799.46044921875,817.5552368164062,848.8098754882812
1790951522.5241973,1,1,853.7448120117188,814.2652587890625,835.6500244140625,838.9400024414062
1790951522.5349777,1,1,848.8098754882812,797.8154907226562,822.4901733398438,866.9046630859375
1790951522.5460882,1,1,865.2596435546875,799.46044921875,820.84521484375,866.9046630859375
1790951522.557065,1,1,876.7745361328125,824.1351318359375,815.9102783203125,853.7448120117188
1790951522.568419,1,1,868.5496215820312,806.0403442382812,829.070068359375,876.7745361328125
1790951522.5792584,1,1,868.5496215820312,806.0403442382812,829.070068359375,876.7745361328125
1790951522.5902774,1,1,868.5496215820312,806.0403442382812,829.070068359375,876.7745361328125
1790951522.6013124,1,1,868.5496215820312,806.0403442382812,829.070068359375,876.7745361328125
1790951522.6119943,1,1,868.5496215820312,806.0403442382812,829.070068359375,876.7745361328125
1790951522.622667,1,1,868.5496215820312,806.0403442382812,829.070068359375,876.7745361328125
1790951522.6339538,1,1,857.0347290039062,797.8154907226562,837.2949829101562,858.6797485351562
1790951522.6447494,1,1,842.2299194335938,809.330322265625,825.7801513671875,830.715087890625
1790951522.6558504,1,1,832.3600463867188,847.1648559570312,812.6203002929688,801.1054077148438
1790951522.6666276,1,1,832.3600463867188,847.1648559570312,812.6203002929688,801.1054077148438
1790951522.6776133,1,1,832.3600463867188,847.1648559570312,812.6203002929688,801.1054077148438
1790951522.6887863,1,1,832.3600463867188,847.1648559570312,812.6203002929688,801.1054077148438
1790951522.6998584,1,1,832.3600463867188,847.1648559570312,812.6203002929688,801.1054077148438
1790951522.7106578,1,1,832.3600463867188,847.1648559570312,812.6203002929688,801.1054077148438
1790951522.7216387,1,1,832.3600463867188,863.6146850585938,815.9102783203125,773.1407470703125
1790951522.7325876,1,1,842.2299194335938,871.839599609375,814.2652587890625,789.590576171875
1790951522.7433608,1,1,787.945556640625,906.3841552734375,804.3953857421875,728.726318359375
1790951522.7540078,1,1,863.6146850585938,878.4194946289062,814.2652587890625,801.1054077148438
1790951522.7655778,1,1,889.9343872070312,843.8749389648438,819.2001953125,871.839599609375
1790951522.7766125,1,1,939.2837524414062,819.2001953125,824.1351318359375,926.1239624023438
1790951522.7876437,1,1,939.2837524414062,819.2001953125,824.1351318359375,926.1239624023438
1790951522.7981658,1,1,939.2837524414062,819.2001953125,824.1351318359375,926.1239624023438
1790951522.808815,1,1,939.2837524414062,819.2001953125,824.1351318359375,926.1239624023438
1790951522.8196788,1,1,939.2837524414062,819.2001953125,824.1351318359375,926.1239624023438
1790951522.83072,1,1,939.2837524414062,819.2001953125,824.1351318359375,926.1239624023438
1790951522.8423266,1,1,957.3785400390625,819.2001953125,824.1351318359375,914.6090698242188
1790951522.853754,1,1,939.2837524414062,789.590576171875,799.46044921875,922.833984375
1790951522.8647833,1,1,921.18896484375,807.6853637695312,810.9752807617188,901.44921875
1790951522.87535,1,1,909.6741333007812,806.0403442382812,822.4901733398438,894.8693237304688
1790951522.8861818,1,1,909.6741333007812,806.0403442382812,822.4901733398438,894.8693237304688
1790951522.8971825,1,1,909.6741333007812,806.0403442382812,822.4901733398438,894.8693237304688
1790951522.908117,1,1,909.6741333007812,806.0403442382812,822.4901733398438,894.8693237304688
1790951522.918845,1,1,909.6741333007812,806.0403442382812,822.4901733398438,894.8693237304688
1790951522.9298458,1,1,903.09423828125,824.1351318359375,820.84521484375,883.3544311523438
1790951522.9405131,1,1,916.2540283203125,809.330322265625,822.4901733398438,886.6444091796875
1790951522.9514956,1,1,884.9994506835938,820.84521484375,801.1054077148438,880.064453125
1790951522.9624872,1,1,894.8693237304688,797.8154907226562,809.330322265625,876.7745361328125
1790951522.9734473,1,1,880.064453125,801.1054077148438,829.070068359375,866.9046630859375
1790951522.9842494,1,1,883.3544311523438,815.9102783203125,825.7801513671875,870.194580078125
1790951522.9951787,1,1,883.3544311523438,815.9102783203125,825.7801513671875,870.194580078125
1790951523.0060265,1,1,883.3544311523438,815.9102783203125,825.7801513671875,870.194580078125
1790951523.0172334,1,1,883.3544311523438,815.9102783203125,825.7801513671875,870.194580078125
1790951523.0295904,1,1,883.3544311523438,815.9102783203125,825.7801513671875,870.194580078125
1790951523.0404923,1,1,883.3544311523438,815.9102783203125,825.7801513671875,870.194580078125
1790951523.0511894,1,1,888.2893676757812,791.2355346679688,825.7801513671875,866.9046630859375
1790951523.0618536,1,1,860.32470703125,834.0050048828125,817.5552368164062,855.3897705078125
1790951523.0730915,1,1,860.32470703125,834.0050048828125,817.5552368164062,855.3897705078125
1790951523.0840895,1,1,860.32470703125,834.0050048828125,817.5552368164062,855.3897705078125
1790951523.094758,1,1,860.32470703125,834.0050048828125,817.5552368164062,855.3897705078125
1790951523.1056178,1,1,860.32470703125,834.0050048828125,817.5552368164062,855.3897705078125
1790951523.1174586,1,1,860.32470703125,837.2949829101562,825.7801513671875,845.5198974609375
1790951523.1284218,1,1,921.18896484375,787.945556640625,812.6203002929688,929.4138793945312
1790951523.1394694,1,1,927.7689208984375,787.945556640625,820.84521484375,908.0291748046875
1790951523.1516283,1,1,906.3841552734375,787.945556640625,817.5552368164062,886.6444091796875
1790951523.1625063,1,1,906.3841552734375,810.9752807617188,802.7504272460938,908.0291748046875
1790951523.1734662,1,1,886.6444091796875,807.6853637695312,815.9102783203125,886.6444091796875
1790951523.1841614,1,1,878.4194946289062,820.84521484375,822.4901733398438,893.2243041992188
1790951523.1952107,1,1,878.4194946289062,820.84521484375,822.4901733398438,893.2243041992188
1790951523.205769,1,1,878.4194946289062,820.84521484375,822.4901733398438,893.2243041992188
1790951523.2172892,1,1,878.4194946289062,820.84521484375,822.4901733398438,893.2243041992188
1790951523.22789,1,1,878.4194946289062,820.84521484375,822.4901733398438,893.2243041992188
1790951523.2386417,1,1,878.4194946289062,820.84521484375,822.4901733398438,893.2243041992188
1790951523.2495058,1,1,871.839599609375,802.7504272460938,825.7801513671875,873.4845581054688
1790951523.2601545,1,1,908.0291748046875,822.4901733398438,801.1054077148438,893.2243041992188
1790951523.2712998,1,1,852.0997924804688,810.9752807617188,866.9046630859375,870.194580078125
1790951523.2818956,1,1,838.9400024414062,838.9400024414062,888.2893676757812,824.1351318359375
1790951523.292966,1,1,708.9865112304688,776.4307250976562,912.964111328125,751.7560424804688
1790951523.3039546,1,1,689.2467651367188,748.466064453125,886.6444091796875,738.59619140625
1790951523.314919,1,1,689.2467651367188,748.466064453125,886.6444091796875,738.59619140625
1790951523.3255289,1,1,689.2467651367188,748.466064453125,886.6444091796875,738.59619140625
1790951523.3367,1,1,689.2467651367188,748.466064453125,886.6444091796875,738.59619140625
1790951523.347369,1,1,689.2467651367188,748.466064453125,886.6444091796875,738.59619140625
1790951523.3578393,1,1,610.2877197265625,814.2652587890625,860.32470703125,646.477294921875
1790951523.3685174,1,1,445.7896728515625,776.4307250976562,1070.8822021484375,567.5181884765625
1790951523.3795567,1,1,273.0667419433594,871.839599609375,1488.7071533203125,560.9382934570312
1790951523.3910706,1,1,273.0667419433594,875.1295166015625,1487.062255859375,501.718994140625
1790951523.4017906,1,1,426.0498962402344,1013.307861328125,1478.8372802734375,639.8973388671875
1790951523.4128232,1,1,426.0498962402344,1013.307861328125,1478.8372802734375,639.8973388671875
1790951523.4236388,1,1,426.0498962402344,1013.307861328125,1478.8372802734375,639.8973388671875
1790951523.434218,1,1,426.0498962402344,1013.307861328125,1478.8372802734375,639.8973388671875
1790951523.4449556,1,1,426.0498962402344,1013.307861328125,1478.8372802734375,639.8973388671875
1790951523.4562132,1,1,426.0498962402344,1013.307861328125,1478.8372802734375,639.8973388671875
1790951523.467328,1,1,426.0498962402344,1013.307861328125,1478.8372802734375,639.8973388671875
1790951523.4783654,1,1,759.9808959960938,1207.41552734375,1482.1273193359375,830.715087890625
1790951523.4889905,1,1,746.8211059570312,1233.7352294921875,1482.1273193359375,804.3953857421875
1790951523.4998465,1,1,746.8211059570312,1197.545654296875,1482.1273193359375,778.07568359375
1790951523.5107036,1,1,812.6203002929688,1288.0196533203125,1482.1273193359375,857.0347290039062
1790951523.5219986,1,1,602.0628051757812,1325.8541259765625,1482.1273193359375,646.477294921875
1790951523.532759,1,1,667.8619995117188,1391.6533203125,1482.1273193359375,725.4363403320312
1790951523.5437837,1,1,707.341552734375,1350.52880859375,1482.1273193359375,751.7560424804688
1790951523.5543296,1,1,707.341552734375,1350.52880859375,1482.1273193359375,751.7560424804688
1790951523.5658822,1,1,707.341552734375,1350.52880859375,1482.1273193359375,751.7560424804688
1790951523.5769465,1,1,707.341552734375,1350.52880859375,1482.1273193359375,751.7560424804688
1790951523.5879848,1,1,707.341552734375,1350.52880859375,1482.1273193359375,751.7560424804688
1790951523.5992126,1,1,733.6612548828125,1376.8485107421875,1482.1273193359375,751.7560424804688
1790951523.610069,1,1,638.2523803710938,1325.8541259765625,1482.1273193359375,666.217041015625
1790951523.6207306,1,1,819.2001953125,1385.073486328125,1258.409912109375,837.2949829101562
1790951523.6315587,1,1,962.3134765625,1380.1385498046875,705.6965942382812,983.6982421875
1790951523.6424289,1,1,962.3134765625,1380.1385498046875,705.6965942382812,983.6982421875
1790951523.6535351,1,1,962.3134765625,1380.1385498046875,705.6965942382812,983.6982421875
1790951523.664202,1,1,962.3134765625,1380.1385498046875,705.6965942382812,983.6982421875
1790951523.6754503,1,1,962.3134765625,1380.1385498046875,705.6965942382812,983.6982421875
1790951523.6866982,1,1,962.3134765625,1380.1385498046875,705.6965942382812,983.6982421875
1790951523.6976113,1,1,962.3134765625,1380.1385498046875,705.6965942382812,983.6982421875
1790951523.708513,1,1,1029.7576904296875,1335.7239990234375,547.7784423828125,1023.1777954101562
1790951523.719423,1,1,959.0235595703125,1279.794677734375,403.0201721191406,960.6685180664062
1790951523.7300386,1,1,952.443603515625,1271.56982421875,355.3157653808594,911.319091796875
1790951523.7409961,1,1,1057.722412109375,1138.326416015625,29.60964584350586,924.4789428710938
1790951523.75173,1,1,1057.722412109375,1138.326416015625,29.60964584350586,924.4789428710938
1790951523.762468,1,1,1057.722412109375,1138.326416015625,29.60964584350586,924.4789428710938
1790951523.7733374,1,1,1057.722412109375,1138.326416015625,29.60964584350586,924.4789428710938
1790951523.784034,1,1,1057.722412109375,1138.326416015625,29.60964584350586,924.4789428710938
1790951523.794747,1,1,1057.722412109375,1138.326416015625,29.60964584350586,924.4789428710938
1790951523.8056097,1,1,1074.172119140625,1049.4974365234375,26.319684982299805,898.1592407226562
1790951523.8167348,1,1,1079.1070556640625,995.213134765625,34.544586181640625,929.4138793945312
1790951523.82758,1,1,1084.0419921875,898.1592407226562,32.89960861206055,940.9287719726562
1790951523.8388453,1,1,1016.5978393554688,732.0162353515625,49.34941101074219,914.6090698242188
1790951523.8498592,1,1,962.3134765625,656.34716796875,176.0128936767578,903.09423828125
1790951523.860859,1,1,959.0235595703125,445.7896728515625,333.9309997558594,871.839599609375
1790951523.8721287,1,1,952.443603515625,383.2804260253906,358.605712890625,893.2243041992188
1790951523.8834424,1,1,937.6387939453125,353.6707763671875,393.1502990722656,889.9343872070312
1790951523.8944604,1,1,937.6387939453125,353.6707763671875,393.1502990722656,889.9343872070312
1790951523.9051712,1,1,937.6387939453125,353.6707763671875,393.1502990722656,889.9343872070312
1790951523.9158983,1,1,937.6387939453125,353.6707763671875,393.1502990722656,889.9343872070312
1790951523.9270241,1,1,937.6387939453125,353.6707763671875,393.1502990722656,889.9343872070312
1790951523.9378786,1,1,937.6387939453125,353.6707763671875,393.1502990722656,889.9343872070312
1790951523.9489374,1,1,932.703857421875,294.45147705078125,468.81939697265625,863.6146850585938
1790951523.9600053,1,1,912.964111328125,292.8064880371094,518.1688232421875,865.2596435546875
1790951523.971635,1,1,919.5440063476562,309.2563171386719,516.5238037109375,889.9343872070312
1790951523.9827664,1,1,919.5440063476562,309.2563171386719,516.5238037109375,889.9343872070312
1790951523.9935155,1,1,919.5440063476562,309.2563171386719,516.5238037109375,889.9343872070312
1790951524.004526,1,1,919.5440063476562,309.2563171386719,516.5238037109375,889.9343872070312
1790951524.015291,1,1,919.5440063476562,309.2563171386719,516.5238037109375,889.9343872070312
1790951524.0263124,1,1,939.2837524414062,312.5462646484375,542.843505859375,878.4194946289062
1790951524.0370317,1,1,914.6090698242188,337.2209777832031,559.2933349609375,880.064453125
1790951524.0478587,1,1,916.2540283203125,342.1559143066406,583.968017578125,898.1592407226562
1790951524.0590298,1,1,916.2540283203125,379.9904479980469,610.2877197265625,888.2893676757812
1790951524.070477,1,1,911.319091796875,414.5350341796875,634.96240234375,886.6444091796875
1790951524.081393,1,1,889.9343872070312,430.98486328125,646.477294921875,876.7745361328125
1790951524.0919302,1,0,889.9343872070312,430.98486328125,646.477294921875,876.7745361328125
1790951524.1029282,1,0,889.9343872070312,430.98486328125,646.477294921875,876.7745361328125
1790951524.1140127,1,0,889.9343872070312,430.98486328125,646.477294921875,876.7745361328125
1790951524.124986,1,0,889.9343872070312,430.98486328125,646.477294921875,876.7745361328125
1790951524.13601,1,0,889.9343872070312,430.98486328125,646.477294921875,876.7745361328125
1790951524.1472502,1,0,917.8990478515625,496.7840576171875,630.0274658203125,865.2596435546875
1790951524.1585305,1,0,904.7391967773438,536.2636108398438,685.956787109375,870.194580078125
1790951524.1692395,1,0,861.9697265625,564.228271484375,674.4419555664062,810.9752807617188
1790951524.1802547,1,0,852.0997924804688,671.1519775390625,697.4716796875,806.0403442382812
1790951524.1914597,1,0,855.3897705078125,676.0869140625,695.82666015625,807.6853637695312
1790951524.2023523,1,0,855.3897705078125,676.0869140625,695.82666015625,807.6853637695312
1790951524.2133224,1,0,855.3897705078125,676.0869140625,695.82666015625,807.6853637695312
1790951524.2241929,1,0,855.3897705078125,676.0869140625,695.82666015625,807.6853637695312
1790951524.2351773,1,0,855.3897705078125,676.0869140625,695.82666015625,807.6853637695312
1790951524.2462084,1,0,865.2596435546875,676.0869140625,685.956787109375,792.8805541992188
1790951524.2568047,1,0,917.8990478515625,736.951171875,736.951171875,878.4194946289062
1790951524.2677724,1,0,963.95849609375,723.7913208007812,723.7913208007812,924.4789428710938
1790951524.2784898,1,0,945.8637084960938,728.726318359375,735.3062133789062,922.833984375
1790951524.2891254,1,0,945.8637084960938,728.726318359375,735.3062133789062,922.833984375
1790951524.3002465,1,0,945.8637084960938,728.726318359375,735.3062133789062,922.833984375
1790951524.3114252,0,0,945.8637084960938,728.726318359375,735.3062133789062,922.833984375
1790951524.322066,0,0,945.8637084960938,728.726318359375,735.3062133789062,922.833984375
1790951524.333079,0,0,945.8637084960938,728.726318359375,735.3062133789062,922.833984375
1790951524.3442168,0,0,945.8637084960938,728.726318359375,735.3062133789062,922.833984375
1790951524.3553147,0,0,968.8934326171875,730.3712768554688,741.8861083984375,921.18896484375
1790951524.3659475,0,0,937.6387939453125,741.8861083984375,730.3712768554688,927.7689208984375
1790951524.3769705,0,0,962.3134765625,750.1110229492188,759.9808959960938,927.7689208984375
1790951524.388182,0,0,922.833984375,776.4307250976562,750.1110229492188,904.7391967773438
1790951524.3996422,0,0,921.18896484375,758.3359375,746.8211059570312,926.1239624023438
1790951524.4106095,0,0,921.18896484375,758.3359375,746.8211059570312,926.1239624023438
1790951524.4218245,0,0,921.18896484375,758.3359375,746.8211059570312,926.1239624023438
1790951524.4334931,0,0,921.18896484375,758.3359375,746.8211059570312,926.1239624023438
1790951524.444733,0,0,921.18896484375,758.3359375,746.8211059570312,926.1239624023438
1790951524.455808,0,0,924.4789428710938,784.6556396484375,758.3359375,899.8042602539062
1790951524.466769,0,0,888.2893676757812,766.5608520507812,764.9158325195312,898.1592407226562
1790951524.4774094,0,0,935.9938354492188,769.850830078125,755.0459594726562,931.0588989257812
1790951524.4886136,0,0,937.6387939453125,738.59619140625,771.4957885742188,924.4789428710938
1790951524.499307,0,0,893.2243041992188,799.46044921875,778.07568359375,898.1592407226562
1790951524.5102184,0,0,899.8042602539062,801.1054077148438,756.6909790039062,908.0291748046875
1790951524.5210857,0,0,899.8042602539062,801.1054077148438,756.6909790039062,908.0291748046875
1790951524.5321178,0,0,899.8042602539062,801.1054077148438,756.6909790039062,908.0291748046875
1790951524.5430582,0,0,899.8042602539062,801.1054077148438,756.6909790039062,908.0291748046875
1790951524.5536456,0,0,899.8042602539062,801.1054077148438,756.6909790039062,908.0291748046875
1790951524.5643065,0,0,899.8042602539062,801.1054077148438,756.6909790039062,908.0291748046875
1790951524.5753186,0,0,917.8990478515625,792.8805541992188,779.720703125,894.8693237304688
1790951524.5860233,0,0,908.0291748046875,797.8154907226562,776.4307250976562,909.6741333007812
1790951524.5971692,0,0,908.0291748046875,815.9102783203125,774.7857666015625,899.8042602539062
1790951524.6081269,0,0,889.9343872070312,799.46044921875,778.07568359375,889.9343872070312
1790951524.6193361,0,0,875.1295166015625,814.2652587890625,769.850830078125,888.2893676757812
1790951524.629873,0,0,875.1295166015625,814.2652587890625,769.850830078125,888.2893676757812
1790951524.6404479,0,0,875.1295166015625,814.2652587890625,769.850830078125,888.2893676757812
1790951524.651623,0,0,875.1295166015625,814.2652587890625,769.850830078125,888.2893676757812
1790951524.6625235,0,0,875.1295166015625,814.2652587890625,769.850830078125,888.2893676757812
1790951524.6735196,0,0,888.2893676757812,804.3953857421875,779.720703125,871.839599609375
1790951524.6844363,0,0,886.6444091796875,820.84521484375,787.945556640625,861.9697265625
1790951524.6951997,0,0,894.8693237304688,814.2652587890625,779.720703125,861.9697265625
1790951524.7060032,0,0,861.9697265625,824.1351318359375,783.0106201171875,853.7448120117188
1790951524.717023,0,0,861.9697265625,824.1351318359375,783.0106201171875,853.7448120117188
1790951524.7280722,0,0,861.9697265625,824.1351318359375,783.0106201171875,853.7448120117188
1790951524.739008,0,0,861.9697265625,824.1351318359375,783.0106201171875,853.7448120117188
1790951524.749974,0,0,861.9697265625,824.1351318359375,783.0106201171875,853.7448120117188
1790951524.7611861,0,0,861.9697265625,824.1351318359375,783.0106201171875,853.7448120117188
1790951524.7722905,0,0,866.9046630859375,809.330322265625,787.945556640625,822.4901733398438
1790951524.7829108,0,0,848.8098754882812,824.1351318359375,802.7504272460938,840.5849609375
1790951524.7938492,0,0,834.0050048828125,812.6203002929688,789.590576171875,835.6500244140625
1790951524.8048506,0,0,672.7969360351562,865.2596435546875,812.6203002929688,623.4475708007812
1790951524.8157,0,0,702.4066162109375,832.3600463867188,817.5552368164062,659.6371459960938
1790951524.826671,0,0,717.21142578125,799.46044921875,812.6203002929688,690.8917236328125
1790951524.837397,0,0,723.7913208007812,801.1054077148438,807.6853637695312,699.1166381835938
1790951524.8483992,0,0,738.59619140625,784.6556396484375,787.945556640625,741.8861083984375
1790951524.8593454,0,1,738.59619140625,784.6556396484375,787.945556640625,741.8861083984375
1790951524.8705673,0,1,738.59619140625,784.6556396484375,787.945556640625,741.8861083984375
1790951524.8812523,0,1,738.59619140625,784.6556396484375,787.945556640625,741.8861083984375
1790951524.8920162,0,1,738.59619140625,784.6556396484375,787.945556640625,741.8861083984375
1790951524.9028893,0,1,738.59619140625,784.6556396484375,787.945556640625,741.8861083984375
1790951524.9138577,0,1,753.4010009765625,771.4957885742188,784.6556396484375,736.951171875
1790951524.9246976,0,1,758.3359375,750.1110229492188,797.8154907226562,763.2708740234375
1790951524.9358299,0,1,776.4307250976562,776.4307250976562,787.945556640625,766.5608520507812
1790951524.946726,0,1,832.3600463867188,766.5608520507812,786.3005981445312,810.9752807617188
1790951524.9576955,0,1,847.1648559570312,773.1407470703125,781.3656616210938,838.9400024414062
1790951524.9686759,0,1,858.6797485351562,773.1407470703125,784.6556396484375,870.194580078125
1790951524.9795284,0,1,858.6797485351562,773.1407470703125,784.6556396484375,870.194580078125
1790951524.9900386,0,1,858.6797485351562,773.1407470703125,784.6556396484375,870.194580078125
1790951525.0010602,0,1,858.6797485351562,773.1407470703125,784.6556396484375,870.194580078125
1790951525.012065,0,1,858.6797485351562,773.1407470703125,784.6556396484375,870.194580078125
1790951525.0231495,0,1,858.6797485351562,773.1407470703125,784.6556396484375,870.194580078125
1790951525.0337207,0,1,858.6797485351562,773.1407470703125,784.6556396484375,870.194580078125
1790951525.04485,0,1,893.2243041992188,809.330322265625,794.5255126953125,863.6146850585938
1790951525.055817,0,1,883.3544311523438,796.1704711914062,806.0403442382812,868.5496215820312
1790951525.066499,0,1,883.3544311523438,799.46044921875,814.2652587890625,863.6146850585938
1790951525.0771964,0,1,876.7745361328125,786.3005981445312,819.2001953125,875.1295166015625
1790951525.088198,0,1,876.7745361328125,786.3005981445312,819.2001953125,875.1295166015625
1790951525.0992544,0,1,876.7745361328125,786.3005981445312,819.2001953125,875.1295166015625
1790951525.1101391,0,1,876.7745361328125,786.3005981445312,819.2001953125,875.1295166015625
1790951525.1210556,0,1,876.7745361328125,786.3005981445312,819.2001953125,875.1295166015625
1790951525.132519,0,1,873.4845581054688,794.5255126953125,807.6853637695312,865.2596435546875
1790951525.1432955,0,1,857.0347290039062,824.1351318359375,794.5255126953125,840.5849609375
1790951525.154183,0,1,850.454833984375,797.8154907226562,824.1351318359375,850.454833984375
1790951525.1652238,0,1,850.454833984375,797.8154907226562,824.1351318359375,850.454833984375
1790951525.1765933,0,1,850.454833984375,797.8154907226562,824.1351318359375,850.454833984375
1790951525.1872299,0,1,850.454833984375,797.8154907226562,824.1351318359375,850.454833984375
1790951525.198049,0,1,850.454833984375,797.8154907226562,824.1351318359375,850.454833984375
1790951525.208707,0,1,850.454833984375,797.8154907226562,824.1351318359375,850.454833984375
1790951525.219775,0,1,861.9697265625,806.0403442382812,806.0403442382812,847.1648559570312
1790951525.2363904,0,1,884.9994506835938,802.7504272460938,806.0403442382812,871.839599609375
1790951525.247746,1,1,883.3544311523438,810.9752807617188,817.5552368164062,861.9697265625
1790951525.2588892,1,1,884.9994506835938,806.0403442382812,802.7504272460938,858.6797485351562
1790951525.269936,1,1,875.1295166015625,817.5552368164062,810.9752807617188,865.2596435546875
1790951525.2809892,1,1,875.1295166015625,817.5552368164062,810.9752807617188,865.2596435546875
1790951525.2917738,1,1,875.1295166015625,817.5552368164062,810.9752807617188,865.2596435546875
1790951525.302734,1,1,875.1295166015625,817.5552368164062,810.9752807617188,865.2596435546875
1790951525.313657,1,1,875.1295166015625,817.5552368164062,810.9752807617188,865.2596435546875
1790951525.3247058,1,1,884.9994506835938,827.4251098632812,827.4251098632812,845.5198974609375
1790951525.3356528,1,1,860.32470703125,819.2001953125,804.3953857421875,852.0997924804688
1790951525.3470774,1,1,845.5198974609375,804.3953857421875,822.4901733398438,853.7448120117188
1790951525.3581042,1,1,845.5198974609375,804.3953857421875,822.4901733398438,853.7448120117188
1790951525.369243,1,1,845.5198974609375,804.3953857421875,822.4901733398438,853.7448120117188
1790951525.3802717,1,1,845.5198974609375,804.3953857421875,822.4901733398438,853.7448120117188
1790951525.3917327,1,1,845.5198974609375,804.3953857421875,822.4901733398438,853.7448120117188
1790951525.4026349,1,1,845.5198974609375,804.3953857421875,822.4901733398438,853.7448120117188
1790951525.414338,1,1,855.3897705078125,801.1054077148438,838.9400024414062,835.6500244140625
1790951525.425175,1,1,848.8098754882812,814.2652587890625,815.9102783203125,838.9400024414062
1790951525.4362514,1,1,850.454833984375,802.7504272460938,840.5849609375,837.2949829101562
1790951525.4471083,1,1,852.0997924804688,824.1351318359375,819.2001953125,847.1648559570312
1790951525.4586258,1,1,827.4251098632812,829.070068359375,847.1648559570312,810.9752807617188
1790951525.469305,1,1,787.945556640625,842.2299194335938,852.0997924804688,778.07568359375
1790951525.4804578,1,1,787.945556640625,842.2299194335938,852.0997924804688,778.07568359375
1790951525.4913893,1,1,787.945556640625,842.2299194335938,852.0997924804688,778.07568359375
1790951525.5023925,1,1,787.945556640625,842.2299194335938,852.0997924804688,778.07568359375
1790951525.513058,1,1,787.945556640625,842.2299194335938,852.0997924804688,778.07568359375
1790951525.5240636,1,1,761.6259155273438,847.1648559570312,847.1648559570312,728.726318359375
1790951525.5353053,1,1,643.1873168945312,889.9343872070312,878.4194946289062,600.4178466796875
1790951525.5460823,1,1,531.3286743164062,922.833984375,881.70947265625,449.0796203613281
1790951525.5566692,1,1,580.6780395507812,957.3785400390625,857.0347290039062,523.103759765625
1790951525.5680845,1,1,682.6668701171875,929.4138793945312,848.8098754882812,597.1278686523438
1790951525.578795,1,1,891.579345703125,873.4845581054688,797.8154907226562,807.6853637695312
1790951525.5894458,1,1,891.579345703125,873.4845581054688,797.8154907226562,807.6853637695312
1790951525.6002889,1,1,891.579345703125,873.4845581054688,797.8154907226562,807.6853637695312
1790951525.6112254,1,1,891.579345703125,873.4845581054688,797.8154907226562,807.6853637695312
1790951525.621899,1,1,891.579345703125,873.4845581054688,797.8154907226562,807.6853637695312
1790951525.6326923,1,1,891.579345703125,873.4845581054688,797.8154907226562,807.6853637695312
1790951525.6433764,1,1,922.833984375,875.1295166015625,799.46044921875,827.4251098632812
1790951525.6543121,1,1,1082.3970947265625,799.46044921875,787.945556640625,985.3432006835938
1790951525.6657228,1,1,1090.6219482421875,806.0403442382812,787.945556640625,1034.692626953125
1790951525.6770542,1,1,1047.8525390625,814.2652587890625,779.720703125,996.8580932617188
1790951525.688659,1,0,1047.8525390625,814.2652587890625,779.720703125,996.8580932617188
1790951525.7000344,1,0,1047.8525390625,814.2652587890625,779.720703125,996.8580932617188
1790951525.710753,1,0,1047.8525390625,814.2652587890625,779.720703125,996.8580932617188
1790951525.7218864,1,0,1047.8525390625,814.2652587890625,779.720703125,996.8580932617188
1790951525.7325468,1,0,1047.8525390625,814.2652587890625,779.720703125,996.8580932617188
1790951525.743783,1,0,1057.722412109375,794.5255126953125,796.1704711914062,978.7633056640625
1790951525.7552555,1,0,1013.307861328125,809.330322265625,796.1704711914062,952.443603515625
1790951525.766539,1,0,991.9231567382812,817.5552368164062,829.070068359375,935.9938354492188
1790951525.777768,1,0,962.3134765625,797.8154907226562,804.3953857421875,917.8990478515625
1790951525.789188,1,0,963.95849609375,802.7504272460938,784.6556396484375,916.2540283203125
1790951525.8005273,1,0,959.0235595703125,799.46044921875,829.070068359375,916.2540283203125
1790951525.8116102,1,0,959.0235595703125,799.46044921875,829.070068359375,916.2540283203125
1790951525.8222334,1,0,959.0235595703125,799.46044921875,829.070068359375,916.2540283203125
1790951525.8330743,1,0,959.0235595703125,799.46044921875,829.070068359375,916.2540283203125
1790951525.843635,1,0,959.0235595703125,799.46044921875,829.070068359375,916.2540283203125
1790951525.8545015,1,0,959.0235595703125,799.46044921875,829.070068359375,916.2540283203125
1790951525.8656523,1,0,959.0235595703125,799.46044921875,829.070068359375,916.2540283203125
1790951525.876903,1,0,962.3134765625,804.3953857421875,830.715087890625,884.9994506835938
1790951525.8873873,1,0,993.568115234375,799.46044921875,824.1351318359375,921.18896484375
1790951525.8985465,1,0,957.3785400390625,799.46044921875,825.7801513671875,898.1592407226562
1790951525.9097033,1,0,931.0588989257812,806.0403442382812,801.1054077148438,894.8693237304688
1790951525.9205701,1,0,931.0588989257812,806.0403442382812,801.1054077148438,894.8693237304688
1790951525.9312875,1,0,931.0588989257812,806.0403442382812,801.1054077148438,894.8693237304688
1790951525.9424558,1,0,931.0588989257812,806.0403442382812,801.1054077148438,894.8693237304688
1790951525.9534912,1,0,931.0588989257812,806.0403442382812,801.1054077148438,894.8693237304688
1790951525.9645092,1,0,947.5086669921875,802.7504272460938,822.4901733398438,884.9994506835938
1790951525.9755516,1,0,945.8637084960938,806.0403442382812,825.7801513671875,876.7745361328125
1790951525.986721,1,0,919.5440063476562,812.6203002929688,822.4901733398438,860.32470703125
1790951525.9976628,1,0,919.5440063476562,801.1054077148438,827.4251098632812,866.9046630859375
1790951526.0081687,1,0,894.8693237304688,799.46044921875,825.7801513671875,825.7801513671875
1790951526.019254,1,0,893.2243041992188,817.5552368164062,829.070068359375,853.7448120117188
1790951526.03022,1,1,893.2243041992188,817.5552368164062,829.070068359375,853.7448120117188
1790951526.041172,1,1,893.2243041992188,817.5552368164062,829.070068359375,853.7448120117188
1790951526.052459,1,1,893.2243041992188,817.5552368164062,829.070068359375,853.7448120117188
1790951526.063287,1,1,893.2243041992188,817.5552368164062,829.070068359375,853.7448120117188
1790951526.0743637,1,1,880.064453125,829.070068359375,814.2652587890625,876.7745361328125
1790951526.0850904,1,1,889.9343872070312,812.6203002929688,827.4251098632812,875.1295166015625
1790951526.0965645,1,1,1006.7279663085938,873.4845581054688,769.850830078125,959.0235595703125
1790951526.1074235,1,1,1006.7279663085938,873.4845581054688,769.850830078125,959.0235595703125
1790951526.11833,1,1,1006.7279663085938,873.4845581054688,769.850830078125,959.0235595703125
1790951526.1300914,1,1,1006.7279663085938,873.4845581054688,769.850830078125,959.0235595703125
1790951526.1409109,1,1,1006.7279663085938,873.4845581054688,769.850830078125,959.0235595703125
1790951526.1518068,1,1,1006.7279663085938,873.4845581054688,769.850830078125,959.0235595703125
1790951526.1625128,1,1,947.5086669921875,857.0347290039062,801.1054077148438,924.4789428710938
1790951526.1733842,1,1,955.7335815429688,848.8098754882812,796.1704711914062,911.319091796875
1790951526.1845372,1,1,944.2186889648438,843.8749389648438,810.9752807617188,909.6741333007812
1790951526.1954916,1,1,944.2186889648438,843.8749389648438,810.9752807617188,909.6741333007812
1790951526.2068532,1,1,944.2186889648438,843.8749389648438,810.9752807617188,909.6741333007812
1790951526.2175431,1,1,944.2186889648438,843.8749389648438,810.9752807617188,909.6741333007812
1790951526.2288918,1,1,944.2186889648438,843.8749389648438,810.9752807617188,909.6741333007812
1790951526.239966,1,1,884.9994506835938,832.3600463867188,807.6853637695312,871.839599609375
1790951526.250981,1,1,901.44921875,812.6203002929688,810.9752807617188,868.5496215820312
1790951526.2615283,1,1,891.579345703125,830.715087890625,799.46044921875,861.9697265625
1790951526.2722766,1,1,888.2893676757812,799.46044921875,812.6203002929688,858.6797485351562
1790951526.2832994,1,1,871.839599609375,830.715087890625,797.8154907226562,855.3897705078125
1790951526.2939126,1,1,871.839599609375,830.715087890625,797.8154907226562,855.3897705078125
1790951526.3050542,1,1,871.839599609375,830.715087890625,797.8154907226562,855.3897705078125
1790951526.3156102,1,1,871.839599609375,830.715087890625,797.8154907226562,855.3897705078125
1790951526.3266854,1,1,871.839599609375,830.715087890625,797.8154907226562,855.3897705078125
1790951526.3375518,1,1,871.839599609375,830.715087890625,797.8154907226562,855.3897705078125
1790951526.3484385,1,1,883.3544311523438,850.454833984375,807.6853637695312,834.0050048828125
1790951526.3592155,1,1,880.064453125,832.3600463867188,801.1054077148438,858.6797485351562
1790951526.370524,1,1,878.4194946289062,804.3953857421875,824.1351318359375,855.3897705078125
1790951526.3819401,1,1,889.9343872070312,817.5552368164062,838.9400024414062,876.7745361328125
1790951526.3927987,1,1,829.070068359375,814.2652587890625,783.0106201171875,825.7801513671875
1790951526.403741,1,1,829.070068359375,814.2652587890625,783.0106201171875,825.7801513671875
1790951526.4142869,1,1,829.070068359375,814.2652587890625,783.0106201171875,825.7801513671875
1790951526.4249523,1,1,829.070068359375,814.2652587890625,783.0106201171875,825.7801513671875
1790951526.436558,1,1,829.070068359375,814.2652587890625,783.0106201171875,825.7801513671875
1790951526.4473991,1,1,840.5849609375,789.590576171875,817.5552368164062,814.2652587890625
1790951526.458405,1,1,750.1110229492188,815.9102783203125,837.2949829101562,743.5311279296875
1790951526.4694898,1,1,677.7318725585938,690.8917236328125,848.8098754882812,684.3118286132812
1790951526.4804966,1,1,508.2989196777344,704.0515747070312,1088.9769287109375,579.0330810546875
1790951526.4911911,1,1,455.6595458984375,1072.5272216796875,1659.78515625,631.6724243164062
1790951526.5019717,1,1,692.5367431640625,1441.0028076171875,1653.2052001953125,730.3712768554688
1790951526.5131574,1,1,876.7745361328125,1441.0028076171875,1654.8502197265625,819.2001953125
1790951526.5238268,1,1,952.443603515625,1636.7554931640625,934.3488159179688,835.6500244140625
1790951526.5343163,1,1,868.5496215820312,1557.79638671875,661.2821044921875,755.0459594726562
1790951526.5451589,1,0,868.5496215820312,1557.79638671875,661.2821044921875,755.0459594726562
1790951526.555972,1,0,868.5496215820312,1557.79638671875,661.2821044921875,755.0459594726562
1790951526.5672069,1,0,868.5496215820312,1557.79638671875,661.2821044921875,755.0459594726562
1790951526.577886,1,0,868.5496215820312,1557.79638671875,661.2821044921875,755.0459594726562
1790951526.5885189,1,0,868.5496215820312,1557.79638671875,661.2821044921875,755.0459594726562
1790951526.5998173,1,0,858.6797485351562,1518.31689453125,536.2636108398438,715.5664672851562
1790951526.6105883,1,0,825.7801513671875,1413.0380859375,227.00729370117188,740.2411499023438
1790951526.6211817,1,0,710.6315307617188,1478.8372802734375,292.8064880371094,682.6668701171875
1790951526.6325104,1,0,639.8973388671875,1241.960205078125,250.03701782226562,695.82666015625
1790951526.6434677,1,0,631.6724243164062,1163.0010986328125,342.1559143066406,730.3712768554688
1790951526.654378,1,0,644.832275390625,1123.5216064453125,376.70050048828125,735.3062133789062
1790951526.6652837,1,0,672.7969360351562,886.6444091796875,427.69488525390625,802.7504272460938
1790951526.676003,1,0,672.7969360351562,886.6444091796875,427.69488525390625,802.7504272460938
1790951526.686634,1,0,672.7969360351562,886.6444091796875,427.69488525390625,802.7504272460938
1790951526.6977315,1,0,672.7969360351562,886.6444091796875,427.69488525390625,802.7504272460938
1790951526.7087076,1,0,672.7969360351562,886.6444091796875,427.69488525390625,802.7504272460938
1790951526.7198226,1,0,672.7969360351562,886.6444091796875,427.69488525390625,802.7504272460938
1790951526.7306416,1,0,702.4066162109375,827.4251098632812,384.9254150390625,817.5552368164062
1790951526.7411265,1,0,758.3359375,708.9865112304688,417.82501220703125,842.2299194335938
1790951526.7522874,1,0,815.9102783203125,761.6259155273438,430.98486328125,929.4138793945312
1790951526.7633886,1,0,797.8154907226562,763.2708740234375,546.1334838867188,889.9343872070312
1790951526.7744381,1,0,847.1648559570312,814.2652587890625,605.352783203125,935.9938354492188
1790951526.7861934,1,0,827.4251098632812,858.6797485351562,715.5664672851562,903.09423828125
1790951526.7974422,1,0,827.4251098632812,858.6797485351562,715.5664672851562,903.09423828125
1790951526.8083498,1,0,827.4251098632812,858.6797485351562,715.5664672851562,903.09423828125
1790951526.8190193,1,0,827.4251098632812,858.6797485351562,715.5664672851562,903.09423828125
1790951526.8300993,1,0,827.4251098632812,858.6797485351562,715.5664672851562,903.09423828125
1790951526.8413014,1,0,807.6853637695312,855.3897705078125,758.3359375,881.70947265625
1790951526.8519394,1,0,656.34716796875,967.2484130859375,1021.5327758789062,776.4307250976562
1790951526.8626273,1,0,208.91250610351562,1108.716796875,916.2540283203125,539.5535278320312
1790951526.8734787,1,0,70.7341537475586,1253.4749755859375,916.2540283203125,302.6763916015625
1790951526.884164,1,0,55.9293327331543,1437.7127685546875,863.6146850585938,302.6763916015625
1790951526.895039,1,0,55.9293327331543,1437.7127685546875,863.6146850585938,302.6763916015625
1790951526.9058378,1,0,55.9293327331543,1437.7127685546875,863.6146850585938,302.6763916015625
1790951526.9166863,1,0,55.9293327331543,1437.7127685546875,863.6146850585938,302.6763916015625
1790951526.927814,1,0,55.9293327331543,1437.7127685546875,863.6146850585938,302.6763916015625
1790951526.9387708,1,0,93.76387786865234,1617.015625,1626.885498046875,223.7173309326172
1790951526.949697,1,0,473.75433349609375,1656.4952392578125,1666.3651123046875,565.8732299804688
1790951526.9606678,1,0,473.75433349609375,1656.4952392578125,1666.3651123046875,565.8732299804688
1790951526.9717777,1,0,815.9102783203125,1661.43017578125,1648.270263671875,763.2708740234375
1790951526.9825957,1,0,973.828369140625,1656.4952392578125,1643.3353271484375,881.70947265625
1790951526.9934673,1,0,973.828369140625,1656.4952392578125,1643.3353271484375,881.70947265625
1790951527.0042758,1,0,973.828369140625,1656.4952392578125,1643.3353271484375,881.70947265625
1790951527.0158122,1,0,973.828369140625,1656.4952392578125,1643.3353271484375,881.70947265625
1790951527.0263426,1,0,973.828369140625,1656.4952392578125,1643.3353271484375,881.70947265625
1790951527.03693,1,0,1021.5327758789062,1669.655029296875,46.0594482421875,901.44921875
1790951527.0479577,1,0,1018.2428588867188,1472.2574462890625,32.89960861206055,954.088623046875
1790951527.0587873,1,0,875.1295166015625,1090.6219482421875,29.60964584350586,884.9994506835938
1790951527.0700521,1,0,870.194580078125,1051.1424560546875,34.544586181640625,894.8693237304688
1790951527.0810666,1,0,870.194580078125,1051.1424560546875,34.544586181640625,894.8693237304688
1790951527.092682,1,0,870.194580078125,1051.1424560546875,34.544586181640625,894.8693237304688
1790951527.1040719,1,0,870.194580078125,1051.1424560546875,34.544586181640625,894.8693237304688
1790951527.1152706,1,0,870.194580078125,1051.1424560546875,34.544586181640625,894.8693237304688
1790951527.1263616,1,0,870.194580078125,1051.1424560546875,34.544586181640625,894.8693237304688
1790951527.137369,1,0,889.9343872070312,866.9046630859375,36.18956756591797,908.0291748046875
1790951527.1484768,1,0,751.7560424804688,656.34716796875,139.82333374023438,763.2708740234375
1790951527.158964,1,0,817.5552368164062,840.5849609375,302.6763916015625,891.579345703125
1790951527.1695383,1,0,937.6387939453125,582.3230590820312,274.71173095703125,952.443603515625
1790951527.1806529,1,0,740.2411499023438,740.2411499023438,353.6707763671875,847.1648559570312
1790951527.1916525,1,0,740.2411499023438,740.2411499023438,353.6707763671875,847.1648559570312
1790951527.202383,1,0,740.2411499023438,740.2411499023438,353.6707763671875,847.1648559570312
1790951527.2129476,1,0,740.2411499023438,740.2411499023438,353.6707763671875,847.1648559570312
1790951527.2235823,1,0,740.2411499023438,740.2411499023438,353.6707763671875,847.1648559570312
1790951527.2352893,1,0,740.2411499023438,740.2411499023438,353.6707763671875,847.1648559570312
1790951527.246229,1,0,384.9254150390625,1334.0791015625,1600.56591796875,592.1929321289062
1790951527.2572796,1,0,661.2821044921875,1460.7425537109375,1570.9561767578125,748.466064453125
1790951527.267946,1,0,838.9400024414062,1437.7127685546875,1566.021240234375,848.8098754882812
1790951527.27941,1,0,838.9400024414062,1437.7127685546875,1566.021240234375,848.8098754882812
1790951527.29003,1,0,838.9400024414062,1437.7127685546875,1566.021240234375,848.8098754882812
1790951527.3012145,1,0,838.9400024414062,1437.7127685546875,1566.021240234375,848.8098754882812
1790951527.3126426,1,0,838.9400024414062,1437.7127685546875,1566.021240234375,848.8098754882812
1790951527.3233738,1,0,950.7986450195312,1449.2276611328125,1421.2630615234375,965.6034545898438
1790951527.3342245,1,0,1042.91748046875,1445.937744140625,1187.67578125,1013.307861328125
1790951527.3450124,1,0,1085.68701171875,1432.77783203125,871.839599609375,1026.4677734375
1790951527.35574,1,0,1125.16650390625,1169.5810546875,437.56475830078125,1026.4677734375
1790951527.366759,1,0,1167.93603515625,1064.30224609375,305.9663391113281,1092.2669677734375
1790951527.3777437,1,0,1092.2669677734375,985.3432006835938,447.4346618652344,1036.337646484375
1790951527.3888361,1,0,1092.2669677734375,985.3432006835938,447.4346618652344,1036.337646484375
1790951527.3998702,1,0,1092.2669677734375,985.3432006835938,447.4346618652344,1036.337646484375
1790951527.410734,1,0,1092.2669677734375,985.3432006835938,447.4346618652344,1036.337646484375
1790951527.4214785,1,0,1092.2669677734375,985.3432006835938,447.4346618652344,1036.337646484375
1790951527.432608,1,0,1092.2669677734375,985.3432006835938,447.4346618652344,1036.337646484375
1790951527.4435668,1,0,1092.2669677734375,985.3432006835938,447.4346618652344,1036.337646484375
1790951527.4543662,1,0,1148.1962890625,820.84521484375,350.38079833984375,1088.9769287109375
1790951527.4653525,1,0,1011.6629028320312,447.4346618652344,417.82501220703125,1044.5625
1790951527.47631,1,0,949.1536865234375,424.4049377441406,440.854736328125,1046.20751953125
1790951527.4869049,1,0,949.1536865234375,424.4049377441406,440.854736328125,1046.20751953125
1790951527.497972,1,0,949.1536865234375,424.4049377441406,440.854736328125,1046.20751953125
1790951527.5111165,1,0,949.1536865234375,424.4049377441406,440.854736328125,1046.20751953125
1790951527.5229614,1,0,949.1536865234375,424.4049377441406,440.854736328125,1046.20751953125
1790951527.5336132,1,0,949.1536865234375,424.4049377441406,440.854736328125,1046.20751953125
1790951527.5447192,1,0,942.57373046875,437.56475830078125,468.81939697265625,1010.0179443359375
1790951527.5561323,1,0,975.4733276367188,388.2153625488281,457.3045349121094,1046.20751953125
1790951527.5673485,1,0,919.5440063476562,315.8362121582031,509.94390869140625,1037.9825439453125
1790951527.5784411,1,0,906.3841552734375,266.48681640625,547.7784423828125,1028.1126708984375
1790951527.5891547,1,0,914.6090698242188,144.75827026367188,582.3230590820312,1013.307861328125
1790951527.600176,1,0,914.6090698242188,144.75827026367188,582.3230590820312,1013.307861328125
1790951527.6112144,1,0,843.8749389648438,151.33819580078125,699.1166381835938,931.0588989257812
1790951527.6218762,1,0,909.6741333007812,101.98878479003906,625.092529296875,1028.1126708984375
1790951527.6330051,1,0,909.6741333007812,101.98878479003906,625.092529296875,1028.1126708984375
1790951527.6449528,1,0,909.6741333007812,101.98878479003906,625.092529296875,1028.1126708984375
1790951527.657283,1,0,827.4251098632812,75.66909790039062,699.1166381835938,937.6387939453125
1790951527.6684265,1,0,824.1351318359375,180.9478302001953,718.8563842773438,914.6090698242188
1790951527.6797986,1,0,797.8154907226562,259.9068908691406,814.2652587890625,927.7689208984375
1790951527.6904263,1,0,297.741455078125,1167.93603515625,860.32470703125,625.092529296875
1790951527.7013578,1,0,297.741455078125,1167.93603515625,860.32470703125,625.092529296875
1790951527.7124,1,0,297.741455078125,1167.93603515625,860.32470703125,625.092529296875
1790951527.7230926,1,0,297.741455078125,1167.93603515625,860.32470703125,625.092529296875
1790951527.7336757,1,0,297.741455078125,1167.93603515625,860.32470703125,625.092529296875
1790951527.7445748,1,0,297.741455078125,1167.93603515625,860.32470703125,625.092529296875
1790951527.7550626,1,0,297.741455078125,1253.4749755859375,991.9231567382812,572.4531860351562
1790951527.766143,1,0,587.2579956054688,1523.2518310546875,1386.7183837890625,756.6909790039062
1790951527.7770722,1,0,592.1929321289062,1598.9208984375,1429.4879150390625,611.9326782226562
1790951527.7879539,1,0,592.1929321289062,1598.9208984375,1429.4879150390625,611.9326782226562
1790951527.798843,1,0,723.7913208007812,1572.6011962890625,1398.2332763671875,713.9214477539062
1790951527.8102033,1,0,769.850830078125,1546.281494140625,1598.9208984375,717.21142578125
1790951527.8208718,1,0,769.850830078125,1546.281494140625,1598.9208984375,717.21142578125
1790951527.8317456,1,0,769.850830078125,1546.281494140625,1598.9208984375,717.21142578125
1790951527.8425095,1,0,769.850830078125,1546.281494140625,1598.9208984375,717.21142578125
1790951527.8535123,1,0,769.850830078125,1546.281494140625,1598.9208984375,717.21142578125
1790951527.8641202,1,0,769.850830078125,1546.281494140625,1598.9208984375,717.21142578125
1790951527.8751843,1,0,802.7504272460938,1467.322509765625,1674.5899658203125,740.2411499023438
1790951527.885796,1,0,914.6090698242188,1493.6422119140625,1633.4654541015625,845.5198974609375
1790951527.896495,1,0,967.2484130859375,1496.93212890625,1682.81494140625,865.2596435546875
1790951527.9070833,1,0,1194.2557373046875,990.2781372070312,557.6483154296875,1006.7279663085938
1790951527.9177485,1,0,1125.16650390625,575.7431030273438,427.69488525390625,1000.1480712890625
1790951527.9289017,1,0,1075.817138671875,457.3045349121094,381.63543701171875,975.4733276367188
1790951527.9396558,1,0,1039.6275634765625,440.854736328125,398.0852355957031,972.1834106445312
1790951527.9503317,1,0,1039.6275634765625,440.854736328125,398.0852355957031,972.1834106445312
1790951527.96121,1,0,1010.0179443359375,430.98486328125,432.62982177734375,955.7335815429688
1790951527.972392,1,0,1010.0179443359375,430.98486328125,432.62982177734375,955.7335815429688
1790951527.9831524,1,0,1010.0179443359375,430.98486328125,432.62982177734375,955.7335815429688
1790951527.9940746,1,0,1010.0179443359375,430.98486328125,432.62982177734375,955.7335815429688
1790951528.00485,1,0,1010.0179443359375,430.98486328125,432.62982177734375,955.7335815429688
1790951528.0160534,1,0,1010.0179443359375,430.98486328125,432.62982177734375,955.7335815429688
1790951528.0268304,1,0,968.8934326171875,501.718994140625,500.07403564453125,959.0235595703125
1790951528.0376914,1,0,954.088623046875,477.0443115234375,546.1334838867188,949.1536865234375
1790951528.049387,1,0,929.4138793945312,513.23388671875,565.8732299804688,934.3488159179688
1790951528.0607271,1,0,947.5086669921875,539.5535278320312,616.8676147460938,926.1239624023438
1790951528.071348,1,0,927.7689208984375,567.5181884765625,646.477294921875,931.0588989257812
1790951528.0828362,1,0,927.7689208984375,567.5181884765625,646.477294921875,931.0588989257812
1790951528.0933285,1,0,927.7689208984375,567.5181884765625,646.477294921875,931.0588989257812
1790951528.104109,1,0,927.7689208984375,567.5181884765625,646.477294921875,931.0588989257812
1790951528.1147172,1,0,927.7689208984375,567.5181884765625,646.477294921875,931.0588989257812
1790951528.125514,1,0,906.3841552734375,580.6780395507812,736.951171875,896.5142822265625
1790951528.1363935,1,0,922.833984375,544.4884643554688,774.7857666015625,899.8042602539062
1790951528.147841,1,0,926.1239624023438,498.4290466308594,783.0106201171875,919.5440063476562
1790951528.1589062,1,0,893.2243041992188,509.94390869140625,873.4845581054688,866.9046630859375
1790951528.170447,1,0,880.064453125,462.2394714355469,868.5496215820312,899.8042602539062
1790951528.1814356,1,0,880.064453125,462.2394714355469,868.5496215820312,899.8042602539062
1790951528.1921785,1,0,880.064453125,462.2394714355469,868.5496215820312,899.8042602539062
1790951528.2033765,1,0,880.064453125,462.2394714355469,868.5496215820312,899.8042602539062
1790951528.2140336,1,0,880.064453125,462.2394714355469,868.5496215820312,899.8042602539062
1790951528.2256036,1,0,880.064453125,462.2394714355469,868.5496215820312,899.8042602539062
1790951528.2366025,1,0,906.3841552734375,422.75994873046875,858.6797485351562,926.1239624023438
1790951528.2474258,1,0,840.5849609375,475.3993225097656,940.9287719726562,847.1648559570312
1790951528.258615,1,0,643.1873168945312,580.6780395507812,986.9882202148438,794.5255126953125
1790951528.269436,1,0,314.1912536621094,949.1536865234375,1003.43798828125,531.3286743164062
1790951528.2803476,1,0,314.1912536621094,1136.681396484375,1062.6573486328125,560.9382934570312
1790951528.2908685,1,0,314.1912536621094,1401.523193359375,1029.7576904296875,630.0274658203125
1790951528.3016105,1,0,393.1502990722656,1635.1104736328125,1075.817138671875,725.4363403320312
1790951528.312313,1,0,393.1502990722656,1635.1104736328125,1075.817138671875,725.4363403320312
1790951528.3232932,1,0,393.1502990722656,1635.1104736328125,1075.817138671875,725.4363403320312
1790951528.3342922,1,0,393.1502990722656,1635.1104736328125,1075.817138671875,725.4363403320312
1790951528.3450313,1,0,393.1502990722656,1635.1104736328125,1075.817138671875,725.4363403320312
1790951528.3565402,1,0,393.1502990722656,1635.1104736328125,1075.817138671875,725.4363403320312
1790951528.3674583,1,0,603.707763671875,1682.81494140625,1161.3560791015625,791.2355346679688
1790951528.3786013,1,0,801.1054077148438,1682.81494140625,1062.6573486328125,942.57373046875
1790951528.389187,1,0,842.2299194335938,1640.04541015625,889.9343872070312,843.8749389648438
1790951528.4002988,1,0,1014.952880859375,1528.186767578125,771.4957885742188,932.703857421875
1790951528.4117513,1,0,1069.2371826171875,1396.5882568359375,758.3359375,954.088623046875
1790951528.423285,1,0,1069.2371826171875,1396.5882568359375,758.3359375,954.088623046875
1790951528.4343722,1,0,1069.2371826171875,1396.5882568359375,758.3359375,954.088623046875
1790951528.4452462,1,0,1069.2371826171875,1396.5882568359375,758.3359375,954.088623046875
1790951528.4558246,1,0,1069.2371826171875,1396.5882568359375,758.3359375,954.088623046875
1790951528.466355,1,0,1069.2371826171875,1396.5882568359375,758.3359375,954.088623046875
1790951528.4773338,1,0,1153.1312255859375,1159.711181640625,644.832275390625,955.7335815429688
1790951528.4889581,1,0,1116.941650390625,1054.432373046875,653.0571899414062,968.8934326171875
1790951528.4999642,1,0,1070.8822021484375,791.2355346679688,615.22265625,993.568115234375
1790951528.5109015,1,0,1029.7576904296875,528.0386962890625,606.9977416992188,977.1183471679688
1790951528.5214446,1,0,1005.0830078125,475.3993225097656,570.8081665039062,967.2484130859375
1790951528.5324457,1,0,1005.0830078125,475.3993225097656,570.8081665039062,967.2484130859375
1790951528.543175,1,0,1005.0830078125,475.3993225097656,570.8081665039062,967.2484130859375
1790951528.5541742,1,0,1005.0830078125,475.3993225097656,570.8081665039062,967.2484130859375
1790951528.5651321,1,0,1005.0830078125,475.3993225097656,570.8081665039062,967.2484130859375
1790951528.5757425,1,0,1005.0830078125,475.3993225097656,570.8081665039062,967.2484130859375
1790951528.587104,1,0,937.6387939453125,521.458740234375,661.2821044921875,912.964111328125
1790951528.5979483,1,0,944.2186889648438,580.6780395507812,662.9270629882812,934.3488159179688
1790951528.6085532,1,0,934.3488159179688,569.1632080078125,733.6612548828125,927.7689208984375
1790951528.619661,1,0,934.3488159179688,569.1632080078125,733.6612548828125,927.7689208984375
1790951528.6306124,1,0,934.3488159179688,569.1632080078125,733.6612548828125,927.7689208984375
1790951528.6412656,1,0,934.3488159179688,569.1632080078125,733.6612548828125,927.7689208984375
1790951528.6525154,1,0,939.2837524414062,583.968017578125,715.5664672851562,942.57373046875
1790951528.6634514,1,0,922.833984375,672.7969360351562,705.6965942382812,904.7391967773438
1790951528.6743686,1,0,878.4194946289062,687.601806640625,732.0162353515625,906.3841552734375
1790951528.6852791,1,0,878.4194946289062,687.601806640625,732.0162353515625,906.3841552734375
1790951528.6962924,1,0,861.9697265625,755.0459594726562,740.2411499023438,863.6146850585938
1790951528.7072563,1,0,884.9994506835938,764.9158325195312,751.7560424804688,914.6090698242188
1790951528.718192,1,0,884.9994506835938,764.9158325195312,751.7560424804688,914.6090698242188
1790951528.729216,1,0,884.9994506835938,764.9158325195312,751.7560424804688,914.6090698242188
1790951528.7400076,1,0,884.9994506835938,764.9158325195312,751.7560424804688,914.6090698242188
1790951528.7508526,1,0,884.9994506835938,764.9158325195312,751.7560424804688,914.6090698242188
1790951528.7621138,1,0,884.9994506835938,764.9158325195312,751.7560424804688,914.6090698242188
1790951528.7729666,1,0,870.194580078125,755.0459594726562,736.951171875,893.2243041992188
1790951528.7835639,1,0,884.9994506835938,753.4010009765625,738.59619140625,889.9343872070312
1790951528.794208,1,0,843.8749389648438,812.6203002929688,794.5255126953125,866.9046630859375
1790951528.805745,1,0,381.63543701171875,927.7689208984375,899.8042602539062,488.5591735839844
1790951528.8165705,1,0,381.63543701171875,927.7689208984375,899.8042602539062,488.5591735839844
1790951528.8275304,1,0,381.63543701171875,927.7689208984375,899.8042602539062,488.5591735839844
1790951528.838148,1,0,381.63543701171875,927.7689208984375,899.8042602539062,488.5591735839844
1790951528.8490062,1,0,381.63543701171875,927.7689208984375,899.8042602539062,488.5591735839844
1790951528.8595996,1,0,381.63543701171875,927.7689208984375,899.8042602539062,488.5591735839844
1790951528.8708074,1,0,302.6763916015625,1085.68701171875,820.84521484375,488.5591735839844
1790951528.8817255,1,0,92.118896484375,1559.44140625,1110.3616943359375,356.9607238769531
1790951528.8926766,1,0,276.356689453125,1682.81494140625,1399.8782958984375,620.1575927734375
1790951528.9038258,1,0,394.7952880859375,1669.655029296875,1557.79638671875,705.6965942382812
1790951528.9150605,1,0,579.0330810546875,1649.915283203125,1505.156982421875,827.4251098632812
1790951528.9258482,1,0,579.0330810546875,1649.915283203125,1505.156982421875,827.4251098632812
1790951528.9369314,1,0,579.0330810546875,1649.915283203125,1505.156982421875,827.4251098632812
1790951528.947841,1,0,579.0330810546875,1649.915283203125,1505.156982421875,827.4251098632812
1790951528.9585326,1,0,579.0330810546875,1649.915283203125,1505.156982421875,827.4251098632812
1790951528.9696257,1,0,579.0330810546875,1649.915283203125,1505.156982421875,827.4251098632812
1790951528.980302,1,0,579.0330810546875,1649.915283203125,1505.156982421875,827.4251098632812
1790951528.9911237,1,0,815.9102783203125,1656.4952392578125,1215.6405029296875,1024.82275390625
1790951529.0026393,1,0,980.4082641601562,1651.560302734375,1075.817138671875,950.7986450195312
1790951529.0137622,1,0,1130.1014404296875,1564.3763427734375,963.95849609375,1024.82275390625
1790951529.0245404,1,0,1199.190673828125,1010.0179443359375,587.2579956054688,1064.30224609375
1790951529.0353134,1,0,1135.036376953125,845.5198974609375,605.352783203125,1041.2725830078125
1790951529.0467012,1,0,1074.172119140625,797.8154907226562,689.2467651367188,1010.0179443359375
1790951529.0575929,1,0,1019.8878173828125,751.7560424804688,618.5126342773438,1003.43798828125
1790951529.0681565,1,0,1036.337646484375,728.726318359375,626.7374877929688,1021.5327758789062
1790951529.079403,1,0,1033.047607421875,684.3118286132812,644.832275390625,1024.82275390625
1790951529.0903516,1,0,1033.047607421875,684.3118286132812,644.832275390625,1024.82275390625
1790951529.1010725,1,0,1033.047607421875,684.3118286132812,644.832275390625,1024.82275390625
1790951529.112407,1,0,1033.047607421875,684.3118286132812,644.832275390625,1024.82275390625
1790951529.1236396,1,0,1033.047607421875,684.3118286132812,644.832275390625,1024.82275390625
1790951529.134556,1,0,978.7633056640625,648.1222534179688,646.477294921875,983.6982421875
1790951529.1451707,1,0,955.7335815429688,542.843505859375,654.7021484375,940.9287719726562
1790951529.1563604,1,0,963.95849609375,526.3937377929688,662.9270629882812,982.0532836914062
1790951529.16725,1,0,934.3488159179688,569.1632080078125,681.0218505859375,945.8637084960938
1790951529.1784914,1,0,881.70947265625,630.0274658203125,727.081298828125,899.8042602539062
1790951529.189866,1,0,881.70947265625,630.0274658203125,727.081298828125,899.8042602539062
1790951529.2003815,1,0,881.70947265625,630.0274658203125,727.081298828125,899.8042602539062
1790951529.2109926,1,0,881.70947265625,630.0274658203125,727.081298828125,899.8042602539062
1790951529.2220953,1,0,881.70947265625,630.0274658203125,727.081298828125,899.8042602539062
1790951529.2329834,1,0,881.70947265625,630.0274658203125,727.081298828125,899.8042602539062
1790951529.2439914,1,0,988.6331787109375,740.2411499023438,669.5070190429688,922.833984375
1790951529.2546856,1,0,988.6331787109375,758.3359375,672.7969360351562,944.2186889648438
1790951529.2652805,1,0,988.6331787109375,758.3359375,672.7969360351562,944.2186889648438
1790951529.2757897,1,0,1059.3673095703125,830.715087890625,653.0571899414062,1000.1480712890625
1790951529.286466,1,0,1059.3673095703125,830.715087890625,653.0571899414062,1000.1480712890625
1790951529.2976534,1,0,1059.3673095703125,830.715087890625,653.0571899414062,1000.1480712890625
1790951529.3084292,1,0,1059.3673095703125,830.715087890625,653.0571899414062,1000.1480712890625
1790951529.3195715,1,0,1059.3673095703125,830.715087890625,653.0571899414062,1000.1480712890625
1790951529.3301983,1,0,1059.3673095703125,830.715087890625,653.0571899414062,1000.1480712890625
1790951529.3409452,1,0,1079.1070556640625,825.7801513671875,659.6371459960938,1014.952880859375
1790951529.3520722,1,0,1061.0123291015625,807.6853637695312,695.82666015625,986.9882202148438
1790951529.3632727,1,0,1008.3729248046875,779.720703125,677.7318725585938,937.6387939453125
1790951529.3742533,1,0,993.568115234375,796.1704711914062,702.4066162109375,932.703857421875
1790951529.3857756,1,0,982.0532836914062,713.9214477539062,712.2764892578125,908.0291748046875
1790951529.3974915,1,0,982.0532836914062,713.9214477539062,712.2764892578125,908.0291748046875
1790951529.4082146,1,0,982.0532836914062,713.9214477539062,712.2764892578125,908.0291748046875
1790951529.4189844,1,0,982.0532836914062,713.9214477539062,712.2764892578125,908.0291748046875
1790951529.4297824,1,0,982.0532836914062,713.9214477539062,712.2764892578125,908.0291748046875
1790951529.440845,1,0,982.0532836914062,713.9214477539062,712.2764892578125,908.0291748046875
1790951529.4520118,1,0,903.09423828125,649.7672119140625,743.5311279296875,875.1295166015625
1790951529.4632459,1,0,904.7391967773438,648.1222534179688,774.7857666015625,858.6797485351562
1790951529.47402,1,0,896.5142822265625,630.0274658203125,756.6909790039062,850.454833984375
1790951529.4849052,1,0,896.5142822265625,630.0274658203125,756.6909790039062,850.454833984375
1790951529.4957306,1,0,896.5142822265625,630.0274658203125,756.6909790039062,850.454833984375
1790951529.507153,1,0,896.5142822265625,630.0274658203125,756.6909790039062,850.454833984375
1790951529.5182557,1,0,896.5142822265625,630.0274658203125,756.6909790039062,850.454833984375
1790951529.5294802,1,0,896.5142822265625,630.0274658203125,756.6909790039062,850.454833984375
1790951529.540438,1,0,899.8042602539062,546.1334838867188,751.7560424804688,840.5849609375
1790951529.5518386,1,0,908.0291748046875,546.1334838867188,763.2708740234375,853.7448120117188
1790951529.562632,1,0,934.3488159179688,567.5181884765625,787.945556640625,857.0347290039062
1790951529.5735676,1,0,878.4194946289062,603.707763671875,773.1407470703125,824.1351318359375
1790951529.5841324,1,0,889.9343872070312,608.6427001953125,761.6259155273438,825.7801513671875
1790951529.5955772,1,0,901.44921875,618.5126342773438,774.7857666015625,838.9400024414062
1790951529.6067216,1,0,901.44921875,618.5126342773438,774.7857666015625,838.9400024414062
1790951529.6173804,1,0,901.44921875,618.5126342773438,774.7857666015625,838.9400024414062
1790951529.6282883,1,0,901.44921875,618.5126342773438,774.7857666015625,838.9400024414062
1790951529.638873,1,0,901.44921875,618.5126342773438,774.7857666015625,838.9400024414062
1790951529.6494718,1,0,901.44921875,618.5126342773438,774.7857666015625,838.9400024414062
1790951529.6604047,1,0,901.44921875,618.5126342773438,774.7857666015625,838.9400024414062
1790951529.6715164,1,0,893.2243041992188,592.1929321289062,779.720703125,845.5198974609375
1790951529.6827636,1,0,860.32470703125,654.7021484375,794.5255126953125,827.4251098632812
1790951529.6935897,1,0,880.064453125,679.3768920898438,786.3005981445312,824.1351318359375
1790951529.7044654,1,0,868.5496215820312,666.217041015625,807.6853637695312,832.3600463867188
1790951529.7158177,1,0,868.5496215820312,666.217041015625,807.6853637695312,832.3600463867188
1790951529.7345674,1,0,868.5496215820312,666.217041015625,807.6853637695312,832.3600463867188
1790951529.7459304,1,0,868.5496215820312,666.217041015625,807.6853637695312,832.3600463867188
1790951529.7574372,1,0,868.5496215820312,666.217041015625,807.6853637695312,832.3600463867188
1790951529.768902,1,0,889.9343872070312,682.6668701171875,786.3005981445312,835.6500244140625
1790951529.78009,1,0,865.2596435546875,699.1166381835938,794.5255126953125,850.454833984375
1790951529.7914946,1,0,873.4845581054688,712.2764892578125,796.1704711914062,827.4251098632812
1790951529.8036811,1,0,881.70947265625,700.7615966796875,789.590576171875,840.5849609375
1790951529.8160465,1,0,863.6146850585938,723.7913208007812,794.5255126953125,822.4901733398438
1790951529.8276095,1,0,863.6146850585938,723.7913208007812,794.5255126953125,822.4901733398438
1790951529.8386278,1,0,863.6146850585938,723.7913208007812,794.5255126953125,822.4901733398438
1790951529.8511262,1,0,863.6146850585938,723.7913208007812,794.5255126953125,822.4901733398438
1790951529.8622043,1,0,871.839599609375,728.726318359375,773.1407470703125,829.070068359375
1790951529.8737009,1,0,860.32470703125,712.2764892578125,804.3953857421875,824.1351318359375
1790951529.884956,1,0,852.0997924804688,740.2411499023438,799.46044921875,802.7504272460938
1790951529.89643,1,0,842.2299194335938,768.205810546875,809.330322265625,820.84521484375
1790951529.9074333,1,0,842.2299194335938,768.205810546875,809.330322265625,820.84521484375
1790951529.9184482,1,0,842.2299194335938,768.205810546875,809.330322265625,820.84521484375
1790951529.9295092,1,0,842.2299194335938,768.205810546875,809.330322265625,820.84521484375
1790951529.9402523,1,0,842.2299194335938,768.205810546875,809.330322265625,820.84521484375
1790951529.9511747,1,0,865.2596435546875,746.8211059570312,801.1054077148438,842.2299194335938
1790951529.9616606,1,0,842.2299194335938,779.720703125,786.3005981445312,838.9400024414062
1790951529.9724772,1,0,857.0347290039062,764.9158325195312,807.6853637695312,838.9400024414062
1790951529.9839091,1,0,853.7448120117188,769.850830078125,806.0403442382812,835.6500244140625
1790951529.9949214,1,0,853.7448120117188,783.0106201171875,799.46044921875,855.3897705078125
1790951530.0057185,1,0,855.3897705078125,786.3005981445312,791.2355346679688,817.5552368164062
1790951530.0167031,1,0,855.3897705078125,786.3005981445312,791.2355346679688,817.5552368164062
1790951530.0278804,1,0,855.3897705078125,786.3005981445312,791.2355346679688,817.5552368164062
1790951530.0385697,1,0,855.3897705078125,786.3005981445312,791.2355346679688,817.5552368164062
1790951530.0496073,1,0,855.3897705078125,786.3005981445312,791.2355346679688,817.5552368164062
1790951530.0602448,0,0,861.9697265625,792.8805541992188,792.8805541992188,848.8098754882812
1790951530.071333,0,0,884.9994506835938,755.0459594726562,789.590576171875,845.5198974609375
1790951530.0823927,0,0,875.1295166015625,773.1407470703125,786.3005981445312,835.6500244140625
1790951530.0933542,0,0,853.7448120117188,794.5255126953125,815.9102783203125,848.8098754882812
1790951530.104335,0,0,884.9994506835938,784.6556396484375,797.8154907226562,845.5198974609375
1790951530.1152701,0,0,871.839599609375,796.1704711914062,802.7504272460938,847.1648559570312
1790951530.1257763,0,0,870.194580078125,792.8805541992188,806.0403442382812,852.0997924804688
1790951530.136906,0,0,868.5496215820312,799.46044921875,819.2001953125,842.2299194335938
1790951530.1483035,0,1,868.5496215820312,799.46044921875,819.2001953125,842.2299194335938
1790951530.1592457,0,1,868.5496215820312,799.46044921875,819.2001953125,842.2299194335938
1790951530.169874,0,1,868.5496215820312,799.46044921875,819.2001953125,842.2299194335938
1790951530.1809697,0,1,868.5496215820312,799.46044921875,819.2001953125,842.2299194335938
1790951530.1916246,0,1,876.7745361328125,789.590576171875,814.2652587890625,848.8098754882812
1790951530.2025383,0,1,860.32470703125,783.0106201171875,817.5552368164062,837.2949829101562
1790951530.2134495,0,1,870.194580078125,809.330322265625,802.7504272460938,834.0050048828125
1790951530.2245545,0,1,855.3897705078125,796.1704711914062,822.4901733398438,845.5198974609375
1790951530.2357428,0,1,871.839599609375,768.205810546875,820.84521484375,850.454833984375
1790951530.2465367,0,1,881.70947265625,781.3656616210938,817.5552368164062,855.3897705078125
1790951530.2577467,0,1,881.70947265625,781.3656616210938,817.5552368164062,855.3897705078125
1790951530.2686882,0,1,881.70947265625,781.3656616210938,817.5552368164062,855.3897705078125
1790951530.2802656,0,1,881.70947265625,781.3656616210938,817.5552368164062,855.3897705078125
1790951530.291165,0,1,881.70947265625,781.3656616210938,817.5552368164062,855.3897705078125
1790951530.3025913,0,1,881.70947265625,781.3656616210938,817.5552368164062,855.3897705078125
1790951530.3142016,0,1,855.3897705078125,807.6853637695312,810.9752807617188,852.0997924804688
1790951530.3254638,0,1,870.194580078125,799.46044921875,801.1054077148438,855.3897705078125
1790951530.336,0,1,845.5198974609375,814.2652587890625,815.9102783203125,835.6500244140625
1790951530.3466234,0,1,845.5198974609375,814.2652587890625,815.9102783203125,835.6500244140625
1790951530.3574858,0,1,845.5198974609375,814.2652587890625,815.9102783203125,835.6500244140625
1790951530.3683374,0,1,845.5198974609375,814.2652587890625,815.9102783203125,835.6500244140625
1790951530.3793983,0,1,845.5198974609375,814.2652587890625,815.9102783203125,835.6500244140625
1790951530.3902907,0,1,845.5198974609375,814.2652587890625,815.9102783203125,835.6500244140625
1790951530.4014568,0,1,850.454833984375,802.7504272460938,810.9752807617188,858.6797485351562
1790951530.4122784,0,1,871.839599609375,814.2652587890625,814.2652587890625,860.32470703125
1790951530.4229238,0,1,876.7745361328125,799.46044921875,820.84521484375,858.6797485351562
1790951530.4334736,0,1,861.9697265625,802.7504272460938,814.2652587890625,853.7448120117188
1790951530.4445457,0,1,884.9994506835938,789.590576171875,809.330322265625,850.454833984375
1790951530.4555156,0,1,884.9994506835938,789.590576171875,809.330322265625,850.454833984375
1790951530.4661267,0,1,884.9994506835938,789.590576171875,809.330322265625,850.454833984375
1790951530.47728,0,1,884.9994506835938,789.590576171875,809.330322265625,850.454833984375
1790951530.4883955,0,1,884.9994506835938,789.590576171875,809.330322265625,850.454833984375
1790951530.499329,0,1,865.2596435546875,819.2001953125,829.070068359375,847.1648559570312
1790951530.5106268,0,1,868.5496215820312,799.46044921875,815.9102783203125,847.1648559570312
1790951530.5216985,0,1,857.0347290039062,810.9752807617188,806.0403442382812,829.070068359375
1790951530.5326035,0,1,857.0347290039062,810.9752807617188,807.6853637695312,834.0050048828125
1790951530.5433369,0,1,850.454833984375,804.3953857421875,822.4901733398438,835.6500244140625
1790951530.554005,0,1,850.454833984375,804.3953857421875,822.4901733398438,835.6500244140625
1790951530.5648901,0,1,850.454833984375,804.3953857421875,822.4901733398438,835.6500244140625
1790951530.5754728,0,1,850.454833984375,804.3953857421875,822.4901733398438,835.6500244140625
1790951530.5868087,0,1,850.454833984375,804.3953857421875,822.4901733398438,835.6500244140625
1790951530.5975227,0,1,850.454833984375,804.3953857421875,822.4901733398438,835.6500244140625
1790951530.608152,0,1,842.2299194335938,815.9102783203125,817.5552368164062,843.8749389648438
1790951530.6192667,0,1,832.3600463867188,807.6853637695312,815.9102783203125,807.6853637695312
1790951530.6306927,0,1,847.1648559570312,815.9102783203125,825.7801513671875,804.3953857421875
1790951530.6420922,0,1,837.2949829101562,799.46044921875,819.2001953125,830.715087890625
1790951530.6532707,0,1,837.2949829101562,799.46044921875,819.2001953125,830.715087890625
1790951530.6642895,0,1,837.2949829101562,799.46044921875,819.2001953125,830.715087890625
1790951530.6751838,0,1,837.2949829101562,799.46044921875,819.2001953125,830.715087890625
1790951530.6858344,0,1,837.2949829101562,799.46044921875,819.2001953125,830.715087890625
1790951530.697477,0,1,837.2949829101562,799.46044921875,819.2001953125,830.715087890625
1790951530.7081273,0,1,840.5849609375,814.2652587890625,825.7801513671875,824.1351318359375
1790951530.7191916,0,1,840.5849609375,819.2001953125,824.1351318359375,830.715087890625
1790951530.730189,0,1,840.5849609375,822.4901733398438,817.5552368164062,820.84521484375
1790951530.7410827,0,1,858.6797485351562,794.5255126953125,815.9102783203125,827.4251098632812
1790951530.7519877,0,1,853.7448120117188,810.9752807617188,824.1351318359375,843.8749389648438
1790951530.7633128,0,1,853.7448120117188,810.9752807617188,824.1351318359375,843.8749389648438
1790951530.7743013,0,1,853.7448120117188,810.9752807617188,824.1351318359375,843.8749389648438
1790951530.7850008,0,1,853.7448120117188,810.9752807617188,824.1351318359375,843.8749389648438
1790951530.796607,0,1,853.7448120117188,810.9752807617188,824.1351318359375,843.8749389648438
1790951530.8075314,0,1,853.7448120117188,810.9752807617188,824.1351318359375,843.8749389648438
1790951530.8186946,0,1,861.9697265625,832.3600463867188,827.4251098632812,837.2949829101562
1790951530.829803,0,1,868.5496215820312,832.3600463867188,820.84521484375,838.9400024414062
1790951530.8407898,0,1,866.9046630859375,812.6203002929688,825.7801513671875,848.8098754882812
1790951530.8517954,0,1,855.3897705078125,817.5552368164062,794.5255126953125,827.4251098632812
1790951530.8623326,0,1,842.2299194335938,824.1351318359375,820.84521484375,822.4901733398438
1790951530.8730345,0,1,842.2299194335938,824.1351318359375,820.84521484375,822.4901733398438
1790951530.883877,0,1,842.2299194335938,824.1351318359375,820.84521484375,822.4901733398438
1790951530.894687,0,1,842.2299194335938,824.1351318359375,820.84521484375,822.4901733398438
1790951530.9056313,0,1,842.2299194335938,824.1351318359375,820.84521484375,822.4901733398438
1790951530.9168594,0,1,842.2299194335938,824.1351318359375,820.84521484375,822.4901733398438
1790951530.9278896,0,1,870.194580078125,815.9102783203125,830.715087890625,847.1648559570312
1790951530.9387436,0,1,858.6797485351562,814.2652587890625,834.0050048828125,847.1648559570312
1790951530.9502504,0,1,868.5496215820312,825.7801513671875,812.6203002929688,850.454833984375
1790951530.9610374,0,1,855.3897705078125,824.1351318359375,817.5552368164062,850.454833984375
1790951530.9722278,0,1,860.32470703125,829.070068359375,827.4251098632812,837.2949829101562
1790951530.9832036,0,1,860.32470703125,829.070068359375,827.4251098632812,837.2949829101562
1790951530.9937482,0,1,860.32470703125,829.070068359375,827.4251098632812,837.2949829101562
1790951531.0047958,0,1,860.32470703125,829.070068359375,827.4251098632812,837.2949829101562
1790951531.0162237,0,1,860.32470703125,829.070068359375,827.4251098632812,837.2949829101562
1790951531.0272026,0,1,860.32470703125,829.070068359375,827.4251098632812,837.2949829101562
1790951531.0382922,0,1,842.2299194335938,824.1351318359375,822.4901733398438,824.1351318359375
1790951531.0491624,0,1,880.064453125,815.9102783203125,815.9102783203125,847.1648559570312
1790951531.0600257,0,1,855.3897705078125,801.1054077148438,825.7801513671875,842.2299194335938
1790951531.0711596,0,1,861.9697265625,804.3953857421875,817.5552368164062,847.1648559570312
1790951531.0819507,0,1,853.7448120117188,825.7801513671875,819.2001953125,840.5849609375
1790951531.0925708,0,1,853.7448120117188,825.7801513671875,819.2001953125,840.5849609375
1790951531.1036339,0,1,853.7448120117188,825.7801513671875,819.2001953125,840.5849609375
1790951531.1146488,0,1,853.7448120117188,825.7801513671875,819.2001953125,840.5849609375
1790951531.125531,0,1,853.7448120117188,825.7801513671875,819.2001953125,840.5849609375
1790951531.1362677,0,1,881.70947265625,827.4251098632812,819.2001953125,858.6797485351562
1790951531.1469138,0,1,876.7745361328125,817.5552368164062,815.9102783203125,843.8749389648438
1790951531.1579792,0,1,884.9994506835938,791.2355346679688,820.84521484375,863.6146850585938
1790951531.1689358,0,1,868.5496215820312,820.84521484375,830.715087890625,853.7448120117188
1790951531.179958,0,1,868.5496215820312,820.84521484375,830.715087890625,853.7448120117188
1790951531.1910646,0,1,868.5496215820312,820.84521484375,830.715087890625,853.7448120117188
1790951531.2021966,0,1,868.5496215820312,820.84521484375,830.715087890625,853.7448120117188
1790951531.2134993,0,1,868.5496215820312,820.84521484375,830.715087890625,853.7448120117188
1790951531.2239828,0,1,868.5496215820312,820.84521484375,830.715087890625,853.7448120117188
1790951531.2345502,0,1,868.5496215820312,820.84521484375,830.715087890625,853.7448120117188
1790951531.2453434,0,1,861.9697265625,815.9102783203125,827.4251098632812,860.32470703125
1790951531.25675,0,1,870.194580078125,815.9102783203125,824.1351318359375,857.0347290039062
1790951531.267713,0,1,871.839599609375,810.9752807617188,820.84521484375,853.7448120117188
1790951531.278722,0,1,873.4845581054688,806.0403442382812,832.3600463867188,843.8749389648438
1790951531.2899706,0,1,868.5496215820312,810.9752807617188,834.0050048828125,848.8098754882812
1790951531.3012588,0,1,860.32470703125,815.9102783203125,820.84521484375,850.454833984375
1790951531.3121736,0,1,860.32470703125,815.9102783203125,820.84521484375,850.454833984375
1790951531.3234313,0,1,860.32470703125,815.9102783203125,820.84521484375,850.454833984375
1790951531.334483,0,1,860.32470703125,815.9102783203125,820.84521484375,850.454833984375
1790951531.3452926,0,1,860.32470703125,815.9102783203125,820.84521484375,850.454833984375
1790951531.3560705,0,1,860.32470703125,815.9102783203125,820.84521484375,850.454833984375
1790951531.3673463,0,1,866.9046630859375,797.8154907226562,837.2949829101562,860.32470703125
1790951531.3783972,0,1,875.1295166015625,824.1351318359375,824.1351318359375,842.2299194335938
1790951531.3893144,0,1,853.7448120117188,838.9400024414062,834.0050048828125,857.0347290039062
1790951531.400085,0,1,861.9697265625,825.7801513671875,810.9752807617188,842.2299194335938
1790951531.41119,0,1,855.3897705078125,819.2001953125,832.3600463867188,832.3600463867188
1790951531.4221578,0,1,855.3897705078125,819.2001953125,832.3600463867188,832.3600463867188
1790951531.433473,0,1,855.3897705078125,819.2001953125,832.3600463867188,832.3600463867188
1790951531.4445627,0,1,855.3897705078125,819.2001953125,832.3600463867188,832.3600463867188
1790951531.4556413,0,1,855.3897705078125,819.2001953125,832.3600463867188,832.3600463867188
1790951531.46666,0,1,863.6146850585938,806.0403442382812,840.5849609375,852.0997924804688
1790951531.4779882,0,1,858.6797485351562,824.1351318359375,806.0403442382812,842.2299194335938
1790951531.4889083,0,1,855.3897705078125,829.070068359375,830.715087890625,830.715087890625
1790951531.5000317,0,1,863.6146850585938,822.4901733398438,824.1351318359375,838.9400024414062
1790951531.51088,0,1,863.6146850585938,822.4901733398438,824.1351318359375,838.9400024414062
1790951531.5223808,0,1,863.6146850585938,822.4901733398438,824.1351318359375,838.9400024414062
1790951531.5334327,0,1,863.6146850585938,822.4901733398438,824.1351318359375,838.9400024414062
1790951531.5444775,0,1,863.6146850585938,822.4901733398438,824.1351318359375,838.9400024414062
1790951531.5554526,0,1,861.9697265625,810.9752807617188,832.3600463867188,852.0997924804688
1790951531.566883,0,1,857.0347290039062,824.1351318359375,834.0050048828125,838.9400024414062
1790951531.5774398,0,1,861.9697265625,809.330322265625,827.4251098632812,837.2949829101562
1790951531.5884745,0,1,861.9697265625,809.330322265625,827.4251098632812,837.2949829101562
1790951531.5994663,0,1,861.9697265625,809.330322265625,827.4251098632812,837.2949829101562
1790951531.610069,0,1,861.9697265625,809.330322265625,827.4251098632812,837.2949829101562
1790951531.6214368,1,1,861.9697265625,809.330322265625,827.4251098632812,837.2949829101562
1790951531.6320071,1,1,861.9697265625,809.330322265625,827.4251098632812,837.2949829101562
1790951531.6429093,1,1,866.9046630859375,827.4251098632812,834.0050048828125,842.2299194335938
1790951531.653434,1,1,891.579345703125,796.1704711914062,824.1351318359375,876.7745361328125
1790951531.6647406,1,1,861.9697265625,801.1054077148438,829.070068359375,860.32470703125
1790951531.6758752,1,1,875.1295166015625,814.2652587890625,824.1351318359375,865.2596435546875
1790951531.687094,1,1,880.064453125,819.2001953125,829.070068359375,847.1648559570312
1790951531.6982508,1,1,873.4845581054688,824.1351318359375,825.7801513671875,855.3897705078125
1790951531.7093256,1,1,873.4845581054688,824.1351318359375,825.7801513671875,855.3897705078125
1790951531.7204525,1,1,873.4845581054688,824.1351318359375,825.7801513671875,855.3897705078125
1790951531.7315269,1,1,873.4845581054688,824.1351318359375,825.7801513671875,855.3897705078125
1790951531.7423737,1,1,873.4845581054688,824.1351318359375,825.7801513671875,855.3897705078125
1790951531.7530246,1,1,876.7745361328125,807.6853637695312,824.1351318359375,853.7448120117188
1790951531.7639954,1,1,868.5496215820312,799.46044921875,825.7801513671875,855.3897705078125
1790951531.7747152,1,1,861.9697265625,810.9752807617188,838.9400024414062,847.1648559570312
1790951531.786431,1,1,850.454833984375,802.7504272460938,822.4901733398438,840.5849609375
1790951531.7974823,1,1,850.454833984375,802.7504272460938,822.4901733398438,840.5849609375
1790951531.8088274,1,1,850.454833984375,802.7504272460938,822.4901733398438,840.5849609375
1790951531.8200495,1,1,850.454833984375,802.7504272460938,822.4901733398438,840.5849609375
1790951531.8308136,1,1,850.454833984375,802.7504272460938,822.4901733398438,840.5849609375
1790951531.8414867,1,1,850.454833984375,802.7504272460938,822.4901733398438,840.5849609375
1790951531.8524508,1,1,855.3897705078125,806.0403442382812,827.4251098632812,843.8749389648438
1790951531.8638248,1,1,852.0997924804688,834.0050048828125,837.2949829101562,852.0997924804688
1790951531.8747501,1,1,866.9046630859375,829.070068359375,842.2299194335938,863.6146850585938
1790951531.8858016,1,1,873.4845581054688,815.9102783203125,840.5849609375,850.454833984375
1790951531.8978872,1,1,863.6146850585938,807.6853637695312,842.2299194335938,830.715087890625
1790951531.9107273,1,1,868.5496215820312,825.7801513671875,837.2949829101562,840.5849609375
1790951531.9228084,1,1,868.5496215820312,825.7801513671875,837.2949829101562,840.5849609375
1790951531.9337075,1,1,868.5496215820312,825.7801513671875,837.2949829101562,840.5849609375
1790951531.944586,1,1,868.5496215820312,825.7801513671875,837.2949829101562,840.5849609375
1790951531.9555504,1,1,868.5496215820312,825.7801513671875,837.2949829101562,840.5849609375
1790951531.9662845,1,1,868.5496215820312,825.7801513671875,837.2949829101562,840.5849609375
1790951531.977215,1,1,866.9046630859375,812.6203002929688,837.2949829101562,838.9400024414062
1790951531.9887278,1,1,845.5198974609375,835.6500244140625,830.715087890625,834.0050048828125
1790951532.0000663,1,1,855.3897705078125,794.5255126953125,824.1351318359375,850.454833984375
1790951532.0110946,1,1,863.6146850585938,822.4901733398438,827.4251098632812,840.5849609375
1790951532.02241,1,1,863.6146850585938,822.4901733398438,827.4251098632812,840.5849609375
1790951532.0338438,1,1,863.6146850585938,822.4901733398438,827.4251098632812,840.5849609375
1790951532.0446923,1,1,863.6146850585938,822.4901733398438,827.4251098632812,840.5849609375
1790951532.0560436,1,1,863.6146850585938,822.4901733398438,827.4251098632812,840.5849609375
1790951532.0672174,1,1,863.6146850585938,822.4901733398438,827.4251098632812,840.5849609375
1790951532.078283,1,1,875.1295166015625,804.3953857421875,834.0050048828125,843.8749389648438
1790951532.0893588,1,1,860.32470703125,810.9752807617188,815.9102783203125,838.9400024414062
1790951532.1010494,1,1,857.0347290039062,814.2652587890625,820.84521484375,842.2299194335938
1790951532.1122544,1,1,840.5849609375,824.1351318359375,837.2949829101562,842.2299194335938
1790951532.122907,1,1,853.7448120117188,810.9752807617188,824.1351318359375,834.0050048828125
1790951532.1340594,1,1,852.0997924804688,825.7801513671875,817.5552368164062,843.8749389648438
1790951532.144629,1,1,852.0997924804688,825.7801513671875,817.5552368164062,843.8749389648438
1790951532.155734,1,1,852.0997924804688,825.7801513671875,817.5552368164062,843.8749389648438
1790951532.166319,1,1,852.0997924804688,825.7801513671875,817.5552368164062,843.8749389648438
1790951532.177423,1,1,852.0997924804688,825.7801513671875,817.5552368164062,843.8749389648438
1790951532.1884608,1,1,868.5496215820312,807.6853637695312,829.070068359375,835.6500244140625
1790951532.199451,1,1,870.194580078125,801.1054077148438,837.2949829101562,848.8098754882812
1790951532.2105188,1,1,837.2949829101562,825.7801513671875,835.6500244140625,824.1351318359375
1790951532.2217789,1,1,837.2949829101562,820.84521484375,832.3600463867188,830.715087890625
1790951532.232687,1,1,837.2949829101562,820.84521484375,832.3600463867188,830.715087890625
1790951532.2439034,1,1,837.2949829101562,820.84521484375,832.3600463867188,830.715087890625
1790951532.2553275,1,1,837.2949829101562,820.84521484375,832.3600463867188,830.715087890625
1790951532.2662559,1,1,837.2949829101562,820.84521484375,832.3600463867188,830.715087890625
1790951532.2769413,1,1,865.2596435546875,815.9102783203125,820.84521484375,850.454833984375
1790951532.2884285,1,1,848.8098754882812,827.4251098632812,815.9102783203125,834.0050048828125
1790951532.3001242,1,1,838.9400024414062,796.1704711914062,829.070068359375,840.5849609375
1790951532.3109806,1,1,847.1648559570312,814.2652587890625,843.8749389648438,832.3600463867188
1790951532.3219383,1,1,845.5198974609375,814.2652587890625,825.7801513671875,829.070068359375
1790951532.3331592,1,1,834.0050048828125,830.715087890625,834.0050048828125,838.9400024414062
1790951532.3438675,1,1,845.5198974609375,829.070068359375,843.8749389648438,819.2001953125
1790951532.3549087,1,1,843.8749389648438,806.0403442382812,837.2949829101562,829.070068359375
1790951532.3661737,1,1,848.8098754882812,822.4901733398438,825.7801513671875,838.9400024414062
1790951532.3771446,1,1,847.1648559570312,842.2299194335938,847.1648559570312,837.2949829101562
1790951532.387773,1,1,847.1648559570312,842.2299194335938,847.1648559570312,837.2949829101562
1790951532.3987863,1,1,847.1648559570312,842.2299194335938,847.1648559570312,837.2949829101562
1790951532.4093401,1,1,847.1648559570312,842.2299194335938,847.1648559570312,837.2949829101562
1790951532.4199617,1,1,847.1648559570312,842.2299194335938,847.1648559570312,837.2949829101562
1790951532.4306903,1,1,847.1648559570312,842.2299194335938,847.1648559570312,837.2949829101562
1790951532.4418497,1,1,606.9977416992188,755.0459594726562,916.2540283203125,618.5126342773438
1790951532.45353,1,1,592.1929321289062,758.3359375,861.9697265625,611.9326782226562
1790951532.4647667,1,1,592.1929321289062,758.3359375,861.9697265625,611.9326782226562
1790951532.4757323,1,1,592.1929321289062,758.3359375,861.9697265625,611.9326782226562
1790951532.4865177,1,1,592.1929321289062,758.3359375,861.9697265625,611.9326782226562
1790951532.4978154,1,1,592.1929321289062,758.3359375,861.9697265625,611.9326782226562
1790951532.508497,1,1,582.3230590820312,733.6612548828125,903.09423828125,631.6724243164062
1790951532.519516,1,1,600.4178466796875,725.4363403320312,917.8990478515625,659.6371459960938
1790951532.5306208,1,1,649.7672119140625,717.21142578125,908.0291748046875,710.6315307617188
1790951532.5414834,1,1,771.4957885742188,733.6612548828125,875.1295166015625,796.1704711914062
1790951532.5523665,1,1,814.2652587890625,735.3062133789062,863.6146850585938,832.3600463867188
1790951532.5636156,1,1,824.1351318359375,746.8211059570312,863.6146850585938,835.6500244140625
1790951532.5751204,1,1,824.1351318359375,746.8211059570312,863.6146850585938,835.6500244140625
1790951532.586809,1,1,824.1351318359375,746.8211059570312,863.6146850585938,835.6500244140625
1790951532.598356,1,1,824.1351318359375,746.8211059570312,863.6146850585938,835.6500244140625
1790951532.6099024,1,1,824.1351318359375,746.8211059570312,863.6146850585938,835.6500244140625
1790951532.620483,1,1,824.1351318359375,746.8211059570312,863.6146850585938,835.6500244140625
1790951532.6311867,1,1,837.2949829101562,759.9808959960938,865.2596435546875,843.8749389648438
1790951532.6421928,1,1,853.7448120117188,771.4957885742188,855.3897705078125,847.1648559570312
1790951532.6530957,1,1,847.1648559570312,781.3656616210938,855.3897705078125,866.9046630859375
1790951532.66398,1,1,847.1648559570312,806.0403442382812,845.5198974609375,863.6146850585938
1790951532.6751654,1,1,847.1648559570312,806.0403442382812,845.5198974609375,863.6146850585938
1790951532.6866157,1,1,847.1648559570312,806.0403442382812,845.5198974609375,863.6146850585938
1790951532.6979673,1,1,847.1648559570312,806.0403442382812,845.5198974609375,863.6146850585938
1790951532.7087574,1,1,847.1648559570312,806.0403442382812,845.5198974609375,863.6146850585938
1790951532.719813,1,1,891.579345703125,801.1054077148438,822.4901733398438,857.0347290039062
1790951532.7309704,1,1,863.6146850585938,791.2355346679688,838.9400024414062,871.839599609375
1790951532.7418602,1,1,888.2893676757812,792.8805541992188,850.454833984375,878.4194946289062
1790951532.752873,1,1,924.4789428710938,784.6556396484375,827.4251098632812,898.1592407226562
1790951532.7639127,1,1,919.5440063476562,781.3656616210938,809.330322265625,893.2243041992188
1790951532.7748685,1,1,919.5440063476562,781.3656616210938,809.330322265625,893.2243041992188
1790951532.785885,1,1,919.5440063476562,781.3656616210938,809.330322265625,893.2243041992188
1790951532.7966704,1,1,919.5440063476562,781.3656616210938,809.330322265625,893.2243041992188
1790951532.8073115,1,1,919.5440063476562,781.3656616210938,809.330322265625,893.2243041992188
1790951532.8180957,1,1,919.5440063476562,781.3656616210938,809.330322265625,893.2243041992188
1790951532.8290808,1,1,894.8693237304688,797.8154907226562,837.2949829101562,871.839599609375
1790951532.840092,1,1,881.70947265625,799.46044921875,835.6500244140625,880.064453125
1790951532.8509977,1,1,922.833984375,789.590576171875,822.4901733398438,906.3841552734375
1790951532.8617263,1,1,924.4789428710938,791.2355346679688,825.7801513671875,889.9343872070312
1790951532.8728209,1,1,888.2893676757812,824.1351318359375,835.6500244140625,876.7745361328125
1790951532.8842022,1,1,896.5142822265625,801.1054077148438,820.84521484375,889.9343872070312
1790951532.8946583,1,1,896.5142822265625,801.1054077148438,820.84521484375,889.9343872070312
1790951532.9054053,1,1,896.5142822265625,801.1054077148438,820.84521484375,889.9343872070312
1790951532.9162111,1,1,896.5142822265625,801.1054077148438,820.84521484375,889.9343872070312
1790951532.9270651,1,1,896.5142822265625,801.1054077148438,820.84521484375,889.9343872070312
1790951532.9379282,1,1,896.5142822265625,801.1054077148438,820.84521484375,889.9343872070312
1790951532.9488313,1,1,898.1592407226562,827.4251098632812,837.2949829101562,898.1592407226562
1790951532.9597619,1,1,853.7448120117188,820.84521484375,832.3600463867188,830.715087890625
1790951532.9703603,1,1,761.6259155273438,825.7801513671875,815.9102783203125,753.4010009765625
1790951532.9810252,1,1,735.3062133789062,810.9752807617188,835.6500244140625,720.5014038085938
1790951532.9920506,1,1,735.3062133789062,810.9752807617188,835.6500244140625,720.5014038085938
1790951533.0030885,1,1,735.3062133789062,810.9752807617188,835.6500244140625,720.5014038085938
1790951533.0140653,1,1,735.3062133789062,810.9752807617188,835.6500244140625,720.5014038085938
1790951533.0251474,1,1,735.3062133789062,810.9752807617188,835.6500244140625,720.5014038085938
1790951533.036487,1,1,758.3359375,791.2355346679688,807.6853637695312,740.2411499023438
1790951533.0480826,1,1,736.951171875,814.2652587890625,843.8749389648438,730.3712768554688
1790951533.0592046,1,1,740.2411499023438,817.5552368164062,842.2299194335938,753.4010009765625
1790951533.0698516,1,1,812.6203002929688,799.46044921875,853.7448120117188,801.1054077148438
1790951533.080384,1,1,797.8154907226562,801.1054077148438,863.6146850585938,796.1704711914062
1790951533.0909417,1,1,766.5608520507812,763.2708740234375,927.7689208984375,748.466064453125
1790951533.1016314,1,1,766.5608520507812,763.2708740234375,927.7689208984375,748.466064453125
1790951533.1130009,1,1,766.5608520507812,763.2708740234375,927.7689208984375,748.466064453125
1790951533.124101,1,1,766.5608520507812,763.2708740234375,927.7689208984375,748.466064453125
1790951533.1351447,1,1,766.5608520507812,763.2708740234375,927.7689208984375,748.466064453125
1790951533.146427,1,1,815.9102783203125,830.715087890625,875.1295166015625,819.2001953125
1790951533.157598,1,1,789.590576171875,725.4363403320312,901.44921875,819.2001953125
1790951533.1686625,1,1,250.03701782226562,935.9938354492188,1445.937744140625,398.0852355957031
1790951533.1802785,1,1,197.39764404296875,935.9938354492188,1406.458251953125,305.9663391113281
1790951533.1910577,1,1,197.39764404296875,935.9938354492188,1406.458251953125,305.9663391113281
1790951533.2032497,1,1,197.39764404296875,935.9938354492188,1406.458251953125,305.9663391113281
1790951533.2139792,1,1,197.39764404296875,935.9938354492188,1406.458251953125,305.9663391113281
1790951533.2253118,1,1,197.39764404296875,935.9938354492188,1406.458251953125,305.9663391113281
1790951533.236434,1,1,355.3157653808594,1041.2725830078125,1429.4879150390625,516.5238037109375
1790951533.2476559,1,1,447.4346618652344,1278.1497802734375,1437.7127685546875,516.5238037109375
1790951533.2585275,1,1,657.9921264648438,1409.7481689453125,1441.0028076171875,661.2821044921875
1790951533.2695615,1,1,736.951171875,1547.926513671875,1434.4228515625,740.2411499023438
1790951533.2806613,1,1,684.3118286132812,1559.44140625,1436.06787109375,661.2821044921875
1790951533.2913785,1,1,684.3118286132812,1559.44140625,1436.06787109375,661.2821044921875
1790951533.3021104,1,1,684.3118286132812,1559.44140625,1436.06787109375,661.2821044921875
1790951533.3135567,1,1,684.3118286132812,1559.44140625,1436.06787109375,661.2821044921875
1790951533.3243375,1,1,684.3118286132812,1559.44140625,1436.06787109375,661.2821044921875
1790951533.3351917,1,1,684.3118286132812,1559.44140625,1436.06787109375,661.2821044921875
1790951533.3459656,1,1,710.6315307617188,1557.79638671875,1436.06787109375,740.2411499023438
1790951533.3571825,1,1,638.2523803710938,1562.7313232421875,1436.06787109375,700.7615966796875
1790951533.3678281,1,1,759.9808959960938,1566.021240234375,1436.06787109375,799.46044921875
1790951533.3788025,1,1,792.8805541992188,1562.7313232421875,1436.06787109375,838.9400024414062
1790951533.390249,1,1,733.6612548828125,1562.7313232421875,1436.06787109375,759.9808959960938
1790951533.401516,1,1,733.6612548828125,1562.7313232421875,1436.06787109375,759.9808959960938
1790951533.4125476,1,1,733.6612548828125,1562.7313232421875,1436.06787109375,759.9808959960938
1790951533.4235609,1,1,733.6612548828125,1562.7313232421875,1436.06787109375,759.9808959960938
1790951533.434497,1,1,733.6612548828125,1562.7313232421875,1436.06787109375,759.9808959960938
1790951533.445358,1,1,733.6612548828125,1562.7313232421875,1436.06787109375,759.9808959960938
1790951533.4561698,1,1,717.21142578125,1561.0863037109375,1436.06787109375,766.5608520507812
1790951533.4672055,1,1,755.0459594726562,1561.0863037109375,1436.06787109375,778.07568359375
1790951533.4781325,1,1,781.3656616210938,1561.0863037109375,1436.06787109375,807.6853637695312
1790951533.489162,1,1,834.0050048828125,1539.70166015625,1436.06787109375,840.5849609375
1790951533.5002058,1,1,937.6387939453125,1278.1497802734375,16.449804306030273,832.3600463867188
1790951533.5111496,1,1,937.6387939453125,1278.1497802734375,16.449804306030273,832.3600463867188
1790951533.5221736,1,0,937.6387939453125,1278.1497802734375,16.449804306030273,832.3600463867188
1790951533.5332463,1,0,937.6387939453125,1278.1497802734375,16.449804306030273,832.3600463867188
1790951533.5437658,1,0,937.6387939453125,1278.1497802734375,16.449804306030273,832.3600463867188
1790951533.554309,1,0,937.6387939453125,1278.1497802734375,16.449804306030273,832.3600463867188
1790951533.5649147,1,0,937.6387939453125,1278.1497802734375,16.449804306030273,832.3600463867188
1790951533.5755072,1,0,1006.7279663085938,1179.450927734375,21.38474464416504,838.9400024414062
1790951533.5863645,1,0,1011.6629028320312,949.1536865234375,21.38474464416504,848.8098754882812
1790951533.5971932,1,0,990.2781372070312,830.715087890625,26.319684982299805,832.3600463867188
1790951533.6078098,1,0,1028.1126708984375,426.0498962402344,27.96466636657715,940.9287719726562
1790951533.6186628,1,0,1031.4027099609375,389.8603515625,27.96466636657715,934.3488159179688
1790951533.6300044,1,0,1001.7930297851562,391.50531005859375,27.96466636657715,945.8637084960938
1790951533.6406987,1,0,985.3432006835938,227.00729370117188,27.96466636657715,954.088623046875
1790951533.6516564,1,0,982.0532836914062,87.1839599609375,27.96466636657715,912.964111328125
1790951533.6627362,1,0,982.0532836914062,87.1839599609375,27.96466636657715,912.964111328125
1790951533.6735735,1,0,982.0532836914062,87.1839599609375,27.96466636657715,912.964111328125
1790951533.685037,1,0,982.0532836914062,87.1839599609375,27.96466636657715,912.964111328125
1790951533.6959603,1,0,982.0532836914062,87.1839599609375,27.96466636657715,912.964111328125
1790951533.7073183,1,0,982.0532836914062,87.1839599609375,27.96466636657715,912.964111328125
1790951533.7185676,1,0,1005.0830078125,59.21929168701172,27.96466636657715,937.6387939453125
1790951533.7295666,1,0,1037.9825439453125,100.34380340576172,27.96466636657715,968.8934326171875
1790951533.7405994,1,0,1044.5625,156.27313232421875,27.96466636657715,965.6034545898438
1790951533.7517903,1,0,1033.047607421875,208.91250610351562,27.96466636657715,960.6685180664062
1790951533.76257,1,0,986.9882202148438,269.7767639160156,65.7992172241211,926.1239624023438
1790951533.7740247,1,0,986.9882202148438,269.7767639160156,65.7992172241211,926.1239624023438
1790951533.785133,1,0,986.9882202148438,269.7767639160156,65.7992172241211,926.1239624023438
1790951533.7962604,1,0,986.9882202148438,269.7767639160156,65.7992172241211,926.1239624023438
1790951533.8070662,1,0,986.9882202148438,269.7767639160156,65.7992172241211,926.1239624023438
1790951533.817737,1,0,993.568115234375,296.0964660644531,82.24901580810547,947.5086669921875
1790951533.828618,1,0,965.6034545898438,324.0611267089844,146.4032440185547,896.5142822265625
1790951533.8401413,1,0,960.6685180664062,401.3752136230469,195.75265502929688,934.3488159179688
1790951533.8513334,1,0,960.6685180664062,434.2748107910156,274.71173095703125,898.1592407226562
1790951533.862228,1,0,769.850830078125,452.3695983886719,337.2209777832031,681.0218505859375
1790951533.8736842,1,0,677.7318725585938,509.94390869140625,348.73583984375,625.092529296875
1790951533.884722,1,0,677.7318725585938,509.94390869140625,348.73583984375,625.092529296875
1790951533.8953643,1,0,677.7318725585938,509.94390869140625,348.73583984375,625.092529296875
1790951533.9062965,1,0,677.7318725585938,509.94390869140625,348.73583984375,625.092529296875
1790951533.9171743,1,0,480.3342590332031,542.843505859375,430.98486328125,430.98486328125
1790951533.928034,1,0,602.0628051757812,577.3881225585938,486.9141845703125,549.4234619140625
1790951533.9390767,1,0,707.341552734375,547.7784423828125,472.1093444824219,664.5720825195312
1790951533.950033,1,0,960.6685180664062,537.9085693359375,470.4643859863281,898.1592407226562
1790951533.9610424,1,0,1018.2428588867188,491.84912109375,519.8137817382812,965.6034545898438
1790951533.9721005,1,0,1018.2428588867188,491.84912109375,519.8137817382812,965.6034545898438
1790951533.983009,1,0,1018.2428588867188,491.84912109375,519.8137817382812,965.6034545898438
1790951533.9941287,1,0,1018.2428588867188,491.84912109375,519.8137817382812,965.6034545898438
1790951534.0050595,1,0,1018.2428588867188,491.84912109375,519.8137817382812,965.6034545898438
1790951534.0160093,1,0,1018.2428588867188,491.84912109375,519.8137817382812,965.6034545898438
1790951534.0268285,1,0,1064.30224609375,503.3639831542969,506.6539306640625,1036.337646484375
1790951534.0379446,1,0,1064.30224609375,503.3639831542969,506.6539306640625,1036.337646484375
1790951534.0487084,1,0,1131.7464599609375,524.7487182617188,603.707763671875,1095.556884765625
1790951534.059726,1,0,1121.8765869140625,569.1632080078125,626.7374877929688,1074.172119140625
1790951534.0703802,1,0,1090.6219482421875,572.4531860351562,626.7374877929688,1054.432373046875
1790951534.0813673,1,0,1110.3616943359375,592.1929321289062,633.3174438476562,1061.0123291015625
1790951534.091893,1,0,1110.3616943359375,592.1929321289062,633.3174438476562,1061.0123291015625
1790951534.1025088,1,0,1110.3616943359375,592.1929321289062,633.3174438476562,1061.0123291015625
1790951534.113225,1,0,1110.3616943359375,592.1929321289062,633.3174438476562,1061.0123291015625
1790951534.1245615,1,0,1064.30224609375,639.8973388671875,616.8676147460938,1029.7576904296875
1790951534.1356103,1,0,978.7633056640625,700.7615966796875,662.9270629882812,954.088623046875
1790951534.146402,1,0,995.213134765625,712.2764892578125,667.8619995117188,963.95849609375
1790951534.1572294,1,0,995.213134765625,712.2764892578125,667.8619995117188,963.95849609375
1790951534.1680303,1,0,995.213134765625,712.2764892578125,667.8619995117188,963.95849609375
1790951534.1785882,1,0,995.213134765625,712.2764892578125,667.8619995117188,963.95849609375
1790951534.1892042,1,0,995.213134765625,712.2764892578125,667.8619995117188,963.95849609375
1790951534.1998622,1,0,1011.6629028320312,695.82666015625,669.5070190429688,985.3432006835938
1790951534.2109742,1,0,955.7335815429688,743.5311279296875,653.0571899414062,980.4082641601562
1790951534.2219312,1,0,949.1536865234375,741.8861083984375,681.0218505859375,952.443603515625
1790951534.233381,1,0,919.5440063476562,753.4010009765625,687.601806640625,940.9287719726562
1790951534.2467728,1,0,899.8042602539062,776.4307250976562,664.5720825195312,922.833984375
1790951534.2583294,1,0,917.8990478515625,773.1407470703125,687.601806640625,903.09423828125
1790951534.2696056,1,0,911.319091796875,751.7560424804688,695.82666015625,899.8042602539062
1790951534.2802484,1,0,911.319091796875,751.7560424804688,695.82666015625,899.8042602539062
1790951534.2912543,1,0,911.319091796875,751.7560424804688,695.82666015625,899.8042602539062
1790951534.3024075,1,0,911.319091796875,751.7560424804688,695.82666015625,899.8042602539062
1790951534.3134058,1,0,911.319091796875,751.7560424804688,695.82666015625,899.8042602539062
1790951534.3242934,1,0,911.319091796875,751.7560424804688,695.82666015625,899.8042602539062
1790951534.3351955,1,0,904.7391967773438,763.2708740234375,674.4419555664062,909.6741333007812
1790951534.3461165,1,0,901.44921875,776.4307250976562,710.6315307617188,881.70947265625
1790951534.3569326,1,0,886.6444091796875,796.1704711914062,717.21142578125,883.3544311523438
1790951534.3681302,1,0,886.6444091796875,796.1704711914062,717.21142578125,883.3544311523438
1790951534.3793678,1,0,886.6444091796875,796.1704711914062,717.21142578125,883.3544311523438
1790951534.3909185,1,0,886.6444091796875,796.1704711914062,717.21142578125,883.3544311523438
1790951534.4020379,1,0,908.0291748046875,791.2355346679688,718.8563842773438,926.1239624023438
1790951534.412777,1,0,937.6387939453125,764.9158325195312,718.8563842773438,927.7689208984375
1790951534.4234889,1,0,922.833984375,773.1407470703125,748.466064453125,921.18896484375
1790951534.4341125,1,0,904.7391967773438,768.205810546875,727.081298828125,931.0588989257812
1790951534.4450252,1,0,881.70947265625,796.1704711914062,741.8861083984375,894.8693237304688
1790951534.455568,1,0,881.70947265625,796.1704711914062,741.8861083984375,894.8693237304688
1790951534.4664621,1,0,881.70947265625,796.1704711914062,741.8861083984375,894.8693237304688
1790951534.4774036,1,0,881.70947265625,796.1704711914062,741.8861083984375,894.8693237304688
1790951534.4879851,1,0,881.70947265625,796.1704711914062,741.8861083984375,894.8693237304688
1790951534.498596,1,0,881.70947265625,796.1704711914062,741.8861083984375,894.8693237304688
1790951534.5094953,1,0,871.839599609375,804.3953857421875,728.726318359375,896.5142822265625
1790951534.520357,1,0,904.7391967773438,771.4957885742188,735.3062133789062,884.9994506835938
1790951534.5311894,1,0,904.7391967773438,771.4957885742188,735.3062133789062,884.9994506835938
1790951534.542069,1,0,965.6034545898438,830.715087890625,697.4716796875,909.6741333007812
1790951534.5532308,1,0,977.1183471679688,888.2893676757812,676.0869140625,896.5142822265625
1790951534.5641997,1,0,993.568115234375,889.9343872070312,662.9270629882812,914.6090698242188
1790951534.5750182,1,0,993.568115234375,889.9343872070312,662.9270629882812,914.6090698242188
1790951534.5863776,1,0,993.568115234375,889.9343872070312,662.9270629882812,914.6090698242188
1790951534.5977197,1,0,993.568115234375,889.9343872070312,662.9270629882812,914.6090698242188
1790951534.6083293,1,0,993.568115234375,889.9343872070312,662.9270629882812,914.6090698242188
1790951534.6201234,1,0,993.568115234375,889.9343872070312,662.9270629882812,914.6090698242188
1790951534.6314442,1,0,978.7633056640625,881.70947265625,681.0218505859375,912.964111328125
1790951534.6426187,1,0,935.9938354492188,861.9697265625,704.0515747070312,881.70947265625
1790951534.6535318,1,0,914.6090698242188,860.32470703125,717.21142578125,886.6444091796875
1790951534.664604,1,0,917.8990478515625,834.0050048828125,710.6315307617188,871.839599609375
1790951534.6754227,1,0,917.8990478515625,834.0050048828125,710.6315307617188,871.839599609375
1790951534.6860795,1,0,917.8990478515625,834.0050048828125,710.6315307617188,871.839599609375
1790951534.6970751,1,0,917.8990478515625,834.0050048828125,710.6315307617188,871.839599609375
1790951534.7076788,1,0,917.8990478515625,834.0050048828125,710.6315307617188,871.839599609375
1790951534.7182794,1,0,917.8990478515625,834.0050048828125,710.6315307617188,871.839599609375
1790951534.7298775,1,0,912.964111328125,834.0050048828125,722.1463623046875,852.0997924804688
1790951534.7407267,1,0,878.4194946289062,838.9400024414062,722.1463623046875,857.0347290039062
1790951534.7512941,1,0,888.2893676757812,852.0997924804688,735.3062133789062,852.0997924804688
1790951534.7620218,1,0,888.2893676757812,829.070068359375,725.4363403320312,842.2299194335938
1790951534.772969,1,0,868.5496215820312,829.070068359375,735.3062133789062,835.6500244140625
1790951534.783916,1,0,868.5496215820312,829.070068359375,735.3062133789062,835.6500244140625
1790951534.7948728,1,0,868.5496215820312,829.070068359375,735.3062133789062,835.6500244140625
1790951534.8058593,1,0,868.5496215820312,829.070068359375,735.3062133789062,835.6500244140625
1790951534.816397,1,0,868.5496215820312,829.070068359375,735.3062133789062,835.6500244140625
1790951534.827467,1,0,868.5496215820312,829.070068359375,735.3062133789062,835.6500244140625
1790951534.838418,1,0,868.5496215820312,829.070068359375,735.3062133789062,835.6500244140625
1790951534.8496754,1,0,870.194580078125,819.2001953125,736.951171875,834.0050048828125
1790951534.8605118,1,0,843.8749389648438,830.715087890625,746.8211059570312,832.3600463867188
1790951534.8715575,1,0,860.32470703125,825.7801513671875,755.0459594726562,830.715087890625
1790951534.8823454,1,1,860.32470703125,825.7801513671875,755.0459594726562,830.715087890625
1790951534.8931036,1,1,860.32470703125,825.7801513671875,755.0459594726562,830.715087890625
1790951534.9041572,0,1,860.32470703125,825.7801513671875,755.0459594726562,830.715087890625
1790951534.914795,0,1,860.32470703125,825.7801513671875,755.0459594726562,830.715087890625
1790951534.9254897,0,1,848.8098754882812,815.9102783203125,755.0459594726562,834.0050048828125
1790951534.936131,0,1,875.1295166015625,807.6853637695312,756.6909790039062,845.5198974609375
1790951534.9471135,0,1,855.3897705078125,812.6203002929688,746.8211059570312,845.5198974609375
1790951534.9582045,0,1,847.1648559570312,812.6203002929688,738.59619140625,847.1648559570312
1790951534.9695008,0,1,860.32470703125,819.2001953125,746.8211059570312,825.7801513671875
1790951534.980753,0,1,860.32470703125,819.2001953125,759.9808959960938,840.5849609375
1790951534.9915123,0,1,858.6797485351562,810.9752807617188,758.3359375,832.3600463867188
1790951535.0021522,0,1,858.6797485351562,810.9752807617188,758.3359375,832.3600463867188
1790951535.0131733,0,1,858.6797485351562,810.9752807617188,758.3359375,832.3600463867188
1790951535.0238094,0,1,858.6797485351562,810.9752807617188,758.3359375,832.3600463867188
1790951535.0343225,0,1,858.6797485351562,810.9752807617188,758.3359375,832.3600463867188
1790951535.0449917,0,1,858.6797485351562,810.9752807617188,758.3359375,832.3600463867188
1790951535.056229,0,1,858.6797485351562,810.9752807617188,758.3359375,832.3600463867188
1790951535.0667818,0,1,871.839599609375,799.46044921875,755.0459594726562,848.8098754882812
1790951535.0779312,0,1,871.839599609375,799.46044921875,755.0459594726562,848.8098754882812
1790951535.0889354,0,1,852.0997924804688,825.7801513671875,758.3359375,832.3600463867188
1790951535.1000843,0,1,868.5496215820312,815.9102783203125,753.4010009765625,850.454833984375
1790951535.110896,0,1,868.5496215820312,830.715087890625,766.5608520507812,863.6146850585938
1790951535.1219118,0,1,873.4845581054688,819.2001953125,756.6909790039062,837.2949829101562
1790951535.1328924,0,1,861.9697265625,820.84521484375,755.0459594726562,834.0050048828125
1790951535.1436791,0,1,861.9697265625,820.84521484375,755.0459594726562,834.0050048828125
1790951535.1544855,0,1,861.9697265625,820.84521484375,755.0459594726562,834.0050048828125
1790951535.16547,0,1,861.9697265625,820.84521484375,755.0459594726562,834.0050048828125
1790951535.176382,0,1,861.9697265625,820.84521484375,755.0459594726562,834.0050048828125
1790951535.1879137,0,1,861.9697265625,820.84521484375,755.0459594726562,834.0050048828125
1790951535.1993415,0,1,865.2596435546875,824.1351318359375,758.3359375,835.6500244140625
1790951535.2099094,0,1,863.6146850585938,838.9400024414062,769.850830078125,837.2949829101562
1790951535.2206814,0,1,863.6146850585938,838.9400024414062,769.850830078125,837.2949829101562
1790951535.2312756,0,1,863.6146850585938,838.9400024414062,769.850830078125,837.2949829101562
1790951535.2418375,0,1,863.6146850585938,838.9400024414062,769.850830078125,837.2949829101562
1790951535.2530913,0,1,863.6146850585938,838.9400024414062,769.850830078125,837.2949829101562
1790951535.2637467,0,1,863.6146850585938,838.9400024414062,769.850830078125,837.2949829101562
1790951535.2748811,0,1,857.0347290039062,810.9752807617188,773.1407470703125,858.6797485351562
1790951535.2863567,0,1,861.9697265625,827.4251098632812,763.2708740234375,840.5849609375
1790951535.2971525,0,1,863.6146850585938,829.070068359375,769.850830078125,834.0050048828125
1790951535.3080812,0,1,863.6146850585938,829.070068359375,769.850830078125,834.0050048828125
1790951535.3189783,0,1,863.6146850585938,829.070068359375,769.850830078125,834.0050048828125
1790951535.3299303,0,1,863.6146850585938,829.070068359375,769.850830078125,834.0050048828125
1790951535.3406765,0,1,863.6146850585938,829.070068359375,769.850830078125,834.0050048828125
1790951535.3514547,0,1,865.2596435546875,820.84521484375,776.4307250976562,865.2596435546875
1790951535.362391,0,1,850.454833984375,820.84521484375,786.3005981445312,858.6797485351562
1790951535.3730066,0,1,817.5552368164062,809.330322265625,778.07568359375,819.2001953125
1790951535.383851,0,1,853.7448120117188,807.6853637695312,779.720703125,827.4251098632812
1790951535.3947737,0,1,842.2299194335938,812.6203002929688,787.945556640625,827.4251098632812
1790951535.4057689,0,1,858.6797485351562,827.4251098632812,789.590576171875,824.1351318359375
1790951535.4168806,0,1,865.2596435546875,819.2001953125,787.945556640625,832.3600463867188
1790951535.4278204,0,1,865.2596435546875,819.2001953125,787.945556640625,832.3600463867188
1790951535.4384468,0,1,865.2596435546875,819.2001953125,787.945556640625,832.3600463867188
1790951535.4495053,0,1,865.2596435546875,819.2001953125,787.945556640625,832.3600463867188
1790951535.4601398,0,1,865.2596435546875,819.2001953125,787.945556640625,832.3600463867188
1790951535.471189,0,1,845.5198974609375,824.1351318359375,792.8805541992188,827.4251098632812
1790951535.4822764,0,1,863.6146850585938,829.070068359375,783.0106201171875,845.5198974609375
1790951535.4931247,0,1,861.9697265625,822.4901733398438,791.2355346679688,838.9400024414062
1790951535.5041046,0,1,852.0997924804688,835.6500244140625,783.0106201171875,853.7448120117188
1790951535.5150278,0,1,861.9697265625,830.715087890625,799.46044921875,857.0347290039062
1790951535.5260344,0,1,863.6146850585938,835.6500244140625,789.590576171875,842.2299194335938
1790951535.5367079,0,1,857.0347290039062,845.5198974609375,796.1704711914062,830.715087890625
1790951535.5477295,0,1,861.9697265625,838.9400024414062,792.8805541992188,840.5849609375
1790951535.558655,0,1,861.9697265625,838.9400024414062,792.8805541992188,840.5849609375
1790951535.5695753,0,1,861.9697265625,838.9400024414062,792.8805541992188,840.5849609375
1790951535.580229,0,1,861.9697265625,838.9400024414062,792.8805541992188,840.5849609375
1790951535.5912735,0,1,861.9697265625,838.9400024414062,792.8805541992188,840.5849609375
1790951535.6022882,0,1,866.9046630859375,835.6500244140625,791.2355346679688,847.1648559570312
1790951535.61302,0,1,868.5496215820312,814.2652587890625,791.2355346679688,845.5198974609375
1790951535.623866,0,1,857.0347290039062,834.0050048828125,794.5255126953125,834.0050048828125
1790951535.6346295,0,1,853.7448120117188,824.1351318359375,804.3953857421875,827.4251098632812
1790951535.6459126,0,1,858.6797485351562,822.4901733398438,796.1704711914062,837.2949829101562
1790951535.6567771,0,1,855.3897705078125,812.6203002929688,796.1704711914062,842.2299194335938
1790951535.6681018,0,1,855.3897705078125,812.6203002929688,796.1704711914062,842.2299194335938
1790951535.6790924,0,1,855.3897705078125,812.6203002929688,796.1704711914062,842.2299194335938
1790951535.6899717,0,1,855.3897705078125,812.6203002929688,796.1704711914062,842.2299194335938
1790951535.7006953,0,1,855.3897705078125,812.6203002929688,796.1704711914062,842.2299194335938
1790951535.711384,0,1,855.3897705078125,812.6203002929688,796.1704711914062,842.2299194335938
1790951535.7228117,0,1,850.454833984375,835.6500244140625,809.330322265625,820.84521484375
1790951535.7334113,0,1,852.0997924804688,810.9752807617188,801.1054077148438,825.7801513671875
1790951535.7442443,0,1,860.32470703125,820.84521484375,801.1054077148438,837.2949829101562
1790951535.755223,0,1,860.32470703125,820.84521484375,801.1054077148438,837.2949829101562
1790951535.7663243,0,1,860.32470703125,820.84521484375,801.1054077148438,837.2949829101562
1790951535.7775016,0,1,860.32470703125,820.84521484375,801.1054077148438,837.2949829101562
1790951535.788778,0,1,860.32470703125,820.84521484375,801.1054077148438,837.2949829101562
1790951535.7993295,0,1,860.32470703125,820.84521484375,801.1054077148438,837.2949829101562
1790951535.8102343,0,1,860.32470703125,820.84521484375,801.1054077148438,837.2949829101562
1790951535.8211608,0,1,873.4845581054688,806.0403442382812,792.8805541992188,876.7745361328125
1790951535.8321536,0,1,847.1648559570312,834.0050048828125,804.3953857421875,837.2949829101562
1790951535.8433046,0,1,847.1648559570312,834.0050048828125,804.3953857421875,837.2949829101562
1790951535.8550344,0,1,858.6797485351562,801.1054077148438,814.2652587890625,842.2299194335938
1790951535.8660228,0,1,748.466064453125,750.1110229492188,843.8749389648438,789.590576171875
1790951535.8768637,0,1,756.6909790039062,717.21142578125,863.6146850585938,792.8805541992188
1790951535.8875177,0,1,756.6909790039062,717.21142578125,863.6146850585938,792.8805541992188
1790951535.8984118,0,1,756.6909790039062,717.21142578125,863.6146850585938,792.8805541992188
1790951535.9097967,0,1,756.6909790039062,717.21142578125,863.6146850585938,792.8805541992188
1790951535.9208484,0,1,756.6909790039062,717.21142578125,863.6146850585938,792.8805541992188
1790951535.93197,0,1,756.6909790039062,717.21142578125,863.6146850585938,792.8805541992188
1790951535.943182,0,1,807.6853637695312,764.9158325195312,829.070068359375,830.715087890625
1790951535.9541066,0,1,815.9102783203125,773.1407470703125,842.2299194335938,812.6203002929688
1790951535.9656742,0,1,842.2299194335938,771.4957885742188,829.070068359375,848.8098754882812
1790951535.976952,0,1,842.2299194335938,792.8805541992188,832.3600463867188,863.6146850585938
1790951535.9878342,0,1,842.2299194335938,799.46044921875,824.1351318359375,837.2949829101562
1790951535.9988153,0,1,842.2299194335938,799.46044921875,824.1351318359375,837.2949829101562
1790951536.0099106,0,1,842.2299194335938,799.46044921875,824.1351318359375,837.2949829101562
1790951536.0206628,0,1,842.2299194335938,799.46044921875,824.1351318359375,837.2949829101562
1790951536.031738,0,1,842.2299194335938,799.46044921875,824.1351318359375,837.2949829101562
1790951536.0426123,0,1,843.8749389648438,804.3953857421875,820.84521484375,843.8749389648438
1790951536.0539522,0,1,847.1648559570312,796.1704711914062,822.4901733398438,834.0050048828125
1790951536.065231,0,1,857.0347290039062,774.7857666015625,838.9400024414062,861.9697265625
1790951536.0761325,0,1,848.8098754882812,791.2355346679688,815.9102783203125,834.0050048828125
1790951536.087421,0,1,848.8098754882812,791.2355346679688,815.9102783203125,834.0050048828125
1790951536.098439,0,1,848.8098754882812,791.2355346679688,815.9102783203125,834.0050048828125
1790951536.1092832,0,1,848.8098754882812,791.2355346679688,815.9102783203125,834.0050048828125
1790951536.120455,0,1,848.8098754882812,791.2355346679688,815.9102783203125,834.0050048828125
1790951536.1313515,0,1,847.1648559570312,810.9752807617188,812.6203002929688,850.454833984375
1790951536.1420004,0,1,865.2596435546875,817.5552368164062,820.84521484375,847.1648559570312
1790951536.1527069,0,1,858.6797485351562,802.7504272460938,825.7801513671875,843.8749389648438
1790951536.1638865,0,1,871.839599609375,796.1704711914062,807.6853637695312,857.0347290039062
1790951536.1749876,0,1,860.32470703125,799.46044921875,807.6853637695312,852.0997924804688
1790951536.1860106,0,1,853.7448120117188,802.7504272460938,824.1351318359375,840.5849609375
1790951536.1972833,0,1,853.7448120117188,802.7504272460938,824.1351318359375,840.5849609375
1790951536.208079,0,1,853.7448120117188,802.7504272460938,824.1351318359375,840.5849609375
1790951536.2192936,0,1,853.7448120117188,802.7504272460938,824.1351318359375,840.5849609375
1790951536.230863,0,1,853.7448120117188,802.7504272460938,824.1351318359375,840.5849609375
1790951536.2417789,0,1,853.7448120117188,802.7504272460938,824.1351318359375,840.5849609375
1790951536.2529554,0,1,873.4845581054688,810.9752807617188,817.5552368164062,858.6797485351562
1790951536.2638633,0,1,834.0050048828125,863.6146850585938,774.7857666015625,784.6556396484375
1790951536.274966,0,1,840.5849609375,845.5198974609375,779.720703125,802.7504272460938
1790951536.2859101,0,1,840.5849609375,845.5198974609375,779.720703125,802.7504272460938
1790951536.2966287,0,1,840.5849609375,845.5198974609375,779.720703125,802.7504272460938
1790951536.3076534,0,1,840.5849609375,845.5198974609375,779.720703125,802.7504272460938
1790951536.3184705,0,1,840.5849609375,845.5198974609375,779.720703125,802.7504272460938
1790951536.3294284,0,1,863.6146850585938,842.2299194335938,801.1054077148438,801.1054077148438
1790951536.34077,0,1,858.6797485351562,845.5198974609375,814.2652587890625,815.9102783203125
1790951536.3517396,0,1,848.8098754882812,852.0997924804688,804.3953857421875,814.2652587890625
1790951536.3624835,0,1,840.5849609375,834.0050048828125,814.2652587890625,829.070068359375
1790951536.3737524,0,1,857.0347290039062,827.4251098632812,830.715087890625,829.070068359375
1790951536.3845463,0,1,865.2596435546875,815.9102783203125,822.4901733398438,834.0050048828125
1790951536.3956146,0,1,865.2596435546875,815.9102783203125,822.4901733398438,834.0050048828125
1790951536.406544,0,1,865.2596435546875,815.9102783203125,822.4901733398438,834.0050048828125
1790951536.417384,0,1,865.2596435546875,815.9102783203125,822.4901733398438,834.0050048828125
1790951536.4280937,0,1,865.2596435546875,815.9102783203125,822.4901733398438,834.0050048828125
1790951536.438792,0,1,865.2596435546875,815.9102783203125,822.4901733398438,834.0050048828125
1790951536.4510505,0,1,858.6797485351562,812.6203002929688,817.5552368164062,837.2949829101562
1790951536.4621575,0,1,857.0347290039062,815.9102783203125,799.46044921875,824.1351318359375
1790951536.4729714,0,1,817.5552368164062,784.6556396484375,825.7801513671875,863.6146850585938
1790951536.4839003,0,1,779.720703125,743.5311279296875,884.9994506835938,794.5255126953125
1790951536.4950695,0,1,779.720703125,743.5311279296875,884.9994506835938,794.5255126953125
1790951536.5064814,0,1,779.720703125,743.5311279296875,884.9994506835938,794.5255126953125
1790951536.517308,0,1,779.720703125,743.5311279296875,884.9994506835938,794.5255126953125
1790951536.528181,0,1,779.720703125,743.5311279296875,884.9994506835938,794.5255126953125
1790951536.53907,0,1,779.720703125,743.5311279296875,884.9994506835938,794.5255126953125
1790951536.5500448,0,1,748.466064453125,705.6965942382812,906.3841552734375,827.4251098632812
1790951536.561098,0,1,745.1760864257812,694.1817016601562,878.4194946289062,834.0050048828125
1790951536.5728893,0,1,745.1760864257812,694.1817016601562,878.4194946289062,834.0050048828125
1790951536.5840497,0,1,723.7913208007812,722.1463623046875,906.3841552734375,799.46044921875
1790951536.5953448,0,1,677.7318725585938,708.9865112304688,908.0291748046875,797.8154907226562
1790951536.606498,0,1,692.5367431640625,700.7615966796875,903.09423828125,806.0403442382812
1790951536.617417,0,1,692.5367431640625,700.7615966796875,903.09423828125,806.0403442382812
1790951536.628022,0,1,692.5367431640625,700.7615966796875,903.09423828125,806.0403442382812
1790951536.6389973,0,1,692.5367431640625,700.7615966796875,903.09423828125,806.0403442382812
1790951536.650012,0,1,692.5367431640625,700.7615966796875,903.09423828125,806.0403442382812
1790951536.6605556,0,1,692.5367431640625,700.7615966796875,903.09423828125,806.0403442382812
1790951536.671889,0,1,682.6668701171875,702.4066162109375,903.09423828125,829.070068359375
1790951536.6827242,0,1,699.1166381835938,700.7615966796875,870.194580078125,878.4194946289062
1790951536.6936998,0,1,702.4066162109375,713.9214477539062,878.4194946289062,870.194580078125
1790951536.7046754,0,1,725.4363403320312,695.82666015625,917.8990478515625,807.6853637695312
1790951536.7152755,0,1,713.9214477539062,717.21142578125,893.2243041992188,871.839599609375
1790951536.7258852,0,1,715.5664672851562,725.4363403320312,848.8098754882812,868.5496215820312
1790951536.7369514,0,1,702.4066162109375,710.6315307617188,884.9994506835938,820.84521484375
1790951536.747475,0,1,702.4066162109375,710.6315307617188,884.9994506835938,820.84521484375
1790951536.7580595,0,1,702.4066162109375,710.6315307617188,884.9994506835938,820.84521484375
1790951536.7694662,0,1,702.4066162109375,710.6315307617188,884.9994506835938,820.84521484375
1790951536.7806056,0,1,702.4066162109375,710.6315307617188,884.9994506835938,820.84521484375
1790951536.7919543,0,1,705.6965942382812,712.2764892578125,908.0291748046875,806.0403442382812
1790951536.8026547,0,1,702.4066162109375,727.081298828125,898.1592407226562,812.6203002929688
1790951536.8137896,0,1,628.3825073242188,715.5664672851562,893.2243041992188,921.18896484375
1790951536.8244958,0,1,394.7952880859375,613.5776977539062,1024.82275390625,863.6146850585938
1790951536.8354986,0,1,342.1559143066406,676.0869140625,1028.1126708984375,814.2652587890625
1790951536.8465736,0,1,342.1559143066406,676.0869140625,1028.1126708984375,814.2652587890625
1790951536.8575957,0,1,342.1559143066406,676.0869140625,1028.1126708984375,814.2652587890625
1790951536.8683329,0,1,342.1559143066406,676.0869140625,1028.1126708984375,814.2652587890625
1790951536.879395,0,1,342.1559143066406,676.0869140625,1028.1126708984375,814.2652587890625
1790951536.8899486,0,1,342.1559143066406,676.0869140625,1028.1126708984375,814.2652587890625
1790951536.9007306,0,1,266.48681640625,656.34716796875,1057.722412109375,843.8749389648438
1790951536.912135,0,1,95.40885925292969,611.9326782226562,1177.805908203125,860.32470703125
1790951536.9231675,0,1,52.63936996459961,565.8732299804688,1200.835693359375,830.715087890625
1790951536.9340549,0,1,75.66909790039062,595.48291015625,1187.67578125,843.8749389648438
1790951536.94469,0,1,75.66909790039062,595.48291015625,1187.67578125,843.8749389648438
1790951536.9558299,0,1,75.66909790039062,595.48291015625,1187.67578125,843.8749389648438
1790951536.9671984,0,1,75.66909790039062,595.48291015625,1187.67578125,843.8749389648438
1790951536.9779532,0,1,75.66909790039062,595.48291015625,1187.67578125,843.8749389648438
1790951536.9894917,0,1,75.66909790039062,595.48291015625,1187.67578125,843.8749389648438
1790951537.0006983,0,1,379.9904479980469,628.3825073242188,914.6090698242188,764.9158325195312
1790951537.0112264,0,1,450.724609375,639.8973388671875,884.9994506835938,810.9752807617188
1790951537.0218313,0,1,590.5479125976562,656.34716796875,852.0997924804688,738.59619140625
1790951537.032842,0,1,603.707763671875,674.4419555664062,830.715087890625,764.9158325195312
1790951537.0440278,0,1,648.1222534179688,694.1817016601562,817.5552368164062,830.715087890625
1790951537.0549376,0,1,648.1222534179688,694.1817016601562,817.5552368164062,830.715087890625
1790951537.0659363,0,1,648.1222534179688,694.1817016601562,817.5552368164062,830.715087890625
1790951537.0769274,0,1,648.1222534179688,694.1817016601562,817.5552368164062,830.715087890625
1790951537.0882673,0,1,648.1222534179688,694.1817016601562,817.5552368164062,830.715087890625
1790951537.0995276,0,1,677.7318725585938,713.9214477539062,840.5849609375,830.715087890625
1790951537.1108932,0,1,684.3118286132812,712.2764892578125,784.6556396484375,853.7448120117188
1790951537.1220057,0,1,786.3005981445312,725.4363403320312,791.2355346679688,804.3953857421875
1790951537.1325917,0,1,797.8154907226562,728.726318359375,820.84521484375,814.2652587890625
1790951537.1433868,0,1,838.9400024414062,768.205810546875,815.9102783203125,791.2355346679688
1790951537.1543415,0,1,815.9102783203125,743.5311279296875,776.4307250976562,804.3953857421875
1790951537.1657486,0,1,838.9400024414062,763.2708740234375,819.2001953125,801.1054077148438
1790951537.176849,0,1,838.9400024414062,763.2708740234375,819.2001953125,801.1054077148438
1790951537.1876316,0,1,838.9400024414062,763.2708740234375,819.2001953125,801.1054077148438
1790951537.1987574,0,1,838.9400024414062,763.2708740234375,819.2001953125,801.1054077148438
1790951537.2097547,0,1,838.9400024414062,763.2708740234375,819.2001953125,801.1054077148438
1790951537.2208126,0,1,838.9400024414062,763.2708740234375,819.2001953125,801.1054077148438
1790951537.23207,0,1,840.5849609375,774.7857666015625,801.1054077148438,812.6203002929688
1790951537.243225,0,1,857.0347290039062,756.6909790039062,810.9752807617188,822.4901733398438
1790951537.2542381,0,1,843.8749389648438,786.3005981445312,807.6853637695312,835.6500244140625
1790951537.2650104,0,1,796.1704711914062,842.2299194335938,807.6853637695312,815.9102783203125
1790951537.276071,0,1,799.46044921875,827.4251098632812,784.6556396484375,791.2355346679688
1790951537.287113,0,1,820.84521484375,863.6146850585938,814.2652587890625,791.2355346679688
1790951537.29834,0,1,820.84521484375,863.6146850585938,814.2652587890625,791.2355346679688
1790951537.3092601,0,1,820.84521484375,863.6146850585938,814.2652587890625,791.2355346679688
1790951537.3203137,0,1,820.84521484375,863.6146850585938,814.2652587890625,791.2355346679688
1790951537.3313568,0,1,820.84521484375,863.6146850585938,814.2652587890625,791.2355346679688
1790951537.3424091,0,1,820.84521484375,863.6146850585938,814.2652587890625,791.2355346679688
1790951537.353421,0,1,835.6500244140625,838.9400024414062,806.0403442382812,822.4901733398438
1790951537.3644447,0,1,809.330322265625,815.9102783203125,832.3600463867188,827.4251098632812
1790951537.375597,0,1,843.8749389648438,837.2949829101562,797.8154907226562,837.2949829101562
1790951537.3862772,0,1,875.1295166015625,801.1054077148438,822.4901733398438,843.8749389648438
1790951537.3970287,0,1,875.1295166015625,801.1054077148438,822.4901733398438,843.8749389648438
1790951537.4083374,0,1,875.1295166015625,801.1054077148438,822.4901733398438,843.8749389648438
1790951537.4193516,0,1,875.1295166015625,801.1054077148438,822.4901733398438,843.8749389648438
1790951537.430538,0,1,875.1295166015625,801.1054077148438,822.4901733398438,843.8749389648438
1790951537.441391,0,1,875.1295166015625,801.1054077148438,822.4901733398438,843.8749389648438
1790951537.452117,0,1,875.1295166015625,801.1054077148438,822.4901733398438,843.8749389648438
1790951537.463169,0,1,875.1295166015625,801.1054077148438,822.4901733398438,843.8749389648438
1790951537.4741693,0,1,911.319091796875,843.8749389648438,832.3600463867188,789.590576171875
1790951537.4853776,0,1,903.09423828125,858.6797485351562,832.3600463867188,750.1110229492188
1790951537.4965165,0,1,883.3544311523438,921.18896484375,801.1054077148438,677.7318725585938
1790951537.507223,0,1,847.1648559570312,970.5383911132812,802.7504272460938,621.8025512695312
1790951537.5178192,0,1,838.9400024414062,967.2484130859375,797.8154907226562,628.3825073242188
1790951537.5287948,0,1,838.9400024414062,967.2484130859375,797.8154907226562,628.3825073242188
1790951537.5393734,0,1,838.9400024414062,967.2484130859375,797.8154907226562,628.3825073242188
1790951537.550442,0,1,838.9400024414062,967.2484130859375,797.8154907226562,628.3825073242188
1790951537.5617964,0,1,838.9400024414062,967.2484130859375,797.8154907226562,628.3825073242188
1790951537.5725358,0,1,802.7504272460938,991.9231567382812,794.5255126953125,638.2523803710938
1790951537.5834372,0,1,766.5608520507812,1008.3729248046875,779.720703125,602.0628051757812
1790951537.5940187,0,1,740.2411499023438,960.6685180664062,802.7504272460938,695.82666015625
1790951537.6045754,0,1,797.8154907226562,935.9938354492188,766.5608520507812,705.6965942382812
1790951537.6156354,0,1,797.8154907226562,935.9938354492188,766.5608520507812,705.6965942382812
1790951537.6267705,0,1,797.8154907226562,935.9938354492188,766.5608520507812,705.6965942382812
1790951537.637678,0,1,797.8154907226562,935.9938354492188,766.5608520507812,705.6965942382812
1790951537.6487138,0,1,797.8154907226562,935.9938354492188,766.5608520507812,705.6965942382812
1790951537.6596546,0,1,778.07568359375,916.2540283203125,812.6203002929688,746.8211059570312
1790951537.6708195,0,1,898.1592407226562,881.70947265625,801.1054077148438,820.84521484375
1790951537.6819,0,1,921.18896484375,853.7448120117188,781.3656616210938,855.3897705078125
1790951537.692939,0,1,954.088623046875,834.0050048828125,786.3005981445312,884.9994506835938
1790951537.703986,0,1,957.3785400390625,815.9102783203125,786.3005981445312,962.3134765625
1790951537.7147071,0,1,965.6034545898438,807.6853637695312,789.590576171875,973.828369140625
1790951537.726041,1,1,965.6034545898438,807.6853637695312,789.590576171875,973.828369140625
1790951537.737255,1,1,965.6034545898438,807.6853637695312,789.590576171875,973.828369140625
1790951537.7481031,1,1,965.6034545898438,807.6853637695312,789.590576171875,973.828369140625
1790951537.7593164,1,1,965.6034545898438,807.6853637695312,789.590576171875,973.828369140625
1790951537.7702353,1,1,940.9287719726562,797.8154907226562,812.6203002929688,991.9231567382812
1790951537.7811556,1,1,973.828369140625,807.6853637695312,810.9752807617188,965.6034545898438
1790951537.792219,1,1,985.3432006835938,799.46044921875,807.6853637695312,977.1183471679688
1790951537.8033717,1,1,852.0997924804688,774.7857666015625,848.8098754882812,931.0588989257812
1790951537.8143427,1,1,837.2949829101562,768.205810546875,870.194580078125,926.1239624023438
1790951537.8252585,1,1,875.1295166015625,783.0106201171875,860.32470703125,914.6090698242188
1790951537.8365152,1,1,906.3841552734375,786.3005981445312,847.1648559570312,899.8042602539062
1790951537.8476775,1,1,978.7633056640625,815.9102783203125,820.84521484375,959.0235595703125
1790951537.858676,1,1,1021.5327758789062,834.0050048828125,824.1351318359375,963.95849609375
1790951537.8695998,1,0,1021.5327758789062,834.0050048828125,824.1351318359375,963.95849609375
1790951537.8808796,1,0,1021.5327758789062,834.0050048828125,824.1351318359375,963.95849609375
1790951537.891635,1,0,1021.5327758789062,834.0050048828125,824.1351318359375,963.95849609375
1790951537.9027927,1,0,1021.5327758789062,834.0050048828125,824.1351318359375,963.95849609375
1790951537.9135132,1,0,1097.201904296875,825.7801513671875,807.6853637695312,986.9882202148438
1790951537.925097,1,0,1102.1368408203125,848.8098754882812,809.330322265625,965.6034545898438
1790951537.9362957,1,0,1136.681396484375,843.8749389648438,783.0106201171875,955.7335815429688
1790951537.947429,1,0,1125.16650390625,834.0050048828125,787.945556640625,935.9938354492188
1790951537.9579628,1,0,1118.586669921875,861.9697265625,815.9102783203125,924.4789428710938
1790951537.9696796,1,0,1118.586669921875,861.9697265625,815.9102783203125,924.4789428710938
1790951537.9808755,1,0,1118.586669921875,861.9697265625,815.9102783203125,924.4789428710938
1790951537.9922311,1,0,1118.586669921875,861.9697265625,815.9102783203125,924.4789428710938
1790951538.003646,1,0,1118.586669921875,861.9697265625,815.9102783203125,924.4789428710938
1790951538.0148656,1,0,1072.5272216796875,847.1648559570312,796.1704711914062,903.09423828125
1790951538.0258596,1,0,1065.947265625,832.3600463867188,814.2652587890625,875.1295166015625
1790951538.036977,1,0,1037.9825439453125,845.5198974609375,809.330322265625,880.064453125
1790951538.0482543,1,0,1021.5327758789062,840.5849609375,829.070068359375,863.6146850585938
1790951538.0589569,1,0,1018.2428588867188,837.2949829101562,829.070068359375,878.4194946289062
1790951538.0699363,1,0,1018.2428588867188,837.2949829101562,829.070068359375,878.4194946289062
1790951538.0809467,1,0,1018.2428588867188,837.2949829101562,829.070068359375,878.4194946289062
1790951538.09195,1,0,1018.2428588867188,837.2949829101562,829.070068359375,878.4194946289062
1790951538.103068,1,0,1018.2428588867188,837.2949829101562,829.070068359375,878.4194946289062
1790951538.1140928,1,0,1026.4677734375,819.2001953125,809.330322265625,868.5496215820312
1790951538.1251113,1,0,982.0532836914062,824.1351318359375,814.2652587890625,865.2596435546875
1790951538.1361208,1,0,983.6982421875,830.715087890625,814.2652587890625,881.70947265625
1790951538.147026,1,0,952.443603515625,845.5198974609375,817.5552368164062,865.2596435546875
1790951538.1574876,1,0,960.6685180664062,832.3600463867188,817.5552368164062,848.8098754882812
1790951538.1686244,1,0,960.6685180664062,832.3600463867188,817.5552368164062,848.8098754882812
1790951538.1795714,1,0,960.6685180664062,832.3600463867188,817.5552368164062,848.8098754882812
1790951538.1901262,1,0,960.6685180664062,832.3600463867188,817.5552368164062,848.8098754882812
1790951538.200701,1,0,960.6685180664062,832.3600463867188,817.5552368164062,848.8098754882812
1790951538.2116847,1,0,960.6685180664062,832.3600463867188,817.5552368164062,848.8098754882812
1790951538.2229226,1,0,962.3134765625,817.5552368164062,806.0403442382812,873.4845581054688
1790951538.2338107,1,0,962.3134765625,842.2299194335938,814.2652587890625,850.454833984375
1790951538.2449799,1,0,957.3785400390625,834.0050048828125,796.1704711914062,848.8098754882812
1790951538.2557979,1,0,968.8934326171875,832.3600463867188,802.7504272460938,830.715087890625
1790951538.2668357,1,0,968.8934326171875,832.3600463867188,802.7504272460938,830.715087890625
1790951538.2778397,1,0,968.8934326171875,832.3600463867188,802.7504272460938,830.715087890625
1790951538.2888892,1,0,968.8934326171875,832.3600463867188,802.7504272460938,830.715087890625
1790951538.2999427,1,0,968.8934326171875,832.3600463867188,802.7504272460938,830.715087890625
1790951538.3108876,1,0,968.8934326171875,832.3600463867188,802.7504272460938,830.715087890625
1790951538.3225665,1,0,970.5383911132812,835.6500244140625,812.6203002929688,840.5849609375
1790951538.3333597,1,0,960.6685180664062,853.7448120117188,809.330322265625,838.9400024414062
1790951538.3439627,1,0,955.7335815429688,858.6797485351562,807.6853637695312,852.0997924804688
1790951538.354504,1,0,972.1834106445312,817.5552368164062,802.7504272460938,857.0347290039062
1790951538.3653913,1,0,952.443603515625,852.0997924804688,819.2001953125,834.0050048828125
1790951538.376112,1,0,944.2186889648438,857.0347290039062,814.2652587890625,843.8749389648438
1790951538.3871155,1,0,962.3134765625,830.715087890625,810.9752807617188,830.715087890625
1790951538.3981051,1,0,962.3134765625,830.715087890625,810.9752807617188,830.715087890625
1790951538.4091227,1,0,962.3134765625,830.715087890625,810.9752807617188,830.715087890625
1790951538.4202244,1,0,962.3134765625,830.715087890625,810.9752807617188,830.715087890625
1790951538.431052,1,0,962.3134765625,830.715087890625,810.9752807617188,830.715087890625
1790951538.4420652,1,0,950.7986450195312,848.8098754882812,802.7504272460938,863.6146850585938
1790951538.453286,1,0,944.2186889648438,840.5849609375,810.9752807617188,840.5849609375
1790951538.4643648,1,0,944.2186889648438,853.7448120117188,822.4901733398438,857.0347290039062
1790951538.475247,1,0,950.7986450195312,852.0997924804688,809.330322265625,838.9400024414062
1790951538.486597,1,0,932.703857421875,829.070068359375,801.1054077148438,835.6500244140625
1790951538.4984114,1,1,932.703857421875,829.070068359375,801.1054077148438,835.6500244140625
1790951538.509233,1,1,932.703857421875,829.070068359375,801.1054077148438,835.6500244140625
1790951538.5205817,1,1,932.703857421875,829.070068359375,801.1054077148438,835.6500244140625
1790951538.531768,1,1,932.703857421875,829.070068359375,801.1054077148438,835.6500244140625
1790951538.542328,1,1,932.703857421875,829.070068359375,801.1054077148438,835.6500244140625
1790951538.5533385,1,1,932.703857421875,863.6146850585938,814.2652587890625,832.3600463867188
1790951538.5643086,1,1,911.319091796875,873.4845581054688,835.6500244140625,819.2001953125
1790951538.5753324,1,1,909.6741333007812,835.6500244140625,815.9102783203125,850.454833984375
1790951538.5864573,1,1,911.319091796875,834.0050048828125,814.2652587890625,837.2949829101562
1790951538.5977821,1,1,911.319091796875,834.0050048828125,814.2652587890625,837.2949829101562
1790951538.6090388,1,1,911.319091796875,834.0050048828125,814.2652587890625,837.2949829101562
1790951538.6202781,1,1,911.319091796875,834.0050048828125,814.2652587890625,837.2949829101562
1790951538.63121,1,1,911.319091796875,834.0050048828125,814.2652587890625,837.2949829101562
1790951538.6422129,1,1,911.319091796875,834.0050048828125,814.2652587890625,837.2949829101562
1790951538.6533418,1,1,899.8042602539062,848.8098754882812,817.5552368164062,843.8749389648438
1790951538.6650376,1,1,921.18896484375,848.8098754882812,804.3953857421875,860.32470703125
1790951538.6759882,1,1,904.7391967773438,824.1351318359375,827.4251098632812,845.5198974609375
1790951538.6868758,1,1,904.7391967773438,824.1351318359375,827.4251098632812,845.5198974609375
1790951538.6984515,1,1,904.7391967773438,824.1351318359375,827.4251098632812,845.5198974609375
1790951538.7093046,1,1,904.7391967773438,824.1351318359375,827.4251098632812,845.5198974609375
1790951538.7199004,1,1,904.7391967773438,824.1351318359375,827.4251098632812,845.5198974609375
1790951538.7305548,1,1,904.7391967773438,824.1351318359375,827.4251098632812,845.5198974609375
1790951538.7414372,1,1,899.8042602539062,807.6853637695312,815.9102783203125,838.9400024414062
1790951538.7523713,1,1,909.6741333007812,840.5849609375,824.1351318359375,853.7448120117188
1790951538.7630062,1,1,922.833984375,806.0403442382812,835.6500244140625,848.8098754882812
1790951538.7749796,1,1,922.833984375,806.0403442382812,835.6500244140625,848.8098754882812
1790951538.787158,1,1,916.2540283203125,835.6500244140625,801.1054077148438,852.0997924804688
1790951538.7986963,1,1,931.0588989257812,835.6500244140625,830.715087890625,853.7448120117188
1790951538.8096182,1,1,896.5142822265625,824.1351318359375,840.5849609375,835.6500244140625
1790951538.8212068,1,1,896.5142822265625,824.1351318359375,840.5849609375,835.6500244140625
1790951538.8332984,1,1,896.5142822265625,824.1351318359375,840.5849609375,835.6500244140625
1790951538.844731,1,1,896.5142822265625,824.1351318359375,840.5849609375,835.6500244140625
1790951538.85577,1,1,774.7857666015625,794.5255126953125,848.8098754882812,741.8861083984375
1790951538.8673937,1,1,728.726318359375,769.850830078125,870.194580078125,705.6965942382812
1790951538.8784027,1,1,667.8619995117188,797.8154907226562,853.7448120117188,644.832275390625
1790951538.8892033,1,1,644.832275390625,759.9808959960938,855.3897705078125,648.1222534179688
1790951538.9003139,1,1,644.832275390625,759.9808959960938,855.3897705078125,648.1222534179688
1790951538.9113047,1,1,644.832275390625,759.9808959960938,855.3897705078125,648.1222534179688
1790951538.9222336,1,1,644.832275390625,759.9808959960938,855.3897705078125,648.1222534179688
1790951538.9330444,1,1,644.832275390625,759.9808959960938,855.3897705078125,648.1222534179688
1790951538.9436667,1,1,644.832275390625,759.9808959960938,855.3897705078125,648.1222534179688
1790951538.9548302,1,1,746.8211059570312,768.205810546875,845.5198974609375,738.59619140625
1790951538.9656715,1,1,804.3953857421875,801.1054077148438,832.3600463867188,784.6556396484375
1790951538.9765558,1,1,848.8098754882812,789.590576171875,822.4901733398438,830.715087890625
1790951538.987418,1,1,848.8098754882812,789.590576171875,822.4901733398438,830.715087890625
1790951538.9981632,1,1,848.8098754882812,817.5552368164062,848.8098754882812,817.5552368164062
1790951539.0091848,1,1,842.2299194335938,809.330322265625,848.8098754882812,824.1351318359375
1790951539.0198634,1,0,842.2299194335938,809.330322265625,848.8098754882812,824.1351318359375
1790951539.030706,1,0,842.2299194335938,809.330322265625,848.8098754882812,824.1351318359375
1790951539.0419552,1,0,842.2299194335938,809.330322265625,848.8098754882812,824.1351318359375
1790951539.0527077,1,0,842.2299194335938,809.330322265625,848.8098754882812,824.1351318359375
1790951539.0636609,1,0,842.2299194335938,809.330322265625,848.8098754882812,824.1351318359375
1790951539.0742419,1,0,842.2299194335938,809.330322265625,848.8098754882812,824.1351318359375
1790951539.0852797,1,0,873.4845581054688,804.3953857421875,829.070068359375,850.454833984375
1790951539.0961995,1,0,868.5496215820312,815.9102783203125,819.2001953125,845.5198974609375
1790951539.1069212,1,0,863.6146850585938,837.2949829101562,814.2652587890625,843.8749389648438
1790951539.1177056,1,0,799.46044921875,787.945556640625,834.0050048828125,799.46044921875
1790951539.1289802,1,0,799.46044921875,708.9865112304688,847.1648559570312,746.8211059570312
1790951539.1402457,1,0,641.5423583984375,787.945556640625,1110.3616943359375,667.8619995117188
1790951539.1512556,1,0,483.62420654296875,761.6259155273438,1070.8822021484375,523.103759765625
1790951539.162134,1,0,404.6651611328125,763.2708740234375,1049.4974365234375,470.4643859863281
1790951539.1732812,1,0,404.6651611328125,763.2708740234375,1049.4974365234375,470.4643859863281
1790951539.1841593,1,0,404.6651611328125,763.2708740234375,1049.4974365234375,470.4643859863281
1790951539.1951215,1,0,404.6651611328125,763.2708740234375,1049.4974365234375,470.4643859863281
1790951539.206192,1,0,404.6651611328125,763.2708740234375,1049.4974365234375,470.4643859863281
1790951539.2166965,1,0,404.6651611328125,763.2708740234375,1049.4974365234375,470.4643859863281
1790951539.2274268,1,0,440.854736328125,952.443603515625,1141.6163330078125,483.62420654296875
1790951539.2384026,1,0,651.4122314453125,1164.6461181640625,1332.43408203125,641.5423583984375
1790951539.2500176,1,0,773.1407470703125,1235.3802490234375,1524.896728515625,733.6612548828125
1790951539.2613907,1,0,806.0403442382812,1314.3392333984375,1612.0806884765625,773.1407470703125
1790951539.271952,1,0,779.720703125,1261.699951171875,1592.3409423828125,707.341552734375
1790951539.2829735,1,0,779.720703125,1261.699951171875,1592.3409423828125,707.341552734375
1790951539.294123,1,0,779.720703125,1261.699951171875,1592.3409423828125,707.341552734375
1790951539.3051336,1,0,779.720703125,1261.699951171875,1592.3409423828125,707.341552734375
1790951539.3159556,1,0,779.720703125,1261.699951171875,1592.3409423828125,707.341552734375
1790951539.3270476,1,0,802.7504272460938,1314.3392333984375,1600.56591796875,746.8211059570312
1790951539.3386202,1,0,983.6982421875,1393.29833984375,1598.9208984375,865.2596435546875
1790951539.3493466,1,0,973.828369140625,1393.29833984375,1603.8558349609375,838.9400024414062
1790951539.36027,1,0,986.9882202148438,1401.523193359375,1600.56591796875,825.7801513671875
1790951539.3717575,1,0,1092.2669677734375,1411.3931884765625,1602.2108154296875,898.1592407226562
1790951539.3833265,1,0,1158.066162109375,1408.1031494140625,1600.56591796875,944.2186889648438
1790951539.3947246,1,0,1158.066162109375,1408.1031494140625,1600.56591796875,944.2186889648438
1790951539.4056559,1,0,1158.066162109375,1408.1031494140625,1600.56591796875,944.2186889648438
1790951539.416567,1,0,1158.066162109375,1408.1031494140625,1600.56591796875,944.2186889648438
1790951539.4275663,1,0,1158.066162109375,1408.1031494140625,1600.56591796875,944.2186889648438
1790951539.438776,1,0,1133.3914794921875,1408.1031494140625,1600.56591796875,873.4845581054688
1790951539.4497447,1,0,1240.315185546875,1406.458251953125,1279.794677734375,963.95849609375
1790951539.460229,1,0,1274.8597412109375,1371.91357421875,990.2781372070312,970.5383911132812
1790951539.4711754,1,0,1059.3673095703125,1597.27587890625,939.2837524414062,932.703857421875
1790951539.4822843,1,0,1108.716796875,1495.287109375,807.6853637695312,939.2837524414062
1790951539.4930263,1,0,1108.716796875,1495.287109375,807.6853637695312,939.2837524414062
1790951539.5036316,1,0,1108.716796875,1495.287109375,807.6853637695312,939.2837524414062
1790951539.5151088,1,0,1108.716796875,1495.287109375,807.6853637695312,939.2837524414062
1790951539.5256975,1,0,1108.716796875,1495.287109375,807.6853637695312,939.2837524414062
1790951539.5367224,1,0,1143.2613525390625,1403.168212890625,518.1688232421875,939.2837524414062
1790951539.5474255,1,0,1186.0308837890625,1281.439697265625,202.33258056640625,940.9287719726562
1790951539.5583777,1,0,1166.291015625,1021.5327758789062,254.97195434570312,927.7689208984375
1790951539.5691748,1,0,1153.1312255859375,1061.0123291015625,259.9068908691406,945.8637084960938
1790951539.579786,1,0,1115.296630859375,850.454833984375,263.1968688964844,975.4733276367188
1790951539.590638,1,0,1115.296630859375,850.454833984375,263.1968688964844,975.4733276367188
1790951539.6016467,1,0,1115.296630859375,850.454833984375,263.1968688964844,975.4733276367188
1790951539.6124628,1,0,1115.296630859375,850.454833984375,263.1968688964844,975.4733276367188
1790951539.623328,1,0,1115.296630859375,850.454833984375,263.1968688964844,975.4733276367188
1790951539.6345878,1,0,1115.296630859375,850.454833984375,263.1968688964844,975.4733276367188
1790951539.645397,1,0,1047.8525390625,69.08917236328125,559.2933349609375,963.95849609375
1790951539.6563017,1,0,1049.4974365234375,74.02411651611328,611.9326782226562,996.8580932617188
1790951539.666846,1,0,1047.8525390625,74.02411651611328,639.8973388671875,977.1183471679688
1790951539.678079,1,0,1047.8525390625,74.02411651611328,639.8973388671875,977.1183471679688
1790951539.6891177,1,0,1047.8525390625,74.02411651611328,639.8973388671875,977.1183471679688
1790951539.6999485,1,0,1047.8525390625,74.02411651611328,639.8973388671875,977.1183471679688
1790951539.7105055,1,0,1047.8525390625,74.02411651611328,639.8973388671875,977.1183471679688
1790951539.7210622,1,0,1047.8525390625,74.02411651611328,639.8973388671875,977.1183471679688
1790951539.7316315,1,0,1056.077392578125,72.37913513183594,648.1222534179688,1010.0179443359375
1790951539.74263,1,0,1062.6573486328125,77.31407928466797,633.3174438476562,1010.0179443359375
1790951539.753212,1,0,965.6034545898438,445.7896728515625,720.5014038085938,935.9938354492188
1790951539.7639961,1,0,980.4082641601562,470.4643859863281,763.2708740234375,935.9938354492188
1790951539.7750487,1,0,980.4082641601562,470.4643859863281,763.2708740234375,935.9938354492188
1790951539.7860456,1,0,980.4082641601562,470.4643859863281,763.2708740234375,935.9938354492188
1790951539.79749,1,0,980.4082641601562,470.4643859863281,763.2708740234375,935.9938354492188
1790951539.8081646,1,0,980.4082641601562,470.4643859863281,763.2708740234375,935.9938354492188
1790951539.8191993,1,0,980.4082641601562,470.4643859863281,763.2708740234375,935.9938354492188
1790951539.829845,1,0,954.088623046875,537.9085693359375,794.5255126953125,919.5440063476562
1790951539.8405988,1,0,944.2186889648438,588.9029541015625,842.2299194335938,880.064453125
1790951539.851392,1,0,932.703857421875,625.092529296875,875.1295166015625,896.5142822265625
1790951539.8620405,1,0,980.4082641601562,653.0571899414062,876.7745361328125,960.6685180664062
1790951539.8730354,1,0,1003.43798828125,664.5720825195312,881.70947265625,952.443603515625
1790951539.8845124,1,0,1003.43798828125,664.5720825195312,881.70947265625,952.443603515625
1790951539.8955834,1,0,1003.43798828125,664.5720825195312,881.70947265625,952.443603515625
1790951539.9068599,1,0,1003.43798828125,664.5720825195312,881.70947265625,952.443603515625
1790951539.9179554,1,0,1003.43798828125,664.5720825195312,881.70947265625,952.443603515625
1790951539.9292135,1,0,1001.7930297851562,666.217041015625,860.32470703125,973.828369140625
1790951539.940245,1,0,945.8637084960938,677.7318725585938,893.2243041992188,929.4138793945312
1790951539.951012,1,0,937.6387939453125,722.1463623046875,891.579345703125,935.9938354492188
1790951539.962381,1,0,926.1239624023438,725.4363403320312,919.5440063476562,899.8042602539062
1790951539.9734085,1,0,937.6387939453125,736.951171875,949.1536865234375,901.44921875
1790951539.9845662,1,0,937.6387939453125,736.951171875,949.1536865234375,901.44921875
1790951539.9954722,1,0,937.6387939453125,736.951171875,949.1536865234375,901.44921875
1790951540.0066245,1,0,937.6387939453125,736.951171875,949.1536865234375,901.44921875
1790951540.0176156,1,0,937.6387939453125,736.951171875,949.1536865234375,901.44921875
1790951540.0284674,1,0,937.6387939453125,736.951171875,949.1536865234375,901.44921875
1790951540.0390794,1,0,926.1239624023438,748.466064453125,931.0588989257812,912.964111328125
1790951540.0498614,1,0,911.319091796875,755.0459594726562,957.3785400390625,889.9343872070312
1790951540.0605085,1,0,924.4789428710938,787.945556640625,973.828369140625,906.3841552734375
1790951540.0717046,1,0,1001.7930297851562,801.1054077148438,679.3768920898438,949.1536865234375
1790951540.0827587,1,0,1021.5327758789062,822.4901733398438,676.0869140625,950.7986450195312
1790951540.0938377,1,0,1021.5327758789062,822.4901733398438,676.0869140625,950.7986450195312
1790951540.104852,1,0,1021.5327758789062,822.4901733398438,676.0869140625,950.7986450195312
1790951540.1157558,1,0,1021.5327758789062,822.4901733398438,676.0869140625,950.7986450195312
1790951540.1266994,1,0,1021.5327758789062,822.4901733398438,676.0869140625,950.7986450195312
1790951540.1377563,1,0,1011.6629028320312,794.5255126953125,699.1166381835938,940.9287719726562
1790951540.1483283,1,0,950.7986450195312,812.6203002929688,732.0162353515625,919.5440063476562
1790951540.1595905,1,0,959.0235595703125,817.5552368164062,722.1463623046875,903.09423828125
1790951540.1706386,1,0,931.0588989257812,822.4901733398438,708.9865112304688,889.9343872070312
1790951540.1816676,1,0,934.3488159179688,810.9752807617188,732.0162353515625,894.8693237304688
1790951540.1924562,1,0,934.3488159179688,810.9752807617188,732.0162353515625,894.8693237304688
1790951540.2036538,1,0,934.3488159179688,810.9752807617188,732.0162353515625,894.8693237304688
1790951540.2145038,1,0,934.3488159179688,810.9752807617188,732.0162353515625,894.8693237304688
1790951540.2252314,1,0,934.3488159179688,810.9752807617188,732.0162353515625,894.8693237304688
1790951540.2361748,1,0,934.3488159179688,810.9752807617188,732.0162353515625,894.8693237304688
1790951540.2468417,1,0,916.2540283203125,799.46044921875,738.59619140625,880.064453125
1790951540.2576163,1,0,901.44921875,820.84521484375,723.7913208007812,868.5496215820312
1790951540.2687075,1,0,891.579345703125,804.3953857421875,730.3712768554688,860.32470703125
1790951540.2794418,1,0,901.44921875,814.2652587890625,753.4010009765625,857.0347290039062
1790951540.2904906,1,0,901.44921875,814.2652587890625,753.4010009765625,857.0347290039062
1790951540.3014264,1,0,901.44921875,814.2652587890625,753.4010009765625,857.0347290039062
1790951540.3124027,1,0,901.44921875,814.2652587890625,753.4010009765625,857.0347290039062
1790951540.3238068,1,0,901.44921875,814.2652587890625,753.4010009765625,857.0347290039062
1790951540.3344293,1,0,901.44921875,814.2652587890625,753.4010009765625,857.0347290039062
1790951540.345477,1,0,909.6741333007812,824.1351318359375,758.3359375,843.8749389648438
1790951540.3568041,1,0,898.1592407226562,810.9752807617188,751.7560424804688,861.9697265625
1790951540.3681731,1,0,866.9046630859375,819.2001953125,759.9808959960938,852.0997924804688
1790951540.3787544,0,0,889.9343872070312,801.1054077148438,769.850830078125,855.3897705078125
1790951540.3896859,0,0,875.1295166015625,825.7801513671875,766.5608520507812,863.6146850585938
1790951540.4008424,0,0,880.064453125,812.6203002929688,764.9158325195312,843.8749389648438
1790951540.4118798,0,0,880.064453125,812.6203002929688,764.9158325195312,843.8749389648438
1790951540.4232316,0,0,880.064453125,812.6203002929688,764.9158325195312,843.8749389648438
1790951540.4342177,0,0,880.064453125,812.6203002929688,764.9158325195312,843.8749389648438
1790951540.4448256,0,0,880.064453125,812.6203002929688,764.9158325195312,843.8749389648438
1790951540.4558299,0,0,880.064453125,812.6203002929688,764.9158325195312,843.8749389648438
1790951540.4667218,0,0,870.194580078125,817.5552368164062,784.6556396484375,834.0050048828125
1790951540.4775283,0,0,881.70947265625,835.6500244140625,778.07568359375,843.8749389648438
1790951540.4881654,0,0,853.7448120117188,815.9102783203125,783.0106201171875,857.0347290039062
1790951540.499148,0,0,876.7745361328125,817.5552368164062,787.945556640625,871.839599609375
1790951540.509686,0,0,873.4845581054688,837.2949829101562,796.1704711914062,847.1648559570312
1790951540.520437,0,0,883.3544311523438,838.9400024414062,794.5255126953125,845.5198974609375
1790951540.5319278,0,0,883.3544311523438,835.6500244140625,787.945556640625,855.3897705078125
1790951540.5427845,0,0,889.9343872070312,834.0050048828125,784.6556396484375,842.2299194335938
1790951540.5537605,0,0,871.839599609375,838.9400024414062,787.945556640625,840.5849609375
1790951540.5648358,0,0,873.4845581054688,832.3600463867188,784.6556396484375,853.7448120117188
1790951540.5758584,0,0,866.9046630859375,827.4251098632812,804.3953857421875,861.9697265625
1790951540.587015,0,0,866.9046630859375,827.4251098632812,804.3953857421875,861.9697265625
1790951540.5976553,0,0,866.9046630859375,827.4251098632812,804.3953857421875,861.9697265625
1790951540.6086533,0,0,866.9046630859375,827.4251098632812,804.3953857421875,861.9697265625
1790951540.6199706,0,0,866.9046630859375,827.4251098632812,804.3953857421875,861.9697265625
1790951540.6307945,0,0,866.9046630859375,827.4251098632812,804.3953857421875,861.9697265625
1790951540.64179,0,0,852.0997924804688,824.1351318359375,799.46044921875,855.3897705078125
1790951540.6524374,0,0,865.2596435546875,814.2652587890625,802.7504272460938,847.1648559570312
1790951540.663364,0,0,865.2596435546875,822.4901733398438,791.2355346679688,838.9400024414062
1790951540.674059,0,0,866.9046630859375,832.3600463867188,787.945556640625,843.8749389648438
1790951540.6846137,0,0,858.6797485351562,820.84521484375,797.8154907226562,834.0050048828125
1790951540.6961706,0,0,878.4194946289062,809.330322265625,806.0403442382812,853.7448120117188
1790951540.7071102,0,0,878.4194946289062,809.330322265625,806.0403442382812,853.7448120117188
1790951540.7177103,0,0,878.4194946289062,809.330322265625,806.0403442382812,853.7448120117188
1790951540.728357,0,0,878.4194946289062,809.330322265625,806.0403442382812,853.7448120117188
1790951540.7391505,0,0,878.4194946289062,809.330322265625,806.0403442382812,853.7448120117188
1790951540.7501004,0,0,860.32470703125,834.0050048828125,791.2355346679688,835.6500244140625
1790951540.7607534,0,0,870.194580078125,824.1351318359375,797.8154907226562,837.2949829101562
1790951540.771832,0,0,866.9046630859375,807.6853637695312,797.8154907226562,843.8749389648438
1790951540.7824743,0,0,860.32470703125,850.454833984375,804.3953857421875,848.8098754882812
1790951540.793483,0,0,880.064453125,820.84521484375,792.8805541992188,847.1648559570312
1790951540.8045359,0,1,880.064453125,820.84521484375,792.8805541992188,847.1648559570312
1790951540.8153625,0,1,880.064453125,820.84521484375,792.8805541992188,847.1648559570312
1790951540.826082,0,1,880.064453125,820.84521484375,792.8805541992188,847.1648559570312
1790951540.8370423,0,1,880.064453125,820.84521484375,792.8805541992188,847.1648559570312
1790951540.8476725,0,1,871.839599609375,829.070068359375,801.1054077148438,855.3897705078125
1790951540.8588521,0,1,873.4845581054688,825.7801513671875,802.7504272460938,847.1648559570312
1790951540.8695674,0,1,883.3544311523438,815.9102783203125,806.0403442382812,857.0347290039062
1790951540.8801012,0,1,865.2596435546875,809.330322265625,807.6853637695312,868.5496215820312
1790951540.8908195,0,1,850.454833984375,825.7801513671875,812.6203002929688,832.3600463867188
1790951540.9017725,0,1,850.454833984375,825.7801513671875,812.6203002929688,832.3600463867188
1790951540.9127653,0,1,850.454833984375,825.7801513671875,812.6203002929688,832.3600463867188
1790951540.923835,0,1,850.454833984375,825.7801513671875,812.6203002929688,832.3600463867188
1790951540.9349298,0,1,850.454833984375,825.7801513671875,812.6203002929688,832.3600463867188
1790951540.9461534,0,1,870.194580078125,848.8098754882812,799.46044921875,824.1351318359375
1790951540.9571345,0,1,861.9697265625,830.715087890625,796.1704711914062,829.070068359375
1790951540.9679537,0,1,858.6797485351562,830.715087890625,786.3005981445312,810.9752807617188
1790951540.9793417,0,1,858.6797485351562,830.715087890625,786.3005981445312,810.9752807617188
1790951540.9905372,0,1,858.6797485351562,830.715087890625,786.3005981445312,810.9752807617188
1790951541.0011554,0,1,858.6797485351562,830.715087890625,786.3005981445312,810.9752807617188
1790951541.0120316,0,1,858.6797485351562,830.715087890625,786.3005981445312,810.9752807617188
1790951541.0226023,0,1,858.6797485351562,830.715087890625,786.3005981445312,810.9752807617188
1790951541.0333436,0,1,866.9046630859375,815.9102783203125,815.9102783203125,837.2949829101562
1790951541.0443525,0,1,845.5198974609375,843.8749389648438,806.0403442382812,827.4251098632812
1790951541.0558784,0,1,861.9697265625,820.84521484375,809.330322265625,815.9102783203125
1790951541.0665321,0,1,860.32470703125,815.9102783203125,807.6853637695312,822.4901733398438
1790951541.0775628,0,1,857.0347290039062,834.0050048828125,796.1704711914062,830.715087890625
1790951541.0881906,0,1,857.0347290039062,834.0050048828125,796.1704711914062,830.715087890625
1790951541.0992045,0,1,857.0347290039062,834.0050048828125,796.1704711914062,830.715087890625
1790951541.1101878,0,1,857.0347290039062,834.0050048828125,796.1704711914062,830.715087890625
1790951541.1212246,0,1,857.0347290039062,834.0050048828125,796.1704711914062,830.715087890625
1790951541.132578,0,1,857.0347290039062,834.0050048828125,796.1704711914062,830.715087890625
1790951541.1437316,0,1,868.5496215820312,835.6500244140625,817.5552368164062,832.3600463867188
1790951541.1548276,0,1,857.0347290039062,822.4901733398438,797.8154907226562,853.7448120117188
1790951541.1656742,0,1,861.9697265625,807.6853637695312,812.6203002929688,834.0050048828125
1790951541.1765587,0,1,861.9697265625,807.6853637695312,812.6203002929688,834.0050048828125
1790951541.1874866,0,1,861.9697265625,807.6853637695312,812.6203002929688,834.0050048828125
1790951541.1985683,0,1,861.9697265625,807.6853637695312,812.6203002929688,834.0050048828125
1790951541.2095847,0,1,861.9697265625,807.6853637695312,812.6203002929688,834.0050048828125
1790951541.2211077,0,1,861.9697265625,807.6853637695312,812.6203002929688,834.0050048828125
1790951541.2317839,0,1,861.9697265625,827.4251098632812,806.0403442382812,825.7801513671875
1790951541.2428496,0,1,866.9046630859375,835.6500244140625,804.3953857421875,834.0050048828125
1790951541.2535517,0,1,863.6146850585938,834.0050048828125,815.9102783203125,827.4251098632812
1790951541.2643933,0,1,855.3897705078125,830.715087890625,814.2652587890625,837.2949829101562
1790951541.2755919,0,1,870.194580078125,819.2001953125,817.5552368164062,834.0050048828125
1790951541.2870314,0,1,870.194580078125,819.2001953125,817.5552368164062,834.0050048828125
1790951541.2984612,0,1,870.194580078125,819.2001953125,817.5552368164062,834.0050048828125
1790951541.309525,0,1,870.194580078125,819.2001953125,817.5552368164062,834.0050048828125
1790951541.320866,0,1,870.194580078125,819.2001953125,817.5552368164062,834.0050048828125
1790951541.332041,0,1,871.839599609375,812.6203002929688,809.330322265625,838.9400024414062
1790951541.343047,0,1,855.3897705078125,832.3600463867188,815.9102783203125,840.5849609375
1790951541.3539,0,1,866.9046630859375,835.6500244140625,815.9102783203125,825.7801513671875
1790951541.364994,0,1,809.330322265625,789.590576171875,815.9102783203125,781.3656616210938
1790951541.3763084,0,1,809.330322265625,789.590576171875,815.9102783203125,781.3656616210938
1790951541.3873115,0,1,809.330322265625,789.590576171875,815.9102783203125,781.3656616210938
1790951541.398006,0,1,809.330322265625,789.590576171875,815.9102783203125,781.3656616210938
1790951541.4089618,0,1,809.330322265625,789.590576171875,815.9102783203125,781.3656616210938
1790951541.419781,0,1,809.330322265625,789.590576171875,815.9102783203125,781.3656616210938
1790951541.4305544,0,1,832.3600463867188,817.5552368164062,812.6203002929688,806.0403442382812
1790951541.4417572,0,1,845.5198974609375,820.84521484375,817.5552368164062,812.6203002929688
1790951541.4528644,0,1,832.3600463867188,830.715087890625,820.84521484375,820.84521484375
1790951541.4638045,0,1,840.5849609375,825.7801513671875,814.2652587890625,820.84521484375
1790951541.4745038,0,1,838.9400024414062,814.2652587890625,817.5552368164062,822.4901733398438
1790951541.4855034,0,1,857.0347290039062,817.5552368164062,814.2652587890625,817.5552368164062
1790951541.4966486,0,1,857.0347290039062,817.5552368164062,814.2652587890625,817.5552368164062
1790951541.5078115,0,1,857.0347290039062,817.5552368164062,814.2652587890625,817.5552368164062
1790951541.5185204,0,1,857.0347290039062,817.5552368164062,814.2652587890625,817.5552368164062
1790951541.5295486,0,1,857.0347290039062,817.5552368164062,814.2652587890625,817.5552368164062
1790951541.540328,0,1,853.7448120117188,822.4901733398438,812.6203002929688,829.070068359375
1790951541.551211,0,1,860.32470703125,819.2001953125,819.2001953125,824.1351318359375
1790951541.5620668,0,1,843.8749389648438,807.6853637695312,819.2001953125,843.8749389648438
1790951541.572733,0,1,845.5198974609375,829.070068359375,817.5552368164062,827.4251098632812
1790951541.5839727,0,1,861.9697265625,830.715087890625,819.2001953125,825.7801513671875
1790951541.5947952,0,1,861.9697265625,830.715087890625,819.2001953125,825.7801513671875
1790951541.605983,0,1,861.9697265625,830.715087890625,819.2001953125,825.7801513671875
1790951541.6168492,0,1,861.9697265625,830.715087890625,819.2001953125,825.7801513671875
1790951541.6282454,0,1,861.9697265625,830.715087890625,819.2001953125,825.7801513671875
1790951541.6392102,0,1,861.9697265625,830.715087890625,819.2001953125,825.7801513671875
1790951541.6503563,0,1,838.9400024414062,845.5198974609375,806.0403442382812,810.9752807617188
1790951541.6614242,0,1,865.2596435546875,809.330322265625,819.2001953125,838.9400024414062
1790951541.6720858,0,1,865.2596435546875,819.2001953125,809.330322265625,838.9400024414062
1790951541.6830642,0,1,875.1295166015625,835.6500244140625,809.330322265625,830.715087890625
1790951541.6940045,0,1,865.2596435546875,838.9400024414062,814.2652587890625,829.070068359375
1790951541.7049313,0,1,865.2596435546875,838.9400024414062,814.2652587890625,829.070068359375
1790951541.7164342,0,1,865.2596435546875,838.9400024414062,814.2652587890625,829.070068359375
1790951541.7274885,0,1,865.2596435546875,838.9400024414062,814.2652587890625,829.070068359375
1790951541.7385032,0,1,865.2596435546875,838.9400024414062,814.2652587890625,829.070068359375
1790951541.7492323,0,1,865.2596435546875,838.9400024414062,814.2652587890625,829.070068359375
1790951541.7601612,0,1,873.4845581054688,815.9102783203125,817.5552368164062,842.2299194335938
1790951541.7708297,0,1,848.8098754882812,842.2299194335938,824.1351318359375,829.070068359375
1790951541.781866,0,1,873.4845581054688,814.2652587890625,810.9752807617188,835.6500244140625
1790951541.792534,0,1,860.32470703125,814.2652587890625,804.3953857421875,837.2949829101562
1790951541.8035152,0,1,881.70947265625,827.4251098632812,820.84521484375,842.2299194335938
1790951541.8145473,0,1,881.70947265625,829.070068359375,815.9102783203125,850.454833984375
1790951541.8256197,0,1,881.70947265625,829.070068359375,815.9102783203125,850.454833984375
1790951541.8365674,0,1,881.70947265625,829.070068359375,815.9102783203125,850.454833984375
1790951541.847453,0,1,881.70947265625,829.070068359375,815.9102783203125,850.454833984375
1790951541.8584268,0,1,881.70947265625,829.070068359375,815.9102783203125,850.454833984375
1790951541.8692672,0,1,850.454833984375,822.4901733398438,807.6853637695312,835.6500244140625
1790951541.8802443,0,1,868.5496215820312,838.9400024414062,819.2001953125,834.0050048828125
1790951541.891295,0,1,866.9046630859375,835.6500244140625,814.2652587890625,840.5849609375
1790951541.9024112,0,1,865.2596435546875,829.070068359375,806.0403442382812,832.3600463867188
1790951541.9134324,0,1,871.839599609375,815.9102783203125,824.1351318359375,820.84521484375
1790951541.9242141,0,1,857.0347290039062,817.5552368164062,822.4901733398438,840.5849609375
1790951541.9351935,0,1,853.7448120117188,810.9752807617188,804.3953857421875,837.2949829101562
1790951541.9465923,0,1,860.32470703125,817.5552368164062,817.5552368164062,838.9400024414062
1790951541.957474,0,1,855.3897705078125,827.4251098632812,815.9102783203125,820.84521484375
1790951541.9686062,0,1,855.3897705078125,827.4251098632812,815.9102783203125,820.84521484375
1790951541.9799433,0,1,855.3897705078125,827.4251098632812,815.9102783203125,820.84521484375
1790951541.9905367,0,1,855.3897705078125,827.4251098632812,815.9102783203125,820.84521484375
1790951542.0015588,0,1,855.3897705078125,827.4251098632812,815.9102783203125,820.84521484375
1790951542.012917,0,1,855.3897705078125,827.4251098632812,815.9102783203125,820.84521484375
1790951542.0240932,0,1,861.9697265625,827.4251098632812,814.2652587890625,837.2949829101562
1790951542.034935,0,1,868.5496215820312,814.2652587890625,806.0403442382812,842.2299194335938
1790951542.046054,0,1,860.32470703125,829.070068359375,820.84521484375,848.8098754882812
1790951542.056743,0,1,870.194580078125,835.6500244140625,814.2652587890625,845.5198974609375
1790951542.0675333,0,1,876.7745361328125,819.2001953125,820.84521484375,847.1648559570312
1790951542.0783415,0,1,865.2596435546875,814.2652587890625,820.84521484375,847.1648559570312
1790951542.089429,0,1,865.2596435546875,824.1351318359375,830.715087890625,848.8098754882812
1790951542.1004345,0,1,875.1295166015625,822.4901733398438,838.9400024414062,857.0347290039062
1790951542.1110547,0,1,875.1295166015625,822.4901733398438,838.9400024414062,857.0347290039062
1790951542.1217299,0,1,875.1295166015625,822.4901733398438,838.9400024414062,857.0347290039062
1790951542.132528,0,1,875.1295166015625,822.4901733398438,838.9400024414062,857.0347290039062
1790951542.1436257,0,1,870.194580078125,804.3953857421875,832.3600463867188,865.2596435546875
1790951542.1543348,0,1,889.9343872070312,817.5552368164062,815.9102783203125,861.9697265625
1790951542.1653743,0,1,857.0347290039062,847.1648559570312,834.0050048828125,838.9400024414062
1790951542.1764438,0,1,857.0347290039062,847.1648559570312,834.0050048828125,838.9400024414062
1790951542.187003,0,1,857.0347290039062,847.1648559570312,834.0050048828125,838.9400024414062
1790951542.1977863,0,1,857.0347290039062,847.1648559570312,834.0050048828125,838.9400024414062
1790951542.2085195,0,1,857.0347290039062,847.1648559570312,834.0050048828125,838.9400024414062
1790951542.2194893,0,1,857.0347290039062,847.1648559570312,834.0050048828125,838.9400024414062
1790951542.2310221,0,1,848.8098754882812,830.715087890625,824.1351318359375,832.3600463867188
1790951542.2416465,0,1,881.70947265625,815.9102783203125,827.4251098632812,847.1648559570312
1790951542.2524905,0,1,855.3897705078125,830.715087890625,817.5552368164062,824.1351318359375
1790951542.2635117,0,1,858.6797485351562,822.4901733398438,825.7801513671875,838.9400024414062
1790951542.2741952,0,1,832.3600463867188,845.5198974609375,817.5552368164062,827.4251098632812
1790951542.2852068,0,1,848.8098754882812,825.7801513671875,822.4901733398438,822.4901733398438
1790951542.2968078,0,1,848.8098754882812,825.7801513671875,822.4901733398438,822.4901733398438
1790951542.3076735,0,1,848.8098754882812,825.7801513671875,822.4901733398438,822.4901733398438
1790951542.3189633,0,1,848.8098754882812,825.7801513671875,822.4901733398438,822.4901733398438
1790951542.330271,0,1,848.8098754882812,825.7801513671875,822.4901733398438,822.4901733398438
1790951542.3408344,0,1,848.8098754882812,825.7801513671875,822.4901733398438,822.4901733398438
1790951542.3520737,0,1,847.1648559570312,820.84521484375,829.070068359375,840.5849609375
1790951542.3628533,0,1,855.3897705078125,822.4901733398438,815.9102783203125,835.6500244140625
1790951542.3738515,0,1,880.064453125,822.4901733398438,822.4901733398438,832.3600463867188
1790951542.3846152,0,1,880.064453125,822.4901733398438,822.4901733398438,832.3600463867188
1790951542.395864,0,1,880.064453125,822.4901733398438,822.4901733398438,832.3600463867188
1790951542.407103,0,1,880.064453125,822.4901733398438,822.4901733398438,832.3600463867188
1790951542.418062,0,1,880.064453125,822.4901733398438,822.4901733398438,832.3600463867188
1790951542.4289522,0,1,880.064453125,822.4901733398438,822.4901733398438,832.3600463867188
1790951542.4400861,0,1,891.579345703125,804.3953857421875,817.5552368164062,825.7801513671875
1790951542.450996,0,1,903.09423828125,829.070068359375,804.3953857421875,824.1351318359375
1790951542.4616723,0,1,847.1648559570312,852.0997924804688,804.3953857421875,768.205810546875
1790951542.472181,0,1,871.839599609375,878.4194946289062,792.8805541992188,769.850830078125
1790951542.482806,0,1,898.1592407226562,886.6444091796875,786.3005981445312,759.9808959960938
1790951542.4933963,0,1,896.5142822265625,893.2243041992188,779.720703125,743.5311279296875
1790951542.5043943,0,1,896.5142822265625,893.2243041992188,779.720703125,743.5311279296875
1790951542.5156572,0,1,896.5142822265625,893.2243041992188,779.720703125,743.5311279296875
1790951542.527082,0,1,896.5142822265625,893.2243041992188,779.720703125,743.5311279296875
1790951542.5377262,0,1,896.5142822265625,893.2243041992188,779.720703125,743.5311279296875
1790951542.548671,0,1,817.5552368164062,886.6444091796875,791.2355346679688,723.7913208007812
1790951542.5600061,0,1,799.46044921875,893.2243041992188,806.0403442382812,679.3768920898438
1790951542.571223,0,1,797.8154907226562,876.7745361328125,809.330322265625,641.5423583984375
1790951542.5822604,0,1,797.8154907226562,876.7745361328125,809.330322265625,641.5423583984375
1790951542.5931187,0,1,797.8154907226562,876.7745361328125,809.330322265625,641.5423583984375
1790951542.604297,0,1,797.8154907226562,876.7745361328125,809.330322265625,641.5423583984375
1790951542.6152017,0,1,797.8154907226562,876.7745361328125,809.330322265625,641.5423583984375
1790951542.6261382,0,1,797.8154907226562,876.7745361328125,809.330322265625,641.5423583984375
1790951542.6367586,0,1,784.6556396484375,881.70947265625,830.715087890625,684.3118286132812
1790951542.6472805,0,1,769.850830078125,875.1295166015625,820.84521484375,692.5367431640625
1790951542.6580124,0,1,769.850830078125,852.0997924804688,819.2001953125,699.1166381835938
1790951542.6687691,0,1,853.7448120117188,825.7801513671875,827.4251098632812,743.5311279296875
1790951542.6798675,0,1,748.466064453125,817.5552368164062,806.0403442382812,778.07568359375
1790951542.6904228,0,1,748.466064453125,817.5552368164062,806.0403442382812,778.07568359375
1790951542.7018352,0,1,748.466064453125,817.5552368164062,806.0403442382812,778.07568359375
1790951542.7134087,0,1,748.466064453125,817.5552368164062,806.0403442382812,778.07568359375
1790951542.724151,0,1,748.466064453125,817.5552368164062,806.0403442382812,778.07568359375
1790951542.734661,0,1,806.0403442382812,820.84521484375,812.6203002929688,794.5255126953125
1790951542.7453957,0,1,891.579345703125,817.5552368164062,837.2949829101562,787.945556640625
1790951542.7564416,0,1,852.0997924804688,779.720703125,832.3600463867188,838.9400024414062
1790951542.7672818,0,1,829.070068359375,705.6965942382812,810.9752807617188,1291.3095703125
1790951542.7780383,0,1,829.070068359375,705.6965942382812,810.9752807617188,1291.3095703125
1790951542.7891555,0,1,829.070068359375,705.6965942382812,810.9752807617188,1291.3095703125
1790951542.8000753,0,1,829.070068359375,705.6965942382812,810.9752807617188,1291.3095703125
1790951542.810689,0,1,829.070068359375,705.6965942382812,810.9752807617188,1291.3095703125
1790951542.8217328,0,1,829.070068359375,705.6965942382812,810.9752807617188,1291.3095703125
1790951542.832296,0,1,829.070068359375,705.6965942382812,810.9752807617188,1291.3095703125
1790951542.8430994,0,1,812.6203002929688,674.4419555664062,843.8749389648438,1521.6068115234375
1790951542.8540592,0,1,829.070068359375,634.96240234375,848.8098754882812,1587.406005859375
1790951542.8648825,0,1,830.715087890625,654.7021484375,825.7801513671875,1649.915283203125
1790951542.8754299,0,1,837.2949829101562,657.9921264648438,794.5255126953125,1643.3353271484375
1790951542.8861835,0,1,830.715087890625,662.9270629882812,848.8098754882812,1649.915283203125
1790951542.8973248,0,1,830.715087890625,662.9270629882812,848.8098754882812,1649.915283203125
1790951542.90781,0,1,830.715087890625,662.9270629882812,848.8098754882812,1649.915283203125
1790951542.9190283,0,1,830.715087890625,662.9270629882812,848.8098754882812,1649.915283203125
1790951542.9300547,0,1,830.715087890625,662.9270629882812,848.8098754882812,1649.915283203125
1790951542.9411304,0,1,889.9343872070312,690.8917236328125,825.7801513671875,1590.696044921875
1790951542.9518282,0,1,906.3841552734375,687.601806640625,843.8749389648438,1602.2108154296875
1790951542.9623377,0,1,810.9752807617188,689.2467651367188,825.7801513671875,1495.287109375
1790951542.9734044,0,1,955.7335815429688,708.9865112304688,815.9102783203125,1416.328125
1790951542.983974,0,1,883.3544311523438,723.7913208007812,830.715087890625,1427.8428955078125
1790951542.994531,0,1,883.3544311523438,723.7913208007812,830.715087890625,1427.8428955078125
1790951543.0054219,0,1,883.3544311523438,723.7913208007812,830.715087890625,1427.8428955078125
1790951543.0163298,0,1,883.3544311523438,723.7913208007812,830.715087890625,1427.8428955078125
1790951543.027188,0,1,883.3544311523438,723.7913208007812,830.715087890625,1427.8428955078125
1790951543.038238,0,1,908.0291748046875,733.6612548828125,825.7801513671875,1202.4805908203125
1790951543.049724,0,1,842.2299194335938,759.9808959960938,837.2949829101562,1184.3858642578125
1790951543.0608046,0,1,868.5496215820312,768.205810546875,819.2001953125,1158.066162109375
1790951543.0714061,0,1,802.7504272460938,783.0106201171875,852.0997924804688,1123.5216064453125
1790951543.0823321,0,1,820.84521484375,781.3656616210938,850.454833984375,1079.1070556640625
1790951543.0932417,0,1,820.84521484375,789.590576171875,817.5552368164062,1061.0123291015625
1790951543.104184,0,1,820.84521484375,789.590576171875,817.5552368164062,1061.0123291015625
1790951543.1150784,0,1,820.84521484375,789.590576171875,817.5552368164062,1061.0123291015625
1790951543.126036,0,1,820.84521484375,789.590576171875,817.5552368164062,1061.0123291015625
1790951543.136845,0,1,820.84521484375,789.590576171875,817.5552368164062,1061.0123291015625
1790951543.1480439,0,1,861.9697265625,784.6556396484375,807.6853637695312,1047.8525390625
1790951543.1591513,0,1,896.5142822265625,819.2001953125,842.2299194335938,972.1834106445312
1790951543.170159,0,1,891.579345703125,799.46044921875,807.6853637695312,972.1834106445312
1790951543.1812117,0,1,858.6797485351562,797.8154907226562,814.2652587890625,921.18896484375
1790951543.1923845,0,1,783.0106201171875,787.945556640625,850.454833984375,896.5142822265625
1790951543.203399,0,1,783.0106201171875,787.945556640625,850.454833984375,896.5142822265625
1790951543.2146683,0,1,783.0106201171875,787.945556640625,850.454833984375,896.5142822265625
1790951543.2254407,0,1,783.0106201171875,787.945556640625,850.454833984375,896.5142822265625
1790951543.2365046,0,1,783.0106201171875,787.945556640625,850.454833984375,896.5142822265625
1790951543.2475662,0,1,802.7504272460938,783.0106201171875,842.2299194335938,863.6146850585938
1790951543.2583027,0,1,733.6612548828125,769.850830078125,870.194580078125,817.5552368164062
1790951543.2693427,0,1,672.7969360351562,779.720703125,896.5142822265625,768.205810546875
1790951543.2804878,0,1,532.9736328125,783.0106201171875,922.833984375,547.7784423828125
1790951543.2913074,0,1,636.607421875,759.9808959960938,911.319091796875,605.352783203125
1790951543.3024552,0,1,704.0515747070312,753.4010009765625,883.3544311523438,625.092529296875
1790951543.3136623,0,1,704.0515747070312,753.4010009765625,883.3544311523438,625.092529296875
1790951543.324427,0,1,722.1463623046875,750.1110229492188,917.8990478515625,593.837890625
1790951543.335521,0,1,733.6612548828125,755.0459594726562,878.4194946289062,569.1632080078125
1790951543.3464146,0,1,733.6612548828125,755.0459594726562,878.4194946289062,569.1632080078125
1790951543.3576953,0,1,733.6612548828125,755.0459594726562,878.4194946289062,569.1632080078125
1790951543.3689682,0,1,733.6612548828125,755.0459594726562,878.4194946289062,569.1632080078125
1790951543.3800948,0,1,733.6612548828125,755.0459594726562,878.4194946289062,569.1632080078125
1790951543.3906035,0,1,733.6612548828125,778.07568359375,873.4845581054688,551.0684204101562
1790951543.4015882,0,1,773.1407470703125,796.1704711914062,876.7745361328125,516.5238037109375
1790951543.4127326,0,1,776.4307250976562,799.46044921875,861.9697265625,513.23388671875
1790951543.423606,0,1,768.205810546875,806.0403442382812,850.454833984375,500.07403564453125
1790951543.4346263,0,1,830.715087890625,809.330322265625,842.2299194335938,528.0386962890625
1790951543.4453979,0,1,830.715087890625,809.330322265625,842.2299194335938,528.0386962890625
1790951543.4562323,0,1,830.715087890625,809.330322265625,842.2299194335938,528.0386962890625
1790951543.4681983,0,1,830.715087890625,809.330322265625,842.2299194335938,528.0386962890625
1790951543.4794765,0,1,830.715087890625,809.330322265625,842.2299194335938,528.0386962890625
1790951543.4905918,0,1,921.18896484375,791.2355346679688,847.1648559570312,634.96240234375
1790951543.5020556,0,1,945.8637084960938,755.0459594726562,804.3953857421875,705.6965942382812
1790951543.513292,0,1,967.2484130859375,801.1054077148438,806.0403442382812,692.5367431640625
1790951543.524527,0,1,1008.3729248046875,810.9752807617188,801.1054077148438,705.6965942382812
1790951543.5356727,0,1,1008.3729248046875,810.9752807617188,801.1054077148438,705.6965942382812
1790951543.548859,0,1,1008.3729248046875,810.9752807617188,801.1054077148438,705.6965942382812
1790951543.5601516,0,1,1008.3729248046875,810.9752807617188,801.1054077148438,705.6965942382812
1790951543.5710442,0,1,1008.3729248046875,810.9752807617188,801.1054077148438,705.6965942382812
1790951543.5829253,0,1,1008.3729248046875,810.9752807617188,801.1054077148438,705.6965942382812
1790951543.5936565,0,1,991.9231567382812,792.8805541992188,776.4307250976562,735.3062133789062
1790951543.604283,0,1,995.213134765625,797.8154907226562,787.945556640625,712.2764892578125
1790951543.615186,0,1,944.2186889648438,824.1351318359375,784.6556396484375,743.5311279296875
1790951543.6264074,0,1,959.0235595703125,830.715087890625,799.46044921875,720.5014038085938
1790951543.6373804,0,1,940.9287719726562,834.0050048828125,781.3656616210938,733.6612548828125
1790951543.649329,0,1,940.9287719726562,834.0050048828125,781.3656616210938,733.6612548828125
1790951543.6601896,0,1,940.9287719726562,834.0050048828125,781.3656616210938,733.6612548828125
1790951543.6715446,0,1,940.9287719726562,834.0050048828125,781.3656616210938,733.6612548828125
1790951543.683012,0,1,940.9287719726562,834.0050048828125,781.3656616210938,733.6612548828125
1790951543.6942387,0,1,940.9287719726562,834.0050048828125,781.3656616210938,733.6612548828125
1790951543.7054837,0,1,903.09423828125,827.4251098632812,825.7801513671875,713.9214477539062
1790951543.7165074,0,1,876.7745361328125,819.2001953125,791.2355346679688,728.726318359375
1790951543.727734,0,1,875.1295166015625,834.0050048828125,802.7504272460938,743.5311279296875
1790951543.7384722,0,1,906.3841552734375,832.3600463867188,791.2355346679688,787.945556640625
1790951543.7490206,0,1,906.3841552734375,832.3600463867188,791.2355346679688,787.945556640625
1790951543.759845,0,1,906.3841552734375,832.3600463867188,791.2355346679688,787.945556640625
1790951543.7711797,0,1,906.3841552734375,832.3600463867188,791.2355346679688,787.945556640625
1790951543.7817242,0,1,906.3841552734375,832.3600463867188,791.2355346679688,787.945556640625
1790951543.792739,1,1,906.3841552734375,832.3600463867188,791.2355346679688,787.945556640625
1790951543.8038573,1,1,922.833984375,834.0050048828125,804.3953857421875,843.8749389648438
1790951543.81516,1,1,863.6146850585938,822.4901733398438,809.330322265625,822.4901733398438
1790951543.826139,1,1,845.5198974609375,815.9102783203125,812.6203002929688,822.4901733398438
1790951543.8372498,1,1,847.1648559570312,814.2652587890625,812.6203002929688,825.7801513671875
1790951543.8483036,1,1,855.3897705078125,806.0403442382812,804.3953857421875,822.4901733398438
1790951543.8592339,1,1,855.3897705078125,806.0403442382812,804.3953857421875,822.4901733398438
1790951543.8700943,1,1,855.3897705078125,806.0403442382812,804.3953857421875,822.4901733398438
1790951543.8811498,1,1,855.3897705078125,806.0403442382812,804.3953857421875,822.4901733398438
1790951543.892181,1,1,855.3897705078125,806.0403442382812,804.3953857421875,822.4901733398438
1790951543.903359,1,1,855.3897705078125,806.0403442382812,804.3953857421875,822.4901733398438
1790951543.9145327,1,1,840.5849609375,827.4251098632812,822.4901733398438,835.6500244140625
1790951543.925843,1,1,838.9400024414062,817.5552368164062,845.5198974609375,835.6500244140625
1790951543.9365919,1,1,848.8098754882812,802.7504272460938,832.3600463867188,817.5552368164062
1790951543.9475422,1,1,840.5849609375,797.8154907226562,840.5849609375,840.5849609375
1790951543.958678,1,1,903.09423828125,810.9752807617188,827.4251098632812,852.0997924804688
1790951543.969749,1,1,903.09423828125,810.9752807617188,827.4251098632812,852.0997924804688
1790951543.9809802,1,1,903.09423828125,810.9752807617188,827.4251098632812,852.0997924804688
1790951543.9918516,1,1,903.09423828125,810.9752807617188,827.4251098632812,852.0997924804688
1790951544.0030057,1,1,903.09423828125,810.9752807617188,827.4251098632812,852.0997924804688
1790951544.013816,1,1,903.09423828125,810.9752807617188,827.4251098632812,852.0997924804688
1790951544.0245578,1,1,875.1295166015625,825.7801513671875,835.6500244140625,829.070068359375
1790951544.0359373,1,1,863.6146850585938,815.9102783203125,827.4251098632812,827.4251098632812
1790951544.047321,1,1,852.0997924804688,820.84521484375,847.1648559570312,820.84521484375
1790951544.057952,1,1,888.2893676757812,814.2652587890625,830.715087890625,835.6500244140625
1790951544.0694268,1,1,888.2893676757812,814.2652587890625,830.715087890625,835.6500244140625
1790951544.0807092,1,1,888.2893676757812,814.2652587890625,830.715087890625,835.6500244140625
1790951544.091775,1,1,888.2893676757812,814.2652587890625,830.715087890625,835.6500244140625
1790951544.103065,1,1,888.2893676757812,814.2652587890625,830.715087890625,835.6500244140625
1790951544.1136904,1,1,888.2893676757812,804.3953857421875,825.7801513671875,835.6500244140625
1790951544.1246657,1,1,870.194580078125,802.7504272460938,834.0050048828125,830.715087890625
1790951544.1359544,1,1,875.1295166015625,843.8749389648438,835.6500244140625,809.330322265625
1790951544.146843,1,1,855.3897705078125,809.330322265625,845.5198974609375,810.9752807617188
1790951544.1577773,1,1,860.32470703125,817.5552368164062,832.3600463867188,797.8154907226562
1790951544.168884,1,1,868.5496215820312,804.3953857421875,830.715087890625,827.4251098632812
1790951544.1798074,1,1,868.5496215820312,804.3953857421875,830.715087890625,827.4251098632812
1790951544.1903315,1,1,868.5496215820312,804.3953857421875,830.715087890625,827.4251098632812
1790951544.200907,1,1,868.5496215820312,804.3953857421875,830.715087890625,827.4251098632812
1790951544.211437,1,1,868.5496215820312,804.3953857421875,830.715087890625,827.4251098632812
1790951544.2221277,1,1,868.5496215820312,804.3953857421875,830.715087890625,827.4251098632812
1790951544.2339635,1,1,868.5496215820312,804.3953857421875,830.715087890625,827.4251098632812
1790951544.244714,1,1,939.2837524414062,845.5198974609375,797.8154907226562,850.454833984375
1790951544.255727,1,1,919.5440063476562,857.0347290039062,787.945556640625,827.4251098632812
1790951544.2665308,1,1,888.2893676757812,847.1648559570312,832.3600463867188,814.2652587890625
1790951544.2771437,1,1,899.8042602539062,834.0050048828125,820.84521484375,820.84521484375
1790951544.2879138,1,1,899.8042602539062,834.0050048828125,820.84521484375,820.84521484375
1790951544.299007,1,1,899.8042602539062,834.0050048828125,820.84521484375,820.84521484375
1790951544.310026,1,1,899.8042602539062,834.0050048828125,820.84521484375,820.84521484375
1790951544.3210454,1,1,899.8042602539062,834.0050048828125,820.84521484375,820.84521484375
1790951544.3319266,1,1,899.8042602539062,834.0050048828125,820.84521484375,820.84521484375
1790951544.3429058,1,1,898.1592407226562,824.1351318359375,812.6203002929688,834.0050048828125
1790951544.353607,1,1,898.1592407226562,809.330322265625,810.9752807617188,837.2949829101562
1790951544.3641424,1,1,881.70947265625,825.7801513671875,820.84521484375,824.1351318359375
1790951544.3748457,1,1,873.4845581054688,832.3600463867188,822.4901733398438,819.2001953125
1790951544.385918,1,1,875.1295166015625,829.070068359375,822.4901733398438,801.1054077148438
1790951544.3968434,1,1,873.4845581054688,807.6853637695312,817.5552368164062,809.330322265625
1790951544.4079168,1,1,873.4845581054688,807.6853637695312,817.5552368164062,809.330322265625
1790951544.418514,1,1,873.4845581054688,807.6853637695312,817.5552368164062,809.330322265625
1790951544.4294436,1,1,873.4845581054688,807.6853637695312,817.5552368164062,809.330322265625
1790951544.4399576,1,1,873.4845581054688,807.6853637695312,817.5552368164062,809.330322265625
1790951544.4508169,1,1,873.4845581054688,807.6853637695312,817.5552368164062,809.330322265625
1790951544.4615047,1,1,873.4845581054688,807.6853637695312,817.5552368164062,809.330322265625
1790951544.4727373,1,1,873.4845581054688,807.6853637695312,817.5552368164062,809.330322265625
1790951544.4841328,1,1,855.3897705078125,830.715087890625,837.2949829101562,814.2652587890625
1790951544.4951868,1,1,908.0291748046875,852.0997924804688,802.7504272460938,834.0050048828125
1790951544.5061421,1,1,942.57373046875,861.9697265625,791.2355346679688,863.6146850585938
1790951544.5167398,1,1,945.8637084960938,870.194580078125,794.5255126953125,850.454833984375
1790951544.5275881,1,1,935.9938354492188,845.5198974609375,801.1054077148438,852.0997924804688
1790951544.5387049,1,1,935.9938354492188,845.5198974609375,801.1054077148438,852.0997924804688
1790951544.549644,1,1,935.9938354492188,845.5198974609375,801.1054077148438,852.0997924804688
1790951544.560599,1,1,935.9938354492188,845.5198974609375,801.1054077148438,852.0997924804688
1790951544.5718427,1,1,935.9938354492188,845.5198974609375,801.1054077148438,852.0997924804688
1790951544.5828538,1,1,935.9938354492188,845.5198974609375,801.1054077148438,852.0997924804688
1790951544.5937853,1,1,908.0291748046875,820.84521484375,817.5552368164062,860.32470703125
1790951544.6046011,1,1,891.579345703125,842.2299194335938,809.330322265625,837.2949829101562
1790951544.615548,1,1,886.6444091796875,855.3897705078125,835.6500244140625,834.0050048828125
1790951544.6261334,1,1,875.1295166015625,834.0050048828125,835.6500244140625,822.4901733398438
1790951544.636866,1,1,875.1295166015625,827.4251098632812,835.6500244140625,814.2652587890625
1790951544.6479383,1,1,875.1295166015625,827.4251098632812,835.6500244140625,814.2652587890625
1790951544.6588993,1,1,875.1295166015625,827.4251098632812,835.6500244140625,814.2652587890625
1790951544.6695604,1,1,875.1295166015625,827.4251098632812,835.6500244140625,814.2652587890625
1790951544.6807287,1,1,875.1295166015625,827.4251098632812,835.6500244140625,814.2652587890625
1790951544.6914356,1,1,865.2596435546875,840.5849609375,834.0050048828125,830.715087890625
1790951544.702424,1,1,866.9046630859375,842.2299194335938,819.2001953125,799.46044921875
1790951544.712996,1,1,838.9400024414062,834.0050048828125,820.84521484375,814.2652587890625
1790951544.7246723,1,1,860.32470703125,825.7801513671875,824.1351318359375,807.6853637695312
1790951544.7354426,1,1,860.32470703125,825.7801513671875,824.1351318359375,807.6853637695312
1790951544.7464228,1,1,860.32470703125,825.7801513671875,824.1351318359375,807.6853637695312
1790951544.75698,1,1,860.32470703125,825.7801513671875,824.1351318359375,807.6853637695312
1790951544.7680552,1,1,860.32470703125,825.7801513671875,824.1351318359375,807.6853637695312
1790951544.779279,1,1,860.32470703125,825.7801513671875,824.1351318359375,807.6853637695312
1790951544.7905004,1,1,843.8749389648438,834.0050048828125,825.7801513671875,819.2001953125
1790951544.8013003,1,1,858.6797485351562,830.715087890625,834.0050048828125,825.7801513671875
1790951544.8119104,1,1,860.32470703125,825.7801513671875,830.715087890625,835.6500244140625
1790951544.8230162,1,1,866.9046630859375,822.4901733398438,834.0050048828125,819.2001953125
1790951544.8339443,1,1,866.9046630859375,822.4901733398438,834.0050048828125,819.2001953125
1790951544.844941,1,1,866.9046630859375,822.4901733398438,834.0050048828125,819.2001953125
1790951544.855825,1,1,866.9046630859375,822.4901733398438,834.0050048828125,819.2001953125
1790951544.8673275,1,1,901.44921875,832.3600463867188,834.0050048828125,843.8749389648438
1790951544.8784823,1,1,912.964111328125,815.9102783203125,852.0997924804688,840.5849609375
1790951544.888999,1,1,871.839599609375,750.1110229492188,837.2949829101562,807.6853637695312
1790951544.9001238,1,1,871.839599609375,750.1110229492188,837.2949829101562,807.6853637695312
1790951544.91111,1,1,871.839599609375,750.1110229492188,837.2949829101562,807.6853637695312
1790951544.9217737,1,1,797.8154907226562,771.4957885742188,730.3712768554688,735.3062133789062
1790951544.932713,1,1,653.0571899414062,771.4957885742188,809.330322265625,656.34716796875
1790951544.9432988,1,1,495.1390686035156,850.454833984375,1151.4862060546875,671.1519775390625
1790951544.95403,1,1,350.38079833984375,982.0532836914062,1362.043701171875,616.8676147460938
1790951544.9650996,1,1,376.70050048828125,1090.6219482421875,1371.91357421875,616.8676147460938
1790951544.9764009,1,1,376.70050048828125,1090.6219482421875,1371.91357421875,616.8676147460938
1790951544.9874122,1,1,376.70050048828125,1090.6219482421875,1371.91357421875,616.8676147460938
1790951544.998218,1,1,376.70050048828125,1090.6219482421875,1371.91357421875,616.8676147460938
1790951545.0089536,1,1,376.70050048828125,1090.6219482421875,1371.91357421875,616.8676147460938
1790951545.0199666,1,1,376.70050048828125,1090.6219482421875,1371.91357421875,616.8676147460938
1790951545.0307157,1,1,376.70050048828125,1090.6219482421875,1371.91357421875,616.8676147460938
1790951545.041771,1,1,876.7745361328125,1579.18115234375,1357.1087646484375,827.4251098632812
1790951545.0526223,1,1,903.09423828125,1570.9561767578125,1357.1087646484375,827.4251098632812
1790951545.0631368,1,1,863.6146850585938,1572.6011962890625,1357.1087646484375,787.945556640625
1790951545.0739753,1,1,863.6146850585938,1572.6011962890625,1357.1087646484375,787.945556640625
1790951545.0847104,1,1,863.6146850585938,1572.6011962890625,1357.1087646484375,787.945556640625
1790951545.095485,1,1,863.6146850585938,1572.6011962890625,1357.1087646484375,787.945556640625
1790951545.1064901,1,1,863.6146850585938,1572.6011962890625,1357.1087646484375,787.945556640625
1790951545.1170392,1,1,863.6146850585938,1572.6011962890625,1357.1087646484375,787.945556640625
1790951545.1280656,1,1,863.6146850585938,1572.6011962890625,1357.1087646484375,787.945556640625
1790951545.1388965,1,1,982.0532836914062,1570.9561767578125,1357.1087646484375,880.064453125
1790951545.149789,1,1,942.57373046875,1570.9561767578125,1357.1087646484375,827.4251098632812
1790951545.1605031,1,1,1023.1777954101562,1570.9561767578125,1357.1087646484375,880.064453125
1790951545.1710536,1,1,1082.3970947265625,1570.9561767578125,1209.060546875,935.9938354492188
1790951545.181845,1,1,1135.036376953125,1508.447021484375,590.5479125976562,940.9287719726562
1790951545.1925168,1,1,1135.036376953125,1508.447021484375,590.5479125976562,940.9287719726562
1790951545.203653,1,1,1135.036376953125,1508.447021484375,590.5479125976562,940.9287719726562
1790951545.2145042,1,1,1135.036376953125,1508.447021484375,590.5479125976562,940.9287719726562
1790951545.2250478,1,1,1135.036376953125,1508.447021484375,590.5479125976562,940.9287719726562
1790951545.2359948,1,1,1135.036376953125,1508.447021484375,590.5479125976562,940.9287719726562
1790951545.2466235,1,1,1139.971435546875,1490.3521728515625,488.5591735839844,965.6034545898438
1790951545.2574234,1,1,1115.296630859375,1416.328125,330.64105224609375,952.443603515625
1790951545.2680507,1,1,1192.6107177734375,1248.5400390625,0.0,954.088623046875
1790951545.2790506,1,1,1223.8653564453125,1154.7762451171875,52.63936996459961,931.0588989257812
1790951545.2900593,1,1,1227.1553955078125,1062.6573486328125,78.95905303955078,901.44921875
1790951545.3008354,1,1,1261.699951171875,926.1239624023438,87.1839599609375,906.3841552734375
1790951545.31201,1,1,1261.699951171875,926.1239624023438,87.1839599609375,906.3841552734375
1790951545.3228118,1,1,1261.699951171875,926.1239624023438,87.1839599609375,906.3841552734375
1790951545.3337336,1,1,1261.699951171875,926.1239624023438,87.1839599609375,906.3841552734375
1790951545.3443658,1,1,1261.699951171875,926.1239624023438,87.1839599609375,906.3841552734375
1790951545.3553317,1,1,1261.699951171875,926.1239624023438,87.1839599609375,906.3841552734375
1790951545.366006,1,1,1261.699951171875,926.1239624023438,87.1839599609375,906.3841552734375
1790951545.3770895,1,1,1021.5327758789062,751.7560424804688,27.96466636657715,873.4845581054688
1790951545.387879,1,1,993.568115234375,659.6371459960938,27.96466636657715,861.9697265625
1790951545.3986866,1,1,975.4733276367188,626.7374877929688,27.96466636657715,876.7745361328125
1790951545.4095929,1,1,975.4733276367188,626.7374877929688,27.96466636657715,876.7745361328125
1790951545.4206471,1,1,975.4733276367188,626.7374877929688,27.96466636657715,876.7745361328125
1790951545.4318457,1,1,975.4733276367188,626.7374877929688,27.96466636657715,876.7745361328125
1790951545.4427679,1,1,975.4733276367188,626.7374877929688,27.96466636657715,876.7745361328125
1790951545.453669,1,1,967.2484130859375,620.1575927734375,27.96466636657715,870.194580078125
1790951545.464293,1,1,949.1536865234375,626.7374877929688,27.96466636657715,871.839599609375
1790951545.4752617,1,1,980.4082641601562,572.4531860351562,37.83454895019531,908.0291748046875
1790951545.4865222,1,1,940.9287719726562,523.103759765625,248.39202880859375,876.7745361328125
1790951545.4973178,1,1,911.319091796875,526.3937377929688,337.2209777832031,857.0347290039062
1790951545.508586,1,1,917.8990478515625,495.1390686035156,375.0555114746094,871.839599609375
1790951545.5194707,1,1,904.7391967773438,473.75433349609375,411.2450866699219,855.3897705078125
1790951545.5305443,1,1,889.9343872070312,462.2394714355469,445.7896728515625,848.8098754882812
1790951545.541394,1,1,891.579345703125,467.1744079589844,455.6595458984375,842.2299194335938
1790951545.552316,1,1,891.579345703125,467.1744079589844,455.6595458984375,842.2299194335938
1790951545.5633934,1,1,891.579345703125,467.1744079589844,455.6595458984375,842.2299194335938
1790951545.5744102,1,1,891.579345703125,467.1744079589844,455.6595458984375,842.2299194335938
1790951545.5856478,1,1,891.579345703125,467.1744079589844,455.6595458984375,842.2299194335938
1790951545.5966268,1,1,901.44921875,449.0796203613281,501.718994140625,843.8749389648438
1790951545.607644,1,1,903.09423828125,384.9254150390625,541.1985473632812,843.8749389648438
1790951545.6186435,1,1,886.6444091796875,378.3454895019531,556.0033569335938,845.5198974609375
1790951545.6290984,1,1,894.8693237304688,437.56475830078125,582.3230590820312,848.8098754882812
1790951545.6398532,1,1,898.1592407226562,475.3993225097656,600.4178466796875,830.715087890625
1790951545.650652,1,1,898.1592407226562,475.3993225097656,600.4178466796875,830.715087890625
1790951545.661317,1,1,898.1592407226562,475.3993225097656,600.4178466796875,830.715087890625
1790951545.672425,1,1,898.1592407226562,475.3993225097656,600.4178466796875,830.715087890625
1790951545.6838062,1,1,898.1592407226562,475.3993225097656,600.4178466796875,830.715087890625
1790951545.6947196,1,1,903.09423828125,511.5888977050781,595.48291015625,855.3897705078125
1790951545.705492,1,1,891.579345703125,542.843505859375,638.2523803710938,858.6797485351562
1790951545.7164962,1,1,876.7745361328125,588.9029541015625,662.9270629882812,830.715087890625
1790951545.7273674,1,1,871.839599609375,593.837890625,674.4419555664062,834.0050048828125
1790951545.7385411,1,1,886.6444091796875,608.6427001953125,671.1519775390625,820.84521484375
1790951545.749045,1,1,886.6444091796875,608.6427001953125,671.1519775390625,820.84521484375
1790951545.7595513,1,1,886.6444091796875,608.6427001953125,671.1519775390625,820.84521484375
1790951545.7700996,1,1,886.6444091796875,608.6427001953125,671.1519775390625,820.84521484375
1790951545.780934,1,1,886.6444091796875,608.6427001953125,671.1519775390625,820.84521484375
1790951545.7919948,1,1,886.6444091796875,608.6427001953125,671.1519775390625,820.84521484375
1790951545.8031263,1,1,886.6444091796875,605.352783203125,679.3768920898438,837.2949829101562
1790951545.8141887,1,1,881.70947265625,671.1519775390625,712.2764892578125,847.1648559570312
1790951545.825216,1,1,871.839599609375,662.9270629882812,707.341552734375,845.5198974609375
1790951545.8358977,1,1,871.839599609375,699.1166381835938,727.081298828125,834.0050048828125
1790951545.846921,1,0,868.5496215820312,707.341552734375,727.081298828125,832.3600463867188
1790951545.8583498,1,0,868.5496215820312,707.341552734375,727.081298828125,832.3600463867188
1790951545.8745139,1,0,868.5496215820312,707.341552734375,727.081298828125,832.3600463867188
1790951545.8854277,1,0,868.5496215820312,707.341552734375,727.081298828125,832.3600463867188
1790951545.8960404,1,0,868.5496215820312,707.341552734375,727.081298828125,832.3600463867188
1790951545.9073226,1,0,868.5496215820312,707.341552734375,727.081298828125,832.3600463867188
1790951545.9182277,1,0,855.3897705078125,736.951171875,740.2411499023438,817.5552368164062
1790951545.9291382,1,0,865.2596435546875,730.3712768554688,753.4010009765625,812.6203002929688
1790951545.9401476,1,0,878.4194946289062,736.951171875,753.4010009765625,834.0050048828125
1790951545.9511955,1,0,878.4194946289062,736.951171875,753.4010009765625,834.0050048828125
1790951545.9624374,1,0,878.4194946289062,736.951171875,753.4010009765625,834.0050048828125
1790951545.9736183,1,0,878.4194946289062,736.951171875,753.4010009765625,834.0050048828125
1790951545.984276,1,0,878.4194946289062,736.951171875,753.4010009765625,834.0050048828125
1790951545.995352,1,0,878.4194946289062,736.951171875,753.4010009765625,834.0050048828125
1790951546.0062795,1,0,860.32470703125,743.5311279296875,741.8861083984375,843.8749389648438
1790951546.0176532,1,0,860.32470703125,743.5311279296875,741.8861083984375,843.8749389648438
1790951546.0287676,1,0,863.6146850585938,730.3712768554688,763.2708740234375,838.9400024414062
1790951546.0396776,1,0,868.5496215820312,750.1110229492188,778.07568359375,840.5849609375
1790951546.0505435,1,0,858.6797485351562,773.1407470703125,781.3656616210938,824.1351318359375
1790951546.061435,0,0,858.6797485351562,774.7857666015625,792.8805541992188,852.0997924804688
1790951546.0724967,0,0,886.6444091796875,753.4010009765625,796.1704711914062,840.5849609375
1790951546.0834742,0,0,886.6444091796875,753.4010009765625,796.1704711914062,840.5849609375
1790951546.0945032,0,0,886.6444091796875,753.4010009765625,796.1704711914062,840.5849609375
1790951546.1053588,0,0,903.09423828125,764.9158325195312,794.5255126953125,858.6797485351562
1790951546.1162317,0,0,876.7745361328125,769.850830078125,796.1704711914062,857.0347290039062
1790951546.127068,0,0,875.1295166015625,771.4957885742188,796.1704711914062,837.2949829101562
1790951546.137651,0,0,838.9400024414062,768.205810546875,797.8154907226562,819.2001953125
1790951546.148736,0,0,873.4845581054688,763.2708740234375,789.590576171875,829.070068359375
1790951546.159883,0,0,871.839599609375,789.590576171875,791.2355346679688,817.5552368164062
1790951546.1709726,0,0,871.839599609375,789.590576171875,791.2355346679688,817.5552368164062
1790951546.1818972,0,0,871.839599609375,789.590576171875,791.2355346679688,817.5552368164062
1790951546.1924832,0,0,871.839599609375,789.590576171875,791.2355346679688,817.5552368164062
1790951546.2036626,0,0,871.839599609375,789.590576171875,791.2355346679688,817.5552368164062
1790951546.2149713,0,0,865.2596435546875,769.850830078125,791.2355346679688,830.715087890625
1790951546.2260535,0,0,866.9046630859375,796.1704711914062,781.3656616210938,829.070068359375
1790951546.237102,0,0,857.0347290039062,776.4307250976562,802.7504272460938,817.5552368164062
1790951546.2483761,0,1,857.0347290039062,776.4307250976562,802.7504272460938,817.5552368164062
1790951546.2591903,0,1,857.0347290039062,776.4307250976562,802.7504272460938,817.5552368164062
1790951546.2697577,0,1,857.0347290039062,776.4307250976562,802.7504272460938,817.5552368164062
1790951546.2803829,0,1,857.0347290039062,776.4307250976562,802.7504272460938,817.5552368164062
1790951546.2913766,0,1,857.0347290039062,776.4307250976562,802.7504272460938,817.5552368164062
1790951546.3029933,0,1,852.0997924804688,786.3005981445312,797.8154907226562,819.2001953125
1790951546.3140998,0,1,852.0997924804688,776.4307250976562,764.9158325195312,824.1351318359375
1790951546.324954,0,1,848.8098754882812,794.5255126953125,799.46044921875,829.070068359375
1790951546.3357632,0,1,858.6797485351562,764.9158325195312,771.4957885742188,850.454833984375
1790951546.3467872,0,1,873.4845581054688,792.8805541992188,792.8805541992188,819.2001953125
1790951546.3578594,0,1,870.194580078125,801.1054077148438,791.2355346679688,832.3600463867188
1790951546.3690217,0,1,870.194580078125,801.1054077148438,791.2355346679688,832.3600463867188
1790951546.380544,0,1,870.194580078125,801.1054077148438,791.2355346679688,832.3600463867188
1790951546.3911245,0,1,870.194580078125,801.1054077148438,791.2355346679688,832.3600463867188
1790951546.4020205,0,1,870.194580078125,801.1054077148438,791.2355346679688,832.3600463867188
1790951546.4129899,0,1,870.194580078125,801.1054077148438,791.2355346679688,832.3600463867188
1790951546.4240556,0,1,880.064453125,783.0106201171875,769.850830078125,845.5198974609375
1790951546.4351523,0,1,886.6444091796875,787.945556640625,801.1054077148438,853.7448120117188
1790951546.4460351,0,1,886.6444091796875,796.1704711914062,789.590576171875,860.32470703125
1790951546.4571283,0,1,903.09423828125,779.720703125,792.8805541992188,868.5496215820312
1790951546.468121,0,1,903.09423828125,779.720703125,792.8805541992188,868.5496215820312
1790951546.4795554,0,1,903.09423828125,779.720703125,792.8805541992188,868.5496215820312
1790951546.4914217,0,1,903.09423828125,779.720703125,792.8805541992188,868.5496215820312
1790951546.5025687,0,1,903.09423828125,779.720703125,792.8805541992188,868.5496215820312
1790951546.513304,0,1,908.0291748046875,783.0106201171875,802.7504272460938,857.0347290039062
1790951546.5239165,0,1,896.5142822265625,784.6556396484375,809.330322265625,857.0347290039062
1790951546.5345097,0,1,891.579345703125,814.2652587890625,796.1704711914062,848.8098754882812
1790951546.5454593,0,1,878.4194946289062,804.3953857421875,804.3953857421875,861.9697265625
1790951546.556503,0,1,898.1592407226562,801.1054077148438,801.1054077148438,878.4194946289062
1790951546.567505,0,1,916.2540283203125,794.5255126953125,797.8154907226562,857.0347290039062
1790951546.5784614,0,1,916.2540283203125,794.5255126953125,797.8154907226562,857.0347290039062
1790951546.5894377,0,1,916.2540283203125,794.5255126953125,797.8154907226562,857.0347290039062
1790951546.6004875,0,1,916.2540283203125,794.5255126953125,797.8154907226562,857.0347290039062
1790951546.6110373,0,1,916.2540283203125,794.5255126953125,797.8154907226562,857.0347290039062
1790951546.6216419,0,1,916.2540283203125,794.5255126953125,797.8154907226562,857.0347290039062
1790951546.6325872,0,1,916.2540283203125,794.5255126953125,797.8154907226562,857.0347290039062
1790951546.6436467,0,1,883.3544311523438,799.46044921875,799.46044921875,850.454833984375
1790951546.6551347,0,1,866.9046630859375,799.46044921875,801.1054077148438,837.2949829101562
1790951546.6656952,0,1,863.6146850585938,806.0403442382812,809.330322265625,852.0997924804688
1790951546.6762834,0,1,861.9697265625,806.0403442382812,822.4901733398438,830.715087890625
1790951546.687263,0,1,861.9697265625,806.0403442382812,822.4901733398438,830.715087890625
1790951546.6978078,0,1,861.9697265625,806.0403442382812,822.4901733398438,830.715087890625
1790951546.7086487,0,1,861.9697265625,806.0403442382812,822.4901733398438,830.715087890625
1790951546.7193358,0,1,861.9697265625,806.0403442382812,822.4901733398438,830.715087890625
1790951546.730501,0,1,884.9994506835938,810.9752807617188,815.9102783203125,868.5496215820312
1790951546.7421746,0,1,863.6146850585938,807.6853637695312,814.2652587890625,834.0050048828125
1790951546.7540689,0,1,848.8098754882812,824.1351318359375,806.0403442382812,824.1351318359375
1790951546.7652824,0,1,858.6797485351562,804.3953857421875,804.3953857421875,840.5849609375
1790951546.7763917,0,1,858.6797485351562,812.6203002929688,799.46044921875,820.84521484375
1790951546.7877057,0,1,858.6797485351562,812.6203002929688,799.46044921875,820.84521484375
1790951546.7986522,0,1,858.6797485351562,812.6203002929688,799.46044921875,820.84521484375
1790951546.809403,0,1,858.6797485351562,812.6203002929688,799.46044921875,820.84521484375
1790951546.820715,0,1,858.6797485351562,812.6203002929688,799.46044921875,820.84521484375
1790951546.8315823,0,1,863.6146850585938,810.9752807617188,796.1704711914062,829.070068359375
1790951546.842366,0,1,886.6444091796875,810.9752807617188,809.330322265625,845.5198974609375
1790951546.8538427,0,1,863.6146850585938,815.9102783203125,814.2652587890625,838.9400024414062
1790951546.8646543,0,1,866.9046630859375,784.6556396484375,797.8154907226562,829.070068359375
1790951546.8755724,0,1,853.7448120117188,814.2652587890625,807.6853637695312,827.4251098632812
1790951546.8861785,0,1,873.4845581054688,804.3953857421875,797.8154907226562,847.1648559570312
1790951546.8971515,0,1,853.7448120117188,794.5255126953125,822.4901733398438,830.715087890625
1790951546.9078696,0,1,853.7448120117188,794.5255126953125,822.4901733398438,830.715087890625
1790951546.9188876,0,1,853.7448120117188,794.5255126953125,822.4901733398438,830.715087890625
1790951546.9298015,0,1,853.7448120117188,794.5255126953125,822.4901733398438,830.715087890625
1790951546.9411476,0,1,853.7448120117188,794.5255126953125,822.4901733398438,830.715087890625
1790951546.9522467,0,1,819.2001953125,794.5255126953125,814.2652587890625,804.3953857421875
1790951546.9631557,0,1,636.607421875,774.7857666015625,870.194580078125,646.477294921875
1790951546.9741325,0,1,636.607421875,774.7857666015625,870.194580078125,646.477294921875
1790951546.9849997,0,1,481.979248046875,825.7801513671875,884.9994506835938,490.2041320800781
1790951546.99585,0,1,549.4234619140625,783.0106201171875,881.70947265625,542.843505859375
1790951547.0064042,0,1,549.4234619140625,783.0106201171875,881.70947265625,542.843505859375
1790951547.017968,0,1,549.4234619140625,783.0106201171875,881.70947265625,542.843505859375
1790951547.030169,0,1,549.4234619140625,783.0106201171875,881.70947265625,542.843505859375
1790951547.0423436,0,1,549.4234619140625,783.0106201171875,881.70947265625,542.843505859375
1790951547.0538583,0,1,549.4234619140625,783.0106201171875,881.70947265625,542.843505859375
1790951547.065166,0,1,638.2523803710938,779.720703125,880.064453125,634.96240234375
1790951547.076098,0,1,672.7969360351562,764.9158325195312,873.4845581054688,672.7969360351562
1790951547.0878093,0,1,743.5311279296875,736.951171875,870.194580078125,745.1760864257812
1790951547.09923,0,1,769.850830078125,722.1463623046875,880.064453125,763.2708740234375
1790951547.1106203,0,1,769.850830078125,722.1463623046875,880.064453125,763.2708740234375
1790951547.1219103,0,1,769.850830078125,722.1463623046875,880.064453125,763.2708740234375
1790951547.1332533,0,1,769.850830078125,722.1463623046875,880.064453125,763.2708740234375
1790951547.1443782,0,1,873.4845581054688,727.081298828125,853.7448120117188,875.1295166015625
1790951547.155069,0,1,865.2596435546875,741.8861083984375,860.32470703125,860.32470703125
1790951547.1663342,0,1,865.2596435546875,741.8861083984375,860.32470703125,860.32470703125
1790951547.1773186,0,1,894.8693237304688,736.951171875,853.7448120117188,863.6146850585938
1790951547.1886446,0,1,891.579345703125,773.1407470703125,834.0050048828125,896.5142822265625
1790951547.1993377,0,1,929.4138793945312,768.205810546875,819.2001953125,903.09423828125
1790951547.2104008,0,1,975.4733276367188,774.7857666015625,801.1054077148438,912.964111328125
1790951547.2210028,0,1,975.4733276367188,774.7857666015625,801.1054077148438,912.964111328125
1790951547.231619,0,1,975.4733276367188,774.7857666015625,801.1054077148438,912.964111328125
1790951547.2427557,0,1,975.4733276367188,774.7857666015625,801.1054077148438,912.964111328125
1790951547.2535987,0,1,975.4733276367188,774.7857666015625,801.1054077148438,912.964111328125
1790951547.2643607,0,1,1014.952880859375,822.4901733398438,789.590576171875,942.57373046875
1790951547.2755797,0,1,1019.8878173828125,806.0403442382812,778.07568359375,978.7633056640625
1790951547.2863226,0,1,1088.9769287109375,810.9752807617188,789.590576171875,1005.0830078125
1790951547.297633,0,1,1077.462158203125,820.84521484375,779.720703125,1019.8878173828125
1790951547.3087723,0,1,1041.2725830078125,786.3005981445312,779.720703125,1024.82275390625
1790951547.3196063,0,1,1046.20751953125,807.6853637695312,776.4307250976562,1006.7279663085938
1790951547.330494,0,1,1046.20751953125,807.6853637695312,776.4307250976562,1006.7279663085938
1790951547.3415554,0,1,1046.20751953125,807.6853637695312,776.4307250976562,1006.7279663085938
1790951547.3528993,0,1,1046.20751953125,807.6853637695312,776.4307250976562,1006.7279663085938
1790951547.3638213,0,1,1046.20751953125,807.6853637695312,776.4307250976562,1006.7279663085938
1790951547.3746688,0,1,998.5030517578125,794.5255126953125,796.1704711914062,965.6034545898438
1790951547.386524,0,1,993.568115234375,815.9102783203125,807.6853637695312,962.3134765625
1790951547.39749,0,1,952.443603515625,806.0403442382812,804.3953857421875,924.4789428710938
1790951547.408256,0,1,911.319091796875,769.850830078125,806.0403442382812,884.9994506835938
1790951547.4195187,0,1,881.70947265625,792.8805541992188,822.4901733398438,873.4845581054688
1790951547.4303112,0,1,909.6741333007812,781.3656616210938,815.9102783203125,889.9343872070312
1790951547.4412298,0,1,914.6090698242188,776.4307250976562,810.9752807617188,878.4194946289062
1790951547.4521713,0,1,880.064453125,769.850830078125,814.2652587890625,850.454833984375
1790951547.463037,0,1,880.064453125,769.850830078125,814.2652587890625,850.454833984375
1790951547.4738095,0,1,880.064453125,769.850830078125,814.2652587890625,850.454833984375
1790951547.4848387,0,1,880.064453125,769.850830078125,814.2652587890625,850.454833984375
1790951547.496012,0,1,880.064453125,769.850830078125,814.2652587890625,850.454833984375
1790951547.5074155,0,1,876.7745361328125,753.4010009765625,814.2652587890625,855.3897705078125
1790951547.5185003,0,1,884.9994506835938,797.8154907226562,820.84521484375,852.0997924804688
1790951547.5294795,0,1,876.7745361328125,773.1407470703125,814.2652587890625,850.454833984375
1790951547.5405476,0,1,873.4845581054688,784.6556396484375,827.4251098632812,847.1648559570312
1790951547.5518131,0,1,865.2596435546875,801.1054077148438,812.6203002929688,837.2949829101562
1790951547.5628116,0,1,857.0347290039062,791.2355346679688,810.9752807617188,815.9102783203125
1790951547.5741155,0,1,857.0347290039062,791.2355346679688,810.9752807617188,815.9102783203125
1790951547.5852187,0,1,857.0347290039062,791.2355346679688,810.9752807617188,815.9102783203125
1790951547.5957959,0,1,857.0347290039062,791.2355346679688,810.9752807617188,815.9102783203125
1790951547.606564,0,1,857.0347290039062,791.2355346679688,810.9752807617188,815.9102783203125
1790951547.6175368,0,1,853.7448120117188,802.7504272460938,794.5255126953125,792.8805541992188
1790951547.6280441,0,1,840.5849609375,830.715087890625,806.0403442382812,796.1704711914062
1790951547.639054,0,1,853.7448120117188,809.330322265625,812.6203002929688,812.6203002929688
1790951547.6498542,0,1,842.2299194335938,832.3600463867188,812.6203002929688,794.5255126953125
1790951547.6608057,0,1,842.2299194335938,832.3600463867188,812.6203002929688,794.5255126953125
1790951547.6721735,0,1,842.2299194335938,832.3600463867188,812.6203002929688,794.5255126953125
1790951547.683145,0,1,842.2299194335938,832.3600463867188,812.6203002929688,794.5255126953125
1790951547.6940675,0,1,842.2299194335938,832.3600463867188,812.6203002929688,794.5255126953125
1790951547.7052684,0,1,842.2299194335938,832.3600463867188,812.6203002929688,794.5255126953125
1790951547.7163484,0,1,845.5198974609375,817.5552368164062,814.2652587890625,812.6203002929688
1790951547.7272348,0,1,861.9697265625,824.1351318359375,817.5552368164062,827.4251098632812
1790951547.738164,0,1,848.8098754882812,830.715087890625,817.5552368164062,804.3953857421875
1790951547.7495778,0,1,853.7448120117188,822.4901733398438,814.2652587890625,820.84521484375
1790951547.7627573,0,1,852.0997924804688,799.46044921875,830.715087890625,819.2001953125
1790951547.7740035,0,1,868.5496215820312,832.3600463867188,810.9752807617188,819.2001953125
1790951547.7852092,0,1,868.5496215820312,832.3600463867188,810.9752807617188,819.2001953125
