Timestamp,Trigger,Sensores_OK,TP9,FP1,FP2,TP10
1790793323.6320393,0,0,848.8098754882812,817.5552368164062,878.4194946289062,909.6741333007812
1790793323.643431,0,0,815.9102783203125,685.956787109375,878.4194946289062,988.6331787109375
1790793323.6551936,0,0,871.839599609375,672.7969360351562,876.7745361328125,1041.2725830078125
1790793323.6661036,0,0,838.9400024414062,718.8563842773438,876.7745361328125,935.9938354492188
1790793323.677168,0,0,838.9400024414062,718.8563842773438,876.7745361328125,935.9938354492188
1790793323.6883187,0,0,838.9400024414062,718.8563842773438,876.7745361328125,935.9938354492188
1790793323.6992698,0,0,838.9400024414062,718.8563842773438,876.7745361328125,935.9938354492188
1790793323.7103705,0,0,838.9400024414062,718.8563842773438,876.7745361328125,935.9938354492188
1790793323.7210217,0,0,838.9400024414062,718.8563842773438,876.7745361328125,935.9938354492188
1790793323.7321463,0,0,838.9400024414062,718.8563842773438,876.7745361328125,935.9938354492188
1790793323.7432554,0,0,838.9400024414062,718.8563842773438,876.7745361328125,935.9938354492188
1790793323.7543771,0,0,838.9400024414062,718.8563842773438,876.7745361328125,935.9938354492188
1790793323.7656808,0,0,881.70947265625,784.6556396484375,880.064453125,1067.59228515625
1790793323.7768204,0,0,871.839599609375,653.0571899414062,865.2596435546875,1014.952880859375
1790793323.788144,0,0,852.0997924804688,804.3953857421875,860.32470703125,903.09423828125
1790793323.7994077,0,0,866.9046630859375,830.715087890625,889.9343872070312,824.1351318359375
1790793323.8102703,0,0,866.9046630859375,830.715087890625,889.9343872070312,824.1351318359375
1790793323.8213818,0,0,866.9046630859375,830.715087890625,889.9343872070312,824.1351318359375
1790793323.832526,0,0,838.9400024414062,929.4138793945312,858.6797485351562,1008.3729248046875
1790793323.8435085,0,0,842.2299194335938,824.1351318359375,850.454833984375,929.4138793945312
1790793323.8550332,0,0,842.2299194335938,929.4138793945312,863.6146850585938,797.8154907226562
1790793323.865879,0,0,842.2299194335938,929.4138793945312,863.6146850585938,797.8154907226562
1790793323.8774614,0,0,842.2299194335938,929.4138793945312,863.6146850585938,797.8154907226562
1790793323.8881445,0,0,842.2299194335938,929.4138793945312,863.6146850585938,797.8154907226562
1790793323.8989317,0,0,842.2299194335938,929.4138793945312,863.6146850585938,797.8154907226562
1790793323.9103062,0,0,891.579345703125,1034.692626953125,852.0997924804688,1008.3729248046875
1790793323.921558,0,0,824.1351318359375,843.8749389648438,865.2596435546875,1008.3729248046875
1790793323.9325368,0,0,860.32470703125,995.213134765625,878.4194946289062,1087.33203125
1790793323.9438818,0,0,875.1295166015625,991.9231567382812,852.0997924804688,1087.33203125
1790793323.9552643,0,0,866.9046630859375,857.0347290039062,834.0050048828125,1113.6517333984375
1790793323.966868,0,0,884.9994506835938,1041.2725830078125,889.9343872070312,1034.692626953125
1790793323.978326,0,0,847.1648559570312,962.3134765625,876.7745361328125,903.09423828125
1790793323.9891503,0,0,847.1648559570312,962.3134765625,876.7745361328125,903.09423828125
1790793324.000091,0,0,847.1648559570312,962.3134765625,876.7745361328125,903.09423828125
1790793324.0113401,0,0,847.1648559570312,962.3134765625,876.7745361328125,903.09423828125
1790793324.0239809,0,0,847.1648559570312,962.3134765625,876.7745361328125,903.09423828125
1790793324.0351026,0,0,883.3544311523438,857.0347290039062,855.3897705078125,929.4138793945312
1790793324.0466096,0,0,861.9697265625,857.0347290039062,875.1295166015625,929.4138793945312
1790793324.0586028,0,0,921.18896484375,1067.59228515625,835.6500244140625,955.7335815429688
1790793324.0700521,0,0,852.0997924804688,1225.5103759765625,911.319091796875,955.7335815429688
1790793324.0815043,0,0,852.0997924804688,1225.5103759765625,911.319091796875,955.7335815429688
1790793324.09267,0,0,852.0997924804688,1225.5103759765625,911.319091796875,955.7335815429688
1790793324.1042926,0,0,852.0997924804688,1225.5103759765625,911.319091796875,955.7335815429688
1790793324.115412,0,0,852.0997924804688,1225.5103759765625,911.319091796875,955.7335815429688
1790793324.126439,0,0,825.7801513671875,567.5181884765625,881.70947265625,1113.6517333984375
1790793324.1382601,0,0,815.9102783203125,172.72293090820312,861.9697265625,955.7335815429688
1790793324.1495059,0,0,783.0106201171875,245.10206604003906,878.4194946289062,929.4138793945312
1790793324.161137,0,0,789.590576171875,222.0723419189453,809.330322265625,982.0532836914062
1790793324.1726282,0,0,784.6556396484375,212.2024688720703,791.2355346679688,745.1760864257812
1790793324.1834757,0,0,784.6556396484375,212.2024688720703,791.2355346679688,745.1760864257812
1790793324.1949117,0,0,784.6556396484375,212.2024688720703,791.2355346679688,745.1760864257812
1790793324.2059429,0,0,784.6556396484375,212.2024688720703,791.2355346679688,745.1760864257812
1790793324.2178357,0,0,784.6556396484375,212.2024688720703,791.2355346679688,745.1760864257812
1790793324.2285855,0,0,784.6556396484375,212.2024688720703,791.2355346679688,745.1760864257812
1790793324.2401004,0,0,784.6556396484375,212.2024688720703,791.2355346679688,745.1760864257812
1790793324.2522824,0,0,830.715087890625,222.0723419189453,723.7913208007812,903.09423828125
1790793324.2631783,0,0,847.1648559570312,223.7173309326172,730.3712768554688,876.7745361328125
1790793324.274556,0,0,838.9400024414062,225.3623046875,649.7672119140625,718.8563842773438
1790793324.2858837,0,0,845.5198974609375,258.26190185546875,347.0908508300781,903.09423828125
1790793324.2974334,0,0,866.9046630859375,251.68199157714844,14.80482292175293,745.1760864257812
1790793324.3086026,0,0,866.9046630859375,251.68199157714844,14.80482292175293,745.1760864257812
1790793324.3199186,0,0,866.9046630859375,251.68199157714844,14.80482292175293,745.1760864257812
1790793324.3319933,0,0,866.9046630859375,251.68199157714844,14.80482292175293,745.1760864257812
1790793324.345087,0,0,866.9046630859375,251.68199157714844,14.80482292175293,745.1760864257812
1790793324.3572729,0,0,888.2893676757812,238.52215576171875,32.89960861206055,903.09423828125
1790793324.3685565,0,0,883.3544311523438,77.31407928466797,210.55747985839844,838.9400024414062
1790793324.3793867,0,0,861.9697265625,366.83062744140625,421.1149597167969,602.0628051757812
1790793324.390896,0,0,861.9697265625,366.83062744140625,421.1149597167969,602.0628051757812
1790793324.4023142,0,0,861.9697265625,366.83062744140625,421.1149597167969,602.0628051757812
1790793324.413421,0,0,861.9697265625,366.83062744140625,421.1149597167969,602.0628051757812
1790793324.4252703,0,0,861.9697265625,366.83062744140625,421.1149597167969,602.0628051757812
1790793324.436688,0,0,875.1295166015625,287.8715515136719,493.4941101074219,654.7021484375
1790793324.4477599,0,0,881.70947265625,472.1093444824219,572.4531860351562,812.6203002929688
1790793324.4591074,0,0,861.9697265625,314.1912536621094,669.5070190429688,838.9400024414062
1790793324.470646,0,0,848.8098754882812,419.4700012207031,732.0162353515625,707.341552734375
1790793324.4820352,0,0,829.070068359375,287.8715515136719,708.9865112304688,654.7021484375
1790793324.4931443,0,0,829.070068359375,287.8715515136719,708.9865112304688,654.7021484375
1790793324.5039911,0,0,829.070068359375,287.8715515136719,708.9865112304688,654.7021484375
1790793324.515435,0,0,829.070068359375,287.8715515136719,708.9865112304688,654.7021484375
1790793324.5265598,0,0,829.070068359375,287.8715515136719,708.9865112304688,654.7021484375
1790793324.5374103,0,0,829.070068359375,287.8715515136719,708.9865112304688,654.7021484375
1790793324.5488167,0,0,829.070068359375,287.8715515136719,708.9865112304688,654.7021484375
1790793324.5603905,0,0,829.070068359375,287.8715515136719,708.9865112304688,654.7021484375
1790793324.5714886,0,0,796.1704711914062,287.8715515136719,713.9214477539062,681.0218505859375
1790793324.5827553,0,0,829.070068359375,353.6707763671875,763.2708740234375,812.6203002929688
1790793324.5940948,0,0,829.070068359375,353.6707763671875,763.2708740234375,812.6203002929688
1790793324.605495,0,0,865.2596435546875,261.5518798828125,779.720703125,733.6612548828125
1790793324.617362,0,0,815.9102783203125,366.83062744140625,865.2596435546875,838.9400024414062
1790793324.6287732,0,0,853.7448120117188,314.1912536621094,840.5849609375,733.6612548828125
1790793324.6401787,0,0,819.2001953125,208.91250610351562,829.070068359375,838.9400024414062
1790793324.6532156,0,0,842.2299194335938,340.51092529296875,871.839599609375,733.6612548828125
1790793324.6642587,0,0,842.2299194335938,340.51092529296875,871.839599609375,733.6612548828125
1790793324.6761708,0,0,842.2299194335938,340.51092529296875,871.839599609375,733.6612548828125
1790793324.6875346,0,0,842.2299194335938,373.4105529785156,870.194580078125,917.8990478515625
1790793324.698962,0,0,832.3600463867188,268.1318054199219,893.2243041992188,917.8990478515625
1790793324.7102046,0,0,842.2299194335938,465.5294494628906,909.6741333007812,786.3005981445312
1790793324.7218974,0,0,842.2299194335938,465.5294494628906,909.6741333007812,786.3005981445312
1790793324.733173,0,0,842.2299194335938,465.5294494628906,909.6741333007812,786.3005981445312
1790793324.7446828,0,0,868.5496215820312,399.730224609375,865.2596435546875,944.2186889648438
1790793324.7566125,0,0,848.8098754882812,241.81210327148438,847.1648559570312,812.6203002929688
1790793324.7676916,0,0,815.9102783203125,426.0498962402344,866.9046630859375,759.9808959960938
1790793324.7789984,0,0,812.6203002929688,426.0498962402344,835.6500244140625,759.9808959960938
1790793324.7902591,0,0,812.6203002929688,426.0498962402344,835.6500244140625,759.9808959960938
1790793324.801159,0,0,812.6203002929688,426.0498962402344,835.6500244140625,759.9808959960938
1790793324.8119936,0,0,812.6203002929688,426.0498962402344,835.6500244140625,759.9808959960938
1790793324.823607,0,0,812.6203002929688,426.0498962402344,835.6500244140625,759.9808959960938
1790793324.8354743,0,0,822.4901733398438,241.81210327148438,842.2299194335938,838.9400024414062
1790793324.8465886,0,0,778.07568359375,202.33258056640625,830.715087890625,891.579345703125
1790793324.8578694,0,0,806.0403442382812,320.77117919921875,830.715087890625,1023.1777954101562
1790793324.869187,0,0,829.070068359375,281.2916259765625,817.5552368164062,865.2596435546875
1790793324.8803043,0,0,858.6797485351562,268.1318054199219,807.6853637695312,917.8990478515625
1790793324.8914955,0,0,858.6797485351562,268.1318054199219,807.6853637695312,917.8990478515625
1790793324.9029832,0,0,858.6797485351562,268.1318054199219,807.6853637695312,917.8990478515625
1790793324.9152408,0,0,858.6797485351562,268.1318054199219,807.6853637695312,917.8990478515625
1790793324.9261627,0,0,858.6797485351562,268.1318054199219,807.6853637695312,917.8990478515625
1790793324.9372613,0,0,827.4251098632812,254.97195434570312,829.070068359375,944.2186889648438
1790793324.9486957,0,0,858.6797485351562,360.2507019042969,832.3600463867188,1102.1368408203125
1790793324.9600608,0,0,820.84521484375,748.466064453125,911.319091796875,857.0347290039062
1790793324.9722922,0,0,906.3841552734375,761.6259155273438,886.6444091796875,935.9938354492188
1790793324.9831362,0,0,906.3841552734375,761.6259155273438,886.6444091796875,935.9938354492188
1790793324.99403,0,0,847.1648559570312,748.466064453125,919.5440063476562,935.9938354492188
1790793325.0054586,0,0,860.32470703125,636.607421875,929.4138793945312,699.1166381835938
1790793325.0163648,0,0,871.839599609375,636.607421875,949.1536865234375,857.0347290039062
1790793325.0276828,0,0,871.839599609375,636.607421875,949.1536865234375,857.0347290039062
1790793325.0390236,0,0,921.18896484375,636.607421875,952.443603515625,909.6741333007812
1790793325.0500488,0,0,921.18896484375,636.607421875,952.443603515625,909.6741333007812
1790793325.0611508,0,0,919.5440063476562,626.7374877929688,955.7335815429688,699.1166381835938
1790793325.0723886,0,0,919.5440063476562,626.7374877929688,955.7335815429688,699.1166381835938
1790793325.0844889,0,0,919.5440063476562,626.7374877929688,955.7335815429688,699.1166381835938
1790793325.0953665,0,0,919.5440063476562,626.7374877929688,955.7335815429688,699.1166381835938
1790793325.106612,0,0,919.5440063476562,626.7374877929688,955.7335815429688,699.1166381835938
1790793325.118322,0,0,919.5440063476562,626.7374877929688,955.7335815429688,699.1166381835938
1790793325.1295924,0,0,919.5440063476562,626.7374877929688,955.7335815429688,699.1166381835938
1790793325.1406994,0,0,919.5440063476562,626.7374877929688,955.7335815429688,699.1166381835938
1790793325.1518564,0,0,919.5440063476562,626.7374877929688,955.7335815429688,699.1166381835938
1790793325.1629548,0,0,940.9287719726562,626.7374877929688,944.2186889648438,857.0347290039062
1790793325.1740355,0,0,870.194580078125,580.6780395507812,973.828369140625,699.1166381835938
1790793325.185089,0,0,866.9046630859375,606.9977416992188,993.568115234375,725.4363403320312
1790793325.1961653,0,0,917.8990478515625,659.6371459960938,1008.3729248046875,804.3953857421875
1790793325.2075834,0,0,891.579345703125,738.59619140625,1013.307861328125,646.477294921875
1790793325.2184353,0,0,891.579345703125,738.59619140625,1013.307861328125,646.477294921875
1790793325.2296407,0,0,891.579345703125,738.59619140625,1013.307861328125,646.477294921875
1790793325.240903,0,0,916.2540283203125,712.2764892578125,995.213134765625,725.4363403320312
1790793325.2519624,0,0,889.9343872070312,646.477294921875,955.7335815429688,672.7969360351562
1790793325.2627149,0,0,886.6444091796875,620.1575927734375,935.9938354492188,672.7969360351562
1790793325.2741253,0,0,873.4845581054688,646.477294921875,950.7986450195312,646.477294921875
1790793325.2856257,0,0,873.4845581054688,646.477294921875,950.7986450195312,646.477294921875
1790793325.2970273,0,0,873.4845581054688,646.477294921875,950.7986450195312,646.477294921875
1790793325.3082805,0,0,873.4845581054688,646.477294921875,950.7986450195312,646.477294921875
1790793325.3195422,0,0,873.4845581054688,646.477294921875,950.7986450195312,646.477294921875
1790793325.3308156,0,0,929.4138793945312,620.1575927734375,868.5496215820312,751.7560424804688
1790793325.3420315,0,0,906.3841552734375,778.07568359375,834.0050048828125,699.1166381835938
1790793325.3535411,0,0,893.2243041992188,646.477294921875,745.1760864257812,699.1166381835938
1790793325.3646662,0,0,884.9994506835938,672.7969360351562,725.4363403320312,804.3953857421875
1790793325.3754778,0,0,870.194580078125,567.5181884765625,692.5367431640625,620.1575927734375
1790793325.386445,0,0,870.194580078125,567.5181884765625,692.5367431640625,620.1575927734375
1790793325.397884,0,0,870.194580078125,567.5181884765625,692.5367431640625,620.1575927734375
1790793325.4094517,0,0,870.194580078125,567.5181884765625,692.5367431640625,620.1575927734375
1790793325.4206324,0,0,870.194580078125,567.5181884765625,692.5367431640625,620.1575927734375
1790793325.4320931,0,0,932.703857421875,593.837890625,758.3359375,804.3953857421875
1790793325.4431043,0,0,903.09423828125,646.477294921875,764.9158325195312,699.1166381835938
1790793325.454357,0,0,886.6444091796875,620.1575927734375,751.7560424804688,593.837890625
1790793325.4655843,0,0,886.6444091796875,620.1575927734375,751.7560424804688,593.837890625
1790793325.4765263,0,0,886.6444091796875,620.1575927734375,751.7560424804688,593.837890625
1790793325.4884334,0,0,886.6444091796875,620.1575927734375,751.7560424804688,593.837890625
1790793325.4996107,0,0,886.6444091796875,620.1575927734375,751.7560424804688,593.837890625
1790793325.5110383,0,0,891.579345703125,567.5181884765625,745.1760864257812,620.1575927734375
1790793325.5220127,0,0,899.8042602539062,909.6741333007812,758.3359375,965.6034545898438
1790793325.532828,0,0,889.9343872070312,804.3953857421875,764.9158325195312,886.6444091796875
1790793325.544033,0,0,853.7448120117188,778.07568359375,728.726318359375,781.3656616210938
1790793325.5553496,0,0,863.6146850585938,751.7560424804688,746.8211059570312,755.0459594726562
1790793325.566815,0,0,863.6146850585938,751.7560424804688,746.8211059570312,755.0459594726562
1790793325.578673,0,0,863.6146850585938,751.7560424804688,746.8211059570312,755.0459594726562
1790793325.5894315,0,0,863.6146850585938,751.7560424804688,746.8211059570312,755.0459594726562
1790793325.600812,0,0,863.6146850585938,751.7560424804688,746.8211059570312,755.0459594726562
1790793325.6142216,0,0,863.6146850585938,751.7560424804688,746.8211059570312,755.0459594726562
1790793325.6261175,0,0,837.2949829101562,830.715087890625,717.21142578125,781.3656616210938
1790793325.6371694,0,0,728.726318359375,778.07568359375,748.466064453125,623.4475708007812
1790793325.6480663,0,0,567.5181884765625,751.7560424804688,876.7745361328125,491.84912109375
1790793325.6593633,0,0,577.3881225585938,883.3544311523438,878.4194946289062,491.84912109375
1790793325.6706064,0,0,610.2877197265625,935.9938354492188,903.09423828125,518.1688232421875
1790793325.6818166,0,0,610.2877197265625,935.9938354492188,903.09423828125,518.1688232421875
1790793325.6928174,0,0,610.2877197265625,935.9938354492188,903.09423828125,518.1688232421875
1790793325.7038007,0,0,610.2877197265625,935.9938354492188,903.09423828125,518.1688232421875
1790793325.7150776,0,0,610.2877197265625,935.9938354492188,903.09423828125,518.1688232421875
1790793325.7259812,0,0,610.2877197265625,935.9938354492188,903.09423828125,518.1688232421875
1790793325.7378469,0,0,708.9865112304688,1014.952880859375,884.9994506835938,623.4475708007812
1790793325.7491486,0,0,889.9343872070312,1054.432373046875,1031.4027099609375,886.6444091796875
1790793325.760126,0,0,909.6741333007812,1080.7520751953125,1034.692626953125,807.6853637695312
1790793325.7711222,0,0,982.0532836914062,1107.07177734375,1014.952880859375,939.2837524414062
1790793325.7820592,0,0,932.703857421875,988.6331787109375,986.9882202148438,807.6853637695312
1790793325.7937715,0,0,932.703857421875,988.6331787109375,986.9882202148438,807.6853637695312
1790793325.8046768,0,0,932.703857421875,988.6331787109375,986.9882202148438,807.6853637695312
1790793325.8157809,0,0,932.703857421875,988.6331787109375,986.9882202148438,807.6853637695312
1790793325.8265877,0,0,932.703857421875,988.6331787109375,986.9882202148438,807.6853637695312
1790793325.8373458,0,0,932.703857421875,988.6331787109375,986.9882202148438,807.6853637695312
1790793325.8481402,0,0,922.833984375,949.1536865234375,967.2484130859375,886.6444091796875
1790793325.8602784,0,0,945.8637084960938,1014.952880859375,970.5383911132812,860.32470703125
1790793325.871709,0,0,934.3488159179688,962.3134765625,881.70947265625,912.964111328125
1790793325.8829033,0,0,988.6331787109375,1067.59228515625,845.5198974609375,965.6034545898438
1790793325.8940928,0,0,977.1183471679688,1093.9119873046875,880.064453125,939.2837524414062
1790793325.905392,0,0,949.1536865234375,1014.952880859375,875.1295166015625,860.32470703125
1790793325.916734,0,0,949.1536865234375,1014.952880859375,875.1295166015625,860.32470703125
1790793325.9280443,0,0,949.1536865234375,1014.952880859375,875.1295166015625,860.32470703125
1790793325.9392288,0,0,949.1536865234375,1014.952880859375,875.1295166015625,860.32470703125
1790793325.9508,0,0,949.1536865234375,1014.952880859375,875.1295166015625,860.32470703125
1790793325.9618638,0,0,968.8934326171875,1120.2315673828125,870.194580078125,1044.5625
1790793325.9733138,0,0,937.6387939453125,1278.1497802734375,853.7448120117188,1070.8822021484375
1790793325.9853594,0,0,906.3841552734375,1067.59228515625,838.9400024414062,1097.201904296875
1790793325.9968915,0,0,919.5440063476562,1172.8709716796875,868.5496215820312,939.2837524414062
1790793326.0082166,0,0,919.5440063476562,1172.8709716796875,868.5496215820312,939.2837524414062
1790793326.0193472,0,0,919.5440063476562,1172.8709716796875,868.5496215820312,939.2837524414062
1790793326.0299916,0,0,919.5440063476562,1172.8709716796875,868.5496215820312,939.2837524414062
1790793326.0413363,0,0,919.5440063476562,1172.8709716796875,868.5496215820312,939.2837524414062
1790793326.0528798,0,0,906.3841552734375,1278.1497802734375,861.9697265625,939.2837524414062
1790793326.0644746,0,0,899.8042602539062,1133.3914794921875,837.2949829101562,939.2837524414062
1790793326.075584,0,0,931.0588989257812,1212.3504638671875,884.9994506835938,1044.5625
1790793326.086599,0,0,924.4789428710938,1212.3504638671875,866.9046630859375,1097.201904296875
1790793326.0978556,0,0,922.833984375,1186.0308837890625,855.3897705078125,991.9231567382812
1790793326.109226,0,0,870.194580078125,1212.3504638671875,850.454833984375,860.32470703125
1790793326.1202087,0,0,870.194580078125,1212.3504638671875,850.454833984375,860.32470703125
1790793326.1310358,0,0,870.194580078125,1212.3504638671875,850.454833984375,860.32470703125
1790793326.1420956,0,0,870.194580078125,1212.3504638671875,850.454833984375,860.32470703125
1790793326.153495,0,0,861.9697265625,1133.3914794921875,873.4845581054688,912.964111328125
1790793326.16441,0,0,857.0347290039062,842.2299194335938,871.839599609375,735.3062133789062
1790793326.1751223,0,0,810.9752807617188,868.5496215820312,863.6146850585938,708.9865112304688
1790793326.1861777,0,0,848.8098754882812,894.8693237304688,876.7745361328125,656.34716796875
1790793326.1975245,0,0,848.8098754882812,894.8693237304688,876.7745361328125,656.34716796875
1790793326.2093384,0,0,848.8098754882812,894.8693237304688,876.7745361328125,656.34716796875
1790793326.2200608,0,0,848.8098754882812,894.8693237304688,876.7745361328125,656.34716796875
1790793326.2311804,0,0,848.8098754882812,894.8693237304688,876.7745361328125,656.34716796875
1790793326.2423184,0,0,842.2299194335938,789.590576171875,857.0347290039062,840.5849609375
1790793326.253362,0,0,840.5849609375,789.590576171875,834.0050048828125,656.34716796875
1790793326.264232,0,0,840.5849609375,710.6315307617188,842.2299194335938,682.6668701171875
1790793326.2755554,0,0,855.3897705078125,789.590576171875,817.5552368164062,787.945556640625
1790793326.286479,0,0,861.9697265625,763.2708740234375,835.6500244140625,708.9865112304688
1790793326.2979288,0,0,838.9400024414062,842.2299194335938,857.0347290039062,603.707763671875
1790793326.3088613,0,0,838.9400024414062,842.2299194335938,857.0347290039062,603.707763671875
1790793326.320182,0,0,838.9400024414062,842.2299194335938,857.0347290039062,603.707763671875
1790793326.3312194,0,0,838.9400024414062,842.2299194335938,857.0347290039062,603.707763671875
1790793326.342156,0,0,838.9400024414062,842.2299194335938,857.0347290039062,603.707763671875
1790793326.3529513,0,0,838.9400024414062,842.2299194335938,857.0347290039062,603.707763671875
1790793326.364775,0,0,799.46044921875,736.951171875,842.2299194335938,603.707763671875
1790793326.3759103,0,0,871.839599609375,789.590576171875,857.0347290039062,656.34716796875
1790793326.387037,0,0,866.9046630859375,657.9921264648438,834.0050048828125,577.3881225585938
1790793326.3981032,0,0,858.6797485351562,750.1110229492188,866.9046630859375,708.9865112304688
1790793326.409033,0,0,822.4901733398438,592.1929321289062,815.9102783203125,630.0274658203125
1790793326.4202094,0,0,870.194580078125,723.7913208007812,875.1295166015625,603.707763671875
1790793326.432054,0,0,825.7801513671875,644.832275390625,853.7448120117188,472.1093444824219
1790793326.4432588,0,0,878.4194946289062,700.7615966796875,840.5849609375,577.3881225585938
1790793326.4542928,0,0,845.5198974609375,671.1519775390625,829.070068359375,472.1093444824219
1790793326.465583,0,0,845.5198974609375,671.1519775390625,829.070068359375,472.1093444824219
1790793326.4763935,0,0,845.5198974609375,671.1519775390625,829.070068359375,472.1093444824219
1790793326.4881237,0,0,845.5198974609375,671.1519775390625,829.070068359375,472.1093444824219
1790793326.4993072,0,0,845.5198974609375,671.1519775390625,829.070068359375,472.1093444824219
1790793326.510696,0,0,825.7801513671875,657.9921264648438,838.9400024414062,472.1093444824219
1790793326.5217366,0,0,917.8990478515625,766.5608520507812,850.454833984375,630.0274658203125
1790793326.5326214,0,0,891.579345703125,661.2821044921875,858.6797485351562,472.1093444824219
1790793326.544078,0,0,861.9697265625,634.96240234375,861.9697265625,445.7896728515625
1790793326.5556622,0,0,865.2596435546875,661.2821044921875,855.3897705078125,419.4700012207031
1790793326.567039,0,0,865.2596435546875,661.2821044921875,855.3897705078125,419.4700012207031
1790793326.5780041,0,0,865.2596435546875,661.2821044921875,855.3897705078125,419.4700012207031
1790793326.5891082,0,0,865.2596435546875,661.2821044921875,855.3897705078125,419.4700012207031
1790793326.5998516,0,0,865.2596435546875,661.2821044921875,855.3897705078125,419.4700012207031
1790793326.6107688,0,0,865.2596435546875,661.2821044921875,855.3897705078125,419.4700012207031
1790793326.6222925,0,0,865.2596435546875,661.2821044921875,855.3897705078125,419.4700012207031
1790793326.6334407,0,0,858.6797485351562,713.9214477539062,865.2596435546875,445.7896728515625
1790793326.644646,0,0,845.5198974609375,634.96240234375,848.8098754882812,472.1093444824219
1790793326.65595,0,0,904.7391967773438,608.6427001953125,871.839599609375,551.0684204101562
1790793326.6667073,0,0,858.6797485351562,424.4049377441406,842.2299194335938,445.7896728515625
1790793326.6782448,0,0,858.6797485351562,424.4049377441406,842.2299194335938,445.7896728515625
1790793326.6894112,0,0,858.6797485351562,424.4049377441406,842.2299194335938,445.7896728515625
1790793326.7003124,0,0,858.6797485351562,424.4049377441406,842.2299194335938,445.7896728515625
1790793326.7119503,0,0,858.6797485351562,424.4049377441406,842.2299194335938,445.7896728515625
1790793326.7234092,0,0,810.9752807617188,940.9287719726562,873.4845581054688,797.8154907226562
1790793326.7346847,0,0,824.1351318359375,783.0106201171875,847.1648559570312,797.8154907226562
1790793326.7461772,0,0,870.194580078125,835.6500244140625,878.4194946289062,1008.3729248046875
1790793326.7571208,0,0,871.839599609375,993.568115234375,878.4194946289062,850.454833984375
1790793326.7683291,0,0,852.0997924804688,914.6090698242188,858.6797485351562,771.4957885742188
1790793326.7797985,0,0,884.9994506835938,967.2484130859375,868.5496215820312,771.4957885742188
1790793326.791868,0,0,884.9994506835938,967.2484130859375,868.5496215820312,771.4957885742188
1790793326.8031023,0,0,884.9994506835938,967.2484130859375,868.5496215820312,771.4957885742188
1790793326.8140712,0,0,884.9994506835938,967.2484130859375,868.5496215820312,771.4957885742188
1790793326.8253021,0,0,884.9994506835938,967.2484130859375,868.5496215820312,771.4957885742188
1790793326.8362646,0,0,878.4194946289062,875.1295166015625,865.2596435546875,850.454833984375
1790793326.8471563,0,0,894.8693237304688,921.18896484375,899.8042602539062,771.4957885742188
1790793326.8584585,0,0,868.5496215820312,842.2299194335938,881.70947265625,718.8563842773438
1790793326.8697886,0,0,868.5496215820312,842.2299194335938,881.70947265625,718.8563842773438
1790793326.881318,0,0,868.5496215820312,842.2299194335938,881.70947265625,718.8563842773438
1790793326.8924973,0,0,868.5496215820312,842.2299194335938,881.70947265625,718.8563842773438
1790793326.903243,0,0,868.5496215820312,842.2299194335938,881.70947265625,718.8563842773438
1790793326.9144647,0,0,868.5496215820312,842.2299194335938,881.70947265625,718.8563842773438
1790793326.9255397,0,0,842.2299194335938,835.6500244140625,878.4194946289062,745.1760864257812
1790793326.9366915,0,0,881.70947265625,835.6500244140625,871.839599609375,718.8563842773438
1790793326.9474957,0,0,871.839599609375,940.9287719726562,866.9046630859375,876.7745361328125
1790793326.9587798,0,0,904.7391967773438,914.6090698242188,855.3897705078125,797.8154907226562
1790793326.970015,0,0,880.064453125,940.9287719726562,876.7745361328125,692.5367431640625
1790793326.9816265,0,0,880.064453125,940.9287719726562,876.7745361328125,692.5367431640625
1790793326.9934387,0,0,880.064453125,940.9287719726562,876.7745361328125,692.5367431640625
1790793327.004437,0,0,880.064453125,940.9287719726562,876.7745361328125,692.5367431640625
1790793327.0158415,0,0,880.064453125,940.9287719726562,876.7745361328125,692.5367431640625
1790793327.0274186,0,0,891.579345703125,861.9697265625,857.0347290039062,850.454833984375
1790793327.0390167,0,0,870.194580078125,861.9697265625,829.070068359375,692.5367431640625
1790793327.0501678,0,0,866.9046630859375,914.6090698242188,848.8098754882812,639.8973388671875
1790793327.0614402,0,0,866.9046630859375,914.6090698242188,848.8098754882812,639.8973388671875
1790793327.0730069,0,0,866.9046630859375,914.6090698242188,848.8098754882812,639.8973388671875
1790793327.0843294,0,0,866.9046630859375,914.6090698242188,848.8098754882812,639.8973388671875
1790793327.0955997,0,0,866.9046630859375,914.6090698242188,848.8098754882812,639.8973388671875
1790793327.1067939,0,0,843.8749389648438,940.9287719726562,860.32470703125,692.5367431640625
1790793327.1189125,0,0,840.5849609375,927.7689208984375,858.6797485351562,797.8154907226562
1790793327.1298137,0,0,857.0347290039062,888.2893676757812,835.6500244140625,666.217041015625
1790793327.1406605,0,0,888.2893676757812,861.9697265625,850.454833984375,613.5776977539062
1790793327.151542,0,0,866.9046630859375,914.6090698242188,853.7448120117188,613.5776977539062
1790793327.1624722,0,0,866.9046630859375,888.2893676757812,838.9400024414062,587.2579956054688
1790793327.1738908,0,0,866.9046630859375,888.2893676757812,838.9400024414062,587.2579956054688
1790793327.185312,0,0,866.9046630859375,888.2893676757812,838.9400024414062,587.2579956054688
1790793327.1961625,0,0,866.9046630859375,888.2893676757812,838.9400024414062,587.2579956054688
1790793327.2069705,0,0,866.9046630859375,888.2893676757812,838.9400024414062,587.2579956054688
1790793327.2183785,0,0,866.9046630859375,888.2893676757812,838.9400024414062,587.2579956054688
1790793327.229884,0,0,898.1592407226562,967.2484130859375,865.2596435546875,745.1760864257812
1790793327.2419796,0,0,858.6797485351562,1006.7279663085938,870.194580078125,666.217041015625
1790793327.2531676,0,0,835.6500244140625,932.703857421875,840.5849609375,736.951171875
1790793327.264005,0,0,835.6500244140625,932.703857421875,840.5849609375,736.951171875
1790793327.2752578,0,0,835.6500244140625,932.703857421875,840.5849609375,736.951171875
1790793327.287005,0,0,835.6500244140625,932.703857421875,840.5849609375,736.951171875
1790793327.298768,0,0,835.6500244140625,932.703857421875,840.5849609375,736.951171875
1790793327.3127773,0,0,835.6500244140625,932.703857421875,840.5849609375,736.951171875
1790793327.327379,0,0,835.6500244140625,932.703857421875,840.5849609375,736.951171875
1790793327.3401976,0,0,825.7801513671875,932.703857421875,873.4845581054688,815.9102783203125
1790793327.353523,0,0,815.9102783203125,932.703857421875,861.9697265625,842.2299194335938
1790793327.3648925,0,0,855.3897705078125,906.3841552734375,843.8749389648438,947.5086669921875
1790793327.380426,0,0,815.9102783203125,906.3841552734375,863.6146850585938,789.590576171875
1790793327.3915424,0,0,832.3600463867188,985.3432006835938,866.9046630859375,921.18896484375
1790793327.4029427,0,0,832.3600463867188,932.703857421875,857.0347290039062,736.951171875
1790793327.4153047,0,0,832.3600463867188,932.703857421875,857.0347290039062,736.951171875
1790793327.4267907,0,0,832.3600463867188,932.703857421875,857.0347290039062,736.951171875
1790793327.4389637,0,0,822.4901733398438,880.064453125,835.6500244140625,894.8693237304688
1790793327.4503677,0,0,865.2596435546875,985.3432006835938,875.1295166015625,815.9102783203125
1790793327.4614115,0,0,832.3600463867188,932.703857421875,870.194580078125,947.5086669921875
1790793327.4726207,0,0,825.7801513671875,880.064453125,825.7801513671875,736.951171875
1790793327.4835687,0,0,845.5198974609375,932.703857421875,843.8749389648438,736.951171875
1790793327.4952192,0,0,845.5198974609375,932.703857421875,843.8749389648438,736.951171875
1790793327.5071192,0,0,845.5198974609375,932.703857421875,843.8749389648438,736.951171875
1790793327.5179422,0,0,845.5198974609375,932.703857421875,843.8749389648438,736.951171875
1790793327.5289283,0,0,845.5198974609375,932.703857421875,843.8749389648438,736.951171875
1790793327.5403013,0,0,812.6203002929688,906.3841552734375,819.2001953125,789.590576171875
1790793327.551082,0,0,842.2299194335938,827.4251098632812,806.0403442382812,921.18896484375
1790793327.5624328,0,0,845.5198974609375,880.064453125,822.4901733398438,947.5086669921875
1790793327.574184,0,0,825.7801513671875,827.4251098632812,822.4901733398438,868.5496215820312
1790793327.5856357,0,0,848.8098754882812,906.3841552734375,840.5849609375,789.590576171875
1790793327.5974007,0,0,848.8098754882812,906.3841552734375,840.5849609375,789.590576171875
1790793327.609024,0,0,848.8098754882812,906.3841552734375,840.5849609375,789.590576171875
1790793327.6208396,0,0,848.8098754882812,906.3841552734375,840.5849609375,789.590576171875
1790793327.631995,0,0,848.8098754882812,906.3841552734375,840.5849609375,789.590576171875
1790793327.6436632,0,0,848.8098754882812,906.3841552734375,840.5849609375,789.590576171875
1790793327.6550653,0,0,835.6500244140625,1011.6629028320312,827.4251098632812,973.828369140625
1790793327.6659253,0,0,807.6853637695312,827.4251098632812,845.5198974609375,921.18896484375
1790793327.6779304,0,0,792.8805541992188,880.064453125,840.5849609375,815.9102783203125
1790793327.68912,0,0,834.0050048828125,880.064453125,861.9697265625,842.2299194335938
1790793327.7005687,0,0,804.3953857421875,880.064453125,847.1648559570312,736.951171875
1790793327.7119954,0,0,804.3953857421875,880.064453125,847.1648559570312,736.951171875
1790793327.7232778,0,0,804.3953857421875,880.064453125,847.1648559570312,736.951171875
1790793327.734283,0,0,804.3953857421875,880.064453125,847.1648559570312,736.951171875
1790793327.7454283,0,0,804.3953857421875,880.064453125,847.1648559570312,736.951171875
1790793327.7569244,0,0,825.7801513671875,853.7448120117188,843.8749389648438,763.2708740234375
1790793327.7683218,0,0,802.7504272460938,748.466064453125,852.0997924804688,894.8693237304688
1790793327.7796733,0,0,842.2299194335938,863.6146850585938,852.0997924804688,815.9102783203125
1790793327.7910168,0,0,843.8749389648438,797.8154907226562,838.9400024414062,684.3118286132812
1790793327.8024552,0,0,829.070068359375,870.194580078125,837.2949829101562,763.2708740234375
1790793327.813757,0,0,881.70947265625,830.715087890625,837.2949829101562,868.5496215820312
1790793327.8249333,0,0,883.3544311523438,901.44921875,858.6797485351562,807.6853637695312
1790793327.8362868,0,0,896.5142822265625,861.9697265625,852.0997924804688,860.32470703125
1790793327.84762,0,0,853.7448120117188,717.21142578125,838.9400024414062,755.0459594726562
1790793327.858975,0,0,853.7448120117188,717.21142578125,838.9400024414062,755.0459594726562
1790793327.8706622,0,0,853.7448120117188,717.21142578125,838.9400024414062,755.0459594726562
1790793327.8816743,0,0,853.7448120117188,717.21142578125,838.9400024414062,755.0459594726562
1790793327.8930159,0,0,853.7448120117188,717.21142578125,838.9400024414062,755.0459594726562
1790793327.9038088,0,0,834.0050048828125,664.5720825195312,835.6500244140625,807.6853637695312
1790793327.91484,0,0,880.064453125,822.4901733398438,857.0347290039062,912.964111328125
1790793327.9264548,0,0,880.064453125,875.1295166015625,843.8749389648438,991.9231567382812
1790793327.9372241,0,0,857.0347290039062,848.8098754882812,853.7448120117188,965.6034545898438
1790793327.9485242,0,0,850.454833984375,690.8917236328125,834.0050048828125,1044.5625
1790793327.9601994,0,0,857.0347290039062,717.21142578125,832.3600463867188,912.964111328125
1790793327.9718013,0,0,857.0347290039062,717.21142578125,832.3600463867188,912.964111328125
1790793327.9834533,0,0,857.0347290039062,717.21142578125,832.3600463867188,912.964111328125
1790793327.9954967,0,0,857.0347290039062,717.21142578125,832.3600463867188,912.964111328125
1790793328.0069196,0,0,809.330322265625,611.9326782226562,819.2001953125,1018.2428588867188
1790793328.0182853,0,0,807.6853637695312,690.8917236328125,842.2299194335938,886.6444091796875
1790793328.0291743,0,0,733.6612548828125,743.5311279296875,865.2596435546875,912.964111328125
1790793328.0408628,0,0,687.601806640625,664.5720825195312,878.4194946289062,781.3656616210938
1790793328.0526233,0,0,687.601806640625,664.5720825195312,878.4194946289062,781.3656616210938
1790793328.0640922,0,0,687.601806640625,664.5720825195312,878.4194946289062,781.3656616210938
1790793328.0754247,0,0,687.601806640625,664.5720825195312,878.4194946289062,781.3656616210938
1790793328.0863633,0,0,687.601806640625,664.5720825195312,878.4194946289062,781.3656616210938
1790793328.0978327,0,0,687.601806640625,664.5720825195312,878.4194946289062,781.3656616210938
1790793328.1095738,0,0,628.3825073242188,664.5720825195312,990.2781372070312,728.726318359375
1790793328.1213481,0,0,620.1575927734375,638.2523803710938,1003.43798828125,728.726318359375
1790793328.1327102,0,0,674.4419555664062,756.6909790039062,1044.5625,807.6853637695312
1790793328.143987,0,0,717.21142578125,664.5720825195312,1018.2428588867188,1018.2428588867188
1790793328.1556592,0,0,857.0347290039062,664.5720825195312,952.443603515625,1044.5625
1790793328.1667902,0,0,834.0050048828125,664.5720825195312,945.8637084960938,965.6034545898438
1790793328.1783152,0,0,834.0050048828125,664.5720825195312,945.8637084960938,965.6034545898438
1790793328.1893246,0,0,834.0050048828125,664.5720825195312,945.8637084960938,965.6034545898438
1790793328.201728,0,0,834.0050048828125,664.5720825195312,945.8637084960938,965.6034545898438
1790793328.2123957,0,0,834.0050048828125,664.5720825195312,945.8637084960938,965.6034545898438
1790793328.2234838,0,0,834.0050048828125,664.5720825195312,945.8637084960938,965.6034545898438
1790793328.2343767,0,0,834.0050048828125,664.5720825195312,945.8637084960938,965.6034545898438
1790793328.2452514,0,0,834.0050048828125,664.5720825195312,945.8637084960938,965.6034545898438
1790793328.2559967,0,0,927.7689208984375,559.2933349609375,857.0347290039062,1176.160888671875
1790793328.2676451,0,0,878.4194946289062,611.9326782226562,876.7745361328125,991.9231567382812
1790793328.2791054,0,0,894.8693237304688,532.9736328125,847.1648559570312,1176.160888671875
1790793328.2907703,0,0,898.1592407226562,546.1334838867188,824.1351318359375,991.9231567382812
1790793328.3025177,0,0,898.1592407226562,546.1334838867188,824.1351318359375,991.9231567382812
1790793328.3139646,0,0,898.1592407226562,546.1334838867188,824.1351318359375,991.9231567382812
1790793328.325206,0,0,898.1592407226562,546.1334838867188,824.1351318359375,991.9231567382812
1790793328.3360958,0,0,884.9994506835938,427.69488525390625,809.330322265625,1044.5625
1790793328.3473353,0,0,861.9697265625,559.2933349609375,830.715087890625,1097.201904296875
1790793328.3587203,0,0,858.6797485351562,559.2933349609375,810.9752807617188,1149.84130859375
1790793328.370071,0,0,838.9400024414062,611.9326782226562,829.070068359375,1097.201904296875
1790793328.3811624,0,0,880.064453125,572.4531860351562,834.0050048828125,1149.84130859375
1790793328.3929105,0,0,863.6146850585938,546.1334838867188,824.1351318359375,965.6034545898438
1790793328.4040978,0,0,863.6146850585938,546.1334838867188,824.1351318359375,965.6034545898438
1790793328.415132,0,0,863.6146850585938,546.1334838867188,824.1351318359375,965.6034545898438
1790793328.4262774,0,0,863.6146850585938,546.1334838867188,824.1351318359375,965.6034545898438
1790793328.4377887,0,0,863.6146850585938,546.1334838867188,824.1351318359375,965.6034545898438
1790793328.4491334,0,0,855.3897705078125,546.1334838867188,843.8749389648438,965.6034545898438
1790793328.4602528,0,0,819.2001953125,493.4941101074219,842.2299194335938,1018.2428588867188
1790793328.4710748,0,0,825.7801513671875,861.9697265625,832.3600463867188,781.3656616210938
1790793328.4820724,0,0,896.5142822265625,809.330322265625,837.2949829101562,781.3656616210938
1790793328.4929912,0,0,858.6797485351562,809.330322265625,847.1648559570312,728.726318359375
1790793328.504202,0,0,858.6797485351562,809.330322265625,847.1648559570312,728.726318359375
1790793328.5151849,0,0,858.6797485351562,809.330322265625,847.1648559570312,728.726318359375
1790793328.5265036,0,0,858.6797485351562,809.330322265625,847.1648559570312,728.726318359375
1790793328.5375066,0,0,858.6797485351562,809.330322265625,847.1648559570312,728.726318359375
1790793328.5485814,0,0,858.6797485351562,809.330322265625,847.1648559570312,728.726318359375
1790793328.5598626,0,0,840.5849609375,855.3897705078125,824.1351318359375,781.3656616210938
1790793328.571158,0,0,837.2949829101562,861.9697265625,838.9400024414062,649.7672119140625
1790793328.5824473,0,0,866.9046630859375,875.1295166015625,829.070068359375,597.1278686523438
1790793328.59391,0,0,866.9046630859375,875.1295166015625,829.070068359375,597.1278686523438
1790793328.605888,0,0,866.9046630859375,875.1295166015625,829.070068359375,597.1278686523438
1790793328.617183,0,0,866.9046630859375,875.1295166015625,829.070068359375,597.1278686523438
1790793328.6285112,0,0,866.9046630859375,875.1295166015625,829.070068359375,597.1278686523438
1790793328.6395652,0,0,883.3544311523438,927.7689208984375,840.5849609375,781.3656616210938
1790793328.6503594,0,0,883.3544311523438,927.7689208984375,840.5849609375,781.3656616210938
1790793328.661364,0,0,837.2949829101562,664.5720825195312,804.3953857421875,623.4475708007812
1790793328.6728778,0,0,873.4845581054688,664.5720825195312,824.1351318359375,570.8081665039062
1790793328.6844847,0,0,873.4845581054688,664.5720825195312,824.1351318359375,570.8081665039062
1790793328.6956534,0,0,873.4845581054688,664.5720825195312,824.1351318359375,570.8081665039062
1790793328.7072914,0,0,873.4845581054688,664.5720825195312,824.1351318359375,570.8081665039062
1790793328.718122,0,0,873.4845581054688,664.5720825195312,824.1351318359375,570.8081665039062
1790793328.7300715,0,0,873.4845581054688,664.5720825195312,824.1351318359375,570.8081665039062
1790793328.7425315,0,0,883.3544311523438,690.8917236328125,810.9752807617188,597.1278686523438
1790793328.7542777,0,0,909.6741333007812,769.850830078125,842.2299194335938,728.726318359375
1790793328.7655566,0,0,875.1295166015625,559.2933349609375,807.6853637695312,755.0459594726562
1790793328.7763314,0,0,876.7745361328125,743.5311279296875,834.0050048828125,807.6853637695312
1790793328.7882342,0,0,871.839599609375,664.5720825195312,837.2949829101562,623.4475708007812
1790793328.7991328,0,0,871.839599609375,664.5720825195312,837.2949829101562,623.4475708007812
1790793328.8105068,0,0,871.839599609375,664.5720825195312,837.2949829101562,623.4475708007812
1790793328.821282,0,0,871.839599609375,664.5720825195312,837.2949829101562,623.4475708007812
1790793328.8323958,0,0,871.839599609375,664.5720825195312,837.2949829101562,623.4475708007812
1790793328.8436198,0,0,871.839599609375,664.5720825195312,837.2949829101562,623.4475708007812
1790793328.8546145,0,0,857.0347290039062,717.21142578125,832.3600463867188,623.4475708007812
1790793328.8655584,0,0,911.319091796875,796.1704711914062,860.32470703125,807.6853637695312
1790793328.8766565,0,0,908.0291748046875,717.21142578125,838.9400024414062,649.7672119140625
1790793328.8879156,0,0,855.3897705078125,519.8137817382812,847.1648559570312,676.0869140625
1790793328.8988347,0,0,896.5142822265625,388.2153625488281,825.7801513671875,755.0459594726562
1790793328.9102194,0,0,917.8990478515625,493.4941101074219,830.715087890625,728.726318359375
1790793328.9213877,0,0,855.3897705078125,467.1744079589844,807.6853637695312,570.8081665039062
1790793328.9325655,0,0,870.194580078125,440.854736328125,852.0997924804688,570.8081665039062
1790793328.9436843,0,0,870.194580078125,440.854736328125,852.0997924804688,570.8081665039062
1790793328.9546273,1,0,870.194580078125,440.854736328125,852.0997924804688,570.8081665039062
1790793328.9657292,1,0,870.194580078125,440.854736328125,852.0997924804688,570.8081665039062
1790793328.9768617,1,0,870.194580078125,440.854736328125,852.0997924804688,570.8081665039062
1790793328.9881048,1,0,870.194580078125,440.854736328125,852.0997924804688,570.8081665039062
1790793328.999347,1,0,898.1592407226562,519.8137817382812,852.0997924804688,781.3656616210938
1790793329.0105643,1,0,893.2243041992188,519.8137817382812,822.4901733398438,807.6853637695312
1790793329.0215163,1,0,858.6797485351562,440.854736328125,843.8749389648438,728.726318359375
1790793329.0322535,1,0,881.70947265625,861.9697265625,870.194580078125,986.9882202148438
1790793329.0439038,1,0,847.1648559570312,783.0106201171875,832.3600463867188,802.7504272460938
1790793329.054771,1,0,843.8749389648438,835.6500244140625,809.330322265625,881.70947265625
1790793329.066173,1,0,842.2299194335938,940.9287719726562,845.5198974609375,750.1110229492188
1790793329.0777705,1,0,842.2299194335938,940.9287719726562,845.5198974609375,750.1110229492188
1790793329.0886126,1,0,842.2299194335938,940.9287719726562,845.5198974609375,750.1110229492188
1790793329.0993466,1,0,842.2299194335938,940.9287719726562,845.5198974609375,750.1110229492188
1790793329.1102798,1,0,868.5496215820312,756.6909790039062,832.3600463867188,960.6685180664062
1790793329.1216836,1,0,845.5198974609375,809.330322265625,822.4901733398438,776.4307250976562
1790793329.1331425,1,0,852.0997924804688,875.1295166015625,843.8749389648438,750.1110229492188
1790793329.146056,1,0,875.1295166015625,914.6090698242188,847.1648559570312,750.1110229492188
1790793329.1574857,1,0,863.6146850585938,954.088623046875,865.2596435546875,776.4307250976562
1790793329.1688337,1,0,857.0347290039062,848.8098754882812,852.0997924804688,671.1519775390625
1790793329.180141,1,0,857.0347290039062,848.8098754882812,852.0997924804688,671.1519775390625
1790793329.1915724,1,0,857.0347290039062,848.8098754882812,852.0997924804688,671.1519775390625
1790793329.2027643,1,0,857.0347290039062,848.8098754882812,852.0997924804688,671.1519775390625
1790793329.213515,1,0,857.0347290039062,848.8098754882812,852.0997924804688,671.1519775390625
1790793329.224968,1,0,857.0347290039062,848.8098754882812,852.0997924804688,671.1519775390625
1790793329.2363467,1,0,886.6444091796875,980.4082641601562,857.0347290039062,881.70947265625
1790793329.2475972,1,0,861.9697265625,717.21142578125,829.070068359375,855.3897705078125
1790793329.2590892,1,0,871.839599609375,848.8098754882812,830.715087890625,855.3897705078125
1790793329.2700548,1,0,881.70947265625,927.7689208984375,840.5849609375,802.7504272460938
1790793329.2812126,1,0,848.8098754882812,848.8098754882812,822.4901733398438,697.4716796875
1790793329.2924173,1,0,848.8098754882812,848.8098754882812,822.4901733398438,697.4716796875
1790793329.303635,1,0,848.8098754882812,848.8098754882812,822.4901733398438,697.4716796875
1790793329.3143373,1,0,848.8098754882812,848.8098754882812,822.4901733398438,697.4716796875
1790793329.3259573,1,0,848.8098754882812,848.8098754882812,822.4901733398438,697.4716796875
1790793329.3372188,1,0,881.70947265625,875.1295166015625,830.715087890625,855.3897705078125
1790793329.3486445,1,0,838.9400024414062,822.4901733398438,834.0050048828125,723.7913208007812
1790793329.359712,1,0,875.1295166015625,796.1704711914062,832.3600463867188,908.0291748046875
1790793329.37045,1,0,852.0997924804688,822.4901733398438,814.2652587890625,671.1519775390625
1790793329.381751,1,0,868.5496215820312,875.1295166015625,855.3897705078125,644.832275390625
1790793329.3928099,1,0,868.5496215820312,875.1295166015625,855.3897705078125,644.832275390625
1790793329.4037342,1,0,871.839599609375,1006.7279663085938,842.2299194335938,671.1519775390625
1790793329.415038,1,0,845.5198974609375,980.4082641601562,840.5849609375,644.832275390625
1790793329.4257765,1,0,861.9697265625,1059.3673095703125,848.8098754882812,829.070068359375
1790793329.4369805,1,0,827.4251098632812,901.44921875,824.1351318359375,776.4307250976562
1790793329.4482586,1,0,863.6146850585938,1006.7279663085938,835.6500244140625,644.832275390625
1790793329.4595726,1,0,863.6146850585938,1006.7279663085938,835.6500244140625,644.832275390625
1790793329.4706244,1,0,863.6146850585938,1006.7279663085938,835.6500244140625,644.832275390625
1790793329.481726,1,0,863.6146850585938,1006.7279663085938,835.6500244140625,644.832275390625
1790793329.4928956,1,0,863.6146850585938,1006.7279663085938,835.6500244140625,644.832275390625
1790793329.5044358,1,0,863.6146850585938,1006.7279663085938,835.6500244140625,644.832275390625
1790793329.5152059,1,0,853.7448120117188,875.1295166015625,858.6797485351562,802.7504272460938
1790793329.5270007,1,0,883.3544311523438,954.088623046875,866.9046630859375,855.3897705078125
1790793329.5386496,1,0,847.1648559570312,1006.7279663085938,853.7448120117188,671.1519775390625
1790793329.549513,1,0,899.8042602539062,875.1295166015625,878.4194946289062,776.4307250976562
1790793329.5607233,1,0,880.064453125,980.4082641601562,870.194580078125,565.8732299804688
1790793329.5723455,1,0,880.064453125,980.4082641601562,870.194580078125,565.8732299804688
1790793329.5835845,1,0,880.064453125,980.4082641601562,870.194580078125,565.8732299804688
1790793329.5948834,1,0,880.064453125,980.4082641601562,870.194580078125,565.8732299804688
1790793329.6055694,1,0,880.064453125,980.4082641601562,870.194580078125,565.8732299804688
1790793329.6164632,1,0,880.064453125,980.4082641601562,870.194580078125,565.8732299804688
1790793329.6274247,1,0,843.8749389648438,863.6146850585938,850.454833984375,732.0162353515625
1790793329.6383958,1,0,894.8693237304688,778.07568359375,827.4251098632812,916.2540283203125
1790793329.6495142,1,0,837.2949829101562,893.2243041992188,865.2596435546875,732.0162353515625
1790793329.6608763,1,0,837.2949829101562,893.2243041992188,865.2596435546875,732.0162353515625
1790793329.6720223,1,0,837.2949829101562,893.2243041992188,865.2596435546875,732.0162353515625
1790793329.6828828,1,0,837.2949829101562,893.2243041992188,865.2596435546875,732.0162353515625
1790793329.6943789,1,0,837.2949829101562,893.2243041992188,865.2596435546875,732.0162353515625
1790793329.70603,1,0,834.0050048828125,949.1536865234375,861.9697265625,942.57373046875
1790793329.7178934,1,0,893.2243041992188,870.194580078125,834.0050048828125,916.2540283203125
1790793329.729153,1,0,830.715087890625,870.194580078125,815.9102783203125,863.6146850585938
1790793329.7404053,1,0,850.454833984375,764.9158325195312,835.6500244140625,916.2540283203125
1790793329.751754,1,0,840.5849609375,738.59619140625,822.4901733398438,758.3359375
1790793329.7630851,1,0,883.3544311523438,659.6371459960938,842.2299194335938,784.6556396484375
1790793329.7740817,1,0,883.3544311523438,659.6371459960938,842.2299194335938,784.6556396484375
1790793329.785207,1,0,883.3544311523438,659.6371459960938,842.2299194335938,784.6556396484375
1790793329.796277,1,0,883.3544311523438,659.6371459960938,842.2299194335938,784.6556396484375
1790793329.8072796,1,0,883.3544311523438,659.6371459960938,842.2299194335938,784.6556396484375
1790793329.8179753,1,0,883.3544311523438,659.6371459960938,842.2299194335938,784.6556396484375
1790793329.8291273,1,0,883.3544311523438,659.6371459960938,842.2299194335938,784.6556396484375
1790793329.8403327,1,0,834.0050048828125,633.3174438476562,830.715087890625,837.2949829101562
1790793329.8513646,1,0,860.32470703125,725.4363403320312,810.9752807617188,758.3359375
1790793329.862365,1,0,881.70947265625,804.3953857421875,865.2596435546875,889.9343872070312
1790793329.8732672,1,0,845.5198974609375,725.4363403320312,817.5552368164062,705.6965942382812
1790793329.8840175,1,0,845.5198974609375,725.4363403320312,817.5552368164062,705.6965942382812
1790793329.894991,1,0,845.5198974609375,725.4363403320312,817.5552368164062,705.6965942382812
1790793329.9060736,1,0,845.5198974609375,725.4363403320312,817.5552368164062,705.6965942382812
1790793329.9168322,1,0,845.5198974609375,725.4363403320312,817.5552368164062,705.6965942382812
1790793329.9280615,1,0,845.5198974609375,725.4363403320312,817.5552368164062,705.6965942382812
1790793329.9393542,1,0,861.9697265625,725.4363403320312,848.8098754882812,863.6146850585938
1790793329.9504926,1,0,875.1295166015625,751.7560424804688,845.5198974609375,758.3359375
1790793329.9615407,1,0,878.4194946289062,804.3953857421875,845.5198974609375,758.3359375
1790793329.973138,1,0,858.6797485351562,593.837890625,822.4901733398438,837.2949829101562
1790793329.9845798,1,0,865.2596435546875,751.7560424804688,834.0050048828125,705.6965942382812
1790793330.0177233,1,0,865.2596435546875,751.7560424804688,834.0050048828125,705.6965942382812
1790793330.0296419,1,0,865.2596435546875,751.7560424804688,834.0050048828125,705.6965942382812
1790793330.041629,1,0,865.2596435546875,751.7560424804688,834.0050048828125,705.6965942382812
1790793330.0531254,1,0,865.2596435546875,751.7560424804688,834.0050048828125,705.6965942382812
1790793330.0649388,1,0,861.9697265625,738.59619140625,855.3897705078125,784.6556396484375
1790793330.0766394,1,0,878.4194946289062,778.07568359375,858.6797485351562,758.3359375
1790793330.0898151,1,0,863.6146850585938,764.9158325195312,848.8098754882812,574.09814453125
1790793330.1013622,1,0,863.6146850585938,764.9158325195312,848.8098754882812,574.09814453125
1790793330.1130688,1,0,863.6146850585938,764.9158325195312,848.8098754882812,574.09814453125
1790793330.1244764,1,0,863.6146850585938,764.9158325195312,848.8098754882812,574.09814453125
1790793330.1361413,1,0,830.715087890625,810.9752807617188,898.1592407226562,521.458740234375
1790793330.147137,1,0,458.94952392578125,1014.952880859375,978.7633056640625,258.26190185546875
1790793330.1582344,1,0,370.1205749511719,1589.051025390625,1057.722412109375,21.38474464416504
1790793330.169302,1,0,281.2916259765625,1534.7666015625,1123.5216064453125,105.27873992919922
1790793330.1802745,1,0,301.0314025878906,1554.5064697265625,1320.919189453125,0.0
1790793330.1911817,1,0,301.0314025878906,1554.5064697265625,1320.919189453125,0.0
1790793330.2024753,1,0,301.0314025878906,1554.5064697265625,1320.919189453125,0.0
1790793330.2131414,1,0,301.0314025878906,1554.5064697265625,1320.919189453125,0.0
1790793330.2243214,1,0,301.0314025878906,1554.5064697265625,1320.919189453125,0.0
1790793330.2355797,1,0,324.0611267089844,1554.5064697265625,1544.6365966796875,78.95905303955078
1790793330.2468767,1,0,314.1912536621094,834.0050048828125,1643.3353271484375,286.2265930175781
1790793330.258066,1,0,468.81939697265625,623.4475708007812,1651.560302734375,444.1446838378906
1790793330.268747,1,0,468.81939697265625,623.4475708007812,1651.560302734375,444.1446838378906
1790793330.279661,1,0,468.81939697265625,623.4475708007812,1651.560302734375,444.1446838378906
1790793330.290808,1,0,468.81939697265625,623.4475708007812,1651.560302734375,444.1446838378906
1790793330.3016965,1,0,468.81939697265625,623.4475708007812,1651.560302734375,444.1446838378906
1790793330.3132043,1,0,468.81939697265625,623.4475708007812,1651.560302734375,444.1446838378906
1790793330.3244562,1,0,554.3583984375,386.57037353515625,1651.560302734375,549.4234619140625
1790793330.3362422,1,0,797.8154907226562,1097.201904296875,1651.560302734375,891.579345703125
1790793330.3471417,1,0,883.3544311523438,728.726318359375,1651.560302734375,1023.1777954101562
1790793330.357978,1,0,955.7335815429688,912.964111328125,1651.560302734375,1108.716796875
1790793330.3690438,1,0,1107.07177734375,912.964111328125,1631.820556640625,1088.9769287109375
1790793330.380117,1,0,1107.07177734375,912.964111328125,1631.820556640625,1088.9769287109375
1790793330.3915627,1,0,1107.07177734375,912.964111328125,1631.820556640625,1088.9769287109375
1790793330.4033926,1,0,1107.07177734375,912.964111328125,1631.820556640625,1088.9769287109375
1790793330.414314,1,0,1107.07177734375,912.964111328125,1631.820556640625,1088.9769287109375
1790793330.4253027,1,0,1061.0123291015625,755.0459594726562,1026.4677734375,1177.805908203125
1790793330.436486,1,0,1199.190673828125,70.7341537475586,421.1149597167969,1082.3970947265625
1790793330.4478502,1,0,1212.3504638671875,1018.2428588867188,450.724609375,1240.315185546875
1790793330.4591038,1,0,1199.190673828125,1682.81494140625,157.91810607910156,1135.036376953125
1790793330.4704013,1,0,1186.0308837890625,129.9534454345703,52.63936996459961,1003.43798828125
1790793330.4816663,1,0,1186.0308837890625,129.9534454345703,52.63936996459961,1003.43798828125
1790793330.4928226,1,0,1186.0308837890625,129.9534454345703,52.63936996459961,1003.43798828125
1790793330.503811,1,0,1186.0308837890625,129.9534454345703,52.63936996459961,1003.43798828125
1790793330.5150366,1,0,1186.0308837890625,129.9534454345703,52.63936996459961,1003.43798828125
1790793330.5261755,1,0,1054.432373046875,208.91250610351562,62.509254455566406,950.7986450195312
1790793330.537256,1,0,1159.711181640625,129.9534454345703,95.40885925292969,1082.3970947265625
1790793330.5484533,1,0,1146.55126953125,141.4683074951172,83.89399719238281,1056.077392578125
1790793330.5601044,1,0,1113.6517333984375,172.72293090820312,93.76387786865234,819.2001953125
1790793330.5711105,1,0,1001.7930297851562,177.6578826904297,90.47391510009766,871.839599609375
1790793330.5823731,1,0,998.5030517578125,174.367919921875,87.1839599609375,713.9214477539062
1790793330.5937867,1,0,998.5030517578125,174.367919921875,87.1839599609375,713.9214477539062
1790793330.604698,1,0,998.5030517578125,174.367919921875,87.1839599609375,713.9214477539062
1790793330.6159756,1,0,998.5030517578125,174.367919921875,87.1839599609375,713.9214477539062
1790793330.6274636,1,0,998.5030517578125,174.367919921875,87.1839599609375,713.9214477539062
1790793330.638642,1,0,998.5030517578125,174.367919921875,87.1839599609375,713.9214477539062
1790793330.6495697,1,0,1054.432373046875,174.367919921875,88.82894134521484,950.7986450195312
1790793330.6607404,1,0,1024.82275390625,243.45709228515625,87.1839599609375,819.2001953125
1790793330.67228,1,0,952.443603515625,1097.201904296875,88.82894134521484,740.2411499023438
1790793330.6839871,1,0,919.5440063476562,1255.1199951171875,162.85305786132812,661.2821044921875
1790793330.6952615,1,0,919.5440063476562,1255.1199951171875,162.85305786132812,661.2821044921875
1790793330.7062447,1,0,919.5440063476562,1255.1199951171875,162.85305786132812,661.2821044921875
1790793330.7171452,1,0,919.5440063476562,1255.1199951171875,162.85305786132812,661.2821044921875
1790793330.7288728,1,0,919.5440063476562,1255.1199951171875,162.85305786132812,661.2821044921875
1790793330.740122,1,0,919.5440063476562,1255.1199951171875,162.85305786132812,661.2821044921875
1790793330.7515635,1,0,893.2243041992188,1597.27587890625,292.8064880371094,845.5198974609375
1790793330.762841,1,0,919.5440063476562,1574.2462158203125,315.8362121582031,713.9214477539062
1790793330.7745764,1,0,843.8749389648438,1572.6011962890625,412.89007568359375,582.3230590820312
1790793330.7859242,1,0,884.9994506835938,1643.3353271484375,498.4290466308594,970.5383911132812
1790793330.7971327,1,0,940.9287719726562,1640.04541015625,539.5535278320312,917.8990478515625
1790793330.8080244,1,0,909.6741333007812,1592.3409423828125,583.968017578125,917.8990478515625
1790793330.8192632,1,0,857.0347290039062,1612.0806884765625,611.9326782226562,1023.1777954101562
1790793330.830782,1,0,922.833984375,1612.0806884765625,574.09814453125,996.8580932617188
1790793330.8424954,1,0,922.833984375,1612.0806884765625,574.09814453125,996.8580932617188
1790793330.8536823,1,0,922.833984375,1612.0806884765625,574.09814453125,996.8580932617188
1790793330.8647373,1,0,922.833984375,1612.0806884765625,574.09814453125,996.8580932617188
1790793330.8768497,1,0,922.833984375,1612.0806884765625,574.09814453125,996.8580932617188
1790793330.8885467,1,0,850.454833984375,1631.820556640625,666.217041015625,1102.1368408203125
1790793330.899574,1,0,857.0347290039062,1552.8614501953125,626.7374877929688,1128.45654296875
1790793330.9108202,1,0,896.5142822265625,1559.44140625,657.9921264648438,1128.45654296875
1790793330.922143,1,0,843.8749389648438,1493.6422119140625,638.2523803710938,1049.4974365234375
1790793330.9334278,1,0,633.3174438476562,1674.5899658203125,745.1760864257812,891.579345703125
1790793330.9448845,1,0,462.2394714355469,1608.790771484375,725.4363403320312,496.7840576171875
1790793330.9558942,1,0,462.2394714355469,1608.790771484375,725.4363403320312,496.7840576171875
1790793330.9672902,1,0,462.2394714355469,1608.790771484375,725.4363403320312,496.7840576171875
1790793330.978379,1,0,462.2394714355469,1608.790771484375,725.4363403320312,496.7840576171875
1790793330.989509,1,0,291.1615295410156,1654.8502197265625,889.9343872070312,444.1446838378906
1790793331.0010011,1,0,205.62254333496094,1049.4974365234375,1011.6629028320312,338.8659362792969
1790793331.013012,1,0,287.8715515136719,1444.292724609375,1505.156982421875,417.82501220703125
1790793331.02395,1,0,347.0908508300781,1023.1777954101562,1630.175537109375,549.4234619140625
1790793331.03501,1,0,347.0908508300781,1023.1777954101562,1630.175537109375,549.4234619140625
1790793331.0465016,1,0,347.0908508300781,1023.1777954101562,1630.175537109375,549.4234619140625
1790793331.0576017,1,0,347.0908508300781,1023.1777954101562,1630.175537109375,549.4234619140625
1790793331.068658,1,0,347.0908508300781,1023.1777954101562,1630.175537109375,549.4234619140625
1790793331.0807724,1,0,347.0908508300781,1023.1777954101562,1630.175537109375,549.4234619140625
1790793331.0920837,1,0,347.0908508300781,1023.1777954101562,1630.175537109375,549.4234619140625
1790793331.1035242,1,0,462.2394714355469,865.2596435546875,1623.5955810546875,838.9400024414062
1790793331.1148708,1,0,518.1688232421875,496.7840576171875,1618.66064453125,759.9808959960938
1790793331.1261892,1,0,626.7374877929688,444.1446838378906,1620.3056640625,891.579345703125
1790793331.1375375,1,0,705.6965942382812,444.1446838378906,1621.9505615234375,996.8580932617188
1790793331.1490784,1,0,732.0162353515625,575.7431030273438,1620.3056640625,970.5383911132812
1790793331.1603212,1,0,732.0162353515625,575.7431030273438,1620.3056640625,970.5383911132812
1790793331.171663,1,0,732.0162353515625,575.7431030273438,1620.3056640625,970.5383911132812
1790793331.1827855,1,0,732.0162353515625,575.7431030273438,1620.3056640625,970.5383911132812
1790793331.1937518,1,0,732.0162353515625,575.7431030273438,1620.3056640625,970.5383911132812
1790793331.2051625,1,0,817.5552368164062,1365.333740234375,1620.3056640625,1233.7352294921875
1790793331.2167058,1,0,978.7633056640625,812.6203002929688,1620.3056640625,1207.41552734375
1790793331.2276232,1,0,901.44921875,233.5872039794922,1597.27587890625,1233.7352294921875
1790793331.2388885,1,0,1085.68701171875,23.02972412109375,676.0869140625,1523.2518310546875
1790793331.250321,1,0,1269.9248046875,49.34941101074219,228.6522674560547,1417.9730224609375
1790793331.2611558,1,0,1269.9248046875,49.34941101074219,228.6522674560547,1417.9730224609375
1790793331.2725348,1,0,1269.9248046875,49.34941101074219,228.6522674560547,1417.9730224609375
1790793331.2842803,1,0,1269.9248046875,49.34941101074219,228.6522674560547,1417.9730224609375
1790793331.2954211,1,0,1269.9248046875,49.34941101074219,228.6522674560547,1417.9730224609375
1790793331.3066554,1,0,1246.8951416015625,131.5984344482422,274.71173095703125,1417.9730224609375
1790793331.3180544,1,0,1256.7650146484375,342.1559143066406,241.81210327148438,1391.6533203125
1790793331.3290398,1,0,1186.0308837890625,189.17274475097656,26.319684982299805,1037.9825439453125
1790793331.3405287,1,0,1151.4862060546875,123.37352752685547,27.96466636657715,906.3841552734375
1790793331.3512874,1,0,1151.4862060546875,123.37352752685547,27.96466636657715,906.3841552734375
1790793331.362147,1,0,1151.4862060546875,123.37352752685547,27.96466636657715,906.3841552734375
1790793331.3733065,1,0,1151.4862060546875,123.37352752685547,27.96466636657715,906.3841552734375
1790793331.3842022,1,0,1151.4862060546875,123.37352752685547,27.96466636657715,906.3841552734375
1790793331.3955865,1,0,1151.4862060546875,123.37352752685547,27.96466636657715,906.3841552734375
1790793331.4072108,1,0,1136.681396484375,1610.435791015625,27.96466636657715,959.0235595703125
1790793331.4185307,1,0,1062.6573486328125,1584.1160888671875,27.96466636657715,853.7448120117188
1790793331.430101,1,0,1067.59228515625,1584.1160888671875,27.96466636657715,1011.6629028320312
1790793331.4412787,1,0,1054.432373046875,1575.89111328125,27.96466636657715,880.064453125
1790793331.4521945,1,0,1054.432373046875,1575.89111328125,27.96466636657715,880.064453125
1790793331.4631202,1,0,1054.432373046875,1575.89111328125,27.96466636657715,880.064453125
1790793331.4744256,1,0,1054.432373046875,1575.89111328125,27.96466636657715,880.064453125
1790793331.485604,1,0,1054.432373046875,1575.89111328125,27.96466636657715,880.064453125
1790793331.4971972,1,0,1054.432373046875,1575.89111328125,27.96466636657715,880.064453125
1790793331.5083597,1,0,952.443603515625,1575.89111328125,144.75827026367188,880.064453125
1790793331.5194438,1,0,903.09423828125,1566.021240234375,217.1374053955078,748.466064453125
1790793331.531016,1,0,886.6444091796875,1519.9617919921875,276.356689453125,695.82666015625
1790793331.5424054,1,0,886.6444091796875,1519.9617919921875,276.356689453125,695.82666015625
1790793331.5531373,1,0,886.6444091796875,1519.9617919921875,276.356689453125,695.82666015625
1790793331.564321,1,0,886.6444091796875,1519.9617919921875,276.356689453125,695.82666015625
1790793331.5757067,1,0,886.6444091796875,1519.9617919921875,276.356689453125,695.82666015625
1790793331.5867066,1,0,870.194580078125,1490.3521728515625,287.8715515136719,774.7857666015625
1790793331.5977857,1,0,942.57373046875,1546.281494140625,319.1261901855469,880.064453125
1790793331.6091495,1,0,906.3841552734375,1526.541748046875,381.63543701171875,801.1054077148438
1790793331.6205149,1,0,881.70947265625,1457.45263671875,406.3101501464844,774.7857666015625
1790793331.6314983,1,0,870.194580078125,1536.41162109375,486.9141845703125,853.7448120117188
1790793331.6427348,1,0,878.4194946289062,1496.93212890625,475.3993225097656,801.1054077148438
1790793331.6542583,1,0,860.32470703125,1510.0919189453125,498.4290466308594,722.1463623046875
1790793331.6653671,1,0,860.32470703125,1510.0919189453125,498.4290466308594,722.1463623046875
1790793331.6765754,1,0,860.32470703125,1510.0919189453125,498.4290466308594,722.1463623046875
1790793331.6884987,1,0,860.32470703125,1510.0919189453125,498.4290466308594,722.1463623046875
1790793331.7002966,1,0,860.32470703125,1510.0919189453125,498.4290466308594,722.1463623046875
1790793331.711105,1,0,842.2299194335938,1417.9730224609375,524.7487182617188,748.466064453125
1790793331.722574,1,0,861.9697265625,1286.3746337890625,544.4884643554688,722.1463623046875
1790793331.733725,1,0,878.4194946289062,1246.8951416015625,583.968017578125,748.466064453125
1790793331.7449746,1,0,852.0997924804688,1286.3746337890625,611.9326782226562,748.466064453125
1790793331.7558746,1,0,866.9046630859375,1102.1368408203125,603.707763671875,722.1463623046875
1790793331.7672098,1,0,866.9046630859375,1102.1368408203125,603.707763671875,722.1463623046875
1790793331.7778814,1,0,866.9046630859375,1102.1368408203125,603.707763671875,722.1463623046875
1790793331.788777,1,0,866.9046630859375,1102.1368408203125,603.707763671875,722.1463623046875
1790793331.7994576,1,0,866.9046630859375,1102.1368408203125,603.707763671875,722.1463623046875
1790793331.8107479,1,0,866.9046630859375,1102.1368408203125,603.707763671875,722.1463623046875
1790793331.8219342,0,0,878.4194946289062,1220.575439453125,671.1519775390625,801.1054077148438
1790793331.8331492,0,0,852.0997924804688,1167.93603515625,681.0218505859375,801.1054077148438
1790793331.8444104,0,0,838.9400024414062,1299.534423828125,687.601806640625,853.7448120117188
1790793331.8553128,0,0,845.5198974609375,1299.534423828125,713.9214477539062,748.466064453125
1790793331.8665297,0,0,845.5198974609375,1299.534423828125,713.9214477539062,748.466064453125
1790793331.8774967,0,0,845.5198974609375,1299.534423828125,713.9214477539062,748.466064453125
1790793331.888577,0,0,845.5198974609375,1299.534423828125,713.9214477539062,748.466064453125
1790793331.8997388,0,0,845.5198974609375,1299.534423828125,713.9214477539062,748.466064453125
1790793331.9106383,0,0,845.5198974609375,1115.296630859375,694.1817016601562,827.4251098632812
1790793331.9213123,0,0,891.579345703125,1167.93603515625,649.7672119140625,774.7857666015625
1790793331.932576,0,0,850.454833984375,1273.21484375,720.5014038085938,853.7448120117188
1790793331.94363,0,0,921.18896484375,1457.45263671875,779.720703125,853.7448120117188
1790793331.9547095,0,0,801.1054077148438,1311.04931640625,727.081298828125,717.21142578125
1790793331.9658751,0,0,870.194580078125,1311.04931640625,736.951171875,769.850830078125
1790793331.9770856,0,0,870.194580078125,1311.04931640625,736.951171875,769.850830078125
1790793331.9877477,0,0,870.194580078125,1311.04931640625,736.951171875,769.850830078125
1790793331.999118,0,0,870.194580078125,1311.04931640625,736.951171875,769.850830078125
1790793332.0106776,0,0,870.194580078125,1311.04931640625,736.951171875,769.850830078125
1790793332.021917,0,0,904.7391967773438,1390.0084228515625,728.726318359375,980.4082641601562
1790793332.0331743,0,0,893.2243041992188,1416.328125,797.8154907226562,1059.3673095703125
1790793332.0444863,0,0,837.2949829101562,1363.688720703125,748.466064453125,901.44921875
1790793332.0556755,0,0,837.2949829101562,1363.688720703125,748.466064453125,901.44921875
1790793332.0671048,0,0,837.2949829101562,1363.688720703125,748.466064453125,901.44921875
1790793332.0785973,0,0,837.2949829101562,1363.688720703125,748.466064453125,901.44921875
1790793332.089404,0,0,837.2949829101562,1363.688720703125,748.466064453125,901.44921875
1790793332.1006558,0,0,820.84521484375,1363.688720703125,728.726318359375,980.4082641601562
1790793332.1118124,0,0,837.2949829101562,1126.8115234375,740.2411499023438,1085.68701171875
1790793332.1232378,0,0,881.70947265625,1337.3690185546875,766.5608520507812,1059.3673095703125
1790793332.1343637,0,0,853.7448120117188,1337.3690185546875,746.8211059570312,1085.68701171875
1790793332.1455941,0,0,884.9994506835938,1311.04931640625,778.07568359375,1243.6051025390625
1790793332.1567707,0,0,880.064453125,1126.8115234375,710.6315307617188,1059.3673095703125
1790793332.16787,0,0,880.064453125,1126.8115234375,710.6315307617188,1059.3673095703125
1790793332.1791048,0,0,880.064453125,1126.8115234375,710.6315307617188,1059.3673095703125
1790793332.190261,0,0,880.064453125,1126.8115234375,710.6315307617188,1059.3673095703125
1790793332.2012587,0,0,880.064453125,1126.8115234375,710.6315307617188,1059.3673095703125
1790793332.2122679,0,0,880.064453125,1126.8115234375,710.6315307617188,1059.3673095703125
1790793332.2240825,0,0,845.5198974609375,1258.409912109375,776.4307250976562,1164.6461181640625
1790793332.2351818,0,0,870.194580078125,1284.7296142578125,789.590576171875,1138.326416015625
1790793332.2462735,0,0,875.1295166015625,1232.09033203125,801.1054077148438,1190.9658203125
1790793332.2574747,0,0,875.1295166015625,1232.09033203125,801.1054077148438,1190.9658203125
1790793332.2682564,0,0,875.1295166015625,1232.09033203125,801.1054077148438,1190.9658203125
1790793332.2792077,0,0,875.1295166015625,1232.09033203125,801.1054077148438,1190.9658203125
1790793332.2904875,0,0,875.1295166015625,1232.09033203125,801.1054077148438,1190.9658203125
1790793332.3020177,0,0,875.1295166015625,1232.09033203125,801.1054077148438,1190.9658203125
1790793332.3133156,0,0,809.330322265625,1363.688720703125,789.590576171875,1164.6461181640625
1790793332.3246367,0,0,853.7448120117188,1205.7706298828125,773.1407470703125,1322.564208984375
1790793332.3361118,0,0,866.9046630859375,1311.04931640625,733.6612548828125,1401.523193359375
1790793332.3474872,0,0,888.2893676757812,1343.948974609375,781.3656616210938,1217.285400390625
1790793332.3587842,0,0,825.7801513671875,1139.971435546875,763.2708740234375,1138.326416015625
1790793332.3705614,0,0,825.7801513671875,1139.971435546875,763.2708740234375,1138.326416015625
1790793332.3813899,0,0,825.7801513671875,1139.971435546875,763.2708740234375,1138.326416015625
1790793332.3924646,0,0,825.7801513671875,1139.971435546875,763.2708740234375,1138.326416015625
1790793332.4033747,0,0,825.7801513671875,1139.971435546875,763.2708740234375,1138.326416015625
1790793332.4141488,0,0,825.7801513671875,1139.971435546875,763.2708740234375,1138.326416015625
1790793332.4261608,0,0,904.7391967773438,1383.428466796875,796.1704711914062,1243.6051025390625
1790793332.4378276,0,0,891.579345703125,1093.9119873046875,763.2708740234375,1243.6051025390625
1790793332.449134,0,0,838.9400024414062,1251.830078125,778.07568359375,1217.285400390625
1790793332.460224,0,0,878.4194946289062,1251.830078125,781.3656616210938,1401.523193359375
1790793332.481588,0,0,878.4194946289062,1251.830078125,781.3656616210938,1401.523193359375
1790793332.5023377,0,0,896.5142822265625,1383.428466796875,771.4957885742188,1296.2445068359375
1790793332.5200543,0,0,868.5496215820312,1357.1087646484375,809.330322265625,1217.285400390625
1790793332.5313125,0,0,868.5496215820312,1357.1087646484375,809.330322265625,1217.285400390625
1790793332.5426183,0,0,868.5496215820312,1357.1087646484375,809.330322265625,1217.285400390625
1790793332.5608766,0,0,868.5496215820312,1357.1087646484375,809.330322265625,1217.285400390625
1790793332.573846,0,0,868.5496215820312,1357.1087646484375,809.330322265625,1217.285400390625
1790793332.5870087,0,0,868.5496215820312,1357.1087646484375,809.330322265625,1217.285400390625
1790793332.5984998,0,0,868.5496215820312,1357.1087646484375,809.330322265625,1217.285400390625
1790793332.6100733,0,0,868.5496215820312,1357.1087646484375,809.330322265625,1217.285400390625
1790793332.6230073,0,0,870.194580078125,1383.428466796875,776.4307250976562,1296.2445068359375
1790793332.6351297,0,0,889.9343872070312,865.2596435546875,820.84521484375,807.6853637695312
1790793332.646051,0,0,837.2949829101562,1154.7762451171875,799.46044921875,834.0050048828125
1790793332.6574492,0,0,837.2949829101562,1154.7762451171875,799.46044921875,834.0050048828125
1790793332.6695557,0,0,870.194580078125,1260.054931640625,807.6853637695312,1070.8822021484375
1790793332.6815813,0,0,840.5849609375,1154.7762451171875,789.590576171875,886.6444091796875
1790793332.6928842,0,0,847.1648559570312,1339.0140380859375,850.454833984375,1044.5625
1790793332.7040188,0,0,866.9046630859375,1023.1777954101562,781.3656616210938,886.6444091796875
1790793332.7151139,0,0,866.9046630859375,1023.1777954101562,781.3656616210938,886.6444091796875
1790793332.7261024,0,0,866.9046630859375,1023.1777954101562,781.3656616210938,886.6444091796875
1790793332.7370367,0,0,866.9046630859375,1023.1777954101562,781.3656616210938,886.6444091796875
1790793332.7482357,0,0,866.9046630859375,1023.1777954101562,781.3656616210938,886.6444091796875
1790793332.7590442,0,0,827.4251098632812,1154.7762451171875,783.0106201171875,1044.5625
1790793332.770226,0,0,860.32470703125,1154.7762451171875,786.3005981445312,1018.2428588867188
1790793332.7810347,0,0,860.32470703125,1154.7762451171875,786.3005981445312,1018.2428588867188
1790793332.7920191,0,0,852.0997924804688,1312.6943359375,829.070068359375,991.9231567382812
1790793332.8031368,0,0,792.8805541992188,917.8990478515625,804.3953857421875,676.0869140625
1790793332.8146734,0,0,792.8805541992188,917.8990478515625,804.3953857421875,676.0869140625
1790793332.8260548,0,0,792.8805541992188,917.8990478515625,804.3953857421875,676.0869140625
1790793332.837473,0,0,792.8805541992188,917.8990478515625,804.3953857421875,676.0869140625
1790793332.848383,0,0,792.8805541992188,917.8990478515625,804.3953857421875,676.0869140625
1790793332.859399,0,0,792.8805541992188,917.8990478515625,804.3953857421875,676.0869140625
1790793332.8702617,0,0,792.8805541992188,1023.1777954101562,778.07568359375,807.6853637695312
1790793332.8812637,0,0,819.2001953125,996.8580932617188,799.46044921875,781.3656616210938
1790793332.891941,0,0,827.4251098632812,1023.1777954101562,797.8154907226562,649.7672119140625
1790793332.9036443,0,0,847.1648559570312,1049.4974365234375,779.720703125,781.3656616210938
1790793332.9146962,0,0,806.0403442382812,950.7986450195312,792.8805541992188,623.4475708007812
1790793332.9257464,0,0,806.0403442382812,950.7986450195312,792.8805541992188,623.4475708007812
1790793332.9371843,0,0,806.0403442382812,950.7986450195312,792.8805541992188,623.4475708007812
1790793332.9480922,0,0,806.0403442382812,950.7986450195312,792.8805541992188,623.4475708007812
1790793332.9593608,0,0,806.0403442382812,950.7986450195312,792.8805541992188,623.4475708007812
1790793332.9704688,0,0,806.0403442382812,950.7986450195312,792.8805541992188,623.4475708007812
1790793332.9813137,0,0,857.0347290039062,1010.0179443359375,817.5552368164062,781.3656616210938
1790793332.9923828,0,0,853.7448120117188,1023.1777954101562,792.8805541992188,781.3656616210938
1790793333.003629,0,0,824.1351318359375,891.579345703125,814.2652587890625,755.0459594726562
1790793333.0149004,0,0,858.6797485351562,1049.4974365234375,852.0997924804688,676.0869140625
1790793333.026635,0,0,817.5552368164062,1023.1777954101562,825.7801513671875,623.4475708007812
1790793333.0380192,0,0,817.5552368164062,1023.1777954101562,825.7801513671875,623.4475708007812
1790793333.0492887,0,0,817.5552368164062,1023.1777954101562,825.7801513671875,623.4475708007812
1790793333.0601418,0,0,817.5552368164062,1023.1777954101562,825.7801513671875,623.4475708007812
1790793333.071645,0,0,817.5552368164062,1023.1777954101562,825.7801513671875,623.4475708007812
1790793333.0827336,0,0,817.5552368164062,1023.1777954101562,825.7801513671875,623.4475708007812
1790793333.094108,0,0,804.3953857421875,970.5383911132812,792.8805541992188,702.4066162109375
1790793333.1053967,0,0,857.0347290039062,865.2596435546875,786.3005981445312,912.964111328125
1790793333.1168077,0,0,804.3953857421875,891.579345703125,771.4957885742188,728.726318359375
1790793333.128152,0,0,830.715087890625,917.8990478515625,810.9752807617188,912.964111328125
1790793333.1398134,0,0,830.715087890625,917.8990478515625,810.9752807617188,912.964111328125
1790793333.1510828,0,0,830.715087890625,917.8990478515625,810.9752807617188,912.964111328125
1790793333.1621094,0,0,847.1648559570312,707.341552734375,797.8154907226562,912.964111328125
1790793333.17341,0,0,801.1054077148438,759.9808959960938,796.1704711914062,676.0869140625
1790793333.1844158,0,0,904.7391967773438,445.7896728515625,797.8154907226562,881.70947265625
1790793333.1954699,0,0,904.7391967773438,445.7896728515625,797.8154907226562,881.70947265625
1790793333.206642,0,0,884.9994506835938,603.707763671875,830.715087890625,723.7913208007812
1790793333.2179084,0,0,863.6146850585938,735.3062133789062,827.4251098632812,750.1110229492188
1790793333.2292683,0,0,868.5496215820312,735.3062133789062,827.4251098632812,592.1929321289062
1790793333.240514,0,0,861.9697265625,735.3062133789062,829.070068359375,513.23388671875
1790793333.251304,0,0,838.9400024414062,735.3062133789062,829.070068359375,460.594482421875
1790793333.2628834,1,0,838.9400024414062,735.3062133789062,829.070068359375,460.594482421875
1790793333.2743313,1,0,838.9400024414062,735.3062133789062,829.070068359375,460.594482421875
1790793333.2854488,1,0,838.9400024414062,735.3062133789062,829.070068359375,460.594482421875
1790793333.296823,1,0,838.9400024414062,735.3062133789062,829.070068359375,460.594482421875
1790793333.3081748,1,0,838.9400024414062,735.3062133789062,829.070068359375,460.594482421875
1790793333.319434,1,0,838.9400024414062,735.3062133789062,829.070068359375,460.594482421875
1790793333.3306944,1,0,850.454833984375,866.9046630859375,858.6797485351562,618.5126342773438
1790793333.3418124,1,0,809.330322265625,787.945556640625,835.6500244140625,434.2748107910156
1790793333.3534343,1,0,797.8154907226562,682.6668701171875,804.3953857421875,302.6763916015625
1790793333.3647864,1,0,797.8154907226562,682.6668701171875,804.3953857421875,302.6763916015625
1790793333.3764143,1,0,797.8154907226562,682.6668701171875,804.3953857421875,302.6763916015625
1790793333.3873258,1,0,797.8154907226562,682.6668701171875,804.3953857421875,302.6763916015625
1790793333.3984175,1,0,797.8154907226562,682.6668701171875,804.3953857421875,302.6763916015625
1790793333.4092388,1,0,810.9752807617188,761.6259155273438,825.7801513671875,486.9141845703125
1790793333.4204466,1,0,860.32470703125,866.9046630859375,848.8098754882812,486.9141845703125
1790793333.4320455,1,0,799.46044921875,603.707763671875,817.5552368164062,407.95513916015625
1790793333.4435172,1,0,870.194580078125,787.945556640625,855.3897705078125,565.8732299804688
1790793333.454347,1,0,866.9046630859375,708.9865112304688,848.8098754882812,513.23388671875
1790793333.465573,1,0,838.9400024414062,630.0274658203125,835.6500244140625,434.2748107910156
1790793333.47748,1,0,838.9400024414062,630.0274658203125,835.6500244140625,434.2748107910156
1790793333.4889414,1,0,838.9400024414062,630.0274658203125,835.6500244140625,434.2748107910156
1790793333.5002508,1,0,838.9400024414062,630.0274658203125,835.6500244140625,434.2748107910156
1790793333.5111656,1,0,838.9400024414062,630.0274658203125,835.6500244140625,434.2748107910156
1790793333.5217583,1,0,838.9400024414062,630.0274658203125,835.6500244140625,434.2748107910156
1790793333.5328476,1,0,852.0997924804688,787.945556640625,842.2299194335938,539.5535278320312
1790793333.5440168,1,0,850.454833984375,630.0274658203125,840.5849609375,460.594482421875
1790793333.5551178,1,0,866.9046630859375,577.3881225585938,817.5552368164062,460.594482421875
1790793333.5662458,1,0,876.7745361328125,735.3062133789062,857.0347290039062,565.8732299804688
1790793333.5776525,1,0,889.9343872070312,498.4290466308594,827.4251098632812,592.1929321289062
1790793333.5889564,1,0,860.32470703125,630.0274658203125,853.7448120117188,618.5126342773438
1790793333.6001024,1,0,840.5849609375,682.6668701171875,830.715087890625,434.2748107910156
1790793333.611444,1,0,840.5849609375,682.6668701171875,830.715087890625,434.2748107910156
1790793333.6223938,1,0,840.5849609375,682.6668701171875,830.715087890625,434.2748107910156
1790793333.6336658,1,0,840.5849609375,682.6668701171875,830.715087890625,434.2748107910156
1790793333.64512,1,0,840.5849609375,682.6668701171875,830.715087890625,434.2748107910156
1790793333.6559918,1,0,876.7745361328125,682.6668701171875,863.6146850585938,592.1929321289062
1790793333.6675713,1,0,893.2243041992188,630.0274658203125,873.4845581054688,539.5535278320312
1790793333.6783001,1,0,820.84521484375,564.228271484375,840.5849609375,486.9141845703125
1790793333.6894646,1,0,834.0050048828125,603.707763671875,868.5496215820312,539.5535278320312
1790793333.7004437,1,0,834.0050048828125,603.707763671875,868.5496215820312,539.5535278320312
1790793333.711401,1,0,834.0050048828125,603.707763671875,868.5496215820312,539.5535278320312
1790793333.722951,1,0,834.0050048828125,603.707763671875,868.5496215820312,539.5535278320312
1790793333.7343867,1,0,834.0050048828125,603.707763671875,868.5496215820312,539.5535278320312
1790793333.7454867,1,0,834.0050048828125,603.707763671875,868.5496215820312,539.5535278320312
1790793333.757185,1,0,876.7745361328125,630.0274658203125,845.5198974609375,565.8732299804688
1790793333.7688913,1,0,853.7448120117188,725.4363403320312,815.9102783203125,763.2708740234375
1790793333.7802763,1,0,853.7448120117188,646.477294921875,791.2355346679688,842.2299194335938
1790793333.791611,1,0,840.5849609375,778.07568359375,817.5552368164062,947.5086669921875
1790793333.8038,1,0,848.8098754882812,725.4363403320312,807.6853637695312,815.9102783203125
1790793333.8150647,1,0,848.8098754882812,725.4363403320312,807.6853637695312,815.9102783203125
1790793333.826086,1,0,848.8098754882812,725.4363403320312,807.6853637695312,815.9102783203125
1790793333.837351,1,0,848.8098754882812,725.4363403320312,807.6853637695312,815.9102783203125
1790793333.8482811,1,0,848.8098754882812,725.4363403320312,807.6853637695312,815.9102783203125
1790793333.8599384,1,0,894.8693237304688,857.0347290039062,829.070068359375,947.5086669921875
1790793333.8712587,1,0,845.5198974609375,804.3953857421875,815.9102783203125,842.2299194335938
1790793333.8826916,1,0,829.070068359375,725.4363403320312,820.84521484375,815.9102783203125
1790793333.8946657,1,0,829.070068359375,725.4363403320312,820.84521484375,815.9102783203125
1790793333.9060526,1,0,829.070068359375,725.4363403320312,820.84521484375,815.9102783203125
1790793333.9168465,1,0,829.070068359375,725.4363403320312,820.84521484375,815.9102783203125
1790793333.9275997,1,0,829.070068359375,725.4363403320312,820.84521484375,815.9102783203125
1790793333.9386134,1,0,829.070068359375,725.4363403320312,820.84521484375,815.9102783203125
1790793333.9495556,1,0,848.8098754882812,857.0347290039062,822.4901733398438,947.5086669921875
1790793333.9605424,1,0,822.4901733398438,725.4363403320312,787.945556640625,763.2708740234375
1790793333.9716656,1,0,868.5496215820312,830.715087890625,843.8749389648438,815.9102783203125
1790793333.9823606,1,0,861.9697265625,804.3953857421875,812.6203002929688,973.828369140625
1790793333.9932666,1,0,888.2893676757812,751.7560424804688,779.720703125,842.2299194335938
1790793334.0046463,1,0,888.2893676757812,751.7560424804688,779.720703125,842.2299194335938
1790793334.0159876,1,0,888.2893676757812,751.7560424804688,779.720703125,842.2299194335938
1790793334.0269947,1,0,888.2893676757812,751.7560424804688,779.720703125,842.2299194335938
1790793334.0379884,1,0,888.2893676757812,751.7560424804688,779.720703125,842.2299194335938
1790793334.0487032,1,0,888.2893676757812,751.7560424804688,779.720703125,842.2299194335938
1790793334.0602283,1,0,822.4901733398438,830.715087890625,832.3600463867188,947.5086669921875
1790793334.0715227,1,0,876.7745361328125,830.715087890625,852.0997924804688,973.828369140625
1790793334.0827277,1,0,873.4845581054688,883.3544311523438,852.0997924804688,973.828369140625
1790793334.093908,1,0,884.9994506835938,857.0347290039062,835.6500244140625,947.5086669921875
1790793334.1052673,1,0,829.070068359375,883.3544311523438,827.4251098632812,1079.1070556640625
1790793334.1159344,1,0,835.6500244140625,909.6741333007812,827.4251098632812,1105.4267578125
1790793334.1270947,1,0,868.5496215820312,962.3134765625,852.0997924804688,1105.4267578125
1790793334.1382756,1,0,884.9994506835938,909.6741333007812,843.8749389648438,1105.4267578125
1790793334.1496704,1,0,871.839599609375,909.6741333007812,829.070068359375,973.828369140625
1790793334.1611133,1,0,852.0997924804688,1014.952880859375,830.715087890625,1079.1070556640625
1790793334.1723049,1,0,834.0050048828125,909.6741333007812,814.2652587890625,894.8693237304688
1790793334.183678,1,0,834.0050048828125,909.6741333007812,814.2652587890625,894.8693237304688
1790793334.1956847,1,0,834.0050048828125,909.6741333007812,814.2652587890625,894.8693237304688
1790793334.2066927,1,0,834.0050048828125,909.6741333007812,814.2652587890625,894.8693237304688
1790793334.2179809,1,0,834.0050048828125,909.6741333007812,814.2652587890625,894.8693237304688
1790793334.2293243,1,0,809.330322265625,962.3134765625,804.3953857421875,947.5086669921875
1790793334.2404444,1,0,842.2299194335938,935.9938354492188,819.2001953125,1026.4677734375
1790793334.251742,1,0,855.3897705078125,1067.59228515625,855.3897705078125,1026.4677734375
1790793334.263146,1,0,894.8693237304688,962.3134765625,866.9046630859375,947.5086669921875
1790793334.2746022,1,0,618.5126342773438,988.6331787109375,899.8042602539062,579.0330810546875
1790793334.2861135,1,0,434.2748107910156,1436.06787109375,1006.7279663085938,368.4755859375
1790793334.2972684,1,0,434.2748107910156,1436.06787109375,1006.7279663085938,368.4755859375
1790793334.309189,1,0,434.2748107910156,1436.06787109375,1006.7279663085938,368.4755859375
1790793334.3204272,1,0,434.2748107910156,1436.06787109375,1006.7279663085938,368.4755859375
1790793334.3313909,1,0,434.2748107910156,1436.06787109375,1006.7279663085938,368.4755859375
1790793334.3426044,1,0,371.76556396484375,1033.047607421875,1090.6219482421875,419.4700012207031
1790793334.3542132,1,0,378.3454895019531,296.0964660644531,1163.0010986328125,498.4290466308594
1790793334.3652823,1,0,404.6651611328125,1112.0067138671875,1314.3392333984375,445.7896728515625
1790793334.3765762,1,0,486.9141845703125,52.63936996459961,1459.0975341796875,551.0684204101562
1790793334.3876321,1,0,486.9141845703125,52.63936996459961,1459.0975341796875,551.0684204101562
1790793334.3986166,1,0,486.9141845703125,52.63936996459961,1459.0975341796875,551.0684204101562
1790793334.4098516,1,0,486.9141845703125,52.63936996459961,1459.0975341796875,551.0684204101562
1790793334.4215508,1,0,486.9141845703125,52.63936996459961,1459.0975341796875,551.0684204101562
1790793334.4329333,1,0,486.9141845703125,52.63936996459961,1459.0975341796875,551.0684204101562
1790793334.4445868,1,0,467.1744079589844,473.75433349609375,1528.186767578125,603.707763671875
1790793334.4555357,1,0,625.092529296875,763.2708740234375,1495.287109375,761.6259155273438
1790793334.4664636,1,0,845.5198974609375,1158.066162109375,1350.52880859375,945.8637084960938
1790793334.4775035,1,0,845.5198974609375,1158.066162109375,1350.52880859375,945.8637084960938
1790793334.4886122,1,0,891.579345703125,394.7952880859375,1245.2501220703125,1024.82275390625
1790793334.5000575,1,0,888.2893676757812,0.0,1217.285400390625,866.9046630859375
1790793334.5108535,1,0,888.2893676757812,0.0,1217.285400390625,866.9046630859375
1790793334.5218973,1,0,888.2893676757812,0.0,1217.285400390625,866.9046630859375
1790793334.5329676,1,0,888.2893676757812,0.0,1217.285400390625,866.9046630859375
1790793334.544385,1,0,888.2893676757812,0.0,1217.285400390625,866.9046630859375
1790793334.556059,1,0,1136.681396484375,973.828369140625,1039.6275634765625,1235.3802490234375
1790793334.5673661,1,0,1149.84130859375,552.71337890625,959.0235595703125,1156.421142578125
1790793334.5784667,1,0,1059.3673095703125,0.0,820.84521484375,893.2243041992188
1790793334.5896325,1,0,1059.3673095703125,0.0,820.84521484375,893.2243041992188
1790793334.6011465,1,0,1059.3673095703125,0.0,820.84521484375,893.2243041992188
1790793334.612369,1,0,1059.3673095703125,0.0,820.84521484375,893.2243041992188
1790793334.6235192,1,0,1059.3673095703125,0.0,820.84521484375,893.2243041992188
1790793334.635278,1,0,1059.3673095703125,0.0,820.84521484375,893.2243041992188
1790793334.646747,1,0,1107.07177734375,26.319684982299805,746.8211059570312,945.8637084960938
1790793334.6581483,1,0,1052.7874755859375,50.99439239501953,690.8917236328125,1024.82275390625
1790793334.6695516,1,0,1034.692626953125,57.574310302734375,312.5462646484375,840.5849609375
1790793334.680661,1,0,1034.692626953125,57.574310302734375,312.5462646484375,840.5849609375
1790793334.6922412,1,0,1034.692626953125,57.574310302734375,312.5462646484375,840.5849609375
1790793334.7031517,1,0,1034.692626953125,57.574310302734375,312.5462646484375,840.5849609375
1790793334.714396,1,0,1034.692626953125,57.574310302734375,312.5462646484375,840.5849609375
1790793334.725509,1,0,988.6331787109375,62.509254455566406,289.51654052734375,893.2243041992188
1790793334.7368193,1,0,1044.5625,69.08917236328125,342.1559143066406,972.1834106445312
1790793334.7477832,1,0,926.1239624023438,59.21929168701172,422.75994873046875,787.945556640625
1790793334.7590337,1,0,955.7335815429688,60.86427307128906,421.1149597167969,919.5440063476562
1790793334.7701788,1,0,982.0532836914062,57.574310302734375,440.854736328125,787.945556640625
1790793334.7810009,1,0,917.8990478515625,70.7341537475586,465.5294494628906,682.6668701171875
1790793334.7926056,1,0,917.8990478515625,70.7341537475586,465.5294494628906,682.6668701171875
1790793334.803815,1,0,917.8990478515625,70.7341537475586,465.5294494628906,682.6668701171875
1790793334.8146622,1,0,917.8990478515625,70.7341537475586,465.5294494628906,682.6668701171875
1790793334.8255503,1,0,917.8990478515625,70.7341537475586,465.5294494628906,682.6668701171875
1790793334.8366532,1,0,968.8934326171875,64.15423583984375,485.2691955566406,814.2652587890625
1790793334.8479931,1,0,990.2781372070312,95.40885925292969,486.9141845703125,708.9865112304688
1790793334.859249,1,0,914.6090698242188,93.76387786865234,569.1632080078125,761.6259155273438
1790793334.87055,1,0,903.09423828125,11.514862060546875,608.6427001953125,761.6259155273438
1790793334.8822455,1,0,876.7745361328125,39.47952651977539,643.1873168945312,840.5849609375
1790793334.893382,1,0,870.194580078125,32.89960861206055,648.1222534179688,893.2243041992188
1790793334.9050581,1,0,876.7745361328125,23.02972412109375,681.0218505859375,840.5849609375
1790793334.9161038,1,0,843.8749389648438,32.89960861206055,704.0515747070312,708.9865112304688
1790793334.927426,1,0,843.8749389648438,32.89960861206055,704.0515747070312,708.9865112304688
1790793334.9385705,1,0,843.8749389648438,32.89960861206055,704.0515747070312,708.9865112304688
1790793334.9493227,1,0,843.8749389648438,32.89960861206055,704.0515747070312,708.9865112304688
1790793334.9608853,1,0,843.8749389648438,32.89960861206055,704.0515747070312,708.9865112304688
1790793334.9729297,1,0,857.0347290039062,52.63936996459961,722.1463623046875,814.2652587890625
1790793334.9843643,1,0,646.477294921875,250.03701782226562,801.1054077148438,656.34716796875
1790793334.9957669,1,0,455.6595458984375,473.75433349609375,870.194580078125,445.7896728515625
1790793335.006995,1,0,429.3398742675781,1447.5826416015625,975.4733276367188,472.1093444824219
1790793335.01845,1,0,429.3398742675781,1631.820556640625,1014.952880859375,314.1912536621094
1790793335.0290647,1,0,429.3398742675781,1631.820556640625,1014.952880859375,314.1912536621094
1790793335.0401995,1,0,429.3398742675781,1631.820556640625,1014.952880859375,314.1912536621094
1790793335.051043,1,0,429.3398742675781,1631.820556640625,1014.952880859375,314.1912536621094
1790793335.0621722,1,0,429.3398742675781,1631.820556640625,1014.952880859375,314.1912536621094
1790793335.073781,1,0,429.3398742675781,1656.4952392578125,1199.190673828125,314.1912536621094
1790793335.0847592,1,0,481.979248046875,1577.5361328125,1304.4693603515625,498.4290466308594
1790793335.0962913,1,0,442.4997253417969,419.4700012207031,1519.9617919921875,261.5518798828125
1790793335.1076324,1,0,455.6595458984375,1472.2574462890625,1567.666259765625,498.4290466308594
1790793335.1189091,1,0,587.2579956054688,840.5849609375,1561.0863037109375,551.0684204101562
1790793335.129535,1,0,541.1985473632812,735.3062133789062,1562.7313232421875,472.1093444824219
1790793335.1410384,1,0,541.1985473632812,735.3062133789062,1562.7313232421875,472.1093444824219
1790793335.151996,1,0,541.1985473632812,735.3062133789062,1562.7313232421875,472.1093444824219
1790793335.1632655,1,0,541.1985473632812,735.3062133789062,1562.7313232421875,472.1093444824219
1790793335.1750784,1,0,626.7374877929688,524.7487182617188,1561.0863037109375,524.7487182617188
1790793335.1862988,1,0,768.205810546875,998.5030517578125,1561.0863037109375,708.9865112304688
1790793335.1969981,1,0,781.3656616210938,419.4700012207031,1561.0863037109375,656.34716796875
1790793335.2077818,1,0,820.84521484375,1077.462158203125,1561.0863037109375,708.9865112304688
1790793335.2188146,1,0,840.5849609375,814.2652587890625,1561.0863037109375,682.6668701171875
1790793335.2300882,1,0,840.5849609375,814.2652587890625,1561.0863037109375,682.6668701171875
1790793335.2412832,1,0,840.5849609375,814.2652587890625,1561.0863037109375,682.6668701171875
1790793335.2521129,1,0,840.5849609375,814.2652587890625,1561.0863037109375,682.6668701171875
1790793335.263231,1,0,840.5849609375,814.2652587890625,1561.0863037109375,682.6668701171875
1790793335.274189,1,0,886.6444091796875,1182.7408447265625,1561.0863037109375,893.2243041992188
1790793335.2855117,1,0,1067.59228515625,340.51092529296875,486.9141845703125,919.5440063476562
1790793335.2966459,1,0,1077.462158203125,1419.6180419921875,419.4700012207031,1103.7818603515625
1790793335.3079553,1,0,1077.462158203125,1103.7818603515625,297.741455078125,1024.82275390625
1790793335.3196387,1,0,1130.1014404296875,366.83062744140625,54.28435134887695,998.5030517578125
1790793335.3431327,1,0,1209.060546875,761.6259155273438,0.0,998.5030517578125
1790793335.3553221,1,0,1209.060546875,761.6259155273438,0.0,998.5030517578125
1790793335.3664715,1,0,1209.060546875,761.6259155273438,0.0,998.5030517578125
1790793335.3778832,1,0,1209.060546875,761.6259155273438,0.0,998.5030517578125
1790793335.3898554,1,0,1209.060546875,761.6259155273438,0.0,998.5030517578125
1790793335.402912,1,0,1182.7408447265625,235.23219299316406,65.7992172241211,972.1834106445312
1790793335.4147158,1,0,1222.2203369140625,485.2691955566406,13.159842491149902,1077.462158203125
1790793335.4267485,1,0,1202.4805908203125,261.5518798828125,16.449804306030273,893.2243041992188
1790793335.4391716,1,0,1085.68701171875,26.319684982299805,26.319684982299805,899.8042602539062
1790793335.4528575,1,0,1085.68701171875,26.319684982299805,26.319684982299805,899.8042602539062
1790793335.4640093,1,0,1085.68701171875,26.319684982299805,26.319684982299805,899.8042602539062
1790793335.4756608,1,0,1085.68701171875,26.319684982299805,26.319684982299805,899.8042602539062
1790793335.4865873,1,0,1112.0067138671875,27.96466636657715,27.96466636657715,978.7633056640625
1790793335.4978523,1,0,1069.2371826171875,52.63936996459961,27.96466636657715,926.1239624023438
1790793335.5090182,1,0,1029.7576904296875,125.01850891113281,27.96466636657715,952.443603515625
1790793335.5200243,1,0,1105.4267578125,176.0128936767578,27.96466636657715,952.443603515625
1790793335.5316439,1,0,1052.7874755859375,131.5984344482422,27.96466636657715,873.4845581054688
1790793335.5428393,1,0,1034.692626953125,0.0,27.96466636657715,820.84521484375
1790793335.5542934,1,0,1034.692626953125,0.0,27.96466636657715,820.84521484375
1790793335.5658891,1,0,1034.692626953125,0.0,27.96466636657715,820.84521484375
1790793335.5768864,1,0,1034.692626953125,0.0,27.96466636657715,820.84521484375
1790793335.5887287,1,0,1034.692626953125,0.0,27.96466636657715,820.84521484375
1790793335.599915,1,0,996.8580932617188,26.319684982299805,54.28435134887695,847.1648559570312
1790793335.6113486,1,0,922.833984375,289.51654052734375,133.243408203125,794.5255126953125
1790793335.622481,1,0,963.95849609375,769.850830078125,133.243408203125,820.84521484375
1790793335.633816,1,0,912.964111328125,1536.41162109375,190.81771850585938,926.1239624023438
1790793335.6449733,1,0,919.5440063476562,1549.571533203125,233.5872039794922,794.5255126953125
1790793335.6561606,1,0,919.5440063476562,1549.571533203125,233.5872039794922,794.5255126953125
1790793335.6673734,1,0,919.5440063476562,1549.571533203125,233.5872039794922,794.5255126953125
1790793335.6780863,1,0,919.5440063476562,1549.571533203125,233.5872039794922,794.5255126953125
1790793335.6887286,1,0,919.5440063476562,1549.571533203125,233.5872039794922,794.5255126953125
1790793335.6997726,1,0,975.4733276367188,1552.8614501953125,301.0314025878906,847.1648559570312
1790793335.710793,1,0,883.3544311523438,1554.5064697265625,396.4402770996094,820.84521484375
1790793335.7216103,1,0,926.1239624023438,1556.1513671875,409.60009765625,768.205810546875
1790793335.7323737,1,0,906.3841552734375,1554.5064697265625,531.3286743164062,768.205810546875
1790793335.7439928,1,0,870.194580078125,1554.5064697265625,496.7840576171875,662.9270629882812
1790793335.754988,1,0,870.194580078125,1554.5064697265625,496.7840576171875,662.9270629882812
1790793335.7658966,1,0,870.194580078125,1554.5064697265625,496.7840576171875,662.9270629882812
1790793335.7768974,1,0,870.194580078125,1554.5064697265625,496.7840576171875,662.9270629882812
1790793335.7879775,1,0,870.194580078125,1554.5064697265625,496.7840576171875,662.9270629882812
1790793335.7990143,1,0,922.833984375,1554.5064697265625,434.2748107910156,768.205810546875
1790793335.8098514,1,0,834.0050048828125,1554.5064697265625,585.6129760742188,794.5255126953125
1790793335.8213155,1,0,893.2243041992188,1554.5064697265625,516.5238037109375,794.5255126953125
1790793335.8322735,1,0,880.064453125,1554.5064697265625,602.0628051757812,873.4845581054688
1790793335.8432274,1,0,863.6146850585938,1554.5064697265625,523.103759765625,715.5664672851562
1790793335.854674,1,0,881.70947265625,1554.5064697265625,529.6836547851562,715.5664672851562
1790793335.865531,1,0,881.70947265625,1554.5064697265625,529.6836547851562,715.5664672851562
1790793335.8765926,1,0,881.70947265625,1554.5064697265625,529.6836547851562,715.5664672851562
1790793335.88767,1,0,881.70947265625,1554.5064697265625,529.6836547851562,715.5664672851562
1790793335.8987584,1,0,881.70947265625,1554.5064697265625,529.6836547851562,715.5664672851562
1790793335.9100068,1,0,881.70947265625,1554.5064697265625,529.6836547851562,715.5664672851562
1790793335.9218183,1,0,881.70947265625,1554.5064697265625,529.6836547851562,715.5664672851562
1790793335.93271,1,0,921.18896484375,1552.8614501953125,582.3230590820312,794.5255126953125
1790793335.9433637,0,0,868.5496215820312,1554.5064697265625,625.092529296875,689.2467651367188
1790793335.954626,0,0,868.5496215820312,1556.1513671875,682.6668701171875,662.9270629882812
1790793335.9656563,0,0,868.5496215820312,1556.1513671875,682.6668701171875,662.9270629882812
1790793335.9776745,0,0,868.5496215820312,1556.1513671875,682.6668701171875,662.9270629882812
1790793335.9883554,0,0,868.5496215820312,1556.1513671875,682.6668701171875,662.9270629882812
1790793335.999539,0,0,868.5496215820312,1556.1513671875,682.6668701171875,662.9270629882812
1790793336.0105438,0,0,868.5496215820312,1556.1513671875,682.6668701171875,662.9270629882812
1790793336.0218496,0,0,829.070068359375,1556.1513671875,610.2877197265625,768.205810546875
1790793336.033061,0,0,863.6146850585938,1554.5064697265625,659.6371459960938,768.205810546875
1790793336.0442474,0,0,889.9343872070312,1538.056640625,689.2467651367188,636.607421875
1790793336.0553064,0,0,855.3897705078125,1556.1513671875,690.8917236328125,662.9270629882812
1790793336.0661983,0,0,886.6444091796875,1649.915283203125,715.5664672851562,916.2540283203125
1790793336.0776455,0,0,848.8098754882812,1587.406005859375,697.4716796875,758.3359375
1790793336.08942,0,0,848.8098754882812,1587.406005859375,697.4716796875,758.3359375
1790793336.1003733,0,0,848.8098754882812,1587.406005859375,697.4716796875,758.3359375
1790793336.111361,0,0,848.8098754882812,1587.406005859375,697.4716796875,758.3359375
1790793336.122528,0,0,848.8098754882812,1587.406005859375,697.4716796875,758.3359375
1790793336.133536,0,0,802.7504272460938,1617.015625,694.1817016601562,810.9752807617188
1790793336.1446662,0,0,873.4845581054688,1602.2108154296875,695.82666015625,784.6556396484375
1790793336.1559289,0,0,824.1351318359375,1598.9208984375,702.4066162109375,705.6965942382812
1790793336.1668148,0,0,804.3953857421875,1493.6422119140625,669.5070190429688,732.0162353515625
1790793336.1781812,0,0,883.3544311523438,1546.281494140625,728.726318359375,863.6146850585938
1790793336.18929,0,0,857.0347290039062,1493.6422119140625,725.4363403320312,705.6965942382812
1790793336.2005775,0,0,857.0347290039062,1493.6422119140625,725.4363403320312,705.6965942382812
1790793336.211616,0,0,857.0347290039062,1493.6422119140625,725.4363403320312,705.6965942382812
1790793336.222419,0,0,857.0347290039062,1493.6422119140625,725.4363403320312,705.6965942382812
1790793336.2330964,0,0,899.8042602539062,1546.281494140625,746.8211059570312,784.6556396484375
1790793336.2443392,0,0,853.7448120117188,1467.322509765625,751.7560424804688,784.6556396484375
1790793336.2555509,0,0,909.6741333007812,1572.6011962890625,769.850830078125,889.9343872070312
1790793336.2669215,0,0,899.8042602539062,1335.7239990234375,710.6315307617188,758.3359375
1790793336.2782478,0,0,899.8042602539062,1335.7239990234375,710.6315307617188,758.3359375
1790793336.2893713,0,0,899.8042602539062,1335.7239990234375,710.6315307617188,758.3359375
1790793336.3002324,0,0,899.8042602539062,1335.7239990234375,710.6315307617188,758.3359375
1790793336.3110118,0,0,899.8042602539062,1335.7239990234375,710.6315307617188,758.3359375
1790793336.3220649,0,0,868.5496215820312,1441.0028076171875,735.3062133789062,810.9752807617188
1790793336.3330567,0,0,934.3488159179688,1388.3634033203125,730.3712768554688,889.9343872070312
1790793336.3442652,0,0,884.9994506835938,1230.4453125,755.0459594726562,995.213134765625
1790793336.3551738,0,0,881.70947265625,1072.5272216796875,741.8861083984375,863.6146850585938
1790793336.3663592,0,0,881.70947265625,1072.5272216796875,741.8861083984375,863.6146850585938
1790793336.3774562,0,0,881.70947265625,1072.5272216796875,741.8861083984375,863.6146850585938
1790793336.3891225,0,0,881.70947265625,1072.5272216796875,741.8861083984375,863.6146850585938
1790793336.4003067,0,0,881.70947265625,1072.5272216796875,741.8861083984375,863.6146850585938
1790793336.4115858,0,0,908.0291748046875,1125.16650390625,766.5608520507812,995.213134765625
1790793336.4228115,0,0,865.2596435546875,1019.8878173828125,755.0459594726562,863.6146850585938
1790793336.434731,0,0,894.8693237304688,1204.1256103515625,778.07568359375,1047.8525390625
1790793336.4458332,0,0,916.2540283203125,1019.8878173828125,753.4010009765625,1047.8525390625
1790793336.4572911,0,0,903.09423828125,1019.8878173828125,761.6259155273438,995.213134765625
1790793336.4687204,0,0,889.9343872070312,1072.5272216796875,766.5608520507812,942.57373046875
1790793336.4794412,0,0,889.9343872070312,1072.5272216796875,766.5608520507812,942.57373046875
1790793336.490417,0,0,889.9343872070312,1072.5272216796875,766.5608520507812,942.57373046875
1790793336.5017564,0,0,889.9343872070312,1072.5272216796875,766.5608520507812,942.57373046875
1790793336.5127757,0,0,889.9343872070312,1072.5272216796875,766.5608520507812,942.57373046875
1790793336.5240495,0,0,921.18896484375,888.2893676757812,750.1110229492188,1074.172119140625
1790793336.5354416,0,0,857.0347290039062,888.2893676757812,768.205810546875,942.57373046875
1790793336.5466406,0,0,903.09423828125,914.6090698242188,759.9808959960938,889.9343872070312
1790793336.5583951,0,0,935.9938354492188,822.4901733398438,764.9158325195312,1021.5327758789062
1790793336.5697038,0,0,899.8042602539062,796.1704711914062,779.720703125,942.57373046875
1790793336.5813158,0,0,820.84521484375,927.7689208984375,764.9158325195312,837.2949829101562
1790793336.592554,0,0,820.84521484375,927.7689208984375,764.9158325195312,837.2949829101562
1790793336.6044874,0,0,820.84521484375,927.7689208984375,764.9158325195312,837.2949829101562
1790793336.6159947,0,0,820.84521484375,927.7689208984375,764.9158325195312,837.2949829101562
1790793336.627168,0,0,820.84521484375,927.7689208984375,764.9158325195312,837.2949829101562
1790793336.6385612,0,0,820.84521484375,927.7689208984375,764.9158325195312,837.2949829101562
1790793336.6497607,0,0,847.1648559570312,980.4082641601562,764.9158325195312,1021.5327758789062
1790793336.6608365,0,0,912.964111328125,980.4082641601562,783.0106201171875,1074.172119140625
1790793336.6721113,0,0,860.32470703125,980.4082641601562,753.4010009765625,995.213134765625
1790793336.6839902,0,0,804.3953857421875,646.477294921875,705.6965942382812,843.8749389648438
1790793336.695378,0,0,888.2893676757812,409.60009765625,732.0162353515625,764.9158325195312
1790793336.7064068,0,0,888.2893676757812,409.60009765625,732.0162353515625,764.9158325195312
1790793336.7174127,0,0,888.2893676757812,409.60009765625,732.0162353515625,764.9158325195312
1790793336.7290344,0,0,888.2893676757812,409.60009765625,732.0162353515625,764.9158325195312
1790793336.7402527,0,0,888.2893676757812,409.60009765625,732.0162353515625,764.9158325195312
1790793336.751574,0,0,888.2893676757812,409.60009765625,732.0162353515625,764.9158325195312
1790793336.7626922,0,0,866.9046630859375,330.64105224609375,728.726318359375,896.5142822265625
1790793336.7743027,0,0,843.8749389648438,330.64105224609375,728.726318359375,738.59619140625
1790793336.7855687,0,0,863.6146850585938,278.0016784667969,708.9865112304688,870.194580078125
1790793336.796528,0,0,968.8934326171875,462.2394714355469,781.3656616210938,896.5142822265625
1790793336.8076224,0,0,886.6444091796875,330.64105224609375,741.8861083984375,791.2355346679688
1790793336.8187187,0,0,935.9938354492188,330.64105224609375,761.6259155273438,712.2764892578125
1790793336.82979,0,0,935.9938354492188,330.64105224609375,761.6259155273438,712.2764892578125
1790793336.840829,0,0,935.9938354492188,330.64105224609375,761.6259155273438,712.2764892578125
1790793336.8518546,0,0,935.9938354492188,330.64105224609375,761.6259155273438,712.2764892578125
1790793336.863093,0,0,935.9938354492188,330.64105224609375,761.6259155273438,712.2764892578125
1790793336.8742838,0,0,935.9938354492188,330.64105224609375,761.6259155273438,712.2764892578125
1790793336.8853633,0,0,935.9938354492188,330.64105224609375,761.6259155273438,712.2764892578125
1790793336.8964226,0,0,935.9938354492188,330.64105224609375,761.6259155273438,712.2764892578125
1790793336.9077208,0,0,830.715087890625,462.2394714355469,708.9865112304688,764.9158325195312
1790793336.9191432,0,0,929.4138793945312,462.2394714355469,728.726318359375,685.956787109375
1790793336.9303904,0,0,929.4138793945312,462.2394714355469,728.726318359375,685.956787109375
1790793336.9411259,0,0,929.4138793945312,330.64105224609375,834.0050048828125,738.59619140625
1790793336.952564,0,0,1034.692626953125,287.8715515136719,518.1688232421875,738.59619140625
1790793336.9641728,0,0,1034.692626953125,287.8715515136719,518.1688232421875,738.59619140625
1790793336.9758387,0,0,1034.692626953125,287.8715515136719,518.1688232421875,738.59619140625
1790793336.9877002,0,0,1034.692626953125,287.8715515136719,518.1688232421875,738.59619140625
1790793336.9990404,0,0,876.7745361328125,202.33258056640625,412.89007568359375,764.9158325195312
1790793337.0113397,0,0,857.0347290039062,228.6522674560547,350.38079833984375,817.5552368164062
1790793337.022569,0,0,797.8154907226562,228.6522674560547,452.3695983886719,606.9977416992188
1790793337.0340638,0,0,797.8154907226562,228.6522674560547,452.3695983886719,606.9977416992188
1790793337.0450263,0,0,797.8154907226562,228.6522674560547,452.3695983886719,606.9977416992188
1790793337.0560937,0,0,797.8154907226562,228.6522674560547,452.3695983886719,606.9977416992188
1790793337.0670094,0,0,797.8154907226562,228.6522674560547,452.3695983886719,606.9977416992188
1790793337.0781107,0,0,857.0347290039062,230.2972412109375,491.84912109375,738.59619140625
1790793337.0893133,0,0,889.9343872070312,228.6522674560547,659.6371459960938,817.5552368164062
1790793337.1006486,0,0,903.09423828125,230.2972412109375,630.0274658203125,712.2764892578125
1790793337.111858,0,0,797.8154907226562,230.2972412109375,713.9214477539062,817.5552368164062
1790793337.123518,0,0,863.6146850585938,353.6707763671875,773.1407470703125,870.194580078125
1790793337.1358628,0,0,771.4957885742188,406.3101501464844,773.1407470703125,738.59619140625
1790793337.1473517,0,0,837.2949829101562,406.3101501464844,773.1407470703125,764.9158325195312
1790793337.1584032,0,0,837.2949829101562,406.3101501464844,773.1407470703125,764.9158325195312
1790793337.16999,0,0,732.0162353515625,366.83062744140625,809.330322265625,738.59619140625
1790793337.180575,0,0,732.0162353515625,366.83062744140625,809.330322265625,738.59619140625
1790793337.1918366,0,0,732.0162353515625,366.83062744140625,809.330322265625,738.59619140625
1790793337.2028196,0,0,732.0162353515625,366.83062744140625,809.330322265625,738.59619140625
1790793337.2144496,0,0,732.0162353515625,366.83062744140625,809.330322265625,738.59619140625
1790793337.225951,0,0,728.726318359375,307.611328125,745.1760864257812,661.2821044921875
1790793337.2368798,0,0,834.0050048828125,429.3398742675781,736.951171875,792.8805541992188
1790793337.2478955,0,0,820.84521484375,488.5591735839844,738.59619140625,661.2821044921875
1790793337.259591,0,0,820.84521484375,488.5591735839844,738.59619140625,661.2821044921875
1790793337.2707143,0,0,820.84521484375,488.5591735839844,738.59619140625,661.2821044921875
1790793337.281556,0,0,820.84521484375,488.5591735839844,738.59619140625,661.2821044921875
1790793337.292274,0,0,820.84521484375,488.5591735839844,738.59619140625,661.2821044921875
1790793337.3032548,0,0,768.205810546875,481.979248046875,755.0459594726562,661.2821044921875
1790793337.3143191,0,0,860.32470703125,481.979248046875,751.7560424804688,819.2001953125
1790793337.325262,0,0,820.84521484375,455.6595458984375,718.8563842773438,661.2821044921875
1790793337.336584,0,0,741.8861083984375,613.5776977539062,755.0459594726562,766.5608520507812
1790793337.347725,0,0,794.5255126953125,613.5776977539062,768.205810546875,819.2001953125
1790793337.3591905,0,0,834.0050048828125,587.2579956054688,794.5255126953125,687.601806640625
1790793337.3708932,0,0,834.0050048828125,587.2579956054688,794.5255126953125,687.601806640625
1790793337.382278,0,0,834.0050048828125,587.2579956054688,794.5255126953125,687.601806640625
1790793337.3930473,0,0,834.0050048828125,587.2579956054688,794.5255126953125,687.601806640625
1790793337.404517,0,0,834.0050048828125,587.2579956054688,794.5255126953125,687.601806640625
1790793337.4153013,0,0,834.0050048828125,534.6185913085938,735.3062133789062,792.8805541992188
1790793337.4267905,0,0,764.9158325195312,452.3695983886719,774.7857666015625,661.2821044921875
1790793337.4376235,0,0,814.2652587890625,478.68927001953125,801.1054077148438,819.2001953125
1790793337.4486442,0,0,832.3600463867188,518.1688232421875,778.07568359375,740.2411499023438
1790793337.4597614,0,0,773.1407470703125,676.0869140625,751.7560424804688,661.2821044921875
1790793337.4712095,0,0,773.1407470703125,676.0869140625,751.7560424804688,661.2821044921875
1790793337.4819036,0,0,773.1407470703125,676.0869140625,751.7560424804688,661.2821044921875
1790793337.4929235,0,0,773.1407470703125,676.0869140625,751.7560424804688,661.2821044921875
1790793337.5037138,0,0,773.1407470703125,676.0869140625,751.7560424804688,661.2821044921875
1790793337.5147104,0,0,773.1407470703125,676.0869140625,751.7560424804688,661.2821044921875
1790793337.526253,0,0,773.1407470703125,676.0869140625,751.7560424804688,661.2821044921875
1790793337.5377195,0,0,796.1704711914062,597.1278686523438,797.8154907226562,766.5608520507812
1790793337.5485172,0,0,759.9808959960938,570.8081665039062,735.3062133789062,792.8805541992188
1790793337.5598485,0,0,825.7801513671875,623.4475708007812,741.8861083984375,898.1592407226562
1790793337.5713432,0,0,865.2596435546875,649.7672119140625,748.466064453125,950.7986450195312
1790793337.5825346,0,0,786.3005981445312,537.9085693359375,730.3712768554688,740.2411499023438
1790793337.5939798,0,0,786.3005981445312,537.9085693359375,730.3712768554688,740.2411499023438
1790793337.6052282,0,0,786.3005981445312,537.9085693359375,730.3712768554688,740.2411499023438
1790793337.6175494,0,0,786.3005981445312,537.9085693359375,730.3712768554688,740.2411499023438
1790793337.6283686,0,0,786.3005981445312,537.9085693359375,730.3712768554688,740.2411499023438
1790793337.639563,0,0,786.3005981445312,537.9085693359375,730.3712768554688,740.2411499023438
1790793337.650323,0,0,759.9808959960938,603.707763671875,796.1704711914062,792.8805541992188
1790793337.6614459,0,0,681.0218505859375,603.707763671875,799.46044921875,845.5198974609375
1790793337.672301,0,0,720.5014038085938,682.6668701171875,791.2355346679688,819.2001953125
1790793337.683801,0,0,746.8211059570312,537.9085693359375,746.8211059570312,1003.43798828125
1790793337.6947734,0,0,667.8619995117188,551.0684204101562,735.3062133789062,740.2411499023438
1790793337.7059572,0,0,667.8619995117188,551.0684204101562,735.3062133789062,740.2411499023438
1790793337.7173696,0,0,667.8619995117188,551.0684204101562,735.3062133789062,740.2411499023438
1790793337.728637,0,0,667.8619995117188,551.0684204101562,735.3062133789062,740.2411499023438
1790793337.7402048,0,0,667.8619995117188,551.0684204101562,735.3062133789062,740.2411499023438
1790793337.7517378,0,0,667.8619995117188,551.0684204101562,735.3062133789062,740.2411499023438
1790793337.7630324,0,0,667.8619995117188,551.0684204101562,735.3062133789062,740.2411499023438
1790793337.7771158,0,0,799.46044921875,630.0274658203125,763.2708740234375,924.4789428710938
1790793337.7890046,0,0,838.9400024414062,682.6668701171875,786.3005981445312,924.4789428710938
1790793337.801076,0,0,825.7801513671875,590.5479125976562,753.4010009765625,740.2411499023438
1790793337.8125243,0,0,825.7801513671875,590.5479125976562,753.4010009765625,740.2411499023438
1790793337.8239605,0,0,825.7801513671875,590.5479125976562,753.4010009765625,740.2411499023438
1790793337.8348858,0,0,825.7801513671875,590.5479125976562,753.4010009765625,740.2411499023438
1790793337.846734,0,0,825.7801513671875,590.5479125976562,753.4010009765625,740.2411499023438
1790793337.8591058,0,0,825.7801513671875,590.5479125976562,753.4010009765625,740.2411499023438
1790793337.8703988,0,0,825.7801513671875,577.3881225585938,791.2355346679688,898.1592407226562
1790793337.8814988,0,0,861.9697265625,815.9102783203125,847.1648559570312,903.09423828125
1790793337.8927536,0,0,842.2299194335938,763.2708740234375,845.5198974609375,903.09423828125
1790793337.9036887,0,0,855.3897705078125,657.9921264648438,771.4957885742188,771.4957885742188
1790793337.9151576,0,0,819.2001953125,579.0330810546875,748.466064453125,797.8154907226562
1790793337.9264104,0,0,822.4901733398438,815.9102783203125,820.84521484375,876.7745361328125
1790793337.9375083,0,0,845.5198974609375,710.6315307617188,814.2652587890625,903.09423828125
1790793337.9492898,0,0,868.5496215820312,526.3937377929688,791.2355346679688,771.4957885742188
1790793337.9605825,0,0,868.5496215820312,526.3937377929688,791.2355346679688,771.4957885742188
1790793337.9719627,0,0,868.5496215820312,526.3937377929688,791.2355346679688,771.4957885742188
1790793337.9829948,0,0,868.5496215820312,526.3937377929688,791.2355346679688,771.4957885742188
1790793337.9946148,0,0,868.5496215820312,526.3937377929688,791.2355346679688,771.4957885742188
1790793338.0066438,0,0,868.5496215820312,526.3937377929688,791.2355346679688,771.4957885742188
1790793338.018541,0,0,866.9046630859375,552.71337890625,774.7857666015625,903.09423828125
1790793338.029591,0,0,853.7448120117188,526.3937377929688,741.8861083984375,955.7335815429688
1790793338.040949,0,0,809.330322265625,657.9921264648438,824.1351318359375,876.7745361328125
1790793338.0524788,0,0,858.6797485351562,473.75433349609375,781.3656616210938,824.1351318359375
1790793338.063963,0,0,855.3897705078125,605.352783203125,822.4901733398438,745.1760864257812
1790793338.0749185,0,0,855.3897705078125,605.352783203125,822.4901733398438,745.1760864257812
1790793338.0860753,0,0,855.3897705078125,605.352783203125,822.4901733398438,745.1760864257812
1790793338.0970676,0,0,855.3897705078125,605.352783203125,822.4901733398438,745.1760864257812
1790793338.1078732,0,0,855.3897705078125,605.352783203125,822.4901733398438,745.1760864257812
1790793338.1193125,0,0,855.3897705078125,605.352783203125,822.4901733398438,745.1760864257812
1790793338.1306822,0,0,855.3897705078125,605.352783203125,822.4901733398438,745.1760864257812
1790793338.14213,0,0,868.5496215820312,500.07403564453125,796.1704711914062,745.1760864257812
1790793338.1543777,0,0,848.8098754882812,394.7952880859375,812.6203002929688,613.5776977539062
1790793338.165409,0,0,848.8098754882812,394.7952880859375,812.6203002929688,613.5776977539062
1790793338.1764781,0,0,848.8098754882812,394.7952880859375,812.6203002929688,613.5776977539062
1790793338.1872506,0,0,848.8098754882812,394.7952880859375,812.6203002929688,613.5776977539062
1790793338.1983879,0,0,848.8098754882812,394.7952880859375,812.6203002929688,613.5776977539062
1790793338.2094784,0,0,834.0050048828125,447.4346618652344,804.3953857421875,692.5367431640625
1790793338.2205215,0,0,919.5440063476562,552.71337890625,817.5552368164062,771.4957885742188
1790793338.2320933,0,0,853.7448120117188,394.7952880859375,792.8805541992188,613.5776977539062
1790793338.2435653,0,0,840.5849609375,394.7952880859375,796.1704711914062,613.5776977539062
1790793338.2542999,0,0,853.7448120117188,263.1968688964844,801.1054077148438,613.5776977539062
1790793338.265532,0,0,843.8749389648438,375.0555114746094,843.8749389648438,718.8563842773438
1790793338.2767653,0,0,840.5849609375,388.2153625488281,783.0106201171875,534.6185913085938
1790793338.2879076,0,0,840.5849609375,388.2153625488281,783.0106201171875,534.6185913085938
1790793338.2989514,0,0,840.5849609375,388.2153625488281,783.0106201171875,534.6185913085938
1790793338.3100882,0,0,840.5849609375,388.2153625488281,783.0106201171875,534.6185913085938
1790793338.3216317,0,0,840.5849609375,388.2153625488281,783.0106201171875,534.6185913085938
1790793338.3328373,0,0,840.5849609375,388.2153625488281,783.0106201171875,534.6185913085938
1790793338.343773,0,0,840.5849609375,388.2153625488281,783.0106201171875,534.6185913085938
1790793338.3544474,0,0,827.4251098632812,388.2153625488281,799.46044921875,587.2579956054688
1790793338.3654523,0,0,840.5849609375,434.2748107910156,843.8749389648438,587.2579956054688
1790793338.3772354,0,0,840.5849609375,434.2748107910156,843.8749389648438,587.2579956054688
1790793338.388532,0,0,840.5849609375,434.2748107910156,843.8749389648438,587.2579956054688
1790793338.3995876,0,0,840.5849609375,434.2748107910156,843.8749389648438,587.2579956054688
1790793338.4110935,0,0,840.5849609375,434.2748107910156,843.8749389648438,587.2579956054688
1790793338.4224565,0,0,830.715087890625,440.854736328125,832.3600463867188,666.217041015625
1790793338.4334211,0,0,912.964111328125,764.9158325195312,774.7857666015625,950.7986450195312
1790793338.444527,0,0,901.44921875,738.59619140625,814.2652587890625,819.2001953125
1790793338.45546,0,0,830.715087890625,791.2355346679688,837.2949829101562,792.8805541992188
1790793338.4663794,0,0,830.715087890625,685.956787109375,837.2949829101562,766.5608520507812
1790793338.4777567,0,0,847.1648559570312,778.07568359375,809.330322265625,740.2411499023438
1790793338.4886308,0,0,847.1648559570312,778.07568359375,809.330322265625,740.2411499023438
1790793338.4997349,0,0,847.1648559570312,778.07568359375,809.330322265625,740.2411499023438
1790793338.510962,0,0,847.1648559570312,778.07568359375,809.330322265625,740.2411499023438
1790793338.5223365,0,0,847.1648559570312,778.07568359375,809.330322265625,740.2411499023438
1790793338.5335274,0,0,835.6500244140625,699.1166381835938,802.7504272460938,819.2001953125
1790793338.5447838,0,0,926.1239624023438,804.3953857421875,852.0997924804688,924.4789428710938
1790793338.5561378,0,0,840.5849609375,633.3174438476562,822.4901733398438,792.8805541992188
1790793338.5675461,0,0,875.1295166015625,685.956787109375,784.6556396484375,819.2001953125
1790793338.5789506,0,0,875.1295166015625,685.956787109375,784.6556396484375,819.2001953125
1790793338.5903075,0,0,875.1295166015625,685.956787109375,784.6556396484375,819.2001953125
1790793338.6014464,0,0,875.1295166015625,685.956787109375,784.6556396484375,819.2001953125
1790793338.6124656,0,0,875.1295166015625,685.956787109375,784.6556396484375,819.2001953125
1790793338.6235845,0,0,875.1295166015625,685.956787109375,784.6556396484375,819.2001953125
1790793338.634784,0,0,845.5198974609375,541.1985473632812,822.4901733398438,819.2001953125
1790793338.6462302,0,0,888.2893676757812,699.1166381835938,814.2652587890625,977.1183471679688
1790793338.6576273,0,0,888.2893676757812,699.1166381835938,814.2652587890625,977.1183471679688
1790793338.6687994,0,0,858.6797485351562,593.837890625,797.8154907226562,950.7986450195312
1790793338.679921,0,0,878.4194946289062,656.34716796875,837.2949829101562,977.1183471679688
1790793338.6914234,0,0,868.5496215820312,639.8973388671875,812.6203002929688,819.2001953125
1790793338.7021675,0,0,868.5496215820312,639.8973388671875,812.6203002929688,819.2001953125
1790793338.714026,0,0,868.5496215820312,639.8973388671875,812.6203002929688,819.2001953125
1790793338.7252946,0,0,868.5496215820312,639.8973388671875,812.6203002929688,819.2001953125
1790793338.7367013,0,0,868.5496215820312,639.8973388671875,812.6203002929688,819.2001953125
1790793338.7479987,0,0,815.9102783203125,603.707763671875,792.8805541992188,792.8805541992188
1790793338.7592108,0,0,852.0997924804688,682.6668701171875,819.2001953125,924.4789428710938
1790793338.770397,0,0,799.46044921875,577.3881225585938,815.9102783203125,713.9214477539062
1790793338.7813118,0,0,799.46044921875,577.3881225585938,815.9102783203125,713.9214477539062
1790793338.792665,0,0,799.46044921875,577.3881225585938,815.9102783203125,713.9214477539062
1790793338.804466,0,0,799.46044921875,577.3881225585938,815.9102783203125,713.9214477539062
1790793338.8156269,0,0,799.46044921875,577.3881225585938,815.9102783203125,713.9214477539062
1790793338.827372,0,0,799.46044921875,577.3881225585938,815.9102783203125,713.9214477539062
1790793338.8387237,0,0,677.7318725585938,656.34716796875,766.5608520507812,740.2411499023438
1790793338.850069,0,0,736.951171875,551.0684204101562,819.2001953125,687.601806640625
1790793338.8606708,0,0,759.9808959960938,708.9865112304688,784.6556396484375,845.5198974609375
1790793338.8721147,0,0,792.8805541992188,577.3881225585938,797.8154907226562,871.839599609375
1790793338.8832448,0,0,855.3897705078125,630.0274658203125,829.070068359375,792.8805541992188
1790793338.8942342,0,0,855.3897705078125,630.0274658203125,829.070068359375,792.8805541992188
1790793338.905728,0,0,855.3897705078125,630.0274658203125,829.070068359375,792.8805541992188
1790793338.9168413,0,0,855.3897705078125,630.0274658203125,829.070068359375,792.8805541992188
1790793338.9279907,0,0,855.3897705078125,630.0274658203125,829.070068359375,792.8805541992188
1790793338.9386573,0,0,861.9697265625,603.707763671875,791.2355346679688,792.8805541992188
1790793338.9494698,0,0,957.3785400390625,498.4290466308594,832.3600463867188,977.1183471679688
1790793338.9604497,0,0,845.5198974609375,498.4290466308594,804.3953857421875,766.5608520507812
1790793338.9714994,0,0,886.6444091796875,577.3881225585938,802.7504272460938,845.5198974609375
1790793338.9823403,0,0,889.9343872070312,684.3118286132812,794.5255126953125,926.1239624023438
1790793338.9939072,0,0,934.3488159179688,736.951171875,838.9400024414062,873.4845581054688
1790793339.0054142,1,0,865.2596435546875,736.951171875,815.9102783203125,873.4845581054688
1790793339.0167572,1,0,909.6741333007812,631.6724243164062,794.5255126953125,794.5255126953125
1790793339.0282269,1,0,886.6444091796875,736.951171875,824.1351318359375,741.8861083984375
1790793339.0394921,1,0,886.6444091796875,736.951171875,824.1351318359375,741.8861083984375
1790793339.0502796,1,0,886.6444091796875,736.951171875,824.1351318359375,741.8861083984375
1790793339.0613291,1,0,886.6444091796875,736.951171875,824.1351318359375,741.8861083984375
1790793339.0723717,1,0,886.6444091796875,736.951171875,824.1351318359375,741.8861083984375
1790793339.0839674,1,0,886.6444091796875,736.951171875,824.1351318359375,741.8861083984375
1790793339.0954752,1,0,884.9994506835938,657.9921264648438,850.454833984375,899.8042602539062
1790793339.1063128,1,0,899.8042602539062,736.951171875,863.6146850585938,873.4845581054688
1790793339.1170704,1,0,901.44921875,736.951171875,834.0050048828125,820.84521484375
1790793339.1276703,1,0,832.3600463867188,605.352783203125,804.3953857421875,768.205810546875
1790793339.13868,1,0,850.454833984375,789.590576171875,842.2299194335938,873.4845581054688
1790793339.149613,1,0,875.1295166015625,750.1110229492188,832.3600463867188,741.8861083984375
1790793339.1608493,1,0,883.3544311523438,769.850830078125,860.32470703125,794.5255126953125
1790793339.1717298,1,0,838.9400024414062,710.6315307617188,857.0347290039062,715.5664672851562
1790793339.1826565,1,0,838.9400024414062,710.6315307617188,857.0347290039062,715.5664672851562
1790793339.194162,1,0,838.9400024414062,710.6315307617188,857.0347290039062,715.5664672851562
1790793339.2053316,1,0,838.9400024414062,710.6315307617188,857.0347290039062,715.5664672851562
1790793339.2166047,1,0,838.9400024414062,710.6315307617188,857.0347290039062,715.5664672851562
1790793339.2275758,1,0,838.9400024414062,710.6315307617188,857.0347290039062,715.5664672851562
1790793339.2391376,1,0,822.4901733398438,710.6315307617188,838.9400024414062,768.205810546875
1790793339.2502532,1,0,886.6444091796875,750.1110229492188,837.2949829101562,741.8861083984375
1790793339.2612052,1,0,886.6444091796875,750.1110229492188,837.2949829101562,741.8861083984375
1790793339.272546,1,0,817.5552368164062,815.9102783203125,842.2299194335938,636.607421875
1790793339.2838569,1,0,814.2652587890625,789.590576171875,832.3600463867188,715.5664672851562
1790793339.2951114,1,0,807.6853637695312,908.0291748046875,853.7448120117188,557.6483154296875
1790793339.3062525,1,0,807.6853637695312,908.0291748046875,853.7448120117188,557.6483154296875
1790793339.3175287,1,0,807.6853637695312,908.0291748046875,853.7448120117188,557.6483154296875
1790793339.3288577,1,0,807.6853637695312,908.0291748046875,853.7448120117188,557.6483154296875
1790793339.339837,1,0,807.6853637695312,908.0291748046875,853.7448120117188,557.6483154296875
1790793339.3504686,1,0,840.5849609375,842.2299194335938,850.454833984375,610.2877197265625
1790793339.361256,1,0,794.5255126953125,1000.1480712890625,853.7448120117188,636.607421875
1790793339.3722336,1,0,787.945556640625,789.590576171875,796.1704711914062,610.2877197265625
1790793339.3834374,1,0,810.9752807617188,921.18896484375,847.1648559570312,610.2877197265625
1790793339.3943977,1,0,810.9752807617188,921.18896484375,847.1648559570312,610.2877197265625
1790793339.4052665,1,0,810.9752807617188,921.18896484375,847.1648559570312,610.2877197265625
1790793339.4164813,1,0,810.9752807617188,921.18896484375,847.1648559570312,610.2877197265625
1790793339.4284828,1,0,810.9752807617188,921.18896484375,847.1648559570312,610.2877197265625
1790793339.440274,1,0,810.9752807617188,921.18896484375,847.1648559570312,610.2877197265625
1790793339.4519224,1,0,827.4251098632812,921.18896484375,830.715087890625,768.205810546875
1790793339.4628725,1,0,863.6146850585938,868.5496215820312,809.330322265625,715.5664672851562
1790793339.4741032,1,0,857.0347290039062,881.70947265625,858.6797485351562,662.9270629882812
1790793339.4856331,1,0,868.5496215820312,835.6500244140625,825.7801513671875,847.1648559570312
1790793339.4968493,1,0,865.2596435546875,855.3897705078125,847.1648559570312,715.5664672851562
1790793339.508247,1,0,865.2596435546875,855.3897705078125,847.1648559570312,715.5664672851562
1790793339.5194645,1,0,865.2596435546875,855.3897705078125,847.1648559570312,715.5664672851562
1790793339.5305483,1,0,865.2596435546875,855.3897705078125,847.1648559570312,715.5664672851562
1790793339.5419827,1,0,865.2596435546875,855.3897705078125,847.1648559570312,715.5664672851562
1790793339.55319,1,0,865.2596435546875,855.3897705078125,847.1648559570312,715.5664672851562
1790793339.5645576,1,0,865.2596435546875,855.3897705078125,847.1648559570312,715.5664672851562
1790793339.5752418,1,0,865.2596435546875,855.3897705078125,847.1648559570312,715.5664672851562
1790793339.5863755,1,0,865.2596435546875,855.3897705078125,847.1648559570312,715.5664672851562
1790793339.5977838,1,0,865.2596435546875,855.3897705078125,847.1648559570312,715.5664672851562
1790793339.60879,1,0,858.6797485351562,807.6853637695312,781.3656616210938,893.2243041992188
1790793339.6203144,1,0,834.0050048828125,847.1648559570312,848.8098754882812,945.8637084960938
1790793339.6313856,1,0,845.5198974609375,820.84521484375,855.3897705078125,814.2652587890625
1790793339.6424499,1,0,870.194580078125,834.0050048828125,802.7504272460938,866.9046630859375
1790793339.653832,1,0,881.70947265625,939.2837524414062,845.5198974609375,1051.1424560546875
1790793339.6650667,1,0,835.6500244140625,728.726318359375,799.46044921875,866.9046630859375
1790793339.6767545,1,0,835.6500244140625,728.726318359375,799.46044921875,866.9046630859375
1790793339.6881497,1,0,835.6500244140625,728.726318359375,799.46044921875,866.9046630859375
1790793339.6996412,1,0,835.6500244140625,728.726318359375,799.46044921875,866.9046630859375
1790793339.7109113,1,0,835.6500244140625,728.726318359375,799.46044921875,866.9046630859375
1790793339.722059,1,0,870.194580078125,834.0050048828125,814.2652587890625,1051.1424560546875
1790793339.7329519,1,0,880.064453125,860.32470703125,847.1648559570312,1024.82275390625
1790793339.7439148,1,0,886.6444091796875,781.3656616210938,809.330322265625,1077.462158203125
1790793339.7552867,1,0,866.9046630859375,834.0050048828125,809.330322265625,945.8637084960938
1790793339.7662587,1,0,863.6146850585938,768.205810546875,824.1351318359375,1024.82275390625
1790793339.777402,1,0,857.0347290039062,807.6853637695312,797.8154907226562,866.9046630859375
1790793339.7886224,1,0,857.0347290039062,807.6853637695312,797.8154907226562,866.9046630859375
1790793339.7995658,1,0,857.0347290039062,807.6853637695312,797.8154907226562,866.9046630859375
1790793339.8107686,1,0,857.0347290039062,807.6853637695312,797.8154907226562,866.9046630859375
1790793339.8219602,1,0,857.0347290039062,807.6853637695312,797.8154907226562,866.9046630859375
1790793339.8331242,1,0,852.0997924804688,834.0050048828125,845.5198974609375,998.5030517578125
1790793339.8442473,1,0,830.715087890625,768.205810546875,794.5255126953125,893.2243041992188
1790793339.8553138,1,0,916.2540283203125,689.2467651367188,812.6203002929688,945.8637084960938
1790793339.8663406,1,0,873.4845581054688,820.84521484375,814.2652587890625,1077.462158203125
1790793339.8776684,1,0,863.6146850585938,676.0869140625,796.1704711914062,893.2243041992188
1790793339.8887134,1,0,863.6146850585938,676.0869140625,796.1704711914062,893.2243041992188
1790793339.8998451,1,0,863.6146850585938,676.0869140625,796.1704711914062,893.2243041992188
1790793339.911269,1,0,863.6146850585938,676.0869140625,796.1704711914062,893.2243041992188
1790793339.9229221,1,0,863.6146850585938,676.0869140625,796.1704711914062,893.2243041992188
1790793339.934208,1,0,903.09423828125,820.84521484375,783.0106201171875,1103.7818603515625
1790793339.9454372,1,0,942.57373046875,715.5664672851562,820.84521484375,1077.462158203125
1790793339.9561322,1,0,995.213134765625,636.607421875,783.0106201171875,1051.1424560546875
1790793339.9670098,1,0,942.57373046875,768.205810546875,837.2949829101562,1103.7818603515625
1790793339.97812,1,0,942.57373046875,768.205810546875,837.2949829101562,1103.7818603515625
1790793339.9890213,1,0,929.4138793945312,834.0050048828125,829.070068359375,998.5030517578125
1790793340.0006275,1,0,927.7689208984375,583.968017578125,832.3600463867188,945.8637084960938
1790793340.0113413,1,0,927.7689208984375,583.968017578125,832.3600463867188,945.8637084960938
1790793340.0226946,1,0,927.7689208984375,583.968017578125,832.3600463867188,945.8637084960938
1790793340.0341842,1,0,927.7689208984375,583.968017578125,832.3600463867188,945.8637084960938
1790793340.0448458,1,0,927.7689208984375,583.968017578125,832.3600463867188,945.8637084960938
1790793340.0556474,1,0,927.7689208984375,583.968017578125,832.3600463867188,945.8637084960938
1790793340.0665429,1,0,927.7689208984375,583.968017578125,832.3600463867188,945.8637084960938
1790793340.078036,1,0,950.7986450195312,781.3656616210938,812.6203002929688,972.1834106445312
1790793340.0897202,1,0,973.828369140625,702.4066162109375,802.7504272460938,998.5030517578125
1790793340.10097,1,0,960.6685180664062,741.8861083984375,827.4251098632812,1103.7818603515625
1790793340.112257,1,0,945.8637084960938,820.84521484375,830.715087890625,1077.462158203125
1790793340.1235914,1,0,942.57373046875,741.8861083984375,822.4901733398438,1182.7408447265625
1790793340.134491,1,0,889.9343872070312,794.5255126953125,871.839599609375,1235.3802490234375
1790793340.145217,1,0,738.59619140625,926.1239624023438,863.6146850585938,769.850830078125
1790793340.1563406,1,0,689.2467651367188,847.1648559570312,863.6146850585938,611.9326782226562
1790793340.1677291,1,0,583.968017578125,1005.0830078125,929.4138793945312,506.6539306640625
1790793340.178789,1,0,583.968017578125,1005.0830078125,929.4138793945312,506.6539306640625
1790793340.1897159,1,0,583.968017578125,1005.0830078125,929.4138793945312,506.6539306640625
1790793340.2009516,1,0,583.968017578125,1005.0830078125,929.4138793945312,506.6539306640625
1790793340.2122931,1,0,583.968017578125,1005.0830078125,929.4138793945312,506.6539306640625
1790793340.2236052,1,0,356.9607238769531,1399.8782958984375,1000.1480712890625,427.69488525390625
1790793340.234794,1,0,314.1912536621094,1452.5177001953125,1169.5810546875,296.0964660644531
1790793340.2459023,1,0,314.1912536621094,583.968017578125,1205.7706298828125,269.7767639160156
1790793340.2572773,1,0,292.8064880371094,85.53897857666016,1258.409912109375,243.45709228515625
1790793340.268288,1,0,391.50531005859375,72.37913513183594,1368.6236572265625,375.0555114746094
1790793340.2797651,1,0,391.50531005859375,72.37913513183594,1368.6236572265625,375.0555114746094
1790793340.291231,1,0,391.50531005859375,72.37913513183594,1368.6236572265625,375.0555114746094
1790793340.302596,1,0,391.50531005859375,72.37913513183594,1368.6236572265625,375.0555114746094
1790793340.3132617,1,0,391.50531005859375,72.37913513183594,1368.6236572265625,375.0555114746094
1790793340.3250768,1,0,595.48291015625,1644.9803466796875,1656.4952392578125,690.8917236328125
1790793340.3360686,1,0,657.9921264648438,1526.541748046875,1651.560302734375,822.4901733398438
1790793340.347365,1,0,708.9865112304688,1539.70166015625,1651.560302734375,743.5311279296875
1790793340.358868,1,0,708.9865112304688,1539.70166015625,1651.560302734375,743.5311279296875
1790793340.3703306,1,0,708.9865112304688,1539.70166015625,1651.560302734375,743.5311279296875
1790793340.3811328,1,0,708.9865112304688,1539.70166015625,1651.560302734375,743.5311279296875
1790793340.39209,1,0,708.9865112304688,1539.70166015625,1651.560302734375,743.5311279296875
1790793340.402926,1,0,708.9865112304688,1539.70166015625,1651.560302734375,743.5311279296875
1790793340.4144797,1,0,814.2652587890625,1566.021240234375,1633.4654541015625,980.4082641601562
1790793340.4258702,1,0,768.205810546875,1460.7425537109375,1528.186767578125,690.8917236328125
1790793340.4372053,1,0,991.9231567382812,1539.70166015625,1449.2276611328125,1006.7279663085938
1790793340.4482734,1,0,1110.3616943359375,960.6685180664062,1370.2686767578125,927.7689208984375
1790793340.4596553,1,0,1077.462158203125,697.4716796875,1396.5882568359375,1033.047607421875
1790793340.4711964,1,0,1156.421142578125,0.0,1291.3095703125,901.44921875
1790793340.4824398,1,0,1156.421142578125,0.0,1291.3095703125,901.44921875
1790793340.493968,1,0,1156.421142578125,0.0,1291.3095703125,901.44921875
1790793340.5047765,1,0,1156.421142578125,0.0,1291.3095703125,901.44921875
1790793340.5157692,1,0,1156.421142578125,0.0,1291.3095703125,901.44921875
1790793340.5274594,1,0,1156.421142578125,0.0,1291.3095703125,901.44921875
1790793340.538666,1,0,1149.84130859375,36.18956756591797,949.1536865234375,954.088623046875
1790793340.5500462,1,0,1130.1014404296875,65.7992172241211,909.6741333007812,769.850830078125
1790793340.561696,1,0,1189.32080078125,55.9293327331543,843.8749389648438,769.850830078125
1790793340.5727525,1,0,1189.32080078125,55.9293327331543,843.8749389648438,769.850830078125
1790793340.5836897,1,0,1189.32080078125,55.9293327331543,843.8749389648438,769.850830078125
1790793340.5948303,1,0,1189.32080078125,55.9293327331543,843.8749389648438,769.850830078125
1790793340.6060812,1,0,1189.32080078125,55.9293327331543,843.8749389648438,769.850830078125
1790793340.6170793,1,0,1189.32080078125,55.9293327331543,843.8749389648438,769.850830078125
1790793340.6286125,1,0,1288.0196533203125,65.7992172241211,817.5552368164062,1033.047607421875
1790793340.6400876,1,0,1156.421142578125,62.509254455566406,852.0997924804688,822.4901733398438
1790793340.6514783,1,0,1103.7818603515625,62.509254455566406,847.1648559570312,848.8098754882812
1790793340.6624238,1,0,1024.82275390625,64.15423583984375,830.715087890625,690.8917236328125
1790793340.6734471,1,0,1024.82275390625,64.15423583984375,830.715087890625,690.8917236328125
1790793340.6852374,1,0,1024.82275390625,64.15423583984375,830.715087890625,690.8917236328125
1790793340.6959336,1,0,1024.82275390625,64.15423583984375,830.715087890625,690.8917236328125
1790793340.7069426,1,0,1024.82275390625,64.15423583984375,830.715087890625,690.8917236328125
1790793340.7184467,1,0,1024.82275390625,64.15423583984375,830.715087890625,690.8917236328125
1790793340.7294824,1,0,949.1536865234375,64.15423583984375,613.5776977539062,638.2523803710938
1790793340.741003,1,0,901.44921875,27.96466636657715,460.594482421875,792.8805541992188
1790793340.7520928,1,0,947.5086669921875,27.96466636657715,486.9141845703125,845.5198974609375
1790793340.763262,1,0,947.5086669921875,27.96466636657715,486.9141845703125,845.5198974609375
1790793340.7743523,1,0,947.5086669921875,27.96466636657715,486.9141845703125,845.5198974609375
1790793340.7857637,1,0,947.5086669921875,27.96466636657715,486.9141845703125,845.5198974609375
1790793340.8020039,1,0,947.5086669921875,27.96466636657715,486.9141845703125,845.5198974609375
1790793340.8185124,1,0,947.5086669921875,27.96466636657715,486.9141845703125,845.5198974609375
1790793340.830038,1,0,881.70947265625,27.96466636657715,567.5181884765625,845.5198974609375
1790793340.8411853,1,0,894.8693237304688,27.96466636657715,582.3230590820312,1003.43798828125
1790793340.8528967,1,0,894.8693237304688,27.96466636657715,648.1222534179688,845.5198974609375
1790793340.8648973,1,0,526.3937377929688,248.39202880859375,753.4010009765625,529.6836547851562
1790793340.8769078,1,0,526.3937377929688,248.39202880859375,753.4010009765625,529.6836547851562
1790793340.8882413,1,0,526.3937377929688,248.39202880859375,753.4010009765625,529.6836547851562
1790793340.9006095,1,0,526.3937377929688,248.39202880859375,753.4010009765625,529.6836547851562
1790793340.912445,1,0,526.3937377929688,248.39202880859375,753.4010009765625,529.6836547851562
1790793340.92375,1,0,302.6763916015625,1029.7576904296875,914.6090698242188,345.44586181640625
1790793340.935517,1,0,281.2916259765625,1376.8485107421875,940.9287719726562,424.4049377441406
1790793340.946422,1,0,310.9012756347656,1516.671875,980.4082641601562,398.0852355957031
1790793340.9576848,1,0,401.3752136230469,1572.6011962890625,1500.2220458984375,503.3639831542969
1790793340.9692502,1,0,401.3752136230469,1572.6011962890625,1500.2220458984375,503.3639831542969
1790793340.9809108,1,0,401.3752136230469,1572.6011962890625,1500.2220458984375,503.3639831542969
1790793340.9923577,1,0,401.3752136230469,1572.6011962890625,1500.2220458984375,503.3639831542969
1790793341.0029788,1,0,401.3752136230469,1572.6011962890625,1500.2220458984375,503.3639831542969
1790793341.013677,1,0,401.3752136230469,1572.6011962890625,1500.2220458984375,503.3639831542969
1790793341.0247447,1,0,388.2153625488281,1335.7239990234375,1478.8372802734375,608.6427001953125
1790793341.03631,1,0,467.1744079589844,1335.7239990234375,1488.7071533203125,634.96240234375
1790793341.0475488,1,0,559.2933349609375,388.2153625488281,1485.417236328125,687.601806640625
1790793341.0592458,1,0,638.2523803710938,1467.322509765625,1488.7071533203125,898.1592407226562
1790793341.0702667,1,0,717.21142578125,361.8956604003906,1488.7071533203125,898.1592407226562
1790793341.081447,1,0,736.951171875,256.616943359375,1488.7071533203125,819.2001953125
1790793341.0926907,1,0,736.951171875,256.616943359375,1488.7071533203125,819.2001953125
1790793341.104348,1,0,736.951171875,256.616943359375,1488.7071533203125,819.2001953125
1790793341.1156042,1,0,736.951171875,256.616943359375,1488.7071533203125,819.2001953125
1790793341.12707,1,0,736.951171875,256.616943359375,1488.7071533203125,819.2001953125
1790793341.1385536,1,0,809.330322265625,940.9287719726562,1488.7071533203125,924.4789428710938
1790793341.1495452,1,0,884.9994506835938,1046.20751953125,1488.7071533203125,898.1592407226562
1790793341.1606424,1,0,871.839599609375,1072.5272216796875,1475.54736328125,977.1183471679688
1790793341.1719565,1,0,960.6685180664062,1151.4862060546875,1166.291015625,977.1183471679688
1790793341.1831005,1,0,1016.5978393554688,125.01850891113281,916.2540283203125,898.1592407226562
1790793341.1941419,1,0,1016.5978393554688,125.01850891113281,916.2540283203125,898.1592407226562
1790793341.2052429,1,0,1016.5978393554688,125.01850891113281,916.2540283203125,898.1592407226562
1790793341.216359,1,0,1016.5978393554688,125.01850891113281,916.2540283203125,898.1592407226562
1790793341.2279196,1,0,1016.5978393554688,125.01850891113281,916.2540283203125,898.1592407226562
1790793341.2391648,1,0,1082.3970947265625,125.01850891113281,850.454833984375,1029.7576904296875
1790793341.2504427,1,0,1144.9063720703125,125.01850891113281,806.0403442382812,924.4789428710938
1790793341.2618089,1,0,1233.7352294921875,98.69882202148438,662.9270629882812,950.7986450195312
1790793341.2730267,1,0,1292.95458984375,1682.81494140625,500.07403564453125,898.1592407226562
1790793341.2839336,1,0,1292.95458984375,1682.81494140625,500.07403564453125,898.1592407226562
1790793341.2949562,1,0,1292.95458984375,1682.81494140625,500.07403564453125,898.1592407226562
1790793341.3060424,1,0,1292.95458984375,1682.81494140625,500.07403564453125,898.1592407226562
1790793341.317315,1,0,1292.95458984375,1682.81494140625,500.07403564453125,898.1592407226562
1790793341.328373,1,0,1292.95458984375,1682.81494140625,500.07403564453125,898.1592407226562
1790793341.339541,1,0,1181.0958251953125,1643.3353271484375,491.84912109375,950.7986450195312
1790793341.3512158,1,0,1220.575439453125,1366.9786376953125,192.46270751953125,819.2001953125
1790793341.3622937,1,0,1187.67578125,1222.2203369140625,37.83454895019531,740.2411499023438
1790793341.3737028,1,0,1070.8822021484375,960.6685180664062,179.3028564453125,1064.30224609375
1790793341.385174,1,0,1080.7520751953125,750.1110229492188,215.492431640625,959.0235595703125
1790793341.3959215,1,0,1044.5625,697.4716796875,266.48681640625,906.3841552734375
1790793341.4074028,1,0,1044.5625,697.4716796875,266.48681640625,906.3841552734375
1790793341.4184566,1,0,1044.5625,697.4716796875,266.48681640625,906.3841552734375
1790793341.4295688,1,0,1044.5625,697.4716796875,266.48681640625,906.3841552734375
1790793341.441194,1,0,1044.5625,697.4716796875,266.48681640625,906.3841552734375
1790793341.4524248,1,0,1100.4918212890625,802.7504272460938,276.356689453125,1064.30224609375
1790793341.4631722,1,0,1057.722412109375,671.1519775390625,330.64105224609375,932.703857421875
1790793341.4740193,1,0,988.6331787109375,723.7913208007812,375.0555114746094,880.064453125
1790793341.485399,1,0,1026.4677734375,618.5126342773438,371.76556396484375,932.703857421875
1790793341.497244,1,0,980.4082641601562,592.1929321289062,371.76556396484375,906.3841552734375
1790793341.5089767,1,0,962.3134765625,565.8732299804688,514.8788452148438,880.064453125
1790793341.5196772,1,0,939.2837524414062,565.8732299804688,564.228271484375,827.4251098632812
1790793341.5309584,1,0,947.5086669921875,486.9141845703125,575.7431030273438,853.7448120117188
1790793341.5423825,1,0,914.6090698242188,486.9141845703125,590.5479125976562,722.1463623046875
1790793341.5535538,1,0,931.0588989257812,565.8732299804688,616.8676147460938,853.7448120117188
1790793341.5653448,1,0,896.5142822265625,355.3157653808594,592.1929321289062,695.82666015625
1790793341.5769253,1,0,896.5142822265625,355.3157653808594,592.1929321289062,695.82666015625
1790793341.587983,1,0,896.5142822265625,355.3157653808594,592.1929321289062,695.82666015625
1790793341.598862,1,0,896.5142822265625,355.3157653808594,592.1929321289062,695.82666015625
1790793341.609792,1,0,896.5142822265625,355.3157653808594,592.1929321289062,695.82666015625
1790793341.621094,1,0,911.319091796875,750.1110229492188,710.6315307617188,853.7448120117188
1790793341.63217,1,0,919.5440063476562,750.1110229492188,679.3768920898438,906.3841552734375
1790793341.6436334,1,0,880.064453125,697.4716796875,718.8563842773438,853.7448120117188
1790793341.655032,1,0,932.703857421875,539.5535278320312,713.9214477539062,774.7857666015625
1790793341.6660268,1,0,870.194580078125,513.23388671875,712.2764892578125,695.82666015625
1790793341.6771996,1,0,870.194580078125,513.23388671875,712.2764892578125,695.82666015625
1790793341.6882775,1,0,870.194580078125,513.23388671875,712.2764892578125,695.82666015625
1790793341.6990628,1,0,870.194580078125,513.23388671875,712.2764892578125,695.82666015625
1790793341.7100775,1,0,870.194580078125,513.23388671875,712.2764892578125,695.82666015625
1790793341.7218335,1,0,883.3544311523438,618.5126342773438,700.7615966796875,801.1054077148438
1790793341.732921,1,0,857.0347290039062,776.4307250976562,738.59619140625,774.7857666015625
1790793341.7444484,1,0,863.6146850585938,750.1110229492188,751.7560424804688,669.5070190429688
1790793341.755969,1,0,926.1239624023438,908.0291748046875,753.4010009765625,853.7448120117188
1790793341.7678115,1,0,873.4845581054688,1355.4637451171875,720.5014038085938,669.5070190429688
1790793341.7794275,1,0,873.4845581054688,1355.4637451171875,720.5014038085938,669.5070190429688
1790793341.7905347,1,0,873.4845581054688,1355.4637451171875,720.5014038085938,669.5070190429688
1790793341.8015187,1,0,873.4845581054688,1355.4637451171875,720.5014038085938,669.5070190429688
1790793341.8123443,1,0,873.4845581054688,1355.4637451171875,720.5014038085938,669.5070190429688
1790793341.8238807,1,0,883.3544311523438,1561.0863037109375,722.1463623046875,827.4251098632812
1790793341.8350143,1,0,847.1648559570312,1541.3465576171875,740.2411499023438,643.1873168945312
1790793341.8461936,1,0,893.2243041992188,1531.4766845703125,802.7504272460938,774.7857666015625
1790793341.8574462,1,0,919.5440063476562,1531.4766845703125,778.07568359375,827.4251098632812
1790793341.8684933,1,0,834.0050048828125,1523.2518310546875,774.7857666015625,616.8676147460938
1790793341.8795152,1,0,834.0050048828125,1523.2518310546875,774.7857666015625,616.8676147460938
1790793341.8903708,1,0,834.0050048828125,1523.2518310546875,774.7857666015625,616.8676147460938
1790793341.901593,1,0,834.0050048828125,1523.2518310546875,774.7857666015625,616.8676147460938
1790793341.912814,1,0,834.0050048828125,1523.2518310546875,774.7857666015625,616.8676147460938
1790793341.9238715,1,0,875.1295166015625,1653.2052001953125,773.1407470703125,873.4845581054688
1790793341.934967,1,0,845.5198974609375,1653.2052001953125,802.7504272460938,794.5255126953125
1790793341.9460201,1,0,860.32470703125,1653.2052001953125,763.2708740234375,794.5255126953125
1790793341.9570777,1,0,860.32470703125,1653.2052001953125,763.2708740234375,794.5255126953125
1790793341.9681234,1,0,860.32470703125,1653.2052001953125,763.2708740234375,794.5255126953125
1790793341.9795184,1,0,860.32470703125,1653.2052001953125,763.2708740234375,794.5255126953125
1790793341.9902756,1,0,860.32470703125,1653.2052001953125,763.2708740234375,794.5255126953125
1790793342.0018013,1,0,860.32470703125,1653.2052001953125,763.2708740234375,794.5255126953125
1790793342.0127313,1,0,840.5849609375,1653.2052001953125,791.2355346679688,820.84521484375
1790793342.023809,1,0,857.0347290039062,1653.2052001953125,824.1351318359375,952.443603515625
1790793342.0350497,1,0,893.2243041992188,1649.915283203125,820.84521484375,926.1239624023438
1790793342.0463874,1,0,843.8749389648438,1646.6253662109375,781.3656616210938,1005.0830078125
1790793342.0573485,1,0,871.839599609375,1648.270263671875,774.7857666015625,926.1239624023438
1790793342.0685244,1,0,868.5496215820312,1638.400390625,773.1407470703125,873.4845581054688
1790793342.0795155,1,0,868.5496215820312,1638.400390625,773.1407470703125,873.4845581054688
1790793342.0904899,1,0,868.5496215820312,1638.400390625,773.1407470703125,873.4845581054688
1790793342.1018112,1,0,868.5496215820312,1638.400390625,773.1407470703125,873.4845581054688
1790793342.1127179,1,0,868.5496215820312,1638.400390625,773.1407470703125,873.4845581054688
1790793342.1237974,1,0,845.5198974609375,1644.9803466796875,812.6203002929688,899.8042602539062
1790793342.1348193,1,0,840.5849609375,1626.885498046875,801.1054077148438,1031.4027099609375
1790793342.145989,1,0,857.0347290039062,1620.3056640625,827.4251098632812,1084.0419921875
1790793342.1579103,1,0,843.8749389648438,1436.06787109375,755.0459594726562,978.7633056640625
1790793342.1698925,1,0,843.8749389648438,1436.06787109375,755.0459594726562,978.7633056640625
1790793342.1810286,1,0,843.8749389648438,1436.06787109375,755.0459594726562,978.7633056640625
1790793342.1921387,1,0,843.8749389648438,1436.06787109375,755.0459594726562,978.7633056640625
1790793342.203577,1,0,843.8749389648438,1436.06787109375,755.0459594726562,978.7633056640625
1790793342.2146783,1,0,843.8749389648438,1436.06787109375,755.0459594726562,978.7633056640625
1790793342.2265716,1,0,909.6741333007812,1567.666259765625,847.1648559570312,1215.6405029296875
1790793342.2383971,1,0,830.715087890625,1462.3875732421875,759.9808959960938,1189.32080078125
1790793342.2502458,1,0,853.7448120117188,1436.06787109375,804.3953857421875,1110.3616943359375
1790793342.261792,1,0,870.194580078125,1278.1497802734375,771.4957885742188,1136.681396484375
1790793342.2735016,0,0,870.194580078125,1278.1497802734375,771.4957885742188,1136.681396484375
1790793342.2848177,0,0,870.194580078125,1278.1497802734375,771.4957885742188,1136.681396484375
1790793342.2958877,0,0,870.194580078125,1278.1497802734375,771.4957885742188,1136.681396484375
1790793342.3076198,0,0,870.194580078125,1278.1497802734375,771.4957885742188,1136.681396484375
1790793342.3183172,0,0,870.194580078125,1278.1497802734375,771.4957885742188,1136.681396484375
1790793342.3295593,0,0,893.2243041992188,1383.428466796875,773.1407470703125,1163.0010986328125
1790793342.3405216,0,0,866.9046630859375,1357.1087646484375,792.8805541992188,1294.5994873046875
1790793342.3515117,0,0,857.0347290039062,1251.830078125,740.2411499023438,1163.0010986328125
1790793342.362242,0,0,857.0347290039062,1251.830078125,740.2411499023438,1163.0010986328125
1790793342.3732555,0,0,857.0347290039062,1251.830078125,740.2411499023438,1163.0010986328125
1790793342.384591,0,0,857.0347290039062,1251.830078125,740.2411499023438,1163.0010986328125
1790793342.3959246,0,0,857.0347290039062,1251.830078125,740.2411499023438,1163.0010986328125
1790793342.4069898,0,0,852.0997924804688,1120.2315673828125,740.2411499023438,1241.960205078125
1790793342.4177969,0,0,896.5142822265625,1172.8709716796875,702.4066162109375,1320.919189453125
1790793342.4288971,0,0,855.3897705078125,1146.55126953125,641.5423583984375,1163.0010986328125
1790793342.4396193,0,0,883.3544311523438,1093.9119873046875,651.4122314453125,1373.55859375
1790793342.4507,0,0,881.70947265625,1172.8709716796875,666.217041015625,1241.960205078125
1790793342.461973,0,0,861.9697265625,1199.190673828125,657.9921264648438,1215.6405029296875
1790793342.4735737,0,0,861.9697265625,1199.190673828125,657.9921264648438,1215.6405029296875
1790793342.4848378,0,0,861.9697265625,1199.190673828125,657.9921264648438,1215.6405029296875
1790793342.4959662,0,0,861.9697265625,1199.190673828125,657.9921264648438,1215.6405029296875
1790793342.5072997,0,0,861.9697265625,1199.190673828125,657.9921264648438,1215.6405029296875
1790793342.5187454,0,0,891.579345703125,1146.55126953125,732.0162353515625,1399.8782958984375
1790793342.5293272,0,0,860.32470703125,1061.0123291015625,717.21142578125,745.1760864257812
1790793342.540427,0,0,888.2893676757812,876.7745361328125,687.601806640625,824.1351318359375
1790793342.5517747,0,0,791.2355346679688,982.0532836914062,735.3062133789062,745.1760864257812
1790793342.562947,0,0,746.8211059570312,929.4138793945312,708.9865112304688,639.8973388671875
1790793342.5746696,0,0,746.8211059570312,929.4138793945312,708.9865112304688,639.8973388671875
1790793342.5856273,0,0,746.8211059570312,929.4138793945312,708.9865112304688,639.8973388671875
1790793342.5969868,0,0,746.8211059570312,929.4138793945312,708.9865112304688,639.8973388671875
1790793342.6084726,0,0,746.8211059570312,929.4138793945312,708.9865112304688,639.8973388671875
1790793342.620412,0,0,781.3656616210938,929.4138793945312,727.081298828125,824.1351318359375
1790793342.6321843,0,0,710.6315307617188,745.1760864257812,700.7615966796875,587.2579956054688
1790793342.6433947,0,0,722.1463623046875,955.7335815429688,740.2411499023438,718.8563842773438
1790793342.654262,0,0,898.1592407226562,876.7745361328125,727.081298828125,955.7335815429688
1790793342.6655223,0,0,876.7745361328125,771.4957885742188,718.8563842773438,797.8154907226562
1790793342.6763763,0,0,876.7745361328125,771.4957885742188,718.8563842773438,797.8154907226562
1790793342.6872463,0,0,876.7745361328125,771.4957885742188,718.8563842773438,797.8154907226562
1790793342.6982305,0,0,876.7745361328125,771.4957885742188,718.8563842773438,797.8154907226562
1790793342.7100582,0,0,876.7745361328125,771.4957885742188,718.8563842773438,797.8154907226562
1790793342.7211752,0,0,881.70947265625,1113.6517333984375,768.205810546875,824.1351318359375
1790793342.7323294,0,0,886.6444091796875,955.7335815429688,759.9808959960938,982.0532836914062
1790793342.7438967,0,0,924.4789428710938,771.4957885742188,728.726318359375,929.4138793945312
1790793342.7554178,0,0,908.0291748046875,850.454833984375,751.7560424804688,850.454833984375
1790793342.7663245,0,0,888.2893676757812,824.1351318359375,769.850830078125,824.1351318359375
1790793342.777426,0,0,888.2893676757812,824.1351318359375,769.850830078125,824.1351318359375
1790793342.7887752,0,0,888.2893676757812,824.1351318359375,769.850830078125,824.1351318359375
1790793342.7999911,0,0,888.2893676757812,824.1351318359375,769.850830078125,824.1351318359375
1790793342.810984,0,0,888.2893676757812,824.1351318359375,769.850830078125,824.1351318359375
1790793342.8220227,0,0,888.2893676757812,824.1351318359375,769.850830078125,824.1351318359375
1790793342.833374,0,0,871.839599609375,824.1351318359375,755.0459594726562,955.7335815429688
1790793342.844298,0,0,884.9994506835938,745.1760864257812,769.850830078125,876.7745361328125
1790793342.85505,0,0,875.1295166015625,876.7745361328125,761.6259155273438,1034.692626953125
1790793342.866141,0,0,912.964111328125,876.7745361328125,783.0106201171875,1087.33203125
1790793342.877675,0,0,904.7391967773438,903.09423828125,802.7504272460938,1034.692626953125
1790793342.888933,0,0,908.0291748046875,745.1760864257812,779.720703125,1087.33203125
1790793342.899602,0,0,901.44921875,929.4138793945312,817.5552368164062,1139.971435546875
1790793342.9108489,0,0,924.4789428710938,876.7745361328125,755.0459594726562,1008.3729248046875
1790793342.9220662,0,0,924.4789428710938,876.7745361328125,755.0459594726562,1008.3729248046875
1790793342.9331417,0,0,924.4789428710938,876.7745361328125,755.0459594726562,1008.3729248046875
1790793342.9439626,0,0,924.4789428710938,876.7745361328125,755.0459594726562,1008.3729248046875
1790793342.9551184,0,0,924.4789428710938,876.7745361328125,755.0459594726562,1008.3729248046875
1790793342.96595,0,0,924.4789428710938,876.7745361328125,755.0459594726562,1008.3729248046875
1790793342.9767377,0,0,852.0997924804688,850.454833984375,763.2708740234375,1008.3729248046875
1790793342.9876382,0,0,855.3897705078125,850.454833984375,802.7504272460938,1061.0123291015625
1790793342.9990323,0,0,917.8990478515625,797.8154907226562,806.0403442382812,1034.692626953125
1790793343.0100513,0,0,919.5440063476562,903.09423828125,820.84521484375,955.7335815429688
1790793343.021359,0,0,901.44921875,797.8154907226562,759.9808959960938,955.7335815429688
1790793343.032945,0,0,901.44921875,797.8154907226562,759.9808959960938,955.7335815429688
1790793343.0440693,0,0,901.44921875,797.8154907226562,759.9808959960938,955.7335815429688
1790793343.0550878,0,0,901.44921875,797.8154907226562,759.9808959960938,955.7335815429688
1790793343.0661683,0,0,901.44921875,797.8154907226562,759.9808959960938,955.7335815429688
1790793343.0769377,0,0,901.44921875,797.8154907226562,759.9808959960938,955.7335815429688
1790793343.0879605,0,0,901.44921875,903.09423828125,807.6853637695312,903.09423828125
1790793343.098963,0,0,873.4845581054688,730.3712768554688,827.4251098632812,935.9938354492188
1790793343.110267,0,0,889.9343872070312,651.4122314453125,824.1351318359375,857.0347290039062
1790793343.121542,0,0,837.2949829101562,519.8137817382812,786.3005981445312,830.715087890625
1790793343.1333034,0,0,883.3544311523438,677.7318725585938,802.7504272460938,857.0347290039062
1790793343.1445153,0,0,853.7448120117188,625.092529296875,797.8154907226562,804.3953857421875
1790793343.156267,0,0,853.7448120117188,625.092529296875,797.8154907226562,804.3953857421875
1790793343.1675088,0,0,853.7448120117188,625.092529296875,797.8154907226562,804.3953857421875
1790793343.1782918,0,0,853.7448120117188,625.092529296875,797.8154907226562,804.3953857421875
1790793343.205228,0,0,853.7448120117188,625.092529296875,797.8154907226562,804.3953857421875
1790793343.2167184,0,0,853.7448120117188,625.092529296875,797.8154907226562,804.3953857421875
1790793343.2282944,0,0,876.7745361328125,677.7318725585938,815.9102783203125,804.3953857421875
1790793343.2400808,0,0,843.8749389648438,625.092529296875,809.330322265625,962.3134765625
1790793343.2520778,0,0,843.8749389648438,625.092529296875,809.330322265625,962.3134765625
1790793343.2643328,0,0,850.454833984375,677.7318725585938,799.46044921875,830.715087890625
1790793343.2765043,0,0,850.454833984375,677.7318725585938,799.46044921875,830.715087890625
1790793343.2897205,0,0,850.454833984375,677.7318725585938,799.46044921875,830.715087890625
1790793343.301622,0,0,850.454833984375,677.7318725585938,799.46044921875,830.715087890625
1790793343.3130171,0,0,850.454833984375,677.7318725585938,799.46044921875,830.715087890625
1790793343.3241541,0,0,863.6146850585938,572.4531860351562,786.3005981445312,988.6331787109375
1790793343.3352404,0,0,817.5552368164062,625.092529296875,807.6853637695312,804.3953857421875
1790793343.3460767,0,0,840.5849609375,625.092529296875,778.07568359375,935.9938354492188
1790793343.3575823,0,0,857.0347290039062,572.4531860351562,815.9102783203125,751.7560424804688
1790793343.3697898,0,0,840.5849609375,625.092529296875,814.2652587890625,725.4363403320312
1790793343.3812628,1,0,840.5849609375,625.092529296875,814.2652587890625,725.4363403320312
1790793343.392584,1,0,853.7448120117188,651.4122314453125,799.46044921875,751.7560424804688
1790793343.4034178,1,0,881.70947265625,704.0515747070312,807.6853637695312,935.9938354492188
1790793343.414576,1,0,824.1351318359375,783.0106201171875,830.715087890625,830.715087890625
1790793343.4256704,1,0,817.5552368164062,704.0515747070312,801.1054077148438,699.1166381835938
1790793343.4370313,1,0,817.5552368164062,704.0515747070312,801.1054077148438,699.1166381835938
1790793343.4487574,1,0,817.5552368164062,704.0515747070312,801.1054077148438,699.1166381835938
1790793343.459421,1,0,817.5552368164062,704.0515747070312,801.1054077148438,699.1166381835938
1790793343.4706318,1,0,817.5552368164062,704.0515747070312,801.1054077148438,699.1166381835938
1790793343.4819918,1,0,827.4251098632812,651.4122314453125,829.070068359375,804.3953857421875
1790793343.4925997,1,0,894.8693237304688,651.4122314453125,794.5255126953125,830.715087890625
1790793343.5035746,1,0,855.3897705078125,677.7318725585938,838.9400024414062,646.477294921875
1790793343.5150876,1,0,845.5198974609375,809.330322265625,843.8749389648438,699.1166381835938
1790793343.526319,1,0,829.070068359375,690.8917236328125,827.4251098632812,672.7969360351562
1790793343.5375288,1,0,875.1295166015625,690.8917236328125,853.7448120117188,672.7969360351562
1790793343.5482223,1,0,847.1648559570312,730.3712768554688,848.8098754882812,541.1985473632812
1790793343.5596125,1,0,847.1648559570312,730.3712768554688,848.8098754882812,541.1985473632812
1790793343.57103,1,0,847.1648559570312,730.3712768554688,848.8098754882812,541.1985473632812
1790793343.58215,1,0,847.1648559570312,730.3712768554688,848.8098754882812,541.1985473632812
1790793343.593656,1,0,840.5849609375,664.5720825195312,804.3953857421875,514.8788452148438
1790793343.6048589,1,0,888.2893676757812,690.8917236328125,834.0050048828125,672.7969360351562
1790793343.616195,1,0,832.3600463867188,690.8917236328125,829.070068359375,593.837890625
1790793343.6271136,1,0,822.4901733398438,672.7969360351562,827.4251098632812,620.1575927734375
1790793343.6379867,1,0,884.9994506835938,704.0515747070312,810.9752807617188,672.7969360351562
1790793343.6488268,1,0,858.6797485351562,677.7318725585938,847.1648559570312,620.1575927734375
1790793343.6605964,1,0,858.6797485351562,677.7318725585938,847.1648559570312,620.1575927734375
1790793343.6718638,1,0,858.6797485351562,677.7318725585938,847.1648559570312,620.1575927734375
1790793343.6830637,1,0,858.6797485351562,677.7318725585938,847.1648559570312,620.1575927734375
1790793343.6941495,1,0,858.6797485351562,677.7318725585938,847.1648559570312,620.1575927734375
1790793343.7054405,1,0,894.8693237304688,909.6741333007812,817.5552368164062,995.213134765625
1790793343.7169695,1,0,870.194580078125,857.0347290039062,832.3600463867188,916.2540283203125
1790793343.72847,1,0,822.4901733398438,830.715087890625,825.7801513671875,942.57373046875
1790793343.740326,1,0,835.6500244140625,593.837890625,773.1407470703125,942.57373046875
1790793343.7521083,1,0,835.6500244140625,593.837890625,773.1407470703125,942.57373046875
1790793343.7634046,1,0,835.6500244140625,593.837890625,773.1407470703125,942.57373046875
1790793343.7742622,1,0,835.6500244140625,593.837890625,773.1407470703125,942.57373046875
1790793343.7854118,1,0,835.6500244140625,593.837890625,773.1407470703125,942.57373046875
1790793343.796497,1,0,835.6500244140625,751.7560424804688,832.3600463867188,1021.5327758789062
1790793343.8073165,1,0,815.9102783203125,751.7560424804688,807.6853637695312,968.8934326171875
1790793343.8185153,1,0,842.2299194335938,857.0347290039062,825.7801513671875,1074.172119140625
1790793343.8292067,1,0,868.5496215820312,751.7560424804688,806.0403442382812,995.213134765625
1790793343.8407621,1,0,875.1295166015625,725.4363403320312,825.7801513671875,995.213134765625
1790793343.8519835,1,0,881.70947265625,751.7560424804688,845.5198974609375,1021.5327758789062
1790793343.8627326,1,0,855.3897705078125,830.715087890625,840.5849609375,995.213134765625
1790793343.8748677,1,0,855.3897705078125,830.715087890625,840.5849609375,995.213134765625
1790793343.886255,1,0,855.3897705078125,830.715087890625,840.5849609375,995.213134765625
1790793343.8971665,1,0,855.3897705078125,830.715087890625,840.5849609375,995.213134765625
1790793343.9087162,1,0,855.3897705078125,830.715087890625,840.5849609375,995.213134765625
1790793343.9205804,1,0,901.44921875,738.59619140625,843.8749389648438,1153.1312255859375
1790793343.9320197,1,0,881.70947265625,620.1575927734375,825.7801513671875,1047.8525390625
1790793343.9429877,1,0,855.3897705078125,817.5552368164062,814.2652587890625,968.8934326171875
1790793343.9538574,1,0,822.4901733398438,778.07568359375,819.2001953125,942.57373046875
1790793343.9655735,1,0,822.4901733398438,778.07568359375,819.2001953125,942.57373046875
1790793343.9775848,1,0,822.4901733398438,778.07568359375,819.2001953125,942.57373046875
1790793343.9887168,1,0,822.4901733398438,778.07568359375,819.2001953125,942.57373046875
1790793344.0000286,1,0,822.4901733398438,778.07568359375,819.2001953125,942.57373046875
1790793344.0115776,1,0,822.4901733398438,778.07568359375,819.2001953125,942.57373046875
1790793344.0224373,1,0,848.8098754882812,764.9158325195312,838.9400024414062,1047.8525390625
1790793344.0334418,1,0,842.2299194335938,804.3953857421875,830.715087890625,968.8934326171875
1790793344.0445297,1,0,842.2299194335938,745.1760864257812,835.6500244140625,968.8934326171875
1790793344.0560045,1,0,871.839599609375,771.4957885742188,832.3600463867188,1074.172119140625
1790793344.067055,1,0,878.4194946289062,745.1760864257812,835.6500244140625,1126.8115234375
1790793344.078151,1,0,825.7801513671875,745.1760864257812,820.84521484375,995.213134765625
1790793344.0898292,1,0,825.7801513671875,745.1760864257812,820.84521484375,995.213134765625
1790793344.1013288,1,0,825.7801513671875,745.1760864257812,820.84521484375,995.213134765625
1790793344.1128666,1,0,825.7801513671875,745.1760864257812,820.84521484375,995.213134765625
1790793344.1241524,1,0,825.7801513671875,745.1760864257812,820.84521484375,995.213134765625
1790793344.135215,1,0,822.4901733398438,718.8563842773438,809.330322265625,1074.172119140625
1790793344.1462083,1,0,827.4251098632812,771.4957885742188,850.454833984375,942.57373046875
1790793344.1570354,1,0,880.064453125,745.1760864257812,810.9752807617188,1074.172119140625
1790793344.1683211,1,0,804.3953857421875,850.454833984375,840.5849609375,916.2540283203125
1790793344.1792161,1,0,804.3953857421875,850.454833984375,840.5849609375,916.2540283203125
1790793344.190468,1,0,804.3953857421875,850.454833984375,840.5849609375,916.2540283203125
1790793344.2013137,1,0,804.3953857421875,850.454833984375,840.5849609375,916.2540283203125
1790793344.21206,1,0,804.3953857421875,850.454833984375,840.5849609375,916.2540283203125
1790793344.222874,1,0,822.4901733398438,771.4957885742188,835.6500244140625,995.213134765625
1790793344.233748,1,0,837.2949829101562,639.8973388671875,809.330322265625,916.2540283203125
1790793344.2453797,1,0,843.8749389648438,702.4066162109375,799.46044921875,746.8211059570312
1790793344.2570693,1,0,835.6500244140625,702.4066162109375,827.4251098632812,694.1817016601562
1790793344.2687407,1,0,835.6500244140625,702.4066162109375,827.4251098632812,694.1817016601562
1790793344.2795343,1,0,835.6500244140625,702.4066162109375,827.4251098632812,694.1817016601562
1790793344.2905185,1,0,835.6500244140625,702.4066162109375,827.4251098632812,694.1817016601562
1790793344.3019044,1,0,835.6500244140625,702.4066162109375,827.4251098632812,694.1817016601562
1790793344.3126915,1,0,850.454833984375,814.2652587890625,829.070068359375,720.5014038085938
1790793344.3239279,1,0,810.9752807617188,847.1648559570312,843.8749389648438,641.5423583984375
1790793344.3346372,1,0,884.9994506835938,820.84521484375,858.6797485351562,825.7801513671875
1790793344.3456597,1,0,904.7391967773438,768.205810546875,820.84521484375,773.1407470703125
1790793344.3569305,1,0,825.7801513671875,794.5255126953125,810.9752807617188,641.5423583984375
1790793344.3678153,1,0,825.7801513671875,794.5255126953125,810.9752807617188,641.5423583984375
1790793344.3790128,1,0,825.7801513671875,794.5255126953125,810.9752807617188,641.5423583984375
1790793344.3898137,1,0,825.7801513671875,794.5255126953125,810.9752807617188,641.5423583984375
1790793344.4009008,1,0,825.7801513671875,794.5255126953125,810.9752807617188,641.5423583984375
1790793344.4116077,1,0,825.7801513671875,794.5255126953125,810.9752807617188,641.5423583984375
1790793344.4232678,1,0,825.7801513671875,794.5255126953125,810.9752807617188,641.5423583984375
1790793344.434431,1,0,868.5496215820312,847.1648559570312,829.070068359375,799.46044921875
1790793344.4457603,1,0,875.1295166015625,768.205810546875,809.330322265625,746.8211059570312
1790793344.4567223,1,0,845.5198974609375,820.84521484375,827.4251098632812,667.8619995117188
1790793344.4673767,1,0,878.4194946289062,912.964111328125,820.84521484375,667.8619995117188
1790793344.4787636,1,0,835.6500244140625,787.945556640625,801.1054077148438,615.22265625
1790793344.4903538,1,0,838.9400024414062,880.064453125,797.8154907226562,615.22265625
1790793344.501722,1,0,838.9400024414062,880.064453125,797.8154907226562,615.22265625
1790793344.5133293,1,0,838.9400024414062,880.064453125,797.8154907226562,615.22265625
1790793344.5245364,1,0,838.9400024414062,880.064453125,797.8154907226562,615.22265625
1790793344.5363238,1,0,838.9400024414062,880.064453125,797.8154907226562,615.22265625
1790793344.547542,1,0,898.1592407226562,873.4845581054688,810.9752807617188,720.5014038085938
1790793344.5589898,1,0,848.8098754882812,926.1239624023438,812.6203002929688,615.22265625
1790793344.5705035,1,0,845.5198974609375,820.84521484375,825.7801513671875,641.5423583984375
1790793344.5815365,1,0,894.8693237304688,689.2467651367188,804.3953857421875,694.1817016601562
1790793344.5932095,1,0,861.9697265625,715.5664672851562,797.8154907226562,694.1817016601562
1790793344.6047642,1,0,861.9697265625,715.5664672851562,797.8154907226562,694.1817016601562
1790793344.6158938,1,0,861.9697265625,715.5664672851562,797.8154907226562,694.1817016601562
1790793344.6277206,1,0,861.9697265625,715.5664672851562,797.8154907226562,694.1817016601562
1790793344.639071,1,0,861.9697265625,715.5664672851562,797.8154907226562,694.1817016601562
1790793344.6500092,1,0,812.6203002929688,689.2467651367188,825.7801513671875,799.46044921875
1790793344.6609077,1,0,855.3897705078125,610.2877197265625,802.7504272460938,957.3785400390625
1790793344.6725361,1,0,852.0997924804688,610.2877197265625,817.5552368164062,825.7801513671875
1790793344.6836817,1,0,832.3600463867188,689.2467651367188,838.9400024414062,1010.0179443359375
1790793344.6950653,1,0,835.6500244140625,768.205810546875,860.32470703125,878.4194946289062
1790793344.7073002,1,0,835.6500244140625,768.205810546875,860.32470703125,878.4194946289062
1790793344.71894,1,0,835.6500244140625,768.205810546875,860.32470703125,878.4194946289062
1790793344.7299924,1,0,835.6500244140625,768.205810546875,860.32470703125,878.4194946289062
1790793344.7409992,1,0,835.6500244140625,768.205810546875,860.32470703125,878.4194946289062
1790793344.7528691,1,0,835.6500244140625,768.205810546875,860.32470703125,878.4194946289062
1790793344.7640655,1,0,727.081298828125,847.1648559570312,937.6387939453125,878.4194946289062
1790793344.7757733,1,0,549.4234619140625,873.4845581054688,921.18896484375,615.22265625
1790793344.787386,1,0,365.1856384277344,1373.55859375,1049.4974365234375,536.2636108398438
1790793344.798503,1,0,398.0852355957031,1184.3858642578125,1636.7554931640625,536.2636108398438
1790793344.8097425,1,0,477.0443115234375,1500.2220458984375,1656.4952392578125,641.5423583984375
1790793344.8217587,1,0,514.8788452148438,1365.333740234375,1651.560302734375,536.2636108398438
1790793344.8333635,1,0,544.4884643554688,1049.4974365234375,1656.4952392578125,694.1817016601562
1790793344.845273,1,0,560.9382934570312,338.8659362792969,1653.2052001953125,615.22265625
1790793344.8569589,1,0,560.9382934570312,338.8659362792969,1653.2052001953125,615.22265625
1790793344.8678248,1,0,560.9382934570312,338.8659362792969,1653.2052001953125,615.22265625
1790793344.8791127,1,0,560.9382934570312,338.8659362792969,1653.2052001953125,615.22265625
1790793344.890989,1,0,560.9382934570312,338.8659362792969,1653.2052001953125,615.22265625
1790793344.9022753,1,0,616.8676147460938,917.8990478515625,1654.8502197265625,667.8619995117188
1790793344.9134965,1,0,633.3174438476562,1339.0140380859375,1653.2052001953125,852.0997924804688
1790793344.9249454,1,0,687.601806640625,838.9400024414062,1653.2052001953125,878.4194946289062
1790793344.9359243,1,0,791.2355346679688,1602.2108154296875,1653.2052001953125,983.6982421875
1790793344.9476724,1,0,746.8211059570312,917.8990478515625,1653.2052001953125,825.7801513671875
1790793344.9591417,1,0,746.8211059570312,917.8990478515625,1653.2052001953125,825.7801513671875
1790793344.9706755,1,0,746.8211059570312,917.8990478515625,1653.2052001953125,825.7801513671875
1790793344.981843,1,0,746.8211059570312,917.8990478515625,1653.2052001953125,825.7801513671875
1790793344.9937198,1,0,746.8211059570312,917.8990478515625,1653.2052001953125,825.7801513671875
1790793345.005566,1,0,1074.172119140625,944.2186889648438,1121.8765869140625,1273.21484375
1790793345.0171037,1,0,1041.2725830078125,602.0628051757812,674.4419555664062,1088.9769287109375
1790793345.0281568,1,0,1085.68701171875,444.1446838378906,674.4419555664062,1088.9769287109375
1790793345.0393667,1,0,1085.68701171875,444.1446838378906,674.4419555664062,1088.9769287109375
1790793345.050772,1,0,1085.68701171875,444.1446838378906,674.4419555664062,1088.9769287109375
1790793345.0617368,1,0,1085.68701171875,444.1446838378906,674.4419555664062,1088.9769287109375
1790793345.072843,1,0,1085.68701171875,444.1446838378906,674.4419555664062,1088.9769287109375
1790793345.0844357,1,0,1085.68701171875,444.1446838378906,674.4419555664062,1088.9769287109375
1790793345.0953598,1,0,1110.3616943359375,470.4643859863281,740.2411499023438,1036.337646484375
1790793345.1069272,1,0,1158.066162109375,233.5872039794922,786.3005981445312,1194.2557373046875
1790793345.1183898,1,0,1153.1312255859375,286.2265930175781,661.2821044921875,1088.9769287109375
1790793345.129395,1,0,1108.716796875,241.81210327148438,565.8732299804688,1010.0179443359375
1790793345.1407733,1,0,1059.3673095703125,258.26190185546875,412.89007568359375,878.4194946289062
1790793345.151929,1,0,1059.3673095703125,258.26190185546875,412.89007568359375,878.4194946289062
1790793345.163217,1,0,1059.3673095703125,258.26190185546875,412.89007568359375,878.4194946289062
1790793345.1738453,1,0,1059.3673095703125,258.26190185546875,412.89007568359375,878.4194946289062
1790793345.1847851,1,0,1059.3673095703125,258.26190185546875,412.89007568359375,878.4194946289062
1790793345.1959896,1,0,1059.3673095703125,258.26190185546875,412.89007568359375,878.4194946289062
1790793345.207318,1,0,1059.3673095703125,258.26190185546875,412.89007568359375,878.4194946289062
1790793345.2186117,1,0,1029.7576904296875,1636.7554931640625,411.2450866699219,878.4194946289062
1790793345.229447,1,0,1006.7279663085938,1669.655029296875,412.89007568359375,799.46044921875
1790793345.240514,1,0,968.8934326171875,1669.655029296875,455.6595458984375,720.5014038085938
1790793345.251894,1,0,968.8934326171875,1669.655029296875,455.6595458984375,720.5014038085938
1790793345.2627487,1,0,968.8934326171875,1669.655029296875,455.6595458984375,720.5014038085938
1790793345.273958,1,0,968.8934326171875,1669.655029296875,455.6595458984375,720.5014038085938
1790793345.2849362,1,0,968.8934326171875,1669.655029296875,455.6595458984375,720.5014038085938
1790793345.2962582,1,0,968.8934326171875,1669.655029296875,455.6595458984375,720.5014038085938
1790793345.3073902,1,0,970.5383911132812,1663.0750732421875,498.4290466308594,825.7801513671875
1790793345.3185716,1,0,990.2781372070312,1656.4952392578125,536.2636108398438,720.5014038085938
1790793345.3295035,1,0,1003.43798828125,1638.400390625,579.0330810546875,852.0997924804688
1790793345.3407097,1,0,944.2186889648438,1641.6904296875,684.3118286132812,720.5014038085938
1790793345.352177,1,0,908.0291748046875,1631.820556640625,735.3062133789062,812.6203002929688
1790793345.3632355,1,0,896.5142822265625,1644.9803466796875,766.5608520507812,707.341552734375
1790793345.3744607,1,0,896.5142822265625,1644.9803466796875,766.5608520507812,707.341552734375
1790793345.3857286,1,0,896.5142822265625,1644.9803466796875,766.5608520507812,707.341552734375
1790793345.3968158,1,0,896.5142822265625,1644.9803466796875,766.5608520507812,707.341552734375
1790793345.408051,1,0,896.5142822265625,1644.9803466796875,766.5608520507812,707.341552734375
1790793345.4198012,1,0,896.5142822265625,1644.9803466796875,766.5608520507812,707.341552734375
1790793345.4312284,1,0,894.8693237304688,1633.4654541015625,832.3600463867188,733.6612548828125
1790793345.4424086,1,0,850.454833984375,1646.6253662109375,868.5496215820312,733.6612548828125
1790793345.4537573,1,0,898.1592407226562,1646.6253662109375,552.71337890625,932.703857421875
1790793345.4649758,1,0,917.8990478515625,1623.5955810546875,526.3937377929688,880.064453125
1790793345.4761713,1,0,806.0403442382812,1656.4952392578125,644.832275390625,748.466064453125
1790793345.4874995,1,0,806.0403442382812,1656.4952392578125,644.832275390625,748.466064453125
1790793345.4985619,1,0,806.0403442382812,1656.4952392578125,644.832275390625,748.466064453125
1790793345.509797,1,0,806.0403442382812,1656.4952392578125,644.832275390625,748.466064453125
1790793345.520917,1,0,806.0403442382812,1656.4952392578125,644.832275390625,748.466064453125
1790793345.532021,1,0,756.6909790039062,1651.560302734375,662.9270629882812,801.1054077148438
1790793345.5434375,1,0,348.73583984375,180.9478302001953,894.8693237304688,458.94952392578125
1790793345.5576425,1,0,355.3157653808594,154.62815856933594,1008.3729248046875,458.94952392578125
1790793345.5724108,1,0,375.0555114746094,786.3005981445312,1174.5159912109375,485.2691955566406
1790793345.5841799,1,0,375.0555114746094,786.3005981445312,1174.5159912109375,485.2691955566406
1790793345.595421,1,0,375.0555114746094,786.3005981445312,1174.5159912109375,485.2691955566406
1790793345.6072989,1,0,375.0555114746094,786.3005981445312,1174.5159912109375,485.2691955566406
1790793345.6184301,1,0,437.56475830078125,1496.93212890625,1312.6943359375,669.5070190429688
1790793345.6295972,1,0,440.854736328125,1260.054931640625,1370.2686767578125,537.9085693359375
1790793345.6408796,1,0,447.4346618652344,681.0218505859375,1390.0084228515625,590.5479125976562
1790793345.6527882,1,0,611.9326782226562,970.5383911132812,1653.2052001953125,801.1054077148438
1790793345.6644003,1,0,611.9326782226562,970.5383911132812,1653.2052001953125,801.1054077148438
1790793345.6760437,1,0,611.9326782226562,970.5383911132812,1653.2052001953125,801.1054077148438
1790793345.6876235,1,0,611.9326782226562,970.5383911132812,1653.2052001953125,801.1054077148438
1790793345.6990075,1,0,611.9326782226562,970.5383911132812,1653.2052001953125,801.1054077148438
1790793345.7099319,1,0,674.4419555664062,1286.3746337890625,1654.8502197265625,1011.6629028320312
1790793345.7209992,1,0,687.601806640625,338.8659362792969,1654.8502197265625,906.3841552734375
1790793345.731622,1,0,746.8211059570312,759.9808959960938,1653.2052001953125,932.703857421875
1790793345.74262,1,0,750.1110229492188,1286.3746337890625,1653.2052001953125,1064.30224609375
1790793345.7542827,1,0,750.1110229492188,865.2596435546875,1653.2052001953125,906.3841552734375
1790793345.7655263,1,0,789.590576171875,1207.41552734375,1475.54736328125,880.064453125
1790793345.7768922,1,0,789.590576171875,1207.41552734375,1475.54736328125,880.064453125
1790793345.788412,1,0,789.590576171875,1207.41552734375,1475.54736328125,880.064453125
1790793345.7992835,1,0,789.590576171875,1207.41552734375,1475.54736328125,880.064453125
1790793345.8106751,1,0,789.590576171875,1207.41552734375,1475.54736328125,880.064453125
1790793345.8216355,1,0,875.1295166015625,838.9400024414062,1238.670166015625,985.3432006835938
1790793345.8331668,1,0,927.7689208984375,786.3005981445312,942.57373046875,1037.9825439453125
1790793345.8443477,1,0,875.1295166015625,733.6612548828125,861.9697265625,985.3432006835938
1790793345.855905,1,0,954.088623046875,338.8659362792969,577.3881225585938,906.3841552734375
1790793345.8667006,1,0,1006.7279663085938,128.3084716796875,477.0443115234375,906.3841552734375
1790793345.8778572,1,0,1006.7279663085938,128.3084716796875,477.0443115234375,906.3841552734375
1790793345.8891075,1,0,1006.7279663085938,128.3084716796875,477.0443115234375,906.3841552734375
1790793345.900046,1,0,1006.7279663085938,128.3084716796875,477.0443115234375,906.3841552734375
1790793345.9112682,1,0,1006.7279663085938,128.3084716796875,477.0443115234375,906.3841552734375
1790793345.9222417,1,0,1006.7279663085938,128.3084716796875,477.0443115234375,906.3841552734375
1790793345.9334524,1,0,1085.68701171875,75.66909790039062,503.3639831542969,1090.6219482421875
1790793345.9449048,1,0,1062.6573486328125,207.26751708984375,575.7431030273438,1090.6219482421875
1790793345.9561388,1,0,1125.16650390625,128.3084716796875,483.62420654296875,1064.30224609375
1790793345.9677114,1,0,998.5030517578125,92.118896484375,253.32696533203125,801.1054077148438
1790793345.9787567,1,0,998.5030517578125,92.118896484375,253.32696533203125,801.1054077148438
1790793345.9897962,1,0,998.5030517578125,92.118896484375,253.32696533203125,801.1054077148438
1790793346.0006812,1,0,998.5030517578125,92.118896484375,253.32696533203125,801.1054077148438
1790793346.012126,1,0,998.5030517578125,92.118896484375,253.32696533203125,801.1054077148438
1790793346.023016,1,0,998.5030517578125,92.118896484375,253.32696533203125,801.1054077148438
1790793346.0336604,1,0,998.5030517578125,92.118896484375,253.32696533203125,801.1054077148438
1790793346.044763,1,0,998.5030517578125,92.118896484375,253.32696533203125,801.1054077148438
1790793346.0558937,1,0,1026.4677734375,144.75827026367188,200.68760681152344,827.4251098632812
1790793346.0671687,1,0,1003.43798828125,182.5928192138672,115.14862060546875,906.3841552734375
1790793346.07865,1,0,1090.6219482421875,333.9309997558594,27.96466636657715,886.6444091796875
1790793346.0898478,1,0,1067.59228515625,360.2507019042969,31.254627227783203,912.964111328125
1790793346.1008933,1,0,1018.2428588867188,1044.5625,65.7992172241211,834.0050048828125
1790793346.111813,1,0,1018.2428588867188,1044.5625,65.7992172241211,834.0050048828125
1790793346.1229322,1,0,1018.2428588867188,1044.5625,65.7992172241211,834.0050048828125
1790793346.1340644,1,0,1018.2428588867188,1044.5625,65.7992172241211,834.0050048828125
1790793346.1448302,1,0,1018.2428588867188,1044.5625,65.7992172241211,834.0050048828125
1790793346.1560588,1,0,1018.2428588867188,1044.5625,65.7992172241211,834.0050048828125
1790793346.1674328,1,0,975.4733276367188,1334.0791015625,126.66348266601562,834.0050048828125
1790793346.178126,1,0,1034.692626953125,1386.7183837890625,184.23779296875,991.9231567382812
1790793346.1894734,1,0,1028.1126708984375,0.0,197.39764404296875,978.7633056640625
1790793346.2003167,1,0,949.1536865234375,947.5086669921875,322.4161376953125,912.964111328125
1790793346.2112403,1,0,883.3544311523438,1026.4677734375,254.97195434570312,807.6853637695312
1790793346.2227345,1,0,975.4733276367188,1408.1031494140625,348.73583984375,912.964111328125
1790793346.2335994,1,0,935.9938354492188,1368.6236572265625,299.38641357421875,939.2837524414062
1790793346.2450507,1,0,875.1295166015625,1408.1031494140625,352.0257873535156,939.2837524414062
1790793346.255986,1,0,842.2299194335938,1309.404296875,375.0555114746094,807.6853637695312
1790793346.2668798,1,0,842.2299194335938,1309.404296875,375.0555114746094,807.6853637695312
1790793346.277877,1,0,842.2299194335938,1309.404296875,375.0555114746094,807.6853637695312
1790793346.2889652,1,0,842.2299194335938,1309.404296875,375.0555114746094,807.6853637695312
1790793346.3004324,1,0,842.2299194335938,1309.404296875,375.0555114746094,807.6853637695312
1790793346.3111758,1,0,842.2299194335938,1309.404296875,375.0555114746094,807.6853637695312
1790793346.322258,1,0,911.319091796875,1362.043701171875,384.9254150390625,886.6444091796875
1790793346.333293,1,0,850.454833984375,1210.70556640625,455.6595458984375,807.6853637695312
1790793346.344637,1,0,842.2299194335938,1296.2445068359375,460.594482421875,912.964111328125
1790793346.3557734,1,0,884.9994506835938,1427.8428955078125,551.0684204101562,1018.2428588867188
1790793346.3673227,1,0,848.8098754882812,1401.523193359375,577.3881225585938,939.2837524414062
1790793346.3788552,1,0,848.8098754882812,1401.523193359375,577.3881225585938,939.2837524414062
1790793346.390096,1,0,848.8098754882812,1401.523193359375,577.3881225585938,939.2837524414062
1790793346.400876,1,0,848.8098754882812,1401.523193359375,577.3881225585938,939.2837524414062
1790793346.4120424,1,0,848.8098754882812,1401.523193359375,577.3881225585938,939.2837524414062
1790793346.4239235,1,0,832.3600463867188,1269.9248046875,600.4178466796875,1018.2428588867188
1790793346.4354181,1,0,891.579345703125,1085.68701171875,605.352783203125,1044.5625
1790793346.4473877,1,0,868.5496215820312,1217.285400390625,582.3230590820312,1044.5625
1790793346.4592495,1,0,848.8098754882812,1283.084716796875,597.1278686523438,912.964111328125
1790793346.4709866,1,0,848.8098754882812,1283.084716796875,597.1278686523438,912.964111328125
1790793346.481761,1,0,848.8098754882812,1283.084716796875,597.1278686523438,912.964111328125
1790793346.493345,1,0,848.8098754882812,1283.084716796875,597.1278686523438,912.964111328125
1790793346.5046854,1,0,848.8098754882812,1283.084716796875,597.1278686523438,912.964111328125
1790793346.515837,1,0,809.330322265625,1283.084716796875,598.7728271484375,965.6034545898438
1790793346.5273933,1,0,868.5496215820312,1243.6051025390625,606.9977416992188,965.6034545898438
1790793346.5386932,1,0,861.9697265625,1309.404296875,577.3881225585938,886.6444091796875
1790793346.5496771,1,0,829.070068359375,1388.3634033203125,592.1929321289062,939.2837524414062
1790793346.5605347,1,0,911.319091796875,1204.1256103515625,634.96240234375,965.6034545898438
1790793346.5719116,1,0,848.8098754882812,1362.043701171875,615.22265625,965.6034545898438
1790793346.583525,1,0,832.3600463867188,1388.3634033203125,620.1575927734375,860.32470703125
1790793346.5942867,1,0,832.3600463867188,1388.3634033203125,620.1575927734375,860.32470703125
1790793346.6049695,1,0,832.3600463867188,1388.3634033203125,620.1575927734375,860.32470703125
1790793346.6155987,1,0,832.3600463867188,1388.3634033203125,620.1575927734375,860.32470703125
1790793346.6267471,1,0,832.3600463867188,1388.3634033203125,620.1575927734375,860.32470703125
1790793346.637965,1,0,875.1295166015625,1276.5047607421875,682.6668701171875,750.1110229492188
1790793346.64916,1,0,886.6444091796875,1408.1031494140625,646.477294921875,750.1110229492188
1790793346.6606183,1,0,820.84521484375,1276.5047607421875,705.6965942382812,671.1519775390625
1790793346.6714933,1,0,820.84521484375,1276.5047607421875,705.6965942382812,671.1519775390625
1790793346.6822932,0,0,820.84521484375,1276.5047607421875,705.6965942382812,671.1519775390625
1790793346.6933563,0,0,820.84521484375,1276.5047607421875,705.6965942382812,671.1519775390625
1790793346.7043521,0,0,820.84521484375,1276.5047607421875,705.6965942382812,671.1519775390625
1790793346.715274,0,0,820.84521484375,1276.5047607421875,705.6965942382812,671.1519775390625
1790793346.7267075,0,0,870.194580078125,1434.4228515625,676.0869140625,644.832275390625
1790793346.737944,0,0,866.9046630859375,1381.783447265625,666.217041015625,723.7913208007812
1790793346.749286,0,0,817.5552368164062,1434.4228515625,685.956787109375,592.1929321289062
1790793346.7604158,0,0,817.5552368164062,1434.4228515625,685.956787109375,592.1929321289062
1790793346.7717538,0,0,817.5552368164062,1434.4228515625,685.956787109375,592.1929321289062
1790793346.7825267,0,0,817.5552368164062,1434.4228515625,685.956787109375,592.1929321289062
1790793346.7934375,0,0,817.5552368164062,1434.4228515625,685.956787109375,592.1929321289062
1790793346.8047574,0,0,817.5552368164062,1434.4228515625,685.956787109375,592.1929321289062
1790793346.8159754,0,0,817.5552368164062,1487.062255859375,685.956787109375,592.1929321289062
1790793346.8270693,0,0,810.9752807617188,1566.021240234375,727.081298828125,565.8732299804688
1790793346.838003,0,0,837.2949829101562,1408.1031494140625,712.2764892578125,723.7913208007812
1790793346.8489478,0,0,810.9752807617188,1487.062255859375,672.7969360351562,592.1929321289062
1790793346.8597744,0,0,810.9752807617188,1487.062255859375,672.7969360351562,592.1929321289062
1790793346.8708625,0,0,810.9752807617188,1487.062255859375,672.7969360351562,592.1929321289062
1790793346.8816035,0,0,810.9752807617188,1487.062255859375,672.7969360351562,592.1929321289062
1790793346.8922787,0,0,810.9752807617188,1487.062255859375,672.7969360351562,592.1929321289062
1790793346.9031625,0,0,810.9752807617188,1487.062255859375,672.7969360351562,592.1929321289062
1790793346.9144387,0,0,868.5496215820312,1487.062255859375,648.1222534179688,618.5126342773438
1790793346.9252007,0,0,858.6797485351562,1539.70166015625,666.217041015625,723.7913208007812
1790793346.9375706,0,0,861.9697265625,1566.021240234375,626.7374877929688,618.5126342773438
1790793346.9485686,0,0,829.070068359375,1513.3819580078125,654.7021484375,592.1929321289062
1790793346.9600828,0,0,789.590576171875,1539.70166015625,649.7672119140625,513.23388671875
1790793346.9713244,0,0,789.590576171875,1539.70166015625,649.7672119140625,513.23388671875
1790793346.982624,0,0,789.590576171875,1539.70166015625,649.7672119140625,513.23388671875
1790793346.9939585,0,0,789.590576171875,1539.70166015625,649.7672119140625,513.23388671875
1790793347.0054116,0,0,789.590576171875,1539.70166015625,649.7672119140625,513.23388671875
1790793347.0165458,0,0,796.1704711914062,1539.70166015625,651.4122314453125,618.5126342773438
1790793347.0272498,0,0,954.088623046875,1644.9803466796875,639.8973388671875,723.7913208007812
1790793347.0385046,0,0,848.8098754882812,1381.783447265625,661.2821044921875,723.7913208007812
1790793347.0498931,0,0,873.4845581054688,1682.81494140625,662.9270629882812,592.1929321289062
1790793347.0611062,0,0,873.4845581054688,1682.81494140625,662.9270629882812,592.1929321289062
1790793347.0723772,0,0,873.4845581054688,1682.81494140625,662.9270629882812,592.1929321289062
1790793347.0831172,0,0,873.4845581054688,1682.81494140625,662.9270629882812,592.1929321289062
1790793347.0949004,0,0,873.4845581054688,1682.81494140625,662.9270629882812,592.1929321289062
1790793347.10628,0,0,873.4845581054688,1682.81494140625,662.9270629882812,592.1929321289062
1790793347.1174757,0,0,848.8098754882812,1682.81494140625,654.7021484375,618.5126342773438
1790793347.128465,0,0,929.4138793945312,1472.2574462890625,644.832275390625,750.1110229492188
1790793347.1393082,0,0,884.9994506835938,1577.5361328125,644.832275390625,592.1929321289062
1790793347.1502643,0,0,884.9994506835938,1551.2164306640625,685.956787109375,644.832275390625
1790793347.161759,0,0,848.8098754882812,1472.2574462890625,651.4122314453125,618.5126342773438
1790793347.1729486,0,0,848.8098754882812,1472.2574462890625,651.4122314453125,618.5126342773438
1790793347.1839876,0,0,848.8098754882812,1472.2574462890625,651.4122314453125,618.5126342773438
1790793347.1954386,0,0,848.8098754882812,1472.2574462890625,651.4122314453125,618.5126342773438
1790793347.2067544,0,0,848.8098754882812,1472.2574462890625,651.4122314453125,618.5126342773438
1790793347.2180092,0,0,840.5849609375,1498.5771484375,699.1166381835938,697.4716796875
1790793347.2291405,0,0,873.4845581054688,1542.9915771484375,713.9214477539062,945.8637084960938
1790793347.2405279,0,0,873.4845581054688,1542.9915771484375,713.9214477539062,945.8637084960938
1790793347.2515113,0,0,871.839599609375,1279.794677734375,736.951171875,945.8637084960938
1790793347.2627249,0,0,807.6853637695312,1174.5159912109375,732.0162353515625,919.5440063476562
1790793347.273891,0,0,871.839599609375,1227.1553955078125,802.7504272460938,814.2652587890625
1790793347.2847912,0,0,858.6797485351562,1042.91748046875,727.081298828125,866.9046630859375
1790793347.2960835,0,0,794.5255126953125,1069.2371826171875,745.1760864257812,682.6668701171875
1790793347.307066,0,0,794.5255126953125,1069.2371826171875,745.1760864257812,682.6668701171875
1790793347.3181074,0,0,794.5255126953125,1069.2371826171875,745.1760864257812,682.6668701171875
1790793347.3290355,0,0,794.5255126953125,1069.2371826171875,745.1760864257812,682.6668701171875
1790793347.3406541,0,0,794.5255126953125,1069.2371826171875,745.1760864257812,682.6668701171875
1790793347.35213,0,0,794.5255126953125,1069.2371826171875,745.1760864257812,682.6668701171875
1790793347.3636217,0,0,825.7801513671875,1069.2371826171875,741.8861083984375,787.945556640625
1790793347.3749857,0,0,842.2299194335938,1095.556884765625,707.341552734375,866.9046630859375
1790793347.3863811,0,0,853.7448120117188,963.95849609375,748.466064453125,735.3062133789062
1790793347.3973413,0,0,842.2299194335938,1069.2371826171875,741.8861083984375,866.9046630859375
1790793347.4086256,0,0,824.1351318359375,963.95849609375,746.8211059570312,735.3062133789062
1790793347.4200118,0,0,824.1351318359375,963.95849609375,746.8211059570312,735.3062133789062
1790793347.4310205,0,0,824.1351318359375,963.95849609375,746.8211059570312,735.3062133789062
1790793347.442131,0,0,824.1351318359375,963.95849609375,746.8211059570312,735.3062133789062
1790793347.4533386,0,0,824.1351318359375,963.95849609375,746.8211059570312,735.3062133789062
1790793347.4641004,0,0,898.1592407226562,937.6387939453125,769.850830078125,787.945556640625
1790793347.4755511,0,0,804.3953857421875,1042.91748046875,779.720703125,893.2243041992188
1790793347.4868617,0,0,911.319091796875,937.6387939453125,722.1463623046875,893.2243041992188
1790793347.4975135,0,0,820.84521484375,911.319091796875,776.4307250976562,787.945556640625
1790793347.5089607,0,0,904.7391967773438,1095.556884765625,789.590576171875,945.8637084960938
1790793347.5200078,0,0,845.5198974609375,1003.43798828125,769.850830078125,787.945556640625
1790793347.5307858,0,0,845.5198974609375,1003.43798828125,769.850830078125,787.945556640625
1790793347.5417464,0,0,845.5198974609375,1003.43798828125,769.850830078125,787.945556640625
1790793347.5527077,0,0,845.5198974609375,1003.43798828125,769.850830078125,787.945556640625
1790793347.563578,0,0,845.5198974609375,1003.43798828125,769.850830078125,787.945556640625
1790793347.5749986,0,0,845.5198974609375,1003.43798828125,769.850830078125,787.945556640625
1790793347.5858998,0,0,845.5198974609375,1003.43798828125,769.850830078125,787.945556640625
1790793347.5973961,0,0,845.5198974609375,1003.43798828125,769.850830078125,787.945556640625
1790793347.6087172,0,0,853.7448120117188,990.2781372070312,774.7857666015625,919.5440063476562
1790793347.61976,0,0,888.2893676757812,753.4010009765625,787.945556640625,787.945556640625
1790793347.6306152,0,0,812.6203002929688,871.839599609375,756.6909790039062,787.945556640625
1790793347.6414156,0,0,815.9102783203125,845.5198974609375,787.945556640625,682.6668701171875
1790793347.6527922,0,0,822.4901733398438,911.319091796875,787.945556640625,630.0274658203125
1790793347.664262,0,0,822.4901733398438,911.319091796875,787.945556640625,630.0274658203125
1790793347.6758797,0,0,822.4901733398438,911.319091796875,787.945556640625,630.0274658203125
1790793347.687009,0,0,822.4901733398438,911.319091796875,787.945556640625,630.0274658203125
1790793347.698026,0,0,822.4901733398438,911.319091796875,787.945556640625,630.0274658203125
1790793347.7090573,1,0,822.4901733398438,911.319091796875,787.945556640625,630.0274658203125
1790793347.7202206,1,0,861.9697265625,819.2001953125,786.3005981445312,814.2652587890625
1790793347.731767,1,0,806.0403442382812,898.1592407226562,783.0106201171875,656.34716796875
1790793347.7428317,1,0,884.9994506835938,819.2001953125,761.6259155273438,814.2652587890625
1790793347.754063,1,0,838.9400024414062,661.2821044921875,778.07568359375,708.9865112304688
1790793347.7649732,1,0,806.0403442382812,845.5198974609375,838.9400024414062,603.707763671875
1790793347.775932,1,0,806.0403442382812,845.5198974609375,838.9400024414062,603.707763671875
1790793347.7870545,1,0,806.0403442382812,845.5198974609375,838.9400024414062,603.707763671875
1790793347.7988086,1,0,886.6444091796875,697.4716796875,779.720703125,942.57373046875
1790793347.8103645,1,0,842.2299194335938,750.1110229492188,758.3359375,758.3359375
1790793347.8216715,1,0,825.7801513671875,829.070068359375,806.0403442382812,889.9343872070312
1790793347.832443,1,0,878.4194946289062,829.070068359375,845.5198974609375,837.2949829101562
1790793347.8435962,1,0,825.7801513671875,723.7913208007812,832.3600463867188,810.9752807617188
1790793347.8546546,1,0,825.7801513671875,723.7913208007812,832.3600463867188,810.9752807617188
1790793347.8655488,1,0,825.7801513671875,723.7913208007812,832.3600463867188,810.9752807617188
1790793347.8871582,1,0,825.7801513671875,723.7913208007812,832.3600463867188,810.9752807617188
1790793347.9060411,1,0,825.7801513671875,723.7913208007812,832.3600463867188,810.9752807617188
1790793347.918285,1,0,865.2596435546875,750.1110229492188,871.839599609375,942.57373046875
1790793347.9297566,1,0,773.1407470703125,802.7504272460938,819.2001953125,1021.5327758789062
1790793347.941738,1,0,746.8211059570312,750.1110229492188,806.0403442382812,968.8934326171875
1790793347.953387,1,0,825.7801513671875,486.9141845703125,753.4010009765625,916.2540283203125
1790793347.9649634,1,0,825.7801513671875,486.9141845703125,753.4010009765625,916.2540283203125
1790793347.9766111,1,0,825.7801513671875,486.9141845703125,753.4010009765625,916.2540283203125
1790793347.9872754,1,0,825.7801513671875,486.9141845703125,753.4010009765625,916.2540283203125
1790793347.9985466,1,0,825.7801513671875,486.9141845703125,753.4010009765625,916.2540283203125
1790793348.0095105,1,0,732.0162353515625,381.63543701171875,745.1760864257812,916.2540283203125
1790793348.0205576,1,0,834.0050048828125,460.594482421875,738.59619140625,995.213134765625
1790793348.0319135,1,0,820.84521484375,513.23388671875,723.7913208007812,889.9343872070312
1790793348.0434723,1,0,820.84521484375,513.23388671875,723.7913208007812,889.9343872070312
1790793348.0547514,1,0,820.84521484375,513.23388671875,723.7913208007812,889.9343872070312
1790793348.0658536,1,0,820.84521484375,513.23388671875,723.7913208007812,889.9343872070312
1790793348.0769725,1,0,820.84521484375,513.23388671875,723.7913208007812,889.9343872070312
1790793348.0881803,1,0,787.945556640625,407.95513916015625,710.6315307617188,942.57373046875
1790793348.0992105,1,0,815.9102783203125,276.356689453125,697.4716796875,889.9343872070312
1790793348.110446,1,0,837.2949829101562,289.51654052734375,763.2708740234375,863.6146850585938
1790793348.1212778,1,0,834.0050048828125,421.1149597167969,723.7913208007812,995.213134765625
1790793348.132138,1,0,814.2652587890625,486.9141845703125,776.4307250976562,916.2540283203125
1790793348.1434999,1,0,814.2652587890625,328.9960632324219,787.945556640625,810.9752807617188
1790793348.1542265,1,0,814.2652587890625,328.9960632324219,787.945556640625,810.9752807617188
1790793348.1649044,1,0,814.2652587890625,328.9960632324219,787.945556640625,810.9752807617188
1790793348.1763618,1,0,814.2652587890625,328.9960632324219,787.945556640625,810.9752807617188
1790793348.1882296,1,0,814.2652587890625,328.9960632324219,787.945556640625,810.9752807617188
1790793348.1991196,1,0,814.2652587890625,328.9960632324219,787.945556640625,810.9752807617188
1790793348.2108977,1,0,820.84521484375,407.95513916015625,802.7504272460938,784.6556396484375
1790793348.221906,1,0,817.5552368164062,223.7173309326172,815.9102783203125,889.9343872070312
1790793348.2327442,1,0,822.4901733398438,250.03701782226562,819.2001953125,784.6556396484375
1790793348.244105,1,0,822.4901733398438,250.03701782226562,819.2001953125,784.6556396484375
1790793348.2554855,1,0,822.4901733398438,250.03701782226562,819.2001953125,784.6556396484375
1790793348.266734,1,0,822.4901733398438,250.03701782226562,819.2001953125,784.6556396484375
1790793348.2783659,1,0,822.4901733398438,250.03701782226562,819.2001953125,784.6556396484375
1790793348.28955,1,0,822.4901733398438,250.03701782226562,819.2001953125,784.6556396484375
1790793348.3008733,1,0,810.9752807617188,276.356689453125,850.454833984375,863.6146850585938
1790793348.311932,1,0,817.5552368164062,223.7173309326172,815.9102783203125,837.2949829101562
1790793348.3232212,1,0,855.3897705078125,355.3157653808594,827.4251098632812,942.57373046875
1790793348.3341377,1,0,804.3953857421875,144.75827026367188,845.5198974609375,758.3359375
1790793348.3453214,1,0,806.0403442382812,250.03701782226562,843.8749389648438,863.6146850585938
1790793348.3563602,1,0,812.6203002929688,223.7173309326172,852.0997924804688,863.6146850585938
1790793348.3671627,1,0,810.9752807617188,710.6315307617188,814.2652587890625,733.6612548828125
1790793348.3783214,1,0,810.9752807617188,710.6315307617188,814.2652587890625,733.6612548828125
1790793348.389655,1,0,810.9752807617188,710.6315307617188,814.2652587890625,733.6612548828125
1790793348.4004786,1,0,810.9752807617188,710.6315307617188,814.2652587890625,733.6612548828125
1790793348.4111917,1,0,810.9752807617188,710.6315307617188,814.2652587890625,733.6612548828125
1790793348.4223351,1,0,810.9752807617188,710.6315307617188,814.2652587890625,733.6612548828125
1790793348.4335098,1,0,810.9752807617188,710.6315307617188,814.2652587890625,733.6612548828125
1790793348.444483,1,0,812.6203002929688,605.352783203125,778.07568359375,838.9400024414062
1790793348.4557233,1,0,789.590576171875,500.07403564453125,755.0459594726562,733.6612548828125
1790793348.4666839,1,0,824.1351318359375,710.6315307617188,857.0347290039062,812.6203002929688
1790793348.4778168,1,0,820.84521484375,579.0330810546875,820.84521484375,786.3005981445312
1790793348.4890058,1,0,847.1648559570312,562.583251953125,832.3600463867188,865.2596435546875
1790793348.5000348,1,0,886.6444091796875,611.9326782226562,835.6500244140625,917.8990478515625
1790793348.5108943,1,0,886.6444091796875,611.9326782226562,835.6500244140625,917.8990478515625
1790793348.5223696,1,0,886.6444091796875,611.9326782226562,835.6500244140625,917.8990478515625
1790793348.5331213,1,0,886.6444091796875,611.9326782226562,835.6500244140625,917.8990478515625
1790793348.5442,1,0,886.6444091796875,611.9326782226562,835.6500244140625,917.8990478515625
1790793348.5554318,1,0,886.6444091796875,611.9326782226562,835.6500244140625,917.8990478515625
1790793348.5671535,1,0,949.1536865234375,707.341552734375,852.0997924804688,917.8990478515625
1790793348.578261,1,0,927.7689208984375,549.4234619140625,763.2708740234375,944.2186889648438
1790793348.589149,1,0,886.6444091796875,602.0628051757812,789.590576171875,944.2186889648438
1790793348.6000516,1,0,914.6090698242188,628.3825073242188,832.3600463867188,865.2596435546875
1790793348.6113172,1,0,914.6090698242188,628.3825073242188,832.3600463867188,865.2596435546875
1790793348.6219227,1,0,914.6090698242188,628.3825073242188,832.3600463867188,865.2596435546875
1790793348.6326,1,0,914.6090698242188,628.3825073242188,832.3600463867188,865.2596435546875
1790793348.6440494,1,0,893.2243041992188,444.1446838378906,789.590576171875,917.8990478515625
1790793348.655257,1,0,876.7745361328125,582.3230590820312,819.2001953125,838.9400024414062
1790793348.66643,1,0,837.2949829101562,477.0443115234375,802.7504272460938,759.9808959960938
1790793348.6778793,1,0,866.9046630859375,582.3230590820312,771.4957885742188,733.6612548828125
1790793348.6889954,1,0,866.9046630859375,582.3230590820312,771.4957885742188,733.6612548828125
1790793348.7001233,1,0,866.9046630859375,582.3230590820312,771.4957885742188,733.6612548828125
1790793348.711491,1,0,866.9046630859375,582.3230590820312,771.4957885742188,733.6612548828125
1790793348.7229588,1,0,866.9046630859375,582.3230590820312,771.4957885742188,733.6612548828125
1790793348.7340515,1,0,893.2243041992188,477.0443115234375,817.5552368164062,838.9400024414062
1790793348.7449634,1,0,888.2893676757812,529.6836547851562,822.4901733398438,865.2596435546875
1790793348.756137,1,0,909.6741333007812,634.96240234375,819.2001953125,838.9400024414062
1790793348.767179,1,0,832.3600463867188,450.724609375,830.715087890625,707.341552734375
1790793348.778086,1,0,861.9697265625,582.3230590820312,832.3600463867188,707.341552734375
1790793348.789463,1,0,516.5238037109375,713.9214477539062,889.9343872070312,338.8659362792969
1790793348.8004854,1,0,516.5238037109375,713.9214477539062,889.9343872070312,338.8659362792969
1790793348.8117483,1,0,516.5238037109375,713.9214477539062,889.9343872070312,338.8659362792969
1790793348.822582,1,0,516.5238037109375,713.9214477539062,889.9343872070312,338.8659362792969
1790793348.8345628,1,0,516.5238037109375,713.9214477539062,889.9343872070312,338.8659362792969
1790793348.8455818,1,0,516.5238037109375,713.9214477539062,889.9343872070312,338.8659362792969
1790793348.8568146,1,0,352.0257873535156,1240.315185546875,1052.7874755859375,207.26751708984375
1790793348.8683238,1,0,338.8659362792969,1213.9954833984375,1061.0123291015625,101.98878479003906
1790793348.8799736,1,0,292.8064880371094,0.0,1225.5103759765625,49.34941101074219
1790793348.891342,1,0,414.5350341796875,552.71337890625,1582.4710693359375,259.9068908691406
1790793348.9022672,1,0,447.4346618652344,1051.1424560546875,1595.6309814453125,286.2265930175781
1790793348.9132721,1,0,565.8732299804688,1682.81494140625,1600.56591796875,496.7840576171875
1790793348.9245708,1,0,626.7374877929688,1056.077392578125,1653.2052001953125,842.2299194335938
1790793348.9360785,1,0,603.707763671875,845.5198974609375,1654.8502197265625,684.3118286132812
1790793348.9475818,1,0,590.5479125976562,503.3639831542969,1653.2052001953125,684.3118286132812
1790793348.9588218,1,0,590.5479125976562,503.3639831542969,1653.2052001953125,684.3118286132812
1790793348.9700627,1,0,590.5479125976562,503.3639831542969,1653.2052001953125,684.3118286132812
1790793348.9813898,1,0,590.5479125976562,503.3639831542969,1653.2052001953125,684.3118286132812
1790793348.9928586,1,0,590.5479125976562,503.3639831542969,1653.2052001953125,684.3118286132812
1790793349.0039601,1,0,685.956787109375,819.2001953125,1653.2052001953125,736.951171875
1790793349.0149481,1,0,830.715087890625,1477.1923828125,1653.2052001953125,1000.1480712890625
1790793349.025744,1,0,784.6556396484375,687.601806640625,1653.2052001953125,842.2299194335938
1790793349.03657,1,0,732.0162353515625,450.724609375,1495.287109375,868.5496215820312
1790793349.0478802,1,0,784.6556396484375,1398.2332763671875,1390.0084228515625,815.9102783203125
1790793349.059242,1,0,784.6556396484375,1398.2332763671875,1390.0084228515625,815.9102783203125
1790793349.0703657,1,0,784.6556396484375,1398.2332763671875,1390.0084228515625,815.9102783203125
1790793349.0811994,1,0,784.6556396484375,1398.2332763671875,1390.0084228515625,815.9102783203125
1790793349.0923345,1,0,784.6556396484375,1398.2332763671875,1390.0084228515625,815.9102783203125
1790793349.103359,1,0,927.7689208984375,977.1183471679688,1113.6517333984375,868.5496215820312
1790793349.1141453,1,0,1036.337646484375,161.20806884765625,942.57373046875,868.5496215820312
1790793349.1249685,1,0,1135.036376953125,134.8883819580078,837.2949829101562,947.5086669921875
1790793349.1359704,1,0,1052.7874755859375,134.8883819580078,784.6556396484375,815.9102783203125
1790793349.146765,1,0,1052.7874755859375,134.8883819580078,784.6556396484375,815.9102783203125
1790793349.1582553,1,0,1052.7874755859375,134.8883819580078,784.6556396484375,815.9102783203125
1790793349.169928,1,0,1052.7874755859375,134.8883819580078,784.6556396484375,815.9102783203125
1790793349.1811597,1,0,1052.7874755859375,134.8883819580078,784.6556396484375,815.9102783203125
1790793349.1922567,1,0,1026.4677734375,161.20806884765625,626.7374877929688,894.8693237304688
1790793349.203462,1,0,1026.4677734375,161.20806884765625,626.7374877929688,894.8693237304688
1790793349.2147503,1,0,1036.337646484375,69.08917236328125,435.9197998046875,921.18896484375
1790793349.2255735,1,0,1046.20751953125,233.5872039794922,465.5294494628906,763.2708740234375
1790793349.2371616,1,0,972.1834106445312,1431.1329345703125,501.718994140625,657.9921264648438
1790793349.2480855,1,0,985.3432006835938,1603.8558349609375,521.458740234375,736.951171875
1790793349.2592747,1,0,873.4845581054688,1677.8800048828125,521.458740234375,684.3118286132812
1790793349.2710476,1,0,873.4845581054688,1677.8800048828125,521.458740234375,684.3118286132812
1790793349.2818327,1,0,873.4845581054688,1677.8800048828125,521.458740234375,684.3118286132812
1790793349.2927387,1,0,873.4845581054688,1677.8800048828125,521.458740234375,684.3118286132812
1790793349.3037324,1,0,873.4845581054688,1677.8800048828125,521.458740234375,684.3118286132812
1790793349.3154922,1,0,853.7448120117188,1649.915283203125,768.205810546875,947.5086669921875
1790793349.3267665,1,0,880.064453125,1641.6904296875,748.466064453125,947.5086669921875
1790793349.3381004,1,0,643.1873168945312,1635.1104736328125,745.1760864257812,605.352783203125
1790793349.3489382,1,0,643.1873168945312,1635.1104736328125,745.1760864257812,605.352783203125
1790793349.36004,1,0,643.1873168945312,1635.1104736328125,745.1760864257812,605.352783203125
1790793349.3710208,1,0,643.1873168945312,1635.1104736328125,745.1760864257812,605.352783203125
1790793349.382186,1,0,643.1873168945312,1635.1104736328125,745.1760864257812,605.352783203125
1790793349.3934088,1,0,748.466064453125,1628.530517578125,764.9158325195312,842.2299194335938
1790793349.404646,1,0,695.82666015625,1623.5955810546875,755.0459594726562,736.951171875
1790793349.4159958,1,0,643.1873168945312,1491.9971923828125,715.5664672851562,736.951171875
1790793349.4273477,1,0,564.228271484375,1551.2164306640625,814.2652587890625,789.590576171875
1790793349.4387665,1,0,669.5070190429688,1051.1424560546875,702.4066162109375,921.18896484375
1790793349.449794,1,0,590.5479125976562,893.2243041992188,695.82666015625,684.3118286132812
1790793349.4606981,1,0,590.5479125976562,893.2243041992188,695.82666015625,684.3118286132812
1790793349.471737,1,0,590.5479125976562,893.2243041992188,695.82666015625,684.3118286132812
1790793349.4826148,1,0,590.5479125976562,893.2243041992188,695.82666015625,684.3118286132812
1790793349.494047,1,0,590.5479125976562,893.2243041992188,695.82666015625,684.3118286132812
1790793349.5055115,1,0,564.228271484375,761.6259155273438,748.466064453125,763.2708740234375
1790793349.516616,1,0,669.5070190429688,735.3062133789062,722.1463623046875,868.5496215820312
1790793349.5272915,1,0,942.57373046875,41.124507904052734,337.2209777832031,945.8637084960938
1790793349.5384762,1,0,889.9343872070312,36.18956756591797,399.730224609375,761.6259155273438
1790793349.549507,1,0,889.9343872070312,36.18956756591797,399.730224609375,761.6259155273438
1790793349.5605583,1,0,889.9343872070312,36.18956756591797,399.730224609375,761.6259155273438
1790793349.5717545,1,0,889.9343872070312,36.18956756591797,399.730224609375,761.6259155273438
1790793349.5832841,1,0,889.9343872070312,36.18956756591797,399.730224609375,761.6259155273438
1790793349.594608,1,0,889.9343872070312,39.47952651977539,465.5294494628906,814.2652587890625
1790793349.606011,1,0,626.7374877929688,547.7784423828125,613.5776977539062,393.1502990722656
1790793349.6171665,1,0,547.7784423828125,995.213134765625,682.6668701171875,445.7896728515625
1790793349.628977,1,0,541.1985473632812,1653.2052001953125,853.7448120117188,419.4700012207031
1790793349.6404386,1,0,426.0498962402344,600.4178466796875,1103.7818603515625,129.9534454345703
1790793349.651673,1,0,376.70050048828125,679.3768920898438,1051.1424560546875,129.9534454345703
1790793349.6629622,1,0,376.70050048828125,679.3768920898438,1051.1424560546875,129.9534454345703
1790793349.6738813,1,0,376.70050048828125,679.3768920898438,1051.1424560546875,129.9534454345703
1790793349.6851122,1,0,376.70050048828125,679.3768920898438,1051.1424560546875,129.9534454345703
1790793349.6962328,1,0,376.70050048828125,679.3768920898438,1051.1424560546875,129.9534454345703
1790793349.70783,1,0,386.57037353515625,1495.287109375,1215.6405029296875,182.5928192138672
1790793349.7186089,1,0,386.57037353515625,1495.287109375,1215.6405029296875,182.5928192138672
1790793349.7293656,1,0,383.2804260253906,1074.172119140625,1320.919189453125,156.27313232421875
1790793349.7405202,1,0,350.38079833984375,942.57373046875,1383.428466796875,182.5928192138672
1790793349.7520366,1,0,435.9197998046875,1363.688720703125,1566.021240234375,314.1912536621094
1790793349.763481,1,0,547.7784423828125,705.6965942382812,1569.311279296875,498.4290466308594
1790793349.7743866,1,0,646.477294921875,468.81939697265625,1572.6011962890625,630.0274658203125
1790793349.785841,1,0,646.477294921875,468.81939697265625,1572.6011962890625,630.0274658203125
1790793349.7968717,1,0,674.4419555664062,1468.9674072265625,1567.666259765625,524.7487182617188
1790793349.8080997,1,0,684.3118286132812,1153.1312255859375,1567.666259765625,577.3881225585938
1790793349.819272,1,0,684.3118286132812,1153.1312255859375,1567.666259765625,577.3881225585938
1790793349.8306494,1,0,684.3118286132812,1153.1312255859375,1567.666259765625,577.3881225585938
1790793349.8422537,1,0,684.3118286132812,1153.1312255859375,1567.666259765625,577.3881225585938
1790793349.8531158,1,0,684.3118286132812,1153.1312255859375,1567.666259765625,577.3881225585938
1790793349.8637538,1,0,684.3118286132812,1153.1312255859375,1567.666259765625,577.3881225585938
1790793349.8754046,1,0,684.3118286132812,1153.1312255859375,1567.666259765625,577.3881225585938
1790793349.8870566,1,0,751.7560424804688,968.8934326171875,1569.311279296875,656.34716796875
1790793349.8979135,1,0,893.2243041992188,1074.172119140625,1569.311279296875,972.1834106445312
1790793349.9090602,1,0,959.0235595703125,1521.6068115234375,1569.311279296875,945.8637084960938
1790793349.9207478,1,0,880.064453125,363.5406494140625,1569.311279296875,893.2243041992188
1790793349.932294,1,0,880.064453125,363.5406494140625,1569.311279296875,893.2243041992188
1790793349.9434485,1,0,880.064453125,363.5406494140625,1569.311279296875,893.2243041992188
1790793349.9548008,1,0,985.3432006835938,863.6146850585938,1569.311279296875,998.5030517578125
1790793349.9665792,1,0,1011.6629028320312,653.0571899414062,852.0997924804688,1103.7818603515625
1790793349.978159,1,0,1222.2203369140625,126.66348266601562,4.934940814971924,1393.29833984375
1790793349.9895084,1,0,1169.5810546875,653.0571899414062,0.0,1156.421142578125
1790793350.0004847,1,0,1169.5810546875,653.0571899414062,0.0,1156.421142578125
1790793350.0113704,1,0,1169.5810546875,653.0571899414062,0.0,1156.421142578125
1790793350.0224624,1,0,1169.5810546875,653.0571899414062,0.0,1156.421142578125
1790793350.0339966,1,0,1169.5810546875,653.0571899414062,0.0,1156.421142578125
1790793350.0451834,1,0,1248.5400390625,916.2540283203125,8.224902153015137,1314.3392333984375
1790793350.0565746,1,0,1274.8597412109375,324.0611267089844,4.934940814971924,1209.060546875
1790793350.0682206,1,0,1248.5400390625,1.6449803113937378,9.869881629943848,1103.7818603515625
1790793350.0790503,1,0,1261.699951171875,18.094783782958984,8.224902153015137,1024.82275390625
1790793350.090253,1,0,1248.5400390625,32.89960861206055,8.224902153015137,919.5440063476562
1790793350.1013963,1,0,1248.5400390625,32.89960861206055,8.224902153015137,919.5440063476562
1790793350.1121356,1,0,1248.5400390625,32.89960861206055,8.224902153015137,919.5440063476562
1790793350.1229813,1,0,1248.5400390625,32.89960861206055,8.224902153015137,919.5440063476562
1790793350.1346962,1,0,1248.5400390625,32.89960861206055,8.224902153015137,919.5440063476562
1790793350.1459355,1,0,1182.7408447265625,29.60964584350586,8.224902153015137,972.1834106445312
1790793350.1572835,1,0,1235.3802490234375,70.7341537475586,8.224902153015137,893.2243041992188
1790793350.1682804,1,0,1098.846923828125,268.1318054199219,27.96466636657715,919.5440063476562
1790793350.1791708,1,0,1112.0067138671875,715.5664672851562,27.96466636657715,735.3062133789062
1790793350.1903963,1,0,1077.462158203125,794.5255126953125,27.96466636657715,735.3062133789062
1790793350.2018757,1,0,1077.462158203125,794.5255126953125,27.96466636657715,735.3062133789062
1790793350.2133634,1,0,1077.462158203125,794.5255126953125,27.96466636657715,735.3062133789062
1790793350.2242932,1,0,1077.462158203125,794.5255126953125,27.96466636657715,735.3062133789062
1790793350.235361,1,0,1061.0123291015625,636.607421875,27.96466636657715,814.2652587890625
1790793350.246073,1,0,1057.722412109375,1320.919189453125,32.89960861206055,761.6259155273438
1790793350.257057,1,0,1057.722412109375,1320.919189453125,32.89960861206055,761.6259155273438
1790793350.267935,1,0,947.5086669921875,1421.2630615234375,217.1374053955078,682.6668701171875
1790793350.2790887,1,0,914.6090698242188,1449.2276611328125,330.64105224609375,708.9865112304688
1790793350.2902577,1,0,977.1183471679688,1447.5826416015625,282.9366149902344,761.6259155273438
1790793350.3009377,1,0,861.9697265625,1441.0028076171875,319.1261901855469,498.4290466308594
1790793350.312292,1,0,921.18896484375,1434.4228515625,330.64105224609375,524.7487182617188
1790793350.3240864,1,0,908.0291748046875,1421.2630615234375,317.481201171875,524.7487182617188
1790793350.3350096,1,0,908.0291748046875,1421.2630615234375,317.481201171875,524.7487182617188
1790793350.3466837,1,0,908.0291748046875,1421.2630615234375,317.481201171875,524.7487182617188
1790793350.3575337,1,0,908.0291748046875,1421.2630615234375,317.481201171875,524.7487182617188
1790793350.3683825,1,0,908.0291748046875,1421.2630615234375,317.481201171875,524.7487182617188
1790793350.3796682,1,0,908.0291748046875,1421.2630615234375,317.481201171875,524.7487182617188
1790793350.391016,1,0,917.8990478515625,1413.0380859375,384.9254150390625,682.6668701171875
1790793350.4023972,1,0,921.18896484375,1449.2276611328125,404.6651611328125,524.7487182617188
1790793350.413351,1,0,937.6387939453125,1422.907958984375,495.1390686035156,630.0274658203125
1790793350.4251254,1,0,911.319091796875,1370.2686767578125,529.6836547851562,577.3881225585938
1790793350.4365942,1,0,911.319091796875,1370.2686767578125,529.6836547851562,577.3881225585938
1790793350.4479306,1,0,911.319091796875,1370.2686767578125,529.6836547851562,577.3881225585938
1790793350.45912,1,0,911.319091796875,1370.2686767578125,529.6836547851562,577.3881225585938
1790793350.4702833,1,0,911.319091796875,1370.2686767578125,529.6836547851562,577.3881225585938
1790793350.4817705,1,0,911.319091796875,1370.2686767578125,529.6836547851562,577.3881225585938
1790793350.4931116,1,0,924.4789428710938,1370.2686767578125,554.3583984375,708.9865112304688
1790793350.5045953,1,0,871.839599609375,1133.3914794921875,564.228271484375,498.4290466308594
1790793350.515663,1,0,845.5198974609375,1186.0308837890625,556.0033569335938,524.7487182617188
1790793350.526694,1,0,884.9994506835938,949.1536865234375,582.3230590820312,498.4290466308594
1790793350.538258,1,0,884.9994506835938,949.1536865234375,582.3230590820312,498.4290466308594
1790793350.5492175,1,0,884.9994506835938,949.1536865234375,582.3230590820312,498.4290466308594
1790793350.5600438,1,0,884.9994506835938,949.1536865234375,582.3230590820312,498.4290466308594
1790793350.571012,1,0,884.9994506835938,949.1536865234375,582.3230590820312,498.4290466308594
1790793350.581967,1,0,884.9994506835938,949.1536865234375,582.3230590820312,498.4290466308594
1790793350.5933888,1,0,819.2001953125,975.4733276367188,597.1278686523438,551.0684204101562
1790793350.6049309,1,0,977.1183471679688,738.59619140625,597.1278686523438,577.3881225585938
1790793350.615732,1,0,865.2596435546875,712.2764892578125,602.0628051757812,577.3881225585938
1790793350.6268399,0,0,911.319091796875,659.6371459960938,667.8619995117188,472.1093444824219
1790793350.6384542,0,0,924.4789428710938,633.3174438476562,588.9029541015625,630.0274658203125
1790793350.649742,0,0,871.839599609375,580.6780395507812,608.6427001953125,524.7487182617188
1790793350.6631792,0,0,871.839599609375,580.6780395507812,608.6427001953125,524.7487182617188
1790793350.6752982,0,0,871.839599609375,580.6780395507812,608.6427001953125,524.7487182617188
1790793350.6869445,0,0,871.839599609375,580.6780395507812,608.6427001953125,524.7487182617188
1790793350.697934,0,0,871.839599609375,580.6780395507812,608.6427001953125,524.7487182617188
1790793350.7093356,0,0,871.839599609375,580.6780395507812,608.6427001953125,524.7487182617188
1790793350.7209983,0,0,873.4845581054688,593.837890625,639.8973388671875,950.7986450195312
1790793350.7320957,0,0,820.84521484375,593.837890625,605.352783203125,845.5198974609375
1790793350.743469,0,0,899.8042602539062,751.7560424804688,514.8788452148438,924.4789428710938
1790793350.7557175,0,0,807.6853637695312,830.715087890625,580.6780395507812,766.5608520507812
1790793350.767203,0,0,807.6853637695312,830.715087890625,580.6780395507812,766.5608520507812
1790793350.778126,0,0,807.6853637695312,830.715087890625,580.6780395507812,766.5608520507812
1790793350.7892256,0,0,807.6853637695312,830.715087890625,580.6780395507812,766.5608520507812
1790793350.8008826,0,0,807.6853637695312,830.715087890625,580.6780395507812,766.5608520507812
1790793350.8118327,0,0,926.1239624023438,857.0347290039062,615.22265625,898.1592407226562
1790793350.8225775,0,0,860.32470703125,857.0347290039062,583.968017578125,819.2001953125
1790793350.8335385,0,0,834.0050048828125,778.07568359375,537.9085693359375,819.2001953125
1790793350.84441,0,0,781.3656616210938,857.0347290039062,551.0684204101562,924.4789428710938
1790793350.8560567,0,0,807.6853637695312,804.3953857421875,583.968017578125,950.7986450195312
1790793350.8672304,0,0,834.0050048828125,883.3544311523438,590.5479125976562,924.4789428710938
1790793350.878473,0,0,832.3600463867188,949.1536865234375,575.7431030273438,845.5198974609375
1790793350.8891938,0,0,832.3600463867188,949.1536865234375,575.7431030273438,845.5198974609375
1790793350.9003766,0,0,832.3600463867188,949.1536865234375,575.7431030273438,845.5198974609375
1790793350.911323,0,0,832.3600463867188,949.1536865234375,575.7431030273438,845.5198974609375
1790793350.923091,0,0,832.3600463867188,949.1536865234375,575.7431030273438,845.5198974609375
1790793350.934362,0,0,784.6556396484375,817.5552368164062,615.22265625,792.8805541992188
1790793350.9454317,0,0,810.9752807617188,1014.952880859375,641.5423583984375,950.7986450195312
1790793350.9566,0,0,809.330322265625,738.59619140625,618.5126342773438,924.4789428710938
1790793350.9681654,0,0,871.839599609375,870.194580078125,657.9921264648438,898.1592407226562
1790793350.979616,0,0,807.6853637695312,843.8749389648438,666.217041015625,792.8805541992188
1790793350.9909153,0,0,807.6853637695312,843.8749389648438,666.217041015625,792.8805541992188
1790793351.0019395,0,0,807.6853637695312,843.8749389648438,666.217041015625,792.8805541992188
1790793351.0129569,0,0,807.6853637695312,843.8749389648438,666.217041015625,792.8805541992188
1790793351.0239747,0,0,807.6853637695312,843.8749389648438,666.217041015625,792.8805541992188
1790793351.0352309,0,0,807.6853637695312,843.8749389648438,666.217041015625,792.8805541992188
1790793351.0461817,0,0,807.6853637695312,843.8749389648438,666.217041015625,792.8805541992188
1790793351.0572476,0,0,807.6853637695312,843.8749389648438,666.217041015625,792.8805541992188
1790793351.06796,0,0,807.6853637695312,843.8749389648438,666.217041015625,792.8805541992188
1790793351.079298,0,0,815.9102783203125,797.8154907226562,690.8917236328125,845.5198974609375
1790793351.090387,0,0,797.8154907226562,889.9343872070312,657.9921264648438,792.8805541992188
1790793351.1016955,0,0,755.0459594726562,857.0347290039062,684.3118286132812,792.8805541992188
1790793351.1133804,0,0,755.0459594726562,857.0347290039062,684.3118286132812,792.8805541992188
1790793351.1248562,0,0,755.0459594726562,857.0347290039062,684.3118286132812,792.8805541992188
1790793351.1369371,0,0,755.0459594726562,857.0347290039062,684.3118286132812,792.8805541992188
1790793351.1480482,0,0,838.9400024414062,876.7745361328125,779.720703125,977.1183471679688
1790793351.159025,0,0,838.9400024414062,876.7745361328125,779.720703125,977.1183471679688
1790793351.17041,0,0,763.2708740234375,876.7745361328125,759.9808959960938,740.2411499023438
1790793351.181535,0,0,763.2708740234375,876.7745361328125,759.9808959960938,740.2411499023438
1790793351.193013,0,0,763.2708740234375,876.7745361328125,759.9808959960938,740.2411499023438
1790793351.2050533,0,0,763.2708740234375,876.7745361328125,759.9808959960938,740.2411499023438
1790793351.2167232,0,0,763.2708740234375,876.7745361328125,759.9808959960938,740.2411499023438
1790793351.2288992,0,0,809.330322265625,797.8154907226562,755.0459594726562,819.2001953125
1790793351.2407305,0,0,894.8693237304688,955.7335815429688,781.3656616210938,898.1592407226562
1790793351.2518551,0,0,934.3488159179688,850.454833984375,761.6259155273438,845.5198974609375
1790793351.2635171,0,0,908.0291748046875,955.7335815429688,787.945556640625,924.4789428710938
1790793351.2747278,0,0,796.1704711914062,955.7335815429688,794.5255126953125,713.9214477539062
1790793351.2862272,0,0,796.1704711914062,955.7335815429688,794.5255126953125,713.9214477539062
1790793351.2975452,0,0,796.1704711914062,955.7335815429688,794.5255126953125,713.9214477539062
1790793351.3088012,0,0,796.1704711914062,955.7335815429688,794.5255126953125,713.9214477539062
1790793351.320443,0,0,796.1704711914062,955.7335815429688,794.5255126953125,713.9214477539062
1790793351.332007,0,0,825.7801513671875,745.1760864257812,774.7857666015625,845.5198974609375
1790793351.343255,0,0,891.579345703125,876.7745361328125,774.7857666015625,819.2001953125
1790793351.3543515,0,0,875.1295166015625,771.4957885742188,801.1054077148438,950.7986450195312
1790793351.3653965,0,0,866.9046630859375,781.3656616210938,769.850830078125,789.590576171875
1790793351.3763928,0,0,889.9343872070312,768.205810546875,822.4901733398438,842.2299194335938
1790793351.3875062,0,0,889.9343872070312,768.205810546875,822.4901733398438,842.2299194335938
1790793351.3987374,0,0,935.9938354492188,600.4178466796875,768.205810546875,868.5496215820312
1790793351.4103537,0,0,857.0347290039062,659.6371459960938,746.8211059570312,894.8693237304688
1790793351.4217718,0,0,837.2949829101562,587.2579956054688,707.341552734375,842.2299194335938
1790793351.4332266,0,0,843.8749389648438,560.9382934570312,773.1407470703125,815.9102783203125
1790793351.4447908,0,0,843.8749389648438,560.9382934570312,773.1407470703125,815.9102783203125
1790793351.4563365,0,0,843.8749389648438,560.9382934570312,773.1407470703125,815.9102783203125
1790793351.467108,0,0,843.8749389648438,560.9382934570312,773.1407470703125,815.9102783203125
1790793351.4781892,0,0,843.8749389648438,560.9382934570312,773.1407470703125,815.9102783203125
1790793351.4889226,0,0,843.8749389648438,560.9382934570312,773.1407470703125,815.9102783203125
1790793351.5000103,0,0,903.09423828125,692.5367431640625,812.6203002929688,1079.1070556640625
1790793351.511153,0,0,810.9752807617188,718.8563842773438,825.7801513671875,1026.4677734375
1790793351.5223823,0,0,883.3544311523438,824.1351318359375,733.6612548828125,1105.4267578125
1790793351.5334034,0,0,909.6741333007812,824.1351318359375,799.46044921875,1184.3858642578125
1790793351.54484,0,0,778.07568359375,718.8563842773438,753.4010009765625,921.18896484375
1790793351.5562234,0,0,778.07568359375,718.8563842773438,753.4010009765625,921.18896484375
1790793351.567529,0,0,778.07568359375,718.8563842773438,753.4010009765625,921.18896484375
1790793351.5787106,0,0,778.07568359375,718.8563842773438,753.4010009765625,921.18896484375
1790793351.5898914,0,0,778.07568359375,718.8563842773438,753.4010009765625,921.18896484375
1790793351.601609,0,0,830.715087890625,692.5367431640625,789.590576171875,1000.1480712890625
1790793351.6127594,0,0,863.6146850585938,666.217041015625,784.6556396484375,1184.3858642578125
1790793351.6242263,0,0,863.6146850585938,639.8973388671875,730.3712768554688,1105.4267578125
1790793351.635555,0,0,804.3953857421875,718.8563842773438,750.1110229492188,1105.4267578125
1790793351.6466293,0,0,804.3953857421875,718.8563842773438,750.1110229492188,1105.4267578125
1790793351.657891,0,0,804.3953857421875,718.8563842773438,750.1110229492188,1105.4267578125
1790793351.6694899,0,0,804.3953857421875,718.8563842773438,750.1110229492188,1105.4267578125
1790793351.6807666,0,0,804.3953857421875,718.8563842773438,750.1110229492188,1105.4267578125
1790793351.692085,0,0,804.3953857421875,718.8563842773438,750.1110229492188,1105.4267578125
1790793351.7032173,0,0,810.9752807617188,903.09423828125,779.720703125,1158.066162109375
1790793351.7144449,0,0,883.3544311523438,718.8563842773438,753.4010009765625,1131.7464599609375
1790793351.7260013,0,0,784.6556396484375,560.9382934570312,746.8211059570312,1158.066162109375
1790793351.7382975,0,0,870.194580078125,626.7374877929688,773.1407470703125,1158.066162109375
1790793351.7491038,0,0,894.8693237304688,600.4178466796875,759.9808959960938,1131.7464599609375
1790793351.7603223,0,0,894.8693237304688,600.4178466796875,759.9808959960938,1131.7464599609375
1790793351.7713287,0,0,894.8693237304688,600.4178466796875,759.9808959960938,1131.7464599609375
1790793351.7824316,0,0,894.8693237304688,600.4178466796875,759.9808959960938,1131.7464599609375
1790793351.7937028,0,0,894.8693237304688,600.4178466796875,759.9808959960938,1131.7464599609375
1790793351.8049912,0,0,866.9046630859375,626.7374877929688,825.7801513671875,1158.066162109375
1790793351.8162317,0,0,866.9046630859375,758.3359375,766.5608520507812,1210.70556640625
1790793351.8275585,0,0,840.5849609375,574.09814453125,740.2411499023438,1131.7464599609375
1790793351.8382897,0,0,880.064453125,626.7374877929688,819.2001953125,1079.1070556640625
1790793351.8497303,0,0,880.064453125,626.7374877929688,819.2001953125,1079.1070556640625
1790793351.8611376,0,0,880.064453125,626.7374877929688,819.2001953125,1079.1070556640625
1790793351.8718455,0,0,880.064453125,626.7374877929688,819.2001953125,1079.1070556640625
1790793351.8830903,0,0,880.064453125,626.7374877929688,819.2001953125,1079.1070556640625
1790793351.8948526,0,0,945.8637084960938,732.0162353515625,786.3005981445312,1237.0252685546875
1790793351.9061246,0,0,870.194580078125,641.5423583984375,776.4307250976562,855.3897705078125
1790793351.9171648,0,0,870.194580078125,457.3045349121094,756.6909790039062,776.4307250976562
1790793351.928339,0,0,883.3544311523438,720.5014038085938,822.4901733398438,908.0291748046875
1790793351.9402158,0,0,909.6741333007812,562.583251953125,756.6909790039062,855.3897705078125
1790793351.9513419,0,0,883.3544311523438,483.62420654296875,829.070068359375,750.1110229492188
1790793351.962081,0,0,883.3544311523438,483.62420654296875,829.070068359375,750.1110229492188
1790793351.973501,0,0,883.3544311523438,483.62420654296875,829.070068359375,750.1110229492188
1790793351.985249,0,0,883.3544311523438,483.62420654296875,829.070068359375,750.1110229492188
1790793351.996263,0,0,883.3544311523438,483.62420654296875,829.070068359375,750.1110229492188
1790793352.0073829,0,0,883.3544311523438,483.62420654296875,829.070068359375,750.1110229492188
1790793352.018431,0,0,883.3544311523438,483.62420654296875,829.070068359375,750.1110229492188
1790793352.0297968,0,0,883.3544311523438,483.62420654296875,829.070068359375,750.1110229492188
1790793352.0410962,0,0,909.6741333007812,536.2636108398438,809.330322265625,855.3897705078125
1790793352.0528054,0,0,909.6741333007812,299.38641357421875,835.6500244140625,829.070068359375
1790793352.0644557,0,0,935.9938354492188,509.94390869140625,835.6500244140625,908.0291748046875
1790793352.0755508,0,0,857.0347290039062,430.98486328125,809.330322265625,644.832275390625
1790793352.0864813,0,0,883.3544311523438,352.0257873535156,809.330322265625,723.7913208007812
1790793352.09866,0,0,883.3544311523438,352.0257873535156,809.330322265625,723.7913208007812
1790793352.1102653,0,0,883.3544311523438,352.0257873535156,809.330322265625,723.7913208007812
1790793352.1216173,0,0,883.3544311523438,352.0257873535156,809.330322265625,723.7913208007812
1790793352.1331892,0,0,935.9938354492188,430.98486328125,861.9697265625,908.0291748046875
1790793352.1443977,0,0,935.9938354492188,325.70611572265625,809.330322265625,776.4307250976562
1790793352.1556175,0,0,935.9938354492188,509.94390869140625,730.3712768554688,644.832275390625
1790793352.1668386,0,0,988.6331787109375,509.94390869140625,730.3712768554688,618.5126342773438
1790793352.1778553,0,0,988.6331787109375,509.94390869140625,730.3712768554688,618.5126342773438
1790793352.1884952,0,0,988.6331787109375,509.94390869140625,730.3712768554688,618.5126342773438
1790793352.199541,0,0,988.6331787109375,509.94390869140625,730.3712768554688,618.5126342773438
1790793352.2106264,0,0,988.6331787109375,509.94390869140625,730.3712768554688,618.5126342773438
1790793352.2213154,0,0,988.6331787109375,509.94390869140625,730.3712768554688,618.5126342773438
1790793352.2324562,0,0,988.6331787109375,509.94390869140625,730.3712768554688,618.5126342773438
1790793352.2442873,0,0,988.6331787109375,509.94390869140625,730.3712768554688,618.5126342773438
1790793352.2550857,0,0,857.0347290039062,299.38641357421875,730.3712768554688,618.5126342773438
1790793352.2658098,0,0,962.3134765625,483.62420654296875,690.8917236328125,618.5126342773438
1790793352.2770798,0,0,883.3544311523438,536.2636108398438,756.6909790039062,539.5535278320312
1790793352.2888646,0,0,883.3544311523438,536.2636108398438,756.6909790039062,539.5535278320312
1790793352.2996647,0,0,857.0347290039062,523.103759765625,783.0106201171875,579.0330810546875
1790793352.3108609,0,0,988.6331787109375,621.8025512695312,756.6909790039062,605.352783203125
1790793352.3223922,0,0,988.6331787109375,621.8025512695312,756.6909790039062,605.352783203125
1790793352.33386,0,0,988.6331787109375,621.8025512695312,756.6909790039062,605.352783203125
1790793352.3449633,0,0,988.6331787109375,621.8025512695312,756.6909790039062,605.352783203125
1790793352.3566322,0,0,962.3134765625,595.48291015625,759.9808959960938,644.832275390625
1790793352.3682756,0,0,909.6741333007812,690.8917236328125,786.3005981445312,539.5535278320312
1790793352.379273,0,0,830.715087890625,638.2523803710938,773.1407470703125,355.3157653808594
1790793352.3912358,0,0,830.715087890625,638.2523803710938,773.1407470703125,355.3157653808594
1790793352.402135,0,0,830.715087890625,638.2523803710938,773.1407470703125,355.3157653808594
1790793352.4131322,0,0,830.715087890625,638.2523803710938,773.1407470703125,355.3157653808594
1790793352.4244318,0,0,830.715087890625,638.2523803710938,773.1407470703125,355.3157653808594
1790793352.4351926,0,0,857.0347290039062,717.21142578125,759.9808959960938,486.9141845703125
1790793352.446225,0,0,896.5142822265625,638.2523803710938,810.9752807617188,434.2748107910156
1790793352.4578292,0,0,791.2355346679688,743.5311279296875,783.0106201171875,328.9960632324219
1790793352.4693975,0,0,883.3544311523438,796.1704711914062,753.4010009765625,513.23388671875
1790793352.4802167,0,0,870.194580078125,848.8098754882812,764.9158325195312,407.95513916015625
1790793352.491661,0,0,870.194580078125,848.8098754882812,764.9158325195312,407.95513916015625
1790793352.5032523,0,0,870.194580078125,848.8098754882812,764.9158325195312,407.95513916015625
1790793352.5140934,0,0,870.194580078125,848.8098754882812,764.9158325195312,407.95513916015625
1790793352.5251105,0,0,870.194580078125,848.8098754882812,764.9158325195312,407.95513916015625
1790793352.5363812,0,0,779.720703125,679.3768920898438,750.1110229492188,819.2001953125
1790793352.5478687,0,0,825.7801513671875,600.4178466796875,792.8805541992188,871.839599609375
1790793352.5591714,0,0,824.1351318359375,758.3359375,756.6909790039062,792.8805541992188
1790793352.570465,0,0,829.070068359375,758.3359375,779.720703125,740.2411499023438
1790793352.5812778,0,0,829.070068359375,758.3359375,779.720703125,740.2411499023438
1790793352.5923607,0,0,829.070068359375,758.3359375,779.720703125,740.2411499023438
1790793352.6035502,0,0,829.070068359375,758.3359375,779.720703125,740.2411499023438
1790793352.6143596,0,0,829.070068359375,758.3359375,779.720703125,740.2411499023438
1790793352.625548,0,0,784.6556396484375,705.6965942382812,776.4307250976562,661.2821044921875
1790793352.636604,0,0,794.5255126953125,758.3359375,766.5608520507812,687.601806640625
1790793352.6477535,0,0,852.0997924804688,889.9343872070312,799.46044921875,687.601806640625
1790793352.6590316,0,0,822.4901733398438,863.6146850585938,786.3005981445312,792.8805541992188
1790793352.670238,0,0,827.4251098632812,837.2949829101562,852.0997924804688,661.2821044921875
1790793352.6809776,0,0,926.1239624023438,1074.172119140625,878.4194946289062,766.5608520507812
1790793352.6922238,0,0,804.3953857421875,942.57373046875,858.6797485351562,634.96240234375
1790793352.7037532,0,0,857.0347290039062,896.5142822265625,812.6203002929688,713.9214477539062
1790793352.7147717,0,0,857.0347290039062,896.5142822265625,812.6203002929688,713.9214477539062
1790793352.7255063,0,0,857.0347290039062,896.5142822265625,812.6203002929688,713.9214477539062
1790793352.737201,0,0,857.0347290039062,896.5142822265625,812.6203002929688,713.9214477539062
1790793352.7481341,0,0,857.0347290039062,896.5142822265625,812.6203002929688,713.9214477539062
1790793352.7591882,0,0,810.9752807617188,975.4733276367188,773.1407470703125,661.2821044921875
1790793352.7704034,0,0,863.6146850585938,1061.0123291015625,796.1704711914062,792.8805541992188
1790793352.781729,0,0,843.8749389648438,1054.432373046875,838.9400024414062,766.5608520507812
1790793352.79277,0,0,857.0347290039062,817.5552368164062,723.7913208007812,687.601806640625
1790793352.8037896,0,0,850.454833984375,896.5142822265625,850.454833984375,608.6427001953125
1790793352.8150043,0,0,810.9752807617188,896.5142822265625,871.839599609375,608.6427001953125
1790793352.8262954,0,0,810.9752807617188,896.5142822265625,871.839599609375,608.6427001953125
1790793352.8380122,0,0,810.9752807617188,896.5142822265625,871.839599609375,608.6427001953125
1790793352.848788,0,0,810.9752807617188,896.5142822265625,871.839599609375,608.6427001953125
1790793352.8600972,0,0,810.9752807617188,896.5142822265625,871.839599609375,608.6427001953125
1790793352.8713076,0,0,797.8154907226562,949.1536865234375,843.8749389648438,740.2411499023438
1790793352.882144,0,0,843.8749389648438,817.5552368164062,794.5255126953125,687.601806640625
1790793352.8935294,0,0,791.2355346679688,764.9158325195312,834.0050048828125,608.6427001953125
1790793352.904634,0,0,817.5552368164062,843.8749389648438,835.6500244140625,687.601806640625
1790793352.9159086,0,0,712.2764892578125,843.8749389648438,822.4901733398438,529.6836547851562
1790793352.927094,0,0,712.2764892578125,843.8749389648438,822.4901733398438,529.6836547851562
1790793352.9383159,1,0,712.2764892578125,843.8749389648438,822.4901733398438,529.6836547851562
1790793352.9495344,1,0,712.2764892578125,843.8749389648438,822.4901733398438,529.6836547851562
1790793352.9603765,1,0,712.2764892578125,843.8749389648438,822.4901733398438,529.6836547851562
1790793352.971546,1,0,712.2764892578125,843.8749389648438,822.4901733398438,529.6836547851562
1790793352.982315,1,0,817.5552368164062,962.3134765625,866.9046630859375,661.2821044921875
1790793352.9934635,1,0,870.194580078125,962.3134765625,840.5849609375,766.5608520507812
1790793353.0045362,1,0,738.59619140625,922.833984375,866.9046630859375,687.601806640625
1790793353.0152366,1,0,843.8749389648438,922.833984375,866.9046630859375,819.2001953125
1790793353.0264845,1,0,786.3005981445312,850.454833984375,822.4901733398438,812.6203002929688
1790793353.0377476,1,0,759.9808959960938,692.5367431640625,820.84521484375,733.6612548828125
1790793353.0489583,1,0,759.9808959960938,692.5367431640625,820.84521484375,733.6612548828125
1790793353.0602615,1,0,759.9808959960938,692.5367431640625,820.84521484375,733.6612548828125
1790793353.0710433,1,0,759.9808959960938,692.5367431640625,820.84521484375,733.6612548828125
1790793353.0821373,1,0,759.9808959960938,692.5367431640625,820.84521484375,733.6612548828125
1790793353.0935404,1,0,759.9808959960938,692.5367431640625,820.84521484375,733.6612548828125
1790793353.105176,1,0,759.9808959960938,692.5367431640625,820.84521484375,733.6612548828125
1790793353.1158617,1,0,759.9808959960938,824.1351318359375,835.6500244140625,812.6203002929688
1790793353.1274447,1,0,865.2596435546875,876.7745361328125,769.850830078125,838.9400024414062
1790793353.1385815,1,0,735.3062133789062,692.5367431640625,787.945556640625,838.9400024414062
1790793353.149688,1,0,774.7857666015625,982.0532836914062,797.8154907226562,759.9808959960938
1790793353.160319,1,0,801.1054077148438,824.1351318359375,791.2355346679688,759.9808959960938
1790793353.171656,1,0,758.3359375,903.09423828125,814.2652587890625,733.6612548828125
1790793353.1828897,1,0,797.8154907226562,959.0235595703125,810.9752807617188,838.9400024414062
1790793353.194249,1,0,768.205810546875,939.2837524414062,840.5849609375,654.7021484375
1790793353.2141218,1,0,834.0050048828125,1044.5625,796.1704711914062,865.2596435546875
1790793353.2262883,1,0,751.7560424804688,985.3432006835938,860.32470703125,681.0218505859375
1790793353.238506,1,0,807.6853637695312,906.3841552734375,810.9752807617188,838.9400024414062
1790793353.2492044,1,0,791.2355346679688,1037.9825439453125,870.194580078125,786.3005981445312
1790793353.260721,1,0,745.1760864257812,1011.6629028320312,858.6797485351562,654.7021484375
1790793353.272939,1,0,781.3656616210938,959.0235595703125,815.9102783203125,759.9808959960938
1790793353.2844963,1,0,787.945556640625,959.0235595703125,814.2652587890625,707.341552734375
1790793353.2956393,1,0,774.7857666015625,1011.6629028320312,853.7448120117188,759.9808959960938
1790793353.3067489,1,0,735.3062133789062,827.4251098632812,748.466064453125,865.2596435546875
1790793353.3175995,1,0,735.3062133789062,1064.30224609375,801.1054077148438,891.579345703125
1790793353.328866,1,0,764.9158325195312,978.7633056640625,781.3656616210938,812.6203002929688
1790793353.3405194,1,0,741.8861083984375,972.1834106445312,827.4251098632812,759.9808959960938
1790793353.3515742,1,0,695.82666015625,991.9231567382812,728.726318359375,786.3005981445312
1790793353.3627338,1,0,722.1463623046875,1057.722412109375,718.8563842773438,917.8990478515625
1790793353.37337,1,0,768.205810546875,1018.2428588867188,801.1054077148438,865.2596435546875
1790793353.3856575,1,0,702.4066162109375,965.6034545898438,751.7560424804688,891.579345703125
1790793353.3972278,1,0,809.330322265625,740.2411499023438,774.7857666015625,713.9214477539062
1790793353.408258,1,0,848.8098754882812,819.2001953125,825.7801513671875,819.2001953125
1790793353.4191415,1,0,848.8098754882812,740.2411499023438,829.070068359375,845.5198974609375
1790793353.4297779,1,0,776.4307250976562,740.2411499023438,825.7801513671875,661.2821044921875
1790793353.4408212,1,0,717.21142578125,792.8805541992188,759.9808959960938,713.9214477539062
1790793353.4516363,1,0,717.21142578125,792.8805541992188,759.9808959960938,713.9214477539062
1790793353.4626217,1,0,829.070068359375,766.5608520507812,832.3600463867188,740.2411499023438
1790793353.473893,1,0,861.9697265625,556.0033569335938,720.5014038085938,845.5198974609375
1790793353.484867,1,0,861.9697265625,556.0033569335938,720.5014038085938,845.5198974609375
1790793353.4956124,1,0,861.9697265625,556.0033569335938,720.5014038085938,845.5198974609375
1790793353.5064938,1,0,861.9697265625,556.0033569335938,720.5014038085938,845.5198974609375
1790793353.5174656,1,0,861.9697265625,556.0033569335938,720.5014038085938,845.5198974609375
1790793353.5283427,1,0,861.9697265625,661.2821044921875,773.1407470703125,819.2001953125
1790793353.5395782,1,0,835.6500244140625,713.9214477539062,773.1407470703125,871.839599609375
1790793353.5510285,1,0,927.7689208984375,740.2411499023438,746.8211059570312,819.2001953125
1790793353.5623093,1,0,927.7689208984375,740.2411499023438,746.8211059570312,819.2001953125
1790793353.5731676,1,0,927.7689208984375,740.2411499023438,746.8211059570312,819.2001953125
1790793353.5842812,1,0,927.7689208984375,740.2411499023438,746.8211059570312,819.2001953125
1790793353.595277,1,0,927.7689208984375,740.2411499023438,746.8211059570312,819.2001953125
1790793353.6060553,1,0,927.7689208984375,661.2821044921875,776.4307250976562,977.1183471679688
1790793353.6174672,1,0,875.1295166015625,792.8805541992188,789.590576171875,792.8805541992188
1790793353.629009,1,0,901.44921875,713.9214477539062,763.2708740234375,819.2001953125
1790793353.640527,1,0,901.44921875,766.5608520507812,707.341552734375,950.7986450195312
1790793353.6519105,1,0,901.44921875,766.5608520507812,707.341552734375,950.7986450195312
1790793353.662588,1,0,901.44921875,766.5608520507812,707.341552734375,950.7986450195312
1790793353.6732452,1,0,769.850830078125,713.9214477539062,778.07568359375,898.1592407226562
1790793353.6844246,1,0,875.1295166015625,753.4010009765625,792.8805541992188,950.7986450195312
1790793353.69592,1,0,776.4307250976562,766.5608520507812,807.6853637695312,845.5198974609375
1790793353.707174,1,0,776.4307250976562,766.5608520507812,807.6853637695312,845.5198974609375
1790793353.718727,1,0,776.4307250976562,766.5608520507812,807.6853637695312,845.5198974609375
1790793353.729866,1,0,776.4307250976562,766.5608520507812,807.6853637695312,845.5198974609375
1790793353.741189,1,0,842.2299194335938,766.5608520507812,791.2355346679688,1003.43798828125
1790793353.7523355,1,0,763.2708740234375,792.8805541992188,834.0050048828125,950.7986450195312
1790793353.7634254,1,0,519.8137817382812,977.1183471679688,787.945556640625,740.2411499023438
1790793353.7749484,1,0,401.3752136230469,1108.716796875,870.194580078125,634.96240234375
1790793353.7858517,1,0,414.5350341796875,1345.5938720703125,912.964111328125,503.3639831542969
1790793353.79743,1,0,414.5350341796875,1345.5938720703125,912.964111328125,503.3639831542969
1790793353.8084304,1,0,414.5350341796875,1345.5938720703125,912.964111328125,503.3639831542969
1790793353.8195074,1,0,345.44586181640625,1330.7890625,886.6444091796875,529.6836547851562
1790793353.8305867,1,0,325.70611572265625,1547.926513671875,939.2837524414062,450.724609375
1790793353.8416789,1,0,411.2450866699219,1557.79638671875,1044.5625,634.96240234375
1790793353.8527374,1,0,365.1856384277344,1506.802001953125,1176.160888671875,634.96240234375
1790793353.8635974,1,0,365.1856384277344,1506.802001953125,1176.160888671875,634.96240234375
1790793353.8746083,1,0,365.1856384277344,1506.802001953125,1176.160888671875,634.96240234375
1790793353.8853104,1,0,365.1856384277344,1506.802001953125,1176.160888671875,634.96240234375
1790793353.8962748,1,0,365.1856384277344,1506.802001953125,1176.160888671875,634.96240234375
1790793353.9072063,1,0,417.82501220703125,65.7992172241211,1110.3616943359375,845.5198974609375
1790793353.9186919,1,0,523.103759765625,59.21929168701172,1070.8822021484375,1003.43798828125
1790793353.9298053,1,0,834.0050048828125,47.704429626464844,991.9231567382812,889.9343872070312
1790793353.9410307,1,0,834.0050048828125,47.704429626464844,991.9231567382812,889.9343872070312
1790793353.9523594,1,0,834.0050048828125,47.704429626464844,991.9231567382812,889.9343872070312
1790793353.9637532,1,0,755.0459594726562,19.739763259887695,1031.4027099609375,810.9752807617188
1790793353.9754035,1,0,860.32470703125,34.544586181640625,1005.0830078125,810.9752807617188
1790793353.9867315,1,0,1044.5625,1654.8502197265625,860.32470703125,1153.1312255859375
1790793353.9975243,1,0,1044.5625,1654.8502197265625,860.32470703125,1153.1312255859375
1790793354.0088189,1,0,1044.5625,1654.8502197265625,860.32470703125,1153.1312255859375
1790793354.0199866,1,0,1044.5625,1654.8502197265625,860.32470703125,1153.1312255859375
1790793354.0309205,1,0,1044.5625,1654.8502197265625,860.32470703125,1153.1312255859375
1790793354.0424235,1,0,1044.5625,1654.8502197265625,860.32470703125,1153.1312255859375
1790793354.0533245,1,0,1044.5625,1654.8502197265625,860.32470703125,1153.1312255859375
1790793354.0644016,1,0,1176.160888671875,1672.945068359375,873.4845581054688,1153.1312255859375
1790793354.0760572,1,0,1097.201904296875,1649.915283203125,847.1648559570312,1126.8115234375
1790793354.0874867,1,0,965.6034545898438,1202.4805908203125,820.84521484375,1100.4918212890625
1790793354.099139,1,0,1123.5216064453125,722.1463623046875,689.2467651367188,1258.409912109375
1790793354.1106188,1,0,1123.5216064453125,722.1463623046875,689.2467651367188,1258.409912109375
1790793354.121545,1,0,1241.960205078125,590.5479125976562,590.5479125976562,1205.7706298828125
1790793354.132295,1,0,926.1239624023438,643.1873168945312,662.9270629882812,1047.8525390625
1790793354.143087,1,0,926.1239624023438,643.1873168945312,662.9270629882812,1047.8525390625
1790793354.154596,1,0,926.1239624023438,643.1873168945312,662.9270629882812,1047.8525390625
1790793354.1663334,1,0,926.1239624023438,643.1873168945312,662.9270629882812,1047.8525390625
1790793354.1776557,1,0,926.1239624023438,643.1873168945312,662.9270629882812,1047.8525390625
1790793354.1886857,1,0,1195.9007568359375,590.5479125976562,682.6668701171875,1126.8115234375
1790793354.2000623,1,0,1070.8822021484375,537.9085693359375,715.5664672851562,1021.5327758789062
1790793354.2110953,1,0,1163.0010986328125,511.5888977050781,616.8676147460938,1179.450927734375
1790793354.2223587,1,0,998.5030517578125,537.9085693359375,630.0274658203125,995.213134765625
1790793354.2333345,1,0,959.0235595703125,669.5070190429688,649.7672119140625,916.2540283203125
1790793354.2448373,1,0,1037.9825439453125,748.466064453125,659.6371459960938,1126.8115234375
1790793354.2557807,1,0,1037.9825439453125,748.466064453125,659.6371459960938,1126.8115234375
1790793354.2668908,1,0,1037.9825439453125,748.466064453125,659.6371459960938,1126.8115234375
1790793354.2781146,1,0,1037.9825439453125,748.466064453125,659.6371459960938,1126.8115234375
1790793354.289283,1,0,1037.9825439453125,748.466064453125,659.6371459960938,1126.8115234375
1790793354.3002794,1,0,1024.82275390625,774.7857666015625,633.3174438476562,916.2540283203125
1790793354.3117218,1,0,998.5030517578125,932.703857421875,722.1463623046875,916.2540283203125
1790793354.3228476,1,0,942.57373046875,853.7448120117188,626.7374877929688,863.6146850585938
1790793354.3342512,1,0,963.95849609375,932.703857421875,661.2821044921875,995.213134765625
1790793354.3454921,1,0,982.0532836914062,1037.9825439453125,669.5070190429688,863.6146850585938
1790793354.3567424,1,0,916.2540283203125,932.703857421875,664.5720825195312,916.2540283203125
1790793354.3678882,1,0,916.2540283203125,932.703857421875,664.5720825195312,916.2540283203125
1790793354.3799536,1,0,916.2540283203125,932.703857421875,664.5720825195312,916.2540283203125
1790793354.3910935,1,0,916.2540283203125,932.703857421875,664.5720825195312,916.2540283203125
1790793354.4019399,1,0,916.2540283203125,932.703857421875,664.5720825195312,916.2540283203125
1790793354.4132705,1,0,916.2540283203125,932.703857421875,664.5720825195312,916.2540283203125
1790793354.4245064,1,0,824.1351318359375,906.3841552734375,718.8563842773438,837.2949829101562
1790793354.4358115,1,0,728.726318359375,1195.9007568359375,713.9214477539062,705.6965942382812
1790793354.4471705,1,0,488.5591735839844,1248.5400390625,743.5311279296875,495.1390686035156
1790793354.4586267,1,0,488.5591735839844,1248.5400390625,743.5311279296875,495.1390686035156
1790793354.4706297,1,0,396.4402770996094,1577.5361328125,909.6741333007812,468.81939697265625
1790793354.4815328,1,0,396.4402770996094,1577.5361328125,909.6741333007812,468.81939697265625
1790793354.4928138,1,0,396.4402770996094,1577.5361328125,909.6741333007812,468.81939697265625
1790793354.503839,1,0,396.4402770996094,1577.5361328125,909.6741333007812,468.81939697265625
1790793354.5148778,1,0,396.4402770996094,1577.5361328125,909.6741333007812,468.81939697265625
1790793354.5261233,1,0,396.4402770996094,1577.5361328125,909.6741333007812,468.81939697265625
1790793354.5372124,1,0,409.60009765625,1623.5955810546875,1065.947265625,337.2209777832031
1790793354.5485408,1,0,488.5591735839844,1607.145751953125,1138.326416015625,468.81939697265625
1790793354.5621784,1,0,396.4402770996094,1603.8558349609375,1136.681396484375,337.2209777832031
1790793354.5765872,1,0,435.9197998046875,1613.7257080078125,1190.9658203125,547.7784423828125
1790793354.5882163,1,0,462.2394714355469,78.95905303955078,1371.91357421875,547.7784423828125
1790793354.5995529,1,0,462.2394714355469,78.95905303955078,1371.91357421875,547.7784423828125
1790793354.6107817,1,0,462.2394714355469,78.95905303955078,1371.91357421875,547.7784423828125
1790793354.621675,1,0,462.2394714355469,78.95905303955078,1371.91357421875,547.7784423828125
1790793354.6331918,1,0,462.2394714355469,78.95905303955078,1371.91357421875,547.7784423828125
1790793354.6442683,1,0,462.2394714355469,78.95905303955078,1371.91357421875,547.7784423828125
1790793354.6552424,1,0,462.2394714355469,78.95905303955078,1371.91357421875,547.7784423828125
1790793354.6671517,1,0,508.2989196777344,368.4755859375,1401.523193359375,442.4997253417969
1790793354.6790884,1,0,562.583251953125,75.66909790039062,1672.945068359375,513.23388671875
1790793354.6904824,1,0,531.3286743164062,628.3825073242188,1648.270263671875,565.8732299804688
1790793354.702048,1,0,542.843505859375,759.9808959960938,1654.8502197265625,671.1519775390625
1790793354.7130148,1,0,570.8081665039062,552.71337890625,1653.2052001953125,829.070068359375
1790793354.7237692,1,0,600.4178466796875,1079.1070556640625,1653.2052001953125,908.0291748046875
1790793354.7353935,1,0,600.4178466796875,1079.1070556640625,1653.2052001953125,908.0291748046875
1790793354.7472854,1,0,600.4178466796875,1079.1070556640625,1653.2052001953125,908.0291748046875
1790793354.758532,1,0,600.4178466796875,1079.1070556640625,1653.2052001953125,908.0291748046875
1790793354.7706456,1,0,600.4178466796875,1079.1070556640625,1653.2052001953125,908.0291748046875
1790793354.7815866,1,0,603.707763671875,1342.303955078125,1653.2052001953125,829.070068359375
1790793354.7926998,1,0,702.4066162109375,1237.0252685546875,1653.2052001953125,908.0291748046875
1790793354.8041296,1,0,659.6371459960938,1368.6236572265625,1653.2052001953125,1065.947265625
1790793354.814875,1,0,810.9752807617188,684.3118286132812,1653.2052001953125,1065.947265625
1790793354.8257012,1,0,863.6146850585938,1000.1480712890625,1653.2052001953125,1039.6275634765625
1790793354.8364346,1,0,1021.5327758789062,1131.7464599609375,1653.2052001953125,1355.4637451171875
1790793354.8482313,1,0,1021.5327758789062,1131.7464599609375,1653.2052001953125,1355.4637451171875
1790793354.8595161,1,0,1021.5327758789062,1131.7464599609375,1653.2052001953125,1355.4637451171875
1790793354.8703809,1,0,1021.5327758789062,1131.7464599609375,1653.2052001953125,1355.4637451171875
1790793354.8815987,1,0,1021.5327758789062,1131.7464599609375,1653.2052001953125,1355.4637451171875
1790793354.892612,1,0,968.8934326171875,1026.4677734375,1651.560302734375,1197.545654296875
1790793354.903571,1,0,1074.172119140625,26.319684982299805,1187.67578125,1223.8653564453125
1790793354.9150155,1,0,1337.3690185546875,1682.81494140625,962.3134765625,1592.3409423828125
1790793354.926197,1,0,1278.1497802734375,366.83062744140625,580.6780395507812,1276.5047607421875
1790793354.9370353,1,0,1363.688720703125,235.23219299316406,567.5181884765625,1302.824462890625
1790793354.9484496,1,0,1317.6292724609375,682.6668701171875,633.3174438476562,1302.824462890625
1790793354.959698,1,0,1317.6292724609375,682.6668701171875,633.3174438476562,1302.824462890625
1790793354.9705985,1,0,1317.6292724609375,682.6668701171875,633.3174438476562,1302.824462890625
1790793354.9816735,1,0,1317.6292724609375,682.6668701171875,633.3174438476562,1302.824462890625
1790793354.993419,1,0,1317.6292724609375,682.6668701171875,633.3174438476562,1302.824462890625
1790793355.004838,1,0,1429.4879150390625,498.4290466308594,541.1985473632812,1302.824462890625
1790793355.0161924,1,0,1350.52880859375,0.0,491.84912109375,1276.5047607421875
1790793355.027174,1,0,1311.04931640625,1315.9842529296875,333.9309997558594,1223.8653564453125
1790793355.0382464,1,0,1245.2501220703125,1631.820556640625,271.4217529296875,1144.9063720703125
1790793355.0491664,1,0,1311.04931640625,1631.820556640625,238.52215576171875,1197.545654296875
1790793355.0601542,1,0,1241.960205078125,1631.820556640625,218.78237915039062,1250.18505859375
1790793355.0709558,1,0,1241.960205078125,1631.820556640625,218.78237915039062,1250.18505859375
1790793355.0823207,1,0,1241.960205078125,1631.820556640625,218.78237915039062,1250.18505859375
1790793355.0939581,1,0,1241.960205078125,1631.820556640625,218.78237915039062,1250.18505859375
1790793355.1050694,1,0,1241.960205078125,1631.820556640625,218.78237915039062,1250.18505859375
1790793355.1159286,1,0,1241.960205078125,1631.820556640625,218.78237915039062,1250.18505859375
1790793355.126947,1,0,1233.7352294921875,1646.6253662109375,212.2024688720703,1092.2669677734375
1790793355.1378758,1,0,1148.1962890625,1641.6904296875,337.2209777832031,1118.586669921875
1790793355.1492,1,0,1154.7762451171875,1640.04541015625,327.35107421875,1197.545654296875
1790793355.16049,1,0,1171.2259521484375,1641.6904296875,426.0498962402344,1223.8653564453125
1790793355.1719337,1,0,1240.315185546875,1646.6253662109375,383.2804260253906,1302.824462890625
1790793355.1830783,0,0,1240.315185546875,1646.6253662109375,383.2804260253906,1302.824462890625
1790793355.1943512,0,0,1240.315185546875,1646.6253662109375,383.2804260253906,1302.824462890625
1790793355.2051446,0,0,1240.315185546875,1646.6253662109375,383.2804260253906,1302.824462890625
1790793355.2161932,0,0,1240.315185546875,1646.6253662109375,383.2804260253906,1302.824462890625
1790793355.2273078,0,0,1138.326416015625,1646.6253662109375,470.4643859863281,1223.8653564453125
1790793355.2382681,0,0,1098.846923828125,1643.3353271484375,514.8788452148438,1039.6275634765625
1790793355.2489686,0,0,1171.2259521484375,1644.9803466796875,524.7487182617188,1144.9063720703125
1790793355.2607615,0,0,1097.201904296875,1641.6904296875,592.1929321289062,1171.2259521484375
1790793355.2717028,0,0,1112.0067138671875,1651.560302734375,613.5776977539062,1197.545654296875
1790793355.2823665,0,0,1112.0067138671875,1651.560302734375,613.5776977539062,1197.545654296875
1790793355.2932827,0,0,1112.0067138671875,1651.560302734375,613.5776977539062,1197.545654296875
1790793355.3039982,0,0,1112.0067138671875,1651.560302734375,613.5776977539062,1197.545654296875
1790793355.314985,0,0,1112.0067138671875,1651.560302734375,613.5776977539062,1197.545654296875
1790793355.326489,0,0,1095.556884765625,1641.6904296875,595.48291015625,1092.2669677734375
1790793355.3376448,0,0,940.9287719726562,1603.8558349609375,470.4643859863281,873.4845581054688
1790793355.3483093,0,0,954.088623046875,1631.820556640625,516.5238037109375,840.5849609375
1790793355.3597376,0,0,861.9697265625,1529.8316650390625,483.62420654296875,801.1054077148438
1790793355.370765,0,0,914.6090698242188,1597.27587890625,542.843505859375,912.964111328125
1790793355.3817887,0,0,934.3488159179688,1491.9971923828125,598.7728271484375,834.0050048828125
1790793355.3933187,0,0,893.2243041992188,1413.0380859375,551.0684204101562,939.2837524414062
1790793355.4049985,0,0,893.2243041992188,1413.0380859375,551.0684204101562,939.2837524414062
1790793355.416179,0,0,893.2243041992188,1413.0380859375,551.0684204101562,939.2837524414062
1790793355.4280133,0,0,893.2243041992188,1413.0380859375,551.0684204101562,939.2837524414062
1790793355.4393818,0,0,893.2243041992188,1413.0380859375,551.0684204101562,939.2837524414062
1790793355.4503744,0,0,855.3897705078125,1334.0791015625,562.583251953125,886.6444091796875
1790793355.4620082,0,0,857.0347290039062,1176.160888671875,572.4531860351562,755.0459594726562
1790793355.4731252,0,0,901.44921875,1255.1199951171875,572.4531860351562,939.2837524414062
1790793355.4842353,0,0,871.839599609375,991.9231567382812,508.2989196777344,912.964111328125
1790793355.4954317,0,0,893.2243041992188,1070.8822021484375,537.9085693359375,939.2837524414062
1790793355.5065632,0,0,893.2243041992188,1070.8822021484375,537.9085693359375,939.2837524414062
1790793355.517748,0,0,893.2243041992188,1070.8822021484375,537.9085693359375,939.2837524414062
1790793355.5285263,0,0,893.2243041992188,1070.8822021484375,537.9085693359375,939.2837524414062
1790793355.5396097,0,0,893.2243041992188,1070.8822021484375,537.9085693359375,939.2837524414062
1790793355.5504832,0,0,922.833984375,1044.5625,534.6185913085938,886.6444091796875
1790793355.561621,0,0,911.319091796875,860.32470703125,468.81939697265625,807.6853637695312
1790793355.5730176,0,0,845.5198974609375,860.32470703125,454.01458740234375,860.32470703125
1790793355.5839763,0,0,893.2243041992188,1149.84130859375,454.01458740234375,834.0050048828125
1790793355.5955684,0,0,832.3600463867188,912.964111328125,546.1334838867188,728.726318359375
1790793355.6077392,0,0,940.9287719726562,860.32470703125,449.0796203613281,965.6034545898438
1790793355.6198835,0,0,940.9287719726562,860.32470703125,449.0796203613281,965.6034545898438
1790793355.6320894,0,0,940.9287719726562,860.32470703125,449.0796203613281,965.6034545898438
1790793355.644071,0,0,940.9287719726562,860.32470703125,449.0796203613281,965.6034545898438
1790793355.6551208,0,0,940.9287719726562,860.32470703125,449.0796203613281,965.6034545898438
1790793355.66628,0,0,832.3600463867188,886.6444091796875,454.01458740234375,728.726318359375
1790793355.6774402,0,0,848.8098754882812,860.32470703125,426.0498962402344,860.32470703125
1790793355.688241,0,0,914.6090698242188,860.32470703125,473.75433349609375,807.6853637695312
1790793355.6989198,0,0,888.2893676757812,781.3656616210938,454.01458740234375,807.6853637695312
1790793355.7099278,0,0,871.839599609375,939.2837524414062,513.23388671875,912.964111328125
1790793355.7214806,0,0,911.319091796875,834.0050048828125,546.1334838867188,991.9231567382812
1790793355.73314,0,0,911.319091796875,834.0050048828125,546.1334838867188,991.9231567382812
1790793355.7444549,0,0,911.319091796875,834.0050048828125,546.1334838867188,991.9231567382812
1790793355.756803,0,0,911.319091796875,834.0050048828125,546.1334838867188,991.9231567382812
1790793355.7685506,0,0,911.319091796875,834.0050048828125,546.1334838867188,991.9231567382812
1790793355.7793634,0,0,917.8990478515625,965.6034545898438,519.8137817382812,939.2837524414062
1790793355.7905805,0,0,963.95849609375,939.2837524414062,605.352783203125,965.6034545898438
1790793355.8016932,0,0,852.0997924804688,807.6853637695312,480.3342590332031,886.6444091796875
1790793355.8127093,0,0,898.1592407226562,965.6034545898438,579.0330810546875,860.32470703125
1790793355.8239713,0,0,911.319091796875,1097.201904296875,625.092529296875,1018.2428588867188
1790793355.835073,0,0,911.319091796875,1097.201904296875,625.092529296875,1018.2428588867188
1790793355.8462753,0,0,911.319091796875,1097.201904296875,625.092529296875,1018.2428588867188
1790793355.8573356,0,0,911.319091796875,1097.201904296875,625.092529296875,1018.2428588867188
1790793355.8689842,0,0,911.319091796875,1097.201904296875,625.092529296875,1018.2428588867188
1790793355.8800275,0,0,911.319091796875,991.9231567382812,592.1929321289062,912.964111328125
1790793355.8918717,0,0,878.4194946289062,1176.160888671875,565.8732299804688,939.2837524414062
1790793355.9030688,0,0,857.0347290039062,1097.201904296875,559.2933349609375,939.2837524414062
1790793355.9138699,0,0,891.579345703125,1228.80029296875,615.22265625,912.964111328125
1790793355.92521,0,0,949.1536865234375,1176.160888671875,592.1929321289062,912.964111328125
1790793355.9371328,0,0,865.2596435546875,529.6836547851562,644.832275390625,903.09423828125
1790793355.9482186,0,0,865.2596435546875,529.6836547851562,644.832275390625,903.09423828125
1790793355.959202,0,0,865.2596435546875,529.6836547851562,644.832275390625,903.09423828125
1790793355.971472,0,0,865.2596435546875,529.6836547851562,644.832275390625,903.09423828125
1790793355.982625,0,0,865.2596435546875,529.6836547851562,644.832275390625,903.09423828125
1790793355.9939659,0,0,865.2596435546875,529.6836547851562,644.832275390625,903.09423828125
1790793356.0050187,0,0,919.5440063476562,634.96240234375,676.0869140625,929.4138793945312
1790793356.0160983,0,0,921.18896484375,634.96240234375,687.601806640625,824.1351318359375
1790793356.027188,0,0,921.18896484375,634.96240234375,687.601806640625,824.1351318359375
1790793356.0381079,0,0,865.2596435546875,634.96240234375,649.7672119140625,745.1760864257812
1790793356.049658,0,0,865.2596435546875,634.96240234375,649.7672119140625,745.1760864257812
1790793356.0609567,0,0,911.319091796875,477.0443115234375,682.6668701171875,955.7335815429688
1790793356.0717878,0,0,891.579345703125,477.0443115234375,643.1873168945312,955.7335815429688
1790793356.0829308,0,0,891.579345703125,477.0443115234375,643.1873168945312,955.7335815429688
1790793356.0944948,0,0,891.579345703125,477.0443115234375,643.1873168945312,955.7335815429688
1790793356.105696,0,0,891.579345703125,477.0443115234375,643.1873168945312,955.7335815429688
1790793356.116655,0,0,891.579345703125,477.0443115234375,643.1873168945312,955.7335815429688
1790793356.1275933,0,0,891.579345703125,477.0443115234375,643.1873168945312,955.7335815429688
1790793356.1387596,0,0,891.579345703125,477.0443115234375,643.1873168945312,955.7335815429688
1790793356.1495893,0,0,911.319091796875,398.0852355957031,676.0869140625,850.454833984375
1790793356.1611214,0,0,845.5198974609375,371.76556396484375,695.82666015625,850.454833984375
1790793356.1724122,0,0,845.5198974609375,477.0443115234375,669.5070190429688,771.4957885742188
1790793356.183605,0,0,802.7504272460938,450.724609375,722.1463623046875,824.1351318359375
1790793356.195182,0,0,865.2596435546875,529.6836547851562,801.1054077148438,850.454833984375
1790793356.206444,0,0,865.2596435546875,529.6836547851562,801.1054077148438,850.454833984375
1790793356.2180808,0,0,865.2596435546875,529.6836547851562,801.1054077148438,850.454833984375
1790793356.228805,0,0,812.6203002929688,371.76556396484375,630.0274658203125,718.8563842773438
1790793356.2400975,0,0,838.9400024414062,391.50531005859375,708.9865112304688,718.8563842773438
1790793356.288544,0,0,840.5849609375,404.6651611328125,704.0515747070312,903.09423828125
1790793356.300004,0,0,840.5849609375,404.6651611328125,704.0515747070312,903.09423828125
1790793356.3112285,0,0,840.5849609375,404.6651611328125,704.0515747070312,903.09423828125
1790793356.3230348,0,0,840.5849609375,404.6651611328125,704.0515747070312,903.09423828125
1790793356.3340354,0,0,741.8861083984375,404.6651611328125,766.5608520507812,850.454833984375
1790793356.3450634,0,0,722.1463623046875,352.0257873535156,689.2467651367188,692.5367431640625
1790793356.3562863,0,0,750.1110229492188,325.70611572265625,761.6259155273438,824.1351318359375
1790793356.3674636,0,0,766.5608520507812,430.98486328125,776.4307250976562,929.4138793945312
1790793356.3789868,0,0,789.590576171875,325.70611572265625,764.9158325195312,982.0532836914062
1790793356.3900447,0,0,789.590576171875,325.70611572265625,764.9158325195312,982.0532836914062
1790793356.4015508,0,0,789.590576171875,325.70611572265625,764.9158325195312,982.0532836914062
1790793356.4126072,0,0,789.590576171875,325.70611572265625,764.9158325195312,982.0532836914062
1790793356.4243906,0,0,789.590576171875,325.70611572265625,764.9158325195312,982.0532836914062
1790793356.4358766,0,0,812.6203002929688,246.74705505371094,741.8861083984375,903.09423828125
1790793356.4470801,0,0,838.9400024414062,483.62420654296875,801.1054077148438,1034.692626953125
1790793356.458522,0,0,861.9697265625,430.98486328125,804.3953857421875,1034.692626953125
1790793356.4699955,0,0,861.9697265625,430.98486328125,804.3953857421875,1034.692626953125
1790793356.4813905,0,0,861.9697265625,430.98486328125,804.3953857421875,1034.692626953125
1790793356.4930935,0,0,861.9697265625,430.98486328125,804.3953857421875,1034.692626953125
1790793356.5041103,0,0,861.9697265625,430.98486328125,804.3953857421875,1034.692626953125
1790793356.5154293,0,0,861.9697265625,430.98486328125,804.3953857421875,1034.692626953125
1790793356.5270174,0,0,783.0106201171875,371.76556396484375,759.9808959960938,797.8154907226562
1790793356.5384586,0,0,796.1704711914062,365.1856384277344,736.951171875,929.4138793945312
1790793356.5496242,0,0,848.8098754882812,404.6651611328125,825.7801513671875,876.7745361328125
1790793356.5611026,0,0,884.9994506835938,671.1519775390625,824.1351318359375,939.2837524414062
1790793356.5722532,0,0,911.319091796875,723.7913208007812,792.8805541992188,991.9231567382812
1790793356.5836341,0,0,911.319091796875,723.7913208007812,792.8805541992188,991.9231567382812
1790793356.5948715,0,0,911.319091796875,723.7913208007812,792.8805541992188,991.9231567382812
1790793356.6056066,0,0,911.319091796875,723.7913208007812,792.8805541992188,991.9231567382812
1790793356.6168559,0,0,911.319091796875,723.7913208007812,792.8805541992188,991.9231567382812
1790793356.6280837,0,0,911.319091796875,723.7913208007812,792.8805541992188,991.9231567382812
1790793356.6399624,0,0,842.2299194335938,671.1519775390625,809.330322265625,807.6853637695312
1790793356.6514556,0,0,878.4194946289062,750.1110229492188,791.2355346679688,807.6853637695312
1790793356.6623673,0,0,863.6146850585938,671.1519775390625,773.1407470703125,834.0050048828125
1790793356.6740296,0,0,870.194580078125,776.4307250976562,827.4251098632812,991.9231567382812
1790793356.6854012,0,0,870.194580078125,776.4307250976562,827.4251098632812,991.9231567382812
1790793356.6966035,0,0,870.194580078125,776.4307250976562,827.4251098632812,991.9231567382812
1790793356.7080398,0,0,870.194580078125,776.4307250976562,827.4251098632812,991.9231567382812
1790793356.7197065,0,0,870.194580078125,776.4307250976562,827.4251098632812,991.9231567382812
1790793356.7311938,0,0,898.1592407226562,829.070068359375,792.8805541992188,939.2837524414062
1790793356.7421823,0,0,888.2893676757812,829.070068359375,817.5552368164062,886.6444091796875
1790793356.7537456,0,0,847.1648559570312,750.1110229492188,761.6259155273438,939.2837524414062
1790793356.7658837,0,0,857.0347290039062,776.4307250976562,806.0403442382812,834.0050048828125
1790793356.7824717,0,0,860.32470703125,855.3897705078125,799.46044921875,965.6034545898438
1790793356.7968695,0,0,883.3544311523438,881.70947265625,814.2652587890625,860.32470703125
1790793356.8099756,0,0,909.6741333007812,934.3488159179688,801.1054077148438,1018.2428588867188
1790793356.822091,0,0,909.6741333007812,934.3488159179688,801.1054077148438,1018.2428588867188
1790793356.83388,0,0,909.6741333007812,934.3488159179688,801.1054077148438,1018.2428588867188
1790793356.8448663,0,0,909.6741333007812,934.3488159179688,801.1054077148438,1018.2428588867188
1790793356.8564456,0,0,904.7391967773438,881.70947265625,834.0050048828125,912.964111328125
1790793356.8683798,0,0,876.7745361328125,829.070068359375,791.2355346679688,860.32470703125
1790793356.8798547,0,0,860.32470703125,881.70947265625,827.4251098632812,755.0459594726562
1790793356.8911827,0,0,898.1592407226562,723.7913208007812,804.3953857421875,912.964111328125
1790793356.9029536,0,0,898.1592407226562,723.7913208007812,804.3953857421875,912.964111328125
1790793356.9138467,0,0,898.1592407226562,723.7913208007812,804.3953857421875,912.964111328125
1790793356.9256902,0,0,898.1592407226562,723.7913208007812,804.3953857421875,912.964111328125
1790793356.9368944,0,0,898.1592407226562,723.7913208007812,804.3953857421875,912.964111328125
1790793356.9484763,0,0,868.5496215820312,881.70947265625,827.4251098632812,860.32470703125
1790793356.9601207,0,0,883.3544311523438,750.1110229492188,815.9102783203125,755.0459594726562
1790793356.9722393,0,0,843.8749389648438,697.4716796875,829.070068359375,834.0050048828125
1790793356.9834526,0,0,876.7745361328125,723.7913208007812,809.330322265625,834.0050048828125
1790793356.9953873,0,0,876.7745361328125,565.8732299804688,809.330322265625,728.726318359375
1790793357.0068834,0,0,837.2949829101562,697.4716796875,875.1295166015625,807.6853637695312
1790793357.0179427,0,0,837.2949829101562,697.4716796875,875.1295166015625,807.6853637695312
1790793357.0297074,0,0,837.2949829101562,697.4716796875,875.1295166015625,807.6853637695312
1790793357.041368,0,0,837.2949829101562,697.4716796875,875.1295166015625,807.6853637695312
1790793357.0525777,0,0,830.715087890625,618.5126342773438,796.1704711914062,781.3656616210938
1790793357.0636709,0,0,837.2949829101562,697.4716796875,865.2596435546875,676.0869140625
1790793357.074907,0,0,860.32470703125,618.5126342773438,832.3600463867188,807.6853637695312
1790793357.0863655,0,0,822.4901733398438,618.5126342773438,824.1351318359375,912.964111328125
1790793357.0974014,0,0,822.4901733398438,618.5126342773438,824.1351318359375,912.964111328125
1790793357.1087744,0,0,822.4901733398438,618.5126342773438,824.1351318359375,912.964111328125
1790793357.119847,0,0,822.4901733398438,618.5126342773438,824.1351318359375,912.964111328125
1790793357.1310909,0,0,822.4901733398438,618.5126342773438,824.1351318359375,912.964111328125
1790793357.1422665,0,0,842.2299194335938,592.1929321289062,848.8098754882812,807.6853637695312
1790793357.1530592,0,0,812.6203002929688,697.4716796875,830.715087890625,886.6444091796875
1790793357.1637866,0,0,812.6203002929688,618.5126342773438,868.5496215820312,886.6444091796875
1790793357.17498,0,0,837.2949829101562,677.7318725585938,791.2355346679688,810.9752807617188
1790793357.186161,0,0,825.7801513671875,756.6909790039062,786.3005981445312,863.6146850585938
1790793357.1972814,0,0,873.4845581054688,914.6090698242188,820.84521484375,968.8934326171875
1790793357.2082472,0,0,873.4845581054688,914.6090698242188,820.84521484375,968.8934326171875
1790793357.2192502,0,0,873.4845581054688,914.6090698242188,820.84521484375,968.8934326171875
1790793357.2301116,0,0,873.4845581054688,914.6090698242188,820.84521484375,968.8934326171875
1790793357.2414606,0,0,873.4845581054688,914.6090698242188,820.84521484375,968.8934326171875
1790793357.252855,0,0,857.0347290039062,888.2893676757812,774.7857666015625,942.57373046875
1790793357.2637236,0,0,852.0997924804688,940.9287719726562,822.4901733398438,889.9343872070312
1790793357.2747483,0,0,852.0997924804688,940.9287719726562,822.4901733398438,889.9343872070312
1790793357.2864141,0,0,853.7448120117188,888.2893676757812,824.1351318359375,784.6556396484375
1790793357.2979686,0,0,866.9046630859375,783.0106201171875,806.0403442382812,705.6965942382812
1790793357.3092303,0,0,843.8749389648438,940.9287719726562,792.8805541992188,758.3359375
1790793357.3201234,0,0,860.32470703125,835.6500244140625,832.3600463867188,732.0162353515625
1790793357.3312309,0,0,853.7448120117188,783.0106201171875,824.1351318359375,600.4178466796875
1790793357.3424006,0,0,853.7448120117188,940.9287719726562,838.9400024414062,732.0162353515625
1790793357.353961,0,0,853.7448120117188,940.9287719726562,838.9400024414062,732.0162353515625
1790793357.3648891,0,0,853.7448120117188,940.9287719726562,838.9400024414062,732.0162353515625
1790793357.3758094,0,0,853.7448120117188,940.9287719726562,838.9400024414062,732.0162353515625
1790793357.386921,0,0,853.7448120117188,940.9287719726562,838.9400024414062,732.0162353515625
1790793357.3984103,0,0,893.2243041992188,861.9697265625,815.9102783203125,679.3768920898438
1790793357.409165,0,0,873.4845581054688,888.2893676757812,817.5552368164062,574.09814453125
1790793357.4202745,0,0,840.5849609375,835.6500244140625,817.5552368164062,679.3768920898438
1790793357.4313538,0,0,906.3841552734375,914.6090698242188,853.7448120117188,666.217041015625
1790793357.4429095,0,0,906.3841552734375,1019.8878173828125,834.0050048828125,574.09814453125
1790793357.4545639,0,0,932.703857421875,1019.8878173828125,792.8805541992188,692.5367431640625
1790793357.4660332,0,0,932.703857421875,1019.8878173828125,792.8805541992188,692.5367431640625
1790793357.477003,0,0,932.703857421875,1019.8878173828125,792.8805541992188,692.5367431640625
1790793357.488481,0,0,932.703857421875,1019.8878173828125,792.8805541992188,692.5367431640625
1790793357.49965,0,0,932.703857421875,1019.8878173828125,792.8805541992188,692.5367431640625
1790793357.51112,0,0,906.3841552734375,835.6500244140625,834.0050048828125,534.6185913085938
1790793357.5225642,0,0,880.064453125,809.330322265625,820.84521484375,534.6185913085938
1790793357.5340948,0,0,883.3544311523438,1098.846923828125,825.7801513671875,639.8973388671875
1790793357.5453117,0,0,889.9343872070312,993.568115234375,807.6853637695312,639.8973388671875
1790793357.5561943,0,0,932.703857421875,940.9287719726562,804.3953857421875,534.6185913085938
1790793357.5672185,0,0,919.5440063476562,967.2484130859375,855.3897705078125,639.8973388671875
1790793357.5786488,0,0,919.5440063476562,967.2484130859375,855.3897705078125,639.8973388671875
1790793357.5915632,0,0,919.5440063476562,967.2484130859375,855.3897705078125,639.8973388671875
1790793357.6041691,0,0,919.5440063476562,967.2484130859375,855.3897705078125,639.8973388671875
1790793357.6158667,0,0,919.5440063476562,967.2484130859375,855.3897705078125,639.8973388671875
1790793357.6267195,0,0,891.579345703125,967.2484130859375,802.7504272460938,429.3398742675781
1790793357.637742,0,0,970.5383911132812,861.9697265625,784.6556396484375,587.2579956054688
1790793357.648738,0,0,935.9938354492188,993.568115234375,809.330322265625,534.6185913085938
1790793357.6597066,0,0,922.833984375,914.6090698242188,830.715087890625,455.6595458984375
1790793357.671316,0,0,937.6387939453125,809.330322265625,824.1351318359375,508.2989196777344
1790793357.6820984,0,0,947.5086669921875,967.2484130859375,830.715087890625,508.2989196777344
1790793357.6928477,0,0,914.6090698242188,1019.8878173828125,786.3005981445312,481.979248046875
1790793357.7038157,0,0,927.7689208984375,1072.5272216796875,834.0050048828125,587.2579956054688
1790793357.714898,0,0,927.7689208984375,1072.5272216796875,834.0050048828125,587.2579956054688
1790793357.725889,0,0,927.7689208984375,1072.5272216796875,834.0050048828125,587.2579956054688
1790793357.7374334,0,0,927.7689208984375,1072.5272216796875,834.0050048828125,587.2579956054688
1790793357.7502785,0,0,927.7689208984375,1072.5272216796875,834.0050048828125,587.2579956054688
1790793357.7620718,0,0,927.7689208984375,1072.5272216796875,834.0050048828125,587.2579956054688
1790793357.7727892,0,0,881.70947265625,993.568115234375,829.070068359375,455.6595458984375
1790793357.7844806,0,0,931.0588989257812,993.568115234375,787.945556640625,508.2989196777344
1790793357.7955804,0,0,810.9752807617188,799.46044921875,834.0050048828125,814.2652587890625
1790793357.806499,0,0,888.2893676757812,917.8990478515625,817.5552368164062,893.2243041992188
1790793357.8176425,0,0,873.4845581054688,848.8098754882812,794.5255126953125,787.945556640625
1790793357.8292036,0,0,865.2596435546875,875.1295166015625,832.3600463867188,893.2243041992188
1790793357.8409584,0,0,865.2596435546875,875.1295166015625,832.3600463867188,893.2243041992188
1790793357.8520713,0,0,865.2596435546875,875.1295166015625,832.3600463867188,893.2243041992188
1790793357.8640125,0,0,865.2596435546875,875.1295166015625,832.3600463867188,893.2243041992188
1790793357.8762329,0,0,835.6500244140625,921.18896484375,848.8098754882812,787.945556640625
1790793357.887437,0,0,838.9400024414062,868.5496215820312,783.0106201171875,840.5849609375
1790793357.8983388,0,0,865.2596435546875,842.2299194335938,827.4251098632812,787.945556640625
1790793357.9093719,0,0,857.0347290039062,921.18896484375,807.6853637695312,945.8637084960938
1790793357.9202113,0,0,857.0347290039062,921.18896484375,807.6853637695312,945.8637084960938
1790793357.9315314,0,0,857.0347290039062,921.18896484375,807.6853637695312,945.8637084960938
1790793357.9427114,0,0,857.0347290039062,921.18896484375,807.6853637695312,945.8637084960938
1790793357.9541306,0,0,857.0347290039062,921.18896484375,807.6853637695312,945.8637084960938
1790793357.9650922,0,0,857.0347290039062,921.18896484375,807.6853637695312,945.8637084960938
1790793357.9762902,0,0,857.0347290039062,921.18896484375,807.6853637695312,945.8637084960938
1790793357.9874673,0,0,837.2949829101562,815.9102783203125,830.715087890625,866.9046630859375
1790793357.9984157,0,0,822.4901733398438,973.828369140625,832.3600463867188,919.5440063476562
1790793358.0100572,0,0,860.32470703125,894.8693237304688,819.2001953125,814.2652587890625
1790793358.0220585,1,0,853.7448120117188,973.828369140625,847.1648559570312,919.5440063476562
1790793358.0329974,1,0,855.3897705078125,763.2708740234375,784.6556396484375,840.5849609375
1790793358.0442543,1,0,891.579345703125,789.590576171875,794.5255126953125,893.2243041992188
1790793358.0553958,1,0,891.579345703125,789.590576171875,794.5255126953125,893.2243041992188
1790793358.0664556,1,0,891.579345703125,789.590576171875,794.5255126953125,893.2243041992188
1790793358.0772853,1,0,891.579345703125,789.590576171875,794.5255126953125,893.2243041992188
1790793358.0883346,1,0,891.579345703125,789.590576171875,794.5255126953125,893.2243041992188
1790793358.0992525,1,0,837.2949829101562,789.590576171875,804.3953857421875,682.6668701171875
1790793358.1110036,1,0,927.7689208984375,868.5496215820312,829.070068359375,708.9865112304688
1790793358.1227903,1,0,861.9697265625,763.2708740234375,787.945556640625,682.6668701171875
1790793358.134357,1,0,861.9697265625,763.2708740234375,787.945556640625,682.6668701171875
1790793358.145237,1,0,861.9697265625,763.2708740234375,787.945556640625,682.6668701171875
1790793358.156104,1,0,861.9697265625,763.2708740234375,787.945556640625,682.6668701171875
1790793358.1678338,1,0,861.9697265625,763.2708740234375,787.945556640625,682.6668701171875
1790793358.181819,1,0,861.9697265625,763.2708740234375,787.945556640625,682.6668701171875
1790793358.1952822,1,0,866.9046630859375,552.71337890625,837.2949829101562,656.34716796875
1790793358.2092001,1,0,850.454833984375,710.6315307617188,824.1351318359375,656.34716796875
1790793358.2203004,1,0,704.0515747070312,710.6315307617188,771.4957885742188,472.1093444824219
1790793358.232249,1,0,704.0515747070312,710.6315307617188,771.4957885742188,472.1093444824219
1790793358.2442436,1,0,704.0515747070312,710.6315307617188,771.4957885742188,472.1093444824219
1790793358.255607,1,0,704.0515747070312,710.6315307617188,771.4957885742188,472.1093444824219
1790793358.2664905,1,0,733.6612548828125,526.3937377929688,705.6965942382812,366.83062744140625
1790793358.27826,1,0,778.07568359375,605.352783203125,778.07568359375,419.4700012207031
1790793358.2896466,1,0,814.2652587890625,605.352783203125,764.9158325195312,498.4290466308594
1790793358.3023171,1,0,758.3359375,579.0330810546875,756.6909790039062,366.83062744140625
1790793358.3138885,1,0,830.715087890625,710.6315307617188,769.850830078125,603.707763671875
1790793358.3254273,1,0,830.715087890625,710.6315307617188,769.850830078125,603.707763671875
1790793358.3365214,1,0,830.715087890625,710.6315307617188,769.850830078125,603.707763671875
1790793358.3482494,1,0,830.715087890625,710.6315307617188,769.850830078125,603.707763671875
1790793358.3598447,1,0,830.715087890625,710.6315307617188,769.850830078125,603.707763671875
1790793358.3712475,1,0,837.2949829101562,631.6724243164062,797.8154907226562,603.707763671875
1790793358.3837795,1,0,761.6259155273438,657.9921264648438,786.3005981445312,393.1502990722656
1790793358.3954356,1,0,792.8805541992188,666.217041015625,763.2708740234375,769.850830078125
1790793358.4066281,1,0,848.8098754882812,929.4138793945312,806.0403442382812,927.7689208984375
1790793358.4174972,1,0,809.330322265625,1008.3729248046875,802.7504272460938,796.1704711914062
1790793358.4289575,1,0,853.7448120117188,1008.3729248046875,817.5552368164062,822.4901733398438
1790793358.4403472,1,0,886.6444091796875,955.7335815429688,779.720703125,1006.7279663085938
1790793358.4515333,1,0,886.6444091796875,955.7335815429688,779.720703125,1006.7279663085938
1790793358.4627516,1,0,886.6444091796875,955.7335815429688,779.720703125,1006.7279663085938
1790793358.4736145,1,0,886.6444091796875,955.7335815429688,779.720703125,1006.7279663085938
1790793358.4845543,1,0,886.6444091796875,955.7335815429688,779.720703125,1006.7279663085938
1790793358.4959893,1,0,886.6444091796875,955.7335815429688,779.720703125,1006.7279663085938
1790793358.507323,1,0,893.2243041992188,942.57373046875,783.0106201171875,848.8098754882812
1790793358.5189164,1,0,820.84521484375,876.7745361328125,771.4957885742188,927.7689208984375
1790793358.5298314,1,0,860.32470703125,1153.1312255859375,843.8749389648438,1033.047607421875
1790793358.5408435,1,0,878.4194946289062,968.8934326171875,812.6203002929688,1033.047607421875
1790793358.551986,1,0,861.9697265625,1153.1312255859375,847.1648559570312,1006.7279663085938
1790793358.5634155,1,0,861.9697265625,1153.1312255859375,847.1648559570312,1006.7279663085938
1790793358.5741165,1,0,861.9697265625,1153.1312255859375,847.1648559570312,1006.7279663085938
1790793358.5851777,1,0,861.9697265625,1153.1312255859375,847.1648559570312,1006.7279663085938
1790793358.596173,1,0,861.9697265625,1153.1312255859375,847.1648559570312,1006.7279663085938
1790793358.6076505,1,0,861.9697265625,1153.1312255859375,847.1648559570312,1006.7279663085938
1790793358.6184196,1,0,852.0997924804688,1047.8525390625,797.8154907226562,1006.7279663085938
1790793358.6297092,1,0,881.70947265625,1047.8525390625,820.84521484375,1059.3673095703125
1790793358.6406102,1,0,850.454833984375,1021.5327758789062,809.330322265625,901.44921875
1790793358.651372,1,0,855.3897705078125,1047.8525390625,812.6203002929688,1033.047607421875
1790793358.662377,1,0,855.3897705078125,1047.8525390625,812.6203002929688,1033.047607421875
1790793358.6738844,1,0,855.3897705078125,1047.8525390625,812.6203002929688,1033.047607421875
1790793358.6851833,1,0,855.3897705078125,1047.8525390625,812.6203002929688,1033.047607421875
1790793358.696143,1,0,855.3897705078125,1047.8525390625,812.6203002929688,1033.047607421875
1790793358.7077484,1,0,855.3897705078125,1047.8525390625,812.6203002929688,1033.047607421875
1790793358.7189074,1,0,840.5849609375,942.57373046875,787.945556640625,875.1295166015625
1790793358.7297118,1,0,868.5496215820312,1047.8525390625,809.330322265625,927.7689208984375
1790793358.7412584,1,0,850.454833984375,995.213134765625,806.0403442382812,901.44921875
1790793358.752603,1,0,840.5849609375,1047.8525390625,829.070068359375,927.7689208984375
1790793358.7642848,1,0,901.44921875,1153.1312255859375,842.2299194335938,1085.68701171875
1790793358.7754433,1,0,845.5198974609375,968.8934326171875,797.8154907226562,1085.68701171875
1790793358.786743,1,0,845.5198974609375,968.8934326171875,797.8154907226562,1085.68701171875
1790793358.7978857,1,0,845.5198974609375,968.8934326171875,797.8154907226562,1085.68701171875
1790793358.8089018,1,0,845.5198974609375,968.8934326171875,797.8154907226562,1085.68701171875
1790793358.8195837,1,0,845.5198974609375,968.8934326171875,797.8154907226562,1085.68701171875
1790793358.8303292,1,0,845.5198974609375,968.8934326171875,797.8154907226562,1085.68701171875
1790793358.8413692,1,0,845.5198974609375,968.8934326171875,797.8154907226562,1085.68701171875
1790793358.8528962,1,0,871.839599609375,1126.8115234375,804.3953857421875,1033.047607421875
1790793358.8645072,1,0,870.194580078125,1100.4918212890625,807.6853637695312,954.088623046875
1790793358.8770652,1,0,858.6797485351562,1047.8525390625,779.720703125,1085.68701171875
1790793358.8883722,1,0,858.6797485351562,1047.8525390625,779.720703125,1085.68701171875
1790793358.8999271,1,0,858.6797485351562,1047.8525390625,779.720703125,1085.68701171875
1790793358.910861,1,0,858.6797485351562,1047.8525390625,779.720703125,1085.68701171875
1790793358.9223661,1,0,858.6797485351562,1047.8525390625,779.720703125,1085.68701171875
1790793358.9335008,1,0,815.9102783203125,1021.5327758789062,814.2652587890625,927.7689208984375
1790793358.9446852,1,0,875.1295166015625,940.9287719726562,842.2299194335938,784.6556396484375
1790793358.9556005,1,0,875.1295166015625,940.9287719726562,842.2299194335938,784.6556396484375
1790793358.9671235,1,0,771.4957885742188,940.9287719726562,878.4194946289062,824.1351318359375
1790793358.9783175,1,0,389.8603515625,1414.68310546875,952.443603515625,363.5406494140625
1790793358.9899986,1,0,399.730224609375,1598.9208984375,968.8934326171875,403.0201721191406
1790793359.0016325,1,0,399.730224609375,1598.9208984375,968.8934326171875,403.0201721191406
1790793359.0134768,1,0,399.730224609375,1598.9208984375,968.8934326171875,403.0201721191406
1790793359.025377,1,0,399.730224609375,1598.9208984375,968.8934326171875,403.0201721191406
1790793359.0377488,1,0,399.730224609375,1598.9208984375,968.8934326171875,403.0201721191406
1790793359.049061,1,0,360.2507019042969,1598.9208984375,1051.1424560546875,324.0611267089844
1790793359.0602999,1,0,345.44586181640625,763.2708740234375,1623.5955810546875,350.38079833984375
1790793359.07109,1,0,361.8956604003906,973.828369140625,1612.0806884765625,350.38079833984375
1790793359.0826054,1,0,361.8956604003906,973.828369140625,1612.0806884765625,350.38079833984375
1790793359.0938294,1,0,361.8956604003906,973.828369140625,1612.0806884765625,350.38079833984375
1790793359.106373,1,0,361.8956604003906,973.828369140625,1612.0806884765625,350.38079833984375
1790793359.1176524,1,0,361.8956604003906,973.828369140625,1612.0806884765625,350.38079833984375
1790793359.1291628,1,0,407.95513916015625,605.352783203125,1610.435791015625,481.979248046875
1790793359.1405404,1,0,542.843505859375,1263.3448486328125,1620.3056640625,639.8973388671875
1790793359.1516168,1,0,503.3639831542969,710.6315307617188,1617.015625,534.6185913085938
1790793359.1626372,1,0,503.3639831542969,710.6315307617188,1617.015625,534.6185913085938
1790793359.1741977,1,0,648.1222534179688,868.5496215820312,1618.66064453125,876.7745361328125
1790793359.1864474,1,0,700.7615966796875,1105.4267578125,1617.015625,955.7335815429688
1790793359.197585,1,0,700.7615966796875,1105.4267578125,1617.015625,955.7335815429688
1790793359.208971,1,0,700.7615966796875,1105.4267578125,1617.015625,955.7335815429688
1790793359.22106,1,0,700.7615966796875,1105.4267578125,1617.015625,955.7335815429688
1790793359.23227,1,0,700.7615966796875,1105.4267578125,1617.015625,955.7335815429688
1790793359.2434394,1,0,799.46044921875,289.51654052734375,1617.015625,1113.6517333984375
1790793359.2550852,1,0,759.9808959960938,1026.4677734375,1617.015625,1008.3729248046875
1790793359.2657304,1,0,759.9808959960938,1026.4677734375,1617.015625,1008.3729248046875
1790793359.276674,1,0,878.4194946289062,368.4755859375,819.2001953125,982.0532836914062
1790793359.2879844,1,0,1141.6163330078125,447.4346618652344,740.2411499023438,1376.8485107421875
1790793359.3003573,1,0,1141.6163330078125,447.4346618652344,740.2411499023438,1376.8485107421875
1790793359.31146,1,0,1141.6163330078125,447.4346618652344,740.2411499023438,1376.8485107421875
1790793359.3222198,1,0,1141.6163330078125,447.4346618652344,740.2411499023438,1376.8485107421875
1790793359.3335164,1,0,1141.6163330078125,447.4346618652344,740.2411499023438,1376.8485107421875
1790793359.3446515,1,0,983.6982421875,210.55747985839844,490.2041320800781,1192.6107177734375
1790793359.3557177,1,0,1088.9769287109375,868.5496215820312,398.0852355957031,1139.971435546875
1790793359.3670318,1,0,1088.9769287109375,0.0,83.89399719238281,1034.692626953125
1790793359.378083,1,0,1016.5978393554688,46.0594482421875,87.1839599609375,1087.33203125
1790793359.3891416,1,0,1016.5978393554688,46.0594482421875,87.1839599609375,1087.33203125
1790793359.4003625,1,0,1016.5978393554688,46.0594482421875,87.1839599609375,1087.33203125
1790793359.412002,1,0,1016.5978393554688,46.0594482421875,87.1839599609375,1087.33203125
1790793359.4235914,1,0,1016.5978393554688,46.0594482421875,87.1839599609375,1087.33203125
1790793359.43487,1,0,1056.077392578125,26.319684982299805,83.89399719238281,1113.6517333984375
1790793359.4465024,1,0,1069.2371826171875,19.739763259887695,90.47391510009766,1113.6517333984375
1790793359.4576738,1,0,1056.077392578125,27.96466636657715,93.76387786865234,1008.3729248046875
1790793359.4691446,1,0,937.6387939453125,26.319684982299805,105.27873992919922,1021.5327758789062
1790793359.4801898,1,0,937.6387939453125,24.674705505371094,106.92372131347656,1074.172119140625
1790793359.4917676,1,0,937.6387939453125,24.674705505371094,106.92372131347656,1074.172119140625
1790793359.5034437,1,0,937.6387939453125,24.674705505371094,106.92372131347656,1074.172119140625
1790793359.5144367,1,0,937.6387939453125,24.674705505371094,106.92372131347656,1074.172119140625
1790793359.5254843,1,0,937.6387939453125,24.674705505371094,106.92372131347656,1074.172119140625
1790793359.5368407,1,0,937.6387939453125,24.674705505371094,106.92372131347656,1074.172119140625
1790793359.5478134,1,0,977.1183471679688,24.674705505371094,121.72854614257812,982.0532836914062
1790793359.5591564,1,0,1158.066162109375,834.0050048828125,67.4441909790039,978.7633056640625
1790793359.5707207,1,0,1052.7874755859375,1521.6068115234375,37.83454895019531,873.4845581054688
1790793359.5816767,1,0,1105.4267578125,1561.0863037109375,129.9534454345703,1031.4027099609375
1790793359.5929782,1,0,1105.4267578125,1561.0863037109375,129.9534454345703,1031.4027099609375
1790793359.6039393,1,0,1105.4267578125,1561.0863037109375,129.9534454345703,1031.4027099609375
1790793359.6150744,1,0,1105.4267578125,1561.0863037109375,129.9534454345703,1031.4027099609375
1790793359.6258118,1,0,1105.4267578125,1561.0863037109375,129.9534454345703,1031.4027099609375
1790793359.637789,1,0,1131.7464599609375,1561.0863037109375,143.11329650878906,952.443603515625
1790793359.6488519,1,0,1026.4677734375,1510.0919189453125,143.11329650878906,926.1239624023438
1790793359.6598113,1,0,1052.7874755859375,1528.186767578125,261.5518798828125,1005.0830078125
1790793359.6711643,1,0,1092.2669677734375,1491.9971923828125,228.6522674560547,899.8042602539062
1790793359.682293,1,0,1039.6275634765625,1485.417236328125,314.1912536621094,873.4845581054688
1790793359.6937728,1,0,1013.307861328125,1508.447021484375,327.35107421875,1005.0830078125
1790793359.705324,1,0,1013.307861328125,1508.447021484375,327.35107421875,1005.0830078125
1790793359.7166207,1,0,1013.307861328125,1508.447021484375,327.35107421875,1005.0830078125
1790793359.7274616,1,0,1013.307861328125,1508.447021484375,327.35107421875,1005.0830078125
1790793359.738229,1,0,1013.307861328125,1508.447021484375,327.35107421875,1005.0830078125
1790793359.7492313,1,0,1013.307861328125,1508.447021484375,327.35107421875,1005.0830078125
1790793359.7601986,1,0,1013.307861328125,1488.7071533203125,386.57037353515625,1005.0830078125
1790793359.771419,1,0,1039.6275634765625,1482.1273193359375,419.4700012207031,899.8042602539062
1790793359.7829578,1,0,980.4082641601562,1376.8485107421875,485.2691955566406,926.1239624023438
1790793359.7941859,1,0,980.4082641601562,1376.8485107421875,485.2691955566406,926.1239624023438
1790793359.8052,1,0,980.4082641601562,1376.8485107421875,485.2691955566406,926.1239624023438
1790793359.815845,1,0,980.4082641601562,1376.8485107421875,485.2691955566406,926.1239624023438
1790793359.8270938,1,0,980.4082641601562,1376.8485107421875,485.2691955566406,926.1239624023438
1790793359.838603,1,0,980.4082641601562,1376.8485107421875,485.2691955566406,926.1239624023438
1790793359.8500772,1,0,750.1110229492188,1454.16259765625,644.832275390625,583.968017578125
1790793359.8611138,1,0,483.62420654296875,1562.7313232421875,697.4716796875,399.730224609375
1790793359.8722572,1,0,384.9254150390625,1564.3763427734375,829.070068359375,399.730224609375
1790793359.8835006,1,0,325.70611572265625,0.0,1039.6275634765625,294.45147705078125
1790793359.8946903,1,0,335.57598876953125,210.55747985839844,1138.326416015625,241.81210327148438
1790793359.9058876,1,0,342.1559143066406,1394.943359375,1256.7650146484375,452.3695983886719
1790793359.917372,1,0,342.1559143066406,1394.943359375,1256.7650146484375,452.3695983886719
1790793359.9290614,1,0,342.1559143066406,1394.943359375,1256.7650146484375,452.3695983886719
1790793359.9398615,1,0,342.1559143066406,1394.943359375,1256.7650146484375,452.3695983886719
1790793359.9511397,1,0,342.1559143066406,1394.943359375,1256.7650146484375,452.3695983886719
1790793359.961899,1,0,243.45709228515625,868.5496215820312,1414.68310546875,241.81210327148438
1790793359.9729981,1,0,430.98486328125,1342.303955078125,1513.3819580078125,583.968017578125
1790793359.9839153,1,0,417.82501220703125,157.91810607910156,1513.3819580078125,505.00897216796875
1790793359.9949036,1,0,503.3639831542969,1158.066162109375,1501.8670654296875,741.8861083984375
1790793360.0058563,1,0,603.707763671875,1105.4267578125,1506.802001953125,952.443603515625
1790793360.0167673,1,0,715.5664672851562,1052.7874755859375,1505.156982421875,1110.3616943359375
1790793360.036571,1,0,715.5664672851562,1052.7874755859375,1505.156982421875,1110.3616943359375
1790793360.047412,1,0,715.5664672851562,1052.7874755859375,1505.156982421875,1110.3616943359375
1790793360.0595381,1,0,715.5664672851562,1052.7874755859375,1505.156982421875,1110.3616943359375
1790793360.071015,1,0,715.5664672851562,1052.7874755859375,1505.156982421875,1110.3616943359375
1790793360.085805,1,0,699.1166381835938,1000.1480712890625,1505.156982421875,1005.0830078125
1790793360.0985594,1,0,751.7560424804688,500.07403564453125,1505.156982421875,1163.0010986328125
1790793360.1101887,1,0,812.6203002929688,894.8693237304688,1505.156982421875,1136.681396484375
1790793360.121867,1,0,776.4307250976562,776.4307250976562,1653.2052001953125,1116.941650390625
1790793360.1341162,1,0,921.18896484375,671.1519775390625,31.254627227783203,1195.9007568359375
1790793360.1462402,1,0,1052.7874755859375,513.23388671875,31.254627227783203,1353.81884765625
1790793360.1576915,1,0,1184.3858642578125,250.03701782226562,27.96466636657715,1406.458251953125
1790793360.1695504,1,0,1184.3858642578125,250.03701782226562,27.96466636657715,1406.458251953125
1790793360.1809413,1,0,1184.3858642578125,250.03701782226562,27.96466636657715,1406.458251953125
1790793360.1919832,1,0,1184.3858642578125,250.03701782226562,27.96466636657715,1406.458251953125
1790793360.203233,1,0,1184.3858642578125,250.03701782226562,27.96466636657715,1406.458251953125
1790793360.2142386,1,0,1184.3858642578125,250.03701782226562,27.96466636657715,1406.458251953125
1790793360.2256784,1,0,1079.1070556640625,171.0779571533203,34.544586181640625,1116.941650390625
1790793360.2367423,1,0,1158.066162109375,65.7992172241211,32.89960861206055,1090.6219482421875
1790793360.2478669,1,0,1138.326416015625,92.118896484375,34.544586181640625,1090.6219482421875
1790793360.2589302,1,0,1153.1312255859375,217.1374053955078,34.544586181640625,932.703857421875
1790793360.270126,1,0,1139.971435546875,940.9287719726562,34.544586181640625,1064.30224609375
1790793360.2817602,1,0,1139.971435546875,940.9287719726562,34.544586181640625,1064.30224609375
1790793360.2940187,1,0,1139.971435546875,940.9287719726562,34.544586181640625,1064.30224609375
1790793360.3050213,1,0,1139.971435546875,940.9287719726562,34.544586181640625,1064.30224609375
1790793360.3160357,1,0,1092.2669677734375,1677.8800048828125,34.544586181640625,959.0235595703125
1790793360.3272693,1,0,1033.047607421875,1646.6253662109375,34.544586181640625,1037.9825439453125
1790793360.3380485,1,0,1144.9063720703125,1658.14013671875,34.544586181640625,1090.6219482421875
1790793360.3493805,1,0,954.088623046875,1679.52490234375,34.544586181640625,1011.6629028320312
1790793360.3605478,1,0,1079.1070556640625,1668.010009765625,34.544586181640625,1169.5810546875
1790793360.3716004,1,0,1079.1070556640625,1668.010009765625,34.544586181640625,1169.5810546875
1790793360.382263,1,0,1079.1070556640625,1668.010009765625,34.544586181640625,1169.5810546875
1790793360.393778,1,0,1079.1070556640625,1668.010009765625,34.544586181640625,1169.5810546875
1790793360.4048533,1,0,1079.1070556640625,1668.010009765625,34.544586181640625,1169.5810546875
1790793360.4159274,1,0,1065.947265625,1672.945068359375,34.544586181640625,985.3432006835938
1790793360.4269686,1,0,940.9287719726562,1643.3353271484375,52.63936996459961,985.3432006835938
1790793360.4381151,1,0,952.443603515625,1671.300048828125,34.544586181640625,932.703857421875
1790793360.4494743,1,0,967.2484130859375,1612.0806884765625,32.89960861206055,985.3432006835938
1790793360.4612274,1,0,937.6387939453125,1648.270263671875,34.544586181640625,1064.30224609375
1790793360.4723098,1,0,937.6387939453125,1648.270263671875,34.544586181640625,1064.30224609375
1790793360.4835546,1,0,937.6387939453125,1648.270263671875,34.544586181640625,1064.30224609375
1790793360.494392,1,0,937.6387939453125,1648.270263671875,34.544586181640625,1064.30224609375
1790793360.5053394,0,0,937.6387939453125,1648.270263671875,34.544586181640625,1064.30224609375
1790793360.5176067,0,0,937.6387939453125,1648.270263671875,34.544586181640625,1064.30224609375
1790793360.5285985,0,0,937.6387939453125,1648.270263671875,34.544586181640625,1064.30224609375
1790793360.5396793,0,0,911.319091796875,1546.281494140625,227.00729370117188,1116.941650390625
1790793360.5506995,0,0,916.2540283203125,1467.322509765625,185.88278198242188,985.3432006835938
1790793360.5617137,0,0,896.5142822265625,1519.9617919921875,360.2507019042969,1090.6219482421875
1790793360.5723393,0,0,896.5142822265625,1519.9617919921875,360.2507019042969,1090.6219482421875
1790793360.5836174,0,0,896.5142822265625,1519.9617919921875,360.2507019042969,1090.6219482421875
1790793360.594419,0,0,896.5142822265625,1519.9617919921875,360.2507019042969,1090.6219482421875
1790793360.6054912,0,0,896.5142822265625,1519.9617919921875,360.2507019042969,1090.6219482421875
1790793360.6161387,0,0,896.5142822265625,1519.9617919921875,360.2507019042969,1090.6219482421875
1790793360.6280746,0,0,896.5142822265625,1519.9617919921875,360.2507019042969,1090.6219482421875
1790793360.6394958,0,0,842.2299194335938,1467.322509765625,370.1205749511719,932.703857421875
1790793360.6506083,0,0,921.18896484375,309.2563171386719,401.3752136230469,1037.9825439453125
1790793360.6617541,0,0,865.2596435546875,0.0,450.724609375,761.6259155273438
1790793360.6734211,0,0,855.3897705078125,64.15423583984375,454.01458740234375,840.5849609375
1790793360.6842408,0,0,899.8042602539062,27.96466636657715,470.4643859863281,919.5440063476562
1790793360.6956644,0,0,899.8042602539062,27.96466636657715,470.4643859863281,919.5440063476562
1790793360.7063527,0,0,899.8042602539062,27.96466636657715,470.4643859863281,919.5440063476562
1790793360.7172236,0,0,899.8042602539062,27.96466636657715,470.4643859863281,919.5440063476562
1790793360.728198,0,0,899.8042602539062,27.96466636657715,470.4643859863281,919.5440063476562
1790793360.7394612,0,0,899.8042602539062,27.96466636657715,470.4643859863281,919.5440063476562
1790793360.7508693,0,0,886.6444091796875,54.28435134887695,462.2394714355469,787.945556640625
1790793360.7616584,0,0,852.0997924804688,46.0594482421875,519.8137817382812,761.6259155273438
1790793360.7726955,0,0,889.9343872070312,50.99439239501953,490.2041320800781,866.9046630859375
1790793360.783649,0,0,942.57373046875,52.63936996459961,542.843505859375,840.5849609375
1790793360.7947826,0,0,916.2540283203125,103.63375854492188,556.0033569335938,919.5440063476562
1790793360.8058655,0,0,916.2540283203125,103.63375854492188,556.0033569335938,919.5440063476562
1790793360.816747,0,0,916.2540283203125,103.63375854492188,556.0033569335938,919.5440063476562
1790793360.8284032,0,0,916.2540283203125,103.63375854492188,556.0033569335938,919.5440063476562
1790793360.8400679,0,0,916.2540283203125,103.63375854492188,556.0033569335938,919.5440063476562
1790793360.8511915,0,0,847.1648559570312,491.84912109375,585.6129760742188,840.5849609375
1790793360.8627145,0,0,886.6444091796875,518.1688232421875,559.2933349609375,814.2652587890625
1790793360.8741345,0,0,791.2355346679688,491.84912109375,582.3230590820312,656.34716796875
1790793360.885658,0,0,912.964111328125,649.7672119140625,556.0033569335938,893.2243041992188
1790793360.8967068,0,0,912.964111328125,649.7672119140625,556.0033569335938,893.2243041992188
1790793360.9083467,0,0,912.964111328125,649.7672119140625,556.0033569335938,893.2243041992188
1790793360.9195826,0,0,912.964111328125,649.7672119140625,556.0033569335938,893.2243041992188
1790793360.9307435,0,0,912.964111328125,649.7672119140625,556.0033569335938,893.2243041992188
1790793360.941919,0,0,935.9938354492188,649.7672119140625,560.9382934570312,840.5849609375
1790793360.953092,0,0,847.1648559570312,676.0869140625,610.2877197265625,761.6259155273438
1790793360.9642525,0,0,840.5849609375,781.3656616210938,603.707763671875,656.34716796875
1790793360.9754574,0,0,919.5440063476562,939.2837524414062,636.607421875,866.9046630859375
1790793360.986367,0,0,919.5440063476562,939.2837524414062,636.607421875,866.9046630859375
1790793360.9971638,0,0,919.5440063476562,939.2837524414062,636.607421875,866.9046630859375
1790793361.0078576,0,0,919.5440063476562,939.2837524414062,636.607421875,866.9046630859375
1790793361.0188327,0,0,919.5440063476562,939.2837524414062,636.607421875,866.9046630859375
1790793361.0300746,0,0,883.3544311523438,939.2837524414062,659.6371459960938,787.945556640625
1790793361.041154,0,0,847.1648559570312,939.2837524414062,626.7374877929688,656.34716796875
1790793361.0522408,0,0,837.2949829101562,939.2837524414062,597.1278686523438,630.0274658203125
1790793361.063385,0,0,804.3953857421875,886.6444091796875,636.607421875,656.34716796875
1790793361.0744972,0,0,835.6500244140625,1018.2428588867188,702.4066162109375,761.6259155273438
1790793361.085966,0,0,835.6500244140625,1018.2428588867188,702.4066162109375,761.6259155273438
1790793361.0971847,0,0,835.6500244140625,1018.2428588867188,702.4066162109375,761.6259155273438
1790793361.108,0,0,835.6500244140625,1018.2428588867188,702.4066162109375,761.6259155273438
1790793361.118922,0,0,835.6500244140625,1018.2428588867188,702.4066162109375,761.6259155273438
1790793361.129611,0,0,835.6500244140625,1018.2428588867188,702.4066162109375,761.6259155273438
1790793361.141059,0,0,901.44921875,912.964111328125,702.4066162109375,840.5849609375
1790793361.1524205,0,0,868.5496215820312,1018.2428588867188,676.0869140625,866.9046630859375
1790793361.1632411,0,0,888.2893676757812,1097.201904296875,722.1463623046875,945.8637084960938
1790793361.1744268,0,0,908.0291748046875,1044.5625,755.0459594726562,814.2652587890625
1790793361.1859295,0,0,855.3897705078125,860.32470703125,636.607421875,866.9046630859375
1790793361.1972978,0,0,911.319091796875,1044.5625,653.0571899414062,972.1834106445312
1790793361.2088704,0,0,911.319091796875,1044.5625,653.0571899414062,972.1834106445312
1790793361.2205205,0,0,911.319091796875,1044.5625,653.0571899414062,972.1834106445312
1790793361.2314982,0,0,911.319091796875,1044.5625,653.0571899414062,972.1834106445312
1790793361.2424128,0,0,911.319091796875,1044.5625,653.0571899414062,972.1834106445312
1790793361.253584,0,0,911.319091796875,1044.5625,653.0571899414062,972.1834106445312
1790793361.264426,0,0,829.070068359375,676.0869140625,681.0218505859375,814.2652587890625
1790793361.2892272,0,0,931.0588989257812,991.9231567382812,753.4010009765625,866.9046630859375
1790793361.3123944,0,0,898.1592407226562,965.6034545898438,708.9865112304688,945.8637084960938
1790793361.3237593,0,0,884.9994506835938,855.3897705078125,717.21142578125,838.9400024414062
1790793361.3361425,0,0,911.319091796875,908.0291748046875,687.601806640625,970.5383911132812
1790793361.3480177,0,0,911.319091796875,908.0291748046875,687.601806640625,970.5383911132812
1790793361.3620791,0,0,911.319091796875,908.0291748046875,687.601806640625,970.5383911132812
1790793361.3836608,0,0,911.319091796875,908.0291748046875,687.601806640625,970.5383911132812
1790793361.3972738,0,0,911.319091796875,908.0291748046875,687.601806640625,970.5383911132812
1790793361.4127946,0,0,911.319091796875,908.0291748046875,687.601806640625,970.5383911132812
1790793361.4252784,0,0,822.4901733398438,1065.947265625,694.1817016601562,917.8990478515625
1790793361.43808,0,0,891.579345703125,855.3897705078125,677.7318725585938,865.2596435546875
1790793361.4499502,0,0,898.1592407226562,986.9882202148438,723.7913208007812,970.5383911132812
1790793361.4619746,0,0,875.1295166015625,723.7913208007812,690.8917236328125,1023.1777954101562
1790793361.4735093,0,0,875.1295166015625,723.7913208007812,690.8917236328125,1023.1777954101562
1790793361.4852345,0,0,875.1295166015625,723.7913208007812,690.8917236328125,1023.1777954101562
1790793361.4969518,0,0,875.1295166015625,723.7913208007812,690.8917236328125,1023.1777954101562
1790793361.5084398,0,0,855.3897705078125,855.3897705078125,730.3712768554688,1023.1777954101562
1790793361.5199962,0,0,835.6500244140625,750.1110229492188,727.081298828125,944.2186889648438
1790793361.5315685,0,0,858.6797485351562,908.0291748046875,792.8805541992188,996.8580932617188
1790793361.5443242,0,0,858.6797485351562,908.0291748046875,792.8805541992188,996.8580932617188
1790793361.5565078,0,0,858.6797485351562,908.0291748046875,792.8805541992188,996.8580932617188
1790793361.567643,0,0,855.3897705078125,723.7913208007812,727.081298828125,970.5383911132812
1790793361.5794048,0,0,866.9046630859375,829.070068359375,792.8805541992188,996.8580932617188
1790793361.5911806,0,0,871.839599609375,671.1519775390625,792.8805541992188,970.5383911132812
1790793361.6065772,0,0,825.7801513671875,829.070068359375,802.7504272460938,838.9400024414062
1790793361.6189857,0,0,838.9400024414062,802.7504272460938,843.8749389648438,944.2186889648438
1790793361.6308632,0,0,838.9400024414062,802.7504272460938,843.8749389648438,944.2186889648438
1790793361.6419718,0,0,838.9400024414062,802.7504272460938,843.8749389648438,944.2186889648438
1790793361.6531932,0,0,838.9400024414062,802.7504272460938,843.8749389648438,944.2186889648438
1790793361.6647394,0,0,838.9400024414062,802.7504272460938,843.8749389648438,944.2186889648438
1790793361.6762488,0,0,838.9400024414062,618.5126342773438,822.4901733398438,812.6203002929688
1790793361.6875114,0,0,865.2596435546875,644.832275390625,783.0106201171875,944.2186889648438
1790793361.6988406,0,0,878.4194946289062,618.5126342773438,835.6500244140625,891.579345703125
1790793361.709923,0,0,825.7801513671875,486.9141845703125,809.330322265625,891.579345703125
1790793361.7215743,0,0,838.9400024414062,697.4716796875,863.6146850585938,970.5383911132812
1790793361.732418,0,0,845.5198974609375,486.9141845703125,784.6556396484375,1102.1368408203125
1790793361.743455,0,0,870.194580078125,539.5535278320312,837.2949829101562,1049.4974365234375
1790793361.754845,0,0,835.6500244140625,539.5535278320312,814.2652587890625,970.5383911132812
1790793361.7662492,0,0,875.1295166015625,513.23388671875,881.70947265625,1154.7762451171875
1790793361.7771862,0,0,875.1295166015625,513.23388671875,881.70947265625,1154.7762451171875
1790793361.7889183,0,0,875.1295166015625,513.23388671875,881.70947265625,1154.7762451171875
1790793361.8000133,0,0,875.1295166015625,513.23388671875,881.70947265625,1154.7762451171875
1790793361.8115208,0,0,875.1295166015625,513.23388671875,881.70947265625,1154.7762451171875
1790793361.8225636,0,0,875.1295166015625,513.23388671875,881.70947265625,1154.7762451171875
1790793361.8333917,0,0,852.0997924804688,381.63543701171875,824.1351318359375,1049.4974365234375
1790793361.8445983,0,0,884.9994506835938,671.1519775390625,861.9697265625,1154.7762451171875
1790793361.8554223,0,0,852.0997924804688,539.5535278320312,842.2299194335938,1102.1368408203125
1790793361.8667998,0,0,914.6090698242188,1123.5216064453125,771.4957885742188,982.0532836914062
1790793361.8780327,0,0,832.3600463867188,965.6034545898438,774.7857666015625,955.7335815429688
1790793361.88927,0,0,832.3600463867188,965.6034545898438,774.7857666015625,955.7335815429688
1790793361.9003906,0,0,832.3600463867188,965.6034545898438,774.7857666015625,955.7335815429688
1790793361.9115975,0,0,832.3600463867188,965.6034545898438,774.7857666015625,955.7335815429688
1790793361.9230084,0,0,832.3600463867188,965.6034545898438,774.7857666015625,955.7335815429688
1790793361.9339428,0,0,810.9752807617188,912.964111328125,768.205810546875,955.7335815429688
1790793361.945156,0,0,796.1704711914062,965.6034545898438,766.5608520507812,771.4957885742188
1790793361.9564173,0,0,861.9697265625,886.6444091796875,797.8154907226562,929.4138793945312
1790793361.96734,0,0,861.9697265625,886.6444091796875,797.8154907226562,929.4138793945312
1790793361.978654,0,0,861.9697265625,886.6444091796875,797.8154907226562,929.4138793945312
1790793361.9894426,0,0,861.9697265625,886.6444091796875,797.8154907226562,929.4138793945312
1790793362.0006309,0,0,861.9697265625,886.6444091796875,797.8154907226562,929.4138793945312
1790793362.0121915,0,0,861.9697265625,886.6444091796875,797.8154907226562,929.4138793945312
1790793362.02341,0,0,899.8042602539062,886.6444091796875,781.3656616210938,876.7745361328125
1790793362.0342305,0,0,843.8749389648438,860.32470703125,771.4957885742188,903.09423828125
1790793362.0456502,0,0,870.194580078125,991.9231567382812,740.2411499023438,824.1351318359375
1790793362.0564349,0,0,843.8749389648438,939.2837524414062,722.1463623046875,929.4138793945312
1790793362.0670414,0,0,824.1351318359375,1018.2428588867188,797.8154907226562,797.8154907226562
1790793362.0781362,0,0,863.6146850585938,1044.5625,758.3359375,1008.3729248046875
1790793362.0894277,0,0,863.6146850585938,1044.5625,758.3359375,1008.3729248046875
1790793362.1001632,0,0,863.6146850585938,1044.5625,758.3359375,1008.3729248046875
1790793362.111142,0,0,863.6146850585938,1044.5625,758.3359375,1008.3729248046875
1790793362.1221914,0,0,863.6146850585938,1044.5625,758.3359375,1008.3729248046875
1790793362.1332803,0,0,863.6146850585938,1044.5625,758.3359375,1008.3729248046875
1790793362.1443872,0,0,792.8805541992188,939.2837524414062,746.8211059570312,955.7335815429688
1790793362.1552248,0,0,868.5496215820312,834.0050048828125,733.6612548828125,1034.692626953125
1790793362.166574,0,0,853.7448120117188,991.9231567382812,822.4901733398438,1087.33203125
1790793362.1780562,0,0,853.7448120117188,991.9231567382812,822.4901733398438,1087.33203125
1790793362.190144,0,0,853.7448120117188,991.9231567382812,822.4901733398438,1087.33203125
1790793362.2012422,0,0,853.7448120117188,991.9231567382812,822.4901733398438,1087.33203125
1790793362.2124023,0,0,853.7448120117188,991.9231567382812,822.4901733398438,1087.33203125
1790793362.2238255,0,0,853.7448120117188,991.9231567382812,822.4901733398438,1087.33203125
1790793362.2353477,0,0,876.7745361328125,912.964111328125,776.4307250976562,1061.0123291015625
1790793362.2459686,0,0,876.7745361328125,912.964111328125,776.4307250976562,1061.0123291015625
1790793362.2572062,0,0,784.6556396484375,939.2837524414062,713.9214477539062,929.4138793945312
1790793362.2684886,0,0,791.2355346679688,912.964111328125,759.9808959960938,1034.692626953125
1790793362.2801595,0,0,824.1351318359375,991.9231567382812,733.6612548828125,982.0532836914062
1790793362.2913542,0,0,850.454833984375,1018.2428588867188,796.1704711914062,955.7335815429688
1790793362.3028898,0,0,807.6853637695312,1070.8822021484375,776.4307250976562,1034.692626953125
1790793362.3142893,0,0,847.1648559570312,1070.8822021484375,776.4307250976562,1139.971435546875
1790793362.32541,0,0,847.1648559570312,1070.8822021484375,776.4307250976562,1139.971435546875
1790793362.3366442,0,0,847.1648559570312,1070.8822021484375,776.4307250976562,1139.971435546875
1790793362.347567,0,0,847.1648559570312,1070.8822021484375,776.4307250976562,1139.971435546875
1790793362.3583937,0,0,847.1648559570312,1070.8822021484375,776.4307250976562,1139.971435546875
1790793362.3699863,0,0,847.1648559570312,1070.8822021484375,776.4307250976562,1139.971435546875
1790793362.3816798,0,0,847.1648559570312,1070.8822021484375,776.4307250976562,1139.971435546875
1790793362.3931527,0,0,847.1648559570312,1070.8822021484375,776.4307250976562,1139.971435546875
1790793362.4052715,0,0,873.4845581054688,1097.201904296875,783.0106201171875,1113.6517333984375
1790793362.416753,0,0,847.1648559570312,1149.84130859375,789.590576171875,1087.33203125
1790793362.4284637,0,0,847.1648559570312,1149.84130859375,789.590576171875,1087.33203125
1790793362.4392762,0,0,847.1648559570312,1149.84130859375,789.590576171875,1087.33203125
1790793362.4501855,0,0,847.1648559570312,1149.84130859375,789.590576171875,1087.33203125
1790793362.4613945,0,0,847.1648559570312,1149.84130859375,789.590576171875,1087.33203125
1790793362.4727824,0,0,847.1648559570312,1149.84130859375,789.590576171875,1087.33203125
1790793362.4836903,0,0,847.1648559570312,1149.84130859375,789.590576171875,1087.33203125
1790793362.4949234,0,0,847.1648559570312,1149.84130859375,789.590576171875,1087.33203125
1790793362.5063348,0,0,847.1648559570312,1149.84130859375,789.590576171875,1087.33203125
1790793362.5182528,0,0,903.09423828125,912.964111328125,758.3359375,982.0532836914062
1790793362.529658,0,0,888.2893676757812,934.3488159179688,843.8749389648438,824.1351318359375
1790793362.5413568,0,0,829.070068359375,750.1110229492188,778.07568359375,824.1351318359375
1790793362.5531607,0,0,861.9697265625,723.7913208007812,751.7560424804688,929.4138793945312
1790793362.5647864,0,0,861.9697265625,723.7913208007812,751.7560424804688,929.4138793945312
1790793362.5763514,0,0,861.9697265625,723.7913208007812,751.7560424804688,929.4138793945312
1790793362.5873103,0,0,861.9697265625,723.7913208007812,751.7560424804688,929.4138793945312
1790793362.598618,0,0,815.9102783203125,697.4716796875,791.2355346679688,824.1351318359375
1790793362.6097708,0,0,843.8749389648438,750.1110229492188,815.9102783203125,876.7745361328125
1790793362.621159,0,0,850.454833984375,723.7913208007812,781.3656616210938,903.09423828125
1790793362.6322157,0,0,850.454833984375,723.7913208007812,781.3656616210938,903.09423828125
1790793362.642959,0,0,850.454833984375,723.7913208007812,781.3656616210938,903.09423828125
1790793362.6544607,0,0,850.454833984375,723.7913208007812,781.3656616210938,903.09423828125
1790793362.6658285,0,0,850.454833984375,723.7913208007812,781.3656616210938,903.09423828125
1790793362.6775215,0,0,804.3953857421875,592.1929321289062,773.1407470703125,718.8563842773438
1790793362.6888433,0,0,843.8749389648438,829.070068359375,794.5255126953125,903.09423828125
1790793362.6996098,0,0,896.5142822265625,644.832275390625,786.3005981445312,929.4138793945312
1790793362.7105784,0,0,807.6853637695312,671.1519775390625,786.3005981445312,850.454833984375
1790793362.723096,0,0,807.6853637695312,671.1519775390625,786.3005981445312,850.454833984375
1790793362.7353258,0,0,837.2949829101562,671.1519775390625,829.070068359375,929.4138793945312
1790793362.7467759,0,0,866.9046630859375,776.4307250976562,853.7448120117188,876.7745361328125
1790793362.7585778,0,0,820.84521484375,723.7913208007812,857.0347290039062,850.454833984375
1790793362.7703142,0,0,820.84521484375,723.7913208007812,857.0347290039062,850.454833984375
1790793362.7815127,0,0,820.84521484375,723.7913208007812,857.0347290039062,850.454833984375
1790793362.7928438,0,0,820.84521484375,723.7913208007812,857.0347290039062,850.454833984375
1790793362.804666,0,0,820.84521484375,723.7913208007812,857.0347290039062,850.454833984375
1790793362.8154607,0,0,820.84521484375,776.4307250976562,834.0050048828125,745.1760864257812
1790793362.826471,0,0,810.9752807617188,829.070068359375,845.5198974609375,850.454833984375
1790793362.8375754,0,0,834.0050048828125,697.4716796875,807.6853637695312,718.8563842773438
1790793362.8484392,0,0,850.454833984375,802.7504272460938,853.7448120117188,692.5367431640625
1790793362.8597481,0,0,835.6500244140625,750.1110229492188,847.1648559570312,771.4957885742188
1790793362.871061,0,0,840.5849609375,868.5496215820312,829.070068359375,797.8154907226562
1790793362.881815,0,0,840.5849609375,868.5496215820312,829.070068359375,797.8154907226562
1790793362.8927019,0,0,840.5849609375,868.5496215820312,829.070068359375,797.8154907226562
1790793362.9038575,0,0,840.5849609375,868.5496215820312,829.070068359375,797.8154907226562
1790793362.914836,0,0,840.5849609375,868.5496215820312,829.070068359375,797.8154907226562
1790793362.9260652,0,0,840.5849609375,868.5496215820312,829.070068359375,797.8154907226562
1790793362.9369092,0,0,840.5849609375,868.5496215820312,829.070068359375,797.8154907226562
1790793362.9479063,0,0,814.2652587890625,769.850830078125,847.1648559570312,692.5367431640625
1790793362.9589903,0,0,792.8805541992188,842.2299194335938,840.5849609375,718.8563842773438
1790793362.9699752,0,0,824.1351318359375,789.590576171875,817.5552368164062,797.8154907226562
1790793362.9809947,0,0,806.0403442382812,815.9102783203125,850.454833984375,850.454833984375
1790793362.992138,0,0,806.0403442382812,815.9102783203125,850.454833984375,850.454833984375
1790793363.0030959,0,0,806.0403442382812,815.9102783203125,850.454833984375,850.454833984375
1790793363.0141914,0,0,806.0403442382812,815.9102783203125,850.454833984375,850.454833984375
1790793363.025754,0,0,806.0403442382812,815.9102783203125,850.454833984375,850.454833984375
1790793363.0373368,0,0,860.32470703125,764.9158325195312,807.6853637695312,881.70947265625
1790793363.050789,0,0,830.715087890625,685.956787109375,789.590576171875,723.7913208007812
1790793363.0620587,0,0,861.9697265625,817.5552368164062,794.5255126953125,881.70947265625
1790793363.0738537,0,0,875.1295166015625,606.9977416992188,791.2355346679688,802.7504272460938
1790793363.0848413,0,0,853.7448120117188,712.2764892578125,834.0050048828125,908.0291748046875
1790793363.0962708,0,0,853.7448120117188,712.2764892578125,834.0050048828125,908.0291748046875
1790793363.108906,0,0,853.7448120117188,712.2764892578125,834.0050048828125,908.0291748046875
1790793363.1204689,0,0,853.7448120117188,712.2764892578125,834.0050048828125,908.0291748046875
1790793363.131858,0,0,858.6797485351562,764.9158325195312,807.6853637695312,802.7504272460938
1790793363.1431935,0,0,858.6797485351562,764.9158325195312,807.6853637695312,802.7504272460938
1790793363.1549323,0,0,738.59619140625,620.1575927734375,748.466064453125,829.070068359375
1790793363.1661146,0,0,771.4957885742188,646.477294921875,771.4957885742188,750.1110229492188
1790793363.177352,0,0,727.081298828125,620.1575927734375,799.46044921875,855.3897705078125
1790793363.1882782,0,0,727.081298828125,620.1575927734375,799.46044921875,855.3897705078125
1790793363.1993709,0,0,792.8805541992188,633.3174438476562,848.8098754882812,723.7913208007812
1790793363.2110946,0,0,858.6797485351562,620.1575927734375,827.4251098632812,908.0291748046875
1790793363.222527,0,0,858.6797485351562,620.1575927734375,827.4251098632812,908.0291748046875
1790793363.233461,0,0,858.6797485351562,620.1575927734375,827.4251098632812,908.0291748046875
1790793363.2453454,0,0,858.6797485351562,620.1575927734375,827.4251098632812,908.0291748046875
1790793363.2565677,0,0,858.6797485351562,620.1575927734375,827.4251098632812,908.0291748046875
1790793363.2681239,0,0,919.5440063476562,593.837890625,840.5849609375,881.70947265625
1790793363.2788017,0,0,893.2243041992188,514.8788452148438,817.5552368164062,855.3897705078125
1790793363.2913191,0,0,926.1239624023438,699.1166381835938,815.9102783203125,960.6685180664062
1790793363.3026764,0,0,926.1239624023438,699.1166381835938,815.9102783203125,960.6685180664062
1790793363.3137403,0,0,926.1239624023438,699.1166381835938,815.9102783203125,960.6685180664062
1790793363.3248997,0,0,926.1239624023438,699.1166381835938,815.9102783203125,960.6685180664062
1790793363.33595,0,0,926.1239624023438,699.1166381835938,815.9102783203125,960.6685180664062
1790793363.34712,0,0,959.0235595703125,646.477294921875,791.2355346679688,908.0291748046875
1790793363.3584387,0,0,959.0235595703125,541.1985473632812,810.9752807617188,934.3488159179688
1790793363.369657,1,0,945.8637084960938,593.837890625,799.46044921875,855.3897705078125
1790793363.3810868,1,0,830.715087890625,462.2394714355469,824.1351318359375,881.70947265625
1790793363.3919885,1,0,878.4194946289062,409.60009765625,804.3953857421875,881.70947265625
1790793363.403159,1,0,894.8693237304688,541.1985473632812,824.1351318359375,934.3488159179688
1790793363.41408,1,0,894.8693237304688,514.8788452148438,812.6203002929688,986.9882202148438
1790793363.425563,1,0,894.8693237304688,514.8788452148438,812.6203002929688,986.9882202148438
1790793363.4372334,1,0,894.8693237304688,514.8788452148438,812.6203002929688,986.9882202148438
1790793363.4483185,1,0,894.8693237304688,514.8788452148438,812.6203002929688,986.9882202148438
1790793363.4594336,1,0,894.8693237304688,514.8788452148438,812.6203002929688,986.9882202148438
1790793363.4708726,1,0,857.0347290039062,541.1985473632812,799.46044921875,829.070068359375
1790793363.4821842,1,0,865.2596435546875,330.64105224609375,801.1054077148438,829.070068359375
1790793363.4932916,1,0,866.9046630859375,488.5591735839844,812.6203002929688,960.6685180664062
1790793363.5046623,1,0,866.9046630859375,488.5591735839844,812.6203002929688,960.6685180664062
1790793363.5156236,1,0,866.9046630859375,488.5591735839844,812.6203002929688,960.6685180664062
1790793363.5270085,1,0,866.9046630859375,488.5591735839844,812.6203002929688,960.6685180664062
1790793363.5386066,1,0,866.9046630859375,488.5591735839844,812.6203002929688,960.6685180664062
1790793363.5496273,1,0,870.194580078125,462.2394714355469,812.6203002929688,829.070068359375
1790793363.5606422,1,0,883.3544311523438,541.1985473632812,842.2299194335938,960.6685180664062
1790793363.571802,1,0,847.1648559570312,462.2394714355469,806.0403442382812,908.0291748046875
1790793363.582816,1,0,842.2299194335938,528.0386962890625,824.1351318359375,802.7504272460938
1790793363.5937357,1,0,786.3005981445312,916.2540283203125,796.1704711914062,794.5255126953125
1790793363.604849,1,0,832.3600463867188,968.8934326171875,835.6500244140625,873.4845581054688
1790793363.616074,1,0,807.6853637695312,1021.5327758789062,812.6203002929688,715.5664672851562
1790793363.6275017,1,0,857.0347290039062,968.8934326171875,855.3897705078125,899.8042602539062
1790793363.6389382,1,0,857.0347290039062,968.8934326171875,855.3897705078125,899.8042602539062
1790793363.6503558,1,0,857.0347290039062,968.8934326171875,855.3897705078125,899.8042602539062
1790793363.66134,1,0,857.0347290039062,968.8934326171875,855.3897705078125,899.8042602539062
1790793363.6721354,1,0,857.0347290039062,968.8934326171875,855.3897705078125,899.8042602539062
1790793363.683257,1,0,857.0347290039062,968.8934326171875,855.3897705078125,899.8042602539062
1790793363.6941133,1,0,845.5198974609375,916.2540283203125,796.1704711914062,899.8042602539062
1790793363.7052662,1,0,871.839599609375,863.6146850585938,796.1704711914062,847.1648559570312
1790793363.7162554,1,0,911.319091796875,889.9343872070312,819.2001953125,926.1239624023438
1790793363.7277024,1,0,819.2001953125,995.213134765625,838.9400024414062,794.5255126953125
1790793363.7393417,1,0,894.8693237304688,995.213134765625,815.9102783203125,926.1239624023438
1790793363.7504807,1,0,894.8693237304688,995.213134765625,815.9102783203125,926.1239624023438
1790793363.7617145,1,0,894.8693237304688,995.213134765625,815.9102783203125,926.1239624023438
1790793363.7729023,1,0,894.8693237304688,995.213134765625,815.9102783203125,926.1239624023438
1790793363.7836356,1,0,894.8693237304688,995.213134765625,815.9102783203125,926.1239624023438
1790793363.7946742,1,0,894.8693237304688,995.213134765625,815.9102783203125,926.1239624023438
1790793363.8056114,1,0,914.6090698242188,1047.8525390625,819.2001953125,873.4845581054688
1790793363.8171985,1,0,865.2596435546875,1021.5327758789062,830.715087890625,899.8042602539062
1790793363.828404,1,0,825.7801513671875,982.0532836914062,834.0050048828125,741.8861083984375
1790793363.8394353,1,0,842.2299194335938,1034.692626953125,827.4251098632812,847.1648559570312
1790793363.850366,1,0,819.2001953125,982.0532836914062,827.4251098632812,926.1239624023438
1790793363.861551,1,0,898.1592407226562,1008.3729248046875,855.3897705078125,1005.0830078125
1790793363.8727777,1,0,898.1592407226562,1008.3729248046875,855.3897705078125,1005.0830078125
1790793363.884106,1,0,898.1592407226562,1008.3729248046875,855.3897705078125,1005.0830078125
1790793363.8953238,1,0,898.1592407226562,1008.3729248046875,855.3897705078125,1005.0830078125
1790793363.9070966,1,0,898.1592407226562,1008.3729248046875,855.3897705078125,1005.0830078125
1790793363.9185987,1,0,807.6853637695312,1087.33203125,792.8805541992188,926.1239624023438
1790793363.929594,1,0,807.6853637695312,1087.33203125,792.8805541992188,926.1239624023438
1790793363.9411259,1,0,893.2243041992188,1061.0123291015625,829.070068359375,1005.0830078125
1790793363.9526753,1,0,847.1648559570312,1034.692626953125,894.8693237304688,952.443603515625
1790793363.9638526,1,0,870.194580078125,955.7335815429688,842.2299194335938,952.443603515625
1790793363.974657,1,0,801.1054077148438,982.0532836914062,776.4307250976562,820.84521484375
1790793363.9859543,1,0,835.6500244140625,1034.692626953125,802.7504272460938,1005.0830078125
1790793363.9974136,1,0,835.6500244140625,1034.692626953125,802.7504272460938,1005.0830078125
1790793364.008358,1,0,835.6500244140625,1034.692626953125,802.7504272460938,1005.0830078125
1790793364.019201,1,0,835.6500244140625,1034.692626953125,802.7504272460938,1005.0830078125
1790793364.0302093,1,0,835.6500244140625,1034.692626953125,802.7504272460938,1005.0830078125
1790793364.0413568,1,0,835.6500244140625,1034.692626953125,802.7504272460938,1005.0830078125
1790793364.052591,1,0,835.6500244140625,1034.692626953125,802.7504272460938,1005.0830078125
1790793364.0633938,1,0,875.1295166015625,850.454833984375,829.070068359375,978.7633056640625
1790793364.0744693,1,0,866.9046630859375,1034.692626953125,802.7504272460938,952.443603515625
1790793364.085469,1,0,797.8154907226562,1008.3729248046875,842.2299194335938,978.7633056640625
1790793364.0965993,1,0,834.0050048828125,968.8934326171875,822.4901733398438,926.1239624023438
1790793364.1079986,1,0,893.2243041992188,1061.0123291015625,878.4194946289062,1084.0419921875
1790793364.1199477,1,0,893.2243041992188,1061.0123291015625,878.4194946289062,1084.0419921875
1790793364.1312244,1,0,893.2243041992188,1061.0123291015625,878.4194946289062,1084.0419921875
1790793364.142187,1,0,893.2243041992188,1061.0123291015625,878.4194946289062,1084.0419921875
1790793364.153233,1,0,893.2243041992188,1061.0123291015625,878.4194946289062,1084.0419921875
1790793364.1642377,1,0,893.2243041992188,1061.0123291015625,878.4194946289062,1084.0419921875
1790793364.1757286,1,0,817.5552368164062,982.0532836914062,870.194580078125,926.1239624023438
1790793364.1867259,1,0,847.1648559570312,797.8154907226562,855.3897705078125,926.1239624023438
1790793364.198429,1,0,824.1351318359375,692.5367431640625,810.9752807617188,952.443603515625
1790793364.2101307,1,0,847.1648559570312,850.454833984375,806.0403442382812,978.7633056640625
1790793364.2212842,1,0,847.1648559570312,850.454833984375,806.0403442382812,978.7633056640625
1790793364.232349,1,0,847.1648559570312,850.454833984375,806.0403442382812,978.7633056640625
1790793364.2443259,1,0,847.1648559570312,850.454833984375,806.0403442382812,978.7633056640625
1790793364.2556233,1,0,847.1648559570312,850.454833984375,806.0403442382812,978.7633056640625
1790793364.2665493,1,0,891.579345703125,888.2893676757812,815.9102783203125,820.84521484375
1790793364.277586,1,0,868.5496215820312,940.9287719726562,827.4251098632812,899.8042602539062
1790793364.2887104,1,0,843.8749389648438,914.6090698242188,819.2001953125,899.8042602539062
1790793364.2995036,1,0,884.9994506835938,1098.846923828125,814.2652587890625,952.443603515625
1790793364.310827,1,0,884.9994506835938,914.6090698242188,763.2708740234375,899.8042602539062
1790793364.322223,1,0,893.2243041992188,993.568115234375,834.0050048828125,952.443603515625
1790793364.333683,1,0,893.2243041992188,993.568115234375,834.0050048828125,952.443603515625
1790793364.3448198,1,0,893.2243041992188,993.568115234375,834.0050048828125,952.443603515625
1790793364.3682952,1,0,893.2243041992188,993.568115234375,834.0050048828125,952.443603515625
1790793364.380193,1,0,893.2243041992188,993.568115234375,834.0050048828125,952.443603515625
1790793364.3946817,1,0,704.0515747070312,783.0106201171875,834.0050048828125,741.8861083984375
1790793364.405961,1,0,473.75433349609375,1125.16650390625,889.9343872070312,557.6483154296875
1790793364.4173658,1,0,473.75433349609375,1125.16650390625,889.9343872070312,557.6483154296875
1790793364.428763,1,0,473.75433349609375,1125.16650390625,889.9343872070312,557.6483154296875
1790793364.4414535,1,0,473.75433349609375,1125.16650390625,889.9343872070312,557.6483154296875
1790793364.453723,1,0,470.4643859863281,1441.0028076171875,968.8934326171875,531.3286743164062
1790793364.464931,1,0,417.82501220703125,1559.44140625,978.7633056640625,347.0908508300781
1790793364.4767885,1,0,404.6651611328125,1598.9208984375,1021.5327758789062,426.0498962402344
1790793364.489119,1,0,477.0443115234375,0.0,1422.907958984375,583.968017578125
1790793364.500728,1,0,477.0443115234375,0.0,1422.907958984375,583.968017578125
1790793364.5115294,1,0,477.0443115234375,0.0,1422.907958984375,583.968017578125
1790793364.5228093,1,0,477.0443115234375,0.0,1422.907958984375,583.968017578125
1790793364.5338025,1,0,424.4049377441406,57.574310302734375,1513.3819580078125,399.730224609375
1790793364.5448043,1,0,628.3825073242188,44.41447067260742,1643.3353271484375,715.5664672851562
1790793364.5570028,1,0,595.48291015625,128.3084716796875,1640.04541015625,794.5255126953125
1790793364.569423,1,0,648.1222534179688,90.47391510009766,1641.6904296875,899.8042602539062
1790793364.5809765,1,0,661.2821044921875,143.11329650878906,1640.04541015625,820.84521484375
1790793364.5919187,1,0,792.8805541992188,195.75265502929688,1569.311279296875,1031.4027099609375
1790793364.6025538,1,0,792.8805541992188,195.75265502929688,1569.311279296875,1031.4027099609375
1790793364.6139615,1,0,792.8805541992188,195.75265502929688,1569.311279296875,1031.4027099609375
1790793364.6252482,1,0,792.8805541992188,195.75265502929688,1569.311279296875,1031.4027099609375
1790793364.6366386,1,0,792.8805541992188,195.75265502929688,1569.311279296875,1031.4027099609375
1790793364.6477075,1,0,792.8805541992188,195.75265502929688,1569.311279296875,1031.4027099609375
1790793364.658297,1,0,779.720703125,195.75265502929688,1598.9208984375,926.1239624023438
1790793364.6694343,1,0,845.5198974609375,1459.0975341796875,1365.333740234375,1163.0010986328125
1790793364.680051,1,0,1000.1480712890625,1195.9007568359375,1108.716796875,1268.27978515625
1790793364.690645,1,0,1036.337646484375,1248.5400390625,1095.556884765625,1241.960205078125
1790793364.7017677,1,0,1036.337646484375,1248.5400390625,1095.556884765625,1241.960205078125
1790793364.7130713,1,0,1049.4974365234375,60.86427307128906,837.2949829101562,1320.919189453125
1790793364.7247066,1,0,1115.296630859375,82.24901580810547,641.5423583984375,1268.27978515625
1790793364.7366824,1,0,1092.2669677734375,24.674705505371094,677.7318725585938,1102.1368408203125
1790793364.7477612,1,0,1092.2669677734375,24.674705505371094,677.7318725585938,1102.1368408203125
1790793364.7588856,1,0,1092.2669677734375,24.674705505371094,677.7318725585938,1102.1368408203125
1790793364.7697206,1,0,1092.2669677734375,24.674705505371094,677.7318725585938,1102.1368408203125
1790793364.780444,1,0,1092.2669677734375,24.674705505371094,677.7318725585938,1102.1368408203125
1790793364.7919402,1,0,1092.2669677734375,24.674705505371094,677.7318725585938,1102.1368408203125
1790793364.803171,1,0,1085.68701171875,26.319684982299805,615.22265625,1102.1368408203125
1790793364.8143466,1,0,1049.4974365234375,29.60964584350586,630.0274658203125,1049.4974365234375
1790793364.8253932,1,0,1049.4974365234375,34.544586181640625,633.3174438476562,996.8580932617188
1790793364.8369067,1,0,983.6982421875,26.319684982299805,618.5126342773438,996.8580932617188
1790793364.8475583,1,0,1010.0179443359375,27.96466636657715,666.217041015625,1049.4974365234375
1790793364.8588402,1,0,1010.0179443359375,27.96466636657715,666.217041015625,1049.4974365234375
1790793364.8700533,1,0,1010.0179443359375,27.96466636657715,666.217041015625,1049.4974365234375
1790793364.8810086,1,0,1010.0179443359375,27.96466636657715,666.217041015625,1049.4974365234375
1790793364.8920472,1,0,1010.0179443359375,27.96466636657715,666.217041015625,1049.4974365234375
1790793364.9031403,1,0,1010.0179443359375,27.96466636657715,666.217041015625,1049.4974365234375
1790793364.9144611,1,0,937.6387939453125,32.89960861206055,656.34716796875,917.8990478515625
1790793364.9259748,1,0,970.5383911132812,34.544586181640625,676.0869140625,970.5383911132812
1790793364.9370763,1,0,950.7986450195312,36.18956756591797,644.832275390625,865.2596435546875
1790793364.948514,1,0,952.443603515625,32.89960861206055,657.9921264648438,996.8580932617188
1790793364.9603074,1,0,894.8693237304688,78.95905303955078,722.1463623046875,944.2186889648438
1790793364.9714036,1,0,927.7689208984375,32.89960861206055,682.6668701171875,970.5383911132812
1790793364.9827423,1,0,927.7689208984375,32.89960861206055,682.6668701171875,970.5383911132812
1790793364.9936194,1,0,927.7689208984375,32.89960861206055,682.6668701171875,970.5383911132812
1790793365.0047529,1,0,927.7689208984375,32.89960861206055,682.6668701171875,970.5383911132812
1790793365.0157888,1,0,931.0588989257812,64.15423583984375,710.6315307617188,1049.4974365234375
1790793365.0271726,1,0,931.0588989257812,143.11329650878906,755.0459594726562,1049.4974365234375
1790793365.0383258,1,0,641.5423583984375,393.1502990722656,741.8861083984375,838.9400024414062
1790793365.0490406,1,0,532.9736328125,524.7487182617188,802.7504272460938,602.0628051757812
1790793365.0604968,1,0,472.1093444824219,577.3881225585938,855.3897705078125,654.7021484375
1790793365.0716617,1,0,472.1093444824219,577.3881225585938,855.3897705078125,654.7021484375
1790793365.0829597,1,0,472.1093444824219,577.3881225585938,855.3897705078125,654.7021484375
1790793365.0939527,1,0,472.1093444824219,577.3881225585938,855.3897705078125,654.7021484375
1790793365.105163,1,0,472.1093444824219,577.3881225585938,855.3897705078125,654.7021484375
1790793365.1163082,1,0,472.1093444824219,577.3881225585938,855.3897705078125,654.7021484375
1790793365.1276574,1,0,378.3454895019531,814.2652587890625,950.7986450195312,523.103759765625
1790793365.1388905,1,0,301.0314025878906,1314.3392333984375,1200.835693359375,470.4643859863281
1790793365.149635,1,0,353.6707763671875,1340.658935546875,1289.66455078125,523.103759765625
1790793365.1607013,1,0,406.3101501464844,419.4700012207031,1625.2406005859375,549.4234619140625
1790793365.17226,1,0,445.7896728515625,1077.462158203125,1638.400390625,681.0218505859375
1790793365.1834142,1,0,445.7896728515625,1077.462158203125,1638.400390625,681.0218505859375
1790793365.1947973,1,0,445.7896728515625,1077.462158203125,1638.400390625,681.0218505859375
1790793365.2057462,1,0,445.7896728515625,1077.462158203125,1638.400390625,681.0218505859375
1790793365.2163846,1,0,445.7896728515625,1077.462158203125,1638.400390625,681.0218505859375
1790793365.2278197,1,0,534.6185913085938,708.9865112304688,1631.820556640625,733.6612548828125
1790793365.2394848,1,0,687.601806640625,1079.1070556640625,1635.1104736328125,996.8580932617188
1790793365.2506268,1,0,741.8861083984375,1184.3858642578125,1633.4654541015625,1154.7762451171875
1790793365.2616158,1,0,741.8861083984375,1184.3858642578125,1633.4654541015625,1154.7762451171875
1790793365.2726052,1,0,741.8861083984375,1184.3858642578125,1633.4654541015625,1154.7762451171875
1790793365.2839267,1,0,741.8861083984375,1184.3858642578125,1633.4654541015625,1154.7762451171875
1790793365.2957516,1,0,741.8861083984375,1184.3858642578125,1633.4654541015625,1154.7762451171875
1790793365.3070014,1,0,741.8861083984375,1184.3858642578125,1633.4654541015625,1154.7762451171875
1790793365.3180408,1,0,741.8861083984375,1184.3858642578125,1633.4654541015625,1154.7762451171875
1790793365.3294418,1,0,791.2355346679688,1158.066162109375,1633.4654541015625,1023.1777954101562
1790793365.340715,1,0,850.454833984375,684.3118286132812,1546.281494140625,1154.7762451171875
1790793365.351837,1,0,764.9158325195312,763.2708740234375,1314.3392333984375,1023.1777954101562
1790793365.3628404,1,0,857.0347290039062,111.8586654663086,1192.6107177734375,1036.337646484375
1790793365.3739333,1,0,857.0347290039062,1269.9248046875,1218.930419921875,1036.337646484375
1790793365.3850365,1,0,857.0347290039062,1269.9248046875,1218.930419921875,1036.337646484375
1790793365.3961713,1,0,857.0347290039062,1269.9248046875,1218.930419921875,1036.337646484375
1790793365.4078057,1,0,857.0347290039062,1269.9248046875,1218.930419921875,1036.337646484375
1790793365.4187868,1,0,857.0347290039062,1269.9248046875,1218.930419921875,1036.337646484375
1790793365.4295065,1,0,857.0347290039062,1269.9248046875,1218.930419921875,1036.337646484375
1790793365.441254,1,0,995.213134765625,1243.6051025390625,1074.172119140625,1167.93603515625
1790793365.4523952,1,0,1126.8115234375,1559.44140625,975.4733276367188,1167.93603515625
1790793365.4635959,1,0,1126.8115234375,1559.44140625,975.4733276367188,1167.93603515625
1790793365.4745104,1,0,1126.8115234375,1559.44140625,975.4733276367188,1167.93603515625
1790793365.4852467,1,0,1126.8115234375,1559.44140625,975.4733276367188,1167.93603515625
1790793365.496237,1,0,1126.8115234375,1559.44140625,975.4733276367188,1167.93603515625
1790793365.5072377,1,0,1126.8115234375,1427.8428955078125,863.6146850585938,1062.6573486328125
1790793365.5181878,1,0,1074.172119140625,901.44921875,764.9158325195312,1036.337646484375
1790793365.5290945,1,0,1079.1070556640625,0.0,462.2394714355469,1036.337646484375
1790793365.5398006,1,0,1010.0179443359375,184.23779296875,389.8603515625,957.3785400390625
1790793365.5510473,1,0,1064.30224609375,52.63936996459961,343.8009033203125,983.6982421875
1790793365.5624514,1,0,962.3134765625,894.8693237304688,361.8956604003906,931.0588989257812
1790793365.5736363,1,0,995.213134765625,1251.830078125,383.2804260253906,957.3785400390625
1790793365.5848246,1,0,995.213134765625,1251.830078125,383.2804260253906,957.3785400390625
1790793365.5961688,1,0,995.213134765625,1251.830078125,383.2804260253906,957.3785400390625
1790793365.6069062,1,0,995.213134765625,1251.830078125,383.2804260253906,957.3785400390625
1790793365.6182141,1,0,995.213134765625,1251.830078125,383.2804260253906,957.3785400390625
1790793365.6295137,1,0,998.5030517578125,1640.04541015625,343.8009033203125,931.0588989257812
1790793365.6409054,1,0,912.964111328125,1648.270263671875,409.60009765625,825.7801513671875
1790793365.652305,1,0,893.2243041992188,1646.6253662109375,468.81939697265625,878.4194946289062
1790793365.6636891,1,0,893.2243041992188,1646.6253662109375,468.81939697265625,878.4194946289062
1790793365.675134,1,0,893.2243041992188,1646.6253662109375,468.81939697265625,878.4194946289062
1790793365.686192,1,0,893.2243041992188,1646.6253662109375,468.81939697265625,878.4194946289062
1790793365.6971931,1,0,893.2243041992188,1646.6253662109375,468.81939697265625,878.4194946289062
1790793365.7082887,1,0,893.2243041992188,1646.6253662109375,468.81939697265625,878.4194946289062
1790793365.7200284,1,0,866.9046630859375,1646.6253662109375,462.2394714355469,825.7801513671875
1790793365.7382572,1,0,847.1648559570312,1646.6253662109375,455.6595458984375,825.7801513671875
1790793365.7494729,1,0,855.3897705078125,1646.6253662109375,531.3286743164062,825.7801513671875
1790793365.761025,1,0,794.5255126953125,1646.6253662109375,491.84912109375,878.4194946289062
1790793365.7727232,1,0,794.5255126953125,1646.6253662109375,491.84912109375,878.4194946289062
1790793365.7839699,0,0,794.5255126953125,1646.6253662109375,491.84912109375,878.4194946289062
1790793365.795124,0,0,794.5255126953125,1646.6253662109375,491.84912109375,878.4194946289062
1790793365.8062558,0,0,794.5255126953125,1646.6253662109375,491.84912109375,878.4194946289062
1790793365.8170428,0,0,794.5255126953125,1646.6253662109375,491.84912109375,878.4194946289062
1790793365.8287327,0,0,778.07568359375,1646.6253662109375,455.6595458984375,852.0997924804688
1790793365.8401253,0,0,832.3600463867188,1646.6253662109375,470.4643859863281,983.6982421875
1790793365.8509371,0,0,838.9400024414062,1646.6253662109375,435.9197998046875,825.7801513671875
1790793365.8622074,0,0,810.9752807617188,1643.3353271484375,419.4700012207031,825.7801513671875
1790793365.873962,0,0,807.6853637695312,1648.270263671875,486.9141845703125,983.6982421875
1790793365.885602,0,0,807.6853637695312,1648.270263671875,486.9141845703125,983.6982421875
1790793365.8965273,0,0,807.6853637695312,1648.270263671875,486.9141845703125,983.6982421875
1790793365.9078994,0,0,807.6853637695312,1648.270263671875,486.9141845703125,983.6982421875
1790793365.9191794,0,0,807.6853637695312,1648.270263671875,486.9141845703125,983.6982421875
1790793365.9301138,0,0,817.5552368164062,1636.7554931640625,542.843505859375,957.3785400390625
1790793365.9412422,0,0,875.1295166015625,1579.18115234375,508.2989196777344,837.2949829101562
1790793365.9522316,0,0,950.7986450195312,1470.6124267578125,588.9029541015625,995.213134765625
1790793365.9636755,0,0,950.7986450195312,1470.6124267578125,588.9029541015625,995.213134765625
1790793365.9747999,0,0,950.7986450195312,1470.6124267578125,588.9029541015625,995.213134765625
1790793365.9857247,0,0,950.7986450195312,1470.6124267578125,588.9029541015625,995.213134765625
1790793365.9972346,0,0,950.7986450195312,1470.6124267578125,588.9029541015625,995.213134765625
1790793366.0085125,0,0,908.0291748046875,1459.0975341796875,534.6185913085938,863.6146850585938
1790793366.0197659,0,0,878.4194946289062,1322.564208984375,590.5479125976562,916.2540283203125
1790793366.0306966,0,0,967.2484130859375,1348.8839111328125,615.22265625,995.213134765625
1790793366.0421574,0,0,842.2299194335938,1217.285400390625,616.8676147460938,916.2540283203125
1790793366.0535436,0,0,868.5496215820312,1138.326416015625,659.6371459960938,863.6146850585938
1790793366.0643668,0,0,940.9287719726562,1164.6461181640625,684.3118286132812,995.213134765625
1790793366.0763538,0,0,940.9287719726562,1164.6461181640625,684.3118286132812,995.213134765625
1790793366.087669,0,0,940.9287719726562,1164.6461181640625,684.3118286132812,995.213134765625
1790793366.0990748,0,0,940.9287719726562,1164.6461181640625,684.3118286132812,995.213134765625
1790793366.1103437,0,0,855.3897705078125,954.088623046875,700.7615966796875,810.9752807617188
1790793366.121312,0,0,837.2949829101562,1033.047607421875,697.4716796875,863.6146850585938
1790793366.132392,0,0,852.0997924804688,901.44921875,684.3118286132812,942.57373046875
1790793366.144021,0,0,901.44921875,690.8917236328125,753.4010009765625,995.213134765625
1790793366.1553252,0,0,901.44921875,690.8917236328125,753.4010009765625,995.213134765625
1790793366.1665778,0,0,901.44921875,690.8917236328125,753.4010009765625,995.213134765625
1790793366.1774278,0,0,901.44921875,690.8917236328125,753.4010009765625,995.213134765625
1790793366.1883366,0,0,901.44921875,690.8917236328125,753.4010009765625,995.213134765625
1790793366.1993005,0,0,822.4901733398438,638.2523803710938,713.9214477539062,889.9343872070312
1790793366.210444,0,0,835.6500244140625,611.9326782226562,712.2764892578125,889.9343872070312
1790793366.2216506,0,0,807.6853637695312,690.8917236328125,753.4010009765625,916.2540283203125
1790793366.2332625,0,0,807.6853637695312,690.8917236328125,753.4010009765625,916.2540283203125
1790793366.2448394,0,0,908.0291748046875,769.850830078125,708.9865112304688,968.8934326171875
1790793366.257351,0,0,848.8098754882812,638.2523803710938,715.5664672851562,1047.8525390625
1790793366.2686932,0,0,911.319091796875,638.2523803710938,751.7560424804688,1126.8115234375
1790793366.2796426,0,0,911.319091796875,638.2523803710938,751.7560424804688,1126.8115234375
1790793366.2906747,0,0,911.319091796875,638.2523803710938,751.7560424804688,1126.8115234375
1790793366.3018892,0,0,911.319091796875,638.2523803710938,751.7560424804688,1126.8115234375
1790793366.31307,0,0,911.319091796875,638.2523803710938,751.7560424804688,1126.8115234375
1790793366.3244565,0,0,911.319091796875,638.2523803710938,751.7560424804688,1126.8115234375
1790793366.3352847,0,0,880.064453125,664.5720825195312,745.1760864257812,995.213134765625
1790793366.3466182,0,0,883.3544311523438,638.2523803710938,781.3656616210938,968.8934326171875
1790793366.3579571,0,0,830.715087890625,717.21142578125,758.3359375,968.8934326171875
1790793366.3690393,0,0,883.3544311523438,532.9736328125,695.82666015625,995.213134765625
1790793366.3797073,0,0,883.3544311523438,532.9736328125,695.82666015625,995.213134765625
1790793366.3914294,0,0,889.9343872070312,638.2523803710938,776.4307250976562,1074.172119140625
1790793366.4025977,0,0,889.9343872070312,638.2523803710938,776.4307250976562,1074.172119140625
1790793366.413291,0,0,889.9343872070312,638.2523803710938,776.4307250976562,1074.172119140625
1790793366.4243882,0,0,889.9343872070312,638.2523803710938,776.4307250976562,1074.172119140625
1790793366.4358413,0,0,889.9343872070312,638.2523803710938,776.4307250976562,1074.172119140625
1790793366.4470062,0,0,916.2540283203125,638.2523803710938,750.1110229492188,1126.8115234375
1790793366.4579651,0,0,901.44921875,743.5311279296875,769.850830078125,1047.8525390625
1790793366.4696615,0,0,875.1295166015625,690.8917236328125,713.9214477539062,1047.8525390625
1790793366.4805243,0,0,875.1295166015625,690.8917236328125,713.9214477539062,1047.8525390625
1790793366.4916604,0,0,875.1295166015625,690.8917236328125,713.9214477539062,1047.8525390625
1790793366.503097,0,0,875.1295166015625,690.8917236328125,713.9214477539062,1047.8525390625
1790793366.513961,0,0,875.1295166015625,690.8917236328125,713.9214477539062,1047.8525390625
1790793366.5249605,0,0,878.4194946289062,769.850830078125,750.1110229492188,942.57373046875
1790793366.535844,0,0,825.7801513671875,743.5311279296875,704.0515747070312,995.213134765625
1790793366.5471299,0,0,845.5198974609375,781.3656616210938,761.6259155273438,746.8211059570312
1790793366.5581503,0,0,898.1592407226562,557.6483154296875,697.4716796875,878.4194946289062
1790793366.568749,0,0,806.0403442382812,741.8861083984375,710.6315307617188,773.1407470703125
1790793366.5796814,0,0,819.2001953125,781.3656616210938,705.6965942382812,931.0588989257812
1790793366.5906734,0,0,819.2001953125,781.3656616210938,705.6965942382812,931.0588989257812
1790793366.6019223,0,0,819.2001953125,781.3656616210938,705.6965942382812,931.0588989257812
1790793366.6128664,0,0,819.2001953125,781.3656616210938,705.6965942382812,931.0588989257812
1790793366.6242359,0,0,819.2001953125,781.3656616210938,705.6965942382812,931.0588989257812
1790793366.6355038,0,0,806.0403442382812,807.6853637695312,704.0515747070312,799.46044921875
1790793366.647151,0,0,871.839599609375,676.0869140625,736.951171875,931.0588989257812
1790793366.6585739,0,0,865.2596435546875,728.726318359375,713.9214477539062,852.0997924804688
1790793366.6698368,0,0,825.7801513671875,728.726318359375,718.8563842773438,931.0588989257812
1790793366.6809301,0,0,825.7801513671875,728.726318359375,718.8563842773438,931.0588989257812
1790793366.692166,0,0,825.7801513671875,728.726318359375,718.8563842773438,931.0588989257812
1790793366.7034402,0,0,825.7801513671875,728.726318359375,718.8563842773438,931.0588989257812
1790793366.714977,0,0,825.7801513671875,728.726318359375,718.8563842773438,931.0588989257812
1790793366.7260282,0,0,848.8098754882812,544.4884643554688,684.3118286132812,852.0997924804688
1790793366.7374554,0,0,835.6500244140625,781.3656616210938,702.4066162109375,917.8990478515625
1790793366.7487605,0,0,776.4307250976562,649.7672119140625,671.1519775390625,865.2596435546875
1790793366.7600029,0,0,847.1648559570312,781.3656616210938,715.5664672851562,852.0997924804688
1790793366.7711775,0,0,883.3544311523438,676.0869140625,682.6668701171875,878.4194946289062
1790793366.7821903,0,0,883.3544311523438,676.0869140625,682.6668701171875,878.4194946289062
1790793366.7931185,0,0,883.3544311523438,676.0869140625,682.6668701171875,878.4194946289062
1790793366.8042011,0,0,883.3544311523438,676.0869140625,682.6668701171875,878.4194946289062
1790793366.8157613,0,0,883.3544311523438,676.0869140625,682.6668701171875,878.4194946289062
1790793366.8275273,0,0,883.3544311523438,676.0869140625,682.6668701171875,878.4194946289062
1790793366.8385284,0,0,825.7801513671875,860.32470703125,761.6259155273438,720.5014038085938
1790793366.8495917,0,0,876.7745361328125,676.0869140625,755.0459594726562,799.46044921875
1790793366.860981,0,0,810.9752807617188,834.0050048828125,699.1166381835938,773.1407470703125
1790793366.8720317,0,0,824.1351318359375,807.6853637695312,728.726318359375,746.8211059570312
1790793366.8831909,0,0,796.1704711914062,781.3656616210938,746.8211059570312,746.8211059570312
1790793366.8942592,0,0,796.1704711914062,781.3656616210938,746.8211059570312,746.8211059570312
1790793366.9063356,0,0,796.1704711914062,781.3656616210938,746.8211059570312,746.8211059570312
1790793366.9170854,0,0,796.1704711914062,781.3656616210938,746.8211059570312,746.8211059570312
1790793366.9328449,0,0,796.1704711914062,781.3656616210938,746.8211059570312,746.8211059570312
1790793366.9460669,0,0,783.0106201171875,807.6853637695312,740.2411499023438,615.22265625
1790793366.9592254,0,0,794.5255126953125,755.0459594726562,707.341552734375,694.1817016601562
1790793366.9718852,0,0,794.5255126953125,755.0459594726562,707.341552734375,694.1817016601562
1790793366.9841905,0,0,745.1760864257812,728.726318359375,674.4419555664062,615.22265625
1790793366.9977582,0,0,848.8098754882812,965.6034545898438,727.081298828125,667.8619995117188
1790793367.0095394,0,0,863.6146850585938,991.9231567382812,759.9808959960938,694.1817016601562
1790793367.0217297,0,0,852.0997924804688,1097.201904296875,806.0403442382812,746.8211059570312
1790793367.0350504,0,0,852.0997924804688,1097.201904296875,806.0403442382812,746.8211059570312
1790793367.0467474,0,0,852.0997924804688,1097.201904296875,806.0403442382812,746.8211059570312
1790793367.0580168,0,0,852.0997924804688,1097.201904296875,806.0403442382812,746.8211059570312
1790793367.0699823,0,0,774.7857666015625,991.9231567382812,759.9808959960938,641.5423583984375
1790793367.081777,0,0,847.1648559570312,991.9231567382812,792.8805541992188,720.5014038085938
1790793367.0930212,0,0,848.8098754882812,1018.2428588867188,736.951171875,667.8619995117188
1790793367.1042895,0,0,809.330322265625,965.6034545898438,740.2411499023438,667.8619995117188
1790793367.115536,0,0,809.330322265625,965.6034545898438,740.2411499023438,667.8619995117188
1790793367.1271834,0,0,809.330322265625,965.6034545898438,740.2411499023438,667.8619995117188
1790793367.1391416,0,0,809.330322265625,965.6034545898438,740.2411499023438,667.8619995117188
1790793367.1497629,0,0,809.330322265625,965.6034545898438,740.2411499023438,667.8619995117188
1790793367.1607864,0,0,809.330322265625,965.6034545898438,740.2411499023438,667.8619995117188
1790793367.171982,0,0,809.330322265625,912.964111328125,740.2411499023438,562.583251953125
1790793367.1830883,0,0,835.6500244140625,912.964111328125,697.4716796875,536.2636108398438
1790793367.1948564,0,0,843.8749389648438,815.9102783203125,774.7857666015625,881.70947265625
1790793367.2060769,0,0,875.1295166015625,842.2299194335938,804.3953857421875,908.0291748046875
1790793367.2173762,0,0,889.9343872070312,763.2708740234375,784.6556396484375,881.70947265625
1790793367.2285857,0,0,837.2949829101562,815.9102783203125,804.3953857421875,934.3488159179688
1790793367.2396784,0,0,903.09423828125,552.71337890625,789.590576171875,986.9882202148438
1790793367.250687,0,0,876.7745361328125,789.590576171875,829.070068359375,881.70947265625
1790793367.261676,0,0,850.454833984375,631.6724243164062,783.0106201171875,908.0291748046875
1790793367.2728784,0,0,909.6741333007812,736.951171875,840.5849609375,1065.947265625
1790793367.2839754,0,0,883.3544311523438,763.2708740234375,845.5198974609375,1039.6275634765625
1790793367.2948115,0,0,982.0532836914062,526.3937377929688,861.9697265625,1013.307861328125
1790793367.3057158,0,0,990.2781372070312,526.3937377929688,832.3600463867188,1092.2669677734375
1790793367.317098,0,0,954.088623046875,394.7952880859375,845.5198974609375,960.6685180664062
1790793367.328274,0,0,954.088623046875,394.7952880859375,845.5198974609375,960.6685180664062
1790793367.3397038,0,0,909.6741333007812,473.75433349609375,866.9046630859375,934.3488159179688
1790793367.3507924,0,0,924.4789428710938,500.07403564453125,819.2001953125,960.6685180664062
1790793367.3623116,0,0,926.1239624023438,421.1149597167969,781.3656616210938,802.7504272460938
1790793367.374099,0,0,891.579345703125,473.75433349609375,794.5255126953125,776.4307250976562
1790793367.3861375,0,0,931.0588989257812,579.0330810546875,794.5255126953125,881.70947265625
1790793367.3978121,0,0,914.6090698242188,605.352783203125,804.3953857421875,881.70947265625
1790793367.4089608,0,0,855.3897705078125,447.4346618652344,830.715087890625,776.4307250976562
1790793367.4200115,0,0,829.070068359375,526.3937377929688,829.070068359375,723.7913208007812
1790793367.431273,0,0,881.70947265625,421.1149597167969,804.3953857421875,881.70947265625
1790793367.442621,0,0,881.70947265625,552.71337890625,834.0050048828125,802.7504272460938
1790793367.4540505,0,0,886.6444091796875,565.8732299804688,824.1351318359375,881.70947265625
1790793367.4656677,0,0,814.2652587890625,513.23388671875,830.715087890625,644.832275390625
1790793367.4768395,0,0,906.3841552734375,763.2708740234375,801.1054077148438,914.6090698242188
1790793367.4881752,0,0,840.5849609375,921.18896484375,789.590576171875,783.0106201171875
1790793367.4989793,0,0,853.7448120117188,921.18896484375,810.9752807617188,783.0106201171875
1790793367.5103374,0,0,824.1351318359375,921.18896484375,809.330322265625,861.9697265625
1790793367.5214064,0,0,883.3544311523438,881.70947265625,789.590576171875,914.6090698242188
1790793367.5325468,0,0,914.6090698242188,986.9882202148438,845.5198974609375,835.6500244140625
1790793367.5438876,0,0,866.9046630859375,986.9882202148438,845.5198974609375,861.9697265625
1790793367.5552123,0,0,847.1648559570312,829.070068359375,794.5255126953125,756.6909790039062
1790793367.566545,0,0,847.1648559570312,829.070068359375,794.5255126953125,756.6909790039062
1790793367.5777686,0,0,847.1648559570312,829.070068359375,794.5255126953125,756.6909790039062
1790793367.5887532,0,0,911.319091796875,881.70947265625,827.4251098632812,809.330322265625
1790793367.599862,0,0,829.070068359375,1065.947265625,771.4957885742188,835.6500244140625
1790793367.610841,0,0,904.7391967773438,1013.307861328125,802.7504272460938,967.2484130859375
1790793367.622123,0,0,906.3841552734375,986.9882202148438,837.2949829101562,940.9287719726562
1790793367.6332288,0,0,906.3841552734375,986.9882202148438,837.2949829101562,940.9287719726562
1790793367.644069,0,0,906.3841552734375,986.9882202148438,837.2949829101562,940.9287719726562
1790793367.6547701,0,0,858.6797485351562,1039.6275634765625,834.0050048828125,940.9287719726562
1790793367.666,0,0,871.839599609375,1079.1070556640625,835.6500244140625,993.568115234375
1790793367.677209,0,0,904.7391967773438,1079.1070556640625,812.6203002929688,993.568115234375
1790793367.688368,0,0,817.5552368164062,1092.2669677734375,814.2652587890625,861.9697265625
1790793367.6989715,0,0,817.5552368164062,1092.2669677734375,814.2652587890625,861.9697265625
1790793367.7097979,0,0,817.5552368164062,1092.2669677734375,814.2652587890625,861.9697265625
1790793367.7209961,0,0,817.5552368164062,1092.2669677734375,814.2652587890625,861.9697265625
1790793367.731955,0,0,843.8749389648438,1171.2259521484375,857.0347290039062,940.9287719726562
1790793367.7434306,0,0,863.6146850585938,1144.9063720703125,827.4251098632812,861.9697265625
1790793367.7549412,0,0,848.8098754882812,1013.307861328125,820.84521484375,756.6909790039062
1790793367.7661836,0,0,842.2299194335938,1118.586669921875,824.1351318359375,756.6909790039062
1790793367.77731,0,0,880.064453125,1039.6275634765625,827.4251098632812,704.0515747070312
1790793367.7883737,0,0,880.064453125,1039.6275634765625,827.4251098632812,704.0515747070312
1790793367.7994916,0,0,880.064453125,1039.6275634765625,827.4251098632812,704.0515747070312
1790793367.810311,0,0,855.3897705078125,1171.2259521484375,812.6203002929688,783.0106201171875
1790793367.821599,0,0,871.839599609375,1197.545654296875,827.4251098632812,677.7318725585938
1790793367.8328176,0,0,914.6090698242188,1065.947265625,792.8805541992188,704.0515747070312
1790793367.8435924,0,0,888.2893676757812,1092.2669677734375,825.7801513671875,651.4122314453125
1790793367.8548226,0,0,888.2893676757812,1092.2669677734375,825.7801513671875,651.4122314453125
1790793367.8659282,0,0,888.2893676757812,1092.2669677734375,825.7801513671875,651.4122314453125
1790793367.8772612,0,0,899.8042602539062,1171.2259521484375,804.3953857421875,572.4531860351562
1790793367.8882673,0,0,873.4845581054688,934.3488159179688,810.9752807617188,546.1334838867188
1790793367.8993895,0,0,852.0997924804688,1039.6275634765625,807.6853637695312,519.8137817382812
1790793367.9109924,0,0,861.9697265625,960.6685180664062,802.7504272460938,546.1334838867188
1790793367.9219906,0,0,838.9400024414062,908.0291748046875,810.9752807617188,546.1334838867188
1790793367.932938,0,0,838.9400024414062,908.0291748046875,810.9752807617188,546.1334838867188
1790793367.9440367,0,0,838.9400024414062,908.0291748046875,810.9752807617188,546.1334838867188
1790793367.9553099,0,0,850.454833984375,1013.307861328125,794.5255126953125,651.4122314453125
1790793367.9663515,0,0,891.579345703125,960.6685180664062,824.1351318359375,730.3712768554688
1790793367.9774058,0,0,881.70947265625,1065.947265625,837.2949829101562,704.0515747070312
1790793367.9885964,0,0,850.454833984375,1039.6275634765625,822.4901733398438,625.092529296875
1790793367.999786,0,0,875.1295166015625,1039.6275634765625,822.4901733398438,651.4122314453125
1790793368.0109425,0,0,875.1295166015625,1039.6275634765625,822.4901733398438,651.4122314453125
1790793368.0220888,0,0,875.1295166015625,1039.6275634765625,822.4901733398438,651.4122314453125
1790793368.032686,0,0,875.1295166015625,1039.6275634765625,822.4901733398438,651.4122314453125
1790793368.0438757,0,0,875.1295166015625,1039.6275634765625,822.4901733398438,651.4122314453125
1790793368.0544436,0,0,875.1295166015625,1039.6275634765625,822.4901733398438,651.4122314453125
1790793368.0655148,0,0,875.1295166015625,1039.6275634765625,822.4901733398438,651.4122314453125
1790793368.0766242,0,0,807.6853637695312,861.9697265625,812.6203002929688,779.720703125
1790793368.0877872,0,0,807.6853637695312,835.6500244140625,809.330322265625,832.3600463867188
1790793368.0989575,0,0,840.5849609375,835.6500244140625,825.7801513671875,806.0403442382812
1790793368.1100552,0,0,837.2949829101562,967.2484130859375,804.3953857421875,779.720703125
1790793368.1211042,0,0,860.32470703125,940.9287719726562,797.8154907226562,858.6797485351562
1790793368.132625,0,0,829.070068359375,1046.20751953125,789.590576171875,911.319091796875
1790793368.1439052,0,0,804.3953857421875,914.6090698242188,797.8154907226562,779.720703125
1790793368.1552393,0,0,861.9697265625,756.6909790039062,755.0459594726562,884.9994506835938
1790793368.1666782,0,0,861.9697265625,756.6909790039062,755.0459594726562,884.9994506835938
1790793368.1780207,0,0,861.9697265625,756.6909790039062,755.0459594726562,884.9994506835938
1790793368.18893,0,0,861.9697265625,756.6909790039062,755.0459594726562,884.9994506835938
1790793368.1995614,0,0,861.9697265625,756.6909790039062,755.0459594726562,884.9994506835938
1790793368.210437,0,0,835.6500244140625,835.6500244140625,753.4010009765625,753.4010009765625
1790793368.2221105,0,0,815.9102783203125,888.2893676757812,769.850830078125,832.3600463867188
1790793368.2340164,0,0,815.9102783203125,940.9287719726562,773.1407470703125,806.0403442382812
1790793368.2451148,0,0,875.1295166015625,914.6090698242188,751.7560424804688,700.7615966796875
1790793368.2563212,0,0,806.0403442382812,783.0106201171875,774.7857666015625,674.4419555664062
1790793368.2681682,0,0,878.4194946289062,835.6500244140625,750.1110229492188,858.6797485351562
1790793368.2793944,0,0,878.4194946289062,835.6500244140625,750.1110229492188,858.6797485351562
1790793368.2907193,0,0,878.4194946289062,835.6500244140625,750.1110229492188,858.6797485351562
1790793368.3018086,0,0,878.4194946289062,835.6500244140625,750.1110229492188,858.6797485351562
1790793368.3126605,0,0,878.4194946289062,835.6500244140625,750.1110229492188,858.6797485351562
1790793368.3235857,0,0,822.4901733398438,835.6500244140625,769.850830078125,779.720703125
1790793368.335074,0,0,875.1295166015625,598.7728271484375,748.466064453125,727.081298828125
1790793368.3465781,0,0,822.4901733398438,743.5311279296875,758.3359375,858.6797485351562
1790793368.3572721,0,0,886.6444091796875,690.8917236328125,781.3656616210938,884.9994506835938
1790793368.3683078,0,0,861.9697265625,796.1704711914062,758.3359375,937.6387939453125
1790793368.3793278,0,0,861.9697265625,796.1704711914062,758.3359375,937.6387939453125
1790793368.3905942,0,0,861.9697265625,796.1704711914062,758.3359375,937.6387939453125
1790793368.401845,0,0,861.9697265625,796.1704711914062,758.3359375,937.6387939453125
1790793368.413868,0,0,861.9697265625,796.1704711914062,758.3359375,937.6387939453125
1790793368.4254496,0,0,861.9697265625,796.1704711914062,758.3359375,937.6387939453125
1790793368.4373627,0,0,824.1351318359375,480.3342590332031,759.9808959960938,1016.5978393554688
1790793368.4487057,0,0,809.330322265625,611.9326782226562,764.9158325195312,911.319091796875
1790793368.4597569,0,0,835.6500244140625,559.2933349609375,750.1110229492188,963.95849609375
1790793368.4710658,0,0,843.8749389648438,611.9326782226562,779.720703125,1095.556884765625
1790793368.4821677,0,0,883.3544311523438,559.2933349609375,718.8563842773438,1121.8765869140625
1790793368.493207,0,0,883.3544311523438,559.2933349609375,718.8563842773438,1121.8765869140625
1790793368.5044475,0,0,883.3544311523438,559.2933349609375,718.8563842773438,1121.8765869140625
1790793368.5154984,0,0,883.3544311523438,559.2933349609375,718.8563842773438,1121.8765869140625
1790793368.52688,0,0,883.3544311523438,559.2933349609375,718.8563842773438,1121.8765869140625
1790793368.5382187,0,0,817.5552368164062,454.01458740234375,720.5014038085938,1095.556884765625
1790793368.5494359,0,0,886.6444091796875,638.2523803710938,736.951171875,1174.5159912109375
1790793368.5604599,0,0,871.839599609375,611.9326782226562,730.3712768554688,1042.91748046875
1790793368.5718956,0,0,825.7801513671875,493.4941101074219,753.4010009765625,1016.5978393554688
1790793368.583233,0,0,886.6444091796875,335.57598876953125,704.0515747070312,1069.2371826171875
1790793368.5961215,0,0,886.6444091796875,335.57598876953125,704.0515747070312,1069.2371826171875
1790793368.6073,0,0,886.6444091796875,335.57598876953125,704.0515747070312,1069.2371826171875
1790793368.6187718,0,0,886.6444091796875,335.57598876953125,704.0515747070312,1069.2371826171875
1790793368.6299605,0,0,886.6444091796875,335.57598876953125,704.0515747070312,1069.2371826171875
1790793368.6408994,0,0,852.0997924804688,375.0555114746094,748.466064453125,911.319091796875
1790793368.651841,0,0,848.8098754882812,467.1744079589844,758.3359375,1042.91748046875
1790793368.6630666,0,0,871.839599609375,414.5350341796875,769.850830078125,911.319091796875
1790793368.6738746,0,0,827.4251098632812,467.1744079589844,773.1407470703125,911.319091796875
1790793368.6852784,0,0,852.0997924804688,465.5294494628906,758.3359375,932.703857421875
1790793368.6963363,0,0,884.9994506835938,347.0908508300781,713.9214477539062,985.3432006835938
1790793368.7078974,0,0,884.9994506835938,347.0908508300781,713.9214477539062,985.3432006835938
1790793368.7194908,0,0,884.9994506835938,347.0908508300781,713.9214477539062,985.3432006835938
1790793368.730326,0,0,884.9994506835938,347.0908508300781,713.9214477539062,985.3432006835938
1790793368.7416167,0,0,884.9994506835938,347.0908508300781,713.9214477539062,985.3432006835938
1790793368.7529187,0,0,884.9994506835938,347.0908508300781,713.9214477539062,985.3432006835938
1790793368.7640302,0,0,871.839599609375,373.4105529785156,748.466064453125,880.064453125
1790793368.7753754,0,0,875.1295166015625,518.1688232421875,783.0106201171875,932.703857421875
1790793368.7863758,0,0,837.2949829101562,360.2507019042969,745.1760864257812,880.064453125
1790793368.7973945,0,0,847.1648559570312,386.57037353515625,779.720703125,985.3432006835938
1790793368.8086708,0,0,873.4845581054688,412.89007568359375,773.1407470703125,1011.6629028320312
1790793368.819556,0,0,873.4845581054688,412.89007568359375,773.1407470703125,1011.6629028320312
1790793368.8304489,0,0,873.4845581054688,412.89007568359375,773.1407470703125,1011.6629028320312
1790793368.8412645,0,0,873.4845581054688,412.89007568359375,773.1407470703125,1011.6629028320312
1790793368.8525193,0,0,873.4845581054688,412.89007568359375,773.1407470703125,1011.6629028320312
1790793368.8638904,0,0,873.4845581054688,412.89007568359375,773.1407470703125,1011.6629028320312
1790793368.8751407,0,0,873.4845581054688,412.89007568359375,789.590576171875,932.703857421875
1790793368.8864508,0,0,876.7745361328125,307.611328125,769.850830078125,880.064453125
1790793368.8976104,0,0,886.6444091796875,412.89007568359375,748.466064453125,1011.6629028320312
1790793368.9085944,0,0,861.9697265625,570.8081665039062,796.1704711914062,880.064453125
1790793368.9200797,0,0,878.4194946289062,386.57037353515625,769.850830078125,932.703857421875
1790793368.9312155,0,0,894.8693237304688,439.2097473144531,786.3005981445312,1037.9825439453125
1790793368.9422464,0,0,876.7745361328125,570.8081665039062,789.590576171875,1064.30224609375
1790793368.9532359,1,0,876.7745361328125,570.8081665039062,789.590576171875,1064.30224609375
1790793368.964395,1,0,876.7745361328125,570.8081665039062,789.590576171875,1064.30224609375
1790793368.975229,1,0,876.7745361328125,570.8081665039062,789.590576171875,1064.30224609375
1790793368.9862516,1,0,876.7745361328125,570.8081665039062,789.590576171875,1064.30224609375
1790793368.9976037,1,0,876.7745361328125,570.8081665039062,789.590576171875,1064.30224609375
1790793369.0093596,1,0,838.9400024414062,518.1688232421875,781.3656616210938,985.3432006835938
1790793369.0208046,1,0,848.8098754882812,491.84912109375,796.1704711914062,880.064453125
1790793369.0368614,1,0,884.9994506835938,597.1278686523438,822.4901733398438,1011.6629028320312
1790793369.0483227,1,0,899.8042602539062,518.1688232421875,807.6853637695312,959.0235595703125
1790793369.0605824,1,0,866.9046630859375,491.84912109375,819.2001953125,853.7448120117188
1790793369.0722368,1,0,863.6146850585938,570.8081665039062,802.7504272460938,985.3432006835938
1790793369.0838842,1,0,863.6146850585938,570.8081665039062,802.7504272460938,985.3432006835938
1790793369.0955484,1,0,863.6146850585938,570.8081665039062,802.7504272460938,985.3432006835938
1790793369.1078355,1,0,863.6146850585938,570.8081665039062,802.7504272460938,985.3432006835938
1790793369.1189735,1,0,809.330322265625,465.5294494628906,806.0403442382812,906.3841552734375
1790793369.130214,1,0,845.5198974609375,518.1688232421875,832.3600463867188,959.0235595703125
1790793369.1414104,1,0,848.8098754882812,465.5294494628906,848.8098754882812,985.3432006835938
1790793369.152282,1,0,848.8098754882812,465.5294494628906,848.8098754882812,985.3432006835938
1790793369.163847,1,0,848.8098754882812,465.5294494628906,848.8098754882812,985.3432006835938
1790793369.175492,1,0,829.070068359375,491.84912109375,847.1648559570312,1011.6629028320312
1790793369.1863594,1,0,886.6444091796875,307.611328125,830.715087890625,1037.9825439453125
1790793369.1975548,1,0,886.6444091796875,307.611328125,830.715087890625,1037.9825439453125
1790793369.2091236,1,0,886.6444091796875,307.611328125,830.715087890625,1037.9825439453125
1790793369.2203166,1,0,886.6444091796875,307.611328125,830.715087890625,1037.9825439453125
1790793369.2311907,1,0,886.6444091796875,307.611328125,830.715087890625,1037.9825439453125
1790793369.2419975,1,0,886.6444091796875,307.611328125,830.715087890625,1037.9825439453125
1790793369.2531872,1,0,886.6444091796875,307.611328125,830.715087890625,1037.9825439453125
1790793369.2642431,1,0,886.6444091796875,307.611328125,830.715087890625,1037.9825439453125
1790793369.2751775,1,0,886.6444091796875,307.611328125,830.715087890625,1037.9825439453125
1790793369.286119,1,0,810.9752807617188,360.2507019042969,810.9752807617188,880.064453125
1790793369.2971122,1,0,832.3600463867188,412.89007568359375,815.9102783203125,906.3841552734375
1790793369.3082416,1,0,871.839599609375,386.57037353515625,832.3600463867188,932.703857421875
1790793369.3193023,1,0,873.4845581054688,518.1688232421875,843.8749389648438,1064.30224609375
1790793369.3303688,1,0,873.4845581054688,386.57037353515625,815.9102783203125,1064.30224609375
1790793369.3420558,1,0,873.4845581054688,386.57037353515625,815.9102783203125,1064.30224609375
1790793369.3538709,1,0,873.4845581054688,386.57037353515625,815.9102783203125,1064.30224609375
1790793369.3650787,1,0,888.2893676757812,570.8081665039062,838.9400024414062,1090.6219482421875
1790793369.3759544,1,0,860.32470703125,412.89007568359375,830.715087890625,880.064453125
1790793369.3872876,1,0,903.09423828125,764.9158325195312,840.5849609375,940.9287719726562
1790793369.3982382,1,0,810.9752807617188,830.715087890625,817.5552368164062,940.9287719726562
1790793369.4091752,1,0,880.064453125,843.8749389648438,825.7801513671875,1019.8878173828125
1790793369.420314,1,0,880.064453125,843.8749389648438,825.7801513671875,1019.8878173828125
1790793369.4312115,1,0,880.064453125,843.8749389648438,825.7801513671875,1019.8878173828125
1790793369.4424694,1,0,880.064453125,843.8749389648438,825.7801513671875,1019.8878173828125
1790793369.4536781,1,0,880.064453125,843.8749389648438,825.7801513671875,1019.8878173828125
1790793369.4642615,1,0,870.194580078125,685.956787109375,842.2299194335938,1046.20751953125
1790793369.4757857,1,0,814.2652587890625,870.194580078125,825.7801513671875,835.6500244140625
1790793369.4869146,1,0,812.6203002929688,738.59619140625,796.1704711914062,940.9287719726562
1790793369.4980328,1,0,835.6500244140625,725.4363403320312,807.6853637695312,993.568115234375
1790793369.509606,1,0,881.70947265625,830.715087890625,850.454833984375,967.2484130859375
1790793369.5211916,1,0,881.70947265625,830.715087890625,850.454833984375,967.2484130859375
1790793369.5325687,1,0,881.70947265625,830.715087890625,850.454833984375,967.2484130859375
1790793369.544203,1,0,881.70947265625,830.715087890625,850.454833984375,967.2484130859375
1790793369.5554757,1,0,881.70947265625,830.715087890625,850.454833984375,967.2484130859375
1790793369.5676126,1,0,881.70947265625,685.956787109375,819.2001953125,861.9697265625
1790793369.5785508,1,0,852.0997924804688,764.9158325195312,806.0403442382812,914.6090698242188
1790793369.5900526,1,0,835.6500244140625,778.07568359375,781.3656616210938,993.568115234375
1790793369.6010125,1,0,840.5849609375,725.4363403320312,815.9102783203125,783.0106201171875
1790793369.6122036,1,0,852.0997924804688,830.715087890625,842.2299194335938,835.6500244140625
1790793369.6235352,1,0,868.5496215820312,672.7969360351562,820.84521484375,914.6090698242188
1790793369.6345105,1,0,868.5496215820312,672.7969360351562,820.84521484375,914.6090698242188
1790793369.6458333,1,0,868.5496215820312,672.7969360351562,820.84521484375,914.6090698242188
1790793369.6565814,1,0,868.5496215820312,672.7969360351562,820.84521484375,914.6090698242188
1790793369.6674967,1,0,868.5496215820312,672.7969360351562,820.84521484375,914.6090698242188
1790793369.6787152,1,0,868.5496215820312,672.7969360351562,820.84521484375,914.6090698242188
1790793369.6905172,1,0,852.0997924804688,751.7560424804688,827.4251098632812,993.568115234375
1790793369.7012954,1,0,876.7745361328125,699.1166381835938,820.84521484375,993.568115234375
1790793369.7126565,1,0,815.9102783203125,699.1166381835938,832.3600463867188,861.9697265625
1790793369.723886,1,0,829.070068359375,764.9158325195312,830.715087890625,861.9697265625
1790793369.73458,1,0,884.9994506835938,725.4363403320312,827.4251098632812,993.568115234375
1790793369.745687,1,0,884.9994506835938,725.4363403320312,827.4251098632812,993.568115234375
1790793369.756849,1,0,884.9994506835938,725.4363403320312,827.4251098632812,993.568115234375
1790793369.7676637,1,0,884.9994506835938,725.4363403320312,827.4251098632812,993.568115234375
1790793369.7789261,1,0,884.9994506835938,725.4363403320312,827.4251098632812,993.568115234375
1790793369.7901983,1,0,884.9994506835938,725.4363403320312,827.4251098632812,993.568115234375
1790793369.8024309,1,0,835.6500244140625,883.3544311523438,894.8693237304688,835.6500244140625
1790793369.8138435,1,0,812.6203002929688,725.4363403320312,824.1351318359375,783.0106201171875
1790793369.8248918,1,0,883.3544311523438,725.4363403320312,825.7801513671875,861.9697265625
1790793369.8364396,1,0,861.9697265625,778.07568359375,804.3953857421875,914.6090698242188
1790793369.8477652,1,0,861.9697265625,778.07568359375,804.3953857421875,914.6090698242188
1790793369.8589458,1,0,861.9697265625,778.07568359375,804.3953857421875,914.6090698242188
1790793369.8698707,1,0,861.9697265625,778.07568359375,804.3953857421875,914.6090698242188
1790793369.880814,1,0,861.9697265625,778.07568359375,804.3953857421875,914.6090698242188
1790793369.8922162,1,0,861.9697265625,778.07568359375,804.3953857421875,914.6090698242188
1790793369.9034026,1,0,866.9046630859375,778.07568359375,842.2299194335938,914.6090698242188
1790793369.9146142,1,0,838.9400024414062,804.3953857421875,868.5496215820312,888.2893676757812
1790793369.92569,1,0,827.4251098632812,830.715087890625,814.2652587890625,730.3712768554688
1790793369.936777,1,0,832.3600463867188,804.3953857421875,858.6797485351562,783.0106201171875
1790793369.9479778,1,0,842.2299194335938,820.84521484375,825.7801513671875,888.2893676757812
1790793369.9591763,1,0,876.7745361328125,830.715087890625,855.3897705078125,914.6090698242188
1790793369.9710705,1,0,876.7745361328125,830.715087890625,855.3897705078125,914.6090698242188
1790793369.9830496,1,0,876.7745361328125,830.715087890625,855.3897705078125,914.6090698242188
1790793369.9943895,1,0,876.7745361328125,830.715087890625,855.3897705078125,914.6090698242188
1790793370.006805,1,0,875.1295166015625,873.4845581054688,834.0050048828125,835.6500244140625
1790793370.0182874,1,0,840.5849609375,843.8749389648438,832.3600463867188,730.3712768554688
1790793370.029035,1,0,847.1648559570312,955.7335815429688,855.3897705078125,764.9158325195312
1790793370.0401511,1,0,894.8693237304688,745.1760864257812,809.330322265625,896.5142822265625
1790793370.0516026,1,0,886.6444091796875,929.4138793945312,868.5496215820312,870.194580078125
1790793370.0627406,1,0,886.6444091796875,929.4138793945312,868.5496215820312,870.194580078125
1790793370.0740106,1,0,886.6444091796875,929.4138793945312,868.5496215820312,870.194580078125
1790793370.0851364,1,0,886.6444091796875,929.4138793945312,868.5496215820312,870.194580078125
1790793370.0962193,1,0,886.6444091796875,929.4138793945312,868.5496215820312,870.194580078125
1790793370.1068006,1,0,876.7745361328125,903.09423828125,832.3600463867188,922.833984375
1790793370.1177907,1,0,899.8042602539062,758.3359375,817.5552368164062,922.833984375
1790793370.1292963,1,0,812.6203002929688,810.9752807617188,824.1351318359375,791.2355346679688
1790793370.140791,1,0,884.9994506835938,745.1760864257812,845.5198974609375,896.5142822265625
1790793370.1519456,1,0,884.9994506835938,745.1760864257812,845.5198974609375,896.5142822265625
1790793370.1636186,1,0,884.9994506835938,745.1760864257812,845.5198974609375,896.5142822265625
1790793370.1747794,1,0,884.9994506835938,745.1760864257812,845.5198974609375,896.5142822265625
1790793370.1860528,1,0,884.9994506835938,745.1760864257812,845.5198974609375,896.5142822265625
1790793370.1973171,1,0,845.5198974609375,771.4957885742188,824.1351318359375,764.9158325195312
1790793370.2088394,1,0,842.2299194335938,876.7745361328125,853.7448120117188,896.5142822265625
1790793370.2196429,1,0,852.0997924804688,745.1760864257812,824.1351318359375,896.5142822265625
1790793370.2305846,1,0,868.5496215820312,718.8563842773438,829.070068359375,791.2355346679688
1790793370.2417524,1,0,857.0347290039062,810.9752807617188,827.4251098632812,817.5552368164062
1790793370.2528417,1,0,852.0997924804688,889.9343872070312,834.0050048828125,896.5142822265625
1790793370.2642205,1,0,865.2596435546875,784.6556396484375,802.7504272460938,791.2355346679688
1790793370.274855,1,0,883.3544311523438,837.2949829101562,858.6797485351562,922.833984375
1790793370.2863932,1,0,883.3544311523438,837.2949829101562,858.6797485351562,922.833984375
1790793370.297433,1,0,883.3544311523438,837.2949829101562,858.6797485351562,922.833984375
1790793370.3086116,1,0,883.3544311523438,837.2949829101562,858.6797485351562,922.833984375
1790793370.3211734,1,0,883.3544311523438,837.2949829101562,858.6797485351562,922.833984375
1790793370.3325362,1,0,832.3600463867188,758.3359375,806.0403442382812,843.8749389648438
1790793370.3436227,1,0,827.4251098632812,705.6965942382812,819.2001953125,817.5552368164062
1790793370.3558025,1,0,863.6146850585938,758.3359375,809.330322265625,817.5552368164062
1790793370.3671186,1,0,863.6146850585938,758.3359375,809.330322265625,817.5552368164062
1790793370.3785665,1,0,863.6146850585938,758.3359375,809.330322265625,817.5552368164062
1790793370.3902907,1,0,863.6146850585938,758.3359375,809.330322265625,817.5552368164062
1790793370.4012413,1,0,866.9046630859375,626.7374877929688,832.3600463867188,870.194580078125
1790793370.4123473,1,0,857.0347290039062,718.8563842773438,848.8098754882812,817.5552368164062
1790793370.42345,1,0,881.70947265625,613.5776977539062,840.5849609375,817.5552368164062
1790793370.4349413,1,0,845.5198974609375,758.3359375,838.9400024414062,659.6371459960938
1790793370.4464798,1,0,884.9994506835938,508.2989196777344,817.5552368164062,843.8749389648438
1790793370.4578552,1,0,884.9994506835938,508.2989196777344,817.5552368164062,843.8749389648438
1790793370.4694805,1,0,884.9994506835938,508.2989196777344,817.5552368164062,843.8749389648438
1790793370.4805057,1,0,884.9994506835938,508.2989196777344,817.5552368164062,843.8749389648438
1790793370.492353,1,0,884.9994506835938,508.2989196777344,817.5552368164062,843.8749389648438
1790793370.503901,1,0,870.194580078125,547.7784423828125,835.6500244140625,685.956787109375
1790793370.5157542,1,0,881.70947265625,600.4178466796875,837.2949829101562,738.59619140625
1790793370.526996,1,0,842.2299194335938,613.5776977539062,804.3953857421875,633.3174438476562
1790793370.5381122,1,0,871.839599609375,514.8788452148438,840.5849609375,791.2355346679688
1790793370.5494077,1,0,861.9697265625,593.837890625,825.7801513671875,712.2764892578125
1790793370.5601418,1,0,891.579345703125,514.8788452148438,812.6203002929688,817.5552368164062
1790793370.5714347,1,0,891.579345703125,514.8788452148438,812.6203002929688,817.5552368164062
1790793370.5823867,1,0,891.579345703125,514.8788452148438,812.6203002929688,817.5552368164062
1790793370.593951,1,0,891.579345703125,514.8788452148438,812.6203002929688,817.5552368164062
1790793370.6051822,1,0,891.579345703125,514.8788452148438,812.6203002929688,817.5552368164062
1790793370.6160858,1,0,891.579345703125,514.8788452148438,812.6203002929688,817.5552368164062
1790793370.6275322,1,0,855.3897705078125,868.5496215820312,840.5849609375,888.2893676757812
1790793370.6389143,1,0,870.194580078125,815.9102783203125,829.070068359375,940.9287719726562
1790793370.6497407,1,0,909.6741333007812,894.8693237304688,827.4251098632812,914.6090698242188
1790793370.6611767,1,0,909.6741333007812,894.8693237304688,827.4251098632812,914.6090698242188
1790793370.672402,1,0,909.6741333007812,894.8693237304688,827.4251098632812,914.6090698242188
1790793370.683142,1,0,909.6741333007812,894.8693237304688,827.4251098632812,914.6090698242188
1790793370.6941934,1,0,909.6741333007812,894.8693237304688,827.4251098632812,914.6090698242188
1790793370.7058387,1,0,909.6741333007812,894.8693237304688,827.4251098632812,914.6090698242188
1790793370.717546,1,0,998.5030517578125,868.5496215820312,806.0403442382812,940.9287719726562
1790793370.729114,1,0,962.3134765625,894.8693237304688,807.6853637695312,914.6090698242188
1790793370.74065,1,0,1001.7930297851562,894.8693237304688,774.7857666015625,914.6090698242188
1790793370.7520168,1,0,998.5030517578125,789.590576171875,802.7504272460938,835.6500244140625
1790793370.763301,1,0,983.6982421875,894.8693237304688,807.6853637695312,914.6090698242188
1790793370.7743874,1,0,983.6982421875,894.8693237304688,807.6853637695312,914.6090698242188
1790793370.7854269,1,0,983.6982421875,894.8693237304688,807.6853637695312,914.6090698242188
1790793370.7966805,1,0,983.6982421875,894.8693237304688,807.6853637695312,914.6090698242188
1790793370.808615,1,0,983.6982421875,894.8693237304688,807.6853637695312,914.6090698242188
1790793370.8199637,1,0,983.6982421875,894.8693237304688,807.6853637695312,914.6090698242188
1790793370.8312669,1,0,906.3841552734375,973.828369140625,806.0403442382812,861.9697265625
1790793370.843204,1,0,911.319091796875,947.5086669921875,837.2949829101562,940.9287719726562
1790793370.8543646,1,0,870.194580078125,789.590576171875,825.7801513671875,914.6090698242188
1790793370.8653965,1,0,908.0291748046875,815.9102783203125,842.2299194335938,1046.20751953125
1790793370.8763018,1,0,908.0291748046875,815.9102783203125,842.2299194335938,1046.20751953125
1790793370.8882434,1,0,908.0291748046875,815.9102783203125,842.2299194335938,1046.20751953125
1790793370.8998988,1,0,908.0291748046875,815.9102783203125,842.2299194335938,1046.20751953125
1790793370.9108696,1,0,908.0291748046875,815.9102783203125,842.2299194335938,1046.20751953125
1790793370.9220283,1,0,852.0997924804688,736.951171875,822.4901733398438,835.6500244140625
1790793370.9330764,1,0,878.4194946289062,763.2708740234375,834.0050048828125,914.6090698242188
1790793370.9442897,1,0,860.32470703125,736.951171875,852.0997924804688,940.9287719726562
1790793370.9561195,1,0,896.5142822265625,750.1110229492188,834.0050048828125,1019.8878173828125
1790793370.967422,1,0,840.5849609375,802.7504272460938,863.6146850585938,993.568115234375
1790793370.978599,1,0,893.2243041992188,789.590576171875,875.1295166015625,1072.5272216796875
1790793370.9896905,1,0,893.2243041992188,789.590576171875,875.1295166015625,1072.5272216796875
1790793371.000721,1,0,893.2243041992188,789.590576171875,875.1295166015625,1072.5272216796875
1790793371.0116582,1,0,893.2243041992188,789.590576171875,875.1295166015625,1072.5272216796875
1790793371.0230234,1,0,893.2243041992188,789.590576171875,875.1295166015625,1072.5272216796875
1790793371.0341876,1,0,847.1648559570312,776.4307250976562,824.1351318359375,1072.5272216796875
1790793371.0451999,1,0,880.064453125,789.590576171875,837.2949829101562,1151.4862060546875
1790793371.0562654,1,0,883.3544311523438,684.3118286132812,852.0997924804688,1125.16650390625
1790793371.0674157,1,0,870.194580078125,776.4307250976562,850.454833984375,1125.16650390625
1790793371.0783641,1,0,870.194580078125,776.4307250976562,850.454833984375,1125.16650390625
1790793371.0895512,1,0,870.194580078125,776.4307250976562,850.454833984375,1125.16650390625
1790793371.1002889,1,0,870.194580078125,776.4307250976562,850.454833984375,1125.16650390625
1790793371.1114514,1,0,870.194580078125,776.4307250976562,850.454833984375,1125.16650390625
1790793371.1224012,1,0,870.194580078125,776.4307250976562,850.454833984375,1125.16650390625
1790793371.1334186,1,0,870.194580078125,776.4307250976562,850.454833984375,1125.16650390625
1790793371.1448517,1,0,853.7448120117188,644.832275390625,830.715087890625,1151.4862060546875
1790793371.155854,1,0,873.4845581054688,802.7504272460938,840.5849609375,1125.16650390625
1790793371.1667728,1,0,871.839599609375,750.1110229492188,792.8805541992188,1072.5272216796875
1790793371.1780498,1,0,842.2299194335938,750.1110229492188,834.0050048828125,993.568115234375
1790793371.1894321,1,0,801.1054077148438,697.4716796875,791.2355346679688,1019.8878173828125
1790793371.2011507,1,0,852.0997924804688,776.4307250976562,835.6500244140625,1177.805908203125
1790793371.2121525,1,0,852.0997924804688,776.4307250976562,835.6500244140625,1177.805908203125
1790793371.2228553,1,0,852.0997924804688,776.4307250976562,835.6500244140625,1177.805908203125
1790793371.2336242,1,0,852.0997924804688,776.4307250976562,835.6500244140625,1177.805908203125
1790793371.2447112,1,0,852.0997924804688,776.4307250976562,835.6500244140625,1177.805908203125
1790793371.2556148,1,0,794.5255126953125,723.7913208007812,820.84521484375,1098.846923828125
1790793371.266307,1,0,837.2949829101562,750.1110229492188,822.4901733398438,1151.4862060546875
1790793371.2774415,1,0,870.194580078125,787.945556640625,812.6203002929688,814.2652587890625
1790793371.2886765,1,0,850.454833984375,814.2652587890625,817.5552368164062,945.8637084960938
1790793371.2997854,1,0,899.8042602539062,761.6259155273438,820.84521484375,1051.1424560546875
1790793371.3111188,1,0,899.8042602539062,761.6259155273438,820.84521484375,1051.1424560546875
1790793371.3223908,1,0,899.8042602539062,761.6259155273438,820.84521484375,1051.1424560546875
1790793371.3333824,1,0,899.8042602539062,761.6259155273438,820.84521484375,1051.1424560546875
1790793371.3442547,1,0,899.8042602539062,761.6259155273438,820.84521484375,1051.1424560546875
1790793371.3555574,1,0,893.2243041992188,735.3062133789062,824.1351318359375,919.5440063476562
1790793371.366243,1,0,832.3600463867188,787.945556640625,810.9752807617188,972.1834106445312
1790793371.3777394,1,0,852.0997924804688,761.6259155273438,814.2652587890625,840.5849609375
1790793371.3887076,1,0,837.2949829101562,840.5849609375,837.2949829101562,814.2652587890625
1790793371.4000366,1,0,861.9697265625,814.2652587890625,829.070068359375,919.5440063476562
1790793371.411856,1,0,861.9697265625,814.2652587890625,829.070068359375,919.5440063476562
1790793371.423372,1,0,861.9697265625,814.2652587890625,829.070068359375,919.5440063476562
1790793371.435011,1,0,861.9697265625,814.2652587890625,829.070068359375,919.5440063476562
1790793371.445874,1,0,861.9697265625,814.2652587890625,829.070068359375,919.5440063476562
1790793371.4573052,1,0,866.9046630859375,774.7857666015625,834.0050048828125,866.9046630859375
1790793371.468564,1,0,881.70947265625,708.9865112304688,810.9752807617188,735.3062133789062
1790793371.4798155,1,0,884.9994506835938,774.7857666015625,801.1054077148438,735.3062133789062
1790793371.490835,1,0,866.9046630859375,643.1873168945312,825.7801513671875,814.2652587890625
1790793371.5023239,1,0,888.2893676757812,801.1054077148438,815.9102783203125,814.2652587890625
1790793371.5130715,1,0,807.6853637695312,774.7857666015625,842.2299194335938,656.34716796875
1790793371.5241797,1,0,796.1704711914062,774.7857666015625,815.9102783203125,735.3062133789062
1790793371.5353446,1,0,796.1704711914062,774.7857666015625,815.9102783203125,735.3062133789062
1790793371.5468411,1,0,796.1704711914062,774.7857666015625,815.9102783203125,735.3062133789062
1790793371.5579689,1,0,796.1704711914062,774.7857666015625,815.9102783203125,735.3062133789062
1790793371.5693843,1,0,796.1704711914062,774.7857666015625,815.9102783203125,735.3062133789062
1790793371.5804038,1,0,794.5255126953125,827.4251098632812,783.0106201171875,630.0274658203125
1790793371.5913477,1,0,685.956787109375,669.5070190429688,794.5255126953125,630.0274658203125
1790793371.602313,1,0,672.7969360351562,590.5479125976562,781.3656616210938,656.34716796875
1790793371.6131454,1,0,682.6668701171875,590.5479125976562,809.330322265625,630.0274658203125
1790793371.6322253,1,0,748.466064453125,774.7857666015625,838.9400024414062,840.5849609375
1790793371.6470463,1,0,712.2764892578125,722.1463623046875,834.0050048828125,682.6668701171875
1790793371.6586533,1,0,815.9102783203125,695.82666015625,843.8749389648438,866.9046630859375
1790793371.6698606,1,0,815.9102783203125,695.82666015625,843.8749389648438,866.9046630859375
1790793371.6819963,1,0,815.9102783203125,695.82666015625,843.8749389648438,866.9046630859375
1790793371.693298,1,0,815.9102783203125,695.82666015625,843.8749389648438,866.9046630859375
1790793371.7051349,1,0,784.6556396484375,748.466064453125,817.5552368164062,814.2652587890625
1790793371.7163262,1,0,865.2596435546875,853.7448120117188,857.0347290039062,866.9046630859375
1790793371.7277992,1,0,820.84521484375,748.466064453125,827.4251098632812,761.6259155273438
1790793371.7391865,1,0,893.2243041992188,801.1054077148438,830.715087890625,787.945556640625
1790793371.7502744,1,0,876.7745361328125,748.466064453125,801.1054077148438,814.2652587890625
1790793371.7615626,1,0,876.7745361328125,748.466064453125,801.1054077148438,814.2652587890625
1790793371.7726638,1,0,876.7745361328125,748.466064453125,801.1054077148438,814.2652587890625
1790793371.7836134,1,0,876.7745361328125,748.466064453125,801.1054077148438,814.2652587890625
1790793371.7950704,1,0,876.7745361328125,748.466064453125,801.1054077148438,814.2652587890625
1790793371.8062086,1,0,876.7745361328125,748.466064453125,801.1054077148438,814.2652587890625
1790793371.8177514,1,0,878.4194946289062,787.945556640625,822.4901733398438,736.951171875
1790793371.829114,1,0,845.5198974609375,945.8637084960938,848.8098754882812,789.590576171875
1790793371.8404946,1,0,802.7504272460938,787.945556640625,756.6909790039062,789.590576171875
1790793371.852307,1,0,792.8805541992188,840.5849609375,825.7801513671875,763.2708740234375
1790793371.8633714,1,0,792.8805541992188,840.5849609375,825.7801513671875,763.2708740234375
1790793371.8743272,1,0,792.8805541992188,840.5849609375,825.7801513671875,763.2708740234375
1790793371.8853023,1,0,792.8805541992188,840.5849609375,825.7801513671875,763.2708740234375
1790793371.8966596,1,0,792.8805541992188,840.5849609375,825.7801513671875,763.2708740234375
1790793371.9074066,1,0,792.8805541992188,840.5849609375,825.7801513671875,763.2708740234375
1790793371.918891,1,0,792.8805541992188,840.5849609375,825.7801513671875,763.2708740234375
1790793371.92994,1,0,792.8805541992188,840.5849609375,825.7801513671875,763.2708740234375
1790793371.9410973,1,0,697.4716796875,827.4251098632812,825.7801513671875,657.9921264648438
1790793371.9522033,1,0,792.8805541992188,630.0274658203125,815.9102783203125,736.951171875
1790793371.9638896,1,0,738.59619140625,590.5479125976562,722.1463623046875,736.951171875
1790793371.974624,1,0,776.4307250976562,419.4700012207031,713.9214477539062,763.2708740234375
1790793371.9855223,1,0,787.945556640625,485.2691955566406,740.2411499023438,657.9921264648438
1790793371.9970171,1,0,787.945556640625,485.2691955566406,740.2411499023438,657.9921264648438
1790793372.0081751,1,0,796.1704711914062,240.16712951660156,702.4066162109375,736.951171875
1790793372.018882,1,0,868.5496215820312,361.8956604003906,676.0869140625,710.6315307617188
1790793372.0300918,1,0,868.5496215820312,361.8956604003906,676.0869140625,710.6315307617188
1790793372.0410144,1,0,868.5496215820312,361.8956604003906,676.0869140625,710.6315307617188
1790793372.05233,1,0,868.5496215820312,361.8956604003906,676.0869140625,710.6315307617188
1790793372.0630262,1,0,868.5496215820312,361.8956604003906,676.0869140625,710.6315307617188
1790793372.07415,1,0,868.5496215820312,361.8956604003906,676.0869140625,710.6315307617188
1790793372.0859644,1,0,868.5496215820312,361.8956604003906,676.0869140625,710.6315307617188
1790793372.0970771,1,0,868.5496215820312,361.8956604003906,676.0869140625,710.6315307617188
1790793372.1085591,1,0,863.6146850585938,355.3157653808594,606.9977416992188,710.6315307617188
1790793372.1196527,1,0,863.6146850585938,342.1559143066406,615.22265625,763.2708740234375
1790793372.130849,1,0,863.6146850585938,342.1559143066406,615.22265625,763.2708740234375
1790793372.1425593,1,0,863.6146850585938,342.1559143066406,615.22265625,763.2708740234375
1790793372.1548214,1,0,814.2652587890625,328.9960632324219,595.48291015625,684.3118286132812
1790793372.1662297,1,0,853.7448120117188,315.8362121582031,623.4475708007812,552.71337890625
1790793372.1773756,1,0,875.1295166015625,368.4755859375,687.601806640625,631.6724243164062
1790793372.1886127,1,0,827.4251098632812,500.07403564453125,704.0515747070312,500.07403564453125
1790793372.2008133,1,0,888.2893676757812,460.594482421875,679.3768920898438,657.9921264648438
1790793372.2120693,1,0,888.2893676757812,460.594482421875,679.3768920898438,657.9921264648438
1790793372.2231703,1,0,888.2893676757812,460.594482421875,679.3768920898438,657.9921264648438
1790793372.2339761,1,0,888.2893676757812,460.594482421875,679.3768920898438,657.9921264648438
1790793372.2452672,1,0,888.2893676757812,460.594482421875,679.3768920898438,657.9921264648438
1790793372.2565117,1,0,832.3600463867188,697.4716796875,699.1166381835938,579.0330810546875
1790793372.2673254,1,0,848.8098754882812,486.9141845703125,728.726318359375,736.951171875
1790793372.2786453,1,0,881.70947265625,592.1929321289062,784.6556396484375,736.951171875
1790793372.2899656,1,0,881.70947265625,592.1929321289062,784.6556396484375,736.951171875
1790793372.3007522,1,0,881.70947265625,592.1929321289062,784.6556396484375,736.951171875
1790793372.3115077,1,0,881.70947265625,592.1929321289062,784.6556396484375,736.951171875
1790793372.3225744,1,0,881.70947265625,592.1929321289062,784.6556396484375,736.951171875
1790793372.333866,1,0,881.70947265625,592.1929321289062,784.6556396484375,736.951171875
1790793372.3451376,1,0,843.8749389648438,539.5535278320312,771.4957885742188,710.6315307617188
1790793372.3565435,1,0,847.1648559570312,539.5535278320312,746.8211059570312,763.2708740234375
1790793372.3678796,1,0,868.5496215820312,592.1929321289062,791.2355346679688,631.6724243164062
1790793372.3789322,1,0,789.590576171875,671.1519775390625,815.9102783203125,657.9921264648438
1790793372.3900225,1,0,723.7913208007812,697.4716796875,804.3953857421875,631.6724243164062
1790793372.401262,1,0,723.7913208007812,697.4716796875,804.3953857421875,631.6724243164062
1790793372.412433,1,0,723.7913208007812,697.4716796875,804.3953857421875,631.6724243164062
1790793372.423183,1,0,723.7913208007812,697.4716796875,804.3953857421875,631.6724243164062
1790793372.434187,1,0,723.7913208007812,697.4716796875,804.3953857421875,631.6724243164062
1790793372.4456909,1,0,723.7913208007812,697.4716796875,804.3953857421875,631.6724243164062
1790793372.4571974,1,0,646.477294921875,809.330322265625,853.7448120117188,687.601806640625
1790793372.46837,1,0,695.82666015625,690.8917236328125,819.2001953125,687.601806640625
1790793372.479386,1,0,804.3953857421875,651.4122314453125,908.0291748046875,582.3230590820312
1790793372.4907868,1,0,908.0291748046875,598.7728271484375,848.8098754882812,713.9214477539062
1790793372.502673,1,0,908.0291748046875,598.7728271484375,848.8098754882812,713.9214477539062
1790793372.5135572,1,0,908.0291748046875,598.7728271484375,848.8098754882812,713.9214477539062
1790793372.524661,1,0,908.0291748046875,598.7728271484375,848.8098754882812,713.9214477539062
1790793372.536336,1,0,908.0291748046875,598.7728271484375,848.8098754882812,713.9214477539062
1790793372.5474923,1,0,904.7391967773438,572.4531860351562,871.839599609375,687.601806640625
1790793372.5588021,1,0,914.6090698242188,704.0515747070312,899.8042602539062,740.2411499023438
1790793372.5698304,1,0,963.95849609375,651.4122314453125,832.3600463867188,792.8805541992188
1790793372.5808089,1,0,950.7986450195312,681.0218505859375,837.2949829101562,661.2821044921875
1790793372.5920753,1,0,908.0291748046875,651.4122314453125,838.9400024414062,582.3230590820312
1790793372.6028745,1,0,947.5086669921875,615.22265625,802.7504272460938,713.9214477539062
1790793372.6141708,1,0,947.5086669921875,615.22265625,802.7504272460938,713.9214477539062
1790793372.6252055,1,0,947.5086669921875,615.22265625,802.7504272460938,713.9214477539062
1790793372.6360893,1,0,947.5086669921875,615.22265625,802.7504272460938,713.9214477539062
1790793372.6471415,1,0,947.5086669921875,615.22265625,802.7504272460938,713.9214477539062
1790793372.6580918,1,0,947.5086669921875,615.22265625,802.7504272460938,713.9214477539062
1790793372.6690016,1,0,947.5086669921875,615.22265625,802.7504272460938,713.9214477539062
1790793372.680067,1,0,855.3897705078125,700.7615966796875,812.6203002929688,582.3230590820312
1790793372.691014,1,0,855.3897705078125,700.7615966796875,812.6203002929688,582.3230590820312
1790793372.7023432,1,0,926.1239624023438,648.1222534179688,784.6556396484375,582.3230590820312
1790793372.7129507,1,0,866.9046630859375,674.4419555664062,832.3600463867188,713.9214477539062
1790793372.7239065,1,0,819.2001953125,542.843505859375,801.1054077148438,634.96240234375
1790793372.73505,1,0,829.070068359375,490.2041320800781,786.3005981445312,608.6427001953125
1790793372.746424,1,0,861.9697265625,463.88446044921875,745.1760864257812,687.601806640625
1790793372.7576551,1,0,817.5552368164062,463.88446044921875,715.5664672851562,661.2821044921875
1790793372.7684193,1,0,873.4845581054688,384.9254150390625,694.1817016601562,766.5608520507812
1790793372.7792742,1,0,858.6797485351562,437.56475830078125,750.1110229492188,582.3230590820312
1790793372.790863,1,0,868.5496215820312,529.6836547851562,713.9214477539062,713.9214477539062
1790793372.8024814,1,0,868.5496215820312,529.6836547851562,713.9214477539062,713.9214477539062
1790793372.8134167,1,0,868.5496215820312,529.6836547851562,713.9214477539062,713.9214477539062
1790793372.824191,1,0,868.5496215820312,529.6836547851562,713.9214477539062,713.9214477539062
1790793372.8355207,1,0,868.5496215820312,529.6836547851562,713.9214477539062,713.9214477539062
1790793372.8467758,1,0,850.454833984375,477.0443115234375,689.2467651367188,556.0033569335938
1790793372.857991,1,0,842.2299194335938,621.8025512695312,685.956787109375,582.3230590820312
1790793372.8688455,1,0,842.2299194335938,621.8025512695312,685.956787109375,582.3230590820312
1790793372.8801699,1,0,853.7448120117188,674.4419555664062,778.07568359375,529.6836547851562
1790793372.8911867,1,0,829.070068359375,621.8025512695312,783.0106201171875,582.3230590820312
1790793372.9022634,1,0,829.070068359375,621.8025512695312,783.0106201171875,582.3230590820312
1790793372.9130187,1,0,829.070068359375,621.8025512695312,783.0106201171875,582.3230590820312
1790793372.9241724,1,0,829.070068359375,621.8025512695312,783.0106201171875,582.3230590820312
1790793372.9350305,1,0,829.070068359375,621.8025512695312,783.0106201171875,582.3230590820312
1790793372.9461117,1,0,829.070068359375,621.8025512695312,783.0106201171875,582.3230590820312
1790793372.9571962,1,0,845.5198974609375,516.5238037109375,809.330322265625,424.4049377441406
1790793372.968069,1,0,871.839599609375,490.2041320800781,799.46044921875,608.6427001953125
1790793372.9794335,1,0,909.6741333007812,781.3656616210938,771.4957885742188,993.568115234375
1790793372.990848,1,0,909.6741333007812,781.3656616210938,771.4957885742188,993.568115234375
1790793373.0020885,1,0,909.6741333007812,781.3656616210938,771.4957885742188,993.568115234375
1790793373.013422,1,0,909.6741333007812,781.3656616210938,771.4957885742188,993.568115234375
1790793373.0247495,1,0,909.6741333007812,781.3656616210938,771.4957885742188,993.568115234375
1790793373.0365636,1,0,875.1295166015625,794.5255126953125,796.1704711914062,842.2299194335938
1790793373.0472806,1,0,873.4845581054688,768.205810546875,807.6853637695312,842.2299194335938
1790793373.058252,1,0,899.8042602539062,781.3656616210938,809.330322265625,835.6500244140625
1790793373.0700452,1,0,843.8749389648438,741.8861083984375,799.46044921875,829.070068359375
1790793373.081308,1,0,861.9697265625,597.1278686523438,801.1054077148438,980.4082641601562
1790793373.092947,1,0,903.09423828125,623.4475708007812,758.3359375,954.088623046875
1790793373.104418,1,0,903.09423828125,623.4475708007812,758.3359375,954.088623046875
1790793373.115409,1,0,903.09423828125,623.4475708007812,758.3359375,954.088623046875
1790793373.1271644,1,0,903.09423828125,623.4475708007812,758.3359375,954.088623046875
1790793373.1389465,1,0,903.09423828125,623.4475708007812,758.3359375,954.088623046875
1790793373.1498067,1,0,912.964111328125,544.4884643554688,774.7857666015625,954.088623046875
1790793373.1619098,1,0,835.6500244140625,597.1278686523438,753.4010009765625,875.1295166015625
1790793373.1734133,1,0,898.1592407226562,755.0459594726562,758.3359375,927.7689208984375
1790793373.1847239,1,0,898.1592407226562,755.0459594726562,758.3359375,927.7689208984375
1790793373.1959832,1,0,898.1592407226562,755.0459594726562,758.3359375,927.7689208984375
1790793373.2069228,1,0,898.1592407226562,755.0459594726562,758.3359375,927.7689208984375
1790793373.2186723,1,0,898.1592407226562,755.0459594726562,758.3359375,927.7689208984375
1790793373.22984,1,0,884.9994506835938,623.4475708007812,750.1110229492188,954.088623046875
1790793373.2409022,1,0,866.9046630859375,676.0869140625,750.1110229492188,769.850830078125
1790793373.251965,1,0,888.2893676757812,801.1054077148438,809.330322265625,1006.7279663085938
1790793373.263468,1,0,904.7391967773438,751.7560424804688,791.2355346679688,980.4082641601562
1790793373.2745132,1,0,904.7391967773438,751.7560424804688,791.2355346679688,980.4082641601562
1790793373.2857678,1,0,904.7391967773438,751.7560424804688,791.2355346679688,980.4082641601562
1790793373.2971272,1,0,904.7391967773438,751.7560424804688,791.2355346679688,980.4082641601562
1790793373.3084264,1,0,904.7391967773438,751.7560424804688,791.2355346679688,980.4082641601562
1790793373.3196251,1,0,858.6797485351562,702.4066162109375,766.5608520507812,848.8098754882812
1790793373.3307776,1,0,891.579345703125,866.9046630859375,799.46044921875,1059.3673095703125
1790793373.3418164,1,0,889.9343872070312,820.84521484375,809.330322265625,927.7689208984375
1790793373.3526044,1,0,876.7745361328125,899.8042602539062,802.7504272460938,954.088623046875
1790793373.3634517,1,0,865.2596435546875,817.5552368164062,796.1704711914062,954.088623046875
1790793373.37463,1,0,896.5142822265625,847.1648559570312,812.6203002929688,954.088623046875
1790793373.3860502,1,0,896.5142822265625,847.1648559570312,812.6203002929688,954.088623046875
1790793373.3968346,1,0,896.5142822265625,847.1648559570312,812.6203002929688,954.088623046875
1790793373.4076877,1,0,896.5142822265625,847.1648559570312,812.6203002929688,954.088623046875
1790793373.4190476,1,0,898.1592407226562,866.9046630859375,799.46044921875,875.1295166015625
1790793373.4301662,1,0,840.5849609375,889.9343872070312,817.5552368164062,901.44921875
1790793373.4413226,1,0,883.3544311523438,939.2837524414062,845.5198974609375,954.088623046875
1790793373.4525402,1,0,778.07568359375,939.2837524414062,875.1295166015625,769.850830078125
1790793373.4638035,1,0,514.8788452148438,1149.84130859375,909.6741333007812,611.9326782226562
1790793373.4746509,1,0,514.8788452148438,1202.4805908203125,921.18896484375,638.2523803710938
1790793373.4926243,1,0,514.8788452148438,1202.4805908203125,921.18896484375,638.2523803710938
1790793373.5082216,1,0,514.8788452148438,1202.4805908203125,921.18896484375,638.2523803710938
1790793373.5204067,1,0,514.8788452148438,1202.4805908203125,921.18896484375,638.2523803710938
1790793373.5320334,1,0,514.8788452148438,1202.4805908203125,921.18896484375,638.2523803710938
1790793373.5429928,1,0,422.75994873046875,1491.9971923828125,1006.7279663085938,506.6539306640625
1790793373.554563,1,0,383.2804260253906,1491.9971923828125,1006.7279663085938,506.6539306640625
1790793373.5667384,1,0,422.75994873046875,1623.5955810546875,1085.68701171875,532.9736328125
1790793373.5780795,1,0,422.75994873046875,1623.5955810546875,1085.68701171875,532.9736328125
1790793373.593123,1,0,399.730224609375,657.9921264648438,1648.270263671875,598.7728271484375
1790793373.6063032,1,0,399.730224609375,657.9921264648438,1648.270263671875,598.7728271484375
1790793373.619121,1,0,399.730224609375,657.9921264648438,1648.270263671875,598.7728271484375
1790793373.6306694,1,0,399.730224609375,657.9921264648438,1648.270263671875,598.7728271484375
1790793373.6418843,1,0,419.4700012207031,789.590576171875,1654.8502197265625,546.1334838867188
1790793373.6528482,1,0,498.4290466308594,1263.3448486328125,1653.2052001953125,677.7318725585938
1790793373.6637294,1,0,505.00897216796875,1210.70556640625,1654.8502197265625,835.6500244140625
1790793373.6748068,1,0,560.9382934570312,657.9921264648438,1654.8502197265625,861.9697265625
1790793373.6858442,1,0,547.7784423828125,605.352783203125,1653.2052001953125,756.6909790039062
1790793373.6981268,1,0,662.9270629882812,1026.4677734375,1653.2052001953125,940.9287719726562
1790793373.709448,1,0,662.9270629882812,1026.4677734375,1653.2052001953125,940.9287719726562
1790793373.7205725,1,0,662.9270629882812,1026.4677734375,1653.2052001953125,940.9287719726562
1790793373.7316074,1,0,662.9270629882812,1026.4677734375,1653.2052001953125,940.9287719726562
1790793373.7429738,1,0,662.9270629882812,1026.4677734375,1653.2052001953125,940.9287719726562
1790793373.7540362,1,0,725.4363403320312,973.828369140625,1653.2052001953125,993.568115234375
1790793373.7651794,1,0,672.7969360351562,868.5496215820312,1653.2052001953125,835.6500244140625
1790793373.7764783,1,0,672.7969360351562,684.3118286132812,1653.2052001953125,888.2893676757812
1790793373.787203,1,0,751.7560424804688,868.5496215820312,1653.2052001953125,1046.20751953125
1790793373.7984977,1,0,751.7560424804688,868.5496215820312,1653.2052001953125,1046.20751953125
1790793373.8095155,1,0,751.7560424804688,868.5496215820312,1653.2052001953125,1046.20751953125
1790793373.8210094,1,0,751.7560424804688,868.5496215820312,1653.2052001953125,1046.20751953125
1790793373.832403,1,0,751.7560424804688,868.5496215820312,1653.2052001953125,1046.20751953125
1790793373.843733,1,0,857.0347290039062,52.63936996459961,794.5255126953125,1019.8878173828125
1790793373.8553176,1,0,967.2484130859375,0.0,44.41447067260742,1046.20751953125
1790793373.866489,1,0,1059.3673095703125,46.0594482421875,18.094783782958984,1072.5272216796875
1790793373.877685,1,0,1065.947265625,19.739763259887695,31.254627227783203,993.568115234375
1790793373.888923,1,0,1006.7279663085938,24.674705505371094,24.674705505371094,835.6500244140625
1790793373.8999937,1,0,1098.846923828125,29.60964584350586,27.96466636657715,993.568115234375
1790793373.9116285,1,0,1098.846923828125,29.60964584350586,27.96466636657715,993.568115234375
1790793373.9229486,1,0,1098.846923828125,29.60964584350586,27.96466636657715,993.568115234375
1790793373.933934,1,0,1098.846923828125,29.60964584350586,27.96466636657715,993.568115234375
1790793373.9453366,1,0,1098.846923828125,29.60964584350586,27.96466636657715,993.568115234375
1790793373.956854,1,0,1006.7279663085938,21.38474464416504,27.96466636657715,730.3712768554688
1790793373.9681792,1,0,1019.8878173828125,24.674705505371094,27.96466636657715,730.3712768554688
1790793373.9796286,1,0,1046.20751953125,23.02972412109375,27.96466636657715,835.6500244140625
1790793373.991089,1,0,921.18896484375,39.47952651977539,27.96466636657715,677.7318725585938
1790793374.0026214,1,0,940.9287719726562,72.37913513183594,154.62815856933594,835.6500244140625
1790793374.0139704,1,0,894.8693237304688,46.0594482421875,199.04261779785156,809.330322265625
1790793374.0252445,1,0,802.7504272460938,156.27313232421875,240.16712951660156,730.3712768554688
1790793374.036634,1,0,861.9697265625,156.27313232421875,274.71173095703125,783.0106201171875
1790793374.0474076,1,0,861.9697265625,156.27313232421875,274.71173095703125,783.0106201171875
1790793374.0589955,1,0,861.9697265625,156.27313232421875,274.71173095703125,783.0106201171875
1790793374.0706046,1,0,861.9697265625,156.27313232421875,274.71173095703125,783.0106201171875
1790793374.0816453,1,0,861.9697265625,156.27313232421875,274.71173095703125,783.0106201171875
1790793374.0925848,1,0,861.9697265625,156.27313232421875,274.71173095703125,783.0106201171875
1790793374.1039526,1,0,651.4122314453125,156.27313232421875,394.7952880859375,625.092529296875
1790793374.1149616,1,0,493.4941101074219,630.0274658203125,488.5591735839844,361.8956604003906
1790793374.1257691,1,0,449.0796203613281,888.2893676757812,554.3583984375,483.62420654296875
1790793374.1367779,1,0,439.2097473144531,1197.545654296875,679.3768920898438,483.62420654296875
1790793374.1476393,1,0,439.2097473144531,1197.545654296875,679.3768920898438,483.62420654296875
1790793374.1586254,1,0,439.2097473144531,1197.545654296875,679.3768920898438,483.62420654296875
1790793374.1697361,1,0,439.2097473144531,1197.545654296875,679.3768920898438,483.62420654296875
1790793374.181056,1,0,439.2097473144531,1197.545654296875,679.3768920898438,483.62420654296875
1790793374.1921604,1,0,439.2097473144531,1197.545654296875,679.3768920898438,483.62420654296875
1790793374.2032971,1,0,406.3101501464844,1348.8839111328125,784.6556396484375,430.98486328125
1790793374.214633,1,0,529.6836547851562,1644.9803466796875,1001.7930297851562,509.94390869140625
1790793374.2253706,1,0,473.75433349609375,1628.530517578125,1139.971435546875,562.583251953125
1790793374.2363205,1,0,595.48291015625,1628.530517578125,1436.06787109375,667.8619995117188
1790793374.2475152,1,0,654.7021484375,309.2563171386719,1554.5064697265625,746.8211059570312
1790793374.2585702,1,0,654.7021484375,309.2563171386719,1554.5064697265625,746.8211059570312
1790793374.2698631,1,0,654.7021484375,309.2563171386719,1554.5064697265625,746.8211059570312
1790793374.2806144,1,0,654.7021484375,309.2563171386719,1554.5064697265625,746.8211059570312
1790793374.2920203,1,0,654.7021484375,309.2563171386719,1554.5064697265625,746.8211059570312
1790793374.3033347,1,0,654.7021484375,309.2563171386719,1554.5064697265625,746.8211059570312
1790793374.314327,1,0,654.7021484375,309.2563171386719,1554.5064697265625,746.8211059570312
1790793374.3251903,1,0,677.7318725585938,305.9663391113281,1521.6068115234375,694.1817016601562
1790793374.3363533,1,0,763.2708740234375,832.3600463867188,1368.6236572265625,799.46044921875
1790793374.3470173,1,0,773.1407470703125,384.9254150390625,1187.67578125,667.8619995117188
1790793374.357869,1,0,858.6797485351562,648.1222534179688,1141.6163330078125,720.5014038085938
1790793374.3693788,1,0,927.7689208984375,779.720703125,1138.326416015625,878.4194946289062
1790793374.3802683,1,0,852.0997924804688,332.2860412597656,1046.20751953125,773.1407470703125
1790793374.3910098,1,0,852.0997924804688,332.2860412597656,1046.20751953125,773.1407470703125
1790793374.4019666,1,0,852.0997924804688,332.2860412597656,1046.20751953125,773.1407470703125
1790793374.4129984,1,0,852.0997924804688,332.2860412597656,1046.20751953125,773.1407470703125
1790793374.424042,1,0,852.0997924804688,332.2860412597656,1046.20751953125,773.1407470703125
1790793374.4352093,1,0,852.0997924804688,332.2860412597656,1046.20751953125,773.1407470703125
1790793374.4469044,1,0,1016.5978393554688,174.367919921875,1003.43798828125,746.8211059570312
1790793374.4583378,1,0,1105.4267578125,1682.81494140625,1049.4974365234375,825.7801513671875
1790793374.469641,1,0,1131.7464599609375,1682.81494140625,1088.9769287109375,878.4194946289062
1790793374.4807668,1,0,1184.3858642578125,1656.4952392578125,1056.077392578125,878.4194946289062
1790793374.4918625,1,0,1184.3858642578125,1656.4952392578125,1056.077392578125,878.4194946289062
1790793374.5029864,1,0,1184.3858642578125,1656.4952392578125,1056.077392578125,878.4194946289062
1790793374.5140288,1,0,1184.3858642578125,1656.4952392578125,1056.077392578125,878.4194946289062
1790793374.5252836,1,0,1184.3858642578125,1656.4952392578125,1056.077392578125,878.4194946289062
1790793374.5362892,1,0,1116.941650390625,1182.7408447265625,669.5070190429688,799.46044921875
1790793374.547719,1,0,1123.5216064453125,1156.421142578125,427.69488525390625,667.8619995117188
1790793374.559005,1,0,1079.1070556640625,1340.658935546875,322.4161376953125,641.5423583984375
1790793374.570569,1,0,1080.7520751953125,1103.7818603515625,317.481201171875,720.5014038085938
1790793374.5815024,1,0,1080.7520751953125,1103.7818603515625,317.481201171875,720.5014038085938
1790793374.59222,1,0,1080.7520751953125,1103.7818603515625,317.481201171875,720.5014038085938
1790793374.6028144,1,0,1080.7520751953125,1103.7818603515625,317.481201171875,720.5014038085938
1790793374.6140554,1,0,1080.7520751953125,1103.7818603515625,317.481201171875,720.5014038085938
1790793374.6254115,1,0,1061.0123291015625,1182.7408447265625,312.5462646484375,588.9029541015625
1790793374.6367598,1,0,1059.3673095703125,1182.7408447265625,305.9663391113281,588.9029541015625
1790793374.647786,1,0,1033.047607421875,1024.82275390625,299.38641357421875,720.5014038085938
1790793374.6589293,1,0,1029.7576904296875,893.2243041992188,291.1615295410156,694.1817016601562
1790793374.6699364,1,0,1016.5978393554688,761.6259155273438,327.35107421875,720.5014038085938
1790793374.680978,1,0,935.9938354492188,761.6259155273438,355.3157653808594,746.8211059570312
1790793374.6923642,1,0,996.8580932617188,577.3881225585938,350.38079833984375,799.46044921875
1790793374.703744,1,0,996.8580932617188,577.3881225585938,350.38079833984375,799.46044921875
1790793374.715049,1,0,996.8580932617188,577.3881225585938,350.38079833984375,799.46044921875
1790793374.7259731,1,0,996.8580932617188,577.3881225585938,350.38079833984375,799.46044921875
1790793374.7373457,1,0,996.8580932617188,577.3881225585938,350.38079833984375,799.46044921875
1790793374.7483122,1,0,996.8580932617188,577.3881225585938,350.38079833984375,799.46044921875
1790793374.759693,1,0,922.833984375,328.9960632324219,521.458740234375,903.09423828125
1790793374.7704594,1,0,901.44921875,486.9141845703125,574.09814453125,1008.3729248046875
1790793374.781634,1,0,926.1239624023438,513.23388671875,575.7431030273438,1034.692626953125
1790793374.792829,1,0,926.1239624023438,513.23388671875,575.7431030273438,1034.692626953125
1790793374.8035147,1,0,926.1239624023438,513.23388671875,575.7431030273438,1034.692626953125
1790793374.8151395,1,0,926.1239624023438,513.23388671875,575.7431030273438,1034.692626953125
1790793374.8264086,1,0,926.1239624023438,513.23388671875,575.7431030273438,1034.692626953125
1790793374.8376412,1,0,919.5440063476562,592.1929321289062,606.9977416992188,903.09423828125
1790793374.8488677,1,0,894.8693237304688,434.2748107910156,593.837890625,903.09423828125
1790793374.8598704,1,0,899.8042602539062,539.5535278320312,654.7021484375,876.7745361328125
1790793374.8704364,1,0,919.5440063476562,539.5535278320312,639.8973388671875,929.4138793945312
1790793374.8812637,1,0,866.9046630859375,671.1519775390625,672.7969360351562,1008.3729248046875
1790793374.8925805,1,0,932.703857421875,644.832275390625,694.1817016601562,1034.692626953125
1790793374.9035711,1,0,932.703857421875,644.832275390625,694.1817016601562,1034.692626953125
1790793374.9145293,1,0,932.703857421875,644.832275390625,694.1817016601562,1034.692626953125
1790793374.9254997,1,0,932.703857421875,644.832275390625,694.1817016601562,1034.692626953125
1790793374.9369118,1,0,932.703857421875,644.832275390625,694.1817016601562,1034.692626953125
1790793374.9484365,1,0,914.6090698242188,697.4716796875,695.82666015625,929.4138793945312
1790793374.9600983,1,0,881.70947265625,588.9029541015625,694.1817016601562,876.7745361328125
1790793374.971101,1,0,883.3544311523438,671.1519775390625,758.3359375,876.7745361328125
1790793374.981858,1,0,911.319091796875,644.832275390625,759.9808959960938,1087.33203125
1790793374.992968,1,0,911.319091796875,644.832275390625,759.9808959960938,1087.33203125
1790793375.004875,1,0,911.319091796875,644.832275390625,759.9808959960938,1087.33203125
1790793375.01594,1,0,911.319091796875,644.832275390625,759.9808959960938,1087.33203125
1790793375.0266812,1,0,911.319091796875,644.832275390625,759.9808959960938,1087.33203125
1790793375.0375786,1,0,893.2243041992188,579.0330810546875,746.8211059570312,929.4138793945312
1790793375.0487003,1,0,875.1295166015625,750.1110229492188,804.3953857421875,1061.0123291015625
1790793375.0600576,1,0,852.0997924804688,664.5720825195312,784.6556396484375,982.0532836914062
1790793375.071028,1,0,891.579345703125,532.9736328125,773.1407470703125,1087.33203125
1790793375.082404,1,0,868.5496215820312,559.2933349609375,820.84521484375,1087.33203125
1790793375.093677,1,0,899.8042602539062,506.6539306640625,792.8805541992188,1087.33203125
1790793375.1052704,1,0,899.8042602539062,506.6539306640625,792.8805541992188,1087.33203125
1790793375.1161017,1,0,899.8042602539062,506.6539306640625,792.8805541992188,1087.33203125
1790793375.1270788,1,0,899.8042602539062,506.6539306640625,792.8805541992188,1087.33203125
1790793375.1381385,1,0,899.8042602539062,506.6539306640625,792.8805541992188,1087.33203125
1790793375.1491709,1,0,899.8042602539062,506.6539306640625,792.8805541992188,1087.33203125
1790793375.160344,1,0,899.8042602539062,506.6539306640625,792.8805541992188,1087.33203125
1790793375.1721575,1,0,863.6146850585938,532.9736328125,799.46044921875,1087.33203125
1790793375.1835153,1,0,875.1295166015625,480.3342590332031,817.5552368164062,982.0532836914062
1790793375.1946864,1,0,861.9697265625,559.2933349609375,810.9752807617188,929.4138793945312
1790793375.2059844,1,0,922.833984375,664.5720825195312,801.1054077148438,1113.6517333984375
1790793375.2172236,1,0,922.833984375,664.5720825195312,801.1054077148438,1113.6517333984375
1790793375.228398,1,0,922.833984375,664.5720825195312,801.1054077148438,1113.6517333984375
1790793375.2396946,1,0,922.833984375,664.5720825195312,801.1054077148438,1113.6517333984375
1790793375.2517064,1,0,922.833984375,664.5720825195312,801.1054077148438,1113.6517333984375
1790793375.2630951,1,0,871.839599609375,427.69488525390625,830.715087890625,1061.0123291015625
1790793375.2742622,1,0,908.0291748046875,611.9326782226562,797.8154907226562,1166.291015625
1790793375.286142,0,0,829.070068359375,611.9326782226562,787.945556640625,929.4138793945312
1790793375.297729,0,0,845.5198974609375,611.9326782226562,824.1351318359375,1034.692626953125
1790793375.3094218,0,0,898.1592407226562,532.9736328125,796.1704711914062,1061.0123291015625
1790793375.3210077,0,0,898.1592407226562,532.9736328125,796.1704711914062,1061.0123291015625
1790793375.333634,0,0,898.1592407226562,532.9736328125,796.1704711914062,1061.0123291015625
1790793375.3459747,0,0,898.1592407226562,532.9736328125,796.1704711914062,1061.0123291015625
1790793375.3574715,0,0,898.1592407226562,532.9736328125,796.1704711914062,1061.0123291015625
1790793375.3688357,0,0,898.1592407226562,532.9736328125,796.1704711914062,1061.0123291015625
1790793375.3809834,0,0,878.4194946289062,611.9326782226562,845.5198974609375,1061.0123291015625
1790793375.3928504,0,0,868.5496215820312,750.1110229492188,787.945556640625,722.1463623046875
1790793375.404096,0,0,904.7391967773438,776.4307250976562,787.945556640625,801.1054077148438
1790793375.4161947,0,0,853.7448120117188,697.4716796875,776.4307250976562,801.1054077148438
1790793375.4287713,0,0,876.7745361328125,750.1110229492188,766.5608520507812,748.466064453125
1790793375.4400668,0,0,825.7801513671875,829.070068359375,773.1407470703125,774.7857666015625
1790793375.4514925,0,0,852.0997924804688,934.3488159179688,766.5608520507812,801.1054077148438
1790793375.4627037,0,0,852.0997924804688,934.3488159179688,766.5608520507812,801.1054077148438
1790793375.4732754,0,0,852.0997924804688,934.3488159179688,766.5608520507812,801.1054077148438
1790793375.4843974,0,0,852.0997924804688,934.3488159179688,766.5608520507812,801.1054077148438
1790793375.4957623,0,0,852.0997924804688,934.3488159179688,766.5608520507812,801.1054077148438
1790793375.5074327,0,0,857.0347290039062,776.4307250976562,690.8917236328125,695.82666015625
1790793375.5184603,0,0,873.4845581054688,934.3488159179688,677.7318725585938,801.1054077148438
1790793375.5293603,0,0,840.5849609375,802.7504272460938,676.0869140625,616.8676147460938
1790793375.5406458,0,0,858.6797485351562,855.3897705078125,636.607421875,643.1873168945312
1790793375.5515954,0,0,871.839599609375,934.3488159179688,651.4122314453125,722.1463623046875
1790793375.5630085,0,0,871.839599609375,934.3488159179688,651.4122314453125,722.1463623046875
1790793375.5739515,0,0,871.839599609375,934.3488159179688,651.4122314453125,722.1463623046875
1790793375.5847309,0,0,871.839599609375,934.3488159179688,651.4122314453125,722.1463623046875
1790793375.5958958,0,0,871.839599609375,934.3488159179688,651.4122314453125,722.1463623046875
1790793375.6073909,0,0,886.6444091796875,776.4307250976562,664.5720825195312,853.7448120117188
1790793375.6180732,0,0,853.7448120117188,934.3488159179688,667.8619995117188,643.1873168945312
1790793375.6292999,0,0,886.6444091796875,776.4307250976562,630.0274658203125,827.4251098632812
1790793375.6399753,0,0,886.6444091796875,776.4307250976562,630.0274658203125,827.4251098632812
1790793375.651167,0,0,886.6444091796875,776.4307250976562,630.0274658203125,827.4251098632812
1790793375.6621013,0,0,886.6444091796875,776.4307250976562,630.0274658203125,827.4251098632812
1790793375.6732874,0,0,886.6444091796875,776.4307250976562,630.0274658203125,827.4251098632812
1790793375.6844854,0,0,848.8098754882812,986.9882202148438,679.3768920898438,722.1463623046875
1790793375.695612,0,0,855.3897705078125,947.5086669921875,689.2467651367188,801.1054077148438
1790793375.7066174,0,0,866.9046630859375,1105.4267578125,715.5664672851562,880.064453125
1790793375.7175848,0,0,871.839599609375,1000.1480712890625,702.4066162109375,853.7448120117188
1790793375.729039,0,0,840.5849609375,973.828369140625,712.2764892578125,774.7857666015625
1790793375.7409937,0,0,886.6444091796875,1131.7464599609375,741.8861083984375,932.703857421875
1790793375.7527943,0,0,886.6444091796875,1131.7464599609375,741.8861083984375,932.703857421875
1790793375.7639396,0,0,886.6444091796875,1131.7464599609375,741.8861083984375,932.703857421875
1790793375.7748733,0,0,886.6444091796875,1131.7464599609375,741.8861083984375,932.703857421875
1790793375.7863986,0,0,886.6444091796875,1131.7464599609375,741.8861083984375,932.703857421875
1790793375.7979555,0,0,871.839599609375,947.5086669921875,712.2764892578125,880.064453125
1790793375.8091009,0,0,843.8749389648438,1131.7464599609375,755.0459594726562,853.7448120117188
1790793375.8209226,0,0,855.3897705078125,1079.1070556640625,784.6556396484375,906.3841552734375
1790793375.8322637,0,0,860.32470703125,1026.4677734375,741.8861083984375,853.7448120117188
1790793375.8443599,0,0,842.2299194335938,1052.7874755859375,771.4957885742188,959.0235595703125
1790793375.856057,0,0,842.2299194335938,1052.7874755859375,771.4957885742188,959.0235595703125
1790793375.8667748,0,0,842.2299194335938,1052.7874755859375,771.4957885742188,959.0235595703125
1790793375.877809,0,0,842.2299194335938,1052.7874755859375,771.4957885742188,959.0235595703125
1790793375.8887913,0,0,842.2299194335938,1052.7874755859375,771.4957885742188,959.0235595703125
1790793375.8997142,0,0,842.2299194335938,1052.7874755859375,771.4957885742188,959.0235595703125
1790793375.9107919,0,0,866.9046630859375,1102.1368408203125,710.6315307617188,908.0291748046875
1790793375.9217532,0,0,842.2299194335938,1010.0179443359375,781.3656616210938,750.1110229492188
1790793375.9326346,0,0,870.194580078125,1141.6163330078125,761.6259155273438,908.0291748046875
1790793375.9441586,0,0,840.5849609375,1088.9769287109375,773.1407470703125,855.3897705078125
1790793375.9555144,0,0,871.839599609375,996.8580932617188,773.1407470703125,855.3897705078125
1790793375.9667287,0,0,871.839599609375,996.8580932617188,773.1407470703125,855.3897705078125
1790793375.9778678,0,0,871.839599609375,996.8580932617188,773.1407470703125,855.3897705078125
1790793375.988681,0,0,871.839599609375,996.8580932617188,773.1407470703125,855.3897705078125
1790793376.0003202,0,0,871.839599609375,996.8580932617188,773.1407470703125,855.3897705078125
1790793376.0113983,0,0,871.839599609375,996.8580932617188,773.1407470703125,855.3897705078125
1790793376.0219738,0,0,837.2949829101562,1062.6573486328125,779.720703125,697.4716796875
1790793376.0333102,0,0,876.7745361328125,1115.296630859375,794.5255126953125,934.3488159179688
1790793376.0440774,0,0,912.964111328125,904.7391967773438,773.1407470703125,986.9882202148438
1790793376.0555518,0,0,883.3544311523438,957.3785400390625,801.1054077148438,908.0291748046875
1790793376.0671566,0,0,861.9697265625,983.6982421875,773.1407470703125,986.9882202148438
1790793376.0784717,0,0,884.9994506835938,852.0997924804688,766.5608520507812,986.9882202148438
1790793376.089245,0,0,884.9994506835938,852.0997924804688,766.5608520507812,986.9882202148438
1790793376.1002064,0,0,884.9994506835938,852.0997924804688,766.5608520507812,986.9882202148438
1790793376.1113648,0,0,884.9994506835938,852.0997924804688,766.5608520507812,986.9882202148438
1790793376.1226206,0,0,884.9994506835938,852.0997924804688,766.5608520507812,986.9882202148438
1790793376.1341555,0,0,894.8693237304688,983.6982421875,773.1407470703125,986.9882202148438
1790793376.1453638,0,0,883.3544311523438,931.0588989257812,804.3953857421875,1013.307861328125
1790793376.15642,0,0,857.0347290039062,1049.4974365234375,799.46044921875,908.0291748046875
1790793376.167253,0,0,850.454833984375,1049.4974365234375,794.5255126953125,960.6685180664062
1790793376.178292,0,0,855.3897705078125,996.8580932617188,815.9102783203125,986.9882202148438
1790793376.1893113,0,0,894.8693237304688,1023.1777954101562,852.0997924804688,1013.307861328125
1790793376.2004297,0,0,894.8693237304688,1023.1777954101562,852.0997924804688,1013.307861328125
1790793376.2116222,0,0,894.8693237304688,1023.1777954101562,852.0997924804688,1013.307861328125
1790793376.2230372,0,0,894.8693237304688,1023.1777954101562,852.0997924804688,1013.307861328125
1790793376.2340696,0,0,894.8693237304688,1023.1777954101562,852.0997924804688,1013.307861328125
1790793376.2452314,0,0,894.8693237304688,1023.1777954101562,852.0997924804688,1013.307861328125
1790793376.2565243,0,0,893.2243041992188,996.8580932617188,796.1704711914062,1013.307861328125
1790793376.2672777,0,0,842.2299194335938,957.3785400390625,778.07568359375,986.9882202148438
1790793376.2789474,0,0,881.70947265625,1049.4974365234375,820.84521484375,908.0291748046875
1790793376.2903278,0,0,852.0997924804688,1036.337646484375,769.850830078125,1013.307861328125
1790793376.3017108,0,0,870.194580078125,1019.8878173828125,824.1351318359375,1013.307861328125
1790793376.312953,0,0,870.194580078125,1019.8878173828125,824.1351318359375,1013.307861328125
1790793376.3241484,0,0,870.194580078125,1019.8878173828125,824.1351318359375,1013.307861328125
1790793376.3354049,0,0,870.194580078125,1019.8878173828125,824.1351318359375,1013.307861328125
1790793376.3467557,0,0,870.194580078125,1019.8878173828125,824.1351318359375,1013.307861328125
1790793376.357569,0,0,876.7745361328125,1013.307861328125,794.5255126953125,908.0291748046875
1790793376.3683717,0,0,857.0347290039062,1082.3970947265625,814.2652587890625,855.3897705078125
1790793376.3796957,0,0,858.6797485351562,1065.947265625,791.2355346679688,802.7504272460938
1790793376.3908947,0,0,878.4194946289062,960.6685180664062,799.46044921875,934.3488159179688
1790793376.4020643,0,0,878.4194946289062,960.6685180664062,799.46044921875,934.3488159179688
1790793376.4133787,0,0,878.4194946289062,960.6685180664062,799.46044921875,934.3488159179688
1790793376.4242795,0,0,878.4194946289062,960.6685180664062,799.46044921875,934.3488159179688
1790793376.4353013,0,0,878.4194946289062,960.6685180664062,799.46044921875,934.3488159179688
1790793376.4462261,0,0,840.5849609375,1065.947265625,791.2355346679688,855.3897705078125
1790793376.4573865,0,0,857.0347290039062,1118.586669921875,802.7504272460938,829.070068359375
1790793376.468463,0,0,866.9046630859375,1144.9063720703125,820.84521484375,802.7504272460938
1790793376.4795415,0,0,850.454833984375,1171.2259521484375,817.5552368164062,855.3897705078125
1790793376.4905994,0,0,868.5496215820312,1223.8653564453125,801.1054077148438,908.0291748046875
1790793376.5016427,0,0,888.2893676757812,1197.545654296875,791.2355346679688,908.0291748046875
1790793376.5130017,0,0,888.2893676757812,1197.545654296875,791.2355346679688,908.0291748046875
1790793376.524318,0,0,888.2893676757812,1197.545654296875,791.2355346679688,908.0291748046875
1790793376.5352716,0,0,888.2893676757812,1197.545654296875,791.2355346679688,908.0291748046875
1790793376.5462554,0,0,888.2893676757812,1197.545654296875,791.2355346679688,908.0291748046875
1790793376.5573814,0,0,852.0997924804688,1355.4637451171875,835.6500244140625,855.3897705078125
1790793376.5684748,0,0,875.1295166015625,949.1536865234375,809.330322265625,889.9343872070312
1790793376.5795743,0,0,883.3544311523438,1028.1126708984375,819.2001953125,916.2540283203125
1790793376.5906863,0,0,883.3544311523438,1028.1126708984375,819.2001953125,916.2540283203125
1790793376.6018555,0,0,883.3544311523438,1028.1126708984375,819.2001953125,916.2540283203125
1790793376.6125922,0,0,883.3544311523438,1028.1126708984375,819.2001953125,916.2540283203125
1790793376.6238716,0,0,883.3544311523438,1028.1126708984375,819.2001953125,916.2540283203125
1790793376.6352599,0,0,883.3544311523438,1028.1126708984375,819.2001953125,916.2540283203125
1790793376.6467466,0,0,871.839599609375,949.1536865234375,807.6853637695312,863.6146850585938
1790793376.6577983,0,0,835.6500244140625,949.1536865234375,817.5552368164062,784.6556396484375
1790793376.6691525,0,0,868.5496215820312,949.1536865234375,786.3005981445312,810.9752807617188
1790793376.6802127,0,0,847.1648559570312,1001.7930297851562,812.6203002929688,863.6146850585938
1790793376.6910698,0,0,863.6146850585938,1028.1126708984375,814.2652587890625,916.2540283203125
1790793376.7022223,0,0,863.6146850585938,1028.1126708984375,814.2652587890625,916.2540283203125
1790793376.7134693,0,0,863.6146850585938,1028.1126708984375,814.2652587890625,916.2540283203125
1790793376.7244267,0,0,863.6146850585938,1028.1126708984375,814.2652587890625,916.2540283203125
1790793376.7359276,0,0,863.6146850585938,1028.1126708984375,814.2652587890625,916.2540283203125
1790793376.7468014,0,0,863.6146850585938,1028.1126708984375,814.2652587890625,916.2540283203125
1790793376.758482,0,0,866.9046630859375,1133.3914794921875,832.3600463867188,837.2949829101562
1790793376.7694788,0,0,865.2596435546875,1080.7520751953125,797.8154907226562,889.9343872070312
1790793376.7806907,0,0,852.0997924804688,922.833984375,778.07568359375,995.213134765625
1790793376.7919002,0,0,857.0347290039062,1054.432373046875,827.4251098632812,863.6146850585938
1790793376.8031294,0,0,848.8098754882812,1054.432373046875,787.945556640625,968.8934326171875
1790793376.8142853,0,0,835.6500244140625,1080.7520751953125,796.1704711914062,995.213134765625
1790793376.8256032,0,0,861.9697265625,1054.432373046875,815.9102783203125,916.2540283203125
1790793376.836851,0,0,871.839599609375,1054.432373046875,741.8861083984375,968.8934326171875
1790793376.8475163,0,0,853.7448120117188,1080.7520751953125,764.9158325195312,1021.5327758789062
1790793376.8588004,0,0,853.7448120117188,1080.7520751953125,764.9158325195312,1021.5327758789062
1790793376.8702147,0,0,853.7448120117188,1080.7520751953125,764.9158325195312,1021.5327758789062
1790793376.8814204,0,0,853.7448120117188,1080.7520751953125,764.9158325195312,1021.5327758789062
1790793376.8922834,0,0,853.7448120117188,1080.7520751953125,764.9158325195312,1021.5327758789062
1790793376.9032524,0,0,866.9046630859375,1054.432373046875,751.7560424804688,889.9343872070312
1790793376.9140549,0,0,809.330322265625,1238.670166015625,664.5720825195312,837.2949829101562
1790793376.925227,0,0,822.4901733398438,1159.711181640625,467.1744079589844,916.2540283203125
1790793376.9370706,0,0,820.84521484375,1209.060546875,378.3454895019531,810.9752807617188
1790793376.948433,0,0,865.2596435546875,893.2243041992188,184.23779296875,889.9343872070312
1790793376.959678,0,0,865.2596435546875,893.2243041992188,184.23779296875,889.9343872070312
1790793376.970912,0,0,865.2596435546875,893.2243041992188,184.23779296875,889.9343872070312
1790793376.981618,0,0,865.2596435546875,893.2243041992188,184.23779296875,889.9343872070312
1790793376.9935942,0,0,865.2596435546875,893.2243041992188,184.23779296875,889.9343872070312
1790793377.0046601,0,0,865.2596435546875,893.2243041992188,184.23779296875,889.9343872070312
1790793377.0155725,0,0,838.9400024414062,741.8861083984375,106.92372131347656,784.6556396484375
1790793377.0265152,0,0,861.9697265625,636.607421875,55.9293327331543,810.9752807617188
1790793377.0378556,0,0,858.6797485351562,505.00897216796875,27.96466636657715,758.3359375
1790793377.0486336,0,0,921.18896484375,426.0498962402344,26.319684982299805,889.9343872070312
1790793377.0597572,0,0,921.18896484375,426.0498962402344,26.319684982299805,889.9343872070312
1790793377.0719464,0,0,921.18896484375,426.0498962402344,26.319684982299805,889.9343872070312
1790793377.083197,0,0,921.18896484375,426.0498962402344,26.319684982299805,889.9343872070312
1790793377.0940382,0,0,921.18896484375,426.0498962402344,26.319684982299805,889.9343872070312
1790793377.105417,0,0,888.2893676757812,106.92372131347656,27.96466636657715,676.0869140625
1790793377.1165519,0,0,870.194580078125,159.56309509277344,27.96466636657715,755.0459594726562
1790793377.1280308,0,0,852.0997924804688,157.91810607910156,27.96466636657715,728.726318359375
1790793377.1390767,0,0,865.2596435546875,894.8693237304688,27.96466636657715,965.6034545898438
1790793377.1502323,0,0,815.9102783203125,973.828369140625,31.254627227783203,860.32470703125
1790793377.1616805,0,0,908.0291748046875,1052.7874755859375,32.89960861206055,991.9231567382812
1790793377.173305,0,0,908.0291748046875,1052.7874755859375,32.89960861206055,991.9231567382812
1790793377.1841495,0,0,908.0291748046875,1052.7874755859375,32.89960861206055,991.9231567382812
1790793377.194837,0,0,908.0291748046875,1052.7874755859375,32.89960861206055,991.9231567382812
1790793377.2056115,0,0,908.0291748046875,1052.7874755859375,32.89960861206055,991.9231567382812
1790793377.2167063,0,0,908.0291748046875,1052.7874755859375,32.89960861206055,991.9231567382812
1790793377.2277358,0,0,819.2001953125,579.0330810546875,103.63375854492188,1097.201904296875
1790793377.239201,0,0,891.579345703125,315.8362121582031,44.41447067260742,1307.7593994140625
1790793377.2505198,0,0,891.579345703125,315.8362121582031,44.41447067260742,1307.7593994140625
1790793377.2619104,0,0,891.579345703125,315.8362121582031,44.41447067260742,1307.7593994140625
1790793377.2734802,0,0,891.579345703125,315.8362121582031,44.41447067260742,1307.7593994140625
1790793377.2847388,0,0,891.579345703125,315.8362121582031,44.41447067260742,1307.7593994140625
1790793377.295435,0,0,891.579345703125,315.8362121582031,44.41447067260742,1307.7593994140625
1790793377.306911,0,0,911.319091796875,342.1559143066406,41.124507904052734,1176.160888671875
1790793377.318239,0,0,881.70947265625,473.75433349609375,93.76387786865234,1202.4805908203125
1790793377.3293679,0,0,934.3488159179688,500.07403564453125,301.0314025878906,1176.160888671875
1790793377.340395,0,0,909.6741333007812,631.6724243164062,472.1093444824219,1413.0380859375
1790793377.3514469,0,0,909.6741333007812,631.6724243164062,472.1093444824219,1413.0380859375
1790793377.3628836,0,0,935.9938354492188,500.07403564453125,457.3045349121094,1413.0380859375
1790793377.3740134,0,0,935.9938354492188,500.07403564453125,457.3045349121094,1413.0380859375
1790793377.3849142,0,0,935.9938354492188,500.07403564453125,457.3045349121094,1413.0380859375
1790793377.3964806,0,0,935.9938354492188,500.07403564453125,457.3045349121094,1413.0380859375
1790793377.408337,0,0,935.9938354492188,500.07403564453125,457.3045349121094,1413.0380859375
1790793377.4196067,0,0,932.703857421875,539.5535278320312,475.3993225097656,1281.439697265625
1790793377.430662,0,0,916.2540283203125,644.832275390625,491.84912109375,1334.0791015625
1790793377.4419212,0,0,949.1536865234375,763.2708740234375,560.9382934570312,1202.4805908203125
1790793377.4532242,0,0,875.1295166015625,736.951171875,532.9736328125,1123.5216064453125
1790793377.464182,0,0,899.8042602539062,750.1110229492188,562.583251953125,1202.4805908203125
1790793377.4755738,0,0,924.4789428710938,710.6315307617188,541.1985473632812,1228.80029296875
1790793377.4869173,0,0,924.4789428710938,710.6315307617188,541.1985473632812,1228.80029296875
1790793377.4981058,0,0,924.4789428710938,710.6315307617188,541.1985473632812,1228.80029296875
1790793377.510019,0,0,924.4789428710938,710.6315307617188,541.1985473632812,1228.80029296875
1790793377.5217874,0,0,924.4789428710938,710.6315307617188,541.1985473632812,1228.80029296875
1790793377.5330794,0,0,906.3841552734375,829.070068359375,562.583251953125,1044.5625
1790793377.5439494,0,0,876.7745361328125,894.8693237304688,534.6185913085938,1044.5625
1790793377.555935,0,0,880.064453125,934.3488159179688,585.6129760742188,1255.1199951171875
1790793377.583078,0,0,880.064453125,934.3488159179688,585.6129760742188,1255.1199951171875
1790793377.6010778,0,0,880.064453125,934.3488159179688,585.6129760742188,1255.1199951171875
1790793377.615522,0,0,880.064453125,934.3488159179688,585.6129760742188,1255.1199951171875
1790793377.6275935,0,0,866.9046630859375,973.828369140625,567.5181884765625,1018.2428588867188
1790793377.6391072,0,0,906.3841552734375,1039.6275634765625,610.2877197265625,1070.8822021484375
1790793377.6508193,0,0,922.833984375,1079.1070556640625,648.1222534179688,860.32470703125
1790793377.6658278,0,0,950.7986450195312,1154.7762451171875,666.217041015625,845.5198974609375
1790793377.6782146,0,0,903.09423828125,1049.4974365234375,662.9270629882812,1108.716796875
1790793377.690147,0,0,903.09423828125,1049.4974365234375,662.9270629882812,1108.716796875
1790793377.7013311,0,0,903.09423828125,1049.4974365234375,662.9270629882812,1108.716796875
1790793377.7131965,0,0,903.09423828125,1049.4974365234375,662.9270629882812,1108.716796875
1790793377.7262623,0,0,903.09423828125,1049.4974365234375,662.9270629882812,1108.716796875
1790793377.7377186,0,0,870.194580078125,1102.1368408203125,685.956787109375,792.8805541992188
1790793377.748689,0,0,888.2893676757812,1128.45654296875,743.5311279296875,398.0852355957031
1790793377.7599192,0,0,922.833984375,1167.93603515625,783.0106201171875,766.5608520507812
1790793377.7732668,0,0,898.1592407226562,1181.0958251953125,810.9752807617188,740.2411499023438
1790793377.7851534,0,0,898.1592407226562,1181.0958251953125,810.9752807617188,740.2411499023438
1790793377.7962246,0,0,898.1592407226562,1181.0958251953125,810.9752807617188,740.2411499023438
1790793377.8069265,0,0,898.1592407226562,1181.0958251953125,810.9752807617188,740.2411499023438
1790793377.8180418,0,0,898.1592407226562,1181.0958251953125,810.9752807617188,740.2411499023438
1790793377.8290765,0,0,898.1592407226562,1181.0958251953125,810.9752807617188,740.2411499023438
1790793377.8403635,0,0,886.6444091796875,1141.6163330078125,824.1351318359375,424.4049377441406
1790793377.8513834,1,0,899.8042602539062,1016.5978393554688,783.0106201171875,503.3639831542969
1790793377.8625467,1,0,886.6444091796875,1207.41552734375,820.84521484375,634.96240234375
1790793377.873569,1,0,934.3488159179688,1095.556884765625,865.2596435546875,713.9214477539062
1790793377.8845937,1,0,934.3488159179688,1095.556884765625,865.2596435546875,713.9214477539062
1790793377.896466,1,0,934.3488159179688,1095.556884765625,865.2596435546875,713.9214477539062
1790793377.9077342,1,0,934.3488159179688,1095.556884765625,865.2596435546875,713.9214477539062
1790793377.918736,1,0,934.3488159179688,1095.556884765625,865.2596435546875,713.9214477539062
1790793377.92942,1,0,934.3488159179688,1095.556884765625,865.2596435546875,713.9214477539062
1790793377.940632,1,0,934.3488159179688,1095.556884765625,865.2596435546875,713.9214477539062
1790793377.951985,1,0,858.6797485351562,1108.716796875,840.5849609375,371.76556396484375
1790793377.9632642,1,0,873.4845581054688,1115.296630859375,860.32470703125,371.76556396484375
1790793377.97435,1,0,865.2596435546875,1177.805908203125,903.09423828125,608.6427001953125
1790793377.9858263,1,0,865.2596435546875,1177.805908203125,903.09423828125,608.6427001953125
1790793377.9970226,1,0,865.2596435546875,1177.805908203125,903.09423828125,608.6427001953125
1790793378.008013,1,0,865.2596435546875,1177.805908203125,903.09423828125,608.6427001953125
1790793378.0189822,1,0,865.2596435546875,1177.805908203125,903.09423828125,608.6427001953125
1790793378.0301538,1,0,871.839599609375,1148.1962890625,908.0291748046875,450.724609375
1790793378.0411417,1,0,875.1295166015625,1115.296630859375,884.9994506835938,371.76556396484375
1790793378.0521936,1,0,880.064453125,1161.3560791015625,906.3841552734375,503.3639831542969
1790793378.0630598,1,0,916.2540283203125,1062.6573486328125,891.579345703125,608.6427001953125
1790793378.0742812,1,0,866.9046630859375,1082.3970947265625,886.6444091796875,634.96240234375
1790793378.0854943,1,0,866.9046630859375,1082.3970947265625,886.6444091796875,634.96240234375
1790793378.096531,1,0,866.9046630859375,1082.3970947265625,886.6444091796875,634.96240234375
1790793378.1074076,1,0,866.9046630859375,1082.3970947265625,886.6444091796875,634.96240234375
1790793378.1182327,1,0,866.9046630859375,1082.3970947265625,886.6444091796875,634.96240234375
1790793378.129722,1,0,866.9046630859375,1082.3970947265625,886.6444091796875,634.96240234375
1790793378.14166,1,0,840.5849609375,1023.1777954101562,870.194580078125,398.0852355957031
1790793378.1527002,1,0,865.2596435546875,1056.077392578125,916.2540283203125,398.0852355957031
1790793378.1639261,1,0,832.3600463867188,1026.4677734375,857.0347290039062,292.8064880371094
1790793378.1746852,1,0,871.839599609375,1016.5978393554688,880.064453125,634.96240234375
1790793378.1856775,1,0,865.2596435546875,937.6387939453125,850.454833984375,582.3230590820312
1790793378.1969984,1,0,843.8749389648438,963.95849609375,853.7448120117188,345.44586181640625
1790793378.2084398,1,0,894.8693237304688,949.1536865234375,880.064453125,769.850830078125
1790793378.2194817,1,0,855.3897705078125,876.7745361328125,845.5198974609375,796.1704711914062
1790793378.230342,1,0,889.9343872070312,922.833984375,834.0050048828125,848.8098754882812
1790793378.2410834,1,0,889.9343872070312,922.833984375,834.0050048828125,848.8098754882812
1790793378.2524738,1,0,889.9343872070312,922.833984375,834.0050048828125,848.8098754882812
1790793378.2638857,1,0,889.9343872070312,922.833984375,834.0050048828125,848.8098754882812
1790793378.2746964,1,0,889.9343872070312,922.833984375,834.0050048828125,848.8098754882812
1790793378.2855365,1,0,889.9343872070312,922.833984375,834.0050048828125,848.8098754882812
1790793378.2965107,1,0,889.9343872070312,922.833984375,834.0050048828125,848.8098754882812
1790793378.3078127,1,0,889.9343872070312,922.833984375,834.0050048828125,848.8098754882812
1790793378.3190324,1,0,843.8749389648438,889.9343872070312,827.4251098632812,559.2933349609375
1790793378.330025,1,0,857.0347290039062,968.8934326171875,845.5198974609375,506.6539306640625
1790793378.3416612,1,0,857.0347290039062,968.8934326171875,845.5198974609375,506.6539306640625
1790793378.3527944,1,0,838.9400024414062,929.4138793945312,866.9046630859375,532.9736328125
1790793378.3640459,1,0,840.5849609375,903.09423828125,840.5849609375,664.5720825195312
1790793378.375996,1,0,873.4845581054688,942.57373046875,845.5198974609375,717.21142578125
1790793378.3869805,1,0,873.4845581054688,942.57373046875,845.5198974609375,717.21142578125
1790793378.397794,1,0,873.4845581054688,942.57373046875,845.5198974609375,717.21142578125
1790793378.4092083,1,0,873.4845581054688,942.57373046875,845.5198974609375,717.21142578125
1790793378.4208078,1,0,873.4845581054688,942.57373046875,845.5198974609375,717.21142578125
1790793378.4321165,1,0,834.0050048828125,889.9343872070312,809.330322265625,532.9736328125
1790793378.4433167,1,0,855.3897705078125,837.2949829101562,829.070068359375,480.3342590332031
1790793378.4548566,1,0,898.1592407226562,876.7745361328125,842.2299194335938,611.9326782226562
1790793378.465462,1,0,835.6500244140625,903.09423828125,830.715087890625,506.6539306640625
1790793378.4766214,1,0,903.09423828125,883.3544311523438,838.9400024414062,822.4901733398438
1790793378.4883356,1,0,903.09423828125,883.3544311523438,838.9400024414062,822.4901733398438
1790793378.4992502,1,0,903.09423828125,883.3544311523438,838.9400024414062,822.4901733398438
1790793378.5101728,1,0,903.09423828125,883.3544311523438,838.9400024414062,822.4901733398438
1790793378.5215285,1,0,903.09423828125,883.3544311523438,838.9400024414062,822.4901733398438
1790793378.5331342,1,0,845.5198974609375,817.5552368164062,842.2299194335938,506.6539306640625
1790793378.5442317,1,0,876.7745361328125,863.6146850585938,819.2001953125,743.5311279296875
1790793378.555348,1,0,855.3897705078125,745.1760864257812,820.84521484375,769.850830078125
1790793378.56683,1,0,840.5849609375,797.8154907226562,797.8154907226562,454.01458740234375
1790793378.5779986,1,0,832.3600463867188,771.4957885742188,809.330322265625,690.8917236328125
1790793378.5892773,1,0,875.1295166015625,804.3953857421875,812.6203002929688,796.1704711914062
1790793378.6011906,1,0,838.9400024414062,837.2949829101562,802.7504272460938,559.2933349609375
1790793378.6124642,1,0,843.8749389648438,850.454833984375,799.46044921875,506.6539306640625
1790793378.624042,1,0,861.9697265625,745.1760864257812,806.0403442382812,690.8917236328125
1790793378.635272,1,0,829.070068359375,824.1351318359375,794.5255126953125,743.5311279296875
1790793378.6462212,1,0,829.070068359375,824.1351318359375,794.5255126953125,743.5311279296875
1790793378.6569557,1,0,829.070068359375,824.1351318359375,794.5255126953125,743.5311279296875
1790793378.6678486,1,0,829.070068359375,824.1351318359375,794.5255126953125,743.5311279296875
1790793378.6788979,1,0,829.070068359375,824.1351318359375,794.5255126953125,743.5311279296875
1790793378.6899853,1,0,845.5198974609375,797.8154907226562,786.3005981445312,559.2933349609375
1790793378.7014775,1,0,893.2243041992188,850.454833984375,809.330322265625,743.5311279296875
1790793378.7124739,1,0,875.1295166015625,613.5776977539062,789.590576171875,480.3342590332031
1790793378.723328,1,0,855.3897705078125,468.81939697265625,787.945556640625,532.9736328125
1790793378.7345996,1,0,894.8693237304688,574.09814453125,791.2355346679688,769.850830078125
1790793378.7459877,1,0,894.8693237304688,574.09814453125,791.2355346679688,769.850830078125
1790793378.7573533,1,0,894.8693237304688,574.09814453125,791.2355346679688,769.850830078125
1790793378.7684317,1,0,894.8693237304688,574.09814453125,791.2355346679688,769.850830078125
1790793378.780103,1,0,894.8693237304688,574.09814453125,791.2355346679688,769.850830078125
1790793378.7911134,1,0,894.8693237304688,574.09814453125,791.2355346679688,769.850830078125
1790793378.802337,1,0,888.2893676757812,718.8563842773438,850.454833984375,690.8917236328125
1790793378.8141103,1,0,690.8917236328125,1021.5327758789062,834.0050048828125,480.3342590332031
1790793378.8251672,1,0,532.9736328125,1468.9674072265625,884.9994506835938,356.9607238769531
1790793378.836355,1,0,454.01458740234375,1317.6292724609375,1041.2725830078125,435.9197998046875
1790793378.84772,1,0,430.98486328125,1284.7296142578125,1046.20751953125,541.1985473632812
1790793378.8599727,1,0,430.98486328125,1284.7296142578125,1046.20751953125,541.1985473632812
1790793378.8719347,1,0,430.98486328125,1284.7296142578125,1046.20751953125,541.1985473632812
1790793378.8829174,1,0,430.98486328125,1284.7296142578125,1046.20751953125,541.1985473632812
1790793378.894045,1,0,430.98486328125,1284.7296142578125,1046.20751953125,541.1985473632812
1790793378.9053211,1,0,417.82501220703125,1403.168212890625,1074.172119140625,383.2804260253906
1790793378.9164462,1,0,447.4346618652344,1613.7257080078125,1227.1553955078125,567.5181884765625
1790793378.927404,1,0,447.4346618652344,1613.7257080078125,1227.1553955078125,567.5181884765625
1790793378.9383523,1,0,460.594482421875,1623.5955810546875,1222.2203369140625,330.64105224609375
1790793378.949756,1,0,503.3639831542969,1644.9803466796875,1447.5826416015625,725.4363403320312
1790793378.9608276,1,0,552.71337890625,1648.270263671875,1636.7554931640625,751.7560424804688
1790793378.9723034,1,0,552.71337890625,1648.270263671875,1636.7554931640625,751.7560424804688
1790793378.9832196,1,0,552.71337890625,1648.270263671875,1636.7554931640625,751.7560424804688
1790793378.9953728,1,0,552.71337890625,1648.270263671875,1636.7554931640625,751.7560424804688
1790793379.006715,1,0,552.71337890625,1648.270263671875,1636.7554931640625,751.7560424804688
1790793379.0177953,1,0,575.7431030273438,1646.6253662109375,1664.7200927734375,620.1575927734375
1790793379.0286407,1,0,595.48291015625,1649.915283203125,1646.6253662109375,830.715087890625
1790793379.0400085,1,0,575.7431030273438,1648.270263671875,1653.2052001953125,567.5181884765625
1790793379.0512037,1,0,565.8732299804688,1597.27587890625,1653.2052001953125,593.837890625
1790793379.062811,1,0,602.0628051757812,1375.20361328125,1654.8502197265625,804.3953857421875
1790793379.0746746,1,0,611.9326782226562,1164.6461181640625,1654.8502197265625,778.07568359375
1790793379.085964,1,0,646.477294921875,848.8098754882812,1653.2052001953125,830.715087890625
1790793379.0972083,1,0,646.477294921875,848.8098754882812,1653.2052001953125,830.715087890625
1790793379.1082692,1,0,646.477294921875,848.8098754882812,1653.2052001953125,830.715087890625
1790793379.1202183,1,0,646.477294921875,848.8098754882812,1653.2052001953125,830.715087890625
1790793379.1312642,1,0,646.477294921875,848.8098754882812,1653.2052001953125,830.715087890625
1790793379.1423905,1,0,646.477294921875,848.8098754882812,1653.2052001953125,830.715087890625
1790793379.1537008,1,0,648.1222534179688,1138.326416015625,1653.2052001953125,830.715087890625
1790793379.1644788,1,0,644.832275390625,927.7689208984375,1654.8502197265625,567.5181884765625
1790793379.1754472,1,0,722.1463623046875,972.1834106445312,1653.2052001953125,804.3953857421875
1790793379.1872046,1,0,748.466064453125,682.6668701171875,1653.2052001953125,857.0347290039062
1790793379.1980844,1,0,787.945556640625,551.0684204101562,1653.2052001953125,751.7560424804688
1790793379.2093403,1,0,827.4251098632812,393.1502990722656,1653.2052001953125,935.9938354492188
1790793379.2207806,1,0,827.4251098632812,393.1502990722656,1653.2052001953125,935.9938354492188
1790793379.2314718,1,0,827.4251098632812,393.1502990722656,1653.2052001953125,935.9938354492188
1790793379.243334,1,0,827.4251098632812,393.1502990722656,1653.2052001953125,935.9938354492188
1790793379.2544868,1,0,827.4251098632812,393.1502990722656,1653.2052001953125,935.9938354492188
1790793379.2653701,1,0,827.4251098632812,393.1502990722656,1653.2052001953125,935.9938354492188
1790793379.2767856,1,0,1014.952880859375,182.5928192138672,1199.190673828125,1041.2725830078125
1790793379.288546,1,0,1176.160888671875,103.63375854492188,199.04261779785156,1225.5103759765625
1790793379.2997706,1,0,1126.8115234375,129.9534454345703,251.68199157714844,1146.55126953125
1790793379.311026,1,0,1126.8115234375,129.9534454345703,251.68199157714844,1146.55126953125
1790793379.3224757,1,0,1126.8115234375,129.9534454345703,251.68199157714844,1146.55126953125
1790793379.3332453,1,0,1126.8115234375,129.9534454345703,251.68199157714844,1146.55126953125
1790793379.3442886,1,0,1126.8115234375,129.9534454345703,251.68199157714844,1146.55126953125
1790793379.355548,1,0,1126.8115234375,129.9534454345703,251.68199157714844,1146.55126953125
1790793379.3671167,1,0,1126.8115234375,129.9534454345703,251.68199157714844,1146.55126953125
1790793379.3780403,1,0,1269.9248046875,74.02411651611328,253.32696533203125,1014.952880859375
1790793379.3894477,1,0,1052.7874755859375,82.24901580810547,269.7767639160156,830.715087890625
1790793379.4002385,1,0,1064.30224609375,83.89399719238281,363.5406494140625,1067.59228515625
1790793379.4113986,1,0,1064.30224609375,83.89399719238281,363.5406494140625,1067.59228515625
1790793379.4227617,1,0,1064.30224609375,83.89399719238281,363.5406494140625,1067.59228515625
1790793379.4338663,1,0,1064.30224609375,83.89399719238281,363.5406494140625,1067.59228515625
1790793379.4451761,1,0,1064.30224609375,83.89399719238281,363.5406494140625,1067.59228515625
1790793379.4565802,1,0,1056.077392578125,82.24901580810547,386.57037353515625,830.715087890625
1790793379.4682653,1,0,1052.7874755859375,83.89399719238281,429.3398742675781,1014.952880859375
1790793379.4794352,1,0,1041.2725830078125,27.96466636657715,245.10206604003906,1024.82275390625
1790793379.4906914,1,0,1093.9119873046875,27.96466636657715,378.3454895019531,1024.82275390625
1790793379.5017388,1,0,1001.7930297851562,27.96466636657715,421.1149597167969,972.1834106445312
1790793379.5130923,1,0,1001.7930297851562,27.96466636657715,421.1149597167969,972.1834106445312
1790793379.5241177,1,0,1001.7930297851562,27.96466636657715,421.1149597167969,972.1834106445312
1790793379.5347652,1,0,1001.7930297851562,27.96466636657715,421.1149597167969,972.1834106445312
1790793379.546041,1,0,1001.7930297851562,27.96466636657715,421.1149597167969,972.1834106445312
1790793379.5575552,1,0,988.6331787109375,27.96466636657715,460.594482421875,656.34716796875
1790793379.5683374,1,0,1014.952880859375,31.254627227783203,485.2691955566406,840.5849609375
1790793379.5793438,1,0,962.3134765625,366.83062744140625,583.968017578125,840.5849609375
1790793379.591082,1,0,962.3134765625,366.83062744140625,583.968017578125,840.5849609375
1790793379.6023254,1,0,962.3134765625,366.83062744140625,583.968017578125,840.5849609375
1790793379.6135633,1,0,962.3134765625,366.83062744140625,583.968017578125,840.5849609375
1790793379.6250277,1,0,962.3134765625,366.83062744140625,583.968017578125,840.5849609375
1790793379.635957,1,0,962.3134765625,366.83062744140625,583.968017578125,840.5849609375
1790793379.646849,1,0,857.0347290039062,445.7896728515625,575.7431030273438,735.3062133789062
1790793379.6578968,1,0,541.1985473632812,787.945556640625,595.48291015625,103.63375854492188
1790793379.6693041,1,0,462.2394714355469,1235.3802490234375,575.7431030273438,103.63375854492188
1790793379.680821,1,0,429.3398742675781,1220.575439453125,575.7431030273438,340.51092529296875
1790793379.691904,1,0,435.9197998046875,1472.2574462890625,628.3825073242188,393.1502990722656
1790793379.7028787,1,0,435.9197998046875,1472.2574462890625,628.3825073242188,393.1502990722656
1790793379.7141032,1,0,435.9197998046875,1472.2574462890625,628.3825073242188,393.1502990722656
1790793379.725541,1,0,435.9197998046875,1472.2574462890625,628.3825073242188,393.1502990722656
1790793379.7371778,1,0,435.9197998046875,1472.2574462890625,628.3825073242188,393.1502990722656
1790793379.7485936,1,0,435.9197998046875,1472.2574462890625,628.3825073242188,393.1502990722656
1790793379.7605956,1,0,557.6483154296875,1467.322509765625,1128.45654296875,682.6668701171875
1790793379.7720404,1,0,608.6427001953125,1256.7650146484375,1429.4879150390625,761.6259155273438
1790793379.7830765,1,0,763.2708740234375,1388.3634033203125,1501.8670654296875,972.1834106445312
1790793379.7940476,1,0,801.1054077148438,704.0515747070312,1500.2220458984375,945.8637084960938
1790793379.8056476,1,0,840.5849609375,177.6578826904297,1498.5771484375,787.945556640625
1790793379.8175,1,0,884.9994506835938,677.7318725585938,1498.5771484375,761.6259155273438
1790793379.8282764,1,0,845.5198974609375,1046.20751953125,1498.5771484375,682.6668701171875
1790793379.8399694,1,0,937.6387939453125,783.0106201171875,1498.5771484375,972.1834106445312
1790793379.851729,1,0,937.6387939453125,783.0106201171875,1498.5771484375,972.1834106445312
1790793379.862926,1,0,937.6387939453125,783.0106201171875,1498.5771484375,972.1834106445312
1790793379.8742847,1,0,937.6387939453125,783.0106201171875,1498.5771484375,972.1834106445312
1790793379.885134,1,0,937.6387939453125,783.0106201171875,1498.5771484375,972.1834106445312
1790793379.8959506,1,0,937.6387939453125,783.0106201171875,1498.5771484375,972.1834106445312
1790793379.906954,1,0,937.6387939453125,783.0106201171875,1498.5771484375,972.1834106445312
1790793379.9183204,1,0,911.319091796875,783.0106201171875,1498.5771484375,814.2652587890625
1790793379.9292827,1,0,957.3785400390625,835.6500244140625,1488.7071533203125,919.5440063476562
1790793379.940345,1,0,1075.817138671875,203.97756958007812,1003.43798828125,1051.1424560546875
1790793379.9514213,1,0,1010.0179443359375,440.854736328125,766.5608520507812,1024.82275390625
1790793379.9623888,1,0,1207.41552734375,0.0,556.0033569335938,1130.1014404296875
1790793379.9878135,1,0,1207.41552734375,0.0,556.0033569335938,1130.1014404296875
1790793380.0003324,1,0,1207.41552734375,0.0,556.0033569335938,1130.1014404296875
1790793380.0114455,1,0,1207.41552734375,0.0,556.0033569335938,1130.1014404296875
1790793380.0236642,1,0,1207.41552734375,0.0,556.0033569335938,1130.1014404296875
1790793380.0367303,1,0,1169.5810546875,1339.0140380859375,54.28435134887695,1302.824462890625
1790793380.048714,1,0,1146.55126953125,523.103759765625,184.23779296875,1039.6275634765625
1790793380.060508,1,0,1133.3914794921875,549.4234619140625,212.2024688720703,1250.18505859375
1790793380.0721314,1,0,1133.3914794921875,549.4234619140625,212.2024688720703,1250.18505859375
1790793380.0849721,1,0,1133.3914794921875,549.4234619140625,212.2024688720703,1250.18505859375
1790793380.097492,1,0,1133.3914794921875,549.4234619140625,212.2024688720703,1250.18505859375
1790793380.110037,1,0,1047.8525390625,365.1856384277344,210.55747985839844,960.6685180664062
1790793380.1214395,1,0,1087.33203125,391.50531005859375,212.2024688720703,1250.18505859375
1790793380.1322715,1,0,1064.30224609375,417.82501220703125,212.2024688720703,1039.6275634765625
1790793380.1433828,1,0,1001.7930297851562,1470.6124267578125,212.2024688720703,1223.8653564453125
1790793380.1554122,1,0,1054.432373046875,1371.91357421875,212.2024688720703,1039.6275634765625
1790793380.1664808,1,0,1024.82275390625,1437.7127685546875,212.2024688720703,1276.5047607421875
1790793380.1775723,1,0,1024.82275390625,1437.7127685546875,212.2024688720703,1276.5047607421875
1790793380.1886957,1,0,1024.82275390625,1437.7127685546875,212.2024688720703,1276.5047607421875
1790793380.1995897,1,0,1024.82275390625,1437.7127685546875,212.2024688720703,1276.5047607421875
1790793380.2105868,1,0,1024.82275390625,1437.7127685546875,212.2024688720703,1276.5047607421875
1790793380.2222402,1,0,1008.3729248046875,1444.292724609375,212.2024688720703,1013.307861328125
1790793380.2335799,1,0,975.4733276367188,1437.7127685546875,375.0555114746094,1223.8653564453125
1790793380.2446303,1,0,947.5086669921875,1373.55859375,432.62982177734375,1250.18505859375
1790793380.2557988,1,0,947.5086669921875,1373.55859375,432.62982177734375,1250.18505859375
1790793380.2668533,1,0,947.5086669921875,1373.55859375,432.62982177734375,1250.18505859375
1790793380.2773962,1,0,947.5086669921875,1373.55859375,432.62982177734375,1250.18505859375
1790793380.288308,1,0,947.5086669921875,1373.55859375,432.62982177734375,1250.18505859375
1790793380.299021,1,0,947.5086669921875,1373.55859375,432.62982177734375,1250.18505859375
1790793380.310403,1,0,945.8637084960938,656.34716796875,539.5535278320312,1250.18505859375
1790793380.3214278,1,0,924.4789428710938,347.0908508300781,544.4884643554688,1013.307861328125
1790793380.3325942,1,0,924.4789428710938,347.0908508300781,544.4884643554688,1013.307861328125
1790793380.3437643,1,0,875.1295166015625,236.87716674804688,585.6129760742188,934.3488159179688
1790793380.3552947,1,0,916.2540283203125,263.1968688964844,585.6129760742188,1197.545654296875
1790793380.3663127,1,0,916.2540283203125,263.1968688964844,585.6129760742188,1197.545654296875
1790793380.3782752,1,0,916.2540283203125,263.1968688964844,585.6129760742188,1197.545654296875
1790793380.3898444,1,0,916.2540283203125,263.1968688964844,585.6129760742188,1197.545654296875
1790793380.4013195,1,0,916.2540283203125,263.1968688964844,585.6129760742188,1197.545654296875
1790793380.4128623,1,0,916.2540283203125,263.1968688964844,585.6129760742188,1197.545654296875
1790793380.4243348,1,0,865.2596435546875,394.7952880859375,590.5479125976562,908.0291748046875
1790793380.4359732,1,0,870.194580078125,855.3897705078125,718.8563842773438,908.0291748046875
1790793380.446982,1,0,909.6741333007812,723.7913208007812,740.2411499023438,1144.9063720703125
1790793380.4578538,1,0,909.6741333007812,723.7913208007812,740.2411499023438,1144.9063720703125
1790793380.4686975,1,0,909.6741333007812,723.7913208007812,740.2411499023438,1144.9063720703125
1790793380.4794767,1,0,909.6741333007812,723.7913208007812,740.2411499023438,1144.9063720703125
1790793380.4908907,1,0,909.6741333007812,723.7913208007812,740.2411499023438,1144.9063720703125
1790793380.5021276,1,0,855.3897705078125,539.5535278320312,748.466064453125,881.70947265625
1790793380.5132074,1,0,868.5496215820312,697.4716796875,797.8154907226562,960.6685180664062
1790793380.5243537,1,0,789.590576171875,427.69488525390625,784.6556396484375,881.70947265625
1790793380.5357957,1,0,860.32470703125,42.76948928833008,845.5198974609375,1171.2259521484375
1790793380.5471168,1,0,871.839599609375,82.24901580810547,840.5849609375,1171.2259521484375
1790793380.5585644,1,0,871.839599609375,82.24901580810547,840.5849609375,1171.2259521484375
1790793380.5699358,1,0,871.839599609375,82.24901580810547,840.5849609375,1171.2259521484375
1790793380.5807135,1,0,871.839599609375,82.24901580810547,840.5849609375,1171.2259521484375
1790793380.5923955,1,0,871.839599609375,82.24901580810547,840.5849609375,1171.2259521484375
1790793380.6035292,1,0,796.1704711914062,62.509254455566406,810.9752807617188,908.0291748046875
1790793380.6146333,1,0,868.5496215820312,233.5872039794922,656.34716796875,878.4194946289062
1790793380.6259265,1,0,845.5198974609375,207.26751708984375,661.2821044921875,720.5014038085938
1790793380.6372938,1,0,899.8042602539062,1167.93603515625,700.7615966796875,957.3785400390625
1790793380.6486583,1,0,899.8042602539062,1167.93603515625,700.7615966796875,957.3785400390625
1790793380.6603277,1,0,899.8042602539062,1167.93603515625,700.7615966796875,957.3785400390625
1790793380.6720166,0,0,899.8042602539062,1167.93603515625,700.7615966796875,957.3785400390625
1790793380.6830852,0,0,899.8042602539062,1167.93603515625,700.7615966796875,957.3785400390625
1790793380.694108,0,0,899.8042602539062,1167.93603515625,700.7615966796875,957.3785400390625
1790793380.705188,0,0,899.8042602539062,1167.93603515625,700.7615966796875,957.3785400390625
1790793380.716281,0,0,899.8042602539062,1167.93603515625,700.7615966796875,957.3785400390625
1790793380.7275078,0,0,812.6203002929688,1352.173828125,699.1166381835938,720.5014038085938
1790793380.7385728,0,0,886.6444091796875,1470.6124267578125,705.6965942382812,1010.0179443359375
1790793380.749609,0,0,850.454833984375,1470.6124267578125,656.34716796875,694.1817016601562
1790793380.760894,0,0,804.3953857421875,1496.93212890625,685.956787109375,720.5014038085938
1790793380.772583,0,0,884.9994506835938,1468.9674072265625,722.1463623046875,957.3785400390625
1790793380.7840598,0,0,884.9994506835938,1468.9674072265625,722.1463623046875,957.3785400390625
1790793380.7957458,0,0,884.9994506835938,1468.9674072265625,722.1463623046875,957.3785400390625
1790793380.8063319,0,0,884.9994506835938,1468.9674072265625,722.1463623046875,957.3785400390625
1790793380.816982,0,0,884.9994506835938,1468.9674072265625,722.1463623046875,957.3785400390625
1790793380.8276565,0,0,881.70947265625,1473.90234375,692.5367431640625,799.46044921875
1790793380.8390505,0,0,870.194580078125,1482.1273193359375,699.1166381835938,931.0588989257812
1790793380.8503397,0,0,881.70947265625,1483.772216796875,684.3118286132812,904.7391967773438
1790793380.8620837,0,0,901.44921875,1477.1923828125,704.0515747070312,957.3785400390625
1790793380.87326,0,0,840.5849609375,1480.4822998046875,759.9808959960938,931.0588989257812
1790793380.8842034,0,0,848.8098754882812,1495.287109375,745.1760864257812,983.6982421875
1790793380.895222,0,0,848.8098754882812,1495.287109375,745.1760864257812,983.6982421875
1790793380.9061055,0,0,848.8098754882812,1495.287109375,745.1760864257812,983.6982421875
1790793380.9171689,0,0,848.8098754882812,1495.287109375,745.1760864257812,983.6982421875
1790793380.9283767,0,0,848.8098754882812,1495.287109375,745.1760864257812,983.6982421875
1790793380.9395697,0,0,848.8098754882812,1495.287109375,745.1760864257812,983.6982421875
1790793380.9508777,0,0,806.0403442382812,1480.4822998046875,700.7615966796875,878.4194946289062
1790793380.9619365,0,0,797.8154907226562,1482.1273193359375,778.07568359375,878.4194946289062
1790793380.9729471,0,0,768.205810546875,1445.937744140625,723.7913208007812,852.0997924804688
1790793380.9838493,0,0,840.5849609375,1450.8726806640625,750.1110229492188,1088.9769287109375
1790793380.9949114,0,0,876.7745361328125,1483.772216796875,792.8805541992188,1141.6163330078125
1790793381.0072732,0,0,876.7745361328125,1483.772216796875,792.8805541992188,1141.6163330078125
1790793381.0191367,0,0,876.7745361328125,1483.772216796875,792.8805541992188,1141.6163330078125
1790793381.0305336,0,0,876.7745361328125,1483.772216796875,792.8805541992188,1141.6163330078125
1790793381.0426383,0,0,876.7745361328125,1483.772216796875,792.8805541992188,1141.6163330078125
1790793381.0536647,0,0,850.454833984375,1510.0919189453125,748.466064453125,1088.9769287109375
1790793381.0645342,0,0,880.064453125,1562.7313232421875,764.9158325195312,1062.6573486328125
1790793381.0757873,0,0,912.964111328125,1378.4935302734375,755.0459594726562,1088.9769287109375
1790793381.0871456,0,0,881.70947265625,1510.0919189453125,743.5311279296875,1036.337646484375
1790793381.0989475,0,0,911.319091796875,1457.45263671875,745.1760864257812,1036.337646484375
1790793381.1100898,0,0,911.319091796875,1457.45263671875,745.1760864257812,1036.337646484375
1790793381.1214364,0,0,911.319091796875,1457.45263671875,745.1760864257812,1036.337646484375
1790793381.1331046,0,0,911.319091796875,1457.45263671875,745.1760864257812,1036.337646484375
1790793381.1441834,0,0,911.319091796875,1457.45263671875,745.1760864257812,1036.337646484375
1790793381.155541,0,0,852.0997924804688,1615.3707275390625,733.6612548828125,904.7391967773438
1790793381.166698,0,0,835.6500244140625,1536.41162109375,755.0459594726562,878.4194946289062
1790793381.1782687,0,0,876.7745361328125,1431.1329345703125,736.951171875,852.0997924804688
1790793381.1896942,0,0,855.3897705078125,1357.1087646484375,717.21142578125,983.6982421875
1790793381.2010176,0,0,820.84521484375,1093.9119873046875,667.8619995117188,773.1407470703125
1790793381.2117372,0,0,863.6146850585938,1278.1497802734375,755.0459594726562,799.46044921875
1790793381.2229297,0,0,889.9343872070312,1014.952880859375,713.9214477539062,878.4194946289062
1790793381.2339933,0,0,865.2596435546875,1041.2725830078125,717.21142578125,799.46044921875
1790793381.2452483,0,0,865.2596435546875,1041.2725830078125,717.21142578125,799.46044921875
1790793381.2559297,0,0,865.2596435546875,1041.2725830078125,717.21142578125,799.46044921875
1790793381.2666957,0,0,865.2596435546875,1041.2725830078125,717.21142578125,799.46044921875
1790793381.2784598,0,0,865.2596435546875,1041.2725830078125,717.21142578125,799.46044921875
1790793381.289929,0,0,865.2596435546875,1041.2725830078125,717.21142578125,799.46044921875
1790793381.3012886,0,0,901.44921875,1172.8709716796875,727.081298828125,878.4194946289062
1790793381.3123713,0,0,852.0997924804688,1120.2315673828125,746.8211059570312,615.22265625
1790793381.3239439,0,0,838.9400024414062,962.3134765625,766.5608520507812,773.1407470703125
1790793381.3349545,0,0,894.8693237304688,857.0347290039062,710.6315307617188,878.4194946289062
1790793381.3461294,0,0,901.44921875,962.3134765625,733.6612548828125,852.0997924804688
1790793381.3576298,0,0,901.44921875,962.3134765625,733.6612548828125,852.0997924804688
1790793381.369116,0,0,901.44921875,962.3134765625,733.6612548828125,852.0997924804688
1790793381.38052,0,0,901.44921875,962.3134765625,733.6612548828125,852.0997924804688
1790793381.3921318,0,0,901.44921875,962.3134765625,733.6612548828125,852.0997924804688
1790793381.403161,0,0,880.064453125,883.3544311523438,799.46044921875,667.8619995117188
1790793381.4141216,0,0,852.0997924804688,804.3953857421875,746.8211059570312,720.5014038085938
1790793381.4252071,0,0,830.715087890625,830.715087890625,728.726318359375,773.1407470703125
1790793381.436324,0,0,873.4845581054688,830.715087890625,753.4010009765625,773.1407470703125
1790793381.447681,0,0,873.4845581054688,830.715087890625,753.4010009765625,773.1407470703125
1790793381.4589016,0,0,873.4845581054688,830.715087890625,753.4010009765625,773.1407470703125
1790793381.4702532,0,0,873.4845581054688,830.715087890625,753.4010009765625,773.1407470703125
1790793381.4809036,0,0,873.4845581054688,830.715087890625,753.4010009765625,773.1407470703125
1790793381.4921894,0,0,873.4845581054688,830.715087890625,753.4010009765625,773.1407470703125
1790793381.5034268,0,0,873.4845581054688,830.715087890625,753.4010009765625,773.1407470703125
1790793381.5143719,0,0,868.5496215820312,883.3544311523438,764.9158325195312,641.5423583984375
1790793381.5251565,0,0,825.7801513671875,751.7560424804688,784.6556396484375,773.1407470703125
1790793381.536768,0,0,845.5198974609375,857.0347290039062,751.7560424804688,588.9029541015625
1790793381.5476894,0,0,857.0347290039062,778.07568359375,740.2411499023438,641.5423583984375
1790793381.5588613,0,0,873.4845581054688,830.715087890625,792.8805541992188,799.46044921875
1790793381.5703416,0,0,876.7745361328125,778.07568359375,741.8861083984375,825.7801513671875
1790793381.5811214,0,0,876.7745361328125,778.07568359375,741.8861083984375,825.7801513671875
1790793381.5918748,0,0,876.7745361328125,778.07568359375,741.8861083984375,825.7801513671875
1790793381.6039002,0,0,876.7745361328125,778.07568359375,741.8861083984375,825.7801513671875
1790793381.6148717,0,0,876.7745361328125,778.07568359375,741.8861083984375,825.7801513671875
1790793381.6260326,0,0,876.7745361328125,778.07568359375,741.8861083984375,825.7801513671875
1790793381.637465,0,0,870.194580078125,646.477294921875,736.951171875,746.8211059570312
1790793381.6489398,0,0,830.715087890625,778.07568359375,761.6259155273438,746.8211059570312
1790793381.6608012,0,0,896.5142822265625,778.07568359375,748.466064453125,825.7801513671875
1790793381.6725311,0,0,896.5142822265625,778.07568359375,748.466064453125,825.7801513671875
1790793381.6831803,0,0,896.5142822265625,778.07568359375,748.466064453125,825.7801513671875
1790793381.6939604,0,0,896.5142822265625,778.07568359375,748.466064453125,825.7801513671875
1790793381.7048569,0,0,896.5142822265625,778.07568359375,748.466064453125,825.7801513671875
1790793381.7163296,0,0,876.7745361328125,804.3953857421875,758.3359375,694.1817016601562
1790793381.7274926,0,0,832.3600463867188,807.6853637695312,776.4307250976562,667.8619995117188
1790793381.7385838,0,0,843.8749389648438,735.3062133789062,791.2355346679688,667.8619995117188
1790793381.7497246,0,0,868.5496215820312,857.0347290039062,825.7801513671875,852.0997924804688
1790793381.760933,0,0,845.5198974609375,1141.6163330078125,792.8805541992188,891.579345703125
1790793381.7719214,0,0,878.4194946289062,1141.6163330078125,799.46044921875,891.579345703125
1790793381.7832417,0,0,878.4194946289062,1141.6163330078125,799.46044921875,891.579345703125
1790793381.794314,0,0,878.4194946289062,1141.6163330078125,799.46044921875,891.579345703125
1790793381.8050354,0,0,878.4194946289062,1141.6163330078125,799.46044921875,891.579345703125
1790793381.8162541,0,0,878.4194946289062,1141.6163330078125,799.46044921875,891.579345703125
1790793381.827623,0,0,819.2001953125,904.7391967773438,789.590576171875,707.341552734375
1790793381.838919,0,0,875.1295166015625,931.0588989257812,779.720703125,891.579345703125
1790793381.8500338,0,0,889.9343872070312,1115.296630859375,812.6203002929688,865.2596435546875
1790793381.861355,0,0,889.9343872070312,1115.296630859375,812.6203002929688,865.2596435546875
1790793381.8727946,0,0,889.9343872070312,1115.296630859375,812.6203002929688,865.2596435546875
1790793381.8834088,0,0,889.9343872070312,1115.296630859375,812.6203002929688,865.2596435546875
1790793381.8940523,0,0,889.9343872070312,1115.296630859375,812.6203002929688,865.2596435546875
1790793381.9049413,0,0,868.5496215820312,1036.337646484375,802.7504272460938,707.341552734375
1790793381.9158263,0,0,837.2949829101562,1141.6163330078125,778.07568359375,759.9808959960938
1790793381.9272995,0,0,906.3841552734375,1246.8951416015625,852.0997924804688,865.2596435546875
1790793381.9383786,0,0,853.7448120117188,1108.716796875,807.6853637695312,681.0218505859375
1790793381.9494202,0,0,870.194580078125,1210.70556640625,829.070068359375,917.8990478515625
1790793381.9604137,0,0,888.2893676757812,1190.9658203125,784.6556396484375,891.579345703125
1790793381.9712706,0,0,888.2893676757812,1190.9658203125,784.6556396484375,891.579345703125
1790793381.9821537,0,0,888.2893676757812,1190.9658203125,784.6556396484375,891.579345703125
1790793381.9933608,0,0,888.2893676757812,1190.9658203125,784.6556396484375,891.579345703125
1790793382.0041273,1,0,888.2893676757812,1190.9658203125,784.6556396484375,891.579345703125
1790793382.0153909,1,0,838.9400024414062,957.3785400390625,779.720703125,865.2596435546875
1790793382.0270658,1,0,880.064453125,1220.575439453125,797.8154907226562,812.6203002929688
1790793382.038629,1,0,922.833984375,1036.337646484375,824.1351318359375,891.579345703125
1790793382.0499349,1,0,881.70947265625,1049.4974365234375,802.7504272460938,865.2596435546875
1790793382.0608366,1,0,881.70947265625,1049.4974365234375,802.7504272460938,865.2596435546875
1790793382.0723586,1,0,881.70947265625,1049.4974365234375,802.7504272460938,865.2596435546875
1790793382.083252,1,0,881.70947265625,1049.4974365234375,802.7504272460938,865.2596435546875
1790793382.0951543,1,0,881.70947265625,1049.4974365234375,802.7504272460938,865.2596435546875
1790793382.1064858,1,0,881.70947265625,1049.4974365234375,802.7504272460938,865.2596435546875
1790793382.1176927,1,0,870.194580078125,1052.7874755859375,822.4901733398438,865.2596435546875
1790793382.1289957,1,0,904.7391967773438,947.5086669921875,819.2001953125,759.9808959960938
1790793382.139991,1,0,889.9343872070312,967.2484130859375,814.2652587890625,786.3005981445312
1790793382.150586,1,0,738.59619140625,940.9287719726562,814.2652587890625,549.4234619140625
1790793382.1615994,1,0,669.5070190429688,1059.3673095703125,789.590576171875,628.3825073242188
1790793382.1726897,1,0,669.5070190429688,1059.3673095703125,789.590576171875,628.3825073242188
1790793382.1839168,1,0,669.5070190429688,1059.3673095703125,789.590576171875,628.3825073242188
1790793382.1957417,1,0,669.5070190429688,1059.3673095703125,789.590576171875,628.3825073242188
1790793382.206478,1,0,669.5070190429688,1059.3673095703125,789.590576171875,628.3825073242188
1790793382.2177413,1,0,669.5070190429688,1059.3673095703125,789.590576171875,628.3825073242188
1790793382.2287154,1,0,639.8973388671875,1033.047607421875,834.0050048828125,444.1446838378906
1790793382.239741,1,0,636.607421875,993.568115234375,778.07568359375,523.103759765625
1790793382.2504494,1,0,679.3768920898438,1019.8878173828125,804.3953857421875,681.0218505859375
1790793382.2615933,1,0,791.2355346679688,1072.5272216796875,814.2652587890625,733.6612548828125
1790793382.2728257,1,0,942.57373046875,1019.8878173828125,812.6203002929688,812.6203002929688
1790793382.2842655,1,0,1001.7930297851562,1125.16650390625,810.9752807617188,917.8990478515625
1790793382.295082,1,0,1001.7930297851562,1125.16650390625,810.9752807617188,917.8990478515625
1790793382.306468,1,0,1001.7930297851562,1125.16650390625,810.9752807617188,917.8990478515625
1790793382.3170826,1,0,1001.7930297851562,1125.16650390625,810.9752807617188,917.8990478515625
1790793382.3280902,1,0,1001.7930297851562,1125.16650390625,810.9752807617188,917.8990478515625
1790793382.3392773,1,0,1001.7930297851562,1125.16650390625,810.9752807617188,917.8990478515625
1790793382.3502085,1,0,1001.7930297851562,1125.16650390625,810.9752807617188,917.8990478515625
1790793382.3755786,1,0,1018.2428588867188,1019.8878173828125,781.3656616210938,786.3005981445312
1790793382.3933926,1,0,1018.2428588867188,1019.8878173828125,781.3656616210938,786.3005981445312
1790793382.405919,1,0,1046.20751953125,944.2186889648438,786.3005981445312,865.2596435546875
1790793382.4177547,1,0,986.9882202148438,967.2484130859375,736.951171875,838.9400024414062
1790793382.4300115,1,0,1036.337646484375,1092.2669677734375,768.205810546875,786.3005981445312
1790793382.444495,1,0,1036.337646484375,1092.2669677734375,768.205810546875,786.3005981445312
1790793382.4576175,1,0,996.8580932617188,883.3544311523438,710.6315307617188,855.3897705078125
1790793382.4698014,1,0,972.1834106445312,738.59619140625,717.21142578125,881.70947265625
1790793382.4844806,1,0,1006.7279663085938,830.715087890625,763.2708740234375,1013.307861328125
1790793382.4957905,1,0,1006.7279663085938,830.715087890625,763.2708740234375,1013.307861328125
1790793382.5069134,1,0,1006.7279663085938,830.715087890625,763.2708740234375,1013.307861328125
1790793382.5183146,1,0,1006.7279663085938,830.715087890625,763.2708740234375,1013.307861328125
1790793382.529856,1,0,1010.0179443359375,685.956787109375,736.951171875,908.0291748046875
1790793382.5413668,1,0,973.828369140625,830.715087890625,807.6853637695312,960.6685180664062
1790793382.5524683,1,0,993.568115234375,699.1166381835938,761.6259155273438,1013.307861328125
1790793382.5636516,1,0,993.568115234375,699.1166381835938,761.6259155273438,1013.307861328125
1790793382.5764203,1,0,993.568115234375,699.1166381835938,761.6259155273438,1013.307861328125
1790793382.5884445,1,0,908.0291748046875,830.715087890625,794.5255126953125,934.3488159179688
1790793382.5997636,1,0,940.9287719726562,704.0515747070312,773.1407470703125,986.9882202148438
1790793382.6109123,1,0,924.4789428710938,704.0515747070312,812.6203002929688,776.4307250976562
1790793382.622284,1,0,935.9938354492188,835.6500244140625,810.9752807617188,881.70947265625
1790793382.6337986,1,0,932.703857421875,861.9697265625,787.945556640625,908.0291748046875
1790793382.6447928,1,0,932.703857421875,861.9697265625,787.945556640625,908.0291748046875
1790793382.6555493,1,0,932.703857421875,861.9697265625,787.945556640625,908.0291748046875
1790793382.667299,1,0,932.703857421875,861.9697265625,787.945556640625,908.0291748046875
1790793382.678404,1,0,932.703857421875,861.9697265625,787.945556640625,908.0291748046875
1790793382.6898913,1,0,932.703857421875,861.9697265625,787.945556640625,908.0291748046875
1790793382.7015226,1,0,889.9343872070312,861.9697265625,774.7857666015625,881.70947265625
1790793382.7128956,1,0,916.2540283203125,783.0106201171875,784.6556396484375,776.4307250976562
1790793382.7245913,1,0,891.579345703125,914.6090698242188,789.590576171875,802.7504272460938
1790793382.7355154,1,0,863.6146850585938,914.6090698242188,812.6203002929688,697.4716796875
1790793382.7466006,1,0,863.6146850585938,914.6090698242188,812.6203002929688,697.4716796875
1790793382.7578986,1,0,863.6146850585938,914.6090698242188,812.6203002929688,697.4716796875
1790793382.7689726,1,0,863.6146850585938,914.6090698242188,812.6203002929688,697.4716796875
1790793382.7800426,1,0,863.6146850585938,914.6090698242188,812.6203002929688,697.4716796875
1790793382.791339,1,0,810.9752807617188,914.6090698242188,853.7448120117188,618.5126342773438
1790793382.8022912,1,0,881.70947265625,993.568115234375,825.7801513671875,592.1929321289062
1790793382.8133056,1,0,866.9046630859375,861.9697265625,819.2001953125,618.5126342773438
1790793382.824456,1,0,850.454833984375,888.2893676757812,783.0106201171875,618.5126342773438
1790793382.836017,1,0,896.5142822265625,1046.20751953125,848.8098754882812,776.4307250976562
1790793382.8471253,1,0,896.5142822265625,1046.20751953125,848.8098754882812,776.4307250976562
1790793382.8580632,1,0,896.5142822265625,1046.20751953125,848.8098754882812,776.4307250976562
1790793382.8690634,1,0,896.5142822265625,1046.20751953125,848.8098754882812,776.4307250976562
1790793382.880467,1,0,896.5142822265625,1046.20751953125,848.8098754882812,776.4307250976562
1790793382.8915496,1,0,919.5440063476562,1019.8878173828125,858.6797485351562,855.3897705078125
1790793382.9029906,1,0,860.32470703125,1019.8878173828125,829.070068359375,697.4716796875
1790793382.9144914,1,0,896.5142822265625,1046.20751953125,838.9400024414062,671.1519775390625
1790793382.925624,1,0,820.84521484375,809.330322265625,843.8749389648438,792.8805541992188
1790793382.9371474,1,0,863.6146850585938,651.4122314453125,834.0050048828125,871.839599609375
1790793382.9479053,1,0,863.6146850585938,651.4122314453125,834.0050048828125,871.839599609375
1790793382.959327,1,0,866.9046630859375,835.6500244140625,855.3897705078125,845.5198974609375
1790793382.9706187,1,0,866.9046630859375,835.6500244140625,855.3897705078125,845.5198974609375
1790793382.9819984,1,0,866.9046630859375,835.6500244140625,855.3897705078125,845.5198974609375
1790793382.993439,1,0,866.9046630859375,835.6500244140625,855.3897705078125,845.5198974609375
1790793383.0048656,1,0,824.1351318359375,783.0106201171875,825.7801513671875,766.5608520507812
1790793383.015973,1,0,835.6500244140625,835.6500244140625,871.839599609375,687.601806640625
1790793383.027131,1,0,848.8098754882812,783.0106201171875,881.70947265625,845.5198974609375
1790793383.0379639,1,0,638.2523803710938,1019.8878173828125,891.579345703125,529.6836547851562
1790793383.0491276,1,0,493.4941101074219,1362.043701171875,970.5383911132812,424.4049377441406
1790793383.060043,1,0,493.4941101074219,1362.043701171875,970.5383911132812,424.4049377441406
1790793383.07124,1,0,493.4941101074219,1362.043701171875,970.5383911132812,424.4049377441406
1790793383.0822442,1,0,493.4941101074219,1362.043701171875,970.5383911132812,424.4049377441406
1790793383.0939243,1,0,427.69488525390625,1467.322509765625,986.9882202148438,345.44586181640625
1790793383.1051543,1,0,388.2153625488281,1414.68310546875,1013.307861328125,134.8883819580078
1790793383.115989,1,0,361.8956604003906,1414.68310546875,1026.4677734375,134.8883819580078
1790793383.127361,1,0,427.69488525390625,842.2299194335938,1487.062255859375,161.20806884765625
1790793383.139221,1,0,514.8788452148438,368.4755859375,1468.9674072265625,371.76556396484375
1790793383.1502943,1,0,514.8788452148438,368.4755859375,1468.9674072265625,371.76556396484375
1790793383.161832,1,0,514.8788452148438,368.4755859375,1468.9674072265625,371.76556396484375
1790793383.1730685,1,0,514.8788452148438,368.4755859375,1468.9674072265625,371.76556396484375
1790793383.183817,1,0,514.8788452148438,368.4755859375,1468.9674072265625,371.76556396484375
1790793383.195328,1,0,514.8788452148438,368.4755859375,1468.9674072265625,371.76556396484375
1790793383.2388577,1,0,539.5535278320312,947.5086669921875,1482.1273193359375,319.1261901855469
1790793383.2499156,1,0,671.1519775390625,789.590576171875,1487.062255859375,477.0443115234375
1790793383.261084,1,0,825.7801513671875,1184.3858642578125,1488.7071533203125,819.2001953125
1790793383.2723055,1,0,825.7801513671875,1184.3858642578125,1488.7071533203125,819.2001953125
1790793383.2829757,1,0,825.7801513671875,1184.3858642578125,1488.7071533203125,819.2001953125
1790793383.2941957,1,0,825.7801513671875,1184.3858642578125,1488.7071533203125,819.2001953125
1790793383.3053792,1,0,908.0291748046875,736.951171875,1488.7071533203125,924.4789428710938
1790793383.3163223,1,0,934.3488159179688,579.0330810546875,1447.5826416015625,924.4789428710938
1790793383.3273869,1,0,1204.1256103515625,184.23779296875,1031.4027099609375,1371.91357421875
1790793383.3388517,1,0,1223.8653564453125,236.87716674804688,1013.307861328125,1345.5938720703125
1790793383.350337,1,0,1223.8653564453125,236.87716674804688,1013.307861328125,1345.5938720703125
1790793383.3611639,1,0,1223.8653564453125,236.87716674804688,1013.307861328125,1345.5938720703125
1790793383.3719869,1,0,1223.8653564453125,236.87716674804688,1013.307861328125,1345.5938720703125
1790793383.3828254,1,0,1223.8653564453125,236.87716674804688,1013.307861328125,1345.5938720703125
1790793383.3938103,1,0,1184.3858642578125,0.0,834.0050048828125,1161.3560791015625
1790793383.405408,1,0,1138.326416015625,78.95905303955078,623.4475708007812,1292.95458984375
1790793383.4165878,1,0,1309.404296875,26.319684982299805,597.1278686523438,1292.95458984375
1790793383.427482,1,0,1256.7650146484375,0.0,702.4066162109375,1213.9954833984375
1790793383.438942,1,0,1322.564208984375,29.60964584350586,590.5479125976562,1292.95458984375
1790793383.450126,1,0,1296.2445068359375,24.674705505371094,583.968017578125,1319.2742919921875
1790793383.4619858,1,0,1296.2445068359375,24.674705505371094,583.968017578125,1319.2742919921875
1790793383.4731126,1,0,1296.2445068359375,24.674705505371094,583.968017578125,1319.2742919921875
1790793383.4839761,1,0,1296.2445068359375,24.674705505371094,583.968017578125,1319.2742919921875
1790793383.4953437,1,0,1296.2445068359375,24.674705505371094,583.968017578125,1319.2742919921875
1790793383.506487,1,0,1296.2445068359375,24.674705505371094,583.968017578125,1319.2742919921875
1790793383.5178583,1,0,1042.91748046875,24.674705505371094,506.6539306640625,1037.9825439453125
1790793383.5287447,1,0,1102.1368408203125,27.96466636657715,547.7784423828125,1011.6629028320312
1790793383.539797,1,0,1049.4974365234375,27.96466636657715,534.6185913085938,1064.30224609375
1790793383.5509317,1,0,1049.4974365234375,27.96466636657715,534.6185913085938,1064.30224609375
1790793383.5617452,1,0,1049.4974365234375,27.96466636657715,534.6185913085938,1064.30224609375
1790793383.5732367,1,0,1049.4974365234375,27.96466636657715,534.6185913085938,1064.30224609375
1790793383.5847757,1,0,1049.4974365234375,27.96466636657715,534.6185913085938,1064.30224609375
1790793383.5962799,1,0,1093.9119873046875,26.319684982299805,603.707763671875,1116.941650390625
1790793383.6075735,1,0,1001.7930297851562,27.96466636657715,539.5535278320312,853.7448120117188
1790793383.6188426,1,0,1014.952880859375,712.2764892578125,560.9382934570312,985.3432006835938
1790793383.6299024,1,0,929.4138793945312,949.1536865234375,531.3286743164062,853.7448120117188
1790793383.6412363,1,0,955.7335815429688,1028.1126708984375,513.23388671875,853.7448120117188
1790793383.652448,1,0,955.7335815429688,1028.1126708984375,513.23388671875,853.7448120117188
1790793383.6633961,1,0,955.7335815429688,1028.1126708984375,513.23388671875,853.7448120117188
1790793383.674316,1,0,955.7335815429688,1028.1126708984375,513.23388671875,853.7448120117188
1790793383.6853964,1,0,955.7335815429688,1028.1126708984375,513.23388671875,853.7448120117188
1790793383.696034,1,0,955.7335815429688,1028.1126708984375,513.23388671875,853.7448120117188
1790793383.7074203,1,0,955.7335815429688,1028.1126708984375,513.23388671875,853.7448120117188
1790793383.718841,1,0,955.7335815429688,1028.1126708984375,513.23388671875,853.7448120117188
1790793383.7299137,1,0,914.6090698242188,1001.7930297851562,583.968017578125,748.466064453125
1790793383.7408547,1,0,924.4789428710938,1080.7520751953125,580.6780395507812,827.4251098632812
1790793383.7522433,1,0,898.1592407226562,949.1536865234375,631.6724243164062,748.466064453125
1790793383.7633138,1,0,852.0997924804688,935.9938354492188,631.6724243164062,695.82666015625
1790793383.7745135,1,0,944.2186889648438,935.9938354492188,644.832275390625,827.4251098632812
1790793383.7860544,1,0,944.2186889648438,935.9938354492188,644.832275390625,827.4251098632812
1790793383.797537,1,0,944.2186889648438,935.9938354492188,644.832275390625,827.4251098632812
1790793383.8091142,1,0,944.2186889648438,935.9938354492188,644.832275390625,827.4251098632812
1790793383.8201807,1,0,944.2186889648438,935.9938354492188,644.832275390625,827.4251098632812
1790793383.8310525,1,0,898.1592407226562,949.1536865234375,657.9921264648438,774.7857666015625
1790793383.842063,1,0,549.4234619140625,1258.409912109375,738.59619140625,485.2691955566406
1790793383.8527465,1,0,375.0555114746094,1511.7369384765625,863.6146850585938,248.39202880859375
1790793383.8634727,1,0,328.9960632324219,1498.5771484375,968.8934326171875,248.39202880859375
1790793383.8741615,1,0,345.44586181640625,1498.5771484375,1034.692626953125,195.75265502929688
1790793383.88515,1,0,345.44586181640625,1498.5771484375,1034.692626953125,195.75265502929688
1790793383.8960886,1,0,345.44586181640625,1498.5771484375,1034.692626953125,195.75265502929688
1790793383.907201,1,0,345.44586181640625,1498.5771484375,1034.692626953125,195.75265502929688
1790793383.9187055,1,0,375.0555114746094,1488.7071533203125,1051.1424560546875,116.7936019897461
1790793383.9295073,1,0,345.44586181640625,1501.8670654296875,1061.0123291015625,222.0723419189453
1790793383.9405951,1,0,342.1559143066406,531.3286743164062,1051.1424560546875,327.35107421875
1790793383.9519818,1,0,411.2450866699219,347.0908508300781,1235.3802490234375,353.6707763671875
1790793383.9630787,1,0,490.2041320800781,426.0498962402344,1538.056640625,616.8676147460938
1790793383.974507,1,0,610.2877197265625,952.443603515625,1567.666259765625,827.4251098632812
1790793383.9858406,1,0,610.2877197265625,952.443603515625,1567.666259765625,827.4251098632812
1790793383.996542,1,0,610.2877197265625,952.443603515625,1567.666259765625,827.4251098632812
1790793384.0076962,1,0,610.2877197265625,952.443603515625,1567.666259765625,827.4251098632812
1790793384.0188518,1,0,610.2877197265625,952.443603515625,1567.666259765625,827.4251098632812
1790793384.0299492,1,0,610.2877197265625,952.443603515625,1567.666259765625,827.4251098632812
1790793384.0411997,1,0,638.2523803710938,268.1318054199219,1605.5008544921875,722.1463623046875
1790793384.0524137,1,0,838.9400024414062,368.4755859375,1264.9898681640625,959.0235595703125
1790793384.0634565,1,0,878.4194946289062,447.4346618652344,1159.711181640625,1011.6629028320312
1790793384.0749173,1,0,878.4194946289062,447.4346618652344,1159.711181640625,1011.6629028320312
1790793384.0862646,1,0,878.4194946289062,447.4346618652344,1159.711181640625,1011.6629028320312
1790793384.0973015,1,0,878.4194946289062,447.4346618652344,1159.711181640625,1011.6629028320312
1790793384.1085398,1,0,878.4194946289062,447.4346618652344,1159.711181640625,1011.6629028320312
1790793384.1198523,1,0,878.4194946289062,447.4346618652344,1159.711181640625,1011.6629028320312
1790793384.1312175,1,0,1056.077392578125,552.71337890625,1087.33203125,1248.5400390625
1790793384.142358,1,0,1080.7520751953125,297.741455078125,1062.6573486328125,1072.5272216796875
1790793384.1537337,1,0,1126.8115234375,8.224902153015137,957.3785400390625,1125.16650390625
1790793384.1648026,1,0,1100.4918212890625,8.224902153015137,904.7391967773438,1204.1256103515625
1790793384.175952,1,0,1100.4918212890625,8.224902153015137,904.7391967773438,1204.1256103515625
1790793384.1871977,1,0,1100.4918212890625,8.224902153015137,904.7391967773438,1204.1256103515625
1790793384.198442,1,0,1100.4918212890625,8.224902153015137,904.7391967773438,1204.1256103515625
1790793384.2099102,1,0,1100.4918212890625,8.224902153015137,904.7391967773438,1204.1256103515625
1790793384.221156,1,0,1126.8115234375,60.86427307128906,799.46044921875,1098.846923828125
1790793384.2323706,1,0,1010.0179443359375,1.6449803113937378,759.9808959960938,1151.4862060546875
1790793384.2436652,1,0,1102.1368408203125,14.80482292175293,546.1334838867188,1125.16650390625
1790793384.255353,1,0,1034.692626953125,768.205810546875,473.75433349609375,1019.8878173828125
1790793384.2662404,1,0,1034.692626953125,768.205810546875,473.75433349609375,1019.8878173828125
1790793384.2772298,1,0,1034.692626953125,768.205810546875,473.75433349609375,1019.8878173828125
1790793384.2882826,1,0,1034.692626953125,768.205810546875,473.75433349609375,1019.8878173828125
1790793384.299481,1,0,1034.692626953125,768.205810546875,473.75433349609375,1019.8878173828125
1790793384.3107438,1,0,1018.2428588867188,866.9046630859375,447.4346618652344,888.2893676757812
1790793384.3217604,1,0,939.2837524414062,1610.435791015625,458.94952392578125,993.568115234375
1790793384.332939,1,0,950.7986450195312,1636.7554931640625,541.1985473632812,1019.8878173828125
1790793384.3442485,1,0,968.8934326171875,1626.885498046875,519.8137817382812,993.568115234375
1790793384.355684,1,0,983.6982421875,1618.66064453125,488.5591735839844,1177.805908203125
1790793384.36666,1,0,959.0235595703125,1618.66064453125,528.0386962890625,1098.846923828125
1790793384.3774812,1,0,959.0235595703125,1618.66064453125,528.0386962890625,1098.846923828125
1790793384.3893633,1,0,959.0235595703125,1618.66064453125,528.0386962890625,1098.846923828125
1790793384.4009204,1,0,959.0235595703125,1618.66064453125,528.0386962890625,1098.846923828125
1790793384.411992,1,0,959.0235595703125,1618.66064453125,528.0386962890625,1098.846923828125
1790793384.422994,1,0,919.5440063476562,1618.66064453125,539.5535278320312,1125.16650390625
1790793384.4341388,1,0,888.2893676757812,1618.66064453125,496.7840576171875,1046.20751953125
1790793384.4457786,1,0,909.6741333007812,1618.66064453125,505.00897216796875,1072.5272216796875
1790793384.4575088,1,0,909.6741333007812,1618.66064453125,505.00897216796875,1072.5272216796875
1790793384.468117,1,0,909.6741333007812,1618.66064453125,505.00897216796875,1072.5272216796875
1790793384.4791837,1,0,909.6741333007812,1618.66064453125,505.00897216796875,1072.5272216796875
1790793384.4901779,1,0,909.6741333007812,1618.66064453125,505.00897216796875,1072.5272216796875
1790793384.501055,1,0,909.6741333007812,1618.66064453125,505.00897216796875,1072.5272216796875
1790793384.5129302,1,0,891.579345703125,1617.015625,546.1334838867188,1019.8878173828125
1790793384.5241866,1,0,855.3897705078125,1618.66064453125,570.8081665039062,1046.20751953125
1790793384.5355875,1,0,870.194580078125,1618.66064453125,628.3825073242188,1072.5272216796875
1790793384.5470204,1,0,824.1351318359375,1613.7257080078125,684.3118286132812,1046.20751953125
1790793384.55841,1,0,876.7745361328125,1617.015625,677.7318725585938,1046.20751953125
1790793384.569247,1,0,876.7745361328125,1617.015625,677.7318725585938,1046.20751953125
1790793384.580391,1,0,876.7745361328125,1617.015625,677.7318725585938,1046.20751953125
1790793384.591405,1,0,876.7745361328125,1617.015625,677.7318725585938,1046.20751953125
1790793384.6024992,1,0,876.7745361328125,1617.015625,677.7318725585938,1046.20751953125
1790793384.6139405,1,0,876.7745361328125,1617.015625,677.7318725585938,1046.20751953125
1790793384.6253624,1,0,838.9400024414062,1590.696044921875,727.081298828125,914.6090698242188
1790793384.6368012,1,0,812.6203002929688,1617.015625,810.9752807617188,914.6090698242188
1790793384.647864,1,0,835.6500244140625,1598.9208984375,736.951171875,940.9287719726562
1790793384.6590798,1,0,830.715087890625,1598.9208984375,764.9158325195312,940.9287719726562
1790793384.6700215,1,0,830.715087890625,1607.145751953125,781.3656616210938,1072.5272216796875
1790793384.6812341,1,0,830.715087890625,1607.145751953125,781.3656616210938,1072.5272216796875
1790793384.692271,1,0,830.715087890625,1607.145751953125,781.3656616210938,1072.5272216796875
1790793384.7038505,1,0,830.715087890625,1607.145751953125,781.3656616210938,1072.5272216796875
1790793384.7148938,1,0,830.715087890625,1607.145751953125,781.3656616210938,1072.5272216796875
1790793384.7254841,1,0,845.5198974609375,1575.89111328125,802.7504272460938,1046.20751953125
1790793384.7369943,1,0,855.3897705078125,1636.7554931640625,732.0162353515625,720.5014038085938
1790793384.7481782,1,0,815.9102783203125,1557.79638671875,715.5664672851562,720.5014038085938
1790793384.7591891,1,0,852.0997924804688,1505.156982421875,746.8211059570312,667.8619995117188
1790793384.7704115,1,0,884.9994506835938,1334.0791015625,720.5014038085938,773.1407470703125
1790793384.7813087,0,0,853.7448120117188,1281.439697265625,764.9158325195312,694.1817016601562
1790793384.792349,0,0,926.1239624023438,1281.439697265625,722.1463623046875,904.7391967773438
1790793384.816659,0,0,807.6853637695312,1255.1199951171875,758.3359375,746.8211059570312
1790793384.8289723,0,0,906.3841552734375,1413.0380859375,763.2708740234375,931.0588989257812
1790793384.8404076,0,0,906.3841552734375,1413.0380859375,763.2708740234375,931.0588989257812
1790793384.85193,0,0,906.3841552734375,1413.0380859375,763.2708740234375,931.0588989257812
1790793384.863233,0,0,880.064453125,1334.0791015625,738.59619140625,799.46044921875
1790793384.8742943,0,0,853.7448120117188,1281.439697265625,736.951171875,825.7801513671875
1790793384.8855994,0,0,827.4251098632812,1307.7593994140625,774.7857666015625,773.1407470703125
1790793384.896887,0,0,802.7504272460938,1307.7593994140625,792.8805541992188,799.46044921875
1790793384.9083574,0,0,852.0997924804688,1149.84130859375,756.6909790039062,931.0588989257812
1790793384.9202085,0,0,866.9046630859375,1228.80029296875,751.7560424804688,825.7801513671875
1790793384.9327881,0,0,866.9046630859375,1228.80029296875,751.7560424804688,825.7801513671875
1790793384.944295,0,0,866.9046630859375,1228.80029296875,751.7560424804688,825.7801513671875
1790793384.9559164,0,0,866.9046630859375,1228.80029296875,751.7560424804688,825.7801513671875
1790793384.9669409,0,0,866.9046630859375,1228.80029296875,751.7560424804688,825.7801513671875
1790793384.9784975,0,0,825.7801513671875,1123.5216064453125,745.1760864257812,852.0997924804688
1790793384.9897046,0,0,825.7801513671875,1123.5216064453125,745.1760864257812,852.0997924804688
1790793385.0008266,0,0,888.2893676757812,1228.80029296875,778.07568359375,878.4194946289062
1790793385.0122826,0,0,791.2355346679688,912.964111328125,756.6909790039062,825.7801513671875
1790793385.023268,0,0,857.0347290039062,1123.5216064453125,750.1110229492188,878.4194946289062
1790793385.0345185,0,0,857.0347290039062,1123.5216064453125,750.1110229492188,878.4194946289062
1790793385.0459328,0,0,857.0347290039062,1123.5216064453125,750.1110229492188,878.4194946289062
1790793385.0572183,0,0,857.0347290039062,1123.5216064453125,750.1110229492188,878.4194946289062
1790793385.0687575,0,0,857.0347290039062,1123.5216064453125,750.1110229492188,878.4194946289062
1790793385.080771,0,0,857.0347290039062,1123.5216064453125,750.1110229492188,878.4194946289062
1790793385.0920482,0,0,861.9697265625,1097.201904296875,758.3359375,957.3785400390625
1790793385.103502,0,0,837.2949829101562,1070.8822021484375,748.466064453125,904.7391967773438
1790793385.1145527,0,0,820.84521484375,1097.201904296875,736.951171875,746.8211059570312
1790793385.126181,0,0,873.4845581054688,1070.8822021484375,756.6909790039062,983.6982421875
1790793385.1372142,0,0,847.1648559570312,1044.5625,710.6315307617188,931.0588989257812
1790793385.1478786,0,0,847.1648559570312,1044.5625,710.6315307617188,931.0588989257812
1790793385.159013,0,0,847.1648559570312,1044.5625,710.6315307617188,931.0588989257812
1790793385.1699543,0,0,847.1648559570312,1044.5625,710.6315307617188,931.0588989257812
1790793385.1809688,0,0,847.1648559570312,1044.5625,710.6315307617188,931.0588989257812
1790793385.192052,0,0,847.1648559570312,1044.5625,710.6315307617188,931.0588989257812
1790793385.2030532,0,0,834.0050048828125,1097.201904296875,707.341552734375,825.7801513671875
1790793385.2151258,0,0,807.6853637695312,991.9231567382812,677.7318725585938,904.7391967773438
1790793385.2268224,0,0,866.9046630859375,1044.5625,677.7318725585938,957.3785400390625
1790793385.2381659,0,0,801.1054077148438,991.9231567382812,667.8619995117188,852.0997924804688
1790793385.24954,0,0,866.9046630859375,1149.84130859375,687.601806640625,931.0588989257812
1790793385.2615976,0,0,866.9046630859375,1149.84130859375,687.601806640625,931.0588989257812
1790793385.272964,0,0,878.4194946289062,863.6146850585938,740.2411499023438,814.2652587890625
1790793385.2850263,0,0,834.0050048828125,837.2949829101562,715.5664672851562,787.945556640625
1790793385.2973561,0,0,820.84521484375,837.2949829101562,748.466064453125,840.5849609375
1790793385.3086033,0,0,880.064453125,837.2949829101562,743.5311279296875,761.6259155273438
1790793385.3199832,0,0,919.5440063476562,810.9752807617188,751.7560424804688,893.2243041992188
1790793385.3315108,0,0,919.5440063476562,810.9752807617188,751.7560424804688,893.2243041992188
1790793385.3425407,0,0,919.5440063476562,810.9752807617188,751.7560424804688,893.2243041992188
1790793385.3535814,0,0,919.5440063476562,810.9752807617188,751.7560424804688,893.2243041992188
1790793385.3652968,0,0,919.5440063476562,810.9752807617188,751.7560424804688,893.2243041992188
1790793385.3762555,0,0,919.5440063476562,810.9752807617188,751.7560424804688,893.2243041992188
1790793385.3873749,0,0,840.5849609375,745.1760864257812,736.951171875,735.3062133789062
1790793385.3984714,0,0,820.84521484375,718.8563842773438,773.1407470703125,866.9046630859375
1790793385.409876,0,0,858.6797485351562,705.6965942382812,735.3062133789062,761.6259155273438
1790793385.4210396,0,0,845.5198974609375,758.3359375,756.6909790039062,919.5440063476562
1790793385.4321208,0,0,861.9697265625,837.2949829101562,807.6853637695312,866.9046630859375
1790793385.4436028,0,0,861.9697265625,837.2949829101562,807.6853637695312,866.9046630859375
